Num_Acc;an;mois;jour;hrmn;lum;agg;int;atm;col;com;adr;gps;lat;long;dep
2,02E+11;18;1;24;1505;1;1;4;1;1;5;route des Ansereuilles;M;5055737;294992;590
2,02E+11;18;2;12;1015;1;2;7;7;7;11;Place du gйnйral de Gaul;M;5052936;293151;590
2,02E+11;18;3;4;1135;1;2;3;1;7;477;Rue  nationale;M;5051243;291714;590
2,02E+11;18;5;5;1735;1;2;1;7;3;52;30 rue Jules Guesde;M;5051974;289123;590
2,02E+11;18;6;26;1605;1;2;1;1;3;477;72 rue Victor Hugo;M;5051607;290605;590
2,02E+11;18;9;23;630;2;2;1;2;6;52;D39;M;5052132;288837;590
2,02E+11;18;9;26;40;5;2;1;1;6;133;4 route de camphin;M;5052211;296652;590
2,02E+11;18;11;30;1715;5;2;1;1;6;11;rue saint exupйry;M;5053146;293875;590
2,02E+11;18;2;18;1557;1;1;1;1;6;550;rue de l'йgalitй;M;5053707;284896;590
2,02E+11;18;3;19;1530;1;2;2;1;1;51;face au 59 rue de Lille;M;5053639;281517;590
2,02E+11;18;5;28;1830;1;2;6;1;3;51;76 route de Lille;M;5054194;281987;590
2,02E+11;18;5;31;430;5;1;6;5;6;250;RN41-D 145;M;5058465;290868;590
2,02E+11;18;6;15;845;1;1;1;1;3;257;rue delval;M;5061613;283783;590
2,02E+11;18;7;19;1022;1;2;1;1;6;51;26 rue d'estaires;M;5053196;280251;590
2,02E+11;18;10;31;1945;3;1;1;1;6;303;rue chobourdin;M;5057886;285234;590
2,02E+11;18;1;15;725;2;2;2;1;6;398;Rue Nationale;M;5051098;312175;590
2,02E+11;18;2;9;1515;1;2;1;4;6;129;rue de l'йgalitй;M;5051293;316665;590
2,02E+11;18;4;7;1145;1;2;3;1;2;71;CD 917;M;5048030;313456;590
2,02E+11;18;4;17;1610;1;1;3;7;2;197;Intersection CD 145 - Ru;M;5054792;314516;590
2,02E+11;18;5;27;1600;1;1;1;1;7;586;rue de wachemy;M;5054129;318902;590
2,02E+11;18;6;12;1745;1;2;1;1;6;34;rue de Seclin;M;5053925;307765;590
2,02E+11;18;7;12;1700;1;2;1;1;6;398;1405 route nationale;M;5050590;312429;590
2,02E+11;18;10;12;1845;2;1;1;1;3;197;PONT THIBAUT;M;5053476;310671;590
2,02E+11;18;12;5;1133;1;2;1;2;6;586;Rue Grande Campagne;M;5052832;317434;590
2,02E+11;18;2;9;1115;1;2;1;4;7;452;rue florent Evrard;M;5045918;303419;590
2,02E+11;18;4;14;1305;1;1;1;1;3;411;CD 954;M;5047812;310784;590
2,02E+11;18;3;28;1700;1;1;2;2;5;87;RD943B;M;5066745;245763;590
2,02E+11;18;6;17;1215;1;2;1;1;6;84;route d'hazebrouck;M;5069514;242763;590
2,02E+11;18;9;16;1430;1;1;1;1;7;184;RD642;M;5073020;241800;590
2,02E+11;18;1;13;1950;5;2;1;1;7;535;rue de bailleul;M;5076039;272401;590
2,02E+11;18;2;3;530;3;1;1;8;7;401;Route Dйpartementale 642;M;5073276;268824;590
2,02E+11;18;5;1;1515;1;2;1;1;6;401;6 rue nationale;M;5073981;269707;590
2,02E+11;18;7;6;1509;1;1;3;1;5;401;RD 642;M;5073351;269505;590
2,02E+11;18;2;3;745;2;1;1;1;1;268;Rue du Grand Chemin;M;5063499;273765;590
2,02E+11;18;3;16;2115;3;1;1;2;6;581;7 rue du pont de pierre;M;5071101;276577;590
2,02E+11;18;5;19;1115;1;2;1;1;3;268;rue des clinques;M;5063462;277135;590
2,02E+11;18;7;1;945;1;1;1;1;1;581;rue de la Lys;M;5066770;277069;590
2,02E+11;18;9;4;935;1;1;3;1;3;268;CD-947;M;5063753;273673;590
2,02E+11;18;10;10;700;3;1;1;5;2;268;RD 945;M;5062599;273764;590
2,02E+11;18;10;16;1130;1;2;3;1;4;581;Rue de la Lys;M;5067304;278779;590
2,02E+11;18;11;21;1215;1;2;1;1;1;268;RUE DE VERDUN;M;5063480;271447;590
2,02E+11;18;1;19;1400;1;2;1;1;7;400;ROUTE DE CAUDESCURE;M;5065537;262940;590
2,02E+11;18;7;9;730;1;1;1;7;1;293;rue du 8 mai 1945;M;5062626;255111;590
2,02E+11;18;9;29;1800;1;1;1;7;3;400;rue de maroeuil;M;5062556;262903;590
2,02E+11;18;10;28;1845;5;1;1;1;6;400;rue d'aire;M;5063912;259899;590
2,02E+11;18;10;28;20;5;1;3;8;7;400;RUE D AIRE;M;5063898;259912;590
2,02E+11;18;2;10;845;1;2;1;7;6;660;rue Jean Baptiste Lebas;M;5063272;323652;590
2,02E+11;18;11;10;1650;1;1;9;1;3;44;Rue de Saint-Amand;M;5060838;322961;590
2,02E+11;18;1;16;1215;1;2;1;1;6;523;rue du marйchal LECLERCQ;M;5060049;316554;590
2,02E+11;18;3;22;1352;1;2;1;2;1;106;rue felix dehau;M;5057565;319834;590
2,02E+11;18;8;26;1530;1;2;1;2;2;42;Rte dйpartementale;M;5053908;326460;590
2,02E+11;18;8;31;1610;1;2;3;7;3;168;Impasse du collиge;M;5057068;321425;590
2,02E+11;18;9;6;1250;1;1;6;2;3;106;D94;M;5057674;319362;590
2,02E+11;18;10;12;1730;1;2;3;1;3;168;Route de valenciennes;M;5056511;323544;590
2,02E+11;18;10;23;930;1;2;3;1;2;258;1359 Rue de Libйration;M;5053087;321930;590
2,02E+11;18;4;10;1520;1;1;1;1;2;252;105 rue de quesnoy sur d;M;5068934;296942;590
2,02E+11;18;6;2;649;2;1;1;1;7;482;868 rue de Comines;M;5072335;300707;590
2,02E+11;18;10;26;1800;2;1;1;1;3;252;Rue de Messines;M;5069979;297120;590
2,02E+11;18;11;9;1855;5;1;1;1;3;611;30 rue de Lambersart;M;5067501;300162;590
2,02E+11;18;12;17;1106;1;2;2;7;6;482;rue du marйchal Foch;M;5071292;299974;590
2,02E+11;18;1;5;1800;5;2;1;9;4;221;FACE AU 72 Rue Roger Sal;M;5032068;351840;590
2,02E+11;18;1;21;330;3;2;1;2;6;610;32 rue martin hecquet;M;5026489;347979;590
2,02E+11;18;2;2;2231;3;1;9;1;7;285;CD45;M;5024960;341413;590
2,02E+11;18;2;6;1825;3;1;1;1;1;387;D49 rue Franзois MITTERA;M;5029368;327905;590
2,02E+11;18;9;17;1430;1;1;1;1;7;38;RD 81;M;5026338;338517;590
2,02E+11;18;10;23;1845;5;1;1;1;7;313;ROUTE DЙPARTEMENTALE 630;M;5025869;334191;590
2,02E+11;18;11;30;1420;1;1;1;1;7;645;CD.148;M;5027251;325313;590
2,02E+11;18;3;2;2230;3;1;1;1;6;35;chemin de la bridoulette;M;5011192;394567;590
2,02E+11;18;3;3;1130;1;1;1;1;6;534;RD962;M;5012195;390521;590
2,02E+11;18;3;8;1330;1;1;1;3;1;134;route d'Avesnes - RD424;M;5010249;387328;590
2,02E+11;18;3;15;1340;1;2;4;2;6;233;Rue de guersignies;M;5012848;395496;590
2,02E+11;18;3;18;130;3;1;1;4;6;177;CD962;M;5012547;386769;590
2,02E+11;18;4;25;629;2;1;1;1;6;35;face au 106 route d'Etro;M;5009399;393044;590
2,02E+11;18;5;12;1800;1;2;2;1;6;241;route de chevireuil;M;5005212;387547;590
2,02E+11;18;6;15;2140;2;1;2;1;1;218;Route nationale 2;M;5006802;392867;590
2,02E+11;18;7;12;2300;5;2;1;1;6;35;route d'йtroeungt;M;5011315;393185;590
2,02E+11;18;8;25;1300;1;1;2;1;3;218;lieu dit les Quatre Mais;M;5006641;393376;590
2,02E+11;18;9;24;1720;1;2;1;1;3;134;rue des plaques;M;5006925;383768;590
2,02E+11;18;10;14;1100;1;2;1;1;2;177;route de Cartignies;M;5012217;386039;590
2,02E+11;18;11;2;1650;1;1;1;1;2;290;rd 424 ROUTE DE CARTIGN;M;5010269;387925;590
2,02E+11;18;11;16;1950;3;1;1;5;1;35;CD 951;M;5010072;397305;590
2,02E+11;18;11;23;850;1;1;2;9;3;290;Route de cartignies;M;5010887;390095;590
2,02E+11;18;11;27;2145;5;2;2;1;1;181;Mont Dourlers;M;5017510;395466;590
2,02E+11;18;4;8;600;2;2;1;1;1;249;47 rue du Maire Coppeaux;M;5001776;405349;590
2,02E+11;18;5;13;1810;1;1;1;2;6;249;102 rue d'Anor;M;5000429;405287;590
2,02E+11;18;6;3;1230;1;1;2;7;3;249;D42;M;5002882;402831;590
2,02E+11;18;7;9;45;5;2;6;1;6;249;rue marceau batteux;M;5000682;405801;590
2,02E+11;18;3;22;155;4;2;1;1;6;531;Rue Pasteur;M;5007831;352506;590
2,02E+11;18;4;17;925;1;2;1;7;6;137;17 avenue de la groise;M;5007630;365392;590
2,02E+11;18;5;30;15;4;1;6;1;7;136;D643 - rond point direct;M;5010640;353644;590
2,02E+11;18;6;12;1657;1;2;3;1;6;136;place du cdt Edou;M;5010585;354180;590
2,02E+11;18;7;5;2110;1;2;4;1;7;136;62 rue charles seydoux;M;5010650;353709;590
2,02E+11;18;7;29;345;5;2;1;1;6;55;Rue du pommereuil;M;5009996;359892;590
2,02E+11;18;8;15;1130;1;1;1;2;2;450;D959;M;5011673;364089;590
2,02E+11;18;9;27;1640;1;2;2;1;6;136;boulevard paturle;M;5010616;353586;590
2,02E+11;18;10;8;1050;1;2;1;1;6;136;38 rue faidherbe;M;5009430;354043;590
2,02E+11;18;10;21;1500;1;1;2;7;3;465;RUE DE FOREST;M;5012243;359092;590
2,02E+11;18;11;21;1840;3;1;1;1;4;55;Rue du Cateau;M;5009536;357744;590
2,02E+11;18;1;20;1300;1;2;2;2;3;139;rue de Cambrai;M;5012280;340654;590
2,02E+11;18;2;17;1220;1;2;1;1;5;243;Rue Roger Salengro;M;5013069;338400;590
2,02E+11;18;3;3;650;2;2;1;9;6;139;rue aristide briand;M;5012306;341491;590
2,02E+11;18;3;15;1825;1;2;1;1;6;139;27 rue Saint Gall;M;5011949;341533;590
2,02E+11;18;3;26;1830;1;1;2;1;3;139;RD643;M;5013282;341709;590
2,02E+11;18;4;10;1415;1;2;9;1;6;139;rue Jules Guesde;M;5012606;340715;590
2,02E+11;18;4;3;1040;1;2;1;1;2;139;rue de Saint Quentin;M;5011141;340750;590
2,02E+11;18;5;22;1315;1;2;1;1;6;139;rue stephenson;M;5012707;341769;590
2,02E+11;18;6;1;1330;1;2;6;3;3;139;rue aristide birand;M;5012199;342028;590
2,02E+11;18;6;15;45;3;1;1;1;1;321;D643;M;5011850;347853;590
2,02E+11;18;6;15;1710;1;2;2;1;4;139;Rue de la Rйpublique;M;5012748;340700;590
2,02E+11;18;9;18;530;3;1;2;1;2;139;RD643;M;5012674;344331;590
2,02E+11;18;10;5;1730;1;1;1;1;6;321;D134;M;5012805;346442;590
2,02E+11;18;11;5;1630;1;1;1;1;5;63;D643;M;5014634;335815;590
2,02E+11;18;11;27;1750;5;2;3;1;1;139;203 rue de la rйpublique;M;5013212;340264;590
2,02E+11;18;5;27;1830;1;1;3;1;1;552;CD643;M;5021603;318105;590
2,02E+11;18;5;27;1525;1;2;1;1;7;593;Sentier de la montagne;M;5020723;327766;590
2,02E+11;18;7;21;1750;1;1;1;1;6;216;RD 152;M;5022120;326042;590
2,02E+11;18;8;5;1825;1;1;1;7;6;595;CD630;M;5021577;330035;590
2,02E+11;18;8;3;330;3;2;1;1;6;322;rue clйmenceau;M;5022818;331964;590
2,02E+11;18;12;24;1800;5;2;1;1;6;422;RD 114;M;5019919;331097;590
2,02E+11;18;1;27;2315;3;1;1;2;6;438;D29;M;5014496;319800;590
2,02E+11;18;4;26;2300;3;1;1;1;6;377;D 56;M;5011780;317104;590
2,02E+11;18;7;19;1800;1;1;1;1;6;269;rue de Trescault;M;5006112;312359;590
2,02E+11;18;9;2;430;3;1;6;1;6;520;D644;M;5013358;321532;590
2,02E+11;18;1;6;1900;3;1;1;1;6;575;D40;M;5026158;349355;590
2,02E+11;18;4;12;830;1;2;3;1;1;571;rue de la cavйe;M;5018992;349469;590
2,02E+11;18;4;14;1100;1;2;1;1;1;571;rue Jules guesdes;M;5018116;349098;590
2,02E+11;18;2;22;1135;1;1;6;1;7;126;D643;M;5030458;313370;590
2,02E+11;18;3;29;1316;1;1;1;1;7;228;Dйpartementale 65;M;5032874;309514;590
2,02E+11;18;3;30;2145;5;2;3;1;3;228;RD  25A;M;5033107;308070;590
2,02E+11;18;4;22;2230;5;2;1;1;6;115;Rue de l'abbaye;M;5026735;313908;590
2,02E+11;18;6;6;940;1;1;3;1;2;26;D643;M;5027155;316014;590
2,02E+11;18;6;6;1445;1;2;1;1;7;15;rue Jacques DUCLOS;M;5027761;310820;590
2,02E+11;18;6;16;1700;1;2;1;1;2;15;40 rue de la chaussйe;M;5027459;310067;590
2,02E+11;18;6;28;1120;1;1;6;1;3;126;rd 643;M;5031633;313323;590
2,02E+11;18;8;10;2100;2;1;1;1;7;336;rue d' Ecourt;M;5027267;303702;590
2,02E+11;18;11;22;2110;3;1;4;1;3;15;Rue Salvador Allendй;M;5028442;309557;590
2,02E+11;18;2;17;1715;1;2;2;1;6;330;26 rue d'orchies;M;5047622;329660;590
2,02E+11;18;2;22;651;2;1;1;9;5;29;D549;M;5048724;320071;590
2,02E+11;18;3;3;745;1;1;1;1;2;435;CD 938;M;5050184;326769;590
2,02E+11;18;4;16;1000;1;2;3;1;3;80;RUE FIEVET;M;5044808;325992;590
2,02E+11;18;5;5;1700;1;1;2;1;3;435;CD938;M;5049726;326542;590
2,02E+11;18;5;26;1020;1;2;1;1;5;449;CD 938;M;5047741;323912;590
2,02E+11;18;6;7;715;1;1;1;1;3;158;346 route nationale;M;5046114;321157;590
2,02E+11;18;6;8;1850;1;2;1;1;3;158;CD 938;M;5045404;320258;590
2,02E+11;18;6;14;2000;2;1;1;1;7;105;Rue du Fief;M;5043629;323379;590
2,02E+11;18;7;18;2220;5;2;1;1;1;330;rue du marechal leclerc;M;5047205;329625;590
2,02E+11;18;8;11;1130;1;1;1;1;7;330;chemin de terre;M;5046814;326546;590
2,02E+11;18;8;19;725;2;1;1;1;6;29;Rue des martyrs;M;5047841;321153;590
2,02E+11;18;9;5;815;1;2;1;1;6;222;route nationale;M;5046246;313692;590
2,02E+11;18;9;30;945;1;1;2;1;3;29;D549;M;5048156;320767;590
2,02E+11;18;10;7;1610;1;1;1;1;1;158;CD430 route de l'Houssoy;M;5046247;320254;590
2,02E+11;18;10;11;1630;1;2;1;1;3;435;rue du moulin;M;5050121;324525;590
2,02E+11;18;11;17;500;5;2;1;5;7;449;CD 938;M;5048337;325573;590
2,02E+11;18;11;28;830;1;2;1;2;1;29;Rue du noir dйbout;M;5047821;320902;590
2,02E+11;18;12;27;705;2;1;1;9;7;158;rue de faches;M;5045501;319328;590
2,02E+11;18;1;8;810;2;2;1;1;6;396;rue du carniau;M;5027105;381237;590
2,02E+11;18;3;1;1415;1;2;2;4;5;441;chaussйe brunйhaut;M;5027829;376508;590
2,02E+11;18;4;10;1500;1;1;1;1;7;370;rue de mons;M;5030491;397746;590
2,02E+11;18;4;17;1910;1;2;1;1;1;53;42 rue de la gare;M;5029791;378559;590
2,02E+11;18;6;3;1130;1;1;1;1;7;548;RD 649;M;5030747;374359;590
2,02E+11;18;8;12;1315;1;2;4;1;7;548;Route Nationale;M;5030276;375372;590
2,02E+11;18;9;2;10;4;1;2;1;3;441;chemin de roisin  CD154;M;5027313;377683;590
2,02E+11;18;1;12;1425;1;2;1;1;6;619;286 Rue Berlandois;M;5025591;366747;590
2,02E+11;18;3;7;1915;5;1;1;8;6;518;52 bis rue de Sepmeries;M;5026367;358011;590
2,02E+11;18;3;18;2145;4;1;1;1;6;353;Chaussйe Brunйhaut;M;5024378;371628;590
2,02E+11;18;4;26;1915;1;2;1;1;2;265;1012 rue du cheval blanc;M;5027426;370720;590
2,02E+11;18;8;19;1115;1;2;1;1;1;57;rue des marliиres;M;5023765;358103;590
2,02E+11;18;10;10;1612;1;2;2;1;6;481;Place de la gare;M;5024921;364528;590
2,02E+11;18;2;16;1624;1;1;1;1;2;867;Autoroute A.16;M;5078079;166890;620
2,02E+11;18;3;7;1848;2;1;1;1;2;503;Autoroute A16;M;5085870;173293;620
2,02E+11;18;6;13;2235;4;1;1;1;1;125;autoroute A 16 sens Boul;M;5079876;167390;620
2,02E+11;18;8;19;1355;1;1;1;6;7;560;A16;M;5081368;169462;620
2,02E+11;18;10;11;1230;1;1;1;1;7;751;Autoroute A16 - sens Bou;M;5087298;174959;620
2,02E+11;18;12;11;1851;3;1;1;1;2;758;Autoroute A.16  sens CAL;M;5072365;164825;620
2,02E+11;18;4;15;845;1;1;2;1;3;557;d341;M;5033086;271723;620
2,02E+11;18;4;15;1225;1;1;1;1;7;371;D55;M;5038960;278041;620
2,02E+11;18;4;24;1830;1;1;6;7;3;279;Intersection D56 & D339;M;5031739;268878;620
2,02E+11;18;8;4;1730;1;1;1;1;7;861;Chemin d'Avion;M;5038573;282154;620
2,02E+11;18;8;26;630;2;1;2;1;3;589;Dйpartementale 931;M;5034506;269426;620
2,02E+11;18;8;27;745;1;2;2;1;1;609;D937;M;5034511;269430;620
2,02E+11;18;9;19;1650;1;2;3;1;3;810;RUE DE VIMY;M;5036304;277335;620
2,02E+11;18;9;25;945;1;1;1;1;7;1;RD 57;M;5039367;268420;620
2,02E+11;18;10;11;1145;1;1;2;1;3;557;D341;M;5033070;271749;620
2,02E+11;18;11;25;625;3;1;6;5;3;810;Rond point de THELUS. RN;M;5035082;278761;620
2,02E+11;18;11;27;2210;5;2;1;3;6;324;54 rue mermoz;M;5036350;281973;620
2,02E+11;18;2;16;1525;1;1;1;7;1;355;RD950;M;5033286;291567;620
2,02E+11;18;2;16;1735;1;2;1;1;2;173;ROUTE DЙPARTEMENTALE 950;M;5033859;301421;620
2,02E+11;18;3;29;1215;1;2;3;1;6;865;rue renoir;M;5033143;298359;620
2,02E+11;18;9;27;1640;1;2;3;7;3;680;D39;M;5036272;297803;620
2,02E+11;18;10;29;2020;3;1;1;1;7;825;RD 43;M;5029194;302819;620
2,02E+11;18;3;2;1500;1;1;1;4;3;89;"RD 191 Lieu dit : ""GRAND";M;5083281;165962;620
2,02E+11;18;7;28;1830;1;2;1;1;3;711;rue jules guesde;M;5080625;174816;620
2,02E+11;18;8;5;1835;1;1;2;7;3;705;RD 232 / RD 243;M;5079692;176447;620
2,02E+11;18;10;21;1730;1;1;1;1;6;54;D940;M;5084546;160550;620
2,02E+11;18;10;22;730;2;2;1;2;1;560;Rue Jean Jaurиs;M;5080841;172187;620
2,02E+11;18;11;5;1730;5;2;1;1;6;560;122 avenue Ferber;M;5081537;170179;620
2,02E+11;18;11;10;1825;5;2;9;1;3;751;84 rue de haute ville;M;5086913;174127;620
2,02E+11;18;11;24;1530;1;2;1;2;6;711;18 rue henri barbusse;M;5081389;176108;620
2,02E+11;18;4;9;1335;1;1;1;1;1;604;D940;M;5061424;163384;620
2,02E+11;18;5;4;1010;1;1;1;1;6;235;RD 52;M;5066439;165320;620
2,02E+11;18;8;15;1615;1;2;1;1;2;474;RD 901;M;5068028;163903;620
2,02E+11;18;9;15;1145;1;2;2;1;3;604;avenue de l'yser;M;5063443;160076;620
2,02E+11;18;4;18;1750;1;2;1;1;2;170;94 rue de LUCHEUX;M;5043178;267311;620
2,02E+11;18;7;13;1925;1;2;1;1;1;832;14 route de zelucq;M;5051188;169315;620
2,02E+11;18;8;24;1600;1;2;1;1;7;201;rue de l'йglise D 148E6;M;5056189;161412;620
2,02E+11;18;8;11;1115;1;1;1;1;6;354;D113;M;5056715;169832;620
2,02E+11;18;9;29;1910;2;2;3;1;3;318;avenue du vieux moulin e;M;5052133;164722;620
2,02E+11;18;11;17;1430;1;2;6;1;6;318;avenue du blanc pavй;M;5052514;162896;620
2,02E+11;18;2;4;1722;1;2;6;1;2;14;rue des alliйs;M;5063717;239036;620
2,02E+11;18;3;7;725;2;2;4;3;1;811;GRAND RUE;M;5063380;226290;620
2,02E+11;18;4;5;1300;1;2;3;1;2;14;rue de bretagne;M;5063349;240901;620
2,02E+11;18;6;10;1800;1;1;1;1;5;543;D157;M;5063531;230577;620
2,02E+11;18;6;14;815;1;2;3;1;5;811;Grande rue;M;5063797;225655;620
2,02E+11;18;6;21;1450;1;2;1;1;6;684;D943;M;5069467;235561;620
2,02E+11;18;7;9;445;2;2;1;1;1;14;Face au 97 Rue de Consta;M;5063805;241241;620
2,02E+11;18;10;17;1450;1;1;1;1;1;14;rue de monbus;M;5062565;234829;620
2,02E+11;18;10;24;1000;1;2;9;1;6;14;rue du bois;M;5063717;240934;620
2,02E+11;18;10;29;720;2;1;1;1;7;14;D192;M;5064846;236145;620
2,02E+11;18;11;16;1332;1;2;9;1;3;14;rue constantinople;M;5063675;241361;620
2,02E+11;18;11;24;530;3;2;1;3;6;14;Rue de merville;M;5064123;241237;620
2,02E+11;18;3;1;915;1;1;6;4;7;721;D940/D48;M;5017290;163644;800
2,02E+11;18;4;11;1545;1;2;1;1;2;603;R D'ARREST;M;5010796;161532;800
2,02E+11;18;6;7;1740;1;2;1;1;6;345;16 R DU MESNIL;M;5009610;164159;800
2,02E+11;18;6;10;1850;1;2;1;1;3;618;R DU GENERAL DE GAULLE;M;5017596;157859;800
2,02E+11;18;6;25;2140;2;1;1;1;7;464;RTE DE PENDE;M;5016059;156019;800
2,02E+11;18;7;16;2030;1;2;1;1;3;182;R DU MARECHAL FOCH;M;5017914;149319;800
2,02E+11;18;8;1;1900;1;1;2;7;3;775;D925 / D48;M;5007682;161003;800
2,02E+11;18;8;14;1230;1;1;1;1;1;29;R DE CATIGNY;M;5014203;161346;800
2,02E+11;18;10;4;1745;1;1;1;1;5;826;D940;M;5013038;150174;800
2,02E+11;18;10;14;1345;1;2;1;1;6;29;8 BIS  R DE CATIGNY;M;5012909;161633;800
2,02E+11;18;11;3;1720;2;2;1;1;1;556;R DE QUESNOY;M;5011688;165599;800
2,02E+11;18;1;2;1640;2;1;1;3;1;16;D929;M;5000804;267079;800
2,02E+11;18;3;31;1115;1;1;1;1;5;16;R DU 11 NOVEMBRE;M;4999609;266388;800
2,02E+11;18;6;3;645;1;2;1;1;6;16;R DE BIRMINGHAM;M;5000375;264871;800
2,02E+11;18;7;7;625;2;2;1;1;7;753;RTE DE ST PIERRE DIVION;M;5006713;267660;800
2,02E+11;18;7;23;1123;1;2;1;1;1;640;116  RTE DE BAPAUME;M;5003975;272710;800
2,02E+11;18;1;25;945;1;1;1;2;1;553;route dйpartementale 966;M;4959855;404784;20
2,02E+11;18;4;3;1910;1;1;1;3;3;309;RD 1044 - PR 78+ 897;M;4952564;375462;20
2,02E+11;18;4;24;745;1;1;1;1;5;309;D1044;M;4952690;375523;20
2,02E+11;18;8;25;2035;2;2;1;1;6;697;Lieu dit Etrepoix;M;4960686;373228;20
2,02E+11;18;10;19;700;2;1;1;5;6;309;RD 1044;M;4951989;375201;20
2,02E+11;18;11;23;1650;2;1;1;1;7;13;D89: PK13+515;M;4947916;391670;20
2,02E+11;18;12;7;800;1;1;4;2;1;218;Dйpartementale 25 / Dйpa;M;4954384;376781;20
2,02E+11;18;1;10;1210;1;1;1;2;1;596;RD 82;M;4896681;328306;20
2,02E+11;18;4;15;1434;1;1;1;1;7;186;D86;M;4898667;335821;20
2,02E+11;18;4;17;1926;1;1;1;1;7;84;route de nanteuil;M;4900594;322624;20
2,02E+11;18;4;21;1925;1;2;1;1;7;701;153 route nationale;M;4897518;330591;20
2,02E+11;18;5;2;1123;1;1;2;1;1;798;D 933;M;4889759;340623;20
2,02E+11;18;6;5;1800;1;1;2;8;3;443;Intersection D1003/D82;M;4904437;327758;20
2,02E+11;18;7;8;630;1;2;1;1;6;555;43 Bis Rue Ernest Vallйe;M;4896499;331876;20
2,02E+11;18;9;26;1944;2;1;1;1;7;505;Les chaillots;M;4893633;342007;20
2,02E+11;18;9;27;1330;1;1;1;1;7;555;D11;M;4895005;332989;20
2,02E+11;18;9;27;1345;1;1;1;1;6;505;lieu dit Pertibout;M;4894573;345987;20
2,02E+11;18;10;2;2040;3;1;1;2;1;555;Rue de la Ferotterie;M;4896244;333051;20
2,02E+11;18;10;4;1630;1;1;1;1;1;186;D15;M;4899086;337105;20
2,02E+11;18;10;17;1945;3;1;1;1;2;281;PK 5 + 920;M;4889540;344769;20
2,02E+11;18;1;10;1940;5;2;2;1;3;381;Rue Charles de Gaulle;M;4992110;408369;20
2,02E+11;18;3;25;1300;1;2;2;7;3;381;rue du 8 mai 1945;M;4992433;407923;20
2,02E+11;18;5;3;1640;1;2;6;1;3;381;Avenue de Verdun;M;4990960;409055;20
2,02E+11;18;6;3;1050;1;1;4;1;2;495;RD 1043 PK 20+ 900;M;4995690;403659;20
2,02E+11;18;6;8;925;1;2;1;1;6;684;Rue du Gйneral LECLERC;M;4992216;414037;20
2,02E+11;18;7;24;1855;1;2;1;1;2;544;28 rue du baty;M;4993371;403134;20
2,02E+11;18;8;12;1927;1;1;2;1;3;833;RD 1043;M;4996369;398645;20
2,02E+11;18;10;4;1815;1;2;1;1;1;495;rue Marius Alliaume;M;4997416;407158;20
2,02E+11;18;11;23;1000;1;2;1;1;6;684;43 RUE DE LA ROCHE;M;4992529;413344;20
2,02E+11;18;1;12;1730;2;2;3;1;3;644;Route   Nationale;M;4928661;181959;600
2,02E+11;18;1;11;1825;2;1;2;1;3;89;D  153;M;4921959;188401;600
2,02E+11;18;1;21;1500;1;1;3;2;3;89;RD915;M;4920627;186188;600
2,02E+11;18;2;16;600;3;1;1;1;6;90;RD 915;M;4917391;191236;600
2,02E+11;18;11;21;1005;1;1;1;7;1;97;RD 153;M;4931125;188599;600
2,02E+11;18;12;9;1820;3;1;2;2;3;322;D981;M;4930473;186803;600
2,02E+11;18;1;27;730;2;1;1;8;6;65;rue du moulin de Conflan;M;4933984;221013;600
2,02E+11;18;5;3;1730;1;1;1;1;7;135;CD 44;M;4930783;223766;600
2,02E+11;18;7;4;1650;1;1;1;1;6;462;RD 1001;M;4933690;219672;600
2,02E+11;18;7;11;1630;1;1;1;1;1;469;D1001;M;4926493;220385;600
2,02E+11;18;7;17;1730;1;2;1;1;3;462;rue de Calais;M;4933312;219883;600
2,02E+11;18;7;22;1845;1;1;3;1;3;575;ROUTE DEPARTEMENTALE 100;M;4930050;219718;600
2,02E+11;18;9;14;830;1;2;1;1;7;65;RUE DE HERMES;M;4935144;223596;600
2,02E+11;18;10;3;1240;1;2;1;1;1;685;;M;4936378;221636;600
2,02E+11;18;7;7;1830;1;1;1;1;7;524;RD1016;M;4934335;243335;600