Num_Acc;an;mois;jour;hrmn;lum;agg;int;atm;col;com;adr;gps;lat;long;dep
2,02E+11;18;6;18;1710;1;2;3;1;3;53;JOURDAN ( AVENUE LOUIS);M;4620370;521876;10
2,02E+11;18;6;29;1955;1;1;2;1;3;451;MEILLONNAS ( CHEMIN DE );M;4623919;526977;10
2,02E+11;18;7;7;39;5;2;9;1;7;289;CROIX (CHEMIN DE LA);M;4617000;519800;10
2,02E+11;18;7;10;1600;1;1;1;1;6;289;CHARTREUSE (RUE DE LA) I;M;4617852;522125;10
2,02E+11;18;7;25;1155;1;1;2;1;3;289;LENT (ROUTE DE);M;4616488;522071;10
2,02E+11;18;8;9;1501;1;1;1;2;1;451;MARBOZ RD 996 ( ROUTE DE;M;4623110;522974;10
2,02E+11;18;8;18;2210;5;2;2;1;3;53;HERRIOT ( BOULEVARD EDOU;M;4620968;522747;10
2,02E+11;18;8;23;1245;1;2;4;1;3;53;LYON (AVENUE DE - Nш IMP;M;4619528;521504;10
2,02E+11;18;8;28;2055;5;2;5;1;3;53;MERCIER (AVENUE AMEDEE D;M;4620358;524248;10
2,02E+11;18;9;16;1105;1;2;1;1;3;53;MAGINOT AVENUE ) DE 43 A;M;4621438;522736;10
2,02E+11;18;9;20;805;1;2;1;1;5;53;JAURES (AVENUE JEAN - CO;M;4619829;521740;10
2,02E+11;18;9;21;1035;1;2;9;1;6;53;BROU ( BD N68 A 182 PAI;M;4620115;523233;10
2,02E+11;18;9;20;1640;1;2;1;1;6;53;Avenue de Lyon;M;4619249;521270;10
2,02E+11;18;9;27;1030;1;2;9;1;6;53;MERCIER (Avenue Amйdйe);M;4620220;524600;10
2,02E+11;18;10;1;1205;1;2;1;2;3;451;MARBOZ RD 996 ( ROUTE DE;M;4623578;522851;10
2,02E+11;18;10;27;1715;1;2;3;2;4;53;BROU ( BD Nш68 A 182 PAI;M;4620096;523260;10
2,02E+11;18;10;30;450;5;2;9;4;2;53;STRASBOURG ( ROND POINT);M;4622070;524900;10
2,02E+11;18;10;29;1445;1;2;1;2;3;53;VICTOIRE (AVENUE DE LA );M;4620253;521757;10
2,02E+11;18;11;8;840;2;1;3;5;3;344;DOMBES (AVENUE DE LA);M;4619000;519600;10
2,02E+11;18;11;15;1540;1;2;1;1;6;53;MAIL (AVENUE DU );M;4620250;521642;10
2,02E+11;18;11;23;1900;5;2;1;3;2;53;CRETES DU REVERMONT (BOU;M;4522400;523300;10
2,02E+11;18;11;28;1810;5;2;1;1;6;53;MAGINOT AVENUE ) DE 43 A;M;4621097;522747;10
2,02E+11;18;11;29;2050;5;2;2;1;1;53;MERCIER (AVENUE AMEDEE D;M;4620358;524254;10
2,02E+11;18;12;1;2055;5;1;2;2;3;289;FORET DE SEILLON ( ROUTE;M;4616483;522068;10
2,02E+11;18;1;17;1310;1;2;7;1;3;74;les champs chalaines;M;4856858;-15275;610
2,02E+11;18;2;21;1300;1;1;1;1;6;433;RD26  PK012+050;M;4853789;5659;610
2,02E+11;18;6;21;1215;1;1;3;1;6;213;intersection RN 12/ RD 9;M;4847319;-13074;610
2,02E+11;18;7;7;2330;3;1;1;1;6;382;LA SALERIE;M;4844328;-4673;610
2,02E+11;18;8;14;1115;1;2;1;1;6;165;rue de la potйe;M;4841606;-2783;610
2,02E+11;18;8;28;45;4;2;1;1;6;424;RD 909;M;4854714;-13718;610
2,02E+11;18;9;24;800;1;2;2;1;3;234;"Lieu-dit ""Le Clos""";M;4845431;3855;610
2,02E+11;18;10;25;700;3;1;1;5;1;209;la vallйe;M;4858531;-26589;610
2,02E+11;18;1;19;1610;1;2;1;1;6;172;86 Route de Paris;M;4727010;-147893;440
2,02E+11;18;2;23;745;2;2;6;1;3;204;rue de Nantes;M;4726468;-144397;440
2,02E+11;18;3;21;843;1;2;6;1;6;172;RUE DE LA BOUGRIERE;M;4725743;-147375;440
2,02E+11;18;5;24;1250;1;2;6;1;3;204;Rond-point Charles de Ga;M;4726236;-144662;440
2,02E+11;18;5;26;820;1;2;1;1;7;204;82 rue de Bellevue;M;4727979;-143331;440
2,02E+11;18;6;3;630;5;2;1;1;7;204;rue de Nantes;M;4726093;-144843;440
2,02E+11;18;6;30;1410;1;2;1;1;6;204;rue de la Maurienne;M;4727555;-143996;440
2,02E+11;18;4;23;1130;1;2;1;1;2;26;7 RUE DU CHATEAU DE BEL;M;4727277;-148936;440
2,02E+11;18;9;18;1215;1;2;9;1;3;26;Rue Lйonard de Vinci;M;4729986;-149973;440
2,02E+11;18;10;22;1100;1;2;1;1;6;26;10 rue du 9 aout 1944;M;4729732;-149257;440
2,02E+11;18;1;6;2220;5;2;1;1;7;215;route des Soriniиres;M;4716526;-148416;440
2,02E+11;18;1;20;700;5;2;2;3;3;198;RD115/RD137 La dйsirйe;M;4714030;-152100;440
2,02E+11;18;3;28;2010;1;2;1;1;6;198;28  rue du champs de foi;M;4713696;-153162;440
2,02E+11;18;8;14;1900;1;1;1;1;7;37;chantegrolle;M;4713504;-144095;440
2,02E+11;18;9;24;1100;1;2;6;1;2;215;rond point du bignonnet;M;4717119;-146845;440
2,02E+11;18;10;20;2200;3;1;1;1;6;215;A83;M;4715986;-151307;440
2,02E+11;18;1;23;1915;3;1;1;2;7;110;Lieu dit la Provestiиre;M;4745173;-156734;440
2,02E+11;18;2;27;1600;1;1;1;1;6;73;;M;4745463;-168173;440
2,02E+11;18;3;15;2215;3;1;2;1;3;73;Lieu-dit la Verdiniиre;M;4741117;-161023;440
2,02E+11;18;5;6;1945;1;1;1;1;5;26;RD178;M;4730803;-148004;440
2,02E+11;18;4;26;1930;2;1;1;1;3;110;Rue des Fresnes;M;4742778;-151643;440
2,02E+11;18;8;14;1855;1;2;1;1;3;110;Rue St Georges;M;4744015;-149012;440
2,02E+11;18;8;16;1220;1;2;1;1;2;110;rue saint georges;M;4744015;-149012;440
2,02E+11;18;11;5;1650;1;2;1;1;1;205;rue du calvaire;M;4744049;-142286;440
2,02E+11;18;11;10;1950;3;1;1;2;5;110;Lieu-dit Le Pont du Ples;M;4743179;-153044;440
2,02E+11;18;11;17;1840;5;2;1;2;6;73;rue de la Rйpublique;M;4741425;-165158;440
2,02E+11;18;12;4;630;3;1;1;8;6;110;CD 16 LEPONT DU PLESSIS;M;4743187;-152954;440
2,02E+11;18;12;17;825;1;1;1;1;2;179;D9 le Bois Semй;M;4733620;-145278;440
2,02E+11;18;5;12;314;3;1;9;2;6;194;RN 444;M;4725658;-168426;440
2,02E+11;18;5;25;2200;2;2;6;1;3;47;quai Jean Pierre Fougera;M;4720910;-172674;440
2,02E+11;18;8;3;2155;2;1;1;1;2;47;RN444;M;4723974;-166519;440
2,02E+11;18;9;5;1855;1;2;2;1;3;47;rue niescierewicz;M;4721151;-171321;440
2,02E+11;18;9;9;1240;1;2;1;1;6;47;1 Boulevard de la libйra;M;4721567;-167950;440
2,02E+11;18;1;6;25;3;1;1;2;6;210;ZAC du Grand Large;M;4730414;-221155;440
2,02E+11;18;1;8;1520;1;1;8;1;3;52;CD90;M;4732713;-202391;440
2,02E+11;18;1;11;510;3;1;1;1;5;52;La Duchйe  PK29.800;M;4736428;-209993;440
2,02E+11;18;1;21;1841;5;2;1;1;6;210;Rue de la Mairie;M;4731761;-218854;440
2,02E+11;18;2;8;850;1;2;1;1;6;176;rue Jean Macй;M;4735232;-217939;440
2,02E+11;18;3;6;1415;1;2;2;1;3;210;Rue marcel sambat;M;4731738;-218938;440
2,02E+11;18;6;3;415;5;1;1;1;2;103;RD 213 - PONT DE ST NAZA;M;4727602;-216438;440
2,02E+11;18;6;7;1445;1;1;1;1;5;103;RD213;M;4730117;-217976;440
2,02E+11;18;9;27;1205;1;2;1;1;3;176;130 rue du Pin;M;4734103;-217357;440
2,02E+11;18;11;26;1910;3;1;1;1;1;103;rue de la Chalandiиre;M;4732706;-217241;440
2,02E+11;18;2;21;825;1;2;1;1;1;195;rue du marйchal juin;M;4736234;-194441;440
2,02E+11;18;3;13;835;1;2;2;1;3;195;rue des fauvettes;M;4736534;-193632;440
2,02E+11;18;5;4;1538;1;2;2;1;3;89;14 rue de la merlerie;M;4735536;-186198;440
2,02E+11;18;6;23;50;3;1;1;1;6;195;Le bois bedeau;M;4735147;-193293;440
2,02E+11;18;7;23;800;1;1;1;7;1;19;le croisac;M;4732407;-187807;440
2,02E+11;18;8;1;843;1;2;9;1;3;195;ROUTE DE LA CHAPELLE;M;4736395;-195853;440
2,02E+11;18;9;19;1400;1;1;2;1;3;137;carrefour - rue de caudr;M;4737307;-201883;440
2,02E+11;18;10;10;945;1;2;1;1;2;195;10 rue laennec;M;4735589;-194315;440
2,02E+11;18;10;20;900;1;1;1;1;3;195;LA VILLE EN TERRE;M;4735598;-191535;440
2,02E+11;18;11;18;745;2;1;1;1;6;33;route de la briere;M;4736357;-196208;440
2,02E+11;18;12;30;2217;5;2;1;1;6;80;5 rue des carriиres;M;4730601;-196863;440
2,02E+11;18;1;5;2015;3;2;1;2;6;20;avenue prosper guilhem;M;4746948;-61525;490
2,02E+11;18;2;3;2010;3;1;1;2;1;306;RD 723;M;4743836;-69890;490
2,02E+11;18;9;29;1015;1;1;1;1;7;20;D523;M;4746428;-63657;490
2,02E+11;18;10;4;1840;2;1;1;7;1;289;lieu-dit Le Sauloup;M;4746305;-68334;490
2,02E+11;18;10;13;610;3;2;1;1;6;20;lieu-dit les cinq routes;M;4748505;-64360;490
2,02E+11;18;12;7;1500;1;1;1;3;1;289;D963;M;4746958;-68699;490
2,02E+11;18;12;16;1550;1;2;6;2;7;20;D102E;M;4746786;-62031;490
2,02E+11;18;1;12;1645;1;1;1;1;7;194;D55;M;4744823;-28346;490
2,02E+11;18;2;9;300;3;2;1;1;7;194;Rue du petit paris;M;4745924;-27697;490
2,02E+11;18;3;3;1910;5;2;2;1;3;194;route de fayet;M;4745773;-26293;490
2,02E+11;18;5;10;320;4;2;1;1;6;194;10 rue chevreul;M;4745749;-26670;490
2,02E+11;18;8;16;1130;1;2;3;1;3;194;RUE PRINCIPALE а MAZE;M;4746082;-28575;490
2,02E+11;18;8;25;300;3;1;1;1;1;21;Chemin du Gasseau;M;4741961;-19770;490
2,02E+11;18;10;31;1715;1;1;6;2;3;194;RD 347;M;4745398;-27636;490
2,02E+11;18;12;23;1155;1;1;2;2;3;194;route de seiches;M;4747050;-28296;490
2,02E+11;18;3;15;2000;3;1;1;1;3;243;Lieu-dit La Saraziniиre;M;4722074;-93093;490
2,02E+11;18;4;25;1545;1;1;1;1;1;23;D756;M;4720676;-96834;490
2,02E+11;18;5;10;450;5;2;1;1;6;162;46 rue Henri IV;M;4719596;-86363;490
2,02E+11;18;6;20;1515;1;2;1;1;3;23;69 rue de la Lime;M;4720873;-99679;490
2,02E+11;18;7;15;2000;1;2;1;1;1;23;rue des mauges;M;4720092;-99453;490
2,02E+11;18;9;21;600;3;1;1;3;7;23;D752-Beauprйau;M;4721543;-99246;490
2,02E+11;18;10;14;1845;2;1;1;2;7;23;route de Neuvy en Mauges;M;4726165;-82283;490
2,02E+11;18;10;23;1720;1;1;1;1;7;23;lieu dit les diderais AN;M;4721271;-98347;490
2,02E+11;18;10;28;1300;1;2;1;1;7;165;rue de la gourgouliиre -;M;4717443;-89088;490
2,02E+11;18;11;12;740;2;2;1;2;6;23;rue d'Anjou - GESTЙ;M;4718003;-110823;490
2,02E+11;18;1;18;855;2;2;9;3;6;193;rue du parc;M;4713921;-89529;490
2,02E+11;18;3;25;1820;1;1;1;1;7;269;Lieu-dit marchesseau;M;4700458;-95546;490
2,02E+11;18;5;26;1935;1;1;1;1;3;301;"Lieu dit ""Les Lilas""  ro";M;4713608;-100743;490
2,02E+11;18;5;26;2245;4;2;4;1;6;260;rue de beausйjour;M;4705845;-102574;490
2,02E+11;18;5;29;1840;1;2;1;1;6;260;rue nationale;M;4706043;-102020;490
2,02E+11;18;6;17;1525;1;2;6;1;7;260;Rond point de La Peltiиr;M;4705918;-101095;490
2,02E+11;18;6;19;800;1;1;9;5;1;299;route de l'aйrodrome;M;4709298;-87323;490
2,02E+11;18;7;4;745;1;1;1;1;7;350;les barbelingиres;M;4705462;-108753;490
2,02E+11;18;8;26;1800;1;2;1;1;6;299;44 rue de l'йtoile;M;4709524;-90225;490
2,02E+11;18;9;1;655;1;2;3;1;3;301;rue de la lиche - LE LON;M;4701904;-106564;490
2,02E+11;18;9;8;550;3;1;1;1;6;332;rd63;M;4710113;-94736;490
2,02E+11;18;10;22;1130;1;1;1;1;3;332;La Pйtonniиre;M;4707966;-97928;490
2,02E+11;18;11;2;950;1;1;3;1;3;193;Lieu-dit la mercerie  dй;M;4715789;-89452;490
2,02E+11;18;11;21;1712;1;1;3;1;6;301;D224  Sens TILLIERES;M;4713590;-114780;490
2,02E+11;18;11;23;1720;1;1;2;2;3;301;Lieu dit le chкne aux lo;M;4713145;-108323;490
2,02E+11;18;5;1;710;2;1;1;1;7;1;les roseraies;M;4802510;-92117;530
2,02E+11;18;8;11;1700;1;1;2;1;3;1;D771;M;4798918;-85396;530
2,02E+11;18;9;29;430;3;1;1;1;6;82;les pommiers;M;4798385;-88876;530
2,02E+11;18;1;12;1435;1;2;6;1;3;283;28  DORTAN (ROUTE DE);M;4600000;500000;10
2,02E+11;18;1;17;1930;5;2;2;8;3;283;NORMANDIE NIEMEN (AVENUE;M;4625797;564369;10
2,02E+11;18;2;9;140;5;2;1;9;6;283;1  FLAUBERT (IMPASSE);M;4626092;563834;10
2,02E+11;18;2;23;740;2;2;1;1;6;31;10  HOTEL DE VILLE ( PLA;M;4624209;562904;10
2,02E+11;18;3;8;1046;1;2;1;1;6;283;114  VERDUN (COURS DE DU;M;4625798;564573;10
2,02E+11;18;3;4;710;2;2;1;8;7;14;GENERAL ANDREA (RUE);M;4629196;567706;10
2,02E+11;18;3;16;830;1;2;1;8;2;283;12  CLEMENCEAU (RUE G. D;M;4625583;565099;10
2,02E+11;18;3;20;756;1;2;1;1;3;283;SAMOGNAT (ROUTE DE );M;4626510;561769;10
2,02E+11;18;4;8;1620;1;2;2;1;3;283;CARREFOUR RUE NICOD-C. D;M;4626367;565116;10
2,02E+11;18;4;21;335;5;2;2;1;3;283;VERDUN (COURS DE DU 1-2;M;4624830;564111;10
2,02E+11;18;5;4;1055;1;2;1;1;6;283;MICHELET (RUE DU 40-27 A;M;4626258;564704;10
2,02E+11;18;3;24;1945;5;2;1;1;6;283;5  TULIPES (RUE DES);M;4624405;564616;10
2,02E+11;18;5;26;2130;5;2;1;1;6;14;GENERAL ANDREA (AVENUE);M;4628903;567809;10
2,02E+11;18;5;18;1850;1;2;2;1;3;283;VERDUN (COURS DE DU 59-8;M;4625893;564660;10
2,02E+11;18;5;31;1300;1;1;1;8;6;283;ECHALLON (RUE D');M;4625416;570323;10
2,02E+11;18;6;21;1800;1;1;1;1;2;14;RD 31;M;4628092;566105;10
2,02E+11;18;6;19;825;1;2;2;1;6;283;MICHELET (RUE DU 40-27 A;M;4626303;564461;10
2,02E+11;18;6;26;1825;2;2;6;1;6;283;NICOD (RUE DU 0 AU 20-41;M;4626037;565791;10
2,02E+11;18;7;3;810;1;1;1;1;5;283;OYONNAX (ROUTE D');M;4626482;563081;10
2,02E+11;18;7;5;1821;1;1;1;1;4;31;CASTELLION (RUE);M;4623245;563143;10
2,02E+11;18;7;15;1910;1;2;9;1;3;283;FRANCE (RUE A. DU 1-5 ET;M;4625644;565500;10
2,02E+11;18;8;5;419;5;2;1;1;6;283;VAUGELAS (RUE PAS DE Nш;M;4626550;565790;10
2,02E+11;18;8;26;1355;1;2;3;1;3;283;CAPITAINE MONTREAL;M;4626095;564342;10
2,02E+11;18;8;30;425;3;1;1;1;7;31;RD 984 D;M;4623225;563091;10
2,02E+11;18;9;19;1855;2;2;6;1;3;283;QUARTIER VEYZIAT;M;4626183;563284;10
2,02E+11;18;10;22;1200;1;2;3;1;1;283;DIX NEUF MARS 1962 (RUE;M;4625573;564965;10
2,02E+11;18;10;26;1650;1;2;1;1;6;283;CHEMIN DE FER (RUE DU);M;4625620;565030;10
2,02E+11;18;10;26;1545;1;2;3;1;6;283;VAILLANT COUTURIER (PLAC;M;4625953;565397;10
2,02E+11;18;10;25;745;2;2;6;1;3;283;DORTAN (ROUTE DE);M;4626760;565996;10
2,02E+11;18;12;21;1751;5;2;1;3;6;283;JAURES(AVENUE JEAN);M;4625818;565445;10
2,02E+11;18;12;28;1900;4;2;3;1;6;283;HUGO (VICTOR);M;4625814;565456;10
2,02E+11;18;1;2;835;2;2;6;2;3;154;bd du quebec;M;4770708;-8323;720
2,02E+11;18;1;2;1250;1;2;6;2;2;154;rond point du Lidl;M;4770170;-6082;720
2,02E+11;18;1;29;745;2;2;1;1;3;185;rue de la soulle;M;4771622;1541;720
2,02E+11;18;4;17;1115;1;2;1;1;6;154;rue du Docteur LHOSTE;M;4769931;-7775;720
2,02E+11;18;5;15;1505;1;1;1;1;3;61;La marcaiserie;M;4772783;-26890;720
2,02E+11;18;5;25;30;3;1;1;1;6;154;la mignonniиre;M;4768926;-6464;720
2,02E+11;18;5;25;1730;1;1;1;1;1;154;Route des mollans VC n°4;M;4770233;-9877;720
2,02E+11;18;6;15;1830;1;2;1;1;3;154;avenue louis godineau;M;4770636;-8229;720
2,02E+11;18;6;23;1505;1;1;1;1;3;154;Route Nationale 306 Rout;M;4772601;-11064;720
2,02E+11;18;7;1;1310;1;1;1;7;7;185;Lieu dit Le plessis;M;4771312;-436;720
2,02E+11;18;8;10;1740;1;2;1;1;2;154;Place de la libйration;M;4769873;-7811;720
2,02E+11;18;8;15;1805;1;1;1;1;7;84;CD 323 entrйe agglomйrat;M;4771595;-1857;720
2,02E+11;18;8;30;1720;1;2;1;1;1;154;D104A;M;4764193;-2248;720
2,02E+11;18;8;30;1730;1;1;1;1;7;61;les daguenettiиres;M;4773756;-26234;720
2,02E+11;18;9;13;1835;1;2;6;1;3;154;D100B rue de Montafoin;M;4771510;-8548;720
2,02E+11;18;9;19;1240;1;1;1;1;6;154;route d'angers - d323;M;4769793;-8114;720
2,02E+11;18;10;5;2000;2;2;1;1;1;154;Rue Leo Delibes;M;4771188;-6431;720
2,02E+11;18;10;6;1700;1;2;1;3;6;154;Avenue de verdun;M;4769737;-9003;720
2,02E+11;18;10;26;1220;1;2;1;1;3;154;1 rue des frиres chappes;M;4770992;-10383;720
2,02E+11;18;10;29;750;1;2;1;2;1;154;grande rue;M;4769950;-7231;720
2,02E+11;18;12;10;1845;3;1;1;1;6;154;La route Coupйe;M;4768769;1000;720
2,02E+11;18;3;16;1700;1;1;1;1;2;106;Route dйpartementale n°2;M;4780557;-31601;720
2,02E+11;18;3;31;1000;1;2;1;1;1;244;Intersection rue Emile P;M;4776387;-31968;720
2,02E+11;18;4;14;1330;1;1;1;2;7;244;d18 PR 4+0.50;M;4775702;-37066;720
2,02E+11;18;7;9;1100;1;1;8;1;3;264;passage de la bosse;M;4785172;-39463;720
2,02E+11;18;10;11;1220;1;2;1;1;2;264;rue du Mans;M;4783882;-30720;720
2,02E+11;18;10;11;1700;2;2;1;2;1;167;RUE PRINCIPALE D306 PR 4;M;4779305;-25346;720
2,02E+11;18;10;31;1900;5;1;1;2;6;264;RUE DU CLOS DU BOIS;M;4782620;-31755;720
2,02E+11;18;11;30;1300;1;1;1;1;7;264;Rue St Nicolas;M;4783488;-32093;720
2,02E+11;18;11;30;1600;1;1;1;1;7;16;RD24;M;4788127;-34400;720
2,02E+11;18;11;30;1810;3;1;1;2;6;336;D309;M;4828395;268236;720
2,02E+11;18;12;29;200;4;1;1;1;7;232;D135;M;4771986;-33969;720
2,02E+11;18;8;8;1825;1;1;9;1;3;288;Rue de la Mine;M;4645154;-169251;850
2,02E+11;18;10;29;1030;1;1;1;1;6;300;LA LANDETTE;M;4664914;-151253;850
2,02E+11;18;1;31;945;1;1;6;2;7;302;Giratoire D960T;M;4697531;-96719;850
2,02E+11;18;2;25;2215;3;1;1;1;7;302;RD 111;M;4697280;-102133;850
2,02E+11;18;3;5;1905;3;1;1;2;1;48;BEL AIR;M;4693218;-98970;850
2,02E+11;18;3;29;1300;1;1;6;3;1;302;Rd-Pt Rue Renй Pasteur;M;4694674;-97978;850
2,02E+11;18;4;13;1610;1;1;6;1;3;97;LES GATS;M;4693695;-107687;850
2,02E+11;18;6;9;820;1;1;1;1;3;198;La Martiniиre;M;4699628;-100478;850
2,02E+11;18;6;13;1930;1;1;1;1;7;247;La Rocheverbois;M;4696074;-105972;850
2,02E+11;18;7;1;50;3;1;1;1;6;302;;M;4697329;-102201;850
2,02E+11;18;8;10;1700;1;1;1;1;6;198;;M;4699225;-105295;850
2,02E+11;18;9;22;300;3;1;1;1;7;39;D753;M;4701130;-112512;850
2,02E+11;18;10;13;1820;1;1;1;7;2;97;;M;4693427;-105624;850
2,02E+11;18;11;21;1030;1;2;6;7;3;151;Place du Docteur Pichat;M;4699294;-95082;850
2,02E+11;18;11;27;545;3;1;1;1;1;302;PONNEAU;M;4696086;-100295;850
2,02E+11;18;2;6;415;4;1;3;4;6;208;SAINT-DENIS-LES-LUCS;M;4683601;-142192;850
2,02E+11;18;2;21;955;1;1;1;1;7;279;Les Bruyиres;M;4680439;-138503;850
2,02E+11;18;2;25;1145;1;1;1;1;1;155;;M;4672748;-144158;850
2,02E+11;18;4;14;1430;1;1;1;1;1;178;;M;4675808;-147656;850
2,02E+11;18;5;3;745;2;1;1;1;1;3;Les Petites Blussiиres;M;4672764;-157344;850
2,02E+11;18;5;11;1325;1;1;1;1;6;208;D 763;M;4684526;-141587;850
2,02E+11;18;6;21;945;1;1;1;1;2;155;Sens MONTAIGU-LRY;M;4671044;-142971;850
2,02E+11;18;6;20;1815;1;1;1;1;2;15;Le Bois Barbot;M;4681715;-156065;850
2,02E+11;18;6;29;1445;1;2;1;1;1;19;Boulevard Andre Malraux;M;4677837;-142193;850
2,02E+11;18;7;29;1200;1;1;1;1;1;178;Les Landes;M;4675623;-154662;850
2,02E+11;18;8;28;1930;1;2;1;1;2;178;Rue de la Colonne;M;4676800;-150990;850
2,02E+11;18;9;12;800;1;1;1;1;2;300;LA POTERIE;M;4671127;-152636;850
2,02E+11;18;9;28;1815;1;1;1;1;1;178;La Maumerniиre;M;4678858;-150317;850
2,02E+11;18;10;28;430;3;1;1;1;6;178;La Tenaillиre;M;4678454;-156766;850
2,02E+11;18;11;8;2038;3;1;1;1;3;98;le Beziais;M;4671072;-147821;850
2,02E+11;18;12;10;1820;3;1;1;1;5;178;La Raybaudiиre;M;4674522;-148486;850
2,02E+11;18;12;20;1730;2;2;8;2;6;178;Bd des deux moulins;M;4677157;-150741;850
2,02E+11;18;2;3;45;3;2;1;2;7;167;19 rue de la Pointe;M;4647915;-78070;850
2,02E+11;18;2;22;1555;1;2;3;1;3;92;Rue Georges Clйmenceau;M;4646657;-80744;850
2,02E+11;18;3;23;1650;1;1;1;8;5;91;;M;4642883;-83503;850
2,02E+11;18;4;16;1930;1;1;3;1;3;126;LE GRONDARD;M;4646946;-87665;850
2,02E+11;18;4;22;1530;1;1;1;1;7;227;BONNEUIL;M;4646128;-65559;850
2,02E+11;18;4;27;2250;4;2;1;1;1;20;Route de NIORT;M;4637253;-58220;850
2,02E+11;18;4;19;1645;1;1;1;1;1;126;"lieu dit la ""La Cintrйe""";M;4647251;-86099;850
2,02E+11;18;6;15;2250;3;1;1;1;7;20;;M;4636925;-57247;850
2,02E+11;18;9;8;320;3;1;1;1;1;92;MICHETTERIE;M;4644397;-77926;850
2,02E+11;18;9;14;1652;1;1;1;1;2;44;LE CHIRON BAUDET;M;4641028;-85739;850
2,02E+11;18;10;27;1820;2;2;3;1;6;80;RUE DE FONTENAY;M;4642549;-82765;850
2,02E+11;18;11;7;950;1;1;6;2;6;92;;M;4644856;-78765;850
2,02E+11;18;11;17;100;5;2;2;1;3;92;Rue de la Rйpublique;M;4646415;-80005;850
2,02E+11;18;11;27;1915;3;1;3;2;3;299;;M;4639722;-87304;850
2,02E+11;18;8;30;1746;1;2;1;1;7;113;rue du Port Breton;M;4672651;-235867;850
2,02E+11;18;1;12;745;3;1;1;1;5;152;CD 160 - PK 76+400;M;4660524;-164813;850
2,02E+11;18;5;20;1830;1;1;2;1;2;112;;M;4656060;-176548;850
2,02E+11;18;6;13;1610;1;1;1;1;3;211;Route de la Guinerie;M;4663396;-158511;850
2,02E+11;18;7;2;1210;1;1;1;1;6;52;La Noйmie;M;4660063;-167344;850
2,02E+11;18;8;4;1255;1;1;1;7;1;112;PONT DE LA GREVE;M;4658696;-176186;850
2,02E+11;18;8;13;400;3;1;1;1;6;298;;M;4659563;-180696;850
2,02E+11;18;9;29;1205;1;1;1;1;2;298;LA MORTIИRE;M;4659190;-175870;850
2,02E+11;18;10;10;845;1;1;1;7;2;218;MARIE-ROSE;M;4663480;-159977;850
2,02E+11;18;10;30;220;3;1;1;1;6;250;LIEU-DIT LA ROGERIE;M;4655007;-168941;850
2,02E+11;18;1;19;1940;5;2;9;1;6;83;Parking Magasin U;M;4699093;-224770;850
2,02E+11;18;7;27;2050;2;1;1;1;6;83;Champoiroux;M;4698819;-227068;850
2,02E+11;18;8;28;200;5;2;1;1;6;163;quai Jean Bart;M;4699927;-224450;850
2,02E+11;18;9;27;1750;1;2;7;1;3;106;Rue  hameau de la loire;M;4696322;-225599;850
2,02E+11;18;1;31;1815;2;1;1;2;5;268;Les Quatre Piquets;M;4669375;-182279;850
2,02E+11;18;4;20;1224;1;1;4;1;2;88;La Petite Parionniиre;M;4670755;-188560;850
2,02E+11;18;5;19;1250;1;1;1;1;6;70;D6;M;4670606;-172078;850
2,02E+11;18;7;3;1745;1;1;1;1;1;71;VILLEVERT;M;4676130;-187286;850
2,02E+11;18;8;17;1320;1;2;1;1;6;35;Route de la Corniche;M;4663891;-189379;850
2,02E+11;18;9;21;1957;3;1;1;1;1;226;GELINETTE;M;4672331;-194104;850
2,02E+11;18;10;20;815;1;2;1;1;3;222;Bd Georges Pompidou;M;4670178;-193927;850
2,02E+11;18;12;3;1710;1;2;1;8;6;222;39 rue Laennec;M;4669546;-192563;850
2,02E+11;18;12;11;1030;1;2;3;8;3;226;Rue du Petit Verger;M;4670741;-194397;850
2,02E+11;18;12;19;845;2;2;6;1;3;226;Avenue de l'Isle de Riez;M;4671049;-196487;850
2,02E+11;18;8;23;1215;1;1;2;1;5;436;D651/D110E6;M;4452144;-62687;330
2,02E+11;18;9;6;1220;1;1;1;1;6;436;RD5;M;4456633;-71370;330
2,02E+11;18;12;6;1745;3;2;1;8;6;498;23 CHEMIN DE CALVIN;M;4456207;-86957;330
2,02E+11;18;1;9;1210;1;2;2;1;3;51;Ayguemorte/Chataigniers;M;4464729;-97251;330
2,02E+11;18;1;24;1345;1;2;1;1;1;51;RD3E13 (Concerto D3ED);M;4464092;-95237;330
2,02E+11;18;2;2;1325;1;1;4;1;3;284;D216 7+500/A660 5+617;M;4462837;-90056;330
2,02E+11;18;2;10;740;2;2;3;9;6;555;D1250/All de Regameau.;M;4468778;-86402;330
2,02E+11;18;3;6;600;5;2;6;1;6;51;D3E11/Techoueyres 0+974.;M;4464605;-96678;330
2,02E+11;18;5;19;315;5;2;3;1;6;51;D3E12 / R. Cochet;M;4463606;-97835;330