Num_Acc;an;mois;jour;hrmn;lum;agg;int;atm;col;com;adr;gps;lat;long;dep
2,02E+11;18;7;10;2130;2;2;1;1;6;284;lieu dit arnauton 62 bis;M;4459681;-91092;330
2,02E+11;18;8;2;905;1;2;2;1;6;555;RD1250 / RD5;M;4469231;-85470;330
2,02E+11;18;8;3;1100;1;2;3;1;6;51;D650 / R.de la Gare;M;4463856;-96644;330
2,02E+11;18;9;20;1950;2;2;2;1;3;284;RD3/R Marйchal Leclerc.;M;4460277;-92653;330
2,02E+11;18;10;2;1910;1;2;1;1;3;284;R de peillin/acces propr;M;4461443;-94253;330
2,02E+11;18;12;13;1230;1;1;1;2;3;284;RD216E2 Rte de castandet;M;4459281;-93664;330
2,02E+11;18;2;2;1300;1;2;1;1;6;56;rue Georges MENDEL.;M;4490962;-62907;330
2,02E+11;18;2;26;1110;1;2;4;1;3;519;R Plein Soleil/R Calavet;M;4491335;-68020;330
2,02E+11;18;4;5;1735;1;2;3;1;3;519;Av Boetie/Av Montaigne;M;4490225;-70236;330
2,02E+11;18;5;23;1715;1;2;3;1;3;56;rue Jean MOULIN;M;4491391;-63355;330
2,02E+11;18;5;27;1600;1;1;1;1;5;519;VC ex D1215 PR4+933 rйel;M;4489632;-67562;330
2,02E+11;18;6;3;1615;1;1;1;1;1;519;VC (exRD1 PR4+075 rйel);M;4492680;-67781;330
2,02E+11;18;6;23;910;1;1;1;1;1;56;43 avenue du huit mai.;M;4490610;-64956;330
2,02E+11;18;7;15;130;3;2;1;1;6;312;ex RD210 Rte de Macau.;M;4496205;-60885;330
2,02E+11;18;9;19;1830;1;1;1;1;3;519;Avenue de Soulac;M;4491684;-67024;330
2,02E+11;18;10;14;1000;1;2;2;7;6;56;3 Rue de la Landille;M;4491262;-63140;330
2,02E+11;18;10;23;1305;1;2;1;1;2;56;R Antoine SAINT EXUPERY;M;4492208;-60755;330
2,02E+11;18;10;27;1715;1;1;1;1;6;56;exD209 sens Parem > Blan;M;4493251;-56161;330
2,02E+11;18;10;27;1110;1;2;3;1;1;56;R Riviиre/R Rosa Bonheur;M;4493060;-62244;330
2,02E+11;18;11;21;1230;1;2;1;1;6;312;31 AV GЙNERAL DE GAULLE;M;4494915;-60296;330
2,02E+11;18;1;29;815;1;1;3;2;3;273;EX D213 / EX D107E2;M;4483340;-82355;330
2,02E+11;18;5;13;1930;1;1;1;1;5;273;Ex D213 PR 18+000 reel;M;4483215;-83385;330
2,02E+11;18;8;3;1530;1;1;1;7;5;422;RD 106 lieu-dit BOULAC.;M;4481414;-73884;330
2,02E+11;18;2;11;200;5;2;2;2;2;449;A Montaign exD6/A Boetie;M;4489494;-71364;330
2,02E+11;18;3;9;1830;1;2;1;1;3;449;Av CAPEYRON ex D211.;M;4486590;-71156;330
2,02E+11;18;3;26;1240;1;2;3;1;2;449;Ex RD211/VC R. Linnй;M;4486277;-73303;330
2,02E+11;18;3;30;1630;1;2;2;1;2;449;VC F MITTERAND/VC ..;M;4489492;-71722;330
2,02E+11;18;4;6;1930;2;1;1;1;7;449;304 av lignan (ex107E1);M;4490726;-81135;330
2,02E+11;18;7;1;1330;1;2;1;1;3;449;Av Montesquieu (ex RD6);M;4489549;-71874;330
2,02E+11;18;9;13;715;2;2;6;1;6;449;Ex D211 / Ex D6;M;4490500;-74509;330
2,02E+11;18;10;3;515;2;1;6;1;3;449;Ex D1215/CheminTuilerie.;M;4490665;-74537;330
2,02E+11;18;6;13;645;2;1;1;1;5;449;Rte Lacanau (Ex RD1215).;M;4491080;-76071;330
2,02E+11;18;10;23;1800;1;2;6;1;3;449;Av Montaigne/R Capsec;M;4488829;-70390;330
2,02E+11;18;11;7;550;4;2;1;2;6;449;120 Rue Pierre Ramond;M;4488667;-74141;330
2,02E+11;18;1;1;930;1;1;1;2;6;280;9  lieu-dit ST AULAYE;M;4516925;-60255;330
2,02E+11;18;3;24;600;2;1;1;2;1;100;PR5+200 rйel Les Ricards;M;4511576;-61834;330
2,02E+11;18;5;23;845;1;1;2;1;3;101;RD137 PR 27+550 REEL;M;4519425;-59637;330
2,02E+11;18;8;30;1720;1;1;3;1;2;6;RD255 16+968 / VRILLANT;M;4519741;-65174;330
2,02E+11;18;9;6;1730;1;1;2;1;3;47;D137/VC butte des Juins;M;4512249;-57618;330
2,02E+11;18;11;4;1600;1;1;1;1;3;458;RD 137 PR23+951 rйel;M;4516205;-59589;330
2,02E+11;18;1;23;623;5;1;3;5;3;67;RD669 / VC La Grange;M;4503980;-53591;330
2,02E+11;18;2;3;1730;1;1;1;8;1;341;D137 - PR 10+690 rйel;M;4508230;-50643;330
2,02E+11;18;3;5;100;3;1;1;1;6;67;Ld Noriou PR9+135 rйel;M;4505150;-56841;330
2,02E+11;18;3;14;1505;1;2;6;8;3;341;D137/D249;M;4507599;-49796;330
2,02E+11;18;3;16;1700;1;1;1;2;1;525;RD137 PR7+490 rйel.;M;4506027;-48078;330
2,02E+11;18;4;21;1325;1;2;3;1;2;67;RD669/VC Rue Jeantet;M;4504050;-55508;330
2,02E+11;18;5;2;1940;1;1;3;2;1;341;D137 PR8+570rйel/VC;M;4506849;-48839;330
2,02E+11;18;5;2;2126;3;1;1;2;6;370;RD134;M;4518974;-64536;330
2,02E+11;18;7;27;1740;1;1;3;1;3;341;RD137 PR10+720 rйel;M;4508249;-50678;330
2,02E+11;18;9;21;2017;2;1;3;1;1;100;D937/LA TAILLIVE OUEST;M;4512683;-61464;330
2,02E+11;18;5;20;2030;1;1;1;1;6;389;LIEU-DIT LES BERTETS.;M;4528271;-62583;330
2,02E+11;18;5;17;820;1;2;1;1;3;3;13 AVENUE DE JOURDANE.;M;4493814;-51830;330
2,02E+11;18;6;30;1155;1;1;2;1;3;3;EX RD257/AV. BEAUVAIS;M;4495983;-48384;330
2,02E+11;18;6;30;1845;1;2;2;1;1;3;CLEMENCEAU/C DES JAUGUES;M;4494105;-48278;330
2,02E+11;18;7;1;2210;3;1;1;2;1;3;avenue de jourdane;M;4493952;-52190;330
2,02E+11;18;8;15;545;5;2;1;1;6;3;18 Avenue de Jourdane;M;4493431;-50959;330
2,02E+11;18;11;17;1815;3;1;1;2;6;487;Av bйraud 44+500 rйel;M;4498403;-48225;330
2,02E+11;18;12;27;1500;1;2;3;1;3;3;RUE VICTOR HUGO;M;4492430;-48598;330
2,02E+11;18;1;14;410;3;1;1;1;2;49;RN89 PR38 REEL.;M;4488100;-35859;330
2,02E+11;18;1;23;1920;5;2;1;9;6;554;AVENUE DES TABERNOTTES.;M;4487203;-46949;330
2,02E+11;18;4;27;1900;1;2;6;1;3;397;Bret sortie 43 A10/RD911;M;4490781;-48713;330
2,02E+11;18;5;28;1220;1;1;1;1;6;554;RN89 PR 46+330 rйel;M;4486860;-45837;330
2,02E+11;18;9;21;1820;1;1;2;1;5;483;D242/R.Artisans/Rte.Lavi;M;4491330;-40408;330
2,02E+11;18;10;30;720;1;2;3;1;3;13;Ex D115 / Ex D241E3;M;4486554;-47201;330
2,02E+11;18;11;7;1745;2;2;1;2;1;483;46 avenue lagraula;M;4490939;-38284;330
2,02E+11;18;12;18;1655;1;1;3;1;3;483;RD13/VC Rte de Beauval.;M;4489008;-39694;330
2,02E+11;18;12;21;1915;3;2;9;2;6;397;Avenue de l'Aquitaine;M;4490824;-48586;330
2,02E+11;18;12;28;1450;1;2;1;1;1;49;17 Rte petit conseiller;M;4487932;-37304;330
2,02E+11;18;1;13;1900;3;1;1;1;3;23;avenue du petit Breton;M;4469614;-48498;330
2,02E+11;18;2;19;940;1;1;1;1;6;454;D220E1 PR1+425 rйel.;M;4465507;-51507;330
2,02E+11;18;6;22;605;2;2;3;1;3;213;D109E7 0+680 /VCArnahurt;M;4468927;-50699;330
2,02E+11;18;8;2;1;3;1;1;1;6;238;Avenue de Bayonne;M;4474411;-62285;330
2,02E+11;18;5;4;755;1;2;1;1;2;496;RD 936 PR13+468 rйel;M;4483233;-40608;330
2,02E+11;18;7;9;405;3;1;1;1;6;496;17 avenue de VACQUEY;M;4485451;-39621;330
2,02E+11;18;9;15;1805;1;1;6;1;3;118;RD14/RD240;M;4476928;-45675;330
2,02E+11;18;11;2;1345;1;1;1;1;3;165;118 av l'entre de mers;M;4482543;-42685;330
2,02E+11;18;1;4;2000;3;1;3;3;3;274;RD111/ALLEE PASTEUR;M;4471422;-57947;330
2,02E+11;18;1;12;800;2;2;1;2;5;274;route de tout vent;M;4471292;-55377;330
2,02E+11;18;1;25;1350;1;1;1;3;5;274;D109 Av de Montesquieu;M;4471677;-56406;330
2,02E+11;18;3;22;1645;1;1;3;1;1;80;D108/VC Ch. Bocage;M;4472828;-51204;330
2,02E+11;18;4;1;2145;3;1;1;1;2;501;RD651 PR11+900 rйel;M;4468786;-60437;330
2,02E+11;18;4;17;1530;1;2;2;1;3;77;D219/R. Floralies 14+497;M;4460702;-55381;330
2,02E+11;18;4;15;2310;3;1;3;1;6;501;D651 19+485/D116 PR0;M;4462343;-59871;330
2,02E+11;18;6;14;1420;1;2;1;1;3;238;D651 PR7+245 rйel;M;4472735;-59745;330
2,02E+11;18;6;16;1350;1;2;3;1;3;80;R DE BALETTE/AL BRUYERES;M;4474711;-53510;330
2,02E+11;18;9;2;230;4;2;2;1;6;501;RD211 55+318/VC EGLISE;M;4465280;-59749;330
2,02E+11;18;8;31;1320;1;2;1;1;1;80;RD111 PR33+710 REEL.;M;4475266;-53803;330
2,02E+11;18;9;15;1950;1;1;1;1;1;80;RD108 PR 7+420 REEL;M;4473913;-53013;330
2,02E+11;18;9;30;1315;1;1;1;1;6;80;RD1113 PR63+880 rйel;M;4475721;-55304;330
2,02E+11;18;11;2;815;1;1;1;5;5;238;D109. PR8+494;M;4471983;-56970;330
2,02E+11;18;11;23;1910;5;2;1;1;2;77;07 route de tretin;M;4460960;-55627;330
2,02E+11;18;2;25;500;3;1;1;1;2;183;RN 10;M;4504621;-39489;330
2,02E+11;18;3;2;1630;1;1;2;1;3;143;D1010/VC R des Terrasses;M;4496709;-45496;330
2,02E+11;18;3;3;955;1;1;3;1;1;18;D10 /VC Ch Moulin Moreau;M;4501585;-40821;330
2,02E+11;18;3;24;545;3;1;3;2;2;366;RD137/VC Ch Hippodrome;M;4501208;-44158;330
2,02E+11;18;6;2;200;3;1;3;1;3;425;D137 / D737;M;4504810;-47051;330
2,02E+11;18;6;8;1920;1;1;2;1;3;366;D670/Ch.Rousse 3+485 ree;M;4498243;-40764;330
2,02E+11;18;6;24;130;3;1;1;1;6;183;RD248 PR7+500 reel;M;4503313;-38776;330
2,02E+11;18;6;30;1525;1;1;2;1;6;321;Lieu dit le Roux D242/C1;M;4505658;-41686;330
2,02E+11;18;9;13;1700;1;1;3;1;3;321;les grands champs;M;4504359;-41271;330
2,02E+11;18;9;27;1650;1;1;3;1;3;425;intersection D137 / D737;M;4504838;-47075;330
2,02E+11;18;10;27;840;1;2;3;1;1;415;RD 669/VC Pont Neuf;M;4501133;-46702;330
2,02E+11;18;12;1;1545;1;1;4;2;3;366;RD115/RD115E3;M;4501193;-44820;330
2,02E+11;18;1;26;805;1;2;3;1;6;227;Bd.F.Mauriac / Acces HLM;M;4454876;-25698;330
2,02E+11;18;2;16;1230;1;2;1;1;2;533;D1113 PR28+330 rйel.;M;4455775;-25807;330
2,02E+11;18;3;2;5;3;1;9;2;6;111;le pas saint george;M;4458426;-13128;330
2,02E+11;18;3;8;1635;1;1;1;1;6;457;Route du bas.;M;4455946;-18484;330
2,02E+11;18;5;7;2355;5;2;1;1;6;463;D1113PR22+315 124liberat;M;4457186;-18960;330
2,02E+11;18;6;29;1630;1;2;1;1;3;111;RD 1113 PR18+144 rйel;M;4458023;-13943;330
2,02E+11;18;6;30;115;3;1;1;1;1;444;RD1113 PR20+630 rйel;M;4457484;-16872;330
2,02E+11;18;7;2;1145;1;2;6;1;6;227;avenue de la Rйpublique;M;4454510;-26045;330
2,02E+11;18;9;4;1850;1;1;1;1;3;227;D 10;M;4453756;-22804;330
2,02E+11;18;9;18;945;1;1;1;1;6;457;CV 5 Martinon.;M;4454539;-19895;330
2,02E+11;18;12;7;1150;1;2;1;1;6;227;RD125 E3 PR6+000 rйel;M;4455225;-24924;330
2,02E+11;18;1;18;910;1;2;8;3;3;240;D1215/PN PR60+896 rйel;M;4529341;-92781;330
2,02E+11;18;3;4;600;3;1;1;3;6;240;D3;M;4531176;-91917;330
2,02E+11;18;3;15;2100;3;1;2;2;1;240;D1215/VC206 PR59+590rйel;M;4529442;-92804;330
2,02E+11;18;4;25;1740;1;1;2;1;3;177;D3 14+260/VC Cascade.;M;4528842;-95643;330
2,02E+11;18;6;9;1640;1;1;1;1;1;177;D1215  PR67+805 rйel;M;4533957;-97935;330
2,02E+11;18;6;22;440;3;1;1;1;7;177;D1215 bois du fil 67+200;M;4533480;-97565;330
2,02E+11;18;8;3;2010;1;2;1;1;1;240;21 cours jean jaures;M;4530589;-93391;330
2,02E+11;18;1;9;830;1;2;2;1;6;417;RD6E3 / RD5.;M;4496485;-88451;330
2,02E+11;18;1;20;300;3;1;2;2;1;417;D6/VC.Etang LEVADE-Piste;M;4497254;-96886;330
2,02E+11;18;2;20;1850;3;1;1;1;6;417;RD104 PR30+150 rйel.;M;4499553;-90822;330
2,02E+11;18;5;18;1510;1;1;2;1;3;494;D801 / VC Ch. Gravette;M;4494785;-85229;330
2,02E+11;18;9;2;1805;1;1;1;1;4;494;15 route de Lacanau;M;4493944;-83179;330
2,02E+11;18;9;11;1;3;1;1;1;1;104;D1215E1;M;4503691;-79798;330
2,02E+11;18;12;5;740;2;1;1;8;1;22;D1215E1;M;4500124;-76387;330
2,02E+11;18;1;14;1400;1;1;1;1;6;322;Allйe ST SEURIN;M;4496478;-67469;330
2,02E+11;18;1;18;1135;1;1;2;2;3;517;route dйpartementale 2;M;4504810;-69051;330
2,02E+11;18;1;27;1400;1;1;1;1;6;12;avenue de l'esclause;M;4498485;-68063;330
2,02E+11;18;3;23;1750;1;1;1;2;6;12;Avenue de Soubeyran.;M;4497326;-69479;330
2,02E+11;18;4;22;1814;1;1;1;1;6;256;D209 PR5+850 rйel;M;4499236;-58494;330
2,02E+11;18;4;24;755;1;1;1;1;1;10;RD2 PR58+565 rйel;M;4508080;-72733;330
2,02E+11;18;4;26;1600;1;1;1;1;7;12;avenue de lesclause;M;4498523;-68099;330
2,02E+11;18;5;28;1631;1;2;3;1;3;256;D210E1/RD209;M;4498573;-57738;330
2,02E+11;18;6;22;1820;1;1;1;1;4;12;D1 PR9+200rйel;M;4496466;-71639;330
2,02E+11;18;7;4;1420;1;1;2;1;5;256;D2 74+293/VC Hertig;M;4498480;-62149;330
2,02E+11;18;7;21;1705;1;2;2;1;3;322;R GIRAUDOUX/CH POUJEAU;M;4494844;-63601;330
2,02E+11;18;8;17;1445;1;1;1;1;3;322;ALLЙE SAINT-SEURIN;M;4496374;-68330;330
2,02E+11;18;8;27;700;2;1;1;1;2;12;D1215E1 7+900 REEL;M;4498344;-74096;330
2,02E+11;18;9;1;1745;1;2;2;1;3;262;RD210 1+840/VC Hugo;M;4500748;-61449;330
2,02E+11;18;9;13;2200;3;2;3;1;3;322;D2 / R.Usine;M;4495741;-62853;330
2,02E+11;18;10;3;1530;1;1;1;1;6;91;route dйpartementale 2;M;4502597;-64577;330
2,02E+11;18;10;14;1420;1;2;1;1;7;256;9 rue du 8 mai 1945;M;4498632;-60511;330
2,02E+11;18;10;20;1450;1;1;3;1;7;12;D208 / R.des Guneres;M;4499900;-70402;330
2,02E+11;18;11;5;855;1;2;8;7;3;256;Av Hertig/Voie ferrйe;M;4498342;-61248;330
2,02E+11;18;12;5;2040;3;2;1;3;2;322;1123 Route de SOULAC;M;4495347;-70220;330
2,02E+11;18;12;13;700;3;1;2;1;3;256;RD2/Ch de coudannes;M;4498486;-62159;330
2,02E+11;18;12;26;1815;3;1;1;1;1;256;route de pauillac;M;4499041;-62019;330
2,02E+11;18;2;9;340;5;2;1;1;6;243;50 quai du priourat;M;4490899;-24864;330
2,02E+11;18;3;15;1345;1;1;1;1;1;328;08 r de Pйrigueux 24+330;M;4493275;-22068;330
2,02E+11;18;3;29;1710;1;2;1;1;1;243;43 allйe Robert Boulin;M;4491663;-24003;330
2,02E+11;18;4;12;1915;1;2;3;1;3;243;R.MONTESQUIEU / R.ORBE;M;4491632;-24277;330
2,02E+11;18;4;14;400;3;1;1;2;6;539;RD2089 PR34+020 reel;M;4488150;-30866;330
2,02E+11;18;5;23;1800;1;1;1;1;5;222;25 ROUTE DE LYON;M;4495350;-18925;330
2,02E+11;18;6;21;650;2;1;1;1;5;15;D2089 PR30+735 rйel;M;4489313;-27596;330
2,02E+11;18;9;11;1550;1;2;2;1;5;207;D242 / Av Uchamp;M;4491722;-34943;330
2,02E+11;18;10;10;2115;5;1;6;1;6;243;D1089 / D121E4.;M;4493226;-22143;330
2,02E+11;18;11;2;2220;5;1;6;1;6;243;RD1089/RD121E4;M;4493225;-22140;330
2,02E+11;18;11;3;2315;5;2;6;1;6;243;AVENUE GEORGES POMPIDOU;M;4494549;-23120;330
2,02E+11;18;11;9;450;5;2;6;2;6;243;113 av Gйnйral De Gaulle;M;4490336;-22213;330
2,02E+11;18;11;30;1830;5;2;6;9;3;243;RD2089/RD670E10;M;4491296;-24782;330
2,02E+11;18;1;10;2015;5;2;1;8;2;393;13 route de Guitres.;M;4499836;-20050;330
2,02E+11;18;3;29;2050;3;1;2;1;4;218;D910/D133;M;4507438;-16723;330
2,02E+11;18;5;21;405;3;1;1;1;6;230;RD247 PR0+700 rйel;M;4508954;-28164;330
2,02E+11;18;6;18;1600;1;1;3;1;3;393;D674 22+330/VC de Robert;M;4498711;-20283;330
2,02E+11;18;6;26;1455;1;1;1;1;1;393;RD 1089 PR15+360 rйel.;M;4498795;-13752;330
2,02E+11;18;8;11;645;2;1;1;1;6;230;RD247E1 PR2+630 rйel;M;4511061;-28424;330
2,02E+11;18;11;4;745;2;1;1;5;6;62;VOIE COMMUNALE 101;M;4499316;-21225;330
2,02E+11;18;11;6;1218;1;2;2;2;3;393;D674 / D910E3;M;4499363;-19664;330
2,02E+11;18;1;10;1030;1;2;3;2;3;402;RD936E6/Imp.Gratiolet;M;4483846;21662;330
2,02E+11;18;5;23;2315;5;2;3;1;6;269;D708PR9+505/D708E3.;M;4476446;25199;330
2,02E+11;18;9;28;30;3;1;1;1;6;369;4 lieu dit chaternaud;M;4481347;21792;330
2,02E+11;18;3;8;2035;3;1;1;1;2;219;RD 670 PR4+980 rйel.;M;4497531;-39171;330
2,02E+11;18;3;23;1850;1;2;4;1;6;259;RD138E3/RD138;M;4495790;-34013;330
2,02E+11;18;6;8;1440;1;1;2;1;3;179;D138 6+737/D120 14+825.;M;4499741;-25987;330
2,02E+11;18;6;8;1730;1;1;3;1;3;174;D128/VC Au Branda;M;4493908;-26999;330
2,02E+11;18;6;15;2340;3;1;1;1;6;174;D670 PR 19+350 rйel;M;4491869;-25001;330
2,02E+11;18;7;23;1520;1;1;1;1;5;174;RD670;M;4492039;-26462;330
2,02E+11;18;11;8;1830;5;2;1;1;6;259;RD 670- le bourg;M;4495518;-34689;330
2,02E+11;18;11;21;930;1;1;1;1;6;364;les struliez;M;4495661;-29194;330
2,02E+11;18;12;10;1645;1;1;1;1;7;259;D138;M;4495952;-33482;330
2,02E+11;18;2;13;1615;1;1;1;9;6;497;LIEU-DIT LA MARGOT;M;4467947;70038;240
2,02E+11;18;2;22;915;1;1;2;1;3;244;peyroulier;M;4470636;82967;240
2,02E+11;18;3;25;1335;1;1;1;2;1;28;D660;M;4477657;76425;240
2,02E+11;18;10;13;2025;5;2;1;1;1;68;9 rue Franзois Meulet;M;4484228;90686;240
2,02E+11;18;10;14;450;5;1;1;1;7;28;55 avenue de Monpazier;M;4476100;77109;240
2,02E+11;18;8;19;1010;1;1;1;1;7;318;le moulin de leyrat;M;4488691;86581;240
2,02E+11;18;10;12;1630;1;1;2;1;3;362;Montferrier;M;4498942;81502;240
2,02E+11;18;11;20;2000;5;2;1;1;6;382;Le bourg CD660;M;4484177;65448;240
2,02E+11;18;12;1;1305;1;1;1;2;6;242;la trimouille;M;4489093;61762;240
2,02E+11;18;2;12;700;3;1;1;2;1;283;CD 129 avenue du 19 mars;M;4372002;-104763;400
2,02E+11;18;7;7;2000;1;1;1;1;6;314;CD 6 - route de l'etoile;M;4367232;-110318;400
2,02E+11;18;12;2;1900;3;1;1;1;1;3;PR 92 200 - RD 824;M;4371134;-115272;400
2,02E+11;18;1;2;1745;4;2;1;3;6;184;avenue de vigon;M;4421020;-123411;400
2,02E+11;18;2;13;1845;3;2;1;1;6;19;Parking magasin lidl;M;4421295;-120217;400
2,02E+11;18;4;8;200;5;2;4;2;6;184;avenue de bordeaux - D62;M;4420552;-122214;400
2,02E+11;18;11;11;315;3;1;1;2;6;184;d 87;M;4422307;-122857;400
2,02E+11;18;5;8;1720;1;2;1;1;6;157;129 AVENUE JEAN JAURИS;M;4450600;14790;470
2,02E+11;18;6;3;1745;1;2;1;1;2;157;AVENUE JEAN JAURES;M;4450720;14519;470
2,02E+11;18;7;20;1035;1;1;2;1;3;157;LD ROY SUD;M;4453490;20474;470
2,02E+11;18;7;20;1805;1;1;3;1;3;326;"CD 933/267  ""MEYSSAN""";M;4450210;24049;470
2,02E+11;18;8;7;800;1;1;3;1;1;263;LIEU DIT   LES BARLAQUES;M;4447750;21063;470
2,02E+11;18;8;17;1915;1;1;3;1;3;150;LE BOURG;M;4446340;21423;470
2,02E+11;18;9;1;1410;1;1;1;1;2;24;ROUTE DU LAC;M;4452230;13904;470
2,02E+11;18;9;15;1625;1;1;3;1;3;233;"LIEU-DIT ""BEAUVALLON""";M;4453070;12934;470
2,02E+11;18;10;12;2000;3;1;1;1;2;326;LD LESCURE;M;4450242;26302;470
2,02E+11;18;11;23;1615;1;1;2;1;5;28;Lieu dit Bourrut;M;4448142;25795;470
2,02E+11;18;12;7;2250;3;1;1;1;1;24;CD 708 - Ld moulin а ven;M;4453300;15487;470
2,02E+11;18;12;9;1510;1;1;1;1;2;150;Lieu dit sacriste;M;4446208;22005;470
2,02E+11;18;8;30;1745;1;1;1;1;6;292;fourcayrenque;M;4458563;101197;470
2,02E+11;18;5;3;2025;3;1;1;2;6;230;RN134;M;4317770;-42934;640
2,02E+11;18;8;31;1100;1;1;1;1;6;230;RN 134;M;4320100;-41978;640
2,02E+11;18;10;12;940;1;2;1;1;6;230;ROUTE DE GELOS;M;4323400;-38520;640
2,02E+11;18;10;13;1720;1;1;1;1;1;324;D24;M;4320710;-56974;640
2,02E+11;18;6;18;1800;1;2;1;1;1;540;CD 361;M;4349350;-135687;640
2,02E+11;18;8;3;1730;1;2;1;1;2;304;1724 ROUTE DE L'ADOUR;M;4349510;-140508;640
2,02E+11;18;9;17;1845;1;1;2;1;3;407;RD 831 / RD 312;M;4348410;-141332;640
2,02E+11;18;11;29;1755;5;2;1;3;3;540;;M;4348730;-135351;640
2,02E+11;18;12;8;1834;5;2;6;1;6;407;AVENUE DU PORTOU;M;4348180;-144372;640
2,02E+11;18;1;8;1325;1;2;6;1;6;422;AVENUE ALEXANDRE FLEMING;M;4319650;-61963;640
2,02E+11;18;3;28;1100;1;2;1;1;6;422;11 RUE LOUIS BARTHOU;M;4319130;-60776;640
2,02E+11;18;3;29;1700;1;2;9;2;6;422;AV FRANCOIS MITTERANT;M;4318420;-62195;640
2,02E+11;18;4;9;1015;1;2;2;1;3;220;AVENUE DE PYRENEES;M;4320880;-61173;640
2,02E+11;18;4;21;1130;1;1;1;1;2;421;RN 134;M;4315310;-50805;640
2,02E+11;18;4;30;1130;1;2;1;1;3;422;RUE LEON JOUHAUX;M;4319910;-61247;640
2,02E+11;18;8;12;1130;1;1;1;1;7;165;RD 9;M;4325300;-60518;640
2,02E+11;18;8;17;1630;1;2;1;9;6;409;RUE GUITTE;M;4321190;-66352;640
2,02E+11;18;9;4;930;1;1;1;1;1;64;D918;M;4310690;-64230;640
2,02E+11;18;9;11;1900;1;2;1;1;6;409;RUE GUITTE;M;4321160;-65499;640
2,02E+11;18;9;14;1400;1;2;1;1;6;422;BOULEVARD FRANCOIS MITTE;M;4318490;-62232;640
2,02E+11;18;9;21;915;1;2;1;1;6;422;11 PLACE SAINT PIERRE;M;4318850;-60493;640
2,02E+11;18;10;19;1635;1;2;6;1;2;422;ROND POINT ROZAN;M;4319160;-61884;640
2,02E+11;18;11;18;10;3;2;1;1;1;252;route du somport;M;4316930;-60266;640
2,02E+11;18;3;23;1240;1;2;1;1;2;430;CHEMIN DES MARMONTS;M;4347010;-77841;640
2,02E+11;18;5;16;1850;1;2;4;1;6;430;RUE DU MOULIN;M;4348620;-77084;640
2,02E+11;18;8;3;1400;1;1;1;1;5;430;ROUTE DE BAYONNE;M;4348660;-80838;640
2,02E+11;18;9;22;1530;1;1;1;1;7;430;CD 817;M;4348610;-81284;640
2,02E+11;18;10;4;900;1;2;3;5;3;430;RD 817;M;4347960;-74529;640
2,02E+11;18;4;26;1845;1;1;1;1;6;115;D 20;M;4669938;37793;860
2,02E+11;18;7;11;755;1;1;1;7;5;222;RD  20C;M;4666527;39486;860
2,02E+11;18;11;10;1620;1;2;1;1;6;163;6 rue de l'йglise;M;4662235;42422;860
2,02E+11;18;12;8;1040;1;2;3;1;3;222;D.4;M;4667906;40898;860
2,02E+11;18;12;16;1130;1;1;1;8;1;62;ROUTE DE PARIS D910;M;4665735;36720;860
2,02E+11;18;4;2;200;3;1;1;1;6;137;RD759 pk15+700;M;4699414;3783;860
2,02E+11;18;6;7;950;1;1;2;1;3;287;RD23 et Rue Andilly;M;4707258;11687;860
2,02E+11;18;6;30;1545;1;1;1;1;2;49;D  347;M;4697386;9922;860
2,02E+11;18;9;2;1800;1;2;1;1;6;137;RD 59;M;4698551;14492;860
2,02E+11;18;10;14;1300;1;1;1;1;6;274;D39;M;4705881;1482;860
2,02E+11;18;11;5;1150;1;2;2;1;3;137;rue des Roches;M;4701371;9107;860
2,02E+11;18;3;13;740;1;1;1;1;1;104;RD  35;M;4611375;32587;860
2,02E+11;18;7;1;1605;1;1;1;1;6;134;PK105 - RN  10;M;4617413;16720;860
2,02E+11;18;7;8;1450;1;2;6;1;7;237;D148;M;4614958;27741;860
2,02E+11;18;7;22;410;3;1;1;1;6;61;RD148;M;4613440;45292;860
2,02E+11;18;8;8;2255;3;1;1;1;7;12;vielles   metives;M;4610415;40235;860
2,02E+11;18;9;3;1330;1;2;1;1;1;266;rue de la Tour;M;4607729;37316;860
2,02E+11;18;10;18;1130;1;2;1;1;6;119;rd 727;M;4622754;47094;860
2,02E+11;18;1;22;810;2;2;1;2;6;199;rue Victor Hugo;M;4566540;23698;160
2,02E+11;18;1;24;1320;1;1;1;1;1;78;rue du mauvais pas;M;4569433;19165;160
2,02E+11;18;4;20;1315;1;1;1;1;7;146;;M;4562060;26010;160
2,02E+11;18;6;2;1855;1;2;1;1;2;187;route de trois palis;M;4564839;7148;160
2,02E+11;18;7;12;1745;1;1;1;1;4;78;Йchangeur RN10-RN141;M;4569753;17930;160
2,02E+11;18;11;6;1430;1;1;1;2;5;232;RN 141 - PK52 + 700 Sens;M;4571105;29101;160
2,02E+11;18;12;9;1500;1;2;3;8;3;78;Les Chauvauds;M;4570307;18198;160
2,02E+11;18;1;4;1840;3;1;1;6;7;359;LD Montperron;M;4563808;-32963;160
2,02E+11;18;2;3;1453;1;2;6;2;3;97;L'Epine;M;4572938;-35098;160
2,02E+11;18;3;3;1525;1;1;2;1;7;355;Lieu-dit chez Michot;M;4576193;-42210;160