Num_Acc;an;mois;jour;hrmn;lum;agg;int;atm;col;com;adr;gps;lat;long;dep
2,02E+11;18;5;4;1545;1;1;1;1;1;218;D337 lieu dit Briante;M;4612018;468870;690
2,02E+11;18;5;14;1145;1;2;1;2;2;19;Rue de la rйpublique;M;4610855;475128;690
2,02E+11;18;6;9;1;5;2;1;1;7;19;1 rue de la rйpublique;M;4610986;474424;690
2,02E+11;18;6;12;1340;1;2;1;1;3;218;chemin des RAVATYS;M;4611682;467383;690
2,02E+11;18;6;16;1550;1;1;1;1;3;197;D43;M;4605307;465972;690
2,02E+11;18;6;28;1835;1;1;1;7;6;19;RD19;M;4609798;470137;690
2,02E+11;18;8;16;1600;1;1;1;1;6;65;Lieu-dit Chassagne;M;4614371;472667;690
2,02E+11;18;8;27;1240;1;2;1;1;5;36;80 grande rue;M;4611938;466796;690
2,02E+11;18;10;6;1630;1;1;1;2;1;197;D49;M;4605348;465782;690
2,02E+11;18;10;17;2055;5;2;2;1;5;19;BALLOFET DURY / REPUBLIQ;M;4610956;474580;690
2,02E+11;18;10;20;1715;1;1;1;1;2;206;D306;M;4606973;472421;690
2,02E+11;18;11;17;2345;5;2;1;1;3;19;Rue de la Rйpublique;M;4610803;475324;690
2,02E+11;18;11;30;2350;3;1;1;5;6;197;Lieu dit les Terrier;M;4605361;466296;690
2,02E+11;18;12;11;1000;1;2;1;7;1;77;D9 Route de THOISSEY;M;4615757;476437;690
2,02E+11;18;1;21;456;3;2;2;1;1;39;Le bourg;M;4598331;450885;690
2,02E+11;18;1;20;1631;1;2;1;2;1;245;D385;M;4594526;453754;690
2,02E+11;18;4;14;1045;1;1;2;2;3;239;la tracole;M;4590974;450990;690
2,02E+11;18;4;19;1720;1;1;1;1;1;146;cd 120;M;4594265;458061;690
2,02E+11;18;5;13;1550;1;1;1;2;1;101;RD 116;M;4596097;464175;690
2,02E+11;18;5;28;1920;2;1;1;2;1;50;D 596;M;4585693;466230;690
2,02E+11;18;7;17;1845;1;1;1;1;3;56;LIEU DIT LEMPEREUR;M;4589181;462063;690
2,02E+11;18;7;24;500;2;1;1;1;7;50;;M;4585622;466542;690
2,02E+11;18;10;22;1620;1;1;1;1;1;39;RD 385;M;4597698;450805;690
2,02E+11;18;11;13;1745;3;1;1;8;3;90;route dйpartementale 338;M;4592374;462915;690
2,02E+11;18;12;19;1820;3;1;1;3;6;24;Lieu dit BOISTROLLE;M;4591370;459532;690
2,02E+11;18;1;26;1230;1;2;9;3;1;157;la croisette;M;4587760;451429;690
2,02E+11;18;2;19;1200;1;1;1;1;7;234;lieu dit la chatonniиre;M;4585561;451792;690
2,02E+11;18;2;24;1545;1;1;1;1;6;223;route de Vindry - RD31E;M;4588762;448959;690
2,02E+11;18;2;25;1640;1;1;1;1;6;243;RD 8 - Lieu-dit Chaboud;M;4591350;442274;690
2,02E+11;18;3;1;819;1;2;3;8;6;243;BOULEVARD GARIBALDI;M;4588851;443788;690
2,02E+11;18;4;7;1240;1;2;1;1;2;147;lieu dit les places;M;4588697;451666;690
2,02E+11;18;4;25;810;1;2;1;1;6;243;69 boulevard de la Plata;M;4589144;444782;690
2,02E+11;18;5;12;850;1;2;1;1;6;243;place ambroise croizat;M;4589839;443382;690
2,02E+11;18;5;12;1838;1;1;1;1;7;157;route nationale 7;M;4587461;450469;690
2,02E+11;18;5;31;200;3;1;1;2;1;254;lieu dit CHEZ PIROTE RD;M;4596548;441894;690
2,02E+11;18;6;2;930;1;1;1;7;6;223;1354 route du beaujolais;M;4589393;449224;690
2,02E+11;18;6;12;750;1;1;1;1;6;254;D313;M;4595543;442169;690
2,02E+11;18;6;22;1550;1;1;1;1;3;102;D14;M;4586607;437396;690
2,02E+11;18;6;24;1600;1;1;6;7;6;157;RN 7;M;4587477;450562;690
2,02E+11;18;7;25;1450;1;1;1;1;7;225;Route dйpartementale 38;M;4587527;442803;690
2,02E+11;18;7;26;2200;3;1;1;1;6;188;D313;M;4592011;448404;690
2,02E+11;18;8;1;2255;5;2;1;1;6;243;52 rue Jean Moulin;M;4589985;444107;690
2,02E+11;18;8;5;2130;2;1;1;1;6;174;D 8;M;4593085;439257;690
2,02E+11;18;8;18;1850;1;1;1;1;3;1;D27 PK 7;M;4583241;443013;690
2,02E+11;18;8;19;1600;1;1;1;1;1;174;Route dйpartementale 08;M;4592747;437774;690
2,02E+11;18;8;24;1450;1;1;1;1;6;102;Nationale 07 le Pin bouc;M;4591847;432302;690
2,02E+11;18;9;4;2000;1;1;1;1;7;243;D8;M;4591457;442024;690
2,02E+11;18;10;27;1020;1;1;3;2;3;157;44 chemin des potences;M;4587821;451069;690
2,02E+11;18;12;18;1645;2;1;1;8;6;254;D313;M;4596344;441756;690
2,02E+11;18;6;23;1715;1;1;1;1;6;229;"D385 Lieu-dit ""la blanch";M;4601289;449751;690
2,02E+11;18;8;1;1650;1;1;1;1;1;160;lieu CHANSAYE d337;M;4616321;447680;690
2,02E+11;18;8;26;1608;1;1;1;1;6;54;route de monsol;M;4617303;449696;690
2,02E+11;18;9;14;1627;1;1;1;1;6;229;LIEU DIT LE BRIE;M;4609030;447492;690
2,02E+11;18;10;6;1540;1;1;1;1;7;161;CD385;M;4617118;443501;690
2,02E+11;18;10;12;1545;1;2;1;1;3;107;Rue centrale;M;4605744;449103;690
2,02E+11;18;10;23;1630;1;2;1;1;6;37;rue centrale - cd685;M;4601978;449945;690
2,02E+11;18;11;16;1730;3;1;1;1;1;107;La folletiиre;M;4603141;449666;690
2,02E+11;18;12;8;430;3;1;1;2;7;160;CD 385 - PK 8+800 - LIEU;M;4612721;446593;690
2,02E+11;18;2;22;815;1;1;1;1;3;264;RD.936;M;4619255;514082;10
2,02E+11;18;6;12;905;1;2;1;1;1;301;Route de Montcet;M;4624563;512280;10
2,02E+11;18;6;11;1540;1;1;1;1;4;301;RD 1079;M;4624800;513739;10
2,02E+11;18;8;11;2330;3;1;3;1;3;405;D1083/chemin des Gauthie;M;4613822;516934;10
2,02E+11;18;8;21;1400;1;1;3;1;1;336;intersection RD67C/chemi;M;4616850;514958;10
2,02E+11;18;10;4;1730;1;1;1;1;3;405;D1083;M;4615112;517880;10
2,02E+11;18;11;6;2015;3;1;1;1;7;301;RD1079;M;4624628;515107;10
2,02E+11;18;12;4;1730;3;1;2;1;5;264;D 936;M;4618767;511805;10
2,02E+11;18;8;28;700;1;2;3;1;3;112;8 rue de la DOYE;M;4611222;555040;10
2,02E+11;18;10;25;2025;3;1;1;5;7;185;Col de la berche;M;4599384;555244;10
2,02E+11;18;3;16;1515;1;1;2;2;5;390;D 62;M;4582008;524367;10
2,02E+11;18;4;8;1540;1;1;1;8;3;99;D62;M;4588517;525119;10
2,02E+11;18;5;22;500;5;1;3;2;3;390;avenue de la bergerie;M;4584543;528534;10
2,02E+11;18;6;1;1845;1;1;1;1;6;403;d 19;M;4581559;545000;10
2,02E+11;18;6;17;1615;1;1;1;1;5;202;Dйpartementale 1075;M;4590431;533667;10
2,02E+11;18;7;28;400;3;1;1;1;1;202;D1075;M;4589726;533787;10
2,02E+11;18;9;10;1945;2;1;1;1;1;366;D40 -;M;4589016;526749;10
2,02E+11;18;9;21;1545;1;1;3;1;3;202;D40;M;4588580;532410;10
2,02E+11;18;10;9;755;2;1;1;2;1;366;d77;M;4587867;528096;10
2,02E+11;18;6;24;1208;1;1;1;1;7;81;D48;M;4620359;578801;10
2,02E+11;18;9;3;1457;1;1;1;1;3;81;route des Burgondes;M;4618725;580870;10
2,02E+11;18;10;26;1908;5;2;1;1;6;247;Lieu-dit les Septfontain;M;4632163;595506;10
2,02E+11;18;12;17;1247;1;1;1;8;6;247;RD 991;M;4633471;596253;10
2,02E+11;18;1;31;945;1;1;1;1;7;313;rue du sйnateur Albert F;M;4626993;607233;10
2,02E+11;18;3;6;1435;1;2;9;1;5;435;D15  route de Maconnex;M;4629787;609309;10
2,02E+11;18;2;27;1300;1;1;1;1;1;160;D1005 accиs secteur fran;M;4625702;611523;10
2,02E+11;18;4;3;1530;1;2;4;1;3;313;D 35;M;4625407;606288;10
2,02E+11;18;4;10;930;1;2;3;8;1;435;route de Maconnex;M;4629653;609191;10
2,02E+11;18;6;14;750;1;2;3;1;3;160;Chemin de la planche bru;M;4625011;610172;10
2,02E+11;18;6;30;1010;1;2;1;1;6;160;67 rue de versoix;M;4625920;611668;10
2,02E+11;18;7;4;1015;1;2;9;1;6;160;avenue Voltaire;M;4625802;611218;10
2,02E+11;18;9;19;1450;1;2;1;1;7;313;chemin de magny;M;4625527;609317;10
2,02E+11;18;11;6;810;1;2;3;5;3;313;route de bellevue;M;4625776;607633;10
2,02E+11;18;1;19;815;1;1;1;1;2;249;RD1083;M;4585817;491060;10
2,02E+11;18;1;30;2100;3;1;1;1;1;249;D1083;M;4585501;490916;10
2,02E+11;18;2;21;500;5;2;3;1;3;43;chemin de la sereine;M;4583079;499545;10
2,02E+11;18;3;1;750;1;2;1;4;3;249;route de strasbourg;M;4587886;491049;10
2,02E+11;18;3;3;1915;5;2;1;1;1;249;1634 montйe neuve;M;4582761;494753;10
2,02E+11;18;3;22;825;1;2;2;1;6;249;Carrefour du four а chau;M;4582667;496825;10
2,02E+11;18;4;9;1100;1;2;2;1;3;249;Montйe Neuve;M;4582860;494957;10
2,02E+11;18;5;3;1615;1;2;1;1;3;249;259 CHEMIN DE RONDE;M;4582499;496539;10
2,02E+11;18;5;11;2350;5;2;1;1;6;43;parking ZAC des Baterses;M;4583927;499744;10
2,02E+11;18;5;29;1835;1;1;3;1;2;418;route de montluel;M;4582251;503141;10
2,02E+11;18;6;12;940;1;2;2;1;3;249;D1084;M;4582679;496826;10
2,02E+11;18;7;3;1615;1;1;1;1;6;275;D1084;M;4580967;492379;10
2,02E+11;18;7;14;45;5;2;1;1;6;275;CD 1084;M;4580975;492421;10
2,02E+11;18;7;31;1910;1;2;2;1;1;249;rue joseph carrй;M;4582686;495294;10
2,02E+11;18;11;30;815;1;1;2;2;4;275;D71;M;4582412;492454;10
2,02E+11;18;12;26;845;1;2;1;1;5;376;chemin Noir;M;4582392;497536;10
2,02E+11;18;11;29;1315;1;1;1;6;6;27;Sortie du camp militaire;M;4583086;510792;10
2,02E+11;18;6;21;2145;2;2;1;1;6;32;montйe de beligneux;M;4585469;512892;10
2,02E+11;18;8;12;240;3;1;1;1;7;32;route du dauphinй;M;4584828;515773;10
2,02E+11;18;11;5;1520;1;2;6;1;7;142;1084;M;4585110;506622;10
2,02E+11;18;11;9;815;1;2;1;1;6;49;rue joseph guinet;M;4584427;503478;10
2,02E+11;18;11;9;1745;5;2;1;1;6;142;rue des chartiniиres;M;4584394;506588;10
2,02E+11;18;11;10;415;5;1;1;1;6;49;D61A;M;4582961;504099;10
2,02E+11;18;3;22;2215;3;1;1;1;1;42;RD 4;M;4438303;461389;70
2,02E+11;18;4;15;2130;3;1;1;1;1;264;route dйpartementale 86;M;4432541;463203;70
2,02E+11;18;7;11;1730;1;1;1;1;2;259;D290;M;4430320;459700;70
2,02E+11;18;7;25;1130;1;1;1;1;3;42;RD4;M;4438777;461930;70
2,02E+11;18;1;19;945;1;2;1;1;1;138;RN102;M;4456797;446145;70
2,02E+11;18;6;22;1650;1;1;1;1;1;341;D902- RN102;M;4456025;450526;70
2,02E+11;18;7;28;1250;1;1;1;1;7;247;RN102;M;4459042;453919;70
2,02E+11;18;9;21;1645;1;2;1;1;1;272;RD 579;M;4452173;440085;70
2,02E+11;18;10;24;1900;5;1;9;1;2;138;intersection D 103 et ch;M;4456479;446081;70
2,02E+11;18;12;23;1145;1;1;1;1;6;159;3042 route de villeneuve;M;4458929;449189;70
2,02E+11;18;5;30;830;1;2;1;2;3;178;Lieu-dit Niegles;M;4466874;429093;70
2,02E+11;18;6;16;1845;1;1;1;1;7;315;Route dйpartementale 19;M;4462687;419041;70
2,02E+11;18;7;22;1210;1;1;1;1;4;161;D536 - croisement rue de;M;4470821;419874;70
2,02E+11;18;10;13;1045;1;2;1;1;7;182;route de jaujac;M;4463297;430986;70
2,02E+11;18;12;7;1935;5;2;1;1;5;178;RN 102;M;4466647;430752;70
2,02E+11;18;12;14;2310;3;1;1;1;6;25;LIEU-DIT LA MOTTE;M;4466623;415785;70
2,02E+11;18;1;9;700;3;2;1;3;6;324;53  avenue marйchal foch;M;4507056;482744;70
2,02E+11;18;1;28;1545;1;2;1;1;2;324;42 quai farconnet;M;4506943;482906;70
2,02E+11;18;2;20;2230;5;2;9;1;6;324;quartier saint vincent;M;4505007;483116;70
2,02E+11;18;3;17;1500;1;1;6;2;7;324;RD86- PK39;M;4505306;483734;70
2,02E+11;18;4;3;740;1;1;6;1;3;152;RD86;M;4503299;482705;70
2,02E+11;18;4;22;2010;1;1;1;1;3;68;route de plats;M;4501127;471505;70
2,02E+11;18;4;23;1100;1;1;1;1;7;152;RD 86  PK42;M;4502817;481820;70
2,02E+11;18;5;1;1930;1;1;1;3;1;324;Route de lamastre;M;4506779;481218;70
2,02E+11;18;5;8;2015;1;1;1;1;1;15;D86;M;4515288;481464;70
2,02E+11;18;5;9;915;1;2;1;8;6;324;place carnot;M;4506440;483587;70
2,02E+11;18;8;22;2000;2;1;9;1;6;169;LIEU DIT GACHON CHEMIN D;M;4517110;477318;70
2,02E+11;18;9;1;1125;1;1;9;1;6;324;Route de Lamastre;M;4506624;478207;70
2,02E+11;18;9;29;1720;1;1;1;1;1;217;D534  PK 9+070;M;4505359;474220;70
2,02E+11;18;11;21;1300;1;2;1;1;6;324;Rue du repos;M;4505954;483374;70
2,02E+11;18;12;3;1640;1;2;1;1;6;324;avenue marcehal foch;M;4507183;482383;70
2,02E+11;18;2;25;1120;1;1;1;8;1;37;RD 538A  QT FOISSONNETS;M;;;260
2,02E+11;18;3;17;1240;1;1;2;8;3;64;FONLARD;M;4489841;498319;260
2,02E+11;18;4;6;1650;1;1;2;1;5;170;RD 68;M;4491360;496030;260
2,02E+11;18;4;28;1640;1;2;1;1;2;232;LES ARBODS;M;4491260;510420;260
2,02E+11;18;5;7;2030;2;2;1;1;3;197;LA PIMPIE;M;;;260
2,02E+11;18;6;3;1820;1;1;2;9;3;206;Intersection D125 / Rout;M;4482820;497740;260
2,02E+11;18;6;6;1010;1;1;1;1;3;212;RD 176;M;;;260
2,02E+11;18;6;19;720;1;1;1;1;3;37;D538 A;M;;;260
2,02E+11;18;6;22;2227;3;1;1;1;6;206;AV DES GENCEAUX;M;;;260
2,02E+11;18;7;12;1730;1;1;4;1;3;206;LES PLOTS;M;;;260
2,02E+11;18;7;16;100;3;1;1;8;6;64;D 236;M;;;260
2,02E+11;18;8;4;1245;1;1;1;1;7;64;RD 538;M;;;260
2,02E+11;18;8;7;1200;1;1;3;1;3;37;ALLEE DES TROIS BUCHES;M;;;260
2,02E+11;18;9;2;940;1;2;9;1;6;64;avenue de VALENCE;M;4490091;501672;260
2,02E+11;18;11;2;910;1;1;2;1;5;196;intersection D211- chemi;M;4485136;493750;260
2,02E+11;18;11;18;1350;1;1;2;1;3;64;LES SIMONDINS;M;4491910;494240;260
2,02E+11;18;2;7;1955;3;1;1;5;7;168;HAMEAU DU LOGIS DE OURS;M;;;260
2,02E+11;18;6;29;1615;1;1;1;7;7;168;RD 1075;M;;;260
2,02E+11;18;1;10;1810;3;1;1;1;3;145;RD 133;M;;;260
2,02E+11;18;2;24;2345;3;1;1;1;6;169;RN 7 ECHANGEUR MONTELIMA;M;4447979;476237;260
2,02E+11;18;4;16;945;1;1;1;1;1;169;R N 7;M;;;260
2,02E+11;18;8;8;1030;1;1;1;1;1;85;RD 73;M;;;260
2,02E+11;18;8;29;1540;1;1;1;1;6;85;D206;M;4450455;475700;260
2,02E+11;18;11;25;2155;3;1;1;5;6;85;D206;M;4450455;475700;260
2,02E+11;18;12;21;1750;3;1;3;8;1;85;D73;M;4450160;472260;260
2,02E+11;18;1;11;815;1;1;1;1;2;235;CHEMIN DES SILOS;M;;;260
2,02E+11;18;7;19;2345;3;1;1;1;6;235;CHEMIN DE FREYSSINET;M;4434549;470636;260
2,02E+11;18;11;23;1850;5;2;6;3;3;235;rue antoine de saint-exu;M;4437571;470385;260
2,02E+11;18;1;19;25;3;1;1;1;7;233;PONT DE BARRAS;M;;;260
2,02E+11;18;1;27;1845;2;1;1;1;6;367;SERRE DU DERLOT;M;;;260
2,02E+11;18;3;20;500;2;1;1;1;7;348;RD 14;M;4446254;497859;260
2,02E+11;18;4;17;1500;1;2;7;1;6;220;Place de la Rйpublique;M;4436121;513633;260
2,02E+11;18;5;17;800;1;2;1;1;1;192;QUARTIER PRADOUS;M;;;260
2,02E+11;18;5;18;2145;3;1;1;1;6;220;LES FONTS;M;;;260
2,02E+11;18;6;15;1915;1;2;1;7;6;220;AVENUE HENRI ROCHIER;M;;;260
2,02E+11;18;7;11;1630;1;1;1;1;1;182;D538;M;4432358;509962;260
2,02E+11;18;9;7;1145;1;1;1;1;6;367;Lieu dit Audries;M;4442653;511792;260
2,02E+11;18;9;8;130;3;1;1;1;6;182;RD 538;M;4432530;510011;260
2,02E+11;18;9;22;1130;1;2;1;1;6;220;drey de meyne;M;4435995;514009;260
2,02E+11;18;11;21;1610;2;1;1;2;6;348;D24;M;4444476;501105;260
2,02E+11;18;2;18;1445;1;2;2;1;3;691;:  CHOQUART (RUE PIERRE);M;4983674;331887;20
2,02E+11;18;4;21;1550;1;2;3;1;7;340;VERCRUYSSE (RUE JULES);M;4982594;327342;20
2,02E+11;18;6;23;1625;1;1;2;1;2;340;C.D 1;M;4982152;329791;20
2,02E+11;18;6;29;1055;1;2;1;1;6;691;DUMONT (RUE DU CAPITAINE;M;4986185;330107;20
2,02E+11;18;9;4;610;5;2;3;1;6;691;FUSILLES-F.N.D (AVENUE D;M;4984060;331258;20
2,02E+11;18;10;5;1858;2;2;1;1;3;691;GAYANT (QUAI);M;4984056;329298;20
2,02E+11;18;10;4;1940;2;2;1;1;1;691;LILLE (RUE DE);M;4986160;326458;20
2,02E+11;18;11;7;745;3;2;1;1;3;371;Guise (Rue de);M;4984102;332211;20
2,02E+11;18;11;19;1925;5;2;4;1;3;691;MARTIN (BD HENRI);M;4984552;327913;20
2,02E+11;18;10;15;1205;1;2;1;1;6;691;SIEGFRIED (RUE JULES);M;4985165;330116;20
2,02E+11;18;11;27;1755;5;2;1;1;6;691;CHAUSSEE-ROMAINE (RUE DE;M;4984374;327599;20
2,02E+11;18;11;28;1755;3;2;3;1;3;691;TOMBELLE (CHEMIN DE LA);M;4983845;326466;20
2,02E+11;18;5;12;1710;1;1;1;1;7;146;RD 541;M;;;260
2,02E+11;18;7;7;1230;1;1;1;1;6;203;RD 4;M;;;260
2,02E+11;18;7;25;220;3;1;1;1;7;70;RD 471 - Avenue de la ga;M;4439652;488419;260
2,02E+11;18;9;11;645;3;1;1;1;3;146;RD541;M;4442254;487754;260
2,02E+11;18;8;7;230;3;1;1;1;1;146;RD 541;M;;;260
2,02E+11;18;1;14;1750;3;1;2;1;3;313;THODURE;M;;;260
2,02E+11;18;2;14;1400;1;1;1;1;3;84;PEYROUILLER SUD;M;4499474;494794;260
2,02E+11;18;2;23;1700;1;2;1;1;6;88;CHEMIN DE CENIZIER;M;4500153;507978;260
2,02E+11;18;4;26;1750;1;1;1;1;2;4;BONLIEU;M;4500752;501337;260
2,02E+11;18;5;11;1630;1;2;1;1;3;313;ZONE ACTIVITE DE LAYE;M;4496017;493863;260
2,02E+11;18;6;12;2200;3;2;1;9;7;313;RUE PARADIS;M;4496957;496191;260
2,02E+11;18;7;1;1100;1;1;1;7;2;23;GRANDE RUE;M;;;260
2,02E+11;18;8;3;2135;3;1;1;1;1;381;ROUTE DES MATS;M;4504002;516035;260
2,02E+11;18;8;12;1340;1;1;1;1;1;84;ROUTE DES PECHES;M;;;260
2,02E+11;18;8;26;300;3;1;1;1;6;79;D 125;M;4494018;508457;260
2,02E+11;18;8;26;2215;3;1;1;1;7;129;Route de la Rйsistance;M;4506932;519374;260
2,02E+11;18;9;12;1740;1;2;1;1;6;313;85 cote du vallon;M;4497102;494937;260
2,02E+11;18;9;20;1830;1;1;2;1;3;34;RD532;M;4506132;521138;260
2,02E+11;18;10;27;1800;1;1;1;2;6;129;D532;M;4504916;516778;260
2,02E+11;18;11;6;1800;3;1;9;2;2;88;RD 532 C;M;4502953;508022;260
2,02E+11;18;11;7;840;1;1;1;1;1;313;Chemin des Blaches  D632;M;4496339;493125;260
2,02E+11;18;11;20;1340;1;1;2;1;3;84;ROUTE DE LA CROIX DE COL;M;4500966;495262;260
2,02E+11;18;3;14;1055;1;1;1;1;7;163;BOIS DU MOULIN;M;;;260
2,02E+11;18;4;12;1700;1;2;1;1;4;307;RTE DE ROCHECHINARD;M;4501800;528580;260
2,02E+11;18;2;10;1630;1;2;1;1;6;271;RUE DE LA TREILLE;M;4501384;484313;260
2,02E+11;18;4;24;1705;1;1;2;1;3;38;VIGNES VIEILLES;M;4503200;493080;260
2,02E+11;18;5;12;600;2;2;1;1;1;347;AV VERCORS  ET RESISTANC;M;;;260
2,02E+11;18;6;14;1915;2;2;6;1;2;250;RN 7;M;;;260
2,02E+11;18;6;10;745;1;2;1;1;6;38;R D 67;M;;;260
2,02E+11;18;8;16;1440;1;2;1;1;6;347;AVENUE PRESIDENT ROOSEVE;M;;;260
2,02E+11;18;9;15;800;1;2;1;1;2;179;D115;M;4506941;487549;260
2,02E+11;18;10;4;1045;1;1;1;1;2;250;RD 153;M;4501527;488517;260
2,02E+11;18;10;5;1600;1;2;6;1;6;271;AVENUE DU VERCORS;M;4501295;484952;260
2,02E+11;18;4;3;904;1;1;1;1;6;83;RD52.C;M;4581718;535388;380
2,02E+11;18;4;20;1611;1;1;1;1;1;543;ROUTE DES DOUANES;M;4565228;546677;380
2,02E+11;18;7;4;1205;1;1;1;1;2;256;RD 1075;M;4547613;558735;380
2,02E+11;18;10;4;915;1;1;1;1;7;412;D520;M;4542690;576080;380
2,02E+11;18;10;10;1910;2;1;6;1;2;449;D311/D1006;M;4566019;510250;380
2,02E+11;18;10;18;915;1;1;1;1;4;211;D518;M;4545838;517863;380
2,02E+11;18;12;10;1114;1;1;1;1;3;458;d 16 pr 9+750;M;4563366;548045;380
2,02E+11;18;1;7;610;5;2;7;2;6;805;MOINES Rue des;M;4937051;335649;20
2,02E+11;18;2;11;640;5;2;1;8;6;243;5  L‚o Nathi‚ (Rue);M;4939932;333490;20
2,02E+11;18;2;16;2015;5;2;3;1;1;722;PRESLES ( BOULEVARD );M;4937476;330823;20
2,02E+11;18;2;22;1055;1;2;2;1;6;722;10  THIERS (AVENUE );M;4937609;332733;20
2,02E+11;18;4;7;2250;5;2;3;1;3;805;MILEMPART Rue;M;4937613;334333;20
2,02E+11;18;4;11;1820;1;2;1;1;3;722;EDOUARD BRANLY ( BOULEVA;M;4939151;331773;20
2,02E+11;18;5;27;1930;1;2;9;1;6;722;PRESLES ( BOULEVARD );M;4937530;330933;20
2,02E+11;18;6;1;815;1;2;3;1;6;722;SAINT- CHRISTOPHE(PLACE);M;4938216;332160;20
2,02E+11;18;6;2;1220;1;1;1;1;6;243;ROUTE NATIONALE 2;M;4939818;336820;20
2,02E+11;18;6;5;1705;1;2;1;1;6;722;JEAN MONNET ( RUE );M;4937005;331975;20
2,02E+11;18;6;23;2040;1;2;1;1;6;722;PRESLES ( ROUTE DE );M;4937041;330469;20
2,02E+11;18;8;2;1330;1;1;1;1;2;243;ROUTE NATIONALE 2;M;4940209;336733;20
2,02E+11;18;7;2;2054;1;2;1;1;6;722;REIMS (AVENUE DE );M;4937612;333340;20
2,02E+11;18;7;15;1900;1;2;1;1;6;722;SAINT-MARTIN (RUE);M;4937847;332864;20
2,02E+11;18;9;7;1155;1;2;6;1;5;722;MAIL ( ROND POINT DU );M;4938421;332962;20
2,02E+11;18;10;5;815;1;2;1;1;6;722;WINSTON CHURCHILL ( AVEN;M;4938030;330550;20
2,02E+11;18;10;6;1356;1;1;1;1;3;243;ROUTE NATIONALE 2;M;4941003;337806;20
2,02E+11;18;11;9;1020;1;2;2;1;6;722;FEUILLANTS ( RUE DES );M;4937878;332854;20
2,02E+11;18;11;18;1600;2;1;6;1;6;722;ARCHER ( ROND POINT DE L;M;4936598;331052;20
2,02E+11;18;12;14;1910;5;2;2;1;6;722;COMMERCE ( RUE DU );M;4938175;332780;20
2,02E+11;18;12;14;2040;3;1;1;1;1;64;ROUTE NATIONALE 2;M;4936131;333683;20
2,02E+11;18;12;10;752;2;2;1;8;6;722;PARIS ( AVENUE DE);M;4937880;331895;20
2,02E+11;18;5;11;1500;1;2;1;1;2;158;rue Evariste Galois;M;4515138;573938;380
2,02E+11;18;9;3;950;1;2;9;1;6;57;Parking Av Rйpublique;M;4514199;573550;380
2,02E+11;18;9;20;1500;1;2;1;1;3;158;D5;M;4515760;574640;380
2,02E+11;18;10;17;1750;1;2;1;1;7;158;D5;M;4516567;574230;380
2,02E+11;18;10;29;1710;1;2;2;2;6;158;D5;M;4515002;575013;380
2,02E+11;18;4;25;1640;1;1;1;1;6;317;RN85;M;4512134;569679;380
2,02E+11;18;7;5;1115;1;2;1;1;3;317;cours St Andrй;M;4512568;569804;380
2,02E+11;18;4;8;300;4;2;1;1;1;382;avenue de l'ile brune;M;4522890;566740;380
2,02E+11;18;4;26;1850;1;2;3;1;3;382;route de lyon;M;4524275;567068;380
2,02E+11;18;6;26;1945;1;2;1;1;2;382;23  rue glairaux;M;4522074;567482;380
2,02E+11;18;7;2;1910;1;2;3;1;7;382;Avenue de l'Europe;M;4523849;567408;380
2,02E+11;18;7;24;2030;1;2;9;1;3;382;route de Grenoble;M;4522067;569095;380
2,02E+11;18;9;17;1155;1;2;2;1;3;382;Avenue du Gйnйral De Gau;M;4523072;568163;380
2,02E+11;18;10;18;740;2;2;2;1;3;382;D105F;M;4524025;566663;380
2,02E+11;18;11;11;1830;3;1;1;1;7;325;D105;M;4525798;569580;380
2,02E+11;18;12;30;2040;5;2;1;1;3;382;D1075;M;4523277;567927;380
2,02E+11;18;2;1;1750;2;1;1;1;1;405;520;M;4537066;568828;380
2,02E+11;18;2;6;1830;2;1;3;1;3;412;RD 520 - chemin des char;M;4538654;571672;380
2,02E+11;18;2;11;630;2;1;1;8;6;442;D512 - La Diat;M;4533653;580684;380
2,02E+11;18;2;13;1640;1;1;1;1;7;442;Col de cucheron;M;4536499;583370;380
2,02E+11;18;3;27;445;3;1;1;1;6;236;D49;M;4543146;571765;380
2,02E+11;18;3;31;1;3;1;1;4;7;442;D520B;M;4535048;577411;380
2,02E+11;18;4;6;1520;1;1;3;1;1;405;Carrefour Le Demay;M;4536283;567915;380
2,02E+11;18;4;22;1530;1;1;1;7;7;442;D520B;M;4534793;578811;380
2,02E+11;18;5;3;1720;1;2;1;2;5;412;D520 -route des йchelles;M;4539932;574396;380
2,02E+11;18;5;5;1150;1;1;1;1;6;412;FOURVOIRIE;M;4536832;575075;380
2,02E+11;18;5;15;700;1;1;3;1;1;405;D520;M;4536281;567923;380
2,02E+11;18;6;17;1710;1;1;1;1;7;405;lieu dit le DEMAY;M;4536354;567670;380
2,02E+11;18;6;27;325;3;1;1;1;6;376;D 520 C;M;4543096;579537;380