Num_Acc;an;mois;jour;hrmn;lum;agg;int;atm;col;com;adr;gps;lat;long;dep
2,02E+11;18;11;24;1040;1;1;1;2;6;85;d603;M;4910734;646746;570
2,02E+11;18;12;14;1900;3;1;1;1;1;190;D19 sortie d' ELVANGE;M;4905853;655292;570
2,02E+11;18;5;16;2105;1;1;1;1;2;222;D31BIS - PK 9+200 - SENS;M;4916168;691992;570
2,02E+11;18;6;2;1230;1;2;9;1;3;521;route de sarreguemines -;M;4917609;692322;570
2,02E+11;18;6;2;2115;1;2;1;1;3;13;rue chatelaillon;M;4917683;700148;570
2,02E+11;18;11;6;1330;1;2;1;1;3;484;RUE NATIONALE;M;4916499;686196;570
2,02E+11;18;1;5;1935;5;2;1;2;7;208;11 rue principale;M;4910166;689576;570
2,02E+11;18;5;7;2015;1;2;1;1;6;207;intersection rue du stad;M;4912388;687585;570
2,02E+11;18;6;9;1615;1;1;1;1;1;207;RD910;M;4911420;684878;570
2,02E+11;18;12;29;1935;5;2;1;2;1;73;8A rue principale;M;4912842;681598;570
2,02E+11;18;10;19;1315;1;2;1;1;6;206;rue Saint-Roch;M;4930841;609138;570
2,02E+11;18;11;7;1750;5;2;9;3;6;206;27 avenue jeanne d'arc;M;4930486;610287;570
2,02E+11;18;11;9;1950;3;2;1;1;3;206;RD 653;M;4931373;610819;570
2,02E+11;18;2;19;835;1;2;1;1;1;683;1 bis rue de Budange;M;4930075;614901;570
2,02E+11;18;3;9;1330;1;2;1;2;2;474;Rue des Ponts;M;4926125;616348;570
2,02E+11;18;7;5;222;5;2;1;1;6;683;rue de Metz;M;4930118;616249;570
2,02E+11;18;3;17;1850;5;2;1;4;6;430;Rue de l'йcluse;M;4876239;611528;540
2,02E+11;18;5;5;1715;1;1;1;1;6;430;RD 657;M;4877074;610790;540
2,02E+11;18;7;15;2000;1;2;1;1;6;215;1 place nationale;M;4876011;612272;540
2,02E+11;18;10;13;40;5;1;3;1;6;430;D657 (PR 25 + 400);M;4878194;613028;540
2,02E+11;18;3;24;255;4;1;1;5;6;196;sortie RN 57 - flavigny;M;4857660;617491;540
2,02E+11;18;4;22;2130;3;1;1;1;6;429;D50B route de xeuilley;M;4855545;611915;540
2,02E+11;18;5;7;1810;1;2;9;1;3;366;RD 115 - PK 14+900;M;4861050;614233;540
2,02E+11;18;10;30;1700;1;1;1;1;1;366;D115B;M;4860641;616346;540
2,02E+11;18;12;8;1745;3;1;1;6;7;596;104 Route de Vezelise;M;4855459;609555;540
2,02E+11;18;2;2;1820;5;2;2;1;6;310;rue de l'emballage;M;4612995;343149;30
2,02E+11;18;2;5;955;1;2;3;1;6;1;32  VICHY (AVENUE DE);M;4609982;344413;30
2,02E+11;18;3;11;1510;1;2;1;1;6;310;allйe des ailes;M;4613591;341545;30
2,02E+11;18;2;19;1655;1;2;1;1;6;310;0  AILES (ALLEE DES);M;4613835;341553;30
2,02E+11;18;3;31;2320;3;2;1;1;2;23;route de Charmeil;M;4613764;339845;30
2,02E+11;18;4;6;1740;1;2;6;1;2;310;GARE (PLACE DE LA);M;4612668;343001;30
2,02E+11;18;4;13;1415;1;2;6;1;3;23;LERY (RUE DU);M;4611001;338234;30
2,02E+11;18;4;25;1820;1;2;3;1;5;23;CAVY (RUE ADRIEN);M;4611692;340106;30
2,02E+11;18;4;26;1700;1;2;2;1;7;310;FRANCE (AVENUE DE);M;4611852;342655;30
2,02E+11;18;4;28;1130;1;2;1;1;6;23;AUBERGER (AVENUE FERNAND;M;4611700;341370;30
2,02E+11;18;5;5;1144;1;2;1;1;6;310;WILSON (RUE DU PRESIDENT;M;4612520;342080;30
2,02E+11;18;5;15;1028;1;2;2;1;6;310;CELESTINS (AVENUE DES);M;4612459;342974;30
2,02E+11;18;4;30;1705;1;1;1;1;1;23;GANNAT (ROUTE DE);M;4612874;337488;30
2,02E+11;18;6;4;1255;1;2;2;1;3;23;MUSSET (RUE ALFRED DE);M;4610991;340469;30
2,02E+11;18;6;5;2225;5;2;2;1;3;310;LYON (AVENUE DE);M;4612997;343149;30
2,02E+11;18;6;21;2350;3;2;3;1;2;310;AILES (ALLEE DES);M;4613938;341553;30
2,02E+11;18;6;23;758;1;2;2;1;3;95;BICENTENAIRE (BOULEVARD;M;4614146;344924;30
2,02E+11;18;6;24;640;2;2;2;1;1;95;GIRAUDOUX (RUE JEAN);M;4613472;346211;30
2,02E+11;18;7;4;1645;1;2;1;3;6;310;FRANCE (AVENUE DE);M;4611854;342662;30
2,02E+11;18;8;10;1150;1;2;3;1;6;310;WILSON (RUE DU PRESIDENT;M;4612487;342093;30
2,02E+11;18;9;3;1745;1;2;3;1;2;95;SEIGLES (CHEMIN DES);M;4614370;348380;30
2,02E+11;18;9;7;850;1;2;3;1;5;310;LYAUTEY (RUE DU MARECHAL;M;4611842;343548;30
2,02E+11;18;9;12;1730;1;2;2;1;6;310;JOFFRE (RUE DU MARECHAL);M;4612293;342934;30
2,02E+11;18;9;15;1150;1;2;3;1;6;310;JAURES (RUE JEAN);M;4613361;342323;30
2,02E+11;18;9;20;1735;1;1;3;1;3;310;COTE SAINT AMAND (RUE DE;M;4611799;343859;30
2,02E+11;18;9;22;1200;1;2;1;1;3;310;AILES (ALLEE DES);M;4614544;341476;30
2,02E+11;18;10;4;1750;1;2;3;1;6;95;LAFAYE (RUE FERNAND et A;M;4612400;344700;30
2,02E+11;18;10;15;1720;1;2;1;2;3;310;KENNEDY (BOULEVARD DU PR;M;4611957;342270;30
2,02E+11;18;11;4;1630;1;2;1;1;3;23;AUBERGER (AVENUE FERNAND;M;4611490;341195;30
2,02E+11;18;11;6;1515;1;2;1;1;3;95;HUIT MAI 1945 (BOULEVARD;M;4612885;343863;30
2,02E+11;18;11;30;755;3;2;1;2;1;95;PARIS (ROUTE DE);M;4613828;345626;30
2,02E+11;18;12;5;1310;1;2;1;1;3;310;AILES (ALLEE DES);M;4614078;341541;30
2,02E+11;18;12;22;2212;5;2;1;1;6;310;CLEMENCEAU (RUE GEORGES);M;4612325;342232;30
2,02E+11;18;12;27;1534;1;2;3;1;3;310;ETATS-UNIS (BOULEVARD DE;M;4612172;341812;30
2,02E+11;18;12;4;1623;1;2;1;1;6;310;JAURES (RUE JEAN);M;4612631;342536;30
2,02E+11;18;12;29;1300;1;2;1;1;3;310;AILES (ALLEE DES);M;4614540;341464;30
2,02E+11;18;12;29;1830;5;2;2;1;3;310;JAURES (RUE JEAN);M;4613044;342355;30
2,02E+11;18;1;1;415;3;1;1;2;7;61;RD 400 PK 74.720;M;4857395;664730;540
2,02E+11;18;3;13;650;2;1;1;1;3;588;nationale 4;M;4860079;644326;540
2,02E+11;18;4;8;1145;1;1;1;1;7;23;route dйpartementale 23;M;4872160;651052;540
2,02E+11;18;6;16;1640;1;2;4;1;6;129;intersection RD 993 (rue;M;4858192;694641;540
2,02E+11;18;11;10;1145;1;1;1;1;6;38;RN 59 - PK 19+800;M;4849765;669453;540
2,02E+11;18;4;4;715;2;2;1;1;6;584;11 rue de liverdun;M;4873630;598354;540
2,02E+11;18;8;14;730;1;1;1;1;6;532;rue de la mairie;M;4880844;593642;540
2,02E+11;18;9;8;1700;1;2;6;1;6;318;route de pompey;M;4875481;608387;540
2,02E+11;18;9;12;1737;1;1;1;1;6;348;RD907;M;4882275;592144;540
2,02E+11;18;9;12;1640;1;1;1;1;7;370;voie communale - grande;M;4881706;589055;540
2,02E+11;18;12;4;1640;2;1;1;1;1;490;rd90b - PK3+816;M;4877383;605396;540
2,02E+11;18;12;11;2145;5;1;1;1;1;318;route de FROUARD;M;4875082;608390;540
2,02E+11;18;12;25;150;3;1;1;1;6;318;rue sous vignal - RD191;M;4875885;603713;540
2,02E+11;18;1;28;1730;2;2;1;2;6;423;rue Milaville;M;4890907;518038;550
2,02E+11;18;4;18;1330;1;1;1;7;2;366;dйpartementale 994 pk 22;M;4879054;506464;550
2,02E+11;18;4;25;1420;1;1;2;1;3;123;Croisement axes D116 / D;M;4884550;520612;550
2,02E+11;18;9;15;1223;1;1;2;1;3;479;carrefour RD 116 et RD 1;M;4884475;520703;550
2,02E+11;18;12;14;2200;5;2;1;1;6;11;Chemin de la vieille cot;M;4879262;495818;550
2,02E+11;18;6;26;1725;1;1;4;1;3;258;Gironville sous les cote;M;4879792;567323;550
2,02E+11;18;11;6;2045;3;1;1;1;7;258;RD 908 PK 54+50;M;4876597;569637;550
2,02E+11;18;1;12;2235;3;1;1;1;6;510;D947;M;4952667;533886;550
2,02E+11;18;5;27;1715;1;1;1;1;7;351;D110D;M;4952201;535575;550
2,02E+11;18;5;17;2025;1;2;1;1;4;425;Rue du Moulin - D69;M;4944309;536151;550
2,02E+11;18;6;2;1815;1;2;1;1;7;218;06 grande rue;M;4927592;547755;550
2,02E+11;18;7;17;1723;1;1;1;1;1;510;D947;M;4952272;532626;550
2,02E+11;18;7;20;1830;1;2;5;1;1;351;Rue Ernest Mabille;M;4951667;536765;550
2,02E+11;18;9;14;1240;1;2;1;1;6;554;RD 118;M;4951106;540325;550
2,02E+11;18;10;7;30;3;1;1;1;7;509;D643;M;4957806;534060;550
2,02E+11;18;1;4;1540;1;2;1;3;6;253;33 rue du saut le cerf;M;4819710;647606;880
2,02E+11;18;3;2;1325;1;1;1;4;5;273;RD 46 PK 022.800;M;4821421;650210;880
2,02E+11;18;3;13;1320;1;2;1;2;1;178;route de Darney;M;4817203;638719;880
2,02E+11;18;5;18;1600;1;2;1;1;1;132;62 rue d'Alsace;M;4820097;652758;880
2,02E+11;18;6;19;1330;1;2;1;1;6;126;845 Rue de la gare;M;4819329;636303;880
2,02E+11;18;9;7;1220;1;1;1;1;6;160;RN.57  PK.32.800;M;4817931;648459;880
2,02E+11;18;10;6;1510;1;2;2;1;3;483;7 rue de la Mйnиre;M;4819706;638037;880
2,02E+11;18;12;1;2140;3;1;1;2;7;388;RD 51  PK 07+056;M;4813129;637796;880
2,02E+11;18;12;10;1515;1;2;1;2;6;253;avenue des Terres Saint;M;4819259;647588;880
2,02E+11;18;12;29;1500;1;1;3;1;3;253;RD11;M;4818843;648520;880
2,02E+11;18;1;26;1810;5;2;3;2;6;78;Rue Abel Ferry;M;4820319;672274;880
2,02E+11;18;3;24;1640;1;1;1;7;1;262;route de la Rosiиre;M;4818131;676507;880
2,02E+11;18;4;7;1900;1;1;1;1;3;167;RD11;M;4813859;665893;880
2,02E+11;18;4;14;1640;1;1;1;1;4;167;D11;M;4814093;663817;880
2,02E+11;18;5;7;1410;1;1;1;1;1;28;RD11;M;4815326;655614;880
2,02E+11;18;7;21;1500;1;1;1;1;1;101;RD 159 B;M;4812563;658684;880
2,02E+11;18;7;21;2315;3;1;1;1;1;86;Rue du Coq de Bruyиres;M;4819220;673734;880
2,02E+11;18;7;24;1710;1;1;1;1;7;263;D30;M;4813333;670875;880
2,02E+11;18;8;18;822;1;1;1;1;7;167;RD11;M;4814023;664821;880
2,02E+11;18;9;1;1540;1;1;1;1;6;64;RD420 - Lieu-dit MAILLEF;M;4825512;679104;880
2,02E+11;18;9;24;1800;1;1;1;1;1;64;D420;M;4826921;682216;880
2,02E+11;18;11;12;2230;3;2;1;3;1;91;62 GRAND RUE;M;4816412;659247;880
2,02E+11;18;4;13;1700;1;1;1;1;2;173;PK 04+500 - RN 57;M;4836989;627165;880
2,02E+11;18;5;24;1850;1;2;3;1;2;90;Intersection RD 157 / ru;M;4836924;629511;880
2,02E+11;18;9;1;905;1;1;1;1;1;90;RD 157 - rue Claude Barr;M;4835821;630662;880
2,02E+11;18;9;20;1105;1;1;1;1;1;355;Voie Verte;M;4834825;635569;880
2,02E+11;18;9;28;350;3;1;1;1;6;73;RD 28 - PK 25+300;M;4835138;627865;880
2,02E+11;18;1;29;1810;3;1;1;1;1;527;D414;M;4841119;658636;880
2,02E+11;18;4;20;1530;1;1;1;7;7;395;route des vignes;M;4836615;658487;880
2,02E+11;18;6;29;630;1;1;9;1;1;521;RD 46 rue d'йpinal;M;4830579;660582;880
2,02E+11;18;7;13;1152;1;2;1;1;7;367;76 vieux chemin de bru;M;4834877;665519;880
2,02E+11;18;8;15;100;3;1;1;1;1;340;D46;M;4828788;657837;880
2,02E+11;18;10;10;1804;1;1;2;7;3;416;RD 32. PR 18+900;M;4835013;652212;880
2,02E+11;18;1;4;1640;2;2;4;3;1;321;AVENUE DU GENERAL DE GAU;M;4835079;569291;880
2,02E+11;18;1;26;1600;1;2;1;1;6;95;1 rue Pierre de Couberti;M;4830071;583877;880
2,02E+11;18;1;27;115;3;1;1;1;6;44;D74 PK 005+000;M;4831516;566793;880
2,02E+11;18;2;2;1815;3;1;1;2;5;324;RD 166 PK 19.00;M;4829534;586353;880
2,02E+11;18;2;17;555;5;2;3;3;1;95;rue de Lorraine;M;4830104;583799;880
2,02E+11;18;2;26;1630;1;1;1;1;7;83;D164 PN 8;M;4831012;572178;880
2,02E+11;18;4;6;1115;1;2;1;1;6;321;AVENUE DU GENERAL DE GAU;M;4835272;569280;880
2,02E+11;18;4;11;1700;1;1;1;1;1;20;D674 PK 33.400;M;4848724;585401;880
2,02E+11;18;4;18;130;3;1;3;1;6;440;intersection RD14 / RD 1;M;4827944;585453;880
2,02E+11;18;7;1;2322;3;1;1;1;6;376;D164 route de Neufchвtea;M;4832638;570635;880
2,02E+11;18;7;13;1000;1;1;1;1;6;321;D166;M;4835303;571650;880
2,02E+11;18;7;15;2135;2;1;1;1;7;141;D13;M;4828084;589522;880
2,02E+11;18;8;16;600;2;2;1;1;6;270;route de VILLOUXEL;M;4832376;557590;880
2,02E+11;18;5;26;530;3;1;1;9;6;523;RD 166;M;4833314;575413;880
2,02E+11;18;11;24;610;3;1;1;2;6;241;D 166 PK 023.500;M;4830197;591366;880
2,02E+11;18;12;4;1840;5;2;1;1;6;401;Rue du Bйatisй;M;4831121;577867;880
2,02E+11;18;12;21;1745;5;2;2;2;6;321;Avenue Charles De Gaulle;M;4835177;569280;880
2,02E+11;18;5;8;1130;1;1;1;7;3;470;face au 11 rue du quator;M;4808684;673423;880
2,02E+11;18;5;17;1135;1;1;1;1;1;196;Dйpartementale 417 - PK;M;4807339;683713;880
2,02E+11;18;6;9;315;5;2;7;1;3;196;place albert ferry;M;4806967;687504;880
2,02E+11;18;7;20;755;1;2;2;1;3;196;rue du levant;M;4807399;688030;880
2,02E+11;18;7;28;1735;1;2;4;1;1;196;intersection D69 et chem;M;4806400;685196;880
2,02E+11;18;8;6;1650;1;1;2;1;5;196;D 486 pk 032.500;M;4805121;686521;880
2,02E+11;18;2;23;1355;1;1;1;1;7;216;RUE DE LA FORET;M;4833777;758486;670
2,02E+11;18;3;25;645;1;1;1;1;7;285;PR 25;M;4839135;762290;670
2,02E+11;18;4;4;1004;1;2;6;1;2;397;Rue de la Dordogne;M;4831687;770515;670
2,02E+11;18;4;14;2225;3;1;1;1;6;28;;M;4836517;761085;670
2,02E+11;18;6;2;1530;1;1;1;1;6;246;Chemin forestier;M;4833442;753235;670
2,02E+11;18;5;22;2200;3;1;1;1;6;433;D124;M;4837172;762921;670
2,02E+11;18;6;16;2225;3;1;1;1;6;233;CD 206 PK 5+625;M;4838281;756067;670
2,02E+11;18;7;12;1000;1;2;2;1;3;28;rue Rohan;M;4837172;759788;670
2,02E+11;18;10;5;1345;1;1;3;1;2;246;;M;4833442;753235;670
2,02E+11;18;11;26;1245;1;2;1;1;1;28;rue de Strasbourg;M;4837147;759204;670
2,02E+11;18;3;10;1900;3;1;1;1;6;378;RD 468;M;4845582;771874;670
2,02E+11;18;4;3;745;1;2;1;1;4;131;rue des fusiliers marins;M;4847982;772947;670
2,02E+11;18;7;14;1625;1;2;1;1;1;131;24 rue de la premiиre di;M;4848792;771556;670
2,02E+11;18;8;29;1745;1;2;2;1;3;137;;M;4849654;768733;670
2,02E+11;18;1;28;1410;1;2;1;1;6;130;5 rue de la lorraine;M;4842507;766982;670
2,02E+11;18;2;21;1125;1;1;1;1;1;338;D468 - ROUTE DE STRASBOU;M;4835729;768304;670
2,02E+11;18;3;3;1215;1;2;3;1;1;130;rue du calvaire;M;4842815;765991;670
2,02E+11;18;3;30;2045;3;1;6;2;7;154;rd426;M;4840272;772277;670
2,02E+11;18;5;7;1230;1;1;1;1;1;526;RD206;M;4839933;757468;670
2,02E+11;18;1;9;345;3;1;1;8;6;45;Route dйpartementale 207;M;4848922;753299;670
2,02E+11;18;3;6;655;1;2;3;1;6;248;08 Grand  Rue;M;4847585;756875;670
2,02E+11;18;3;9;1925;3;1;1;1;6;31;;M;4844430;744531;670
2,02E+11;18;3;29;1245;1;1;1;1;1;31;D109;M;4845169;744935;670
2,02E+11;18;4;25;1930;1;2;2;1;2;164;RUE  PRINCIPALE;M;4843292;748299;670
2,02E+11;18;6;4;1745;1;2;3;1;6;348;avenue du tertre;M;4846417;749615;670
2,02E+11;18;7;23;1901;1;2;3;1;3;348;5 rue marcel KLEIN;M;4846473;749300;670
2,02E+11;18;8;6;1110;1;1;6;1;6;348;;M;4845200;748773;670
2,02E+11;18;8;21;1720;1;1;1;1;5;286;RD 426;M;4844656;758302;670
2,02E+11;18;9;11;800;1;2;3;1;6;248;2 Rue de Paris;M;4847619;756542;670
2,02E+11;18;11;12;1815;5;2;1;1;6;348;RUE DE SЙLESTAT;M;4846143;748436;670
2,02E+11;18;12;1;2020;3;1;1;1;1;504;RD206;M;4841506;753964;670
2,02E+11;18;3;20;1450;1;1;3;1;1;67;RD30/RD60;M;4872465;771430;670
2,02E+11;18;6;9;545;2;1;1;8;5;67;D 30;M;4871232;767971;670
2,02E+11;18;6;24;1040;1;2;2;1;3;458;7 RUE DE LA BERGERIE;M;4881999;772771;670
2,02E+11;18;6;14;1000;1;1;1;1;7;87;D227;M;4883445;767587;670
2,02E+11;18;10;1;1000;1;1;2;8;3;23;;M;4877866;771922;670
2,02E+11;18;10;13;1415;1;1;1;1;1;331;RD 263;M;4877245;774267;670
2,02E+11;18;11;13;705;2;1;1;2;1;39;D30;M;4870824;766609;670
2,02E+11;18;12;19;1800;5;2;1;2;3;458;98 rue du gйnйral de Gau;M;4882317;772665;670
2,02E+11;18;5;16;1855;1;2;3;1;3;449;47 rue  principale;M;4880285;791118;670
2,02E+11;18;6;26;1430;1;1;3;1;6;46;1 rue de Strasbourg;M;4875309;784837;670
2,02E+11;18;9;11;1020;1;2;1;1;1;46;RUE DE MARIENTHAL;M;4877127;783612;670
2,02E+11;18;9;11;1820;1;2;1;1;6;252;71 rue principale;M;4874253;781252;670
2,02E+11;18;9;18;830;1;2;1;7;6;46;4 rue du gйnйral Rampont;M;4876824;785910;670
2,02E+11;18;11;7;1930;5;2;2;1;1;46;Intersection rue de Hagu;M;4877589;784453;670
2,02E+11;18;2;6;620;3;1;1;1;1;101;D1420;M;4851853;747461;670
2,02E+11;18;4;1;1720;1;2;1;1;6;313;24  rue des trois pics;M;4852891;746040;670
2,02E+11;18;5;3;2015;1;1;2;1;3;168;Dйpartementale 217;M;4853764;743613;670
2,02E+11;18;5;31;1400;1;2;9;9;6;300;10 allйe jean pierre car;M;4853906;749141;670
2,02E+11;18;6;23;1800;1;1;1;1;2;128;D93;M;4855709;756646;670
2,02E+11;18;7;2;700;1;1;1;1;4;188;RD1420;M;4852790;737792;670
2,02E+11;18;7;10;1445;1;1;1;1;1;127;PISTE CYCLABLE ERGERSHEI;M;4857594;753510;670
2,02E+11;18;7;16;835;1;1;1;1;1;300;RD1422;M;4853322;751477;670
2,02E+11;18;7;27;1145;1;1;2;1;3;127;D45;M;4857281;753731;670
2,02E+11;18;8;2;1400;1;2;1;1;1;480;13 GRAND RUE;M;4854859;740617;670
2,02E+11;18;8;29;640;2;1;1;1;1;168;Piste cyclable;M;4853756;743762;670
2,02E+11;18;9;1;1405;1;1;6;1;5;300;D422;M;4855040;750789;670
2,02E+11;18;9;12;745;1;2;1;1;3;300;rue henri meck;M;4853373;749117;670
2,02E+11;18;9;18;615;3;1;1;1;1;112;D147;M;4851821;756665;670
2,02E+11;18;10;15;1555;1;2;3;1;1;112;26 rue de la gare;M;4852931;756764;670
2,02E+11;18;10;31;2020;5;2;1;1;6;127;RD30;M;4857267;752709;670
2,02E+11;18;11;9;910;1;2;6;1;6;101;RN422;M;4852418;749811;670
2,02E+11;18;12;20;2130;5;2;1;1;1;313;rue de la source;M;4854286;745656;670
2,02E+11;18;1;17;926;1;2;1;3;6;411;70 rue du gйnйral de gau;M;4849598;746758;670
2,02E+11;18;7;2;1100;1;1;1;1;1;368;Route de Klingenthal;M;4846589;742066;670
2,02E+11;18;2;23;2054;3;1;1;1;2;282;RD 1004;M;4861432;753159;670
2,02E+11;18;3;24;1405;1;1;1;1;7;122;Dйpartementale 224 PK 10;M;4862090;730529;670
2,02E+11;18;5;6;1650;1;1;1;7;3;122;PK24 + 150;M;4862090;730529;670
2,02E+11;18;5;21;1605;1;1;1;1;3;122;D218;M;4863788;731415;670
2,02E+11;18;5;27;1840;1;1;1;1;2;520;RD 1004;M;4864420;744362;670
2,02E+11;18;6;27;1700;1;1;1;1;7;408;PR 2 - RD 143;M;4864037;736891;670
2,02E+11;18;9;29;1800;1;1;2;1;3;30;D118;M;4857742;746026;670
2,02E+11;18;9;28;2250;3;1;6;1;7;520;RD 1004 - rond point zon;M;4865077;743188;670
2,02E+11;18;11;7;1758;3;1;1;2;7;18;D 75;M;4858272;741458;670
2,02E+11;18;12;1;1025;1;1;1;1;2;520;21 rue du gйnйral de Gau;M;4863794;745191;670
2,02E+11;18;1;17;1749;3;1;1;2;3;519;CD 301;M;4866256;781532;670
2,02E+11;18;1;4;1732;5;2;9;3;6;118;rue Jean Monnet;M;4858962;768889;670
2,02E+11;18;7;26;2050;1;1;1;1;7;350;RD451;M;4859548;763844;670
2,02E+11;18;12;8;1825;3;1;1;2;6;551;D63;M;4857287;766545;670
2,02E+11;18;2;13;1445;1;2;3;1;3;10;Rue du Gal Koenig / Rue;M;4838793;742118;670
2,02E+11;18;5;7;1530;1;2;3;1;3;84;32 rue du marйchal Foch;M;4832596;742417;670
2,02E+11;18;5;15;1520;1;1;1;1;6;10;route du hohwald;M;4839571;740186;670
2,02E+11;18;5;15;1945;2;1;1;1;7;51;RD 203;M;4834520;741487;670
2,02E+11;18;5;22;1735;1;1;2;2;3;120;D  35;M;4837752;743940;670
2,02E+11;18;5;25;1750;1;1;1;1;1;295;RD 425;M;4839453;744297;670
2,02E+11;18;9;15;220;5;2;1;1;6;21;27 rue de la Vallйe St U;M;4841152;739976;670
2,02E+11;18;9;24;1220;1;2;1;1;6;227;2 route du vin;M;4836351;743288;670
2,02E+11;18;9;26;1230;1;2;3;1;7;125;31-33 rue des alliйes;M;4835884;746575;670
2,02E+11;18;10;15;812;1;1;1;1;3;84;RD 1422;M;4830935;745856;670
2,02E+11;18;12;10;1510;1;1;3;1;3;227;CD35;M;4836646;742507;670
2,02E+11;18;3;5;1520;1;2;1;1;6;544;rue des juifs;M;4903887;794608;670
2,02E+11;18;3;11;300;3;1;1;1;6;474;CD 263;M;4892920;788957;670
2,02E+11;18;6;10;1945;1;2;1;1;6;451;310 rue principale;M;4898410;805420;670
2,02E+11;18;7;5;1618;1;2;1;1;1;351;47 rue des forgerons;M;4896722;798779;670
2,02E+11;18;8;11;1715;1;1;1;1;1;351;D249;M;4897403;798558;670
2,02E+11;18;5;18;1700;1;1;1;1;6;404;chemin forestier;M;4890250;794961;670
2,02E+11;18;6;19;1520;1;2;1;7;6;474;42 rue du docteur Michel;M;4893815;788444;670
2,02E+11;18;6;30;555;2;2;1;1;6;351;23 rue des Romains;M;4896434;799338;670
2,02E+11;18;6;28;1800;1;1;1;1;7;290;RD114;M;4893197;783107;670
2,02E+11;18;7;31;1615;1;1;1;1;6;232;CD 65;M;4896663;788390;670
2,02E+11;18;8;25;1825;1;1;1;1;3;455;;M;4895075;791701;670
2,02E+11;18;9;28;645;1;1;1;5;5;213;route dйpartementale 263;M;4896016;795371;670
2,02E+11;18;9;28;1110;1;1;1;1;6;254;rue Achille Lebel;M;4895173;783644;670
2,02E+11;18;9;29;1345;1;2;3;1;3;487;rue du marйchal Leclerc;M;4891177;783268;670
2,02E+11;18;12;13;1700;5;2;1;1;6;474;2 Rue du Docteur Michel;M;4893495;788393;670
2,02E+11;18;1;23;620;4;1;1;8;1;550;Route de Haguenau / RD 2;M;4893101;774751;670
2,02E+11;18;1;22;1340;1;1;3;3;1;511;Carrefour RD 27 et RD 72;M;4887842;775885;670
2,02E+11;18;3;12;1320;1;1;1;2;3;303;route de Haguenau;M;4890650;774820;670
2,02E+11;18;10;10;2030;2;1;1;1;1;550;RD 27;M;4894165;774479;670
2,02E+11;18;11;20;2215;3;1;1;1;6;550;route de Lembach;M;4894194;774379;670
2,02E+11;18;6;11;1821;1;2;1;1;5;60;47 R principale;M;4773286;714708;680
2,02E+11;18;1;26;755;2;2;2;2;6;226;9 rue Sйbastopol;M;4803983;713240;680
2,02E+11;18;4;7;500;3;1;1;1;6;368;Rte departementale 417;M;4804139;717083;680
2,02E+11;18;4;26;1515;1;2;7;1;3;226;Place de la salle des fк;M;4804025;713937;680
2,02E+11;18;5;6;1150;1;1;1;1;1;311;Rte dйpartementale 27;M;4797763;705289;680
2,02E+11;18;6;2;1020;1;1;1;1;6;317;Rte dйpartementale 417;M;4806636;709839;680
2,02E+11;18;6;5;1430;1;1;1;1;6;311;Rte dйpartementale 27;M;4798901;706916;680
2,02E+11;18;6;10;1735;1;1;4;1;6;317;Rte dйpartementale 48;M;4807805;709828;680
2,02E+11;18;6;12;2110;5;2;3;3;1;117;R du muhlйlй;M;4804248;717297;680
2,02E+11;18;6;20;850;1;1;1;1;3;368;Rte dйpartementale 417;M;4805238;722039;680
2,02E+11;18;6;21;15;3;2;1;1;6;223;56 R principale;M;4802517;708202;680
2,02E+11;18;6;23;1215;1;1;1;1;7;311;Rte dйpartementale 27;M;4799360;706523;680
2,02E+11;18;6;30;115;3;1;1;1;6;311;Rte dйpartementale 27;M;4797451;704779;680
2,02E+11;18;7;15;1915;1;2;1;1;6;226;grand'rue;M;4804175;713281;680
2,02E+11;18;7;26;2230;5;2;1;1;7;329;53 grand'Rue;M;4805347;710540;680
2,02E+11;18;8;22;1730;1;1;1;2;5;329;RTE DEPARTEMENTALE 417;M;4806172;704659;680
2,02E+11;18;9;11;730;1;2;2;1;6;311;4 R Principale;M;4799807;707441;680
2,02E+11;18;9;19;800;1;2;3;1;7;368;01 rue des iris;M;4804921;720703;680
2,02E+11;18;11;8;1300;1;2;1;1;2;193;Rue principal;M;4803314;711154;680
2,02E+11;18;11;10;1900;5;2;1;2;2;223;45 rue principale;M;4802552;708371;680