Num_Acc;an;mois;jour;hrmn;lum;agg;int;atm;col;com;adr;gps;lat;long;dep
2,02E+11;18;4;21;1650;1;2;3;1;3;55;rue Marie Noлl;M;4799254;362406;890
2,02E+11;18;5;13;1710;1;1;1;8;7;29;Dйpartementale 164;M;4791812;351667;890
2,02E+11;18;6;1;1610;1;2;2;1;3;99;rue du pont;M;4795420;353252;890
2,02E+11;18;6;16;1120;1;1;9;1;3;55;Dйpartementale 84;M;4797827;361359;890
2,02E+11;18;6;16;1535;1;2;1;1;1;218;rue georges guyot;M;4796388;348254;890
2,02E+11;18;6;25;630;2;2;3;7;1;257;Croisemt rue Clйmenceau;M;4796871;353334;890
2,02E+11;18;7;7;1030;1;2;3;1;3;257;place l'hotel de ville;M;4796475;352249;890
2,02E+11;18;9;13;1320;1;1;3;1;3;156;D943;M;4798533;357960;890
2,02E+11;18;10;6;1348;1;2;6;1;2;257;Ront point Sakharov;M;4796328;350416;890
2,02E+11;18;10;21;930;1;1;1;5;3;85;D377;M;4793997;350112;890
2,02E+11;18;11;2;1900;5;2;1;1;6;257;Rue du 04 septembre;M;4797041;351939;890
2,02E+11;18;11;21;1924;3;1;1;5;6;218;Lieu dit la perriиre D94;M;4796828;344381;890
2,02E+11;18;12;7;2130;3;1;1;2;2;105;D606;M;4789609;352105;890
2,02E+11;18;8;11;1010;1;2;1;1;6;57;32 rue d'Hйricourt;M;4753175;678955;250
2,02E+11;18;2;9;1225;1;2;1;8;3;632;5 rue du Mont Bart;M;4747855;676748;250
2,02E+11;18;5;19;1325;1;2;9;1;3;48;au niveau du 47 rue des;M;4748352;672394;250
2,02E+11;18;6;16;1145;1;1;1;1;2;540;RD683;M;4754257;668614;250
2,02E+11;18;6;30;1040;1;1;1;1;7;350;dйpartementale 298;M;4747960;668090;250
2,02E+11;18;7;8;1500;1;2;4;7;7;632;rue du pont;M;4747458;676526;250
2,02E+11;18;11;20;1750;5;2;1;1;6;632;rue du pont;M;4747568;676676;250
2,02E+11;18;11;25;1845;5;2;6;8;6;632;1 grande rue;M;4747416;676515;250
2,02E+11;18;10;28;1200;1;1;1;2;3;159;rue du Doubs;M;4745934;669697;250
2,02E+11;18;6;3;2030;1;2;3;1;6;47;15 rue de la Croix de Mi;M;4735086;636610;250
2,02E+11;18;6;8;2240;3;1;1;1;6;446;D464;M;4727677;636665;250
2,02E+11;18;7;13;1820;1;1;1;1;6;505;D25;M;4748612;634707;250
2,02E+11;18;7;24;2020;2;1;1;1;6;574;CD 116;M;4748122;642878;250
2,02E+11;18;10;19;2200;3;2;1;1;6;3;rue de la paix;M;4750109;644128;250
2,02E+11;18;12;20;745;2;1;1;2;7;313;CD683;M;4736726;641793;250
2,02E+11;18;5;9;1600;1;2;6;1;3;70;AV COLONEL NOEL;M;4407230;618041;40
2,02E+11;18;5;5;1620;1;2;1;1;7;70;;M;4409150;624431;40
2,02E+11;18;5;20;650;2;2;1;1;6;70;AV DE VERDUN;M;4409090;622850;40
2,02E+11;18;6;11;740;1;2;6;3;2;70;RP DES POMPIERS;M;4408260;621751;40
2,02E+11;18;7;8;1955;1;2;1;1;6;70;BD THIERS;M;4409090;623285;40
2,02E+11;18;8;25;1815;1;2;1;1;4;70;RTE DE MARSEILLE;M;4406950;617700;40
2,02E+11;18;8;26;1000;1;2;6;1;3;70;RP DU 11 NOV 1918;M;4409090;623123;40
2,02E+11;18;9;28;1735;1;2;6;7;6;70;RP 11 NOVEMBRE 1918;M;4409100;623091;40
2,02E+11;18;10;20;100;5;2;1;1;6;70;PLAN DE GAUBERT (RTE DU);M;4407410;619618;40
2,02E+11;18;10;20;1025;1;2;3;1;6;70;INTERGASSENDI - HONNORAT;M;4409180;623253;40
2,02E+11;18;11;18;1820;3;1;1;1;7;70;;M;4403590;620643;40
2,02E+11;18;11;30;1355;1;1;1;2;1;70;;M;4407680;618622;40
2,02E+11;18;12;12;755;1;2;1;1;6;70;NOEL (AV DU COL.);M;4407630;618543;40
2,02E+11;18;12;18;1550;1;2;7;1;3;70;TAMPINET (PL. DU);M;4409190;623141;40
2,02E+11;18;4;4;1200;1;1;1;3;7;437;D 27;M;4673400;578724;390
2,02E+11;18;7;14;1330;1;1;1;7;3;543;;M;4677727;590306;390
2,02E+11;18;8;20;2120;3;1;1;1;1;389;;M;4673617;587687;390
2,02E+11;18;9;1;945;1;1;1;1;7;540;;M;4682926;585952;390
2,02E+11;18;9;25;900;1;1;1;1;5;153;;M;4671975;592234;390
2,02E+11;18;11;12;1755;3;2;1;2;6;364;;M;4679986;583298;390
2,02E+11;18;12;20;1705;5;2;1;2;6;97;Av. de Lattre de Tass.;M;4674774;592039;390
2,02E+11;18;1;15;730;2;2;1;1;6;112;230 av St Maurice;M;4380510;581877;40
2,02E+11;18;2;7;2030;3;1;1;1;6;112;Rue Lйon Foucault;M;4385410;582869;40
2,02E+11;18;3;2;1950;3;2;1;1;6;112;;M;4383900;575182;40
2,02E+11;18;2;28;1400;1;1;1;4;1;112;D907;M;4385050;573280;40
2,02E+11;18;5;2;850;1;1;1;8;5;112;;M;4384210;575195;40
2,02E+11;18;7;3;440;5;2;3;1;3;112;;M;4383190;577437;40
2,02E+11;18;10;3;1350;1;2;6;1;2;112;;M;4381990;579414;40
2,02E+11;18;10;13;1152;1;2;2;1;3;112;INTER CASSIN-CABRIS;M;4382210;578990;40
2,02E+11;18;9;29;1835;2;1;3;1;3;112;;M;4383240;576250;40
2,02E+11;18;10;13;1740;1;2;3;1;3;112;AV M. NEUF-BD GARIDEL;M;4382760;579810;40
2,02E+11;18;11;5;655;1;2;1;1;1;112;;M;4383880;575183;40
2,02E+11;18;12;12;1600;1;2;1;1;6;112;SAINT MAURICE(AVENUE DE);M;4380300;581890;40
2,02E+11;18;12;29;1005;1;2;1;1;6;112;GIONO (AV. J.);M;4383120;578439;40
2,02E+11;18;1;21;930;2;1;1;2;7;259;RUE DE ROYE;M;4770051;653321;700
2,02E+11;18;6;18;620;2;1;1;5;1;581;RD 486;M;4763701;644162;700
2,02E+11;18;7;4;1800;1;2;1;1;1;310;36 avenue carnot;M;4768154;649876;700
2,02E+11;18;8;12;110;3;1;1;1;3;310;RN 19 PK 68+926;M;4769605;646780;700
2,02E+11;18;12;12;1940;3;2;1;1;1;310;RD64;M;4768389;651918;700
2,02E+11;18;3;4;1335;1;2;1;1;3;279;20 avenue du Marйchal LI;M;4744417;559842;700
2,02E+11;18;3;5;755;1;1;1;1;6;402;RD67;M;4753500;555141;700
2,02E+11;18;4;28;2100;3;1;1;1;6;185;RD 67 PK 38;M;4739714;564790;700
2,02E+11;18;5;22;1005;1;1;1;1;1;389;RD 61 PK 5.950;M;4739442;562373;700
2,02E+11;18;8;4;2210;3;1;1;1;6;371;CD70 pk 20+800;M;4749926;563680;700
2,02E+11;18;10;18;1955;5;2;1;1;6;26;8  avenue Charles Couyba;M;4745423;558923;700
2,02E+11;18;10;27;1710;1;1;1;1;7;279;Rd21 PK 003+050;M;4741693;560564;700
2,02E+11;18;12;17;1730;2;1;1;1;5;125;PK 6 RD 475;M;4740447;558126;700
2,02E+11;18;1;19;1153;1;1;2;1;3;34;Dйpartementale 73;M;4533665;504356;380
2,02E+11;18;1;29;1200;1;1;9;8;3;332;A7;M;;;260
2,02E+11;18;1;24;1200;1;1;1;1;2;41;A7;M;;;260
2,02E+11;18;3;2;1250;1;1;1;1;3;2;A 7;M;;;260
2,02E+11;18;3;28;706;2;1;1;1;4;41;A 7;M;;;260
2,02E+11;18;4;12;2130;3;1;1;1;6;325;A 7;M;;;260
2,02E+11;18;5;24;1717;1;1;1;1;2;2;A 7;M;4523784;484619;260
2,02E+11;18;6;6;815;1;1;1;1;6;480;D75;M;4556157;498143;380
2,02E+11;18;6;21;710;1;1;9;1;6;344;autoroute A 7;M;4540228;481486;380
2,02E+11;18;6;25;1520;1;1;1;1;2;41;A 7;M;;;260
2,02E+11;18;6;26;800;1;2;3;1;3;87;Inter D4/Chemin l'Islon;M;4557715;479828;380
2,02E+11;18;7;12;1410;1;1;1;1;2;332;A 7;M;;;260
2,02E+11;18;8;11;620;2;1;1;1;4;468;Autoroute A7;M;4534214;480833;380
2,02E+11;18;8;11;415;3;1;1;1;2;325;autoroute A7 PK 029+200;M;4528529;482196;260
2,02E+11;18;8;21;1600;1;1;1;1;2;2;Autoroute A7 SENS N/S PK;M;4523784;484619;260
2,02E+11;18;8;21;1700;1;1;1;1;5;325;autoroute A7;M;4528529;482196;260
2,02E+11;18;8;30;616;2;1;1;1;1;349;D1082 Route des Alpes;M;4531643;478633;380
2,02E+11;18;9;11;1652;1;1;1;1;6;332;A7 - PK 039+300 - Sens S;M;4519317;487593;260
2,02E+11;18;12;2;1750;3;1;1;3;5;41;Autoroute A7;M;4519824;487601;260
2,02E+11;18;12;12;1450;1;1;3;1;3;238;intersection D502/D38;M;4550237;500322;380
2,02E+11;18;1;8;517;3;1;1;1;2;156;A 7;M;;;260
2,02E+11;18;1;23;332;3;1;1;1;2;166;A7;M;;;260
2,02E+11;18;2;2;834;1;1;1;1;7;165;A7;M;;;260
2,02E+11;18;2;9;2110;3;1;1;1;5;124;A7;M;;;260
2,02E+11;18;3;1;200;3;1;1;4;4;166;A7;M;;;260
2,02E+11;18;3;12;1335;1;1;1;1;6;72;A 7;M;;;260
2,02E+11;18;3;14;1215;1;1;1;1;7;252;AIRE A7 SENS SUD NORD;M;;;260
2,02E+11;18;5;13;1500;1;1;1;3;7;252;A 7;M;;;260
2,02E+11;18;5;26;2245;3;1;1;1;6;72;A 7;M;4511834;489426;260
2,02E+11;18;6;18;900;1;1;1;1;2;166;A 7;M;;;260
2,02E+11;18;6;29;2050;1;1;1;1;3;250;A 7;M;;;260
2,02E+11;18;7;10;1500;1;1;1;1;2;156;A 7;M;4508539;487765;260
2,02E+11;18;7;13;1435;1;1;1;1;2;252;A 7;M;;;260
2,02E+11;18;7;19;1535;1;1;1;1;7;271;A 7;M;4503400;487618;260
2,02E+11;18;8;2;1525;1;1;1;1;2;58;A 7;M;;;260
2,02E+11;18;8;3;1005;1;1;1;1;4;337;A 7;M;;;260
2,02E+11;18;8;8;1500;1;1;1;1;5;337;A 7;M;;;260
2,02E+11;18;8;18;200;3;1;1;1;2;362;A 7;M;;;260
2,02E+11;18;8;30;2052;3;1;1;1;2;362;A7 pk69+900;M;4491492;487743;260
2,02E+11;18;10;19;1125;1;1;1;1;5;165;A7;M;4478429;482970;260
2,02E+11;18;10;20;520;3;1;1;1;6;58;A7 PK 065.800 SENS NORD-;M;4495807;488724;260
2,02E+11;18;12;2;1820;3;1;1;2;3;124;A 7 - PK 079.900;M;4483547;487570;260
2,02E+11;18;12;23;300;3;1;1;5;6;72;A7;M;4511834;489426;260
2,02E+11;18;1;1;345;3;2;1;1;1;62;CHEMIN DE CARRAIRE DE CA;M;4342348;552779;130
2,02E+11;18;2;3;1320;1;1;1;1;7;62;Route du Gйant RD8;M;4342289;548924;130
2,02E+11;18;2;5;1600;1;2;1;8;2;41;avenue d'armйnie;M;4345563;545858;130
2,02E+11;18;3;21;900;1;1;9;4;2;60;4851 Route de la Cфtй d';M;4349352;552429;130
2,02E+11;18;4;5;1445;1;1;1;1;5;41;D7;M;4347190;544493;130
2,02E+11;18;6;1;1210;1;1;1;1;3;62;RD7;M;4342190;551682;130
2,02E+11;18;10;5;1900;3;1;1;1;6;41;D7;M;4347115;545986;130
2,02E+11;18;11;5;850;1;1;2;2;3;60;D6 C;M;4347368;551567;130
2,02E+11;18;12;19;745;2;2;1;3;6;41;av. des anciens combatan;M;4345222;547443;130
2,02E+11;18;1;12;300;3;1;1;1;7;59;D556;M;4364156;549140;130
2,02E+11;18;2;20;1030;1;2;3;7;6;59;Avenue de la Rйpublique;M;4363265;552820;130
2,02E+11;18;3;12;835;1;2;1;1;6;59;74 Cours des Alpes;M;4364049;552764;130
2,02E+11;18;4;10;1915;1;1;1;1;6;48;RD 561  Route de Rians;M;4363065;565599;130
2,02E+11;18;4;24;300;3;1;1;1;6;74;Chemin Dйpartemental 96;M;;;130
2,02E+11;18;5;5;2002;1;1;1;1;6;74;2 Av Charles de Gaulle;M;4364628;557917;130
2,02E+11;18;6;10;1030;1;1;1;1;6;48;RD11;M;4359688;564524;130
2,02E+11;18;6;22;1635;1;1;1;1;3;74;D96;M;4364628;557917;130
2,02E+11;18;7;22;2045;2;1;1;8;5;48;RD952;M;4369023;567082;130
2,02E+11;18;7;31;800;1;1;1;7;3;99;RD 952;M;4368863;569712;130
2,02E+11;18;9;28;1200;1;1;9;1;2;59;RD15;M;4365229;551558;130
2,02E+11;18;11;21;1830;3;1;1;8;1;74;RD 15  PK : 48+900;M;;;130
2,02E+11;18;12;15;630;3;1;1;1;3;48;RD 96 - lieu dit logis d;M;4367397;565053;130
2,02E+11;18;12;26;1040;1;1;1;1;3;74;d96;M;4364631;557914;130
2,02E+11;18;1;10;1745;2;2;2;1;1;15;Avenue Pauline de SIMIAN;M;4343654;542197;130
2,02E+11;18;1;10;1200;1;1;1;1;6;107;route de gardanne;M;4344297;543990;130
2,02E+11;18;2;5;1030;1;2;1;2;1;15;Avenue Thiers;M;4344677;541509;130
2,02E+11;18;2;16;1312;1;1;1;1;2;15;Route de Gardanne;M;4344346;543710;130
2,02E+11;18;2;28;550;3;1;1;4;6;107;3 Clos du Roussillon RD6;M;4343734;542877;130
2,02E+11;18;3;12;2030;5;2;1;1;7;15;avenue du gйnйral de Gau;M;4345196;540730;130
2,02E+11;18;6;21;1700;1;1;9;1;2;15;D6;M;4343189;541698;130
2,02E+11;18;7;8;1600;1;2;3;1;1;107;ROUTE DE SIEGE;M;4342906;543629;130
2,02E+11;18;8;31;835;1;2;1;1;2;15;avenue de la croix d'or;M;4345403;540139;130
2,02E+11;18;9;27;2120;3;1;1;1;6;107;RD6;M;4343325;542117;130
2,02E+11;18;10;2;1755;1;2;3;1;3;15;AVENUE THIERS;M;4344788;542555;130
2,02E+11;18;2;16;600;2;1;1;5;6;110;Route de St-Maximin;M;4345192;569536;130
2,02E+11;18;10;24;1145;1;2;2;1;3;110;Route de PUYLOUBIER;M;4345779;568431;130
2,02E+11;18;11;15;1730;2;1;4;1;5;110;cd6;M;4345261;567401;130
2,02E+11;18;12;14;415;3;1;1;1;7;72;rue du chene de louiset;M;4344795;560128;130
2,02E+11;18;12;21;1125;1;1;1;1;5;72;D6;M;4346110;563186;130
2,02E+11;18;1;4;1750;3;1;1;1;2;4;D 37 entre Albaron et Sa;M;;;130
2,02E+11;18;3;19;320;3;1;9;1;3;4;E80 & N113;M;4364238;471091;130
2,02E+11;18;4;6;745;1;1;1;1;6;4;RD 572 N;M;4367875;450062;130
2,02E+11;18;6;12;1245;1;1;1;1;6;4;RN 572;M;4368316;457407;130
2,02E+11;18;7;8;2300;3;1;3;1;3;4;13280 Moulиs;M;4366621;472518;130
2,02E+11;18;8;3;1650;1;1;1;1;6;4;route de Saint-Gilles;M;4368352;459464;130
2,02E+11;18;8;14;2000;1;1;3;1;6;4;N570 - ALBARON;M;4363581;454992;130
2,02E+11;18;10;10;1240;1;1;9;2;6;4;RN 113;M;4363866;454298;130
2,02E+11;18;12;2;149;3;1;1;1;4;4;RN113 - PR 69 + 50;M;4364940;468106;130
2,02E+11;18;12;14;2155;3;1;1;1;2;4;RN568;M;4362193;474999;130
2,02E+11;18;1;30;2110;5;2;1;1;6;27;Chemin de la croix du vi;M;4387349;487561;130
2,02E+11;18;3;4;1915;5;2;1;3;6;27;chemin du barret;M;4388699;484308;130
2,02E+11;18;5;5;2050;2;1;1;1;7;27;2797 route d'Avignon;M;4389342;482256;130
2,02E+11;18;5;18;1745;1;2;2;1;3;27;boulevard Ernest Genevet;M;4388576;486139;130
2,02E+11;18;5;21;1410;1;1;1;1;3;66;105 Ch de la Muscadelle;M;4386933;491401;130
2,02E+11;18;5;25;1800;1;2;2;1;2;27;83 Av G. de Gaulle;M;4388505;484948;130
2,02E+11;18;6;2;1930;2;1;1;1;6;27;RD571;M;4389422;482304;130
2,02E+11;18;7;22;1040;1;1;2;1;3;27;D34;M;4385833;484207;130
2,02E+11;18;7;31;1415;1;1;1;1;1;66;route de chateaurenard;M;4388522;489525;130
2,02E+11;18;9;18;1830;2;1;2;1;3;27;RD34;M;4388084;483209;130
2,02E+11;18;10;4;1840;1;1;1;1;2;66;ROUTE DE CHATEAURENARD;M;4388755;488463;130
2,02E+11;18;11;26;830;2;1;1;5;3;27;D571;M;4389607;481862;130
2,02E+11;18;4;5;1510;1;1;1;1;3;96;RD38;M;4345405;439998;130
2,02E+11;18;9;3;1315;1;1;1;1;1;96;D570;M;4356508;442012;130
2,02E+11;18;9;20;1045;1;1;1;1;7;96;RD 38C;M;4355060;438169;130
2,02E+11;18;10;21;530;3;1;1;1;6;96;Hotel de l'estel  D38;M;4345883;439728;130
2,02E+11;18;11;11;110;3;1;1;2;6;96;RD 85A;M;4349576;443356;130
2,02E+11;18;1;16;420;3;1;1;2;6;97;D24 - Etang des Aulnes;M;4360148;478705;130
2,02E+11;18;3;17;1030;1;1;3;1;3;97;RD 24;M;4361340;479025;130
2,02E+11;18;4;6;1445;1;1;1;1;2;97;8 Av M. Berthelot;M;4362986;480123;130
2,02E+11;18;4;24;630;2;1;1;1;6;4;Route de Raphele А Mas-T;M;4358636;472696;130
2,02E+11;18;5;12;1915;1;1;1;1;6;4;CD 35;M;4352740;473850;130
2,02E+11;18;5;20;1745;1;1;1;1;6;97;D24 - Route de Mouries;M;4365055;482780;130
2,02E+11;18;6;3;1115;1;1;6;1;3;97;Av de Markroningen;M;4364272;479963;130
2,02E+11;18;6;10;1345;1;1;1;1;3;97;Route Nationale 568;M;4359456;476212;130
2,02E+11;18;8;14;930;1;1;1;1;2;97;Route Nationale 568;M;4358672;476439;130
2,02E+11;18;9;6;1240;1;1;1;2;5;97;D 453;M;4363431;477183;130
2,02E+11;18;9;9;1430;1;2;7;1;6;97;Avenue de MarkGroningen;M;4364272;479963;130
2,02E+11;18;9;16;1900;1;1;1;1;6;97;Route Nationale 568;M;4353214;482877;130
2,02E+11;18;10;29;2010;3;1;3;3;3;97;RN 568;M;4361136;475882;130
2,02E+11;18;12;19;1830;3;1;1;8;7;97;RN 568;M;;;130
2,02E+11;18;1;13;1100;1;2;1;1;6;100;46 Av Vincent Van Gogh;M;4377784;483163;130
2,02E+11;18;1;12;2122;3;2;1;1;6;100;Route d'Eyragues;M;4379971;483305;130
2,02E+11;18;2;3;1650;1;2;6;1;6;100;Av de Lattre de Tassigny;M;4379230;483953;130
2,02E+11;18;2;24;615;3;1;1;1;7;100;RD 99 - PK11+460;M;;;130
2,02E+11;18;2;23;2315;3;1;1;1;6;100;Route de maillane;M;4380691;478538;130
2,02E+11;18;3;10;1750;1;1;1;1;1;100;CD5 ROUTE DE MAILLANE;M;4379614;482849;130
2,02E+11;18;3;28;1515;1;1;2;1;2;100;Route d'Avignon  D571;M;4380590;483325;130
2,02E+11;18;4;10;1730;1;1;1;1;2;100;route d'Orgon;M;;;130
2,02E+11;18;6;3;1815;1;1;2;1;3;100;Intersection;M;4380470;482040;130
2,02E+11;18;6;14;1545;1;1;3;1;5;100;CD 99 - route de tarscon;M;4379641;479333;130
2,02E+11;18;7;6;1540;1;2;3;1;3;100;avenue de la libйration;M;4378867;483580;130
2,02E+11;18;7;15;2345;3;1;1;1;3;52;RD5;M;4382552;479415;130
2,02E+11;18;7;28;1600;1;2;1;1;6;94;CD 99 ROUTE DE TARASCON;M;4378625;475016;130
2,02E+11;18;11;11;130;5;2;1;2;6;100;av Edouard Herriot;M;4379056;483578;130
2,02E+11;18;3;2;650;3;2;1;4;1;4;CD 36 -  LE SAMBUC;M;4344457;472566;130
2,02E+11;18;2;14;1800;3;1;1;1;1;42;RD 8N;M;4327033;564586;130
2,02E+11;18;3;3;1505;1;1;2;1;3;30;D8N;M;4326783;572684;130
2,02E+11;18;6;16;1630;1;1;1;2;1;30;RD8n  col de l'ange;M;4326436;566522;130
2,02E+11;18;8;2;1520;1;2;1;1;1;30;Route departementale 8 N;M;4327353;569135;130
2,02E+11;18;9;23;1050;1;1;1;1;1;30;D8N PR 055+700;M;4327580;570389;130
2,02E+11;18;10;21;1420;1;1;1;1;1;42;PK28.5 - RD2 - Col de l';M;4331289;566617;130
2,02E+11;18;12;22;305;5;2;1;9;6;42;boulevard 1er division;M;4329463;563052;130
2,02E+11;18;12;24;20;5;1;1;1;6;42;D8N  ROND POINT DU DOARD;M;4327760;561986;130
2,02E+11;18;12;22;730;3;1;1;1;6;30;D8N;M;4326663;572853;130
2,02E+11;18;2;8;1135;1;1;1;1;1;22;Av des Albizzi;M;4323698;555939;130
2,02E+11;18;5;11;1830;1;2;1;1;6;22;avenue des albizzis;M;4322745;554828;130
2,02E+11;18;5;23;1445;1;1;1;1;7;22;Route des Cretes RD 141;M;4320283;555900;130
2,02E+11;18;5;29;1440;1;2;1;1;6;22;avenue de La Marne;M;4322346;554111;130
2,02E+11;18;8;5;2130;3;2;1;1;1;22;avenue emile bodin;M;4322375;555929;130
2,02E+11;18;9;5;845;1;1;9;1;3;23;RD3;M;4322349;564920;130
2,02E+11;18;9;17;2030;3;1;1;1;1;22;ROUTE DЙPARTEMENTALE 559;M;4323164;558954;130
2,02E+11;18;2;20;1530;1;1;1;1;3;85;D41C;M;;;130
2,02E+11;18;3;18;1500;1;2;1;1;7;119;5 Allйe de l'Argens;M;4326331;558255;130
2,02E+11;18;6;29;1130;1;1;3;1;1;85;Dйpartementale 1 - Route;M;4324795;559814;130
2,02E+11;18;7;9;1900;1;1;1;1;6;85;RD 1;M;4325760;566516;130
2,02E+11;18;7;24;1830;1;1;1;1;1;85;D559 A - Route d'Aubagne;M;4325440;558773;130
2,02E+11;18;9;13;1640;1;2;1;1;6;85;Allйe Paul Vaillant-cout;M;4324888;558896;130
2,02E+11;18;9;19;1755;1;1;1;1;7;85;RD 3D - Domaine de Fontb;M;4324726;566361;130
2,02E+11;18;12;5;2015;5;2;1;8;7;119;Route d'Aubagne;M;4326372;558302;130
2,02E+11;18;4;22;1725;1;1;1;1;1;46;RD 46A;M;4342094;554499;130
2,02E+11;18;10;12;2320;3;1;1;1;3;13;DN 96;M;4341881;556898;130
2,02E+11;18;12;3;2210;3;1;1;1;6;13;RD 96;M;4341881;556898;130
2,02E+11;18;12;5;1300;1;2;3;1;3;101;chemin dйpartemental 46;M;4341230;552476;130
2,02E+11;18;1;5;1645;1;2;3;1;6;7;D45A;M;4335952;566140;130
2,02E+11;18;2;7;1945;5;2;1;1;6;31;205 Av des Marronniers;M;4338914;559846;130
2,02E+11;18;2;9;1530;1;2;1;1;6;86;avenue elsa triolet;M;4334540;560115;130
2,02E+11;18;2;16;2100;5;2;3;1;2;16;AVENUE DU BIGARRON;M;4339328;559473;130
2,02E+11;18;3;6;1730;1;1;1;1;1;7;Dйpartementale 560;M;4336859;565149;130
2,02E+11;18;3;20;1315;1;2;1;1;6;7;rue Marius Pascau;M;4337001;563418;130
2,02E+11;18;4;7;2210;3;1;1;6;7;86;RD96 vallon saint vincen;M;4335805;561003;130
2,02E+11;18;4;27;2250;4;2;1;1;6;7;3806 route de la sainte;M;4334217;565568;130
2,02E+11;18;5;17;1345;1;1;1;8;1;86;57 Av des Alliйs;M;4333514;560084;130
2,02E+11;18;6;2;1930;1;2;3;1;7;86;803 val de Riou Pont;M;4332712;560751;130
2,02E+11;18;7;26;915;1;2;3;1;3;16;Chemin de magne;M;4339432;558770;130
2,02E+11;18;8;20;1140;1;1;3;1;3;7;RD560;M;4336588;561504;130
2,02E+11;18;9;22;1640;1;1;1;1;2;7;D 45 a;M;4333193;565768;130
2,02E+11;18;10;11;1815;1;2;1;1;6;86;560 chemin des restanque;M;4333746;561702;130
2,02E+11;18;11;15;1500;1;1;9;1;7;7;RD 45A;M;4334262;565640;130
2,02E+11;18;4;5;30;3;1;6;1;7;112;Dйpartementale 10;M;4352396;524941;130
2,02E+11;18;5;20;1000;1;2;3;1;3;92;RD10;M;4352744;506977;130
2,02E+11;18;10;4;930;1;2;1;1;6;14;16  avenue de la Libйrat;M;4347715;516794;130
2,02E+11;18;9;27;1400;1;1;1;1;2;81;D 113;M;4351159;520417;130
2,02E+11;18;11;8;1220;1;1;1;1;5;92;RD10  lieu dit le canet;M;4352952;509876;130
2,02E+11;18;12;2;2220;3;1;1;8;6;14;route de saint chamas se;M;4350715;513582;130
2,02E+11;18;12;11;1825;5;1;1;1;3;14;route dйpartementale 113;M;4353198;519496;130
2,02E+11;18;12;21;1400;1;2;1;1;3;14;avenue roger salengro;M;4347809;516892;130
2,02E+11;18;1;5;1630;1;1;3;1;2;49;D 17d - Quartier Les Cad;M;4370184;508660;130
2,02E+11;18;1;27;2345;3;1;4;8;5;3;intersection D23 avec D7;M;4372011;512583;130
2,02E+11;18;6;30;45;3;1;1;1;1;49;RD 17 D;M;4370570;510165;130
2,02E+11;18;10;19;2240;3;1;4;1;3;53;Quartier Pont Royal;M;4371400;518678;130
2,02E+11;18;2;17;945;1;1;1;2;1;115;D22b PR 5+100;M;4369227;518899;130
2,02E+11;18;3;13;1920;3;1;1;1;6;53;RD 7N;M;;;130
2,02E+11;18;1;14;710;2;1;1;1;1;18;CD 26;M;4385825;495808;130
2,02E+11;18;1;15;1350;1;1;2;1;1;76;RD7N;M;4380080;500531;130
2,02E+11;18;1;28;550;3;1;2;1;3;89;croisement RD7N chemin d;M;4382003;497307;130
2,02E+11;18;3;30;2130;5;2;1;2;1;89;RD7 N;M;4383038;495158;130
2,02E+11;18;4;7;1120;1;1;2;1;3;76;RD7N;M;4380077;500513;130
2,02E+11;18;4;12;100;5;2;1;3;6;64;Route de Saint-Andiol;M;4381138;494889;130
2,02E+11;18;4;18;750;2;1;2;1;3;64;Route de Plan d'Orgon;M;4380624;496127;130
2,02E+11;18;5;10;1737;1;1;1;1;7;18;1 Ch du Rйal;M;4386036;495253;130
2,02E+11;18;7;5;1245;1;2;1;1;2;67;RD7N;M;4379416;502131;130
2,02E+11;18;7;14;1950;1;2;1;1;6;18;596 Chemin du barriй;M;4385936;494126;130
2,02E+11;18;7;27;1750;1;2;1;1;7;76;ALLЙE DES ETOURNEAUX;M;4381960;501823;130
2,02E+11;18;9;7;2240;5;2;2;1;3;89;D24;M;4383536;494434;130
2,02E+11;18;9;26;2015;3;1;3;1;3;67;D569;M;4376679;505235;130
2,02E+11;18;10;12;1630;1;1;2;1;4;76;intersection chemin du p;M;4382383;500335;130
2,02E+11;18;11;10;1755;3;1;2;1;5;76;Chemin du moulin du plan;M;4380077;500527;130
2,02E+11;18;12;7;1745;3;1;1;1;6;67;RD7N - route de Marseill;M;4379864;500860;130
2,02E+11;18;1;22;1810;5;2;3;1;3;81;Av de Sarragousse;M;4348705;523873;130
2,02E+11;18;3;26;539;3;1;1;1;6;81;D21;M;4349353;521186;130
2,02E+11;18;6;24;1545;1;2;3;1;3;81;RD 113 - boulevard de la;M;4348338;522425;130
2,02E+11;18;7;4;1136;1;2;3;1;6;81;boulevard jean Jaurиs;M;4348779;522653;130
2,02E+11;18;7;9;830;1;1;1;1;3;81;RD 113;M;4349493;521664;130
2,02E+11;18;7;11;545;2;2;1;1;3;81;D113 face au mix club;M;4348735;522081;130