Num_Acc;an;mois;jour;hrmn;lum;agg;int;atm;col;com;adr;gps;lat;long;dep
2,02E+11;18;11;24;1825;3;1;1;5;7;53;DN8;M;4315767;583702;830
2,02E+11;18;12;5;815;1;1;1;1;3;53;DN8;M;4316296;583297;830
2,02E+11;18;12;9;1745;3;2;1;1;6;16;route de marseille;M;4319947;580747;830
2,02E+11;18;4;17;1445;1;1;1;1;3;47;2601 route de Pierrefeu;M;4316671;610650;830
2,02E+11;18;5;8;630;2;1;1;1;7;47;D29 route de Pierrefeu;M;4316572;610523;830
2,02E+11;18;5;15;1329;1;1;1;1;3;47;RD554 route d'Hyиres;M;4313655;607961;830
2,02E+11;18;6;24;1545;1;1;1;1;5;47;RD 554  ROUTE D'HYERES;M;4313982;608021;830
2,02E+11;18;7;26;1105;1;2;1;1;2;47;AVENUE JEAN MONNET;M;4311920;606607;830
2,02E+11;18;8;3;830;1;2;1;1;6;47;23 bd de la Rйpublique;M;4314822;607307;830
2,02E+11;18;9;8;1615;1;1;1;1;6;47;Chemin de Terrimas;M;4312067;605484;830
2,02E+11;18;1;21;2110;3;1;1;1;6;71;Avenue de la premiиre DF;M;4314339;624798;830
2,02E+11;18;4;6;5;3;1;1;1;6;71;D88 - PK 5 8;M;4316943;621597;830
2,02E+11;18;8;15;1145;1;1;1;1;3;71;D98;M;4314588;623708;830
2,02E+11;18;10;15;130;5;2;1;1;2;71;boulevard Louis Bernard;M;4311987;624649;830
2,02E+11;18;12;18;2205;5;2;1;1;6;70;Ave des cdos d'Afrique;M;4313750;636329;830
2,02E+11;18;1;1;1523;1;1;1;1;6;27;2255 chemin de malpassй;M;4321267;571145;830
2,02E+11;18;2;15;920;1;2;6;2;2;112;107  allйe des petits bo;M;4317865;570727;830
2,02E+11;18;5;6;1300;1;1;1;1;3;112;Route de la Calanque;M;4315220;571362;830
2,02E+11;18;6;17;1630;1;2;1;1;2;112;RD 559;M;4317993;567605;830
2,02E+11;18;6;20;1210;1;2;1;1;2;112;D 559;M;4318293;569397;830
2,02E+11;18;7;25;1225;1;2;1;1;6;112;AVENUE DE LA MER;M;4318227;569309;830
2,02E+11;18;7;14;1830;1;2;1;1;6;112;allйe des mirandoles;M;4317844;570854;830
2,02E+11;18;8;1;1430;1;2;1;1;3;112;1160 avenue de tauroemtu;M;4317418;570139;830
2,02E+11;18;8;4;630;1;1;1;1;1;112;chemin de l'argile;M;4317153;570563;830
2,02E+11;18;8;26;2120;3;1;1;1;6;112;400 Chemin de La Bйgude;M;4319463;571074;830
2,02E+11;18;9;10;1714;1;2;9;1;2;112;Avenue Tauroentum;M;4317448;570169;830
2,02E+11;18;10;16;1610;1;2;1;1;6;112;2 allйe des cigales;M;4319022;570198;830
2,02E+11;18;10;24;1235;1;1;1;1;3;112;RD559 route de bandol;M;4317153;570563;830
2,02E+11;18;12;4;1130;1;2;7;1;6;112;Place Йmile Dйsirat;M;4318083;571213;830
2,02E+11;18;1;2;1200;1;2;9;1;3;119;Rte de pernes CD 28;M;4395901;493864;840
2,02E+11;18;3;6;800;1;2;9;2;3;36;Rte du Thor;M;4392651;494137;840
2,02E+11;18;3;10;1749;1;1;1;1;6;34;200 ROUTE DU THOR;M;4389849;495352;840
2,02E+11;18;3;15;1215;1;1;1;2;2;81;1375 avenue Gйnйral lecl;M;4392157;490047;840
2,02E+11;18;4;6;1050;1;2;1;1;6;34;Faubourg Saint-Sebastien;M;4389277;494459;840
2,02E+11;18;5;4;1415;1;1;1;1;1;81;D28 Route de St Saturnin;M;4395399;490467;840
2,02E+11;18;6;6;945;1;2;9;1;6;119;boulevard de la libйrati;M;4395607;492990;840
2,02E+11;18;7;4;2200;5;1;3;1;3;141;D53 route de MORIERES;M;4396227;489906;840
2,02E+11;18;7;12;2125;5;1;3;1;6;141;allйe de gromelle;M;4396676;492534;840
2,02E+11;18;8;4;1745;1;1;1;1;5;81;D901;M;4393767;491453;840
2,02E+11;18;8;14;2120;3;2;3;1;3;141;Route de Moriиres;M;4395771;489979;840
2,02E+11;18;9;8;1830;1;2;1;1;1;119;Route d'Avignon;M;4395724;492565;840
2,02E+11;18;9;9;540;3;1;1;1;1;36;Route d'Avignon;M;4392651;494137;840
2,02E+11;18;9;11;1210;1;2;1;1;6;34;avenue gйnйral leclerc;M;4389171;495348;840
2,02E+11;18;9;14;1640;1;2;1;1;3;36;Rte de Moriйres;M;4392796;494250;840
2,02E+11;18;9;19;1430;1;1;1;1;1;119;D28 route de Pernes;M;4395966;494040;840
2,02E+11;18;9;20;2045;5;2;1;1;3;141;557 avenue de la fonderi;M;4398439;490229;840
2,02E+11;18;9;24;1945;3;1;1;6;1;34;ROUTE DE L'ISLE SUR LA S;M;4389570;497270;840
2,02E+11;18;10;26;1930;5;1;1;1;6;119;avenue Charles DE GAULLE;M;4396635;492481;840
2,02E+11;18;10;30;1015;1;2;1;1;3;34;faubourg saint sйbastien;M;4389314;494812;840
2,02E+11;18;11;27;1545;1;1;1;1;6;141;D225;M;4398676;489293;840
2,02E+11;18;11;29;810;1;2;6;1;3;141;Avenue Pierre DE COUBERT;M;4397734;490895;840
2,02E+11;18;12;11;825;1;2;9;1;6;141;Rue du cheval Blanc;M;4397221;489985;840
2,02E+11;18;1;2;1810;3;1;2;1;3;124;route de Fontaine de Vau;M;4391686;510587;840
2,02E+11;18;1;11;1745;5;2;1;1;6;54;cours йmile ZOLA;M;4391949;504028;840
2,02E+11;18;2;3;1010;1;2;1;1;6;54;291 route de carpentras;M;4392838;506345;840
2,02E+11;18;4;27;2240;3;1;1;1;1;54;CD 938 route de cavaillo;M;4388715;504140;840
2,02E+11;18;5;11;1930;1;1;2;1;1;132;Route de fontaine de Vau;M;4389899;499824;840
2,02E+11;18;6;30;930;1;1;1;1;3;54;Dйpartementale 31;M;4391226;503082;840
2,02E+11;18;8;22;1810;1;1;1;1;3;132;D31 - intersection du ch;M;4393132;503065;840
2,02E+11;18;9;3;1625;1;2;1;1;3;54;avenue lйon Reboul;M;4392450;505304;840
2,02E+11;18;10;16;1220;1;1;1;2;6;54;Intersection D31 - PK 21;M;4390428;504262;840
2,02E+11;18;12;23;2159;3;1;1;1;6;132;CD31;M;;;840
2,02E+11;18;2;13;1755;2;2;1;1;6;92;40 avenue THEOPHILE DELO;M;4396653;485826;840
2,02E+11;18;2;15;1208;1;2;2;1;4;92;117 route de lyon;M;4397078;486160;840
2,02E+11;18;2;15;1100;1;2;1;1;6;92;2 rue anicet achard;M;4396176;486223;840
2,02E+11;18;2;23;1445;1;2;3;1;2;92;64 Avenue Charles de Gau;M;4395580;484343;840
2,02E+11;18;4;6;1930;1;2;2;1;3;92;Avenue Louis Pasteur;M;4395583;485851;840
2,02E+11;18;4;17;745;1;2;1;1;6;92;avenue Guillaume de Farg;M;4396128;486340;840
2,02E+11;18;4;30;2200;5;2;1;1;3;92;avenue louis braille;M;4398008;488009;840
2,02E+11;18;5;15;1715;1;2;1;1;3;92;26 avenue Charles de Gau;M;4395931;485343;840
2,02E+11;18;6;19;2230;5;2;1;1;3;92;47 avenue Charles de Gau;M;4395677;484736;840
2,02E+11;18;9;29;555;3;2;1;1;6;92;RD 907 FACE A LA DISCOTH;M;4397078;486160;840
2,02E+11;18;9;28;2210;5;1;1;1;6;92;CD225;M;4397339;486061;840
2,02E+11;18;11;26;2030;3;1;1;1;6;92;CD 225 - VOIE RAPIDE SEN;M;4397078;486160;840
2,02E+11;18;7;3;800;1;2;3;1;3;16;Route de CAMSAUD;M;4403445;486561;840
2,02E+11;18;7;13;2130;2;1;9;1;3;129;Route d'Entraigues sur l;M;4400376;492262;840
2,02E+11;18;10;19;720;1;2;9;1;3;129;Avenue d'avignon;M;4399938;486764;840
2,02E+11;18;12;18;645;5;2;1;9;6;129;Avenue Pablo Picasso;M;4400498;487679;840
2,02E+11;18;2;14;1800;1;2;1;1;6;3;avenue Philippe de Girar;M;4387660;538923;840
2,02E+11;18;3;15;1710;1;1;1;2;6;47;RD 101;M;4389630;534350;840
2,02E+11;18;5;5;1345;1;2;1;1;7;3;Rue de Viton;M;4387992;540706;840
2,02E+11;18;5;27;130;3;1;1;1;1;118;dйpartementale 2;M;4395904;537330;840
2,02E+11;18;5;30;805;1;2;1;1;5;3;178 A avenue du viaduc;M;4388492;538092;840
2,02E+11;18;7;29;1610;1;1;1;1;1;3;chemin du plan;M;4388977;538546;840
2,02E+11;18;8;16;850;1;2;3;1;3;3;quai gйnйral Leclerc;M;4387604;540003;840
2,02E+11;18;9;17;1400;1;2;1;1;7;3;Avenue des Bories;M;4387902;538842;840
2,02E+11;18;10;5;200;3;1;1;1;6;103;RD 22;M;4391810;547490;840
2,02E+11;18;10;26;1845;5;2;6;1;6;3;rond point de l'Olivier;M;4387902;538842;840
2,02E+11;18;11;6;1900;3;1;1;1;6;3;724 route de marseille;M;4387013;537457;840
2,02E+11;18;12;6;1745;3;1;1;1;7;3;RD 900 QUARTIER LE CHENE;M;4387641;533215;840
2,02E+11;18;1;1;135;5;2;4;1;6;42;chemin de figuieres;M;4377670;544508;840
2,02E+11;18;1;17;1800;3;1;9;1;1;74;intersection RD973 et ch;M;4375315;519380;840
2,02E+11;18;2;12;1640;1;1;3;1;3;26;CD 943 - Route de Marsei;M;4371944;537735;840
2,02E+11;18;2;22;800;1;1;1;1;1;26;route d'aix en provence;M;4373007;538622;840
2,02E+11;18;5;22;1020;1;1;1;2;1;42;d27;M;4376704;543352;840
2,02E+11;18;5;26;2145;3;1;1;1;6;140;D27;M;4375723;540078;840
2,02E+11;18;6;3;1430;1;1;1;3;7;42;D56 Route de Vaugines PK;M;4377679;542540;840
2,02E+11;18;6;4;530;2;1;1;1;6;26;D943 PK/PR 061.400;M;4371517;537245;840
2,02E+11;18;6;18;1730;1;1;3;1;6;42;d?partementale 182  rout;M;4377034;543605;840
2,02E+11;18;7;12;730;1;1;9;1;3;95;CD 27 quartier saint Pie;M;4375207;533236;840
2,02E+11;18;7;5;1800;1;1;1;7;7;42;RD189;M;4377680;545473;840
2,02E+11;18;8;5;700;2;1;1;1;6;42;D182;M;4374401;544007;840
2,02E+11;18;8;4;950;1;1;1;1;5;95;D27 PK/PR 000.400;M;4375431;533950;840
2,02E+11;18;9;23;1955;3;2;1;1;2;68;Route de CADENET;M;4375987;536507;840
2,02E+11;18;10;15;1100;1;2;3;8;3;26;Route de Lauris;M;4373707;535926;840
2,02E+11;18;10;21;1230;1;2;1;1;2;26;D943;M;4372730;537367;840
2,02E+11;18;10;21;1700;1;2;2;1;1;147;chemin des plaines;M;4370378;543750;840
2,02E+11;18;1;11;1830;3;1;1;1;6;12;D222;M;4411365;504897;840
2,02E+11;18;3;13;1615;1;1;9;1;6;122;route de pied-car;M;4409784;494616;840
2,02E+11;18;3;20;925;1;1;6;1;3;67;Route d'orange;M;4407330;500275;840
2,02E+11;18;4;16;1640;1;2;1;1;2;4;Avenue Frйdйric Mistral;M;4410031;502534;840
2,02E+11;18;5;17;1250;1;1;1;1;1;4;Route de Sarrians;M;4409988;500065;840
2,02E+11;18;6;2;2115;3;1;1;1;7;67;route d'Aubignan (D126);M;4408363;501160;840
2,02E+11;18;8;14;1030;1;2;1;7;6;49;Chemin du grame;M;4417142;500180;840
2,02E+11;18;11;12;1745;2;2;1;1;3;122;boulevard du comtat vena;M;4408673;496934;840
2,02E+11;18;12;22;545;3;2;1;1;6;122;Route de Vaqueyras - D21;M;4410255;498363;840
2,02E+11;18;12;25;1205;1;2;1;1;3;4;route de sarrians;M;4409798;502164;840
2,02E+11;18;1;20;1320;1;1;3;2;3;78;RN7;M;4422751;471332;840
2,02E+11;18;1;30;645;3;1;1;1;7;63;RD 994;M;4425990;465510;840
2,02E+11;18;2;23;1700;1;2;9;1;6;19;227 avenue ernest lafont;M;4429405;475057;840
2,02E+11;18;5;25;1005;1;1;1;7;7;78;RD44;M;4425705;467976;840
2,02E+11;18;6;29;730;1;1;1;1;3;19;Rn7  quartier la croisiи;M;4426888;470220;840
2,02E+11;18;10;21;2300;3;1;1;1;1;64;D63;M;4429712;468998;840
2,02E+11;18;11;24;1520;1;1;1;1;3;64;Nationale 7;M;4431313;468581;840
2,02E+11;18;11;27;1740;3;1;1;1;3;78;RN7 Zone Industrielle No;M;4425969;470573;840
2,02E+11;18;12;11;1545;1;2;3;1;3;19;Avenue Andr? Rombeau;M;4427678;474465;840
2,02E+11;18;2;2;1845;3;1;1;1;2;150;RD 20;M;4430420;497358;840
2,02E+11;18;2;8;1720;2;2;1;7;6;138;16 avenue marechal lecle;M;4438746;499520;840
2,02E+11;18;3;19;820;1;1;2;1;3;138;RD47;M;4440124;498482;840
2,02E+11;18;5;26;1115;1;2;1;1;6;138;4 bis Aristide BRIAND;M;4438322;499025;840
2,02E+11;18;8;11;720;1;1;1;1;6;138;RD 18;M;4438044;496030;840
2,02E+11;18;9;28;1000;1;2;1;1;6;138;01 Avenue Charles de GAU;M;4438430;498764;840
2,02E+11;18;10;9;1100;1;2;1;1;3;53;D941;M;4439662;492514;840
2,02E+11;18;11;2;1650;1;2;1;1;6;138;avenue general de gaulle;M;4438374;498766;840
2,02E+11;18;11;26;720;5;2;1;1;6;138;cours St Antoine;M;4438389;499340;840
2,02E+11;18;2;20;931;1;2;2;1;3;57;Place Charles De Gaulle;M;4362856;389753;340
2,02E+11;18;3;23;1237;1;2;3;1;3;57;avenue marcel dassault;M;4362445;391532;340
2,02E+11;18;6;22;1445;1;1;6;1;3;57;rond point domitia;M;4364823;392829;340
2,02E+11;18;8;26;610;5;2;1;1;1;57;D21;M;4363621;389418;340
2,02E+11;18;3;5;1645;1;1;1;1;6;227;RD610;M;4373974;405033;340
2,02E+11;18;3;24;1950;5;2;1;1;2;58;D610;M;4367354;398202;340
2,02E+11;18;4;4;1700;1;2;1;1;2;327;RD 613;M;4365043;395831;340
2,02E+11;18;4;12;1910;1;1;1;2;6;249;D54 - AVENUE DES CEVENNE;M;4373881;397807;340
2,02E+11;18;4;22;1750;1;1;1;1;7;22;RN 113;M;4365448;399526;340
2,02E+11;18;5;23;1110;1;2;6;1;2;58;d610;M;4366778;397513;340
2,02E+11;18;6;23;355;3;1;3;1;6;58;RD610;M;4369397;401078;340
2,02E+11;18;6;28;1645;1;2;3;1;3;327;d 613;M;4365138;396002;340
2,02E+11;18;7;23;1830;1;2;6;1;3;327;avenue du 8 mai 1945;M;4365552;397554;340
2,02E+11;18;8;1;1150;1;1;1;1;5;58;RD65;M;4366723;397663;340
2,02E+11;18;9;6;1930;5;2;3;1;3;22;RN113;M;4365693;400814;340
2,02E+11;18;9;12;1815;1;2;2;1;6;22;rue des Colombiers;M;4365695;400837;340
2,02E+11;18;9;18;1815;1;2;1;1;3;327;D613;M;4365362;396724;340
2,02E+11;18;9;29;345;3;1;1;1;4;58;RD 610;M;4369282;400899;340
2,02E+11;18;10;24;1545;1;1;1;1;4;58;D610;M;4369232;400823;340
2,02E+11;18;10;27;855;2;1;1;1;6;58;M610;M;4366716;398151;340
2,02E+11;18;11;16;845;1;2;1;1;3;22;105 rue de colombiers;M;4365727;400948;340
2,02E+11;18;1;4;1010;1;1;1;6;6;344;CD 62;M;4357629;409517;340
2,02E+11;18;2;15;715;1;1;1;2;2;344;D 62;M;4356868;406897;340
2,02E+11;18;4;20;230;5;2;9;1;6;154;D62E2;M;4354648;397140;340
2,02E+11;18;6;29;2115;1;2;1;1;6;344;avenue Marйchal de LATTR;M;4356082;405804;340
2,02E+11;18;7;9;1930;1;2;1;1;3;344;avenue de la petite mott;M;4356504;407329;340
2,02E+11;18;7;13;800;1;1;1;1;2;344;RD 62;M;4356488;405192;340
2,02E+11;18;10;12;1015;1;1;1;1;7;344;RD 62;M;4356960;407379;340
2,02E+11;18;10;25;1645;1;2;1;7;3;344;AVENUE JEAN BENE;M;4356132;408308;340
2,02E+11;18;1;15;900;1;1;1;1;5;145;avenue du marechal lecle;M;4368614;413388;340
2,02E+11;18;1;18;1200;1;1;1;1;1;146;RN 113;M;4367980;410360;340
2,02E+11;18;4;6;1230;1;1;1;1;1;151;RD61 - Route de la Petit;M;4360594;410660;340
2,02E+11;18;4;8;2310;3;1;1;2;6;33;Route dйpartementale 610;M;4374685;405375;340
2,02E+11;18;4;9;1600;1;2;1;1;6;151;Boulevard Louis Uni Appo;M;4366392;418107;340
2,02E+11;18;4;17;1605;1;1;1;1;6;340;D110 route de Saturargue;M;4372306;412305;340
2,02E+11;18;5;10;1100;1;2;1;1;3;146;626  Avenue de la Rйpubl;M;4367896;409094;340
2,02E+11;18;5;25;445;3;1;1;1;1;151;D61 - Route de la Mer;M;4364069;413756;340
2,02E+11;18;5;25;735;1;1;1;1;6;294;D34;M;4371564;411271;340
2,02E+11;18;6;23;20;3;1;1;1;5;151;route dйpartementale 61;M;4360571;410661;340
2,02E+11;18;7;1;1935;1;1;1;1;7;288;D34;M;4373533;409844;340
2,02E+11;18;7;1;950;1;1;1;1;2;146;n113;M;4367766;408746;340
2,02E+11;18;7;6;730;1;1;1;1;2;151;CD 62- ROUTE DE LA PETIT;M;4357422;408996;340
2,02E+11;18;7;10;2355;5;1;1;1;3;145;n 113;M;4367741;413502;340
2,02E+11;18;7;26;1645;1;1;1;1;5;151;Route de la Mer - D61;M;4362056;411833;340
2,02E+11;18;7;27;845;1;1;1;1;3;145;D34 - Route de Sommiиres;M;4369460;413434;340
2,02E+11;18;8;29;1410;1;2;9;1;3;145;RN113;M;4367939;410684;340
2,02E+11;18;11;9;250;3;1;1;3;6;145;D61;M;4362849;412901;340
2,02E+11;18;2;25;740;1;2;1;1;6;127;1 avenue Marius Alиs;M;4364972;407540;340
2,02E+11;18;3;16;2315;3;1;9;3;3;154;CD24E2;M;4362182;397966;340
2,02E+11;18;4;2;1805;1;1;1;1;7;240;chemin de calage;M;4361889;394467;340
2,02E+11;18;4;5;845;1;1;9;1;3;154;intersection CD 112 / ch;M;4363770;399416;340
2,02E+11;18;4;27;800;1;1;3;1;2;154;D189;M;4361241;397531;340
2,02E+11;18;4;30;1508;1;1;1;1;6;154;Linйaire Aйroport MONTPE;M;4357854;395891;340
2,02E+11;18;5;16;1220;1;2;1;1;3;154;avenue de la mer;M;4361277;400699;340
2,02E+11;18;5;26;1530;1;1;1;1;1;176;RD 189;M;4365012;405429;340
2,02E+11;18;6;14;1625;1;1;2;1;3;50;CD24;M;4363691;405896;340
2,02E+11;18;6;16;925;1;1;2;1;3;154;Route de baillargues  CD;M;4363015;401391;340
2,02E+11;18;6;22;1035;1;1;3;1;1;154;CD 24;M;4361646;394650;340
2,02E+11;18;7;4;1930;1;1;1;1;7;154;RD 172;M;4361636;404049;340
2,02E+11;18;8;27;900;1;1;1;1;7;176;route de mauguio;M;4364122;403315;340
2,02E+11;18;9;15;1415;1;1;1;1;7;154;CD172 linйaire dйpose mi;M;4357866;395864;340
2,02E+11;18;9;19;1640;1;1;2;1;3;154;Route Dйpartementale D24;M;4362466;402654;340
2,02E+11;18;9;28;1730;1;1;1;1;5;154;RD 189;M;4361597;397990;340
2,02E+11;18;10;1;2320;3;1;1;1;6;240;chemin du mas de calage;M;4361790;394558;340
2,02E+11;18;10;19;2250;3;1;1;1;1;154;RD 189;M;4361724;398230;340
2,02E+11;18;11;19;2345;3;1;2;2;3;154;CD112;M;4363770;399429;340
2,02E+11;18;12;1;845;1;1;3;1;2;154;Route de Vendargues;M;4363140;399748;340
2,02E+11;18;12;3;1950;3;1;1;1;6;127;CD 105;M;4365866;407228;340
2,02E+11;18;1;7;1025;1;1;1;1;2;48;D120E3;M;4378558;403312;340
2,02E+11;18;5;27;1530;1;1;1;1;1;110;RD1;M;4377233;402822;340
2,02E+11;18;5;29;1410;1;1;9;1;1;314;D68 - PR 15+970;M;4372667;385029;340
2,02E+11;18;6;6;1930;1;1;1;1;1;265;D120;M;4374341;401112;340
2,02E+11;18;9;4;740;1;1;3;1;2;322;Route de QUISSAC;M;4379892;387691;340
2,02E+11;18;1;11;2050;3;1;1;1;2;161;RD 11;M;4332517;309626;340
2,02E+11;18;4;11;1500;1;1;1;8;3;81;Lieu dit La Martine D162;M;4330994;316240;340
2,02E+11;18;6;2;411;3;1;1;1;7;6;route dйpartementale 177;M;4332203;279554;340
2,02E+11;18;6;2;1030;1;2;1;1;6;226;Rue du chвteau d'eau;M;4334377;296497;340
2,02E+11;18;6;18;1522;1;2;1;1;3;52;Avenue de NISSAN;M;4332707;304999;340
2,02E+11;18;8;3;950;1;2;3;1;3;183;Avenue de la gare;M;4329104;312743;340
2,02E+11;18;8;15;1150;1;1;1;1;7;52;D16;M;4334042;303986;340
2,02E+11;18;9;10;1850;1;1;1;1;7;135;D 14;M;4329792;318509;340
2,02E+11;18;9;11;1035;1;1;3;1;3;135;RD 14;M;4329493;318448;340
2,02E+11;18;11;26;1900;3;1;1;1;1;183;CD609;M;4328908;311421;340
2,02E+11;18;12;2;1210;1;1;1;1;6;81;RD 609;M;4331077;317287;340
2,02E+11;18;12;14;830;1;1;1;1;3;183;D609;M;4326682;308106;340
2,02E+11;18;1;16;1940;3;1;1;6;2;98;"Lieu-dit ""Le Prince""";M;4343233;261200;340
2,02E+11;18;1;25;1045;1;2;1;1;7;75;Chemin de la martelle;M;4332370;271290;340
2,02E+11;18;3;18;615;2;1;1;1;1;26;"Lieu-dit ""Saint Joly""";M;4329455;275165;340
2,02E+11;18;7;25;1205;1;2;6;1;7;7;Grand Rue;M;4333766;281793;340
2,02E+11;18;8;27;1015;1;1;1;7;2;189;RD 11 PK19+200;M;4326710;274848;340
2,02E+11;18;1;17;745;2;1;1;6;7;166;D18;M;4339849;334998;340
2,02E+11;18;1;24;910;1;2;1;1;7;199;Avenue du Marйchal Lecle;M;4345969;342681;340
2,02E+11;18;4;9;1145;1;1;1;2;7;166;D 28;M;4335413;336335;340
2,02E+11;18;5;19;1930;1;1;3;8;6;162;route dйpartementale D5;M;4348833;349360;340
2,02E+11;18;5;23;1310;1;1;1;1;6;199;RD13;M;4346869;338152;340
2,02E+11;18;7;14;2030;1;1;1;1;1;199;D32 E5;M;4344824;343763;340
2,02E+11;18;7;26;30;3;1;1;1;7;103;RD 124;M;4353637;339233;340
2,02E+11;18;7;29;940;1;1;1;1;1;199;D609;M;4348003;343669;340
2,02E+11;18;8;10;913;1;2;1;1;6;9;rue de la glaciиre;M;4346863;334195;340
2,02E+11;18;9;1;1230;1;1;9;1;3;199;D 13;M;4346380;340978;340
2,02E+11;18;9;5;1225;1;1;1;1;5;182;d 13;M;4341367;341508;340
2,02E+11;18;11;1;1955;5;1;1;1;6;325;Avenue de PEZENAS;M;4342457;336752;340
2,02E+11;18;11;3;1915;5;1;2;1;3;199;route de roujan;M;4346388;341014;340
2,02E+11;18;11;5;1245;1;1;6;1;6;162;D.613;M;4347965;346776;340
2,02E+11;18;12;4;1400;1;2;3;1;3;199;route de verdun;M;4345335;342013;340
2,02E+11;18;12;8;530;5;2;1;1;6;199;Chemin de l'amandier;M;4345097;342313;340
2,02E+11;18;12;9;545;3;1;1;1;6;199;D 13 E5;M;4347411;340114;340
2,02E+11;18;12;8;1545;1;1;9;1;1;199;Route de Roujan;M;4346369;340975;340
2,02E+11;18;2;16;315;5;2;3;1;6;324;avenue Charles Cauquil;M;4325361;328776;340
2,02E+11;18;3;7;1110;1;2;9;1;6;299;RD64;M;4326917;328395;340
2,02E+11;18;4;18;1745;1;2;1;1;6;209;Avenue du Grand Salan;M;4328010;335659;340
2,02E+11;18;6;23;1035;1;2;1;1;3;329;Chemin des Cardonilles;M;4326896;322993;340
2,02E+11;18;8;2;1145;1;1;6;1;2;329;Giratoire D37E9/D64;M;4325286;325201;340
2,02E+11;18;8;26;1755;1;1;3;7;3;299;route de valras;M;4327342;328467;340
2,02E+11;18;9;12;145;3;1;1;5;1;299;RD64;M;4329725;329178;340
2,02E+11;18;11;14;1600;1;2;6;1;3;299;D37E11;M;4328538;328198;340
2,02E+11;18;11;17;505;3;1;1;2;7;209;dйpartementale 612;M;4331318;333032;340
2,02E+11;18;1;15;1920;5;2;1;1;1;165;Avenue de Poussan;M;4351244;369354;340
2,02E+11;18;4;13;840;1;1;1;8;2;213;RD 613;M;4347202;368254;340
2,02E+11;18;4;26;1200;1;1;1;1;1;165;RD5;M;4351829;369209;340
2,02E+11;18;5;9;2140;3;1;1;2;6;213;rue bufa rent;M;4349889;366764;340
2,02E+11;18;6;3;600;2;1;1;1;6;213;Chemin des Romarins;M;4346700;367065;340
2,02E+11;18;6;21;2345;5;2;6;1;1;24;RD2;M;4346470;368983;340
2,02E+11;18;6;22;2325;3;1;1;1;7;113;RD613;M;4348310;369891;340
2,02E+11;18;6;26;1830;1;2;1;1;3;24;Route dйpartementale 2;M;4346591;369032;340
2,02E+11;18;8;21;1040;1;1;1;1;1;165;route de cournonterral;M;4352199;369110;340
2,02E+11;18;9;5;1540;1;1;1;1;3;23;RD 600;M;4345558;370231;340
2,02E+11;18;9;29;1830;1;1;1;1;7;165;RD 5;M;4351479;368014;340
2,02E+11;18;9;29;1855;1;1;1;1;6;24;D129 - AVENUE DE POUSSAN;M;4346193;368462;340
2,02E+11;18;10;7;1830;1;2;1;1;7;23;rue des tamaris;M;4345148;369330;340
2,02E+11;18;10;14;315;5;2;1;2;6;113;RD613- Face au n°58;M;4350004;371454;340
2,02E+11;18;10;20;2145;3;2;1;1;7;23;avenue de la gare;M;4344425;368578;340
2,02E+11;18;11;5;1145;1;2;1;1;6;23;avenue du port;M;4344134;368020;340
2,02E+11;18;12;12;1030;1;2;1;1;6;213;rue M. PALAT;M;4348597;366874;340
2,02E+11;18;1;2;1200;1;1;1;8;6;213;613;M;4346658;367011;340
2,02E+11;18;3;19;330;3;1;1;1;7;213;D119E2;M;4350469;368060;340
2,02E+11;18;3;20;1050;1;1;3;1;3;143;RD 158E4;M;4344293;361635;340
2,02E+11;18;4;27;1400;1;2;1;1;3;157;RUE DU CARAIDOU;M;4341809;359527;340
2,02E+11;18;5;5;1500;1;2;3;1;3;157;route de villeveyrac;M;4343246;360314;340
2,02E+11;18;6;27;830;1;1;3;1;3;143;RD 158E4;M;4344291;361636;340
2,02E+11;18;7;8;735;1;2;6;1;6;157;Avenue de pezenas;M;4342762;360485;340
2,02E+11;18;8;24;20;3;1;1;1;6;157;Route dйpartement 5E8;M;4346180;359006;340
2,02E+11;18;10;27;245;3;1;1;2;6;341;RD 158 E 3;M;4348878;360326;340