Num_Acc;an;mois;jour;hrmn;lum;agg;int;atm;col;com;adr;gps;lat;long;dep
2,02E+11;18;3;18;802;1;2;1;8;6;61;BOUTONS D'OR ( RUE DES );M;4454543;605515;50
2,02E+11;18;3;19;725;1;1;1;1;7;61;CD 900B;M;4451028;607967;50
2,02E+11;18;3;19;1200;1;2;3;1;6;61;TORRENT ( ALLEE DU );M;4456683;609746;50
2,02E+11;18;3;21;855;1;2;1;1;7;61;VALSERRES ( RUE DE );M;4455137;607867;50
2,02E+11;18;3;25;646;5;2;6;1;3;61;MARECHAL FOCH ( AVENUE D;M;4456210;608392;50
2,02E+11;18;3;28;1430;1;2;1;1;2;61;RN 94;M;4457279;610843;50
2,02E+11;18;4;13;1000;1;1;6;1;3;61;EYSSAGNIERES ( ROUTE DES;M;4455730;605520;50
2,02E+11;18;4;25;1205;1;2;3;1;3;61;CHABANAS (RUE DE );M;4455760;606390;50
2,02E+11;18;4;26;1146;1;2;1;1;1;61;GEORGES POUGET ( RUE);M;4455808;606852;50
2,02E+11;18;5;3;1745;1;2;1;8;3;61;COMMANDANT DUMONT ( AVEN;M;4456741;608336;50
2,02E+11;18;5;13;2200;5;1;1;2;7;61;RN 85;M;4450923;604566;50
2,02E+11;18;5;15;510;3;1;1;8;6;61;RN 85;M;4450522;604431;50
2,02E+11;18;5;15;1225;1;2;1;1;4;61;EMILE DIDIER ( AV );M;4456696;609600;50
2,02E+11;18;5;15;1852;1;1;6;1;2;61;RN 85;M;4450967;604580;50
2,02E+11;18;5;16;1335;1;1;1;1;7;61;RN 85;M;4460257;608050;50
2,02E+11;18;5;19;1150;1;2;1;1;4;61;JEAN JAURES ( AVENUE );M;4454934;606787;50
2,02E+11;18;5;18;2010;2;2;3;2;7;61;JEAN JAURES ( AVENUE );M;4455140;607034;50
2,02E+11;18;5;18;1430;1;2;1;1;6;61;GEORGES POMPIDOU ( BD);M;4455570;607795;50
2,02E+11;18;5;19;1200;1;1;3;1;3;61;RN85;M;4462153;608234;50
2,02E+11;18;5;22;1117;1;2;6;1;3;61;VEYNES ( AVENUE DE  );M;4455778;606856;50
2,02E+11;18;5;28;905;1;2;1;8;3;61;JEAN MACE ( RUE );M;4456201;607478;50
2,02E+11;18;5;31;1840;1;2;3;1;2;61;PROVENCE ( AVENUE DE );M;4454156;605830;50
2,02E+11;18;6;6;1800;1;1;1;2;7;61;RN85;M;4459505;608064;50
2,02E+11;18;6;10;1707;1;1;1;1;3;61;D994;M;4454811;603789;50
2,02E+11;18;6;13;800;1;2;1;1;2;61;GUILLAUME FAREL ( AVENUE;M;4455789;607117;50
2,02E+11;18;6;15;2146;2;2;1;1;6;61;GEORGES POMPIDOU ( BD);M;4455941;608414;50
2,02E+11;18;6;18;1820;1;1;1;1;7;61;D 47;M;4452815;602383;50
2,02E+11;18;6;19;1800;1;1;1;1;2;61;RN 85;M;4461218;608087;50
2,02E+11;18;6;20;830;1;2;1;1;6;61;CARNOT  ( RUE );M;4455659;607727;50
2,02E+11;18;6;21;800;1;2;9;1;3;61;CHAMPS FORAIN ( CHEMIN D;M;4457906;612022;50
2,02E+11;18;6;21;922;1;1;1;1;3;61;D 292;M;4460235;613595;50
2,02E+11;18;6;25;1800;1;2;1;1;2;61;JEAN JAURES ( AVENUE );M;4454660;606448;50
2,02E+11;18;6;23;1915;1;2;6;1;2;61;GEORGES POMPIDOU ( BD);M;4455580;607862;50
2,02E+11;18;6;26;1845;1;1;1;1;7;61;RAMBAUD ( ROUTE DE );M;4455825;611726;50
2,02E+11;18;6;27;2345;5;2;1;1;6;61;COMMANDANT DUMONT ( AVEN;M;4457194;608295;50
2,02E+11;18;7;5;1440;1;2;1;1;6;61;PROVENCE ( AVENUE DE );M;4454085;605745;50
2,02E+11;18;7;6;1840;1;1;1;7;1;61;D 47;M;4452890;603692;50
2,02E+11;18;7;10;2250;5;2;1;1;6;61;GUILLAUME FAREL ( AVENUE;M;4455820;607073;50
2,02E+11;18;7;15;2050;2;2;1;1;3;61;LADOUCETTE ( COURS );M;4456159;608291;50
2,02E+11;18;7;18;1835;1;2;6;1;3;61;CHABANAS (RUE DE );M;4456085;606540;50
2,02E+11;18;7;19;1500;1;2;3;1;3;61;ORIENT (BOULEVARD  DE L';M;4456957;610550;50
2,02E+11;18;7;24;1520;1;2;1;1;2;61;PROVENCE ( AVENUE DE );M;4451682;605120;50
2,02E+11;18;7;24;1650;1;2;1;1;4;61;RN 94;M;4457253;610811;50
2,02E+11;18;7;25;1430;1;2;3;1;3;61;PROVENCE ( AVENUE DE );M;4454025;605672;50
2,02E+11;18;7;28;1840;1;2;6;1;3;61;CHARANCE ( AVENUE DE );M;4456070;606520;50
2,02E+11;18;7;30;740;1;1;1;1;7;61;RD944;M;4460442;611618;50
2,02E+11;18;8;2;1115;1;2;1;1;6;61;EMILE DIDIER ( AV );M;4456540;609230;50
2,02E+11;18;8;8;240;3;1;1;8;7;61;CD 900B;M;4451040;606400;50
2,02E+11;18;8;8;1400;1;2;3;1;3;61;DOCTEUR AYASSE ( RUE DU;M;4456260;609010;50
2,02E+11;18;8;15;1120;1;2;1;1;4;61;JEAN JAURES ( AVENUE );M;4454900;606840;50
2,02E+11;18;8;15;1758;1;2;1;1;6;61;EMILE DIDIER ( AV );M;4456460;609033;50
2,02E+11;18;8;18;1205;1;2;1;1;7;61;JEAN JAURES ( AVENUE );M;4455092;606986;50
2,02E+11;18;8;21;1610;1;2;3;1;3;61;GEORGES POMPIDOU ( BD);M;4455969;608420;50
2,02E+11;18;8;23;1321;1;1;1;1;7;61;LUYE ( ROUTE DE LA );M;4451117;607800;50
2,02E+11;18;8;24;2327;3;2;3;1;3;61;CHABANAS (RUE DE );M;4455766;606401;50
2,02E+11;18;8;27;1621;1;2;1;1;6;61;FAUVINS ( ROUTE  DES );M;4456343;609288;50
2,02E+11;18;9;2;25;3;2;6;1;7;61;SILOS ( RUE DES );M;4456730;609346;50
2,02E+11;18;9;4;1206;1;2;1;1;6;61;DOCTEUR AYASSE ( RUE DU;M;4456350;608930;50
2,02E+11;18;9;4;1217;1;2;2;1;4;61;BONNE (RUE DE );M;4456650;608170;50
2,02E+11;18;9;7;1100;1;2;1;1;6;61;BELLEVUE (BOULEVARD);M;4456090;608983;50
2,02E+11;18;9;11;1450;1;2;1;1;6;61;GUILLAUME FAREL ( AVENUE;M;4455837;607079;50
2,02E+11;18;9;11;1910;1;2;1;1;2;61;EMILE DIDIER ( AV );M;4456499;609113;50
2,02E+11;18;9;17;1620;1;2;1;1;4;61;JEAN JAURES ( AVENUE );M;4455221;607145;50
2,02E+11;18;9;19;1300;1;2;1;1;3;61;COMMANDANT DUMONT ( AVEN;M;4456510;608360;50
2,02E+11;18;9;19;1510;1;2;9;1;2;61;FRANCOIS MITTERAND (AVEN;M;4454617;606397;50
2,02E+11;18;9;21;1755;1;2;9;1;3;61;DOCTEUR AYASSE ( RUE DU;M;4456356;608935;50
2,02E+11;18;9;23;1730;1;2;6;1;2;61;VEYNES ( AVENUE DE  );M;4455766;605541;50
2,02E+11;18;9;25;815;1;1;1;1;2;61;CARRIERE (Chemin de la);M;4453644;604841;50
2,02E+11;18;9;25;1735;1;2;3;1;3;61;CHARANCE ( AVENUE DE );M;4456235;606366;50
2,02E+11;18;9;26;1700;1;2;3;1;3;61;CHARANCE ( AVENUE DE );M;4456235;606366;50
2,02E+11;18;10;1;1215;1;2;1;1;6;61;COMMANDANT DUMONT ( AVEN;M;4456344;608380;50
2,02E+11;18;10;7;1332;1;2;6;2;3;61;rond point du cиdre;M;4456206;608396;50
2,02E+11;18;10;7;1331;1;2;1;3;7;61;D994;M;4455760;605572;50
2,02E+11;18;10;9;1136;1;2;2;1;6;61;JEAN JAURES ( AVENUE );M;4455340;607291;50
2,02E+11;18;10;9;1400;1;1;1;1;6;61;CD 900B;M;4451025;606407;50
2,02E+11;18;10;14;2040;5;2;1;1;6;61;FAREL ( AVENUE DE  );M;4455840;607086;50
2,02E+11;18;10;15;1117;1;1;9;1;3;61;RN 85;M;4451809;605205;50
2,02E+11;18;10;15;1151;1;2;1;1;6;61;D994;M;4455760;605540;50
2,02E+11;18;10;20;1600;1;2;1;1;2;61;EMILE DIDIER ( AV );M;4456612;609396;50
2,02E+11;18;10;23;1100;1;2;1;1;4;61;EMILE DIDIER ( AV );M;4456700;609620;50
2,02E+11;18;10;23;1851;2;2;4;1;6;61;PARC SAINT JOSEPH (RUE D;M;4456310;607810;50
2,02E+11;18;10;25;1450;1;2;1;1;4;61;EMBRUN ( AVENUE D');M;4456860;610020;50
2,02E+11;18;10;25;1609;1;2;6;1;3;61;VEYNES ( AVENUE DE  );M;4455780;606880;50
2,02E+11;18;10;25;1715;1;2;1;1;6;61;EMILE DIDIER ( AV );M;4456410;608910;50
2,02E+11;18;10;26;1946;5;2;1;1;3;61;MARECHAL FOCH ( AVENUE D;M;4456342;608742;50
2,02E+11;18;10;29;1025;1;2;1;2;2;61;PRE DE FOIRE ( RUE DU );M;4455543;607307;50
2,02E+11;18;10;31;1515;1;2;9;8;2;61;PIERRE ET MARIE CURIE (;M;4456177;608433;50
2,02E+11;18;11;1;1505;1;1;1;2;1;61;D942 A;M;4454452;609151;50
2,02E+11;18;11;5;1904;3;1;3;1;3;61;RN 94;M;4457680;611805;50
2,02E+11;18;11;11;1115;1;2;1;1;6;61;RN 85;M;4458125;608180;50
2,02E+11;18;11;17;1400;1;2;1;1;6;61;RN 94;M;4457005;610464;50
2,02E+11;18;11;18;1625;1;2;1;1;6;61;RN 94;M;4457068;610538;50
2,02E+11;18;11;28;1335;1;2;3;1;2;61;EYSSAGNIERES ( ROUTE DES;M;4455130;605503;50
2,02E+11;18;12;4;1716;2;2;1;1;6;61;EMILE DIDIER ( AV );M;4456479;609071;50
2,02E+11;18;12;8;540;5;2;6;1;6;61;EMILE DIDIER ( AV );M;4456750;609690;50
2,02E+11;18;12;12;1220;1;2;1;1;2;61;VEYNES ( AVENUE DE  );M;4455763;605547;50
2,02E+11;18;12;19;1737;5;2;6;3;2;61;JEAN JAURES ( AVENUE );M;4455480;607500;50
2,02E+11;18;12;26;1350;1;2;1;1;3;61;GEORGES POMPIDOU ( BD);M;4455780;608190;50
2,02E+11;18;12;26;1735;5;2;1;1;6;61;LUYE ( ROUTE DE LA );M;4455780;608190;50
2,02E+11;18;12;29;1439;1;2;1;1;6;61;LADOUCETTE ( COURS );M;4456189;608359;50
2,02E+11;18;12;29;1947;5;2;1;1;6;61;JEAN JAURES ( AVENUE );M;4454779;606588;50
2,02E+11;18;1;8;1945;3;1;1;1;7;531;autoroute A 13  pk 52.70;M;4899645;160772;780
2,02E+11;18;1;14;815;3;1;1;1;7;68;A 13  pk 65.200;M;4902323;149829;780
2,02E+11;18;3;28;830;1;1;1;3;6;531;Autoroute A13;M;4899795;161407;780
2,02E+11;18;5;13;1435;1;1;1;1;6;668;A13 Point Kilomйtrique 0;M;4901973;152510;780
2,02E+11;18;5;18;1020;1;1;1;1;2;118;A13 PK 48.600;M;4898478;167474;780
2,02E+11;18;6;26;740;1;1;1;1;7;668;a13;M;4901973;152510;780
2,02E+11;18;9;5;840;1;1;1;1;5;89;A13 PK 055.400;M;4902076;157072;780
2,02E+11;18;10;10;530;3;1;1;1;4;668;A 13  PK 61+700  sens pa;M;4901980;152885;780
2,02E+11;18;1;6;1715;2;2;1;1;6;57;106 rue de villez;M;4904018;155463;780
2,02E+11;18;1;9;1735;5;2;1;1;6;255;Route Nationale;M;4903358;160168;780
2,02E+11;18;1;15;615;5;2;9;1;3;89;9 avenue aristide briand;M;4903515;157341;780
2,02E+11;18;4;13;1825;2;1;1;1;2;147;route nationale 13;M;4902012;148901;780
2,02E+11;18;5;7;1740;1;1;3;1;3;668;route nationale 13;M;4902210;150216;780
2,02E+11;18;10;18;455;5;1;1;1;6;320;Route de Rouen RD915;M;4903554;154571;780
2,02E+11;18;12;8;1545;1;1;1;1;3;255;RD37;M;4903396;160725;780
2,02E+11;18;1;5;1200;1;2;1;1;5;296;RD 190;M;4899025;176403;780
2,02E+11;18;6;22;2000;1;1;1;1;1;536;D913;M;4904092;179107;780
2,02E+11;18;8;17;2135;3;2;1;1;6;567;230 rue du vieux puits;M;4904040;168897;780
2,02E+11;18;3;19;1445;1;2;4;1;6;206;Rue du marcault intersec;M;4895050;192272;780
2,02E+11;18;10;8;1630;1;2;1;1;6;206;54 rue de la Rйpublique;M;4894868;192201;780
2,02E+11;18;12;13;1945;3;1;6;1;4;206;RD 113;M;4894538;192920;780
2,02E+11;18;12;20;1135;1;2;1;1;6;206;2 rue victor hugo;M;4894997;191838;780
2,02E+11;18;7;15;1300;1;1;1;7;7;263;RD 61;M;4876769;164216;780
2,02E+11;18;12;30;1430;1;1;1;2;6;263;D.112 PK 10.028;M;4877931;167342;780
2,02E+11;18;7;14;300;5;2;1;1;6;368;17 rue des fontaines;M;4889281;187024;780
2,02E+11;18;4;12;1315;1;1;1;1;6;30;ROUTE DE PARTEMENTALE 73;M;4869017;187908;780
2,02E+11;18;4;14;15;3;1;1;1;6;30;route de st benoit;M;4869005;188631;780
2,02E+11;18;8;4;1940;1;1;1;7;3;108;RD191;M;4873123;183501;780
2,02E+11;18;8;31;1430;1;1;1;1;6;77;l йpinette;M;4868820;165056;780
2,02E+11;18;9;11;1800;1;2;1;1;7;108;d60;M;4872284;182279;780
2,02E+11;18;12;22;1600;1;2;1;1;1;108;13 route de Vilpert - li;M;4870801;179957;780
2,02E+11;18;4;29;1340;1;1;1;2;2;3;Nationale 10 PK 45;M;4855129;183025;780
2,02E+11;18;4;27;1800;1;1;1;1;4;506;Dйpartementale 910;M;4850970;178361;780
2,02E+11;18;8;29;100;3;1;9;3;7;3;RN10;M;4852736;183105;780
2,02E+11;18;1;12;1850;3;1;1;1;7;160;d13;M;4871916;200653;780
2,02E+11;18;4;27;1036;1;1;1;1;2;128;rue des charmes;M;4866810;194331;780
2,02E+11;18;5;2;810;1;1;3;1;3;128;Dйpartementale 906;M;4866933;195650;780
2,02E+11;18;7;24;1720;1;1;1;1;1;128;D906 PK 24+800;M;4867583;198503;780
2,02E+11;18;9;29;1630;1;1;1;1;3;128;D 24;M;4867394;196678;780
2,02E+11;18;10;27;1850;2;2;1;1;6;160;rue de la division lecle;M;4870753;204211;780
2,02E+11;18;4;15;1440;1;1;1;1;6;289;route dйpartementale 112;M;4876863;176324;780
2,02E+11;18;5;17;1915;2;1;1;1;6;562;D111;M;4874035;175040;780
2,02E+11;18;6;16;1525;1;1;1;1;6;562;RD138;M;4873881;177572;780
2,02E+11;18;7;25;1220;1;1;1;1;7;562;D61;M;4871489;177429;780
2,02E+11;18;7;27;1635;1;1;1;1;6;389;RN12;M;4880099;182568;780
2,02E+11;18;9;9;335;5;2;1;1;6;420;1 rue du palais;M;4877450;180888;780
2,02E+11;18;9;15;1520;1;1;3;1;5;389;route dйpartementale 76;M;4880859;181683;780
2,02E+11;18;9;29;545;3;1;1;1;1;398;RD 191;M;4874723;183203;780
2,02E+11;18;2;22;1700;1;2;9;1;6;550;r de St Germain/ch Butte;M;4882827;190173;780
2,02E+11;18;3;9;1740;1;1;1;2;3;615;D119;M;4884278;192951;780
2,02E+11;18;5;6;1900;1;1;1;1;7;615;98 chemin des nourrices;M;4883855;193755;780
2,02E+11;18;5;17;1005;1;2;1;1;6;683;Route de Saint Germain;M;4880997;188149;780
2,02E+11;18;6;18;1018;1;1;1;9;3;189;route de la Maladrerie;M;4886742;190127;780
2,02E+11;18;7;7;1600;1;1;1;1;6;62;RD 191;M;4884831;187678;780
2,02E+11;18;7;29;1230;1;1;1;1;7;321;route de jouars RD15;M;4879562;189956;780
2,02E+11;18;9;18;805;1;1;1;1;3;615;RD 119;M;4883752;194676;780
2,02E+11;18;10;21;1540;1;1;1;1;1;62;105 rue de maule;M;4886421;187141;780
2,02E+11;18;11;7;1155;1;2;2;1;3;683;route de Beynes;M;4881789;187610;780
2,02E+11;18;11;19;900;1;2;3;1;6;62;D119;M;4885218;187765;780
2,02E+11;18;1;18;1150;1;1;1;3;1;681;route de GARANCIИRES;M;4884924;176907;780
2,02E+11;18;9;16;1220;1;2;9;1;6;513;av des platanes (auchan);M;4880426;177916;780
2,02E+11;18;10;25;2030;3;1;1;1;7;616;CD45 entre THOIRY et AND;M;4887614;181169;780
2,02E+11;18;12;14;930;1;2;1;1;2;513;route de Galluis;M;4880247;177809;780
2,02E+11;18;1;17;1230;1;2;1;1;6;537;14 Rue de Guhermont;M;4857586;194626;780
2,02E+11;18;1;21;1245;1;2;1;2;6;569;face 39 bis rue Charles;M;4853039;196240;780
2,02E+11;18;2;4;1750;3;1;1;1;1;164;RD 29 PK00+500;M;4860662;192103;780
2,02E+11;18;5;22;1130;1;1;6;1;3;522;Rond point de Rochefort;M;4858201;198045;780
2,02E+11;18;9;5;1515;1;1;1;1;1;87;route de bissy - ferme d;M;4861634;204714;780
2,02E+11;18;9;10;2105;3;1;1;1;6;87;PK 25+00 RD 988;M;4861050;201993;780
2,02E+11;18;10;24;720;3;1;2;1;3;120;RD27;M;4860357;194639;780
2,02E+11;18;11;29;545;3;1;1;1;6;120;D149;M;4863082;199743;780
2,02E+11;18;12;4;810;1;1;1;1;7;601;PK 037 + 900   RN 10;M;4861776;183144;780
2,02E+11;18;12;6;1830;3;1;1;1;6;349;RD 149;M;4856714;199769;780
2,02E+11;18;12;7;715;2;1;1;2;6;87;dйpartementale 132;M;4861662;203335;780
2,02E+11;18;1;19;2000;4;2;2;2;6;386;Imp. du hautclos renault;M;4857024;244582;910
2,02E+11;18;5;24;810;1;2;6;1;3;386;Avenue du buisson houdar;M;4857067;244502;910
2,02E+11;18;8;3;830;1;2;1;1;3;468;rue des activitйs;M;4857043;246141;910
2,02E+11;18;8;17;1300;1;2;9;7;6;386;boulevard la verville;M;4855249;242689;910
2,02E+11;18;3;25;400;3;2;1;1;6;405;22 bis avenue du Gйnйral;M;4840252;247614;910
2,02E+11;18;4;13;2240;3;1;1;2;6;405;RD837;M;4840654;247566;910
2,02E+11;18;4;18;1330;1;1;1;1;1;405;RD837;M;4840338;246766;910
2,02E+11;18;5;31;1500;1;1;1;1;7;599;RD83;M;4847760;247013;910
2,02E+11;18;7;26;2140;2;2;6;1;6;405;RD142;M;4839934;247509;910
2,02E+11;18;9;29;825;1;1;1;1;1;359;route dйpartementale 837;M;4839569;240730;910
2,02E+11;18;10;27;1500;1;2;1;1;6;507;GRANDE RUE;M;4835129;235632;910
2,02E+11;18;11;15;1700;2;2;1;1;3;405;Boulevard du Marйchal Jo;M;4840039;246880;910
2,02E+11;18;12;8;1845;3;1;1;2;5;69;RD449;M;4832311;236006;910
2,02E+11;18;12;12;751;1;1;6;8;2;184;RD449;M;4842240;237426;910
2,02E+11;18;12;17;920;1;2;1;7;6;405;rue de la chapelle saint;M;4839973;247356;910
2,02E+11;18;1;19;1610;1;2;1;5;7;130;48 rue du docteur Solon;M;4842764;206216;910
2,02E+11;18;2;12;800;2;2;3;9;1;200;avenue d'Orlйans;M;4852369;200529;910
2,02E+11;18;2;18;1305;1;2;1;1;6;200;81 Avenue de Paris;M;4853026;202671;910
2,02E+11;18;3;23;1015;1;1;1;5;1;284;D836;M;4849037;203819;910
2,02E+11;18;4;4;940;1;2;1;1;5;35;RD 191;M;4844946;196080;910
2,02E+11;18;4;3;1230;1;2;1;1;6;547;15 RUE DE LA GARE;M;4842240;195833;910
2,02E+11;18;4;28;1925;2;2;1;1;1;284;91 rue d'Angerville;M;4850165;201666;910
2,02E+11;18;6;16;1400;1;2;6;1;3;200;rue du potelet;M;4853186;200128;910
2,02E+11;18;7;14;205;3;1;1;1;7;247;RD 836;M;4847521;204775;910
2,02E+11;18;8;13;1130;1;1;1;1;6;200;Chemin du Milieu;M;4853073;198469;910
2,02E+11;18;11;2;1925;3;1;2;1;3;547;D838 / D 21;M;4841391;196615;910
2,02E+11;18;1;28;400;3;1;1;2;2;226;RN20;M;4850274;220067;910
2,02E+11;18;2;1;1215;1;1;1;1;3;226;RN 20 - PK 31 - sens Par;M;4849890;219672;910
2,02E+11;18;9;19;1620;1;2;1;1;7;38;route de Morigny;M;4848239;220337;910
2,02E+11;18;12;23;1620;1;1;1;2;1;330;RD449;M;4852745;229450;910
2,02E+11;18;2;20;1415;1;2;3;1;2;232;rue eugиne millet;M;4848674;234402;910
2,02E+11;18;5;29;1430;1;2;1;1;6;198;Route Dйpartementale 449;M;4845596;232686;910
2,02E+11;18;6;16;920;1;2;2;1;3;99;RUE DES TILLEULS;M;4843599;237775;910
2,02E+11;18;10;3;500;3;2;1;2;6;80;RD 191;M;4846814;228079;910
2,02E+11;18;10;18;1310;1;2;1;1;2;129;rd191 - avenue carnot;M;4848455;233465;910
2,02E+11;18;11;7;1905;2;2;1;2;6;99;159 RUE DE LA FERTЙ ALAI;M;4844711;236583;910
2,02E+11;18;11;11;1345;1;1;1;3;6;198;RD145;M;4847019;233197;910
2,02E+11;18;11;10;1800;5;2;2;2;3;47;carrefour D191/D831;M;4848885;235389;910
2,02E+11;18;11;22;1850;5;2;1;5;6;99;rue du stade;M;4843871;236822;910
2,02E+11;18;11;30;1850;5;2;1;1;1;315;128 route de st vrain;M;4853251;233963;910
2,02E+11;18;3;14;1945;3;1;1;1;6;662;route de vaucelas;M;4849964;214082;910
2,02E+11;18;6;13;1000;1;1;1;8;1;546;RD838;M;4856355;202971;910
2,02E+11;18;7;15;1603;1;1;1;1;1;662;RD207;M;4849890;212717;910
2,02E+11;18;9;19;1700;1;1;1;1;5;546;RD838;M;4857342;204279;910
2,02E+11;18;5;6;1515;1;2;1;1;6;661;86 avenue Charles de Gau;M;4869915;220913;910
2,02E+11;18;6;30;530;2;2;1;1;3;661;RD 59 - avenue de la ple;M;4870165;225292;910
2,02E+11;18;8;18;1810;1;2;1;1;6;661;4 avenue de la baltique;M;4868641;220586;910
2,02E+11;18;3;13;1345;1;1;1;3;1;115;RD116;M;4859529;221880;910
2,02E+11;18;4;27;1430;1;2;1;1;3;461;32 route de limours;M;4860093;222992;910
2,02E+11;18;6;27;1725;1;1;1;1;2;207;route nationale 20;M;4855752;224387;910
2,02E+11;18;6;28;2010;2;2;1;1;6;461;rue de la marre goubie;M;4860261;222755;910
2,02E+11;18;7;15;2315;5;2;1;1;1;461;45 grande rue;M;4860446;223398;910
2,02E+11;18;9;4;1145;1;1;1;1;3;41;route nationale 20;M;4856000;222723;910
2,02E+11;18;12;22;1730;5;2;1;2;6;41;10 avenue de verdun;M;4857608;223802;910
2,02E+11;18;3;25;1830;1;2;1;1;6;494;rue des chamois;M;4861584;232972;910
2,02E+11;18;6;25;1238;1;1;6;1;3;494;RD19;M;4861174;233979;910
2,02E+11;18;7;16;1750;1;2;1;1;6;376;19 grande rue;M;4856190;230025;910
2,02E+11;18;11;15;940;1;2;1;8;6;376;20 avenue Charles de Gau;M;4856307;229635;910
2,02E+11;18;12;12;1540;1;2;1;1;6;332;1 RUE DE LA CROIX BOISЙE;M;4856811;232764;910
2,02E+11;18;1;12;1830;5;2;1;1;6;482;33 grande rue;M;4864578;204947;910
2,02E+11;18;3;9;845;1;2;1;1;3;338;rue de chartres;M;4862872;204591;910
2,02E+11;18;3;24;1445;1;2;3;1;2;634;RD 131;M;4859823;211204;910
2,02E+11;18;5;5;1930;1;1;1;1;1;243;rue de launay jacquet;M;4859386;216882;910
2,02E+11;18;7;4;1830;1;2;1;1;1;111;130 rue Andrй Piquet;M;4862395;212020;910
2,02E+11;18;7;20;1715;1;2;1;1;2;338;20 rue de Chartres;M;4862872;204591;910
2,02E+11;18;7;29;2240;3;1;1;1;6;111;Rue Charles Godin;M;4862364;212194;910
2,02E+11;18;1;29;1450;1;1;3;1;3;44;Route dйpartementale 186;M;4866533;229243;910
2,02E+11;18;9;11;2345;3;1;1;1;6;587;route de montlhery;M;4868140;226427;910
2,02E+11;18;4;8;1540;1;1;1;1;6;119;RD 14;M;4919590;170360;950
2,02E+11;18;4;12;745;1;1;1;1;6;656;RD913;M;4906090;172740;950
2,02E+11;18;5;29;625;2;2;1;5;6;12;RD 37;M;4910730;164350;950
2,02E+11;18;7;7;330;3;1;1;1;6;690;RD 205;M;4907870;181480;950
2,02E+11;18;7;10;845;1;2;1;1;6;355;RUE DE PARIS;M;4915430;178690;950
2,02E+11;18;8;2;1457;1;1;1;1;2;119;Route dйpartementale 14;M;4919580;170390;950
2,02E+11;18;11;11;2100;3;1;1;1;1;101;RD 37;M;4914310;167030;950
2,02E+11;18;12;4;1200;1;1;1;1;1;462;RD 86;M;4914460;174030;950
2,02E+11;18;12;8;1900;3;1;1;3;5;554;RD 14;M;4916940;175840;950
2,02E+11;18;6;1;1940;1;1;1;1;3;177;RD 915;M;4912110;202640;950
2,02E+11;18;6;2;1720;1;2;1;1;1;459;RTE DE PARIS;M;4915610;185570;950
2,02E+11;18;8;4;2230;3;1;1;1;7;59;RD 105;M;4920390;207760;950
2,02E+11;18;8;27;1205;1;2;1;1;6;177;Rue de BREANCON;M;4911880;201810;950
2,02E+11;18;9;25;2000;2;1;1;1;6;23;RD 927;M;4917280;212410;950
2,02E+11;18;10;25;1330;1;1;1;1;1;271;RD 915;M;4909040;205759;950
2,02E+11;18;10;26;1547;1;1;1;8;3;271;RD 22;M;4909220;205930;950
2,02E+11;18;11;30;1611;1;1;1;1;6;213;RD 22;M;4911610;205229;950
2,02E+11;18;12;14;1650;2;1;1;1;3;54;RD 43;M;4914990;188550;950
2,02E+11;18;4;3;1830;1;1;1;2;3;446;CHEMIN DE PONTOISE;M;4911980;215990;950
2,02E+11;18;5;12;2350;5;2;1;1;6;39;RUE DE PONTOISE;M;4906660;212880;950
2,02E+11;18;5;30;1905;1;1;1;1;1;627;RD 927;M;4913070;211540;950
2,02E+11;18;6;5;830;1;2;6;2;3;256;AV CHARLES DE GAULLE;M;4904660;220230;950
2,02E+11;18;7;8;1515;1;1;1;1;3;328;RD 927;M;4912790;211780;950
2,02E+11;18;7;20;1635;1;1;1;9;1;211;RD 927 Z;M;4906710;210540;950
2,02E+11;18;11;30;1930;4;2;1;2;6;572;AVENUE DU CHATEAU;M;4905540;213790;950
2,02E+11;18;12;2;1510;1;1;1;2;6;211;RUE DU MOUTIER;M;4908350;211150;950
2,02E+11;18;12;14;1900;5;2;2;1;3;394;RUE THERESE LETHIAS;M;4905520;217150;950
2,02E+11;18;1;29;400;2;1;1;1;6;169;RD 43;M;4912640;188760;950
2,02E+11;18;3;19;730;1;1;1;4;6;348;RD14;M;4907370;195320;950
2,02E+11;18;4;11;1030;1;1;1;1;6;2;RD14;M;4907050;196810;950
2,02E+11;18;6;11;1925;1;1;1;1;3;2;RD14;M;4907010;196870;950
2,02E+11;18;7;18;815;1;1;1;1;5;253;RD 43;M;4906070;187550;950
2,02E+11;18;8;5;1110;1;1;1;1;7;592;Dйpartementale 43;M;4905420;186790;950
2,02E+11;18;8;12;740;1;2;1;1;7;610;RUE DU PONT AUX BOIS;M;4908480;190150;950
2,02E+11;18;10;18;850;1;1;1;7;5;2;RD 14;M;4906720;197280;950