Num_Acc;an;mois;jour;hrmn;lum;agg;int;atm;col;com;adr;gps;lat;long;dep
2,02E+11;18;12;14;1313;1;1;1;1;6;40;RD 43;M;4911290;188320;950
2,02E+11;18;12;23;1530;1;2;1;2;6;658;RUE DE LA COMTE;M;4907650;192710;950
2,02E+11;18;1;24;1820;3;1;1;8;2;409;RD 301;M;4905020;233060;950
2,02E+11;18;5;4;1108;1;2;1;1;6;199;RUE BERTHELOT;M;4903090;232570;950
2,02E+11;18;5;15;2020;2;1;1;1;6;199;RD 909;M;4904680;233090;950
2,02E+11;18;5;24;50;3;1;1;1;2;409;RD 301;M;4904510;233610;950
2,02E+11;18;8;31;1420;2;2;1;1;3;409;RD 301;M;4905070;233040;950
2,02E+11;18;9;1;1430;1;2;1;1;1;409;RUE DE PARIS;M;4904930;233580;950
2,02E+11;18;9;4;1705;1;2;1;1;3;199;AVENUE JEAN ROSTAND;M;4903790;234040;950
2,02E+11;18;9;15;1320;1;1;1;1;6;199;ROUTE DES FUSILLES;M;4902510;231590;950
2,02E+11;18;2;18;2225;3;1;1;1;6;241;RD 10;M;4904990;244350;950
2,02E+11;18;6;30;1852;1;1;1;1;2;351;Route dйpartementale 317;M;4905180;251440;950
2,02E+11;18;9;29;915;1;1;1;1;1;212;RD 165;M;4903160;256010;950
2,02E+11;18;2;12;1354;1;1;1;1;4;196;RN 3  PK 011+120;M;4894866;274753;770
2,02E+11;18;9;21;1535;1;2;2;1;3;23;RD38 - RD97;M;4901645;288264;770
2,02E+11;18;1;11;740;2;1;3;3;3;457;D319 X CH. MERISIERS;M;4866436;271293;770
2,02E+11;18;4;13;1309;1;1;1;1;3;217;RD 471;M;4868188;269098;770
2,02E+11;18;7;3;1730;1;1;1;1;1;127;RD 471 - pk 1+250;M;4867810;271412;770
2,02E+11;18;7;11;1950;1;1;1;1;6;252;Route Dйpartementale 619;M;4863225;269064;770
2,02E+11;18;9;5;1600;1;1;1;1;3;252;RD 619;M;4863178;268231;770
2,02E+11;18;10;13;625;2;1;1;1;3;252;RD619;M;4863111;267222;770
2,02E+11;18;11;23;733;2;1;2;5;1;217;RD 319;M;4867736;266374;770
2,02E+11;18;12;14;1800;3;1;1;2;1;165;D 227;M;4848803;286246;770
2,02E+11;18;2;10;2225;3;1;1;4;3;352;RD48 PK9+700;M;4865873;276918;770
2,02E+11;18;4;7;120;3;1;1;1;6;107;route de fontenay;M;4867346;282727;770
2,02E+11;18;5;23;2315;3;1;3;1;2;352;D319 X ROUTE DE GUIGNES;M;4864922;277074;770
2,02E+11;18;5;31;855;1;1;3;7;4;534;Intersection D619 - D353;M;4863548;276949;770
2,02E+11;18;6;5;1745;1;2;1;1;6;493;21BIS RUE E. VAILLANT;M;4864693;282771;770
2,02E+11;18;10;15;1600;1;1;1;1;5;107;N36 PK54+800;M;4865812;280791;770
2,02E+11;18;10;28;1300;1;1;1;1;6;4;D99E PK 02+0300;M;4861801;279278;770
2,02E+11;18;12;21;1920;5;2;3;2;6;222;D619XD99- 44 RUE TROYES;M;4863541;279982;770
2,02E+11;18;11;14;1700;2;1;1;1;1;82;D47;M;4860554;280822;770
2,02E+11;18;11;28;1750;3;1;3;1;6;211;D619 X D201;M;4857686;299198;770
2,02E+11;18;1;9;1215;1;2;5;8;3;470;Allйe d'armainvilliers;M;4874441;275299;770
2,02E+11;18;2;16;1215;1;2;1;1;6;377;4 ruelle des pierres;M;4871384;274275;770
2,02E+11;18;7;15;2330;3;1;1;1;6;177;D21;M;4879938;273326;770
2,02E+11;18;9;19;1805;1;1;1;1;7;377;D10 - VILLEPATOUR;M;4870406;274854;770
2,02E+11;18;10;7;825;2;1;1;2;6;177;RD10;M;4875737;277050;770
2,02E+11;18;10;11;1440;1;1;9;1;3;470;N4 - PARIS PROVINCE;M;4873691;276206;770
2,02E+11;18;1;2;1540;1;1;1;2;1;521;RN 36;M;4884286;287085;770
2,02E+11;18;1;26;1020;1;1;4;1;5;529;N36 X D235;M;4883248;287932;770
2,02E+11;18;7;12;1430;1;1;3;1;3;141;D406 X BRET. A140 MEAUX;M;4885551;285558;770
2,02E+11;18;8;1;1830;1;1;3;1;5;142;D934;M;4884811;294025;770
2,02E+11;18;8;8;2200;2;1;4;1;3;49;D228ExD33 PETIT ST LOUP;M;4891216;292085;770
2,02E+11;18;9;18;657;2;1;2;1;3;484;D228 / D125;M;4889526;294091;770
2,02E+11;18;9;26;1630;1;2;1;1;6;408;rue du colombier;M;4892036;295467;770
2,02E+11;18;10;12;1955;3;2;2;1;2;270;D228;M;4886536;299993;770
2,02E+11;18;11;8;1805;3;1;1;1;6;529;N36;M;4882967;287901;770
2,02E+11;18;11;18;900;1;2;1;1;6;142;D20 2 rue du gal leclerc;M;4885801;290754;770
2,02E+11;18;1;5;1100;1;1;3;1;1;361;D19 X D21;M;4890244;304896;770
2,02E+11;18;3;6;625;2;1;1;1;5;24;lieu dit la belle idйe;M;4892119;326672;770
2,02E+11;18;3;8;1455;1;1;4;2;3;238;D31 X D204;M;4891413;315554;770
2,02E+11;18;4;19;1815;1;2;1;1;3;238;D407 - 1 AV. DE CHALONS;M;4894036;314623;770
2,02E+11;18;5;18;1430;1;2;3;1;3;415;D603 X RUE P. & M. CURIE;M;4895219;301231;770
2,02E+11;18;6;1;2225;3;1;1;1;7;78;RD603 - PK 45+400;M;4898987;314842;770
2,02E+11;18;6;17;1045;1;2;3;1;3;183;D407 X IMP. MONTMIRAIL;M;4894117;313133;770
2,02E+11;18;6;20;616;2;1;1;5;5;440;RD 21;M;4894541;309041;770
2,02E+11;18;6;21;2325;3;1;1;1;6;415;D603;M;4895934;300078;770
2,02E+11;18;6;29;1720;1;1;3;1;5;478;RD3e;M;4895891;305463;770
2,02E+11;18;10;6;1050;1;2;9;1;6;183;9 boulevard pasteur;M;4894185;312682;770
2,02E+11;18;10;12;830;1;2;1;1;2;440;rue de metz;M;4894759;308558;770
2,02E+11;18;10;11;1340;1;2;2;1;3;238;rue des pleux;M;4892514;312582;770
2,02E+11;18;10;26;1535;1;1;1;1;7;24;LIEU DIT LA BUTTE ROUGE;M;4891292;330189;770
2,02E+11;18;10;28;210;3;1;1;1;6;238;D402;M;4890240;310661;770
2,02E+11;18;10;30;1145;1;1;1;2;6;57;D55;M;4892719;324353;770
2,02E+11;18;12;9;350;3;1;1;2;1;478;D3;M;4896192;308639;770
2,02E+11;18;12;13;827;2;1;1;1;3;451;RD21;M;4891166;305963;770
2,02E+11;18;12;18;720;2;2;2;2;3;331;D402 X D55 X VC;M;4897709;322081;770
2,02E+11;18;2;24;1515;1;1;2;1;3;318;intersection D216 D20;M;4879256;293486;770
2,02E+11;18;3;1;1000;1;1;1;4;6;508;RD231;M;4880191;284934;770
2,02E+11;18;3;20;2135;3;1;2;1;3;91;D216 X R. BEAUMARCHAIS;M;4874536;284062;770
2,02E+11;18;6;2;1846;1;1;1;1;1;318;route dйpartementale 231;M;4878432;288526;770
2,02E+11;18;6;24;300;3;1;1;1;6;508;d231;M;4879799;285728;770
2,02E+11;18;7;6;1504;1;2;3;1;2;510;D21 X D88 (MAIRIE);M;4881565;279277;770
2,02E+11;18;9;9;610;2;1;1;1;7;176;RD20;M;4880227;297717;770
2,02E+11;18;11;7;1235;1;1;1;2;4;219;RD 934;M;4884210;295544;770
2,02E+11;18;11;17;1725;3;1;1;1;7;508;Route dйpartementale 96;M;4879697;282411;770
2,02E+11;18;12;7;1915;3;1;1;1;5;466;D21;M;4882607;288599;770
2,02E+11;18;3;31;1715;1;2;3;1;6;469;22 rue de malvoisine;M;4874173;301255;770
2,02E+11;18;7;7;1920;1;1;1;1;6;469;D231 - ROUTE DE PROVINS;M;4872866;302132;770
2,02E+11;18;8;9;650;1;1;1;3;2;31;Aire de pesйe - N4;M;4869091;291891;770
2,02E+11;18;9;22;310;3;2;1;1;6;264;D143 - 1 route de Marles;M;4873795;294997;770
2,02E+11;18;10;5;1040;1;1;1;1;5;486;D231;M;4869347;307958;770
2,02E+11;18;10;19;2025;3;1;1;1;2;264;RD402 PK37+900;M;4872445;297137;770
2,02E+11;18;10;30;430;3;1;1;3;1;264;D231;M;4874698;295459;770
2,02E+11;18;1;11;1910;5;2;1;2;6;520;36 rue de Larchant;M;4831565;264566;770
2,02E+11;18;3;6;2330;3;1;1;2;6;46;D410;M;4825325;244931;770
2,02E+11;18;3;25;1525;1;1;1;1;6;339;Route dйpartementale 64;M;4837113;256072;770
2,02E+11;18;5;22;900;1;2;1;1;2;88;Rue de villione;M;4832533;257718;770
2,02E+11;18;6;27;1950;1;2;9;1;3;22;D64;M;4843789;259292;770
2,02E+11;18;11;13;748;2;1;1;1;6;244;D16 route de BONNEVAULT;M;4827178;261403;770
2,02E+11;18;8;10;2030;2;2;1;1;6;99;rue du lavoir;M;4814753;270207;770
2,02E+11;18;2;6;700;2;1;3;4;3;387;carrefour CD58 et CD 120;M;4820344;282729;770
2,02E+11;18;2;12;1145;1;1;1;1;6;370;D40E;M;4822343;275891;770
2,02E+11;18;4;22;230;3;1;3;1;6;387;D58 X D225;M;4823884;281469;770
2,02E+11;18;5;23;1605;1;1;3;1;3;168;intersection RD58 RD30;M;4818102;285355;770
2,02E+11;18;7;22;1230;1;1;1;1;7;71;D 58;M;4820119;282929;770
2,02E+11;18;8;11;2220;3;1;1;1;6;370;rue des sables;M;4822679;274487;770
2,02E+11;18;9;2;1525;1;2;1;1;1;399;rue de la chapelle;M;4826309;290225;770
2,02E+11;18;9;21;2150;5;2;1;1;1;465;D22 - RUE DE FLAGY;M;4828868;294623;770
2,02E+11;18;10;31;1750;3;1;1;2;1;370;Route des sables;M;4823076;274308;770
2,02E+11;18;2;20;1137;1;1;1;8;1;420;Route nationale 2;M;4903763;268047;770
2,02E+11;18;3;13;1255;1;2;3;1;3;420;D404 - 61 RUE DE LA GARE;M;4903336;269652;770
2,02E+11;18;4;9;810;1;1;1;8;3;153;Route nationale 2;M;4905537;269960;770
2,02E+11;18;5;1;905;1;1;1;1;2;420;Route Nationale 2 - PK 1;M;4904469;269000;770
2,02E+11;18;6;1;756;1;2;1;1;3;153;Route Dйpartementale 13;M;4906031;269862;770
2,02E+11;18;6;8;745;1;1;3;5;1;282;N2212 Intersection N1104;M;4902659;258317;770
2,02E+11;18;6;15;1830;1;1;6;1;5;153;D13 X ROUTE D'EVE;M;4906468;268887;770
2,02E+11;18;7;15;2140;1;2;3;1;6;153;D401 - PLACE LAVOLLEE;M;4905357;268547;770
2,02E+11;18;8;13;100;3;1;1;3;6;153;N2 - PARIS PROVINCE;M;4905507;269989;770
2,02E+11;18;9;19;1625;1;1;1;1;7;349;Bois de Saint Laurent ha;M;4908303;265714;770
2,02E+11;18;12;26;1505;1;2;3;7;3;323;ATTENTION !!...  D26E1;M;4904774;262638;770
2,02E+11;18;1;16;2015;3;1;1;2;2;196;Route nationale 3;M;4894798;273899;770
2,02E+11;18;2;18;1730;1;1;6;1;7;94;D 139;M;4895025;277394;770
2,02E+11;18;5;7;1010;1;1;1;1;1;5;D404;M;4892945;272832;770
2,02E+11;18;8;4;1720;1;2;1;1;6;171;D5 -Av Charles de Gaulle;M;4890018;281156;770
2,02E+11;18;10;7;1240;1;1;1;1;5;5;;M;4891880;270221;770
2,02E+11;18;10;10;2000;3;1;1;1;7;196;rn3 pk 10.800;M;4894818;274306;770
2,02E+11;18;11;13;1815;5;2;1;1;6;171;D239 - avenue joffre;M;4889780;281205;770
2,02E+11;18;12;8;1220;1;2;2;8;1;171;D5D X AV. CH. DE GAULLE;M;4889431;280943;770
2,02E+11;18;1;29;1519;1;2;1;1;6;148;D94 AV. DE LA GARE;M;4909043;306235;770
2,02E+11;18;6;10;600;2;1;1;5;6;231;RD 17 - PK17;M;4899362;299653;770
2,02E+11;18;7;27;1850;1;1;1;1;7;120;Route dйpartementale 65;M;4902757;313746;770
2,02E+11;18;11;6;2045;3;1;1;1;7;129;CD91;M;4909077;312879;770
2,02E+11;18;1;15;815;2;1;1;1;1;437;N330;M;4902821;281297;770
2,02E+11;18;2;2;1910;3;1;1;1;1;430;D9E1;M;4908139;277277;770
2,02E+11;18;5;7;1425;1;1;1;1;7;23;route dйpartementale 97;M;4901187;286788;770
2,02E+11;18;5;14;1130;1;1;1;2;6;173;route dйpartementale 146;M;4903938;293117;770
2,02E+11;18;5;28;1720;1;1;3;1;5;233;D27 X D97;M;4899813;279329;770
2,02E+11;18;6;5;900;1;1;1;1;3;515;D54 direction Le Plessis;M;4899250;276801;770
2,02E+11;18;6;15;1630;1;1;3;1;2;430;N330 X D9D;M;4906370;277628;770
2,02E+11;18;8;12;1745;1;1;1;1;7;437;D 401 PK 16+500;M;4904264;277127;770
2,02E+11;18;11;16;1840;3;1;9;5;6;515;D129 X ALLEE TILLEULS;M;4898087;278650;770
2,02E+11;18;1;26;750;2;2;2;8;3;327;D619 X D56;M;4856188;301328;770
2,02E+11;18;3;3;1230;1;1;1;1;6;383;D62;M;4853469;307185;770
2,02E+11;18;11;14;740;2;1;1;5;6;89;D12 - PK 8.650;M;4851464;295823;770
2,02E+11;18;3;25;1515;1;2;1;1;6;317;4 CHEMIN DE FEULARDE;M;4776611;159119;450
2,02E+11;18;3;29;1730;2;1;1;2;6;28;LA SAULAYE;M;4777654;165663;450
2,02E+11;18;6;10;1445;1;2;1;1;7;28;34 avenue de Vendфme;M;4778154;162078;450
2,02E+11;18;8;26;13;5;2;2;1;3;28;RUE QUERRES/R NATIONALE;M;4778117;163247;450
2,02E+11;18;9;22;1930;2;1;1;1;7;116;RD 919;M;4782162;157463;450
2,02E+11;18;10;15;1705;1;1;1;1;1;116;CD919;M;4782232;157385;450
2,02E+11;18;12;18;800;5;2;1;5;6;28;14 rue Nationale;M;4778031;163083;450
2,02E+11;18;1;26;300;3;1;1;1;1;82;RD 2060 PK 63+900;M;4788818;225521;450
2,02E+11;18;2;12;1410;1;1;9;1;4;273;R.D 2060 - P.R 074.925;M;4790774;217753;450
2,02E+11;18;2;21;2130;3;1;5;1;3;82;D952;M;4787506;223782;450
2,02E+11;18;5;12;2315;3;1;1;8;6;290;RD2060 PK 62+900;M;4792294;232534;450
2,02E+11;18;6;6;1500;1;2;2;1;3;82;rue maurice genevoix;M;4786749;221849;450
2,02E+11;18;6;8;1630;1;1;2;1;3;49;RD 948/RD 88;M;4786346;238170;450
2,02E+11;18;10;12;1700;1;1;1;1;1;316;RD 2060 PK 58+400;M;4794665;236779;450
2,02E+11;18;10;17;415;3;1;1;1;6;82;D960;M;4786010;218269;450
2,02E+11;18;10;25;950;1;2;1;1;6;82;rue Bonne dame;M;4786508;221362;450
2,02E+11;18;12;24;1900;3;1;1;1;7;82;route d'orlйans;M;4786001;218302;450
2,02E+11;18;2;1;1800;5;2;9;1;6;89;Parking zone commerciale;M;4790535;203241;450
2,02E+11;18;2;24;2258;4;2;1;1;7;126;50 av d'Orleans;M;4791111;210465;450
2,02E+11;18;3;8;1055;1;1;1;1;7;89;Levйe de Loire;M;4788994;202732;450
2,02E+11;18;7;13;650;1;2;1;1;6;34;4 rue de commanderie;M;4792488;201026;450
2,02E+11;18;9;25;1700;1;2;3;1;2;89;rue de grainloup;M;4790271;202799;450
2,02E+11;18;3;6;900;2;1;1;5;6;226;D55 PK 14.900;M;4775511;223705;450
2,02E+11;18;3;21;820;1;1;2;1;3;173;route de tigy - RD951;M;4784763;213555;450
2,02E+11;18;5;19;1450;1;1;2;1;3;173;D951-rue de Villanзon;M;4784762;213556;450
2,02E+11;18;6;22;2355;4;2;1;1;6;273;D411-bd des Chenats;M;4787616;211626;450
2,02E+11;18;9;8;1315;1;2;1;1;2;273;96 Avenue d'Orlйans;M;4787474;211806;450
2,02E+11;18;11;13;1347;1;1;2;1;3;335;D7-D13;M;4776497;210856;450
2,02E+11;18;11;19;845;2;2;1;7;6;273;22 avenue du stade;M;4787190;212954;450
2,02E+11;18;12;8;1505;1;2;1;1;6;173;28 rue du Faubourg Berry;M;4786405;212219;450
2,02E+11;18;12;10;830;2;1;1;1;7;311;91 Route de guilly;M;4782647;223710;450
2,02E+11;18;1;9;1825;5;2;2;1;6;155;Rue de montbricon;M;4768926;264149;450
2,02E+11;18;4;7;2010;2;1;1;1;3;108;D956;M;4763703;251876;450
2,02E+11;18;7;30;1720;1;2;3;7;4;155;Q de NICE/R de la LOIRE;M;4768082;264156;450
2,02E+11;18;10;26;1600;1;1;1;1;1;155;D952;M;4771041;263612;450
2,02E+11;18;12;8;1630;1;2;1;2;4;155;08 quai lenoir;M;4768389;263139;450
2,02E+11;18;2;26;1800;1;2;6;1;3;315;route de Isdes;M;4776187;236947;450
2,02E+11;18;6;9;1930;1;1;1;8;6;315;route de Coulons;M;4775688;237976;450
2,02E+11;18;7;28;1000;1;1;1;7;1;164;route de sigloy;M;4782059;224960;450
2,02E+11;18;7;28;1822;1;1;2;7;3;315;Rte d'ISDES/CH CHATAIGNI;M;4775306;236173;450
2,02E+11;18;8;1;1240;1;1;3;1;7;39;RTE St BENOIT/RTE MAROIS;M;4779959;236723;450
2,02E+11;18;8;19;1155;1;1;1;1;3;171;Route de Clemont;M;4764537;226467;450
2,02E+11;18;8;31;1725;1;2;1;1;1;244;D119-Rte de MONTEREAU;M;4778041;248992;450
2,02E+11;18;9;19;1415;1;1;1;1;1;315;D951;M;4778241;230700;450
2,02E+11;18;9;21;1515;1;2;1;1;7;270;35 Bis Route des Boutron;M;4783111;228840;450
2,02E+11;18;9;30;925;1;1;1;1;6;244;CHEMIN DES MUSSEAUX;M;4776862;247045;450
2,02E+11;18;11;6;1810;3;1;1;1;3;315;RD 951;M;4775897;240682;450
2,02E+11;18;11;7;1005;1;1;1;2;1;268;PK 45+300 dйcroissant;M;4775020;244445;450
2,02E+11;18;12;5;950;1;1;1;1;6;244;D119 - PK 6+500;M;4776887;245503;450
2,02E+11;18;12;10;1555;1;1;2;1;4;51;Carrefour RD 952 / RD 88;M;4784406;232226;450
2,02E+11;18;2;6;1600;1;1;2;4;3;210;RD 317 et VC 5;M;4789322;284400;450
2,02E+11;18;2;18;1225;1;1;2;1;4;229;Carrefour D41/D627;M;4784716;273126;450
2,02E+11;18;2;28;1800;1;1;1;1;7;210;RD 93;M;4784647;283261;450
2,02E+11;18;3;15;1505;1;1;2;1;1;278;route dйpartementale 41;M;4782020;283102;450
2,02E+11;18;3;16;1630;1;1;3;2;1;229;D2007 ET D135;M;4785012;274811;450
2,02E+11;18;3;31;2300;3;1;1;1;6;229;Route des choux RD 135;M;4783163;272413;450
2,02E+11;18;5;25;1440;1;1;2;1;6;278;RD 56 ET RD 835;M;4781150;279305;450
2,02E+11;18;7;24;1415;1;1;1;1;6;77;route de Chatillon D-37;M;4785804;285808;450
2,02E+11;18;10;4;1745;1;1;2;1;1;229;Intersection RD 627 et R;M;4783912;272595;450
2,02E+11;18;12;3;1650;2;2;7;1;6;85;RUE MERY;M;4782014;284337;450
2,02E+11;18;12;20;1830;5;2;1;3;6;312;D2007-LA COMMODITE;M;4791824;273670;450
2,02E+11;18;12;29;2335;5;1;1;2;6;332;D41-PR5+950;M;4786574;265379;450
2,02E+11;18;2;1;1840;5;2;9;8;6;252;AV du 08 mai 1945;M;4817890;225425;450
2,02E+11;18;2;12;1100;1;2;1;1;7;252;rue des meuniers;M;4817703;226035;450
2,02E+11;18;2;23;1705;1;2;1;1;3;252;FB d'Orlйans;M;4816351;224305;450
2,02E+11;18;4;23;1716;1;1;1;1;7;139;RD26;M;4818891;232863;450
2,02E+11;18;5;7;1030;1;1;2;1;3;119;RD 123/chemin du moulin;M;4816390;227626;450
2,02E+11;18;6;21;2210;2;1;2;1;3;253;RD 2152 et C5;M;4814537;221705;450
2,02E+11;18;6;27;1845;1;2;1;1;6;252;36 rue saint aignan;M;4817481;226705;450
2,02E+11;18;9;15;2200;5;1;6;1;7;137;RD2152;M;4811923;218642;450
2,02E+11;18;10;7;1830;1;2;1;1;6;198;"lieu dit ""Oysonville""";M;4821850;226003;450
2,02E+11;18;11;30;1400;1;2;1;1;6;252;6 mail ouest;M;4817435;225335;450
2,02E+11;18;1;8;1735;5;2;1;1;6;191;5 rue Jacques Prйvert;M;4829851;240161;450
2,02E+11;18;2;4;1715;1;2;1;1;7;191;2 rue andrй malraux;M;4829814;240098;450
2,02E+11;18;8;26;1435;1;1;1;1;7;246;D24;M;4829839;216641;450
2,02E+11;18;1;1;455;3;1;1;6;6;207;RN151;M;4701102;227692;180
2,02E+11;18;3;14;1955;3;1;1;1;6;207;N151;M;4700978;227493;180
2,02E+11;18;4;25;510;3;1;1;1;7;285;route de SAINT FLORENT S;M;4703018;222771;180
2,02E+11;18;5;1;1730;1;1;1;1;7;133;RD 87;M;4693695;224671;180
2,02E+11;18;7;10;1630;1;1;2;1;3;285;Route dйpartementale 16;M;4702575;221021;180
2,02E+11;18;8;6;1720;1;1;1;7;6;55;le carroir du guй;M;4700241;211939;180
2,02E+11;18;8;29;900;1;1;2;2;7;66;RD16 intersection RD190;M;4703091;222313;180
2,02E+11;18;8;31;1920;1;2;1;1;2;207;51 avenue du Gйnйral LEC;M;4700238;226433;180
2,02E+11;18;10;28;1600;1;1;1;2;6;66;RN 151;M;4699167;219061;180
2,02E+11;18;11;25;948;1;1;1;3;6;207;rue des lavoirs;M;4698338;225168;180
2,02E+11;18;12;17;1850;5;2;2;8;1;207;6 Avenue Jean JAURES;M;4699119;224239;180
2,02E+11;18;12;19;1815;3;1;1;8;1;133;Route de l'йchalusse;M;4692567;224367;180
2,02E+11;18;5;31;1158;1;1;1;1;2;185;RN 12 PR1+500;M;4877957;156540;280
2,02E+11;18;7;8;1050;1;1;2;7;3;355;Intersection RD 933 et R;M;4884853;152767;280
2,02E+11;18;12;6;1930;3;1;1;2;6;293;302.5;M;4887968;153400;280
2,02E+11;18;12;28;1400;1;1;1;1;4;62;RN 12 PR 5+800;M;4876030;151214;280
2,02E+11;18;4;1;945;1;2;1;1;6;113;7 Grande Rue - Chandelle;M;4863759;155584;280
2,02E+11;18;4;30;1440;1;2;9;2;6;113;Rue de chandelle;M;4865308;154388;280
2,02E+11;18;6;28;2040;1;2;1;1;3;417;Rue de Maintenon;M;4860459;156939;280
2,02E+11;18;9;28;115;3;1;1;1;6;94;RD 26;M;4863227;149239;280
2,02E+11;18;11;23;2030;3;1;1;5;7;374;RD26;M;4861736;145038;280
2,02E+11;18;1;10;815;1;1;9;2;1;185;Route dйpartementale 31;M;4743562;100692;370
2,02E+11;18;2;5;1045;1;2;9;1;7;3;2 quai du gйnйral de gau;M;4741191;97929;370
2,02E+11;18;3;16;1900;2;1;1;1;1;252;D23 - PK 06+200;M;4741173;107406;370
2,02E+11;18;5;9;1915;1;2;3;1;3;3;RUE BRETONEAU;M;4740604;97988;370
2,02E+11;18;5;23;1130;1;2;1;1;3;3;route de tours;M;4740494;95937;370
2,02E+11;18;5;28;2000;1;2;1;1;6;163;Boulevard des Platanes;M;4742554;96291;370
2,02E+11;18;7;9;1520;1;2;9;7;6;3;quai Charles de Gaulle;M;4741367;98428;370
2,02E+11;18;8;20;1235;1;2;1;1;7;236;15 rue du val de l'amass;M;4741024;103986;370
2,02E+11;18;10;4;1950;2;1;9;1;7;163;D75;M;4744952;95599;370
2,02E+11;18;10;8;1735;1;1;1;1;7;171;Le gros Hormeau;M;4740353;88211;370
2,02E+11;18;10;25;1830;2;2;1;1;2;3;138 Avenue Lйonard de Vi;M;4740576;100170;370
2,02E+11;18;11;18;1440;1;2;1;1;6;3;129 avenue lйonard de Vi;M;4740341;100763;370
2,02E+11;18;11;29;1740;5;2;9;1;2;185;D431;M;4742500;98283;370
2,02E+11;18;11;30;720;3;1;9;1;3;185;D952;M;4742788;100062;370
2,02E+11;18;12;14;1730;3;1;1;1;5;171;RD 952 lieu dit la perch;M;4741860;89846;370
2,02E+11;18;12;21;1845;3;1;3;2;3;171;RD 952 PK 16+100;M;4740440;89769;370
2,02E+11;18;8;13;1205;1;2;6;1;3;201;Lieu-dit la Galvauderie;M;4714463;25567;370
2,02E+11;18;8;19;930;1;1;2;1;3;72;Lieu dit La Motte - D8;M;4715198;28558;370
2,02E+11;18;9;2;500;3;1;1;1;2;248;D24;M;4713616;18287;370
2,02E+11;18;10;10;1015;1;2;1;1;6;242;Dйpartementale 418;M;4721122;15459;370
2,02E+11;18;10;23;1710;1;1;9;1;2;202;route de LOUDUN;M;4714411;19526;370
2,02E+11;18;11;16;1230;1;1;1;1;7;89;lieu dit la croix de boi;M;4716208;35067;370
2,02E+11;18;11;21;2045;5;2;1;1;7;72;Avenue Saint Lazare;M;4716021;23733;370
2,02E+11;18;11;23;900;1;1;1;1;3;22;7 rue de la croix Danzay;M;4719013;18365;370
2,02E+11;18;1;8;950;3;1;9;3;2;91;D31;M;4734895;98052;370
2,02E+11;18;3;16;1815;1;2;1;1;2;8;CHEMIN DES DAMES;M;4732462;91697;370
2,02E+11;18;3;23;205;3;1;1;1;7;27;RD 976;M;4731549;99045;370
2,02E+11;18;3;27;1730;1;1;1;1;1;225;Lieu-dit La Folie;M;4735563;90349;370
2,02E+11;18;4;27;1250;1;2;9;1;6;27;rue du gйnйral de Gaulle;M;4732743;99082;370
2,02E+11;18;5;30;1830;1;1;1;8;6;253;D31;M;4728677;99005;370
2,02E+11;18;6;3;1000;1;1;1;1;6;8;1 rue des landes;M;4728826;90129;370
2,02E+11;18;6;23;110;3;1;1;1;3;225;D140;M;4735001;92591;370
2,02E+11;18;7;11;335;3;1;1;1;3;27;D976;M;4731784;98151;370
2,02E+11;18;11;10;2130;3;1;1;2;6;79;rue de chenonceaux;M;4733668;100912;370
2,02E+11;18;11;28;2000;3;1;1;1;7;141;D52;M;4726794;105093;370
2,02E+11;18;12;1;1930;3;2;6;2;7;79;lieu dit la canardiиre;M;4732204;103584;370
2,02E+11;18;12;14;1530;1;1;1;1;6;75;route de sublaines;M;4725905;94863;370
2,02E+11;18;3;21;1945;3;1;1;1;7;136;Lieu dit les cent planch;M;4773298;149773;410
2,02E+11;18;4;14;215;3;1;1;1;6;66;Levйe de la Loire;M;4767321;151070;410
2,02E+11;18;4;14;1640;1;2;6;1;2;136;D2152;M;4770640;151951;410
2,02E+11;18;4;16;1630;1;1;1;1;1;206;D2152;M;4763494;139694;410
2,02E+11;18;5;9;1630;1;1;1;1;6;220;hameau de la Proutiиre;M;4767137;156700;410
2,02E+11;18;5;16;900;1;1;1;1;7;220;RD925  PR 20+400;M;4773206;165066;410
2,02E+11;18;5;22;1725;1;1;1;1;1;39;CD 112;M;4771033;143927;410
2,02E+11;18;7;3;2300;3;1;9;1;7;71;la billardiиre;M;4767847;162746;410
2,02E+11;18;8;22;855;1;1;1;1;7;66;CD 112;M;4768524;151816;410