Num_Acc;an;mois;jour;hrmn;lum;agg;int;atm;col;com;adr;gps;lat;long;dep
2,02E+11;18;7;28;1230;1;2;1;1;3;29;CARNOT (BOULEVARD);M;4355406;701670;60
2,02E+11;18;7;29;521;5;2;1;1;1;29;CLEMENCEAU (RUE GEORGES);M;4354904;701129;60
2,02E+11;18;8;3;1140;1;2;1;1;1;30;MOULIN (VIEUX CHEMIN DU);M;4355409;701631;60
2,02E+11;18;8;6;1158;1;2;1;1;6;30;CAMPON (RUE;M;4357081;701395;60
2,02E+11;18;8;7;1140;1;2;1;1;3;29;SEMARD (AVENUE PIERRE);M;4354887;697750;60
2,02E+11;18;8;7;1750;1;2;1;1;3;29;BACHAGA SAID BOUALAM (AV;M;4355236;702908;60
2,02E+11;18;8;8;1810;1;2;3;1;3;29;ROUBINE (AVENUE DE LA);M;4354790;697230;60
2,02E+11;18;8;9;1755;1;1;1;2;6;30;CARIMAI (RUE);M;4357467;698599;60
2,02E+11;18;8;10;1920;1;2;1;7;3;29;boulevard du rivage;M;4355003;696232;60
2,02E+11;18;8;14;1000;1;2;1;1;3;29;ANCIENS COMBATTANTS D'AF;M;4355421;702346;60
2,02E+11;18;8;14;1440;1;1;1;1;1;30;AUBAREDE (CHEMIN DE L');M;4356791;698457;60
2,02E+11;18;8;17;1120;1;2;9;1;6;29;CROISETTE (BOULEVARD DE;M;4355143;701805;60
2,02E+11;18;8;18;1210;1;2;1;1;6;29;TUBY (AVENUE FRANCOIS);M;4355770;697353;60
2,02E+11;18;8;18;1504;1;2;1;1;6;29;MIDI (BOULEVARD DU);M;4353858;695635;60
2,02E+11;18;8;29;1058;1;2;1;1;6;30;CANNES (RUE DE);M;4357115;701962;60
2,02E+11;18;9;1;905;1;2;4;1;6;30;SADI CARNOT (BOULEVARD);M;4356890;701640;60
2,02E+11;18;9;4;1545;1;2;1;1;3;29;VALLAURIS (AVENUE DE);M;4355953;703247;60
2,02E+11;18;9;10;825;1;2;1;1;6;29;STRASBOURG (BOULEVARD DE;M;4355412;702852;60
2,02E+11;18;9;16;800;1;2;1;1;2;29;ANTIBES (RUE D');M;4355252;702004;60
2,02E+11;18;9;17;1715;1;2;1;1;6;29;CARNOT (BOULEVARD);M;4356417;701655;60
2,02E+11;18;9;20;1600;1;2;1;1;6;30;AUBAREDE (CHEMIN DE L');M;4356703;698617;60
2,02E+11;18;9;25;1500;1;2;1;1;2;29;ALSACE ( BOULEVARD D');M;4355362;702759;60
2,02E+11;18;9;26;1320;1;2;1;1;1;29;MIDI (BOULEVARD DU);M;4332570;700080;60
2,02E+11;18;9;28;1630;1;2;1;1;2;29;MIDI (BOULEVARD DU);M;;;60
2,02E+11;18;9;30;1930;5;2;7;1;3;29;DIX HUIT JUIN (PLACE DU);M;4355394;701704;60
2,02E+11;18;10;7;900;1;2;1;2;6;30;DOUMER (BOULEVARD PAUL);M;4356893;700556;60
2,02E+11;18;10;9;2000;5;2;2;1;1;30;DUNKERQUE (RUE DE);M;4356565;701655;60
2,02E+11;18;10;12;1540;1;2;9;1;6;29;LORRAINE (BOULEVARD DE);M;4355315;702752;60
2,02E+11;18;10;9;2105;5;2;1;1;1;29;REPUBLIQUE (BOULEVARD DE;M;4356090;702025;60
2,02E+11;18;10;18;830;1;2;1;1;2;30;CANNES (RUE DE);M;4357034;701927;60
2,02E+11;18;10;18;1610;1;2;9;1;6;30;BREGUIERES (CHEMIN DES);M;4357832;701847;60
2,02E+11;18;10;22;1400;1;2;2;1;3;30;ROOSEVELT (AVENUE FRANKL;M;4357647;699841;60
2,02E+11;18;10;24;1613;1;2;1;1;6;30;MONOD (RUE JEAN);M;4357529;699702;60
2,02E+11;18;10;30;1200;1;2;2;1;3;30;SADI CARNOT (BOULEVARD);M;4356740;701683;60
2,02E+11;18;11;1;1715;2;2;1;2;6;29;CROISETTE (BOULEVARD DE);M;4355113;702443;60
2,02E+11;18;11;2;1245;1;1;1;1;5;30;MOULIN (BOULEVARD JEAN);M;4356632;696489;60
2,02E+11;18;11;3;1534;1;2;1;1;6;30;DE GAULE (RUE DU GENERAL;M;4356750;699666;60
2,02E+11;18;11;14;1745;5;2;1;1;6;29;GOURGUETTES (RUE DES);M;4356908;696116;60
2,02E+11;18;11;18;940;1;2;1;1;2;29;CROISETTE (BOULEVARD DE;M;4355031;702269;60
2,02E+11;18;11;21;1910;5;2;9;2;6;29;BACHAGA SAID BOUALAM (AV;M;4355398;701686;60
2,02E+11;18;11;23;1930;5;2;3;1;3;29;HUGO (RUE VICTOR)(BOCCA);M;4356820;696690;60
2,02E+11;18;11;24;1600;1;2;1;1;2;29;CROISETTE (BOULEVARD DE;M;4353905;703613;60
2,02E+11;18;12;1;1615;1;2;1;1;6;30;OLIVET (CHEMIN DE L');M;4356943;699468;60
2,02E+11;18;12;3;1600;1;2;1;1;3;30;SADI CARNOT (BOULEVARD);M;4331000;701000;60
2,02E+11;18;12;11;1747;5;2;1;2;6;29;TONNER (AVENUE FRANCIS);M;4355034;695979;60
2,02E+11;18;12;11;1810;4;2;1;2;3;29;BROUSSAILLES (AVENUE DES;M;4356084;700496;60
2,02E+11;18;12;13;1240;1;2;1;1;6;29;TONNER (AVENUE FRANCIS);M;4354958;697365;60
2,02E+11;18;12;14;1905;5;2;1;1;6;29;BORDE (AVENUE DE LA)(BOC;M;4356700;696800;60
2,02E+11;18;12;16;1900;3;2;1;1;6;29;BACHAGA SAID BOUALAM (AV;M;4355392;702495;60
2,02E+11;18;12;17;1030;1;2;1;1;6;29;CANADA (RUE DU);M;4333000;701410;60
2,02E+11;18;12;17;1130;1;1;1;1;4;30;CARIMAI (RUE);M;4357888;699361;60
2,02E+11;18;1;3;1455;1;2;1;1;6;69;158  CANNES (ROUTE DE);M;4363533;695151;60
2,02E+11;18;1;4;1500;1;2;1;1;6;69;3  THIERS (AVENUE);M;4366100;692200;60
2,02E+11;18;1;6;1145;1;2;1;2;7;69;45  DUVAL (AVENUE MATHIA;M;4365090;692207;60
2,02E+11;18;1;7;1030;1;2;1;1;5;69;28  PLAN (ROUTE DU) -D30;M;4365267;694676;60
2,02E+11;18;1;8;750;1;2;1;1;6;69;145  PAOUTE (ROUTE ET TR;M;4364397;695497;60
2,02E+11;18;1;9;1355;1;2;1;2;7;69;280  Route de PLASCASSIE;M;4364227;696630;60
2,02E+11;18;1;9;1605;1;1;1;2;7;69;x  PEGOMAS (ROUTE DE);M;4361992;692526;60
2,02E+11;18;1;9;2000;5;2;1;8;6;69;14  VALBONNE (ROUTE);M;4364000;697000;60
2,02E+11;18;1;10;1130;1;2;6;1;3;69;SIDI BRAHIM (AVENUE);M;4364976;693167;60
2,02E+11;18;1;16;1830;5;2;1;1;6;69;2  Place C‚sar Ossola;M;4365863;692585;60
2,02E+11;18;1;17;750;2;1;1;6;6;69;PLASCASSIER - MOULIN DE;M;4365202;696084;60
2,02E+11;18;1;19;850;1;2;1;1;6;69;x  LIBERATION (AVENUE DE;M;4364940;691751;60
2,02E+11;18;1;18;1330;1;2;3;1;3;69;x  PEGOMAS (ROUTE DE);M;4363629;693338;60
2,02E+11;18;2;1;845;1;2;1;1;2;69;X  SAINT EXUPERY (AVENUE;M;4365000;692000;60
2,02E+11;18;2;2;1505;1;2;1;1;6;69;7  SABOLY (AVENUE);M;4364019;691269;60
2,02E+11;18;2;5;715;2;2;1;4;7;69;x  PRUNELIERS (CHEMIN DE;M;4369800;690300;60
2,02E+11;18;2;8;1710;1;2;1;1;1;69;188  DRAGUIGNAN (ROUTE D;M;4364419;689854;60
2,02E+11;18;2;8;2100;5;2;1;1;6;69;9  MISTRAL (AVENUE ET PL;M;4364966;692134;60
2,02E+11;18;2;12;1735;2;2;1;3;6;69;43  ROURE DE LA GACHE (C;M;4364846;696465;60
2,02E+11;18;2;13;645;5;2;1;1;6;69;89  CANNES (ROUTE DE)  -;M;4364048;694808;60
2,02E+11;18;2;15;1335;1;2;1;1;2;69;46  DUNANT (AVENUE HENRI;M;4364700;692600;60
2,02E+11;18;2;16;1435;1;2;1;1;2;69;36  PLAN (ROUTE DU) -D30;M;4365100;694600;60
2,02E+11;18;2;18;300;5;2;1;1;7;69;POMPIDOU (AVENUE GEORGES;M;4364759;693620;60
2,02E+11;18;2;18;1220;1;2;1;1;3;69;17  SAINT MARC - LE PLAN;M;4363900;695900;60
2,02E+11;18;2;19;923;1;2;1;1;7;69;x  RIOU BLANQUET (AVENUE;M;4366197;692919;60
2,02E+11;18;2;23;1930;5;2;1;1;6;69;17  THIERS (AVENUE);M;4366232;692367;60
2,02E+11;18;2;25;1605;1;1;1;3;6;69;110  PASTEUR (BOULEVARD);M;4366416;690554;60
2,02E+11;18;2;26;1118;1;2;1;4;2;69;40  MISTRAL (AVENUE ET P;M;4364700;691800;60
2,02E+11;18;2;28;1225;1;2;1;4;6;69;259  PEGOMAS (ROUTE DE);M;4362479;692743;60
2,02E+11;18;3;2;1509;1;2;1;1;2;69;93  MARIGARDE (ROUTE DE;M;4365483;693861;60
2,02E+11;18;3;2;2315;5;2;1;1;6;69;67  VICTORIA (AVENUE ET;M;4366563;693510;60
2,02E+11;18;3;3;1620;1;2;1;1;7;69;79  AURIBEAU (ROUTE D');M;4363370;691251;60
2,02E+11;18;3;4;1020;1;2;1;8;2;69;25  DUVAL (AVENUE MATHIA;M;4365100;692200;60
2,02E+11;18;3;15;2000;2;2;1;1;2;69;x  TASSIGNY (AVENUE DELA;M;4364907;693176;60
2,02E+11;18;3;19;1920;5;1;1;1;1;69;120  DRAGUIGNAN (ROUTE D;M;4364300;690200;60
2,02E+11;18;3;21;2000;5;1;1;1;3;69;324  CANNES (ROUTE DE);M;4362000;693000;60
2,02E+11;18;3;22;900;1;2;1;1;6;69;134  CANNES (ROUTE DE);M;4363944;694942;60
2,02E+11;18;3;26;1215;1;2;1;1;3;69;5  BOBET (AVENUE LOUISON;M;4362000;694000;60
2,02E+11;18;3;27;1823;1;2;1;1;6;69;29  MAUPASSANT (AVENUE G;M;4365434;691369;60
2,02E+11;18;3;28;1640;1;2;6;1;2;69;1  MOUANS (ROUTE DE);M;4363904;697572;60
2,02E+11;18;3;30;2000;3;2;1;1;2;69;159  CANNES (ROUTE DE);M;4363526;695167;60
2,02E+11;18;4;4;1317;1;1;1;2;6;69;PASTEUR (BOULEVARD);M;4366600;690231;60
2,02E+11;18;4;7;415;5;2;6;1;6;69;SAINTE MARGUERITE (CHEMI;M;4364284;694817;60
2,02E+11;18;4;7;1600;1;2;1;1;2;69;CHASSEURS ALPINS (ROND-P;M;4365072;692209;60
2,02E+11;18;4;10;15;5;2;3;1;3;69;CANNES (ROUTE DE)  -RD 6;M;4362464;696506;60
2,02E+11;18;4;13;1105;1;2;1;1;2;69;CHENES (CHEMIN DES);M;4364040;691823;60
2,02E+11;18;4;14;500;4;2;9;1;1;69;SIDI BRAHIM (AVENUE);M;4363333;693333;60
2,02E+11;18;4;15;100;5;1;1;1;6;69;SAINT EXUPERY (AVENUE AN;M;4366237;693547;60
2,02E+11;18;4;16;930;1;2;1;1;7;69;ROUQUIER (BOULEVARD EMMA;M;4363420;693938;60
2,02E+11;18;4;16;1200;1;1;1;1;7;69;MOSQUEE (CHEMIN DE LA);M;4366700;693700;60
2,02E+11;18;4;19;1315;1;2;1;1;2;69;CANNES (ROUTE DE)  -RD 6;M;4363000;696000;60
2,02E+11;18;4;20;1440;1;2;9;1;3;69;CAPUCINS (CHEMIN ET IMPA;M;4365000;692000;60
2,02E+11;18;4;24;1310;1;2;1;8;2;69;Route de PLASCASSIER;M;4363871;697319;60
2,02E+11;18;4;24;1440;1;2;1;8;1;69;DRAGUIGNAN (ROUTE DE) -;M;4364550;690205;60
2,02E+11;18;4;28;1215;1;2;3;1;3;69;Route de PLASCASSIER;M;4365234;695155;60
2,02E+11;18;5;1;1230;1;2;1;8;7;69;Sortie p‚n‚trante Grasse;M;4364168;693628;60
2,02E+11;18;5;2;1330;1;2;4;1;3;69;LIBERATION (AVENUE DE LA;M;4364094;691052;60
2,02E+11;18;5;4;845;1;2;1;2;7;69;CANNES (ROUTE DE)  -RD 6;M;4363421;695175;60
2,02E+11;18;5;4;1005;1;2;1;1;6;69;PAOUTE (ROUTE ET TRAVERS;M;4363377;695737;60
2,02E+11;18;5;4;1710;1;2;1;8;3;69;LIBERATION (AVENUE DE LA;M;4364512;691434;60
2,02E+11;18;5;10;1810;1;2;1;2;2;69;DRAGUIGNAN (ROUTE DE) -;M;4364420;689937;60
2,02E+11;18;5;12;1025;1;2;1;8;5;69;DE LATTRE DE TASSIGNY (A;M;4364859;692572;60
2,02E+11;18;5;12;1120;1;2;6;1;2;69;FANTON D'ANDON (ROND-POI;M;4365511;693922;60
2,02E+11;18;5;13;1000;1;1;1;1;3;69;PASTEUR (BOULEVARD);M;4366411;690589;60
2,02E+11;18;5;12;2030;1;2;9;1;6;69;FRAGONARD (BOULEVARD ET;M;4365722;692222;60
2,02E+11;18;5;14;1530;1;2;1;2;6;69;PEGOMAS (ROUTE DE);M;4362284;692529;60
2,02E+11;18;5;16;1300;1;2;1;1;7;69;ZILLER (AVENUE PIERRE);M;4367422;694456;60
2,02E+11;18;5;21;1955;1;2;1;1;5;69;CANNES (ROUTE DE)  -RD 6;M;4362833;696277;60
2,02E+11;18;5;22;1135;1;2;1;2;2;69;POMPIDOU (AVENUE GEORGES;M;4364887;693408;60
2,02E+11;18;5;23;1445;1;2;1;2;6;69;ZOLA (BOULEVARD EMILE);M;4365313;691823;60
2,02E+11;18;5;25;830;1;2;1;1;3;69;DE LATTRE DE TASSIGNY (A;M;4364801;692725;60
2,02E+11;18;5;26;1405;1;2;3;1;3;69;PLAN (ROUTE DU) -D304-;M;4364458;695419;60
2,02E+11;18;5;27;1715;1;2;1;1;6;69;CLEMENCEAU (BOULEVARD GE;M;4366218;691862;60
2,02E+11;18;5;28;1740;1;2;1;8;2;69;VICTOR HUGO  (BD);M;4365403;691888;60
2,02E+11;18;5;30;45;5;2;1;1;2;69;DRAGUIGNAN (ROUTE DE) -;M;4364347;690286;60
2,02E+11;18;5;30;1000;1;2;1;8;3;69;RENOIR (AVENUE AUGUSTE);M;4367992;695147;60
2,02E+11;18;5;30;1430;1;2;1;1;3;69;MARIGARDE (ROUTE DE LA);M;4365430;694330;60
2,02E+11;18;5;30;1930;1;2;1;1;6;69;SEMARD (AVENUE PIERRE);M;4365306;692490;60
2,02E+11;18;6;1;1540;1;2;1;1;2;69;VALBONNE (ROUTE);M;4363961;697656;60
2,02E+11;18;6;2;1400;1;2;1;1;2;69;DRAGUIGNAN (ROUTE DE) -;M;4364000;690000;60
2,02E+11;18;2;4;1225;1;2;3;3;7;69;SAINT EXUPERY (AVENUE AN;M;4366137;693221;60
2,02E+11;18;6;4;1800;1;2;1;1;2;69;CANNES (ROUTE DE)  -RD 6;M;4364251;694646;60
2,02E+11;18;6;5;1505;1;2;1;1;4;69;POMPIDOU (AVENUE GEORGES;M;4364600;693920;60
2,02E+11;18;6;6;1519;1;2;1;3;6;69;SAINT EXUPERY (AVENUE AN;M;4366324;694021;60
2,02E+11;18;6;7;1654;1;2;4;8;1;69;CANNES (ROUTE DE)  -RD 6;M;4363933;694943;60
2,02E+11;18;6;9;1730;1;2;1;1;6;69;FRAGONARD (BOULEVARD ET;M;4365751;692202;60
2,02E+11;18;6;12;1700;1;2;6;2;7;69;ORME (CHEMIN DE L');M;4365243;694543;60
2,02E+11;18;6;15;1315;1;2;6;1;3;69;LECLERC (BOULEVARD DU MA;M;4365080;692214;60
2,02E+11;18;6;15;1955;1;2;1;1;2;69;TASSIGNY (AVENUE DELATTR;M;4365020;692265;60
2,02E+11;18;6;17;730;1;1;1;1;6;69;P‚n‚trante;M;4363939;693638;60
2,02E+11;18;6;17;1620;1;2;1;1;2;69;NAPOLEON (ROUTE);M;4367023;690941;60
2,02E+11;18;6;19;1350;1;2;1;1;3;69;SEMARD (AVENUE PIERRE);M;4365503;692223;60
2,02E+11;18;6;20;1630;1;2;9;1;1;69;CASTORS (CHEMIN DES);M;4364221;693166;60
2,02E+11;18;6;21;815;1;2;1;1;1;69;PAOUTE (ROUTE ET TRAVERS;M;4663603;695670;60
2,02E+11;18;6;24;1545;1;2;1;3;6;69;BAUDOIN (AVENUE YVES EMM;M;4365994;692192;60
2,02E+11;18;6;25;1540;1;2;1;1;6;69;SCHLEY (BOULEVARD);M;4366070;690218;60
2,02E+11;18;6;28;805;1;2;9;9;6;69;GAMBETTA (BOULEVARD ET I;M;4365900;692600;60
2,02E+11;18;6;28;1600;1;2;9;1;3;69;ROUQUIER (BOULEVARD EMMA;M;4364247;694225;60
2,02E+11;18;6;30;1750;1;2;1;1;2;69;CANNES (ROUTE DE)  -RD 6;M;4364442;694333;60
2,02E+11;18;7;5;1000;1;1;1;1;6;69;NAPOLEON (ROUTE);M;4367111;691141;60
2,02E+11;18;7;5;2115;1;2;1;1;6;69;SAINT MATHIEU (ROUTE ET;M;4365795;693426;60
2,02E+11;18;7;5;2115;1;2;1;1;6;69;CANNES (ROUTE DE)  -RD 6;M;4363854;695006;60
2,02E+11;18;7;6;1520;1;2;1;1;3;69;CANNES (ROUTE DE)  -RD 6;M;4364031;694825;60
2,02E+11;18;7;6;2333;5;2;1;1;6;69;CAPUCINS (CHEMIN ET IMPA;M;4365333;692843;60
2,02E+11;18;7;8;1205;1;2;9;1;6;69;LIBERATION (RUE DE LA);M;4368000;690000;60
2,02E+11;18;7;12;1010;1;2;1;1;3;69;MARIGARDE (ROUTE DE LA);M;4365382;693504;60
2,02E+11;18;7;12;2048;2;2;1;1;7;69;MARIGARDE (ROUTE DE LA);M;4365509;693964;60
2,02E+11;18;7;16;1120;1;2;1;8;3;69;SAINT EXUPERY (AVENUE AN;M;4366489;693794;60
2,02E+11;18;7;16;1515;1;2;1;2;2;69;LIBERATION (AVENUE DE LA;M;4364621;691409;60
2,02E+11;18;7;17;1730;1;2;1;1;6;69;GOBY (RUE PAUL);M;4366029;692368;60
2,02E+11;18;7;18;1352;1;2;1;1;3;69;SAINT JOSEPH (CHEMIN ET;M;4365234;695154;60
2,02E+11;18;7;18;1718;1;2;1;1;3;69;CHENES (CHEMIN DES);M;4364079;691719;60
2,02E+11;18;7;26;1738;1;2;1;8;3;69;AURIBEAU (ROUTE D') -D60;M;4363021;691277;60
2,02E+11;18;7;26;1935;1;2;1;1;6;69;CANNES (ROUTE DE)  -RD 6;M;4363011;691277;60
2,02E+11;18;7;28;1800;1;2;1;1;3;69;PEGOMAS (ROUTE DE);M;4364029;693448;60
2,02E+11;18;8;2;650;1;2;1;1;6;69;RENOIR (AVENUE AUGUSTE);M;4368165;696558;60
2,02E+11;18;8;5;2210;5;2;1;1;7;69;PEGOMAS (ROUTE DE);M;4363196;693001;60
2,02E+11;18;8;7;854;1;2;1;1;6;69;SAINT EXUPERY (AVENUE AN;M;4366011;693022;60
2,02E+11;18;8;8;1910;1;2;1;8;5;69;DRAGUIGNAN (ROUTE DE) -;M;4364211;690804;60
2,02E+11;18;8;11;200;3;1;1;1;7;69;CABRIS (ROUTE DE);M;4366866;690563;60
2,02E+11;18;8;14;500;3;2;4;1;6;69;BLUMENTHAL (CHEMIN DE);M;4366436;694886;60
2,02E+11;18;8;18;2340;5;2;9;1;2;69;DRAGUIGNAN (ROUTE DE) -;M;4364422;689955;60
2,02E+11;18;8;20;455;5;2;1;1;1;69;MISTRAL (AVENUE ET PLACE;M;4364300;691400;60
2,02E+11;18;8;20;1109;1;2;1;1;6;69;DRAGUIGNAN (ROUTE DE) -;M;4364300;690859;60
2,02E+11;18;8;22;1030;1;2;1;1;2;69;CANNES (ROUTE DE)  -RD 6;M;4363746;695089;60
2,02E+11;18;8;28;920;1;2;1;1;1;69;PAOUTE (ROUTE ET TRAVERS;M;4363771;695647;60
2,02E+11;18;8;30;1422;1;2;1;1;1;69;CHAPELLE SAINT ANTOINE (;M;4364696;693537;60
2,02E+11;18;8;30;1935;1;2;1;1;7;69;VALBONNE (ROUTE);M;4364053;698311;60
2,02E+11;18;9;2;1945;1;2;1;2;6;69;DRAGUIGNAN (ROUTE DE) -;M;4364543;690267;60
2,02E+11;18;9;2;2055;3;2;1;2;7;69;MISTRAL (AVENUE ET PLACE;M;4364905;691908;60
2,02E+11;18;9;3;1500;1;2;1;1;6;69;Place C‚sar Ossola;M;4365800;692500;60
2,02E+11;18;9;3;1520;1;2;1;8;3;69;MARIGARDE (ROUTE DE LA);M;4365380;693500;60
2,02E+11;18;9;3;2023;5;2;6;1;3;69;CANNES (ROUTE DE)  -RD 6;M;4364251;694218;60
2,02E+11;18;9;6;1040;1;2;9;1;6;69;CANNES (ROUTE DE)  -RD 6;M;4364200;694600;60
2,02E+11;18;9;6;1630;1;2;3;2;3;69;AUTRANT (BOULEVARD DU CD;M;4366218;693414;60
2,02E+11;18;9;7;1130;1;2;1;1;1;69;CROISSET (AVENUE FR. DE);M;4366663;693642;60
2,02E+11;18;9;7;1219;1;2;1;1;6;69;SAINT EXUPERY (AVENUE AN;M;4366922;694320;60
2,02E+11;18;9;9;940;1;1;1;1;7;69;NAPOLEON (ROUTE);M;4367589;690067;60
2,02E+11;18;9;17;615;2;2;2;1;1;69;SAINT EXUPERY (AVENUE AN;M;4366217;693417;60
2,02E+11;18;9;21;700;2;1;1;1;6;69;SAINT MATHIEU (ROUTE ET;M;4365900;695300;60
2,02E+11;18;9;25;1440;1;2;1;1;2;69;CANNES (ROUTE DE)  -RD 6;M;4363638;695129;60
2,02E+11;18;9;26;1500;1;2;1;1;2;69;CROUET (BOULEVARD JACQUE;M;4365630;692280;60
2,02E+11;18;9;26;1725;1;2;3;1;3;69;CHENES (CHEMIN DES);M;4364080;691720;60
2,02E+11;18;9;28;1715;1;2;1;1;6;69;DE GAULLE (AVENUE DU GEN;M;4365657;691946;60
2,02E+11;18;10;1;1653;1;2;1;4;7;69;ZOLA (BOULEVARD EMILE);M;4365113;691633;60
2,02E+11;18;10;1;1740;1;1;9;8;3;69;CLAVARY (CHEMIN DE);M;4361970;693155;60
2,02E+11;18;10;4;815;1;2;1;1;6;69;CARNOT (BOULEVARD ET TRA;M;4365557;692186;60
2,02E+11;18;10;5;1305;1;2;1;7;6;69;POISSONNIERS (CHEMIN DES;M;4364988;694146;60
2,02E+11;18;10;6;1400;1;2;9;8;3;69;ROUQUIER (BOULEVARD EMMA;M;4364376;694185;60
2,02E+11;18;10;6;1825;2;2;1;1;7;69;SAINT MATHIEU (ROUTE ET;M;4366083;695880;60
2,02E+11;18;10;8;645;5;2;1;8;7;69;RENOIR (AVENUE AUGUSTE);M;4368190;696068;60
2,02E+11;18;10;10;1550;1;2;1;3;6;69;CARNOT (BOULEVARD ET TRA;M;4365430;692080;60
2,02E+11;18;10;11;1850;5;2;1;2;7;69;Rd point des Quatre Chem;M;4364519;694064;60
2,02E+11;18;10;13;1745;1;2;9;1;3;69;CHASSEURS ALPINS (ROND-P;M;4365034;692231;60
2,02E+11;18;10;15;1830;2;2;1;1;3;69;DRAGUIGNAN (ROUTE DE) -;M;4364423;689899;60
2,02E+11;18;10;16;1805;1;1;1;2;3;69;Route de PLASCASSIER;M;4365000;696000;60
2,02E+11;18;10;16;2121;5;2;1;1;7;69;POMPIDOU (AVENUE GEORGES;M;4364764;693623;60
2,02E+11;18;10;18;1807;1;2;1;1;2;69;SEMARD (AVENUE PIERRE);M;4365500;692313;60
2,02E+11;18;10;21;1130;1;2;1;1;3;69;SAINT LAURENT (AVENUE ET;M;4368009;695506;60
2,02E+11;18;10;23;2310;5;2;1;1;6;69;CLEMENCEAU (BOULEVARD GE;M;4366437;691885;60
2,02E+11;18;10;25;1450;1;2;1;1;1;69;CHATEAU FOLIE (CHEMIN DE;M;4364400;692000;60
2,02E+11;18;10;26;813;1;2;1;1;3;69;SIDI BRAHIM (AVENUE);M;4364558;694014;60
2,02E+11;18;10;27;2355;5;1;9;2;6;69;PASTEUR (BOULEVARD);M;4366413;690410;60
2,02E+11;18;10;28;350;5;2;1;2;6;69;POISSONNIERS (CHEMIN DES;M;4364913;694096;60
2,02E+11;18;11;4;1015;1;2;1;2;2;69;DRAGUIGNAN (ROUTE DE) -;M;4364423;689788;60
2,02E+11;18;11;4;1340;1;2;1;2;3;69;DRAGUIGNAN (ROUTE DE) -;M;4364529;690280;60
2,02E+11;18;11;8;935;1;2;1;1;3;69;CANNES (ROUTE DE)  -RD 6;M;4364442;694390;60
2,02E+11;18;11;13;1800;5;2;1;1;7;69;GRAND CHENE (CHEMIN DU);M;4363744;692577;60
2,02E+11;18;11;14;1145;1;2;1;1;3;69;CANNES (ROUTE DE)  -RD 6;M;4363290;695420;60
2,02E+11;18;11;16;910;1;2;1;1;1;69;avenue du 11 novembre;M;4366150;692310;60
2,02E+11;18;11;17;1900;5;2;9;1;3;69;RAYBAUD (AVENUE FELIX);M;4364112;691169;60
2,02E+11;18;11;19;820;2;2;1;1;6;69;CAPUCINS (CHEMIN ET IMPA;M;4365339;692833;60
2,02E+11;18;11;19;1105;1;2;1;1;3;69;DE LATTRE DE TASSIGNY (A;M;4364870;693120;60
2,02E+11;18;11;20;1315;1;2;1;1;3;69;CASTORS (CHEMIN DES);M;4364222;693167;60
2,02E+11;18;11;21;1950;3;2;1;2;3;69;ROUQUIER (BOULEVARD EMMA;M;4363961;694137;60
2,02E+11;18;11;28;1430;1;2;1;1;6;69;BELLETRUD (BOULEVARD DU;M;4366223;688258;60
2,02E+11;18;11;29;800;1;2;1;1;6;69;JEU DE BALLON (BOULEVARD;M;4365820;692180;60
2,02E+11;18;11;30;1347;1;2;1;2;3;69;ALOUETTES (CHEMIN DES);M;4369930;693420;60
2,02E+11;18;12;1;954;1;1;1;1;7;69;PASTEUR (BOULEVARD);M;4366300;690400;60
2,02E+11;18;12;1;2120;3;1;1;5;6;69;P‚n‚trante;M;4662796;694795;60
2,02E+11;18;12;7;1905;5;2;1;1;6;69;CAPUCINS (CHEMIN ET IMPA;M;4365100;693000;60
2,02E+11;18;12;10;730;2;2;1;1;2;69;DE LATTRE DE TASSIGNY (A;M;4364857;692559;60
2,02E+11;18;12;12;1059;1;2;1;1;7;69;SEMARD (AVENUE PIERRE);M;4365690;693040;60
2,02E+11;18;12;13;1740;5;2;1;2;3;69;CANNES (ROUTE DE);M;4362502;696434;60
2,02E+11;18;12;14;1130;1;2;3;1;3;69;LIBERATION (AVENUE DE LA;M;4364000;691000;60
2,02E+11;18;12;14;1750;5;2;1;1;3;69;CROUET (BOULEVARD JACQUE;M;4365711;692687;60
2,02E+11;18;12;15;650;2;2;1;1;6;69;POMPIDOU (AVENUE GEORGES;M;4364868;693456;60
2,02E+11;18;12;15;1240;1;2;1;1;6;69;CANNES (ROUTE DE)  -RD 6;M;4364355;694667;60
2,02E+11;18;12;21;800;1;2;1;1;3;69;ROUQUIER (BOULEVARD EMMA;M;4364380;694191;60
2,02E+11;18;12;21;1700;2;2;1;1;4;69;PAOUTE (ROUTE ET TRAVERS;M;4363771;695669;60
2,02E+11;18;12;22;1930;3;1;1;1;6;69;PLASCASSIER (route de);M;4365190;695840;60
2,02E+11;18;12;24;1100;1;2;1;1;3;69;ZILLER (AVENUE PIERRE);M;4367950;694783;60
2,02E+11;18;12;24;1720;3;2;1;1;3;69;AURIBEAU (ROUTE D') -D60;M;4362901;691322;60
2,02E+11;18;1;24;1440;1;2;2;1;7;83;4  GREVILLE (RUE HENRI);M;4377585;749554;60
2,02E+11;18;3;12;1150;1;2;1;1;6;104;HUGO (RUE VICTOR);M;4376543;748258;60
2,02E+11;18;4;23;915;1;2;1;1;7;104;VERDUN (AVENUE DE  Nш 13;M;4376245;747080;60
2,02E+11;18;5;2;1142;1;2;1;8;6;83;COTY (COURS RENE  SENS M;M;4377000;748000;60
2,02E+11;18;5;4;1615;1;2;1;1;6;83;MONLEON (QUAI);M;4377669;750815;60
2,02E+11;18;5;7;1410;1;2;1;1;1;104;GRACE (AVENUE PRINCESSE);M;4375129;744016;60
2,02E+11;18;6;10;430;5;2;1;1;3;104;DOUMER (AVENUE PAUL);M;4376022;746492;60
2,02E+11;18;6;20;2300;5;2;3;1;3;83;VERDUN (AVENUE DE);M;4377518;749562;60
2,02E+11;18;6;21;1700;1;2;1;7;3;104;VERDUN (AVENUE DE  Nш 13;M;4376145;747092;60
2,02E+11;18;6;25;2015;2;2;1;1;6;83;FAURE (AVENUE FELIX);M;4377472;750238;60
2,02E+11;18;6;29;1505;1;2;3;1;5;12;CORNICHE (MOYENNE  Nш 20;M;4374561;742540;60
2,02E+11;18;7;2;1230;1;2;1;7;3;83;CASTAGNINS (ROUTE DES);M;4378020;748160;60
2,02E+11;18;7;2;1113;1;2;4;1;3;83;PARTOUNEAUX (RUE);M;4377487;750002;60