Num_Acc;an;mois;jour;hrmn;lum;agg;int;atm;col;com;adr;gps;lat;long;dep
2,02E+11;18;7;9;1530;1;2;3;1;1;104;DOUMER (AVENUE PAUL);M;4375825;747319;60
2,02E+11;18;7;11;2140;5;2;3;1;3;104;JAURES (AVENUE JEAN);M;4375445;744713;60
2,02E+11;18;7;27;1623;1;1;1;1;4;104;MONLEON (AVENUE SYLVIO D;M;4375316;748454;60
2,02E+11;18;7;30;1550;1;2;1;8;6;104;HANOTEAUX (AVENUE GABRIE;M;4376108;746574;60
2,02E+11;18;8;4;2345;5;2;1;1;6;83;MADONE (AVENUE DE LA);M;4376909;749154;60
2,02E+11;18;8;14;1145;1;2;1;1;6;83;ASTRID (PROMENADE REINE);M;4378487;752252;60
2,02E+11;18;8;15;1418;1;2;1;1;3;83;PARTOUNEAUX (RUE);M;4377482;749865;60
2,02E+11;18;8;13;1620;1;2;3;1;3;104;CAP MARTIN (PROMENADE DU;M;4375918;748270;60
2,02E+11;18;10;3;2100;5;2;4;1;6;104;VERDUN (AVENUE DE  Nш 13;M;4376249;747206;60
2,02E+11;18;10;5;2330;5;2;1;1;3;83;CASTELLAR (ROUTE DE);M;4379000;750541;60
2,02E+11;18;10;12;1600;1;2;1;1;3;104;VOYAGE (AVENUE NOTRE DAM;M;4375933;745095;60
2,02E+11;18;10;18;1825;2;2;1;1;6;83;DELATTRE DE TASSIGNY (AL;M;4378722;749363;60
2,02E+11;18;10;30;2300;5;2;1;2;6;83;DE GAULLE (AVENUE GENERA;M;4376762;748965;60
2,02E+11;18;11;7;35;4;1;1;2;6;104;JAURES (AVENUE JEAN);M;4375515;744781;60
2,02E+11;18;11;10;1655;5;2;1;3;6;83;SOLEIL (PROMENADE DU  Nш;M;4376946;749281;60
2,02E+11;18;11;22;2;5;2;1;8;3;83;DE GAULLE (AVENUE GENERA;M;4376686;748894;60
2,02E+11;18;7;19;1620;1;2;6;1;3;104;CAP MARTIN (PROMENADE DU;M;4375709;748152;60
2,02E+11;18;12;1;1340;1;2;9;1;6;83;INTERMARCHE CAREI;M;4380053;748797;60
2,02E+11;18;12;21;709;2;2;3;1;3;83;CERNUSCHI (AVENUE);M;4377419;748961;60
2,02E+11;18;1;1;210;5;2;1;1;6;88;ANGLAIS (DU Nш 1 AU Nш 4;M;4369527;726315;60
2,02E+11;18;1;2;1938;5;2;2;1;3;88;62  GAMBETTA (JUSQU'AU N;M;4370165;725621;60
2,02E+11;18;1;3;1000;1;2;1;8;6;88;127  VEIL (AV. SIMONE);M;4368458;720264;60
2,02E+11;18;1;6;1451;1;2;1;1;3;88;SAPPIA (AV. HENRI);M;4373439;725063;60
2,02E+11;18;1;7;205;5;2;1;6;6;88;ETATS UNIS (QUAI DES);M;4369760;727864;60
2,02E+11;18;1;7;1720;2;2;1;1;1;88;NAPOLEON III (PONT);M;4366387;719854;60
2,02E+11;18;1;8;1620;1;2;1;6;6;159;64  GEORGES CLEMENCEAU (;M;4370719;731301;60
2,02E+11;18;1;10;1838;5;2;1;1;2;88;140  TURIN (RTE DE);M;4372024;728732;60
2,02E+11;18;1;10;1950;5;2;1;1;3;88;23  RAYBAUD JOSEPH;M;4372412;728691;60
2,02E+11;18;1;11;2008;5;1;1;1;7;88;317  CREMAT (CH. DE);M;4372040;720793;60
2,02E+11;18;1;13;1120;1;2;2;1;3;88;0  CIMIEZ (BD) JUSQU'AU;M;4371342;727168;60
2,02E+11;18;1;15;1815;5;2;1;1;6;88;11  PHILIBERT (R. EMMANU;M;4369944;728316;60
2,02E+11;18;1;16;1300;1;2;1;1;3;88;57  MATISSE (AV. HENRI);M;4367491;721039;60
2,02E+11;18;1;16;1430;1;2;1;1;2;88;64  RISSO (BD);M;4370131;727956;60
2,02E+11;18;1;18;2015;5;2;1;1;6;88;46  TRACHEL (RUE);M;4370587;725802;60
2,02E+11;18;1;19;1505;1;1;1;1;2;159;25  BELLAVISTA (AVENUE);M;4370991;731856;60
2,02E+11;18;1;19;1440;1;1;3;1;3;159;0  BELLAVISTA (AVENUE);M;4370991;731818;60
2,02E+11;18;1;20;1000;1;2;1;1;4;88;VEIL (AV. SIMONE);M;4360000;720000;60
2,02E+11;18;1;21;900;1;2;1;1;1;88;CARAVADOSSI (AV.);M;4371222;726637;60
2,02E+11;18;1;21;1500;1;2;1;1;1;88;68  BORNALA (AV. DE LA);M;4369596;723474;60
2,02E+11;18;1;21;1725;1;1;3;1;3;159;BELLAVISTA (AVENUE);M;4371691;733319;60
2,02E+11;18;1;23;1120;1;2;1;1;6;88;04  BELLET (AV. DE);M;4369142;724473;60
2,02E+11;18;1;23;1340;1;2;1;1;2;88;VALLON-DE-BARLA (AV.);M;4368268;723170;60
2,02E+11;18;1;23;1740;2;2;1;1;5;88;11  DESAMBROIS (AV.);M;4370567;727361;60
2,02E+11;18;1;23;105;5;2;3;1;3;88;28  SAINT-JEAN BAPTISTE;M;4370047;727728;60
2,02E+11;18;1;22;2030;5;1;1;1;5;88;154  GAIRAUT (VIEUX CH.);M;4374100;726300;60
2,02E+11;18;1;24;1030;1;2;1;7;2;88;CARNOT (BD);M;4369669;729026;60
2,02E+11;18;1;24;1100;1;2;1;1;3;88;107  CANTA GALET (RTE DE;M;4369785;722919;60
2,02E+11;18;1;26;1400;1;2;1;2;3;88;87  GROSSO (A PARTIR DU;M;4370009;725102;60
2,02E+11;18;1;27;1200;1;2;1;1;6;88;VOIE RAPIDE;M;4370814;727036;60
2,02E+11;18;1;29;745;1;2;1;1;3;88;ANGLAIS (DU Nш 114 AU Nш;M;4368622;723834;60
2,02E+11;18;1;29;830;1;2;1;1;3;88;107  ARENES DE CIMIEZ (A;M;4371754;727502;60
2,02E+11;18;1;30;1550;1;2;1;1;6;88;COSTE BELLONTE (RUE);M;4366659;721009;60
2,02E+11;18;1;30;1630;1;1;1;8;3;88;0  VOIE RAPIDE;M;4370775;726834;60
2,02E+11;18;1;31;1800;2;2;7;1;6;159;0  CHARLES II D ANJOU (P;M;4370431;731026;60
2,02E+11;18;2;1;205;5;2;1;1;6;88;31  CARABACEL (BD);M;4370366;727563;60
2,02E+11;18;2;1;1615;1;2;2;1;3;88;ROQUEBILLIERE (R. DE);M;4370987;728784;60
2,02E+11;18;2;2;845;1;2;1;1;3;88;JOLY (CORNICHE ANDRE DE);M;4369944;729377;60
2,02E+11;18;2;2;1320;1;2;1;1;6;88;55  ARIANE (BD DE L');M;4373439;729574;60
2,02E+11;18;2;4;1130;1;2;1;1;6;88;11  ILE-DE-BEAUTE (PL. D;M;4369878;728418;60
2,02E+11;18;2;7;1015;1;2;1;1;2;88;6  QUAI PAPACINO;M;4369771;728364;60
2,02E+11;18;2;7;2030;5;2;1;1;2;88;30  COMBOUL (AV. RAYMOND;M;4370932;726672;60
2,02E+11;18;2;10;1700;1;2;7;1;6;88;GARIBALDI (PL.);M;4370079;728061;60
2,02E+11;18;2;11;510;5;2;9;1;6;88;0  MERCANTOUR (BD);M;4371019;718779;60
2,02E+11;18;2;11;1438;1;2;9;1;6;88;3  SAINT-FRANCOIS DE PAU;M;4369574;727300;60
2,02E+11;18;2;12;815;1;2;1;1;3;88;74  JOLY (CORNICHE ANDRE;M;4369862;729556;60
2,02E+11;18;2;13;1100;1;2;1;1;3;88;LEPANTE (R. DE);M;4370000;725000;60
2,02E+11;18;2;14;2310;5;2;1;1;6;88;8/10  RAIMBALDI (BD);M;4370726;726903;60
2,02E+11;18;2;17;1405;1;2;1;2;2;88;4  SOLA (BD PIERRE);M;4370770;728439;60
2,02E+11;18;2;17;1405;1;2;1;2;3;88;38  SAPPIA (AV. HENRI);M;4373200;725000;60
2,02E+11;18;2;17;2105;5;2;1;8;6;88;114  SAINT-PIERRE DE FER;M;4371060;724616;60
2,02E+11;18;8;21;2345;5;2;9;1;6;88;FAURE (AV. FELIX);M;4369700;727100;60
2,02E+11;18;2;19;850;1;2;1;1;5;88;0  POMPIDOU (BD GEORGES);M;4367058;720274;60
2,02E+11;18;4;1;2315;5;2;1;1;1;88;CESSOLE (BD DE) (JUSQU'A;M;4371200;725500;60
2,02E+11;18;2;19;1200;1;2;1;1;2;88;96  CANTA GALET (RTE DE);M;4369817;722929;60
2,02E+11;18;2;19;1630;1;2;2;1;5;88;RISSO (BD);M;4370266;728007;60
2,02E+11;18;2;20;834;1;2;1;1;6;88;15  RIPERT (EMILE);M;4373500;730100;60
2,02E+11;18;2;21;940;1;1;1;1;6;88;142  ARIANE (BD DE L');M;4373649;730565;60
2,02E+11;18;2;21;1335;1;2;3;1;3;159;BASSE CORNICHE;M;4370480;729995;60
2,02E+11;18;2;21;1925;5;2;2;1;3;88;0  GAMBETTA (A PARTIR DU;M;4369739;725621;60
2,02E+11;18;2;25;315;5;2;1;2;2;88;98  VEIL (AV. SIMONE);M;4341000;712000;60
2,02E+11;18;2;26;1700;1;2;3;4;3;88;110  GAMBETTA (A PARTIR;M;4370648;725617;60
2,02E+11;18;3;2;530;5;2;1;3;7;88;VOIE RAPIDE;M;4367228;721823;60
2,02E+11;18;3;2;1145;1;2;1;2;6;88;BARLA (RUE);M;4370144;728399;60
2,02E+11;18;3;3;940;1;2;1;2;6;88;53  BORRIGLIONE (A PARTI;M;4371486;726149;60
2,02E+11;18;3;8;852;1;2;1;1;6;88;VEROLA (AV. AUGUSTE);M;4371000;719000;60
2,02E+11;18;3;8;1545;1;2;2;1;3;88;32  BORRIGLIONE (JUSQU'A;M;4371300;726100;60
2,02E+11;18;3;12;710;1;2;1;1;2;88;0  PENETRANTE DU PAILLON;M;4373204;728809;60
2,02E+11;18;3;13;610;5;2;1;1;3;88;31  CANTA GALET (RTE DE);M;4369827;722899;60
2,02E+11;18;3;14;700;1;2;1;1;4;88;4  SAINT-SYLVESTRE (AV.;M;4372531;725147;60
2,02E+11;18;3;15;1455;1;1;3;3;3;88;GORBELLA (BD DE);M;4371980;725650;60
2,02E+11;18;3;15;1740;1;1;2;2;6;88;ARMEE DES ALPES (BD DE L;M;4370817;729274;60
2,02E+11;18;3;16;1500;1;2;2;1;3;88;0  BALESTRE (RUE DOCTEUR;M;4370254;726956;60
2,02E+11;18;3;16;2015;5;2;9;1;3;88;BESSET (AV.) (A PARTIR D;M;4371977;725166;60
2,02E+11;18;3;17;1600;1;1;1;1;4;88;MERCANTOUR (BD);M;4372191;718624;60
2,02E+11;18;3;19;910;1;1;6;1;3;88;291  MERCANTOUR (BD);M;4369581;719178;60
2,02E+11;18;3;13;300;5;2;2;1;3;88;SORGENTINO (R.);M;4371100;729170;60
2,02E+11;18;3;22;940;1;2;1;1;6;88;PENETRANTE DU PAILLON;M;4372174;728818;60
2,02E+11;18;3;21;1235;1;2;1;1;6;88;FALICON (BD COMTE DE);M;4372594;725573;60
2,02E+11;18;3;23;750;1;2;1;1;1;88;23  JOLY (CORNICHE ANDRE;M;4370035;729410;60
2,02E+11;18;3;23;800;1;2;1;1;6;88;263  ANGLAIS (DU Nш 114;M;4368235;723178;60
2,02E+11;18;3;23;1730;1;2;1;1;2;88;000000  VOIE RAPIDE;M;;;60
2,02E+11;18;3;24;1555;1;1;1;1;2;88;TUNNEL ET VOIE MALRAUX;M;4370000;726000;60
2,02E+11;18;3;30;530;5;2;2;1;6;88;164  CESSOLE (BD DE) (A;M;4372423;724976;60
2,02E+11;18;4;2;1650;1;2;1;1;6;88;GRAVIER (AV.);M;4372000;726000;60
2,02E+11;18;4;2;2000;4;1;3;1;3;88;TURIN (RTE DE);M;4772605;728707;60
2,02E+11;18;4;3;1618;1;2;2;8;3;88;PHOCEENS (AV. DES);M;4369515;726909;60
2,02E+11;18;4;3;1630;1;2;1;6;3;88;CARNOT (BD);M;4369166;729470;60
2,02E+11;18;4;4;1610;1;2;1;8;4;88;CORNIGLION MOLINIER (BD);M;4366000;722000;60
2,02E+11;18;4;6;15;5;2;1;1;5;88;QUINZIEME CORPS (AV. DU);M;4886000;228000;60
2,02E+11;18;4;7;1530;1;1;1;1;1;88;GENIE (CH. DU);M;4374104;722100;60
2,02E+11;18;4;9;1135;1;2;1;2;6;88;BARLA (RUE);M;4370082;728655;60
2,02E+11;18;4;9;1815;2;1;1;2;1;159;BELLAVISTA (AVENUE);M;4371454;733145;60
2,02E+11;18;4;10;1500;1;2;1;2;6;88;BAREL (BD VIRGILE);M;4371723;729991;60
2,02E+11;18;4;12;845;1;2;1;2;2;88;VOIE RAPIDE;M;4367075;721609;60
2,02E+11;18;4;13;1620;1;2;3;1;6;88;CIMIEZ (BD) A PARTIR DU;M;4371713;727221;60
2,02E+11;18;4;13;1725;1;2;2;1;6;88;CAFFARELLI (RUE);M;4369867;725537;60
2,02E+11;18;4;13;1010;1;2;2;1;6;88;SMOLETT (R.);M;4370284;728659;60
2,02E+11;18;4;15;40;5;2;1;1;3;88;GAMBETTA (JUSQU'AU Nш 62;M;4369455;725623;60
2,02E+11;18;4;15;2035;5;2;3;1;5;88;ST LAMBERT (JUSQU'AU Nш;M;4371768;726288;60
2,02E+11;18;4;17;1850;1;2;2;1;6;88;DANTE (RUE);M;4369589;725596;60
2,02E+11;18;4;18;1900;1;2;3;1;3;88;VEIL (AV. SIMONE);M;;;60
2,02E+11;18;4;19;1400;1;2;1;1;3;88;BESSET (AV.) (A PARTIR D;M;4372449;724748;60
2,02E+11;18;4;19;2245;5;2;3;1;6;88;VERDI (R.);M;4369957;725970;60
2,02E+11;18;4;20;450;5;2;5;1;3;88;ARMEE DU RHIN (PLACE);M;4370792;728423;60
2,02E+11;18;4;20;1820;1;2;2;1;6;88;SAINT-AUGUSTIN (R.);M;4367884;722804;60
2,02E+11;18;4;20;1635;1;2;1;1;6;88;RIMIEZ (AV. DE);M;4373556;727911;60
2,02E+11;18;4;25;850;1;2;1;1;1;88;ANTHEMIS (AV. DES);M;4369456;720847;60
2,02E+11;18;4;25;800;1;2;1;1;3;88;BRANCOLAR (AV.) (A PARTI;M;4372309;727080;60
2,02E+11;18;4;26;1300;1;2;1;1;5;88;CAP DE CROIX (AV. ET TUN;M;4372600;727500;60
2,02E+11;18;4;30;1420;1;2;1;1;5;88;ANGLAIS (DU Nш 114 AU Nш;M;4369018;724399;60
2,02E+11;18;5;4;1828;1;2;3;1;6;88;DUNANT (AV. HENRI);M;4372030;726284;60
2,02E+11;18;5;6;450;2;2;2;1;1;88;BORRIGLIONE (A PARTIR DU;M;4371798;726139;60
2,02E+11;18;5;6;1155;1;2;2;1;3;88;LEPANTE (R. DE);M;4370530;726920;60
2,02E+11;18;5;11;853;1;2;1;1;3;88;CLUA (AV. DE LA);M;4373271;724067;60
2,02E+11;18;5;11;1230;1;2;2;1;3;88;AURIOL (PONT VINCENT);M;4371638;728247;60
2,02E+11;18;5;12;1100;1;2;2;1;3;88;FIGHIERA (R. DU DOCTEUR);M;4371040;729160;60
2,02E+11;18;5;12;1430;1;2;1;1;6;88;GROSSO (JUSQU'AU Nш 58-7;M;4369935;725118;60
2,02E+11;18;5;12;1820;1;2;1;1;4;88;CAP DE CROIX (AV. ET TUN;M;4372000;727000;60
2,02E+11;18;5;13;1115;1;2;1;8;4;88;PESSICART (JUSQU'AU 270-;M;4371195;724792;60
2,02E+11;18;5;14;1430;1;2;9;1;1;88;DIGUE DES FRANCAIS (TRAV;M;4367676;720136;60
2,02E+11;18;5;15;945;1;2;9;1;6;88;CORNIGLION MOLINIER (BD);M;4366000;721000;60
2,02E+11;18;5;15;1700;1;2;1;1;3;88;PASTEUR (BD);M;4371000;728000;60
2,02E+11;18;5;17;900;1;2;1;1;2;88;LYAUTEY (AV. DU MAL);M;4371000;728000;60
2,02E+11;18;5;19;1700;1;2;2;1;3;88;PEGUY (R. CHARLES);M;4371308;726173;60
2,02E+11;18;5;20;1320;1;2;1;1;6;88;CASSINI (RUE);M;4370000;725000;60
2,02E+11;18;5;20;1620;1;2;2;1;3;88;GARIGLIANO (PONTS);M;4886272;228759;60
2,02E+11;18;5;22;830;1;2;2;3;3;88;HANCY (R.);M;4370415;726846;60
2,02E+11;18;5;23;815;1;2;1;1;2;88;VERANY (BD J.B.);M;4371000;728000;60
2,02E+11;18;5;23;1735;1;2;9;1;6;88;DIGUE DES FRANCAIS (TRAV;M;4367000;720000;60
2,02E+11;18;5;24;900;1;2;9;1;6;88;QUINZIEME CORPS (AV. DU);M;4368701;728036;60
2,02E+11;18;4;23;830;1;2;9;1;6;88;FRANCE (R. DE) DU Nш 1-2;M;4369567;725866;60
2,02E+11;18;5;24;2035;2;2;2;1;3;88;BOULEVARD DE L'OBSERVATO;M;4371680;731230;60
2,02E+11;18;5;25;1350;1;2;9;1;3;88;EUGENIE (BD IMPERATRICE);M;4369278;723007;60
2,02E+11;18;5;25;1645;1;2;1;7;6;88;PIE-FRANCOIS TOESCA (R.);M;4371700;729588;60
2,02E+11;18;5;26;1220;1;2;1;1;6;88;BARLA (RUE);M;4370109;728555;60
2,02E+11;18;5;26;1550;1;2;3;1;3;88;CALIFORNIE (AV.) (A PART;M;4368041;723014;60
2,02E+11;18;5;28;1950;1;2;1;2;3;88;GARIGLIANO (PONTS);M;4373128;728657;60
2,02E+11;18;5;29;1000;1;2;2;1;3;88;MEDITERRANEE (AV.);M;4367469;720494;60
2,02E+11;18;5;29;1615;1;2;1;1;2;88;CARNOT (BD);M;4369000;729000;60
2,02E+11;18;5;29;1645;1;2;3;1;3;88;GRACE DE MONACO (BD PR.);M;4369245;730702;60
2,02E+11;18;6;1;1841;1;2;2;1;1;88;GRENOBLE (ROUTE DE);M;4367104;720751;60
2,02E+11;18;6;2;2008;1;2;9;1;6;88;DIABLES BLEUS (AV. DES);M;4370820;728680;60
2,02E+11;18;6;5;2350;5;2;1;1;6;88;ANGLAIS (DU Nш 114 AU Nш;M;4368211;723123;60
2,02E+11;18;6;9;803;1;2;1;1;3;88;DIGUE DES FRANCAIS (TRAV;M;4667672;720138;60
2,02E+11;18;6;10;2005;1;2;1;1;3;88;RAUBA-CAPEU (QUAI);M;4369382;728239;60
2,02E+11;18;6;10;2120;2;2;3;1;1;88;BAREL (BD VIRGILE);M;4371997;729536;60
2,02E+11;18;6;11;1145;1;2;1;1;2;159;NAPOLEON III (BOULEVARD);M;4370675;731887;60
2,02E+11;18;6;11;1720;1;2;1;1;5;88;VOIE RAPIDE;M;4360000;720000;60
2,02E+11;18;6;12;1700;1;2;1;1;3;88;VOIE RAPIDE;M;4368507;723382;60
2,02E+11;18;6;13;730;1;2;1;1;1;88;SAINTE-COLETTE (AV.);M;4372000;727000;60
2,02E+11;18;6;13;1950;1;2;1;1;3;88;GARNIER (BD JOSEPH);M;4371017;725970;60
2,02E+11;18;6;14;40;4;2;1;1;6;88;ETATS UNIS (QUAI DES);M;4369305;726926;60
2,02E+11;18;6;15;1440;1;2;1;1;3;88;SAINT-AUGUSTIN (AV. DE);M;4367980;722960;60
2,02E+11;18;6;15;2105;2;2;1;1;6;88;2 bld HUGO (BD VICTOR);M;4370040;726750;60
2,02E+11;18;6;16;730;1;2;1;1;2;88;PAULIANI (AV.);M;4370000;727000;60
2,02E+11;18;6;16;1415;1;2;2;1;3;88;BARBERIS (RUE);M;4370432;728604;60
2,02E+11;18;6;18;2015;1;2;1;1;6;88;PICARD (R. GEORGES);M;4373943;730730;60
2,02E+11;18;6;19;1600;1;2;2;1;3;88;FRANCE (R. DE) A PARTIR;M;4369540;725618;60
2,02E+11;18;6;19;1615;1;2;1;1;1;88;RATTI (AV.);M;4370992;727527;60
2,02E+11;18;6;21;730;1;2;1;1;3;88;FABRON (AV. DE) (A PARTI;M;4368000;721824;60
2,02E+11;18;6;23;750;1;2;1;1;3;88;MATISSE (AV. HENRI);M;4367458;721178;60
2,02E+11;18;6;23;2230;5;2;2;1;3;88;ARSON (RUE);M;4370355;728846;60
2,02E+11;18;6;24;1330;1;2;3;1;6;88;BAREL (BD VIRGILE);M;4371359;729271;60
2,02E+11;18;6;22;1840;1;2;1;1;3;88;CASSIN (BD RENE);M;;;60
2,02E+11;18;6;26;1505;1;2;1;1;3;88;GAMBETTA (A PARTIR DU Nш;M;4370606;725595;60
2,02E+11;18;6;27;955;1;2;3;1;6;88;SAINTE-ROSALIE (CORNICHE;M;4371431;727495;60
2,02E+11;18;6;27;1540;1;2;9;1;6;88;VOIE ROMAINE (AV. DE LA);M;4372345;728444;60
2,02E+11;18;6;29;1825;1;2;1;7;4;88;PENETRANTE DU PAILLON;M;4372230;728850;60
2,02E+11;18;7;1;1900;1;2;3;1;3;88;MATISSE (AV. HENRI);M;4367444;721994;60
2,02E+11;18;7;3;920;1;1;6;1;3;88;MERCANTOUR (BD);M;4374783;718898;60
2,02E+11;18;7;4;1050;1;2;1;1;6;88;HERRIOT (BD EDOUARD);M;4369228;723758;60
2,02E+11;18;7;4;1720;1;2;1;1;6;88;FLIREY (AV. DE);M;4372452;727548;60
2,02E+11;18;7;6;1150;1;2;1;1;1;159;CAROUBIERS (AVENUE DES);M;4371469;732158;60
2,02E+11;18;7;6;1350;1;2;1;7;3;88;MAETERLINCK (BD M.);M;4368670;730224;60
2,02E+11;18;7;6;1425;1;2;1;1;6;88;TURIN (RTE DE);M;4372044;728744;60
2,02E+11;18;7;8;615;2;2;1;1;6;88;POINCARE (R.);M;4369243;724833;60
2,02E+11;18;7;8;1930;1;1;1;1;1;88;BELLET (RTE DE);M;4369496;723889;60
2,02E+11;18;7;10;1010;1;2;1;1;6;88;LIBERTE (R. DE LA);M;4369871;726895;60
2,02E+11;18;7;12;1055;1;2;1;7;2;88;ANGLAIS (DU Nш 45 AU Nш;M;4368890;724149;60
2,02E+11;18;7;12;1750;1;2;3;1;3;88;STE-MARGUERITE (AV.) (A;M;4368361;720401;60
2,02E+11;18;7;13;605;2;2;1;1;6;88;GAMBETTA (A PARTIR DU Nш;M;4370574;725610;60
2,02E+11;18;7;13;1815;1;2;1;1;6;88;CESSOLE (BD DE) (JUSQU'A;M;4371031;725594;60
2,02E+11;18;7;15;2040;5;2;9;1;6;88;ANGLAIS (DU Nш 45 AU Nш;M;4369342;725400;60
2,02E+11;18;7;16;1130;1;2;9;1;3;88;CARNOT (BD);M;4369677;728923;60
2,02E+11;18;7;17;1530;1;2;1;1;3;88;GAMBETTA (JUSQU'AU Nш 62;M;4370123;725620;60
2,02E+11;18;7;17;1145;1;2;1;1;6;88;GORBELLA (BD DE);M;4371759;725707;60
2,02E+11;18;7;17;1220;1;2;1;1;4;88;BARLA (RUE);M;4370162;728360;60
2,02E+11;18;7;18;1015;1;2;9;1;3;88;ARMEE DES ALPES (BD DE L;M;4370829;729284;60
2,02E+11;18;7;18;1212;1;2;2;1;3;88;GROSSO (A PARTIR DU Nш 6;M;4370270;725140;60
2,02E+11;18;7;20;2314;5;2;2;1;3;88;JOLY (CORNICHE ANDRE DE);M;4370183;729464;60
2,02E+11;18;7;22;55;5;2;3;1;3;88;CASSIN (BD RENE);M;4366985;721730;60
2,02E+11;18;7;22;300;5;2;2;1;3;88;GAMBETTA (JUSQU'AU Nш 62;M;4369863;725622;60
2,02E+11;18;7;22;440;5;2;1;1;6;88;QUAI DES ETATS UNIS;M;4369498;727642;60
2,02E+11;18;7;23;800;1;2;1;1;6;88;ANGLAIS (DU Nш 114 AU Nш;M;4368850;724080;60
2,02E+11;18;7;24;1715;1;1;1;1;6;159;VINAIGRIER (CHEMIN DU);M;4342390;718200;60
2,02E+11;18;7;27;855;1;2;1;1;3;88;VEIL (AV. SIMONE);M;;;60
2,02E+11;18;7;27;1005;1;2;1;1;2;88;ANGLAIS (DU Nш 45 AU Nш;M;4369237;725040;60
2,02E+11;18;7;28;930;1;2;1;1;1;88;VOIE ROMAINE (AV. DE LA);M;4372498;728285;60
2,02E+11;18;7;30;140;5;2;1;1;7;88;MONTEL (BD PAUL);M;4367663;720019;60
2,02E+11;18;8;1;922;1;2;1;1;3;88;MATISSE (AV. HENRI);M;4367000;721000;60
2,02E+11;18;8;1;1800;1;2;1;1;2;88;ANGLAIS (DU Nш 114 AU Nш;M;4368668;723791;60
2,02E+11;18;8;2;845;1;2;1;1;5;88;JOLY (CORNICHE ANDRE DE);M;4370405;729523;60
2,02E+11;18;8;2;1700;1;2;1;1;7;88;GARIGLIANO (PONTS);M;4343000;717000;60
2,02E+11;18;8;4;1815;1;2;1;1;2;88;SEMARD (BD PIERRE);M;4371853;729136;60
2,02E+11;18;8;4;1715;1;2;9;1;3;88;VALOMBROSE (AV. DE);M;4372566;727808;60
2,02E+11;18;8;5;1730;1;2;1;8;3;88;GROSSO (JUSQU'AU Nш 58-7;M;4369947;725126;60
2,02E+11;18;8;5;1915;1;2;1;1;3;88;SAINT-AUGUSTIN (AV. DE);M;4367140;721878;60
2,02E+11;18;8;5;2130;5;2;1;1;2;88;LYAUTEY (AV. DU MAL);M;4371026;728255;60
2,02E+11;18;8;7;815;1;2;2;1;3;88;FAURE (AV. FELIX);M;4341000;716000;60
2,02E+11;18;8;7;735;1;2;1;1;6;88;QUAI DES ETATS UNIS;M;4369500;727500;60
2,02E+11;18;8;8;1700;1;2;1;1;2;88;DIABLES BLEUS (AV. DES);M;4370000;728000;60
2,02E+11;18;8;8;1645;1;2;1;1;1;88;CIMIEZ (BD) A PARTIR DU;M;4371746;727235;60
2,02E+11;18;8;9;932;1;2;1;7;6;88;SEMARD (BD PIERRE);M;4371755;729077;60
2,02E+11;18;8;10;947;1;2;3;1;3;88;SAINT-LAMBERT (AV.) (A P;M;4371760;726280;60
2,02E+11;18;8;11;1615;1;2;1;1;3;88;NAPOLEON III (PONT);M;4366490;720186;60
2,02E+11;18;8;11;1430;1;2;2;1;3;88;FORNERO-MENEI (R.);M;4371430;729103;60
2,02E+11;18;8;11;1815;1;2;1;1;6;88;TRACHEL (RUE);M;4370629;726196;60
2,02E+11;18;8;13;920;1;2;2;3;3;88;COMBOUL (AV. RAYMOND);M;4370911;726693;60
2,02E+11;18;8;17;1630;1;2;1;1;2;88;BELLET (AV. DE);M;4369000;724000;60
2,02E+11;18;8;19;1511;1;2;1;1;4;88;ANGLAIS (DU Nш 45 AU Nш;M;4369132;724715;60
2,02E+11;18;8;22;1025;1;2;2;1;6;88;ARSON (RUE);M;4370000;725000;60
2,02E+11;18;8;22;1650;1;2;1;1;6;88;PILATTE (BD FRANCK);M;4369090;729350;60
2,02E+11;18;8;22;2100;5;2;9;1;6;88;ANGLAIS (DU Nш 114 AU Nш;M;4368855;724117;60
2,02E+11;18;8;22;2305;5;2;1;1;1;88;VALOMBROSE (AV. DE);M;4372508;727991;60
2,02E+11;18;8;23;1615;1;2;1;1;5;88;MATISSE (AV. HENRI);M;4367973;721475;60
2,02E+11;18;8;31;815;1;2;3;1;3;88;DUBOUCHAGE (BD);M;4370338;727307;60
2,02E+11;18;8;31;1530;1;2;1;1;3;88;POMPIDOU (BD GEORGES);M;4366629;720547;60
2,02E+11;18;8;31;1730;1;2;1;1;6;88;BRANCOLAR (AV.) (A PARTI;M;4372166;726878;60
2,02E+11;18;9;1;1210;1;2;2;1;3;88;BARBERIS (RUE);M;4370477;728448;60
2,02E+11;18;9;1;1030;1;2;2;1;5;88;PONCHETTES (R. DES);M;4369420;727900;60
2,02E+11;18;9;3;1220;1;2;1;1;6;88;ROQUEBILLIERE (R. DE);M;4370700;728600;60
2,02E+11;18;9;4;1200;1;2;1;1;6;88;PASTORELLI (R.);M;4369987;726864;60
2,02E+11;18;9;6;1805;1;2;1;2;2;88;TURIN (RTE DE);M;4373180;728996;60
2,02E+11;18;9;6;2227;5;2;1;1;2;88;ANGLAIS (DU Nш 45 AU Nш;M;4369386;725619;60
2,02E+11;18;9;7;920;1;2;2;1;3;88;ARMEE DU RHIN (PLACE);M;4370700;728360;60
2,02E+11;18;9;8;1420;1;2;2;1;3;88;BELLEVUE (AV. DE);M;4371000;728000;60
2,02E+11;18;9;8;1530;1;2;1;1;4;88;VOIE RAPIDE;M;4370756;726815;60
2,02E+11;18;9;8;1505;1;2;1;1;2;88;ANGLAIS PLAGE (DU 265 AU;M;4367929;723035;60
2,02E+11;18;9;10;1235;1;2;3;1;6;88;JUSSIEU (R. DE);M;4370227;725400;60
2,02E+11;18;9;11;1540;1;2;2;1;3;88;SOLEIL (R. DU);M;4371630;725870;60
2,02E+11;18;9;11;2052;5;2;1;1;6;88;GROSSO (A PARTIR DU Nш 6;M;4370228;725110;60
2,02E+11;18;9;12;1435;1;2;1;1;6;88;DIABLES BLEUS (AV. DES);M;4370800;728500;60
2,02E+11;18;9;13;720;1;2;6;1;2;88;MERCANTOUR (BD);M;4370500;718800;60
2,02E+11;18;9;14;1740;1;2;2;1;6;88;SAINT-SYLVESTRE (AV. DE);M;4372540;724960;60
2,02E+11;18;9;15;1430;1;2;1;1;4;88;ANGLAIS (DU Nш 265 AU Nш;M;4366922;722130;60
2,02E+11;18;9;17;1500;1;2;1;1;6;88;GINESTIERE (CH. DE LA);M;4370820;721350;60