Num_Acc;an;mois;jour;hrmn;lum;agg;int;atm;col;com;adr;gps;lat;long;dep
2,02E+11;18;9;17;1800;1;2;1;1;2;88;VOIE RAPIDE;M;4368000;724000;60
2,02E+11;18;9;18;1420;1;2;3;1;2;88;MERCANTOUR (BD);M;4368100;719900;60
2,02E+11;18;9;21;920;1;2;1;1;6;88;GRINDA (AV. EDOUARD);M;4367069;721585;60
2,02E+11;18;9;21;1720;1;2;1;1;6;88;MIRON (R.);M;4370606;726726;60
2,02E+11;18;9;22;1410;1;2;1;1;6;88;CARREFOUR LINGOSTIERE (P;M;;;60
2,02E+11;18;9;23;1220;1;2;1;1;1;88;CIMETIERE DE L'EST (RTE;M;4374318;730083;60
2,02E+11;18;9;23;1845;2;2;1;1;2;88;CALIFORNIE (AV.) (DU 23-;M;;;60
2,02E+11;18;9;23;2218;5;2;3;1;3;88;LEPANTE (R. DE);M;4370642;726853;60
2,02E+11;18;9;24;2130;5;2;1;1;3;88;ARIANE (BD DE L');M;4374000;730800;60
2,02E+11;18;9;25;2226;5;2;1;1;2;88;GREGOIRE (RUE ABBE-IMP.-;M;4370000;725000;60
2,02E+11;18;9;26;2310;5;2;2;1;3;88;ANGLAIS (DU Nш 265 AU Nш;M;4368125;723178;60
2,02E+11;18;9;27;1720;1;2;5;1;1;88;COTY (PONT RENE);M;4372308;728836;60
2,02E+11;18;9;28;1237;1;2;1;1;3;88;ANGLAIS (DU Nш 114 AU Nш;M;4368900;724300;60
2,02E+11;18;9;28;1425;1;2;9;1;6;88;CLEMENCEAU (AV. GEORGES);M;4370170;726139;60
2,02E+11;18;9;28;1438;1;2;1;1;6;88;DUFY (RUE RAOUL);M;4367915;721744;60
2,02E+11;18;9;28;1604;1;2;9;1;3;88;MITTERAND (RUE FRANCOIS);M;4370900;728800;60
2,02E+11;18;9;28;1800;1;2;1;1;3;88;CALIFORNIE (AV.) (DU 23-;M;4368655;723646;60
2,02E+11;18;9;29;1815;1;2;1;1;2;88;VOIE RAPIDE;M;4367285;721817;60
2,02E+11;18;9;30;1330;1;2;9;1;3;88;BARBERIS (RUE);M;4370357;728846;60
2,02E+11;18;9;30;1800;1;2;1;1;3;88;ANGLAIS PLAGE (DU 114-26;M;4367924;723044;60
2,02E+11;18;10;2;1150;1;2;2;1;5;88;ARIANE (BD DE L');M;4373400;730000;60
2,02E+11;18;10;2;1030;1;2;1;1;1;88;GARNIER (BD JOSEPH);M;4371000;725600;60
2,02E+11;18;10;4;700;2;2;2;1;1;88;MERCANTOUR (BD);M;4367671;720131;60
2,02E+11;18;10;5;1325;1;2;1;1;6;88;ARIANE (BD DE L');M;4373455;729556;60
2,02E+11;18;10;5;1440;1;1;2;1;3;88;REPUBLIQUE (AV. DE LA);M;4370588;728299;60
2,02E+11;18;10;7;2015;5;2;1;2;2;88;LEPANTE (R. DE);M;4370000;726000;60
2,02E+11;18;10;8;1415;1;2;1;1;2;88;ARENAS (CH. DE L');M;4366645;721614;60
2,02E+11;18;10;12;1530;1;2;2;1;6;88;CALIFORNIE (AV.) (JUSQU';M;4369112;724478;60
2,02E+11;18;10;12;1730;1;2;1;1;2;88;MERCANTOUR (BD);M;4368224;719846;60
2,02E+11;18;10;18;903;1;2;2;1;3;88;BARBUSSE (AV. HENRI);M;4371119;725637;60
2,02E+11;18;10;18;1620;1;2;1;1;6;88;DELVALLE (RUE PROF.);M;4372055;728370;60
2,02E+11;18;10;18;1910;3;2;7;1;3;88;GORBELLA (BD DE);M;4372280;725620;60
2,02E+11;18;10;18;2345;5;2;1;1;1;88;PASTORELLE (AV. DE LA);M;4371213;728827;60
2,02E+11;18;10;20;820;1;2;9;1;2;88;CORNIGLION MOLINIER (BD);M;4366600;720949;60
2,02E+11;18;10;22;1130;1;2;1;1;3;88;PEGUY (R. CHARLES);M;4371315;726231;60
2,02E+11;18;10;23;630;5;2;1;1;2;88;ANGLAIS PLAGE(  PARTIR D;M;4366520;720291;60
2,02E+11;18;10;23;1340;1;2;4;1;2;88;CORNIGLION MOLINIER (BD);M;4366561;720433;60
2,02E+11;18;10;24;1630;1;2;1;1;3;88;BELLET (RTE DE);M;4373313;721664;60
2,02E+11;18;10;25;1511;1;2;1;1;6;88;MALAUSSENA (AV.);M;4370924;726267;60
2,02E+11;18;10;18;1930;2;2;2;1;6;88;CHAUVAIN (RUE);M;4370401;727924;60
2,02E+11;18;10;30;805;1;2;1;1;2;88;ANGLAIS (DU Nш 114 AU Nш;M;4368787;723991;60
2,02E+11;18;10;31;715;2;2;1;2;6;88;GAMBETTA (A PARTIR DU Nш;M;4370301;725629;60
2,02E+11;18;10;31;1504;1;2;1;1;1;88;RIMIEZ (AV. DE);M;4373881;727798;60
2,02E+11;18;11;1;1615;1;2;1;1;4;88;ALLEGRE (AV. JEAN);M;4370836;728268;60
2,02E+11;18;11;2;1345;1;2;1;1;3;88;JOLY (CORNICHE ANDRE DE);M;4370181;729303;60
2,02E+11;18;11;3;945;1;2;1;1;1;88;GAIRAUT (AV. DE);M;4372941;725785;60
2,02E+11;18;11;4;1515;1;2;1;8;6;88;PESSICART (JUSQU'AU 270-;M;4371058;724974;60
2,02E+11;18;11;6;1450;1;2;1;8;6;88;VOIE ROMAINE (AV. DE LA);M;4372337;728557;60
2,02E+11;18;11;11;1740;5;2;2;2;3;88;DABRAY (RUE ET IMP.);M;4370954;725704;60
2,02E+11;18;11;12;1500;1;2;2;1;6;88;ROQUEBILLIERE (R. DE);M;4370723;728603;60
2,02E+11;18;11;16;800;1;2;1;1;6;88;RISSO (BD);M;4370707;728306;60
2,02E+11;18;11;16;1625;2;2;3;1;6;88;CESSOLE (BD DE) (JUSQU'A;M;4371695;725318;60
2,02E+11;18;11;17;730;2;2;1;1;5;88;SAINT-PIERRE DE FERIC (R;M;4371096;724566;60
2,02E+11;18;11;17;1145;1;2;1;1;6;159;PRINCESSE GRACE DE MONAC;M;4369606;730480;60
2,02E+11;18;11;18;1622;1;2;2;1;3;88;ARIANE (BD DE L');M;4373476;729665;60
2,02E+11;18;11;19;1529;1;2;8;1;6;88;GAMBETTA (A PARTIR DU Nш;M;4370977;725794;60
2,02E+11;18;11;23;2000;5;2;1;1;3;88;TURIN (RTE DE);M;4372731;728474;60
2,02E+11;18;11;23;1230;1;2;1;3;1;88;CESSOLE (BD DE) (JUSQU'A;M;4371063;725579;60
2,02E+11;18;11;25;1820;5;2;1;2;3;88;CESSOLE (BD DE) (JUSQU'A;M;4371732;725306;60
2,02E+11;18;11;27;1655;2;2;1;1;6;88;ROQUEBILLIERE (R. DE);M;4371200;728800;60
2,02E+11;18;11;28;1014;1;2;2;1;3;88;LEPANTE (R. DE);M;4370643;726854;60
2,02E+11;18;11;28;1515;1;2;1;1;3;88;MERCANTOUR (BD);M;4369088;719597;60
2,02E+11;18;11;28;1650;2;2;1;1;6;88;BINET (RUE ALFRED);M;4370950;725995;60
2,02E+11;18;11;30;1840;5;2;7;2;6;88;BLANQUI (PL. AUGUSTE);M;4370541;729010;60
2,02E+11;18;12;1;1950;5;2;1;1;6;88;MADELEINE (BD DE LA);M;4369995;723802;60
2,02E+11;18;12;1;2005;3;2;1;1;6;88;MONT-BORON (BD DU) (A PA;M;4370641;729843;60
2,02E+11;18;12;3;1215;1;2;2;1;6;88;JOFFRE (R. MARECHAL);M;4369940;726740;60
2,02E+11;18;12;3;1800;5;2;1;1;1;88;SEMERIA (AV. DENIS);M;4371442;728450;60
2,02E+11;18;12;3;2000;5;1;1;1;2;88;CASSIN (BD RENE);M;4366394;719900;60
2,02E+11;18;12;5;605;5;2;3;1;3;88;FRANCE (R. DE) DU Nш 1-2;M;4369247;724835;60
2,02E+11;18;12;4;1215;1;2;8;1;6;88;ANGLAIS (DU Nш 1 AU Nш 4;M;4369496;726780;60
2,02E+11;18;12;7;905;1;2;3;1;6;88;LYAUTEY (AV. DU MAL);M;4371776;728186;60
2,02E+11;18;12;7;1530;1;2;1;1;2;88;SQUARE COLONEL JEAN PIER;M;4370571;725888;60
2,02E+11;18;12;8;640;2;2;9;1;2;88;PENETRANTE DU PAILLON;M;4372146;728802;60
2,02E+11;18;12;8;1905;5;2;2;1;3;88;CALIFORNIE (AV.) (DU 23-;M;4368841;724066;60
2,02E+11;18;12;10;2201;5;2;1;1;6;88;ANGLAIS (DU Nш 114 AU Nш;M;4371214;728759;60
2,02E+11;18;12;11;1335;1;2;1;1;7;88;ANGLAIS (DU Nш 45 AU Nш;M;4369380;725630;60
2,02E+11;18;12;11;1454;1;2;3;1;6;88;VEIL (AV. SIMONE);M;4369100;720000;60
2,02E+11;18;12;13;1020;1;2;1;8;2;88;GRENOUILLERES (AV. DES);M;;;60
2,02E+11;18;12;13;1550;1;2;1;1;2;88;VOIE RAPIDE;M;4370698;726696;60
2,02E+11;18;12;13;1545;1;2;3;1;6;88;ROQUEBILLIERE (R. DE);M;4370633;728508;60
2,02E+11;18;12;13;2130;5;2;7;1;3;88;BOTTERO (RUE);M;4369650;725390;60
2,02E+11;18;12;14;715;2;1;1;1;3;88;MATISSE (AV. HENRI);M;4367400;721900;60
2,02E+11;18;12;16;53;5;2;1;1;6;88;ANGLAIS PLAGE (Nш1 AU 43;M;4360000;720000;60
2,02E+11;18;12;17;1610;1;2;1;1;6;88;POMPIDOU (BD GEORGES);M;4367103;720256;60
2,02E+11;18;12;18;930;1;2;1;1;6;88;FABRON (AV. DE) (A PARTI;M;4368951;722329;60
2,02E+11;18;12;20;1740;2;2;1;1;3;88;TURIN (RTE DE);M;4372040;728752;60
2,02E+11;18;12;21;510;5;2;1;1;6;88;MARGUERITE (AV. J.);M;4367849;721248;60
2,02E+11;18;12;20;918;1;2;9;1;6;88;BARLA (TRAV.);M;4370283;727994;60
2,02E+11;18;12;22;1420;1;2;2;1;3;88;FIGHIERA (R. DU DOCTEUR);M;4371070;728930;60
2,02E+11;18;12;23;252;5;2;1;1;6;88;MALRAUX (VOIE ET TUNNEL);M;4370840;727110;60
2,02E+11;18;12;28;1630;1;2;1;1;1;88;de la Ginestiиre (CH.);M;4370843;721494;60
2,02E+11;18;12;29;2045;5;2;1;1;3;88;BRAILLE (BD LOUIS);M;4372316;729225;60
2,02E+11;18;12;31;925;1;2;1;1;3;88;VERDI (R.);M;4369900;725900;60
2,02E+11;18;9;30;2315;4;2;1;1;3;88;123 promenade des Anglai;M;4369030;724450;60
2,02E+11;18;7;6;2200;2;1;1;1;7;85;D14E1 20 route de Meynac;M;4476374;-46983;330
2,02E+11;18;7;10;1232;1;2;1;1;3;85;1 bis chemin de Fontbonn;M;4476985;-48834;330
2,02E+11;18;1;18;2330;5;2;1;8;2;605;rue de Chevigny;M;4729471;510192;210
2,02E+11;18;3;10;130;5;1;1;2;1;515;D107 Boulevard Jean Jaur;M;4731248;510295;210
2,02E+11;18;3;25;1410;1;1;3;1;3;605;RD905D;M;4729181;509099;210
2,02E+11;18;3;28;2015;3;2;1;2;2;171;ROUTE BOULEVAARD JAN PAL;M;4729543;512655;210
2,02E+11;18;5;13;1720;1;1;1;8;7;540;D125D;M;4732437;509527;210
2,02E+11;18;7;11;1710;1;1;6;1;5;473;D996;M;4727467;506193;210
2,02E+11;18;8;4;1715;1;2;9;9;3;515;Avenue du Cromois;M;4731587;511262;210
2,02E+11;18;11;19;215;5;2;1;1;6;515;Avenue de l'universitй;M;4731222;510505;210
2,02E+11;18;12;20;755;1;2;1;1;6;515;Avenue Jean-Jaurйs;M;4730911;509515;210
2,02E+11;18;12;27;2140;5;2;1;1;6;515;D107 B;M;4731248;510295;210
2,02E+11;18;1;18;755;1;1;9;1;3;40;RD6*;M;4346880;559786;130
2,02E+11;18;5;13;1230;1;1;1;3;2;90;D17*;M;4352071;557346;130
2,02E+11;18;5;27;1420;1;2;1;1;6;40;allйe de trets ..;M;4347859;554022;130
2,02E+11;18;6;19;1820;1;2;3;1;2;40;avenue du marйchal Lecle;M;4344932;555399;130
2,02E+11;18;6;15;2010;1;2;1;1;7;87;avenue Manйou;M;4347611;561946;130
2,02E+11;18;6;21;1700;1;2;6;1;1;40;Chemin des vertus;M;4344596;556047;130
2,02E+11;18;9;14;250;3;1;1;1;6;40;RD6;M;4347985;555079;130
2,02E+11;18;9;28;900;1;2;2;7;1;40;chemin du goi;M;4345157;556589;130
2,02E+11;18;11;4;550;3;1;1;1;6;40;D6 QUARTIER ST JEAN;M;4347929;555790;130
2,02E+11;18;12;8;2115;3;1;1;1;6;40;D96 QUARTIER PLAN DE LA;M;4347062;554538;130
2,02E+11;18;1;16;1050;1;1;1;2;3;19;COTE DE VILLE RN 102;M;4459454;441789;70
2,02E+11;18;1;27;1830;2;2;4;1;1;19;61  VALS ( ROUTE DE );M;4462481;438252;70
2,02E+11;18;2;1;2030;3;2;1;1;6;19;11  RON DE CEILA (CHEMIN;M;4462820;437591;70
2,02E+11;18;2;25;325;5;2;1;1;1;231;1250  104B ( ROUTE DEPAR;M;4459344;437802;70
2,02E+11;18;4;13;1445;1;2;1;3;6;19;VALS ( ROUTE DE );M;4462337;438356;70
2,02E+11;18;4;28;1850;1;2;7;1;5;331;VERNON ( BOULEVARD DE );M;4466500;436600;70
2,02E+11;18;5;18;845;1;2;1;1;6;19;GARE (AVENUE DE LA );M;4461166;439138;70
2,02E+11;18;5;30;1800;1;1;1;1;6;19;COULOUBREYT(RUE);M;4461602;438340;70
2,02E+11;18;6;17;1445;1;1;1;1;1;116;RN 102;M;4464344;436899;70
2,02E+11;18;6;18;1600;1;1;1;1;1;19;COTE DE VILLE RN 102;M;4459260;442300;70
2,02E+11;18;7;9;745;1;2;3;1;3;116;MERCUER  ( ROUTE DE  );M;4463837;437276;70
2,02E+11;18;7;19;940;1;1;1;1;6;331;AUGUSTE CLEMENT (RUE);M;4465208;436520;70
2,02E+11;18;8;28;1750;1;2;1;1;6;231;104B ( ROUTE DEPARTEMENT;M;4459796;438264;70
2,02E+11;18;8;31;110;3;1;6;1;6;231;104 ( ROUTE DEPЋRTEMENTA;M;4459843;439468;70
2,02E+11;18;9;10;1455;1;1;1;1;3;19;RN 102;M;4462401;438698;70
2,02E+11;18;9;4;1005;1;2;1;1;6;231;104B ( ROUTE DEPARTEMENT;M;4460017;438607;70
2,02E+11;18;9;25;835;2;2;1;1;6;19;CONSTANTINE  (RUE DE);M;4462248;438306;70
2,02E+11;18;9;28;1345;1;2;1;1;1;19;BELLANDE (AVENUE DE );M;;;70
2,02E+11;18;10;9;1425;1;2;1;1;6;19;BOISVIGNAL (AVENUE);M;4461799;439364;70
2,02E+11;18;11;11;2230;5;2;1;8;1;325;POISSON ( QUARTIER DU );M;4462627;440365;70
2,02E+11;18;11;7;1135;1;2;3;3;1;331;RYBEYRE ( RUE PAUL );M;4465963;436800;70
2,02E+11;18;12;8;545;5;1;1;1;1;231;104 ( ROUTE DEPЋRTEMENTA;M;4459453;439216;70
2,02E+11;18;7;25;1025;1;2;1;1;6;316;LYON (ROUTE DE);M;4491220;485536;70
2,02E+11;18;7;27;815;1;2;3;1;3;281;MOULIN (RUE JEAN);M;4495111;484483;70
2,02E+11;18;9;20;2015;1;1;1;1;3;316;LYON (ROUTE DE);M;4491299;485602;70
2,02E+11;18;10;15;1105;1;2;1;1;3;281;CASSIN (RUE RENE);M;4494927;484199;70
2,02E+11;18;10;31;1320;1;1;3;2;2;70;ROUTE DEPARTEMENTALE 86;M;4497922;485058;70
2,02E+11;18;11;3;430;5;2;6;1;6;102;Jean CHARCOT (Rue);M;4493766;486388;70
2,02E+11;18;11;28;1630;2;2;1;1;3;316;MONTGOLFIERS (AVENENUE D;M;4489228;485055;70
2,02E+11;18;3;16;1520;1;2;1;1;2;186;CD 2 ROUTE DE CHOMERAC;M;4472413;460486;70
2,02E+11;18;3;28;1330;1;1;1;1;1;8;D2 ( ROUTE DEPARTEMENTAL;M;4471165;461966;70
2,02E+11;18;4;14;1955;1;1;1;1;7;72;LE CROUZET;M;4473496;461774;70
2,02E+11;18;4;22;1730;1;2;1;1;7;8;GREYLAS  (chemin de);M;4471079;463323;70
2,02E+11;18;5;7;1710;1;2;1;1;6;186;PALAIS (COURS DU);M;4473476;459956;70
2,02E+11;18;5;16;600;2;1;1;1;7;186;RN 304 / PONT DU MEZAYON;M;4473700;461579;70
2,02E+11;18;5;25;800;1;1;1;1;6;186;COTE DU BARON;M;4470680;458980;70
2,02E+11;18;6;9;1100;1;2;1;1;6;186;PALAIS (COURS DU);M;4473474;460094;70
2,02E+11;18;7;22;2115;2;2;1;1;1;8;Grande Rue;M;4471131;463369;70
2,02E+11;18;8;6;940;1;2;1;1;2;186;PETIT TOURNON (AVENUE DU;M;4473803;459929;70
2,02E+11;18;8;8;1400;1;2;1;1;1;186;COUX (AVENUE DE);M;4473373;460680;70
2,02E+11;18;10;28;1000;1;2;1;1;7;340;RUISSOL (LE);M;4472947;457344;70
2,02E+11;18;11;3;1020;1;2;2;1;3;186;MONTOULON (BLD. DU) DU 1;M;4473611;459380;70
2,02E+11;18;1;9;930;2;1;1;1;1;123;D5E5;M;4362689;378568;340
2,02E+11;18;1;19;1500;1;2;1;1;3;163;D111 E1;M;4364303;369593;340
2,02E+11;18;2;2;1045;1;2;3;1;3;179;route de bel  air;M;4360867;373812;340
2,02E+11;18;2;14;2040;4;2;2;2;5;134;D5E2;M;4359006;380095;340
2,02E+11;18;6;13;1528;1;1;1;1;6;179;D27 E6;M;4360421;374271;340
2,02E+11;18;8;20;230;3;2;3;1;6;259;Chemin de St Georges;M;4361383;378574;340
2,02E+11;18;8;20;1320;1;1;3;1;3;259;D5E14/D5E5;M;4363151;376522;340
2,02E+11;18;11;12;2000;5;2;1;8;7;123;99 avenue des hauts de f;M;4362813;379982;340
2,02E+11;18;12;27;1750;5;1;1;1;2;202;D5;M;4358275;377381;340
2,02E+11;18;2;14;700;1;1;1;5;6;319;A10C  PK 5+300;M;4864212;215692;910
2,02E+11;18;2;25;1010;1;1;1;1;1;9;36+100  sens province-PA;M;4845991;191232;780
2,02E+11;18;2;28;1355;1;1;1;1;6;564;Autoroute A10 PK 32+100;M;4851498;190802;780
2,02E+11;18;3;9;1830;1;1;9;1;6;9;autoroute A10 PK 36.000;M;4845650;191164;780
2,02E+11;18;3;19;2100;3;1;1;1;6;363;A10 - PK 041.600 - Sens;M;4840460;189464;280
2,02E+11;18;3;31;1415;1;1;1;1;6;17;A10C pk 14+200;M;4859468;204786;910
2,02E+11;18;4;19;1415;1;1;1;1;2;569;AUTOROUTE A10;M;4854808;191504;780
2,02E+11;18;4;29;1120;1;1;1;2;2;92;Autoroute A10 PK 48+700;M;4835280;187395;280
2,02E+11;18;5;8;1900;1;1;1;1;6;319;A10C - PK 004+500;M;4864212;215692;910
2,02E+11;18;5;10;1500;1;1;1;1;6;92;autoroute A10  P.K 48+80;M;4836489;188126;280
2,02E+11;18;5;20;1730;1;1;1;1;6;3;AUTOROUTE A11 POINT KILO;M;4852415;183220;780
2,02E+11;18;6;17;1350;1;1;1;1;3;276;A10 pk 53+200 direction;M;4830665;186235;280
2,02E+11;18;7;8;510;2;1;1;1;6;349;A10 PK016+500 sens PARIS;M;4857449;200176;780
2,02E+11;18;7;25;305;3;1;1;1;2;249;A10 C;M;4860129;206842;910
2,02E+11;18;7;27;1100;1;1;1;1;2;349;Autoroute A10  PK 017+98;M;4857426;200179;780
2,02E+11;18;8;3;640;2;1;1;1;7;506;A11;M;4851873;179493;780
2,02E+11;18;8;12;1300;1;1;1;1;6;169;autoroute A10 pk 39+500;M;4843471;190505;280
2,02E+11;18;8;17;955;1;1;1;1;6;601;A11 - PK 027+500;M;4853933;188927;780
2,02E+11;18;8;29;410;3;1;1;2;6;9;autoroute A10 pk 32+900;M;4847784;191337;780
2,02E+11;18;9;24;1540;1;1;1;1;5;3;A11 PK 030.805;M;4852836;184201;780
2,02E+11;18;10;22;110;3;1;1;1;5;349;A10 PK 21 sens Paris Pro;M;4856469;197351;780
2,02E+11;18;12;8;1950;3;1;1;2;6;249;A10C  Pk11+000;M;4860352;207493;910
2,02E+11;18;4;8;730;1;2;1;1;2;80;RD103E route de ST ROMAI;M;4555246;471457;690
2,02E+11;18;4;8;1545;1;1;1;1;7;119;rd625 - lieu dit la cave;M;4549399;466773;690
2,02E+11;18;4;24;1650;1;1;2;1;3;64;Route dйpartementale 28;M;4549653;472171;690
2,02E+11;18;6;24;1740;1;1;1;1;3;97;D502 4726 LE GRAND PRЙ;M;4552211;474227;690
2,02E+11;18;7;20;1215;1;1;1;1;2;253;ROUTE DE LYON;M;4548356;478945;690
2,02E+11;18;8;7;1940;1;1;2;1;3;64;route dйpartementale 28;M;4549650;472180;690
2,02E+11;18;9;11;1700;1;1;3;1;3;7;carrefour D386/D45E;M;4549784;482383;690
2,02E+11;18;9;29;1500;1;2;1;1;6;118;124 rue du 11 novembre;M;4555921;480783;690
2,02E+11;18;11;19;1815;5;2;7;2;3;7;1 boulevard des allйes;M;4548870;480899;690
2,02E+11;18;12;17;1955;5;2;1;1;6;64;69 rue nationale;M;4546104;476638;690
2,02E+11;18;1;10;1930;3;1;1;1;7;229;RD 106 - Blagon;M;4478150;-94557;330
2,02E+11;18;4;25;1040;1;2;1;1;6;229;rйsidence Les Sablines;M;4470241;-103430;330
2,02E+11;18;6;15;1807;1;2;3;1;1;229;25 Avenue de la Rйpubliq;M;4471082;-105402;330
2,02E+11;18;7;1;1100;1;1;1;1;6;229;RD106 PK 31;M;4478088;-95070;330
2,02E+11;18;7;5;1020;1;2;3;1;6;5;VC Espl Broustic/RD215;M;4474252;-109770;330
2,02E+11;18;9;2;1900;1;2;2;1;3;5;88 boulevard de la Rйpub;M;4473622;-108718;330
2,02E+11;18;10;19;750;2;2;1;1;6;5;RD3E8;M;4474002;-109360;330
2,02E+11;18;2;3;1915;3;1;1;2;2;149;RD 316;M;4913360;243510;950
2,02E+11;18;10;1;1040;1;2;1;1;3;505;GRANDE RUE;M;4915501;255033;600
2,02E+11;18;12;19;1910;5;2;3;1;5;482;Route de la Foret  Hame;M;4915491;252094;600
2,02E+11;18;1;18;1605;2;1;1;4;6;257;D117;M;4538617;650348;730
2,02E+11;18;3;12;845;1;1;1;4;1;257;Route Dйpartementale 117;M;4532253;653454;730
2,02E+11;18;7;19;900;1;1;1;1;6;257;RD 117;M;4538188;650455;730
2,02E+11;18;11;4;150;3;1;1;1;6;257;Route dйpartementale 915;M;4546316;654186;730
2,02E+11;18;1;15;730;2;1;1;1;2;545;A26;M;4874886;422976;510
2,02E+11;18;2;9;1915;3;1;1;4;2;409;A26;M;4886204;428586;510
2,02E+11;18;2;12;1150;1;1;1;1;6;205;A4;M;4903378;439444;510
2,02E+11;18;3;24;855;1;1;9;1;6;595;A26;M;4879329;427152;510
2,02E+11;18;4;7;1530;1;1;9;1;4;312;A26;M;4904921;428305;510
2,02E+11;18;8;18;208;3;1;1;1;6;99;A26;M;4879767;427600;510
2,02E+11;18;1;11;2130;3;1;1;8;5;333;Autoroute A6 - PK 71+300;M;4828333;269944;770
2,02E+11;18;1;31;1910;3;1;9;3;6;6;Autoroute A6 PK 51+120;M;4841853;254313;770
2,02E+11;18;3;12;1630;1;1;2;1;3;185;D637 X D50;M;4846370;255497;770
2,02E+11;18;3;19;1000;1;1;1;1;6;407;Autoroute A6  PK 40+400;M;4851045;250914;770
2,02E+11;18;4;2;630;3;1;1;1;3;359;A6 - BRETELLE N37;M;4848120;251428;770
2,02E+11;18;4;16;1045;1;1;1;1;2;185;Pйage de FLEURY;M;4844174;253189;770
2,02E+11;18;4;20;300;3;1;1;1;6;32;Autoroute A6 PK 095+535;M;4813402;293093;450
2,02E+11;18;4;26;35;3;1;9;1;7;185;N37;M;4846811;253849;770
2,02E+11;18;4;14;430;3;1;1;1;2;71;Autoroute A6;M;4819671;280816;770
2,02E+11;18;6;6;1740;1;1;1;3;6;520;A6 - pk 65+600;M;4831293;263851;770
2,02E+11;18;6;12;2305;3;1;1;1;2;168;point kilomйtrique 090+4;M;4816147;287837;770
2,02E+11;18;6;27;1520;1;1;2;1;3;69;D6037 X VC3 006+405;M;4845748;258807;770
2,02E+11;18;7;21;510;2;1;1;1;4;168;Autoroute A6  PK 89+100;M;4816916;286499;770
2,02E+11;18;8;21;1255;1;1;1;1;2;185;A6 - PEAGE FLEURY EN B.;M;4842574;254005;770
2,02E+11;18;9;25;750;1;1;1;1;4;520;A6 - PROVINCE PARIS;M;4831504;263075;770
2,02E+11;18;9;29;2320;5;1;1;1;2;156;AIRE SERVICE DARVAULT;M;4826245;272410;770
2,02E+11;18;9;29;1130;1;1;1;7;2;333;A6 - PARIS PROVINCE;M;4825477;273001;770
2,02E+11;18;10;11;330;3;1;1;2;3;168;A6 - POINT ARRET URGENCE;M;4817276;285941;770
2,02E+11;18;10;17;1605;1;1;1;1;6;69;RD 637  PK 08+410 sens P;M;4845510;261570;770
2,02E+11;18;11;11;1815;5;1;9;2;6;6;Autoroute A6 - PK 51+500;M;4841566;254573;770
2,02E+11;18;11;28;1410;1;1;1;2;7;185;RD 637;M;4846486;254974;770
2,02E+11;18;11;28;800;2;1;1;3;6;441;A6;M;4850699;251103;910
2,02E+11;18;12;16;1600;1;1;1;2;6;88;Autoroute A6 PK 62+800 s;M;4832550;260622;770
2,02E+11;18;12;21;440;3;1;1;2;6;168;Autoroute A6  PK 089+150;M;4816934;286474;770
2,02E+11;18;12;27;930;1;1;1;5;6;477;A6 - PARIS PROVINCE;M;4834778;258781;770
2,02E+11;18;1;1;605;3;1;1;2;7;42;RD950;M;5031508;283899;620
2,02E+11;18;1;8;1910;3;1;1;1;6;559;autoroute A26 sens REIMS;M;5020845;310022;620
2,02E+11;18;2;19;1950;3;1;1;2;4;873;autoroute A1 sens PARIS-;M;5025409;285908;620
2,02E+11;18;3;18;1450;1;1;1;1;6;355;autoroute A1  sens LILLE;M;5033756;292588;620
2,02E+11;18;3;15;1735;1;1;1;1;7;280;A26;M;5025763;300831;620
2,02E+11;18;3;31;437;3;1;1;1;7;317;A26;M;5026451;299156;620
2,02E+11;18;5;6;2355;3;1;1;1;4;873;A1;M;5025409;285908;620
2,02E+11;18;6;17;715;1;1;1;8;2;121;A1;M;5013381;287190;620
2,02E+11;18;6;22;1515;1;1;1;1;3;427;autoroute A1;M;5039402;298257;620
2,02E+11;18;6;22;230;3;1;1;8;6;259;A1;M;5019746;286913;620
2,02E+11;18;6;9;20;3;1;1;1;4;384;Autoroute A2;M;5013387;311119;620
2,02E+11;18;7;6;2105;1;1;1;1;5;829;Autoroute A.1;M;5005560;287428;620
2,02E+11;18;8;10;1730;1;1;1;1;7;280;Autoroute A26 sens Calai;M;5025825;300661;620
2,02E+11;18;9;18;847;1;1;1;1;2;829;autoroute A1;M;5004720;287627;620
2,02E+11;18;10;29;940;1;1;1;1;4;829;Autoroute A1;M;5004720;287627;620
2,02E+11;18;11;20;228;3;1;1;1;2;873;Autoroute A1;M;5025409;285908;620
2,02E+11;18;12;28;730;3;1;1;5;5;829;autoroute A1;M;5004720;287627;620
2,02E+11;18;12;28;2000;3;1;1;1;2;594;A1;M;5015724;287326;620
2,02E+11;18;1;8;2015;3;1;9;1;6;685;;M;4970118;277150;800
2,02E+11;18;2;21;1845;3;1;1;1;6;521;A1;M;4996905;286115;800
2,02E+11;18;5;17;810;1;1;1;1;2;204;A1;M;5000848;287694;800
2,02E+11;18;5;19;225;3;1;1;1;3;467;A1;M;4966550;276827;800
2,02E+11;18;6;11;850;1;1;1;1;4;521;A1;M;4998105;286765;800
2,02E+11;18;7;9;1716;1;1;1;1;2;555;A29;M;4983170;304058;800
2,02E+11;18;8;3;2030;1;1;1;1;2;307;A1;M;4994002;285203;800
2,02E+11;18;8;18;1645;1;1;1;1;3;101;A1;M;4964436;275968;800
2,02E+11;18;9;25;1110;1;1;1;1;6;467;A1;M;4967164;277063;800