Num_Acc;an;mois;jour;hrmn;lum;agg;int;atm;col;com;adr;gps;lat;long;dep
2,02E+11;18;10;14;1405;1;1;1;1;7;467;A1;M;4967164;277063;800
2,02E+11;18;11;13;310;3;1;1;1;2;521;A1;M;4998105;286765;800
2,02E+11;18;1;18;750;1;1;1;7;2;118;A7 PK 246+700;M;;;130
2,02E+11;18;1;26;1915;3;1;1;3;3;49;Autoroute A7 PK 223+400;M;4370067;509867;130
2,02E+11;18;2;6;610;3;1;1;1;3;67;A7 - PK 213+144 - SENS S;M;4378849;504618;130
2,02E+11;18;3;25;1545;1;1;1;1;3;67;Autoroute A7 PK 215+700;M;4378849;504618;130
2,02E+11;18;3;28;1547;1;1;1;1;6;103;bifurcation A54/A7 PK 23;M;;;130
2,02E+11;18;4;7;2130;3;1;1;1;5;103;A54 - PK 060+600 - SENS;M;4363380;504068;130
2,02E+11;18;4;16;612;3;1;1;1;2;105;A7 PK 220.815 sens 1;M;;;130
2,02E+11;18;4;25;1200;1;1;1;1;5;105;autoroute A7 - PK 223+50;M;;;130
2,02E+11;18;5;4;630;2;1;1;1;7;51;A7 PK 242+500 SENS SUD N;M;4358780;519844;130
2,02E+11;18;5;21;2015;2;1;1;8;6;97;A54 - SENS OUEST EST * P;M;4363875;489263;130
2,02E+11;18;6;1;810;1;1;1;1;4;105;Autoroute A7 PR 223+000;M;4374639;508577;130
2,02E+11;18;5;31;1809;1;1;1;8;6;18;Autoroute A7 PK 205+000;M;4386439;497138;130
2,02E+11;18;6;16;740;1;1;1;1;2;67;A7 - Sens NORD SUD;M;4378849;504618;130
2,02E+11;18;6;21;1605;1;1;1;1;4;51;Autoroute A7  pr 239+230;M;4359288;517807;130
2,02E+11;18;6;21;1832;1;1;1;1;4;51;Autoroute A7  pk 239+990;M;4359288;517807;130
2,02E+11;18;7;7;500;4;1;1;1;2;1;A8;M;4352988;539510;130
2,02E+11;18;7;9;1300;1;1;1;1;2;103;Autoroute A.54  PR 72.00;M;4364628;506757;130
2,02E+11;18;7;14;1200;1;1;1;1;4;118;A8;M;4355364;525746;130
2,02E+11;18;7;15;1030;1;1;1;1;7;112;Autoroute A.7  PR 248+90;M;4352396;524941;130
2,02E+11;18;7;20;325;3;1;1;1;2;118;A8 PR 5+400 sens Sud-Nor;M;4355475;528752;130
2,02E+11;18;8;6;1645;1;1;1;1;4;103;Autoroute A54  PK 069+65;M;4362568;508640;130
2,02E+11;18;8;7;1005;1;1;1;1;7;51;Autoroute A.7  sens Nord;M;4359776;516072;130
2,02E+11;18;8;11;1830;1;1;1;1;5;103;A54 - PK 71+600 sens Nim;M;4363380;504068;130
2,02E+11;18;8;11;1800;1;1;1;1;3;51;A7 - PK 240.250 - sens n;M;4359288;517807;130
2,02E+11;18;8;12;1330;1;1;1;1;4;69;Autoroute A.7  PK 236+70;M;;;130
2,02E+11;18;8;13;1045;1;1;1;1;5;118;Autoroute A8 PK 002+000;M;4355262;525364;130
2,02E+11;18;8;17;430;3;1;1;1;5;103;Autoroute A7 PK 232+600;M;4365285;510752;130
2,02E+11;18;8;24;130;3;1;1;1;4;49;Autoroute A.7  sens Sud/;M;4369665;509789;130
2,02E+11;18;8;31;1905;1;1;1;1;2;51;Autoroute A7 PK 238+700;M;4359796;516031;130
2,02E+11;18;9;5;1620;1;1;1;1;4;51;autoroute A7  PK 240+070;M;4359554;516807;130
2,02E+11;18;9;16;2040;3;1;1;1;5;18;AUTOROUTE A7;M;4386439;497138;130
2,02E+11;18;9;28;410;3;1;1;1;2;114;A8 - PK 007+700 - SENS S;M;4355196;531543;130
2,02E+11;18;9;28;1110;1;1;1;1;7;114;A8  PR 10+300  SENS AIX-;M;4353912;534380;130
2,02E+11;18;10;13;700;3;1;1;1;3;97;A54 BARRIERE DE PEAGE ST;M;4363875;489263;130
2,02E+11;18;9;26;1350;1;1;1;1;6;67;Autoroute A7;M;4378849;504618;130
2,02E+11;18;10;25;1715;1;1;1;1;3;103;A 54  sens ARL;M;4362683;510374;130
2,02E+11;18;10;26;1730;1;1;1;1;4;51;A7 - PK 244+880 - SENS N;M;4359288;517807;130
2,02E+11;18;11;1;215;3;1;1;3;5;67;Autoroute A7;M;4378849;504618;130
2,02E+11;18;11;7;520;3;1;1;1;2;49;Autoroute A7 PK 224+100;M;4370067;509867;130
2,02E+11;18;11;20;1900;3;1;1;2;2;118;A8 SENS SUD/NORD PK 004+;M;4355364;525746;130
2,02E+11;18;11;20;655;3;1;1;1;6;67;Autoroute A7  pk 217+300;M;;;130
2,02E+11;18;11;23;2125;3;1;1;3;3;118;A8 PK 004+900 Sens Nice-;M;;;130
2,02E+11;18;12;9;2045;3;1;1;1;2;118;Autoroute A7 - PK 246.75;M;4355265;523152;130
2,02E+11;18;12;11;1400;1;1;1;1;6;1;Autoroute 8 sens SUD/NO;M;4353277;537646;130
2,02E+11;18;12;14;1840;2;1;1;1;4;51;A7 PK 245+500 sud nord;M;4359288;517807;130
2,02E+11;18;12;16;1030;1;1;1;2;6;51;A 7 PK 2436+617;M;;;130
2,02E+11;18;12;28;1100;1;1;1;1;5;69;A7 pk 236+440 sens sud n;M;4361648;514026;130
2,02E+11;18;1;9;1850;3;1;1;1;2;141;Autoroute A7  PK188.000 ;M;4396958;489712;840
2,02E+11;18;4;10;1111;1;1;1;1;2;39;Pk 175.000 autoroute A7;M;4410032;486437;840
2,02E+11;18;4;12;940;1;1;1;2;6;78;autoroute A7;M;4424455;470816;840
2,02E+11;18;5;3;145;3;1;9;1;4;91;A7 - PK 161+400;M;4417158;476003;840
2,02E+11;18;5;21;220;3;1;1;1;2;81;Autoroute A7 pk 192+800;M;4392834;491292;840
2,02E+11;18;6;3;715;2;1;1;8;6;7;Autoroute A7 PK 196.700;M;4389753;491519;840
2,02E+11;18;6;11;525;3;1;1;3;6;141;Autoroute A7  Sud-Nord ;M;4396958;489712;840
2,02E+11;18;7;14;1545;1;1;1;1;3;19;Autoroute A7;M;4428755;474063;840
2,02E+11;18;7;18;1445;1;1;1;1;4;141;autoroute A7 PK 190+300;M;4396958;489712;840
2,02E+11;18;7;19;2300;3;1;1;1;6;81;autoroute A7 - PK 194+80;M;4392834;491292;840
2,02E+11;18;7;22;40;3;1;1;1;4;326;A9 - PK 017+000;M;4400641;470914;300
2,02E+11;18;7;21;2325;3;1;1;1;4;221;pk 14.000 autoroute A9 s;M;4402664;474359;300
2,02E+11;18;7;25;1950;1;1;1;1;4;141;pk 191+400sens Nord Sud;M;4397228;490567;840
2,02E+11;18;8;16;730;1;1;1;1;4;326;pk 18.400;M;4400121;470216;300
2,02E+11;18;8;17;1120;1;1;1;1;2;326;Autoroute A9 sens N/S PK;M;4400641;470914;300
2,02E+11;18;11;30;130;4;1;1;1;2;16;autoroute A7 PK 179 NS;M;4404763;488803;840
2,02E+11;18;12;1;1113;1;1;1;1;7;81;A7 PK 196.000 sens nord;M;4390976;491354;840
2,02E+11;18;9;27;810;1;2;3;1;3;77;rd 989 rd 122;M;4627689;401429;710
2,02E+11;18;12;31;500;3;1;1;1;6;258;A 13  PK 165+000;M;4933194;39491;270
2,02E+11;18;2;4;136;3;1;1;1;1;227;A13;M;4937194;66984;270
2,02E+11;18;3;3;100;3;1;1;1;6;682;A13  PK 107.7;M;4931605;110722;760
2,02E+11;18;3;4;820;1;1;1;2;6;581;A13  pk 152.300;M;4939498;53157;270
2,02E+11;18;3;5;1320;1;1;1;1;6;65;A 13 PK 167.430 vers Cae;M;4933802;36533;270
2,02E+11;18;3;23;730;1;1;1;8;3;705;ZAC DU CLOS AUX ANTES;M;4932704;109440;760
2,02E+11;18;3;27;1200;1;1;1;2;7;91;A13;M;4936358;83698;270
2,02E+11;18;4;8;1500;1;1;1;1;6;102;Autoroute A13 - PK 132+8;M;4936674;79369;270
2,02E+11;18;4;16;1610;1;1;1;1;1;319;Autoroute A13;M;4933960;101600;760
2,02E+11;18;5;11;1050;1;1;1;1;5;319;Autoroute A13 PK 115+400;M;4933968;102184;760
2,02E+11;18;6;29;1440;1;1;1;1;5;558;D124 pk 4.433;M;4927356;75845;270
2,02E+11;18;6;30;135;3;1;1;1;2;457;A13 - PK119.150;M;4933840;96818;760
2,02E+11;18;7;4;700;1;1;9;1;7;484;A139 pk 000.100;M;4934649;103857;760
2,02E+11;18;7;14;1700;1;1;1;1;2;682;A13  PK 107.900;M;4931605;110722;760
2,02E+11;18;8;8;1659;1;1;1;1;2;705;Autoroute A13  PK 110+04;M;4932747;109072;760
2,02E+11;18;9;20;2245;3;1;1;1;4;705;autoroute A13;M;4932748;109063;760
2,02E+11;18;10;20;1200;1;1;1;1;7;497;Autoroute A13 - PK 137+0;M;4937034;73243;270
2,02E+11;18;11;16;755;2;1;1;5;5;105;RD 438;M;4929284;86345;270
2,02E+11;18;11;18;2000;4;1;1;8;7;484;A139;M;4934649;103857;760
2,02E+11;18;12;28;2200;3;1;1;5;6;580;A13 PK123.000 sens PARIS;M;4934370;92278;270
2,02E+11;18;1;16;836;2;1;1;1;1;348;PK 043+940 D6015;M;4933476;115354;270
2,02E+11;18;1;17;715;3;1;1;4;7;697;Autoroute A13  PK 92+100;M;4920299;122471;270
2,02E+11;18;2;1;1545;1;1;1;1;2;399;Autoroute A13 PK 73+400;M;4907958;138812;270
2,02E+11;18;2;16;1900;3;1;1;1;2;335;RN 154 (PR 41+500);M;4913860;118190;270
2,02E+11;18;2;19;730;2;1;1;5;2;517;A13  PK 088+800 vers ROU;M;4912377;132639;270
2,02E+11;18;3;12;1825;1;1;1;1;7;701;AUTOROUTE A13 PK95+585;M;4923137;120552;270
2,02E+11;18;4;14;1915;2;1;1;8;7;5;AUTOROUTE A13 PK 86;M;4915848;126967;270
2,02E+11;18;5;16;615;2;1;1;1;2;469;A 13 PK 103.450;M;4927790;112940;270
2,02E+11;18;6;21;1429;1;1;1;1;2;147;;M;4910754;118738;270
2,02E+11;18;6;26;1915;1;1;1;1;6;517;A 13 PK 079.520;M;4911840;133110;270
2,02E+11;18;7;3;1230;1;1;1;1;4;203;Autoroute A13 pk 69.9 se;M;4906141;142645;270
2,02E+11;18;7;5;745;1;1;9;1;6;701;AUTOROUTE A154  bretelle;M;4924073;118555;270
2,02E+11;18;7;15;655;1;1;1;1;7;517;A13  PK 080+600 vers PAR;M;4912673;132364;270
2,02E+11;18;7;25;1325;1;1;1;1;6;598;Autoroute A13  PK 93+700;M;4921600;121600;270
2,02E+11;18;9;10;451;3;1;1;1;1;469;RD6015;M;4928960;115715;270
2,02E+11;18;10;7;1910;5;1;1;1;6;697;Autoroute A13;M;4920794;122122;270
2,02E+11;18;10;15;1635;1;2;3;1;3;365;rue du 11 novembre/rue d;M;4928876;120424;270
2,02E+11;18;11;21;1330;1;1;1;1;2;249;Autoroute A.13;M;4917434;124558;270
2,02E+11;18;12;14;1400;1;1;1;1;1;358;RD 57  PR 010.800;M;4903327;128867;270
2,02E+11;18;1;12;1645;2;1;1;1;2;125;Autoroute A1  PK 66+300 ;M;4938894;270019;600
2,02E+11;18;12;19;240;3;2;1;1;2;125;PK 66+300;M;4939680;269735;600
2,02E+11;18;4;5;1230;1;1;1;1;2;19;A1  PK78+400 sens PARIS;M;4950673;271809;600
2,02E+11;18;4;15;845;1;1;1;1;3;160;A1  PK 91+300  sens PARI;M;4961660;275532;600
2,02E+11;18;7;10;945;1;1;1;1;2;558;Point kilomйtrique 88+00;M;4958644;274793;600
2,02E+11;18;8;21;1408;1;1;1;1;2;100;autoroute A1  PK 50+800 ;M;4924971;267890;600
2,02E+11;18;9;1;2150;3;1;1;1;6;138;Autoroute A1 sens Paris-;M;4921937;263421;600
2,02E+11;18;10;8;800;2;1;1;1;6;149;A1 sens Paris-Lille PK 0;M;4933770;269495;600
2,02E+11;18;11;1;730;2;1;1;1;2;229;PK 64+000 sens P L;M;4937455;270413;600
2,02E+11;18;1;8;2230;3;1;1;8;6;13;autoroute A6;M;4601625;472750;690
2,02E+11;18;1;9;1655;1;1;1;1;6;206;A6 sens Lyon Paris PK 41;M;4605917;473622;690
2,02E+11;18;3;26;1625;1;1;1;1;2;13;A6 Point kilomйtrique 42;M;4600748;473141;690
2,02E+11;18;4;30;2130;5;1;9;2;6;115;a6;M;4597362;473209;690
2,02E+11;18;5;6;15;3;1;1;1;6;206;route du crochet;M;4605223;469559;690
2,02E+11;18;5;9;1545;1;1;9;1;2;77;A6;M;4616517;477086;690
2,02E+11;18;5;13;1722;1;1;1;3;2;206;A6;M;4605917;473622;690
2,02E+11;18;5;27;500;3;1;9;3;4;242;AUTOROUTE A6 - SENS PARI;M;4612346;476405;690
2,02E+11;18;10;15;1035;1;1;9;1;3;19;A6;M;4609803;474855;690
2,02E+11;18;10;15;1549;1;1;1;1;2;206;A6;M;4609618;474759;690
2,02E+11;18;10;17;630;3;1;1;1;5;77;autoroute A6;M;4614978;477025;690
2,02E+11;18;11;8;1510;1;1;1;3;1;19;A6;M;4609803;474855;690
2,02E+11;18;7;24;2320;3;1;1;1;4;597;A2  PK 32  sens BRUXELLE;M;5020061;321564;590
2,02E+11;18;8;24;330;3;1;9;1;2;377;autoroute A.26;M;5011143;317454;590
2,02E+11;18;6;4;818;1;1;1;1;5;230;RN 134 - PK 54+134;M;4316470;-44379;640
2,02E+11;18;11;2;1424;1;1;9;1;3;65;D918 - PR 004+500 -;M;4336010;-163479;640
2,02E+11;18;2;6;808;2;1;1;5;3;231;D522;M;4551094;518380;380
2,02E+11;18;2;21;1230;1;1;4;1;1;480;D75 Rte de la Rosiиre;M;4556149;497961;380
2,02E+11;18;2;22;900;1;1;1;1;2;348;A43 PK 036.400;M;4557413;531057;380
2,02E+11;18;3;9;1030;1;1;1;1;3;449;D75 - PR 23+200;M;4564805;511172;380
2,02E+11;18;3;12;937;1;2;1;1;3;475;RD 75 PR 26+700;M;4566564;514004;380
2,02E+11;18;3;21;1600;1;1;1;1;7;381;pk 52.500 sens chambery;M;4556368;548926;380
2,02E+11;18;4;22;1829;1;1;1;1;6;401;Autoroute A43 - PK 48.15;M;4556077;542364;380
2,02E+11;18;5;25;1346;1;2;1;1;1;97;D24A;M;4576767;518131;380
2,02E+11;18;6;26;1851;1;1;2;7;4;415;D18;M;4564272;523952;380
2,02E+11;18;7;15;2350;3;1;1;1;6;276;A43;M;4558209;530331;380
2,02E+11;18;7;31;1545;1;1;1;1;7;449;D1006;M;4565267;511824;380
2,02E+11;18;8;25;1720;1;1;1;1;7;377;A43- PK 52 916;M;4556364;548693;380
2,02E+11;18;9;9;950;1;1;1;1;2;53;a43 - pk 36;M;4558885;529969;380
2,02E+11;18;9;10;1630;1;2;1;1;1;85;32 route de Lyon;M;4574968;515753;380
2,02E+11;18;9;13;845;1;1;1;1;4;553;autoroute A43. PK 25;M;4563025;516522;380
2,02E+11;18;9;26;1300;1;1;1;1;1;498;Lieu dit le Javet;M;4552965;534396;380
2,02E+11;18;10;2;900;1;1;1;1;6;377;a43;M;4556357;549552;380
2,02E+11;18;10;13;2338;3;1;1;1;2;530;A43;M;4562117;518353;380
2,02E+11;18;10;20;1035;1;1;1;1;1;64;A43  PK 044+800;M;4556029;538619;380
2,02E+11;18;10;25;721;3;1;1;1;2;509;Autoroute A43. PK 049+20;M;4555849;545370;380
2,02E+11;18;11;7;1700;2;2;4;8;2;553;D126;M;4562340;515483;380
2,02E+11;18;11;13;1344;1;1;6;1;3;449;intersection A43 et RD 3;M;4565630;510002;380
2,02E+11;18;11;21;1100;1;1;1;8;2;449;D311. PR00+500;M;4564484;510413;380
2,02E+11;18;12;15;36;3;1;1;1;2;64;autoroute A43 PK 046.000;M;4556174;537826;380
2,02E+11;18;12;21;1930;3;1;1;2;4;348;Autoroute A43 PK 040+300;M;4557092;533232;380
2,02E+11;18;1;7;1408;1;2;1;1;6;118;171 Rue du Gйnйral de Ga;M;4771784;742191;680
2,02E+11;18;1;19;920;1;2;2;7;1;278;189 rue ile napoleon;M;4776738;739244;680
2,02E+11;18;3;23;645;2;2;1;1;3;118;153 rue du gйnйral de Ga;M;4772088;741851;680
2,02E+11;18;3;28;1110;1;2;2;1;5;118;99 RUE DU GENERAL DE GAU;M;4772879;741705;680
2,02E+11;18;5;25;720;1;1;1;1;6;118;R de eschentzwiller;M;4771925;741134;680
2,02E+11;18;6;15;2312;5;2;2;1;3;278;71 Av du general de gaul;M;4774984;740784;680
2,02E+11;18;7;7;1250;1;2;1;1;3;118;26 R DE KEMBS;M;4772434;742620;680
2,02E+11;18;8;20;1800;1;2;1;1;3;118;2 r des muguets;M;4773159;741895;680
2,02E+11;18;9;25;1130;1;2;4;7;3;278;18 R Saint Jean;M;4774799;739834;680
2,02E+11;18;10;13;1755;2;2;1;1;6;278;8 rue de ottmarsheim;M;4775068;740967;680
2,02E+11;18;10;20;2000;5;2;2;1;1;278;56 r ile napolйon;M;4775850;740029;680
2,02E+11;18;3;12;1524;1;1;1;8;1;152;N7;M;4688423;316076;580
2,02E+11;18;12;31;1740;5;2;1;8;3;250;AV DE LA HAUTE GREVE;M;4909910;251070;950
2,02E+11;18;3;21;1715;1;1;1;1;3;580;RD 16;M;4909150;253130;950
2,02E+11;18;4;14;1510;1;2;1;1;3;604;RUE DES ANEMONES;M;4910040;253210;950
2,02E+11;18;4;15;1800;1;2;1;1;2;580;RUE DE PARIS;M;4909190;256770;950
2,02E+11;18;7;6;1220;1;1;1;1;5;580;RD16;M;4908530;254560;950
2,02E+11;18;10;30;1250;1;2;3;1;3;604;RUE DE LA LIBERTE;M;4910230;254330;950
2,02E+11;18;11;11;2335;3;2;1;2;2;580;Route Dйpartementale 317;M;4908570;252980;950
2,02E+11;18;4;9;905;1;1;6;8;7;447;D5 - D112E1;M;4608356;-93748;170
2,02E+11;18;7;3;1604;1;1;1;1;3;338;D911;M;4614380;-72004;170
2,02E+11;18;11;27;1400;1;1;1;8;2;267;N11;M;4622636;-91973;170
2,02E+11;18;1;12;1606;1;1;1;1;5;292;R.D. 739  POINT ROUTIER;M;4596418;-73943;170
2,02E+11;18;2;1;1819;3;1;1;4;5;285;A10;M;4582222;-64498;170
2,02E+11;18;2;9;1420;1;1;1;1;6;213;A 10 - PK 403+300 - sens;M;4604833;-53700;170
2,02E+11;18;2;13;1624;1;1;1;1;2;354;Autoroute A 10 PK 454.90;M;4562144;-60851;170
2,02E+11;18;3;9;710;1;1;1;1;7;183;RD 243 - Les Brunets;M;4560396;-83677;170
2,02E+11;18;3;23;313;3;1;1;8;6;196;A10;M;4557634;-59971;170
2,02E+11;18;4;23;1056;1;1;1;1;6;356;RD 122;M;4598314;-66638;170
2,02E+11;18;5;18;600;2;1;1;1;6;139;A10 PK 394+700;M;4611873;-53283;170
2,02E+11;18;5;25;1705;1;1;1;3;4;299;Autoroute A 837 PK 002.3;M;4596403;-96723;170
2,02E+11;18;6;29;1745;1;1;1;1;6;464;autoroute A.10 Pkn 399+8;M;4607778;-53119;170
2,02E+11;18;8;10;210;3;1;1;1;6;436;A 10 - PK 429.500 SENS P;M;4583090;-63097;170
2,02E+11;18;8;31;1200;1;1;1;1;4;44;A 10 - PK 452.500 SENS B;M;4563967;-62542;170
2,02E+11;18;9;23;1716;1;1;1;2;7;336;A10;M;4575470;-67234;170
2,02E+11;18;10;25;1151;1;1;2;7;3;440;Intersection D18 et D739;M;4593817;-54510;170
2,02E+11;18;11;11;1830;3;1;1;2;6;44;AUTOROUTE A10 - PK 452+2;M;4564064;-62650;170
2,02E+11;18;12;11;845;1;1;1;1;7;120;D728 - PR 008.000;M;4573843;-79777;170
2,02E+11;18;7;26;913;1;1;1;7;7;208;Route Dйpartementale 6 -;M;4554797;447431;420
2,02E+11;18;11;19;1900;3;1;1;4;1;224;route dйpartementale 501;M;4532642;442563;420
2,02E+11;18;12;17;745;1;1;1;2;7;97;route dйpartementale 10;M;4552324;431839;420
2,02E+11;18;7;9;1715;1;1;1;1;5;424;route nationale 57;M;4707996;635151;250
2,02E+11;18;2;11;1120;1;1;1;1;6;116;a8;M;4346894;584165;830
2,02E+11;18;4;13;245;3;1;1;2;7;73;D97 sens GONF;M;4337404;629778;830
2,02E+11;18;4;16;1200;1;1;1;1;6;116;;M;4345951;586653;830
2,02E+11;18;4;23;130;3;1;1;1;1;87;A8 -la Provenзale;M;4347627;562055;130
2,02E+11;18;5;9;2005;1;1;1;3;7;116;A8 PK058.500;M;4344870;588824;830
2,02E+11;18;5;9;2005;1;1;1;3;6;116;A8 PK058.500;M;4344913;588746;830
2,02E+11;18;6;16;1515;1;1;1;1;6;116;autoroute A8 aire de rep;M;4346985;583228;830
2,02E+11;18;6;30;553;2;1;1;1;2;96;autoroute A8;M;4347463;578611;830
2,02E+11;18;8;6;1710;1;1;1;3;2;110;Autoroute A 8;M;;;130
2,02E+11;18;11;28;340;3;1;1;1;2;140;autoroute A8;M;4342910;594324;830
2,02E+11;18;12;30;1425;1;1;1;1;2;140;autoroute A 8 PK 66+900;M;4340877;592702;830
2,02E+11;18;5;15;2246;3;1;1;1;6;250;A40;M;4607584;637964;740
2,02E+11;18;7;11;1840;1;1;1;1;2;18;a40;M;4609672;635281;740
2,02E+11;18;7;25;710;1;1;1;1;3;133;A411;M;4618508;621143;740
2,02E+11;18;12;8;705;2;1;1;1;2;18;Autoroute;M;4609672;635281;740
2,02E+11;18;12;14;330;3;1;1;1;7;133;autoroute A411;M;4618508;621143;740
2,02E+11;18;12;16;210;3;1;1;4;6;42;A40 bretelle de sortie 1;M;4606864;642608;740
2,02E+11;18;1;2;1705;2;1;1;1;5;185;autoroute A9 PK 71+690;M;4373995;419604;300
2,02E+11;18;1;7;1955;3;1;1;1;6;344;Autoroute A9  point kilo;M;4375089;422252;300
2,02E+11;18;1;13;320;3;1;1;1;6;156;Autoroute A9 PK 44+750 s;M;4386645;443541;300
2,02E+11;18;4;6;1410;1;1;1;1;6;240;autoroute A709;M;4363520;396691;340
2,02E+11;18;4;25;800;1;1;1;1;2;36;A9 PK 63 000;M;4377487;428359;300
2,02E+11;18;4;25;2130;3;1;1;1;7;189;A9 PK 049+000;M;4381951;437478;300
2,02E+11;18;5;21;1700;1;1;1;1;3;185;A.9 - PK. 70+500 - sens;M;4374925;420918;300
2,02E+11;18;6;9;2030;1;1;1;1;2;189;PK. 50+600 - Sens ORANGE;M;4382814;439488;300
2,02E+11;18;6;25;1600;1;1;1;1;5;344;Autoroute A9 - Point kil;M;4375089;422252;300
2,02E+11;18;6;30;245;3;1;1;1;6;347;A9 - PK. 65+900 - sens N;M;4374912;424983;300
2,02E+11;18;6;30;2025;1;1;1;1;7;156;Bretelle de sortie 24 NI;M;4386645;443541;300
2,02E+11;18;7;8;700;1;1;1;1;6;189;Autoroute A9 - PK54+600;M;4383247;438193;300
2,02E+11;18;8;1;1000;1;1;1;1;6;344;aire d'autoroute;M;4374327;421720;300
2,02E+11;18;8;2;1200;1;1;1;1;4;60;Autoroute A9 - PK6+400 -;M;4379732;439222;300
2,02E+11;18;8;15;740;1;1;6;1;7;123;bretelle d'accиs а l'aut;M;4372464;416823;300
2,02E+11;18;8;25;1145;1;1;1;1;2;189;Autoroute A9 - PK50.500;M;4381951;437478;300
2,02E+11;18;9;13;1245;1;1;1;1;6;258;Autoroute A54  dans le s;M;4375808;442724;300
2,02E+11;18;9;28;600;3;1;1;1;2;123;autoroute A9 pk 73+500 s;M;4372464;416823;300
2,02E+11;18;10;21;1935;3;1;1;1;6;123;Bretelle accиs autoroute;M;4371085;418734;300
2,02E+11;18;10;28;1300;1;1;1;2;7;34;AUTOROUTE A54- PK014.200;M;4373292;447121;300
2,02E+11;18;12;1;1950;3;1;1;1;6;189;autoroute A9 - Point kil;M;4381951;437478;300
2,02E+11;18;3;4;550;3;1;1;1;2;262;A9;M;4317011;301399;110
2,02E+11;18;7;28;737;1;1;1;1;2;86;Autoroute A9;M;4293572;296965;110
2,02E+11;18;8;10;1720;1;1;1;1;2;262;Autoroute A9 PK 191+730;M;4317011;301399;110
2,02E+11;18;8;23;1845;1;1;9;1;4;188;Autoroute A9;M;4296426;296882;110
2,02E+11;18;9;3;410;3;1;1;1;5;144;Autoroute A9  PK 216.000;M;4289403;299177;110
2,02E+11;18;10;15;1415;1;1;1;1;6;262;Autoroute A9 - PK 188.42;M;4317011;301399;110
2,02E+11;18;11;21;726;3;1;1;1;5;24;Autoroute A9 - PK 197.50;M;4312790;296266;110
2,02E+11;18;11;27;1745;3;1;1;1;2;262;Autoroute A9  PK 189.050;M;4317011;301399;110
2,02E+11;18;1;18;142;3;1;1;6;6;67;A10 PK 104+100 SENS PARI;M;4789447;177295;450
2,02E+11;18;4;22;1600;1;1;1;1;6;2;A10 PK 65+500;M;4818984;185312;280
2,02E+11;18;6;13;840;1;1;1;1;7;392;A10 - PK 63.000 sens 2;M;4823578;184991;280
2,02E+11;18;8;4;1653;1;1;1;1;6;121;autoroute A10;M;4812033;185132;280
2,02E+11;18;8;14;1232;1;1;1;1;6;146;A71 PK 123.650;M;4770988;190023;450
2,02E+11;18;8;17;205;3;1;1;1;6;154;A10 - PK 86;M;4799808;185240;450
2,02E+11;18;8;17;1437;1;1;1;7;7;75;PK 099+980;M;4788876;183246;450
2,02E+11;18;8;20;545;5;1;9;1;6;154;autoroute A10 PK 89+805;M;4798342;185863;450
2,02E+11;18;9;4;530;3;1;1;1;5;392;autoroute A10  P.K. 62+6;M;4823578;184991;280
2,02E+11;18;9;14;2100;3;1;1;1;5;6;A71-PK 107+750;M;4782641;185981;450
2,02E+11;18;9;26;1015;1;1;1;1;6;146;Autoroute A71 PK 117+600;M;4770988;190023;450
2,02E+11;18;10;4;850;1;1;1;1;5;232;Autoroute A71 PK 104+300;M;4785240;186604;450
2,02E+11;18;11;13;825;1;1;1;1;6;75;A10 / PK100+698 / Sens P;M;4790051;182391;450
2,02E+11;18;12;23;1430;1;1;1;2;5;8;A10 - PK 078+750 sens Pa;M;4807372;184939;450
2,02E+11;18;7;12;340;5;1;1;1;6;304;entrйe du tunnel de la d;M;4546763;695957;730
2,02E+11;18;1;17;1225;1;2;1;1;3;114;26 route de Berre;M;4354774;530976;130
2,02E+11;18;3;4;2230;3;1;1;2;1;32;D18 PK 10+900;M;;;130
2,02E+11;18;6;3;2010;1;1;3;1;5;114;route de berre;M;4354616;533144;130
2,02E+11;18;6;3;2230;3;1;1;2;1;114;RD 65 PR 12+550;M;4354206;530617;130
2,02E+11;18;7;14;1330;1;1;1;1;4;114;RD10;M;4354679;532177;130
2,02E+11;18;7;21;45;5;2;1;1;2;114;RD10;M;4354835;530771;130
2,02E+11;18;7;29;120;3;1;1;1;6;32;Route de Saint-Cannat;M;4358548;533156;130
2,02E+11;18;8;7;1820;1;1;3;1;1;114;RD 65 route de roquefavo;M;4352687;528945;130
2,02E+11;18;9;10;1355;1;1;1;1;4;114;route de roquefavour;M;4351646;531220;130
2,02E+11;18;11;2;2035;3;1;1;1;1;114;Route de Berre;M;4354671;531819;130