Num_Acc;an;mois;jour;hrmn;lum;agg;int;atm;col;com;adr;gps;lat;long;dep
2,02E+11;18;2;14;1335;1;1;4;1;3;277;les Pommiers;M;4841420;-284776;220
2,02E+11;18;12;17;1600;1;1;1;1;2;75;RN 24 PR 4+927;M;4792484;-215637;560
2,02E+11;18;1;20;450;3;1;1;1;4;86;autoroute A6  sens: LYON;M;4697260;484110;210
2,02E+11;18;3;14;5;3;1;1;1;7;590;Autouroute A6  sens PARI;M;4706535;476798;210
2,02E+11;18;3;15;2228;3;1;1;1;3;86;Autoroute A6  sens LYON;M;4697260;484110;210
2,02E+11;18;6;8;1925;1;1;1;1;7;22;Autoroute A36  sens BEAU;M;4704588;501705;210
2,02E+11;18;8;1;1250;1;1;1;1;6;333;Autoroute A36  sens: Mul;M;4703195;515559;210
2,02E+11;18;11;12;1015;1;1;1;1;2;517;Autoroute A31  sens: Bea;M;4711913;496549;210
2,02E+11;18;11;25;1845;3;1;1;2;3;590;Autoroute A6  sens Paris;M;4705662;482684;210
2,02E+11;18;12;20;1100;1;1;1;8;6;86;A6 PK 310 sens Lyon / Pa;M;4697260;484110;210
2,02E+11;18;5;31;452;2;1;1;1;6;25;autoroute A43  PK 70.600;M;4556080;570200;730
2,02E+11;18;7;1;1500;1;1;1;1;4;179;a43;M;4558939;585659;730
2,02E+11;18;7;5;748;1;1;1;1;4;104;Autoroute A43;M;4555701;573492;730
2,02E+11;18;9;1;1108;1;1;1;8;4;184;A43 tunnel de l'йpine ve;M;4557939;581080;730
2,02E+11;18;9;1;1108;1;1;1;8;4;184;A 43 tunnel de l'йpine v;M;4557939;581080;730
2,02E+11;18;9;2;850;1;1;1;1;3;65;A41N;M;4561102;589418;730
2,02E+11;18;9;7;2239;3;1;1;1;6;155;Autoroute 41 Nord - PK93;M;4563599;591850;730
2,02E+11;18;11;30;2145;5;1;1;1;6;104;Autoroute A43;M;4555577;574122;730
2,02E+11;18;1;8;1517;1;1;9;1;6;118;A48;M;4538482;547233;380
2,02E+11;18;1;24;1335;1;1;1;1;2;565;A48;M;4530659;561963;380
2,02E+11;18;2;6;1013;1;1;1;1;4;170;A 48;M;4524731;565494;380
2,02E+11;18;3;14;735;1;1;6;1;6;400;A48 PK 075+700 VN;M;4533527;558304;380
2,02E+11;18;3;22;803;1;1;6;1;3;565;Rond point de la poste;M;4530778;562307;380
2,02E+11;18;5;25;1033;1;1;1;1;6;464;A48 - PK 045+050;M;4554178;538714;380
2,02E+11;18;7;26;2125;5;1;1;1;6;565;A48 PK 084+800 Sens GREN;M;4528364;562179;380
2,02E+11;18;9;1;2215;3;1;1;1;6;13;A48;M;4537617;548260;380
2,02E+11;18;9;3;1600;1;1;1;1;4;565;A48;M;4529864;562153;380
2,02E+11;18;12;6;825;1;1;1;3;3;565;D520A;M;4530645;563660;380
2,02E+11;18;3;19;30;3;1;9;4;2;117;AUTOROUTE A4 - PK 230.20;M;4909381;508867;550
2,02E+11;18;4;3;350;3;1;1;2;7;255;ROUTE DЙPARTEMENTALE 905;M;4941337;538346;550
2,02E+11;18;4;6;1510;1;1;1;1;6;567;Autoroute A4 - PK 235.40;M;4908862;518464;550
2,02E+11;18;6;4;1330;1;1;1;1;1;166;RD 34 PK 29+500;M;4912356;538056;550
2,02E+11;18;7;25;1500;1;1;1;1;7;276;AUTOROUTE A4 PK248.600;M;4910642;533648;550
2,02E+11;18;8;29;650;1;1;1;1;7;497;Autoroute A4 PK 243.700;M;4909466;526697;550
2,02E+11;18;9;1;2110;3;1;1;1;7;557;SORTIE 32 AUTOROUTE A4;M;4913025;563216;550
2,02E+11;18;9;23;1710;1;1;1;3;6;237;autoroute A4 - PK 263.61;M;4911859;553484;550
2,02E+11;18;11;4;1734;3;1;1;1;7;237;autoroute A4 PK266.100;M;4911859;553484;550
2,02E+11;18;12;16;1405;1;1;1;5;2;557;autoroute A4;M;4912583;561139;550
2,02E+11;18;1;9;45;5;2;1;1;6;105;38  MOULIN J.;M;4975243;472915;80
2,02E+11;18;1;17;1525;1;2;1;1;6;105;16  DE GAULLE AVENUE;M;4976719;471783;80
2,02E+11;18;1;18;740;5;2;1;3;6;105;SANS  HOTEL DE VILLE PLA;M;4975370;443090;80
2,02E+11;18;1;26;2050;5;2;3;1;1;105;SANS  WARCQ;M;4976360;469953;80
2,02E+11;18;2;22;1210;1;2;6;1;6;105;SANS  CROISON L.G. (RUE);M;4977012;470698;80
2,02E+11;18;4;8;2150;5;2;1;1;3;105;HALLALI;M;4978732;472236;80
2,02E+11;18;3;14;1625;1;2;3;1;6;105;28  91EME R.I. (AVENUE E;M;4975486;471996;80
2,02E+11;18;4;10;1740;1;2;3;1;3;105;CARNOT AVENUE;M;4974740;472528;80
2,02E+11;18;4;19;1305;1;2;1;1;6;497;REPUBLIQUE RUE;M;4976842;468011;80
2,02E+11;18;3;15;1143;1;2;3;1;6;105;SANS  MANCHESTER (AVENUE;M;4976148;470348;80
2,02E+11;18;3;19;2100;3;1;1;3;2;480;A34;M;4973573;474697;80
2,02E+11;18;3;25;49;5;2;1;1;6;105;12  AURIOL PRESIDENT (AV;M;4975404;472549;80
2,02E+11;18;5;17;1950;1;1;9;1;6;105;RN 43;M;4975295;470249;80
2,02E+11;18;5;28;815;1;2;1;1;6;105;CAQUOT ALBERT (RUE);M;4975294;470804;80
2,02E+11;18;6;3;150;3;1;1;1;7;105;NOUZONVILLE;M;4979242;473386;80
2,02E+11;18;6;27;1140;1;2;1;1;2;105;TIRMAN L.;M;4976207;471555;80
2,02E+11;18;7;8;1600;1;2;1;1;6;105;WARCQ;M;4976418;469738;80
2,02E+11;18;7;13;1730;1;2;1;1;6;497;PIERQUIN L. BOULEVARD;M;4977672;469868;80
2,02E+11;18;7;16;1250;1;2;1;1;3;105;WARCQ;M;4976278;470263;80
2,02E+11;18;7;26;2051;1;2;1;1;7;105;BERTHAUCOURT (RUE DE);M;4976014;473317;80
2,02E+11;18;8;11;1720;1;2;1;1;3;105;FERROUL;M;4974572;472356;80
2,02E+11;18;8;28;1755;1;2;1;1;6;105;MESANGES;M;4974943;472135;80
2,02E+11;18;8;31;1845;1;2;1;1;6;105;FERROUL;M;4974465;472273;80
2,02E+11;18;9;26;1640;1;2;1;1;6;105;LOUTIL MONSEIGNEUR;M;4974990;473064;80
2,02E+11;18;9;26;1810;1;2;3;7;3;105;BOURGEOIS LEON (AVENUE);M;4975490;471453;80
2,02E+11;18;9;29;1956;1;2;1;1;2;105;LECLERC AVENUE;M;4976690;472163;80
2,02E+11;18;10;5;1647;1;2;1;1;6;105;MOHON PLACE;M;4975210;473190;80
2,02E+11;18;11;30;1748;3;2;1;8;6;480;JAURES J. AVENUE;M;4974061;474511;80
2,02E+11;18;12;13;1535;1;2;1;1;6;105;VAILLANT J.P.;M;4975786;472363;80
2,02E+11;18;12;14;1940;5;1;1;1;6;480;RD 764 BIS;M;4953370;475043;80
2,02E+11;18;12;18;2310;3;1;1;1;6;105;NOUZONVILLE;M;4978861;472805;80
2,02E+11;18;12;22;1330;1;2;3;3;6;105;MARTYRS DE LA RESISTANCE;M;4975861;472416;80
2,02E+11;18;12;29;1710;5;2;1;2;6;105;65 ARCHES (AVENUE);M;4976111;471944;80
2,02E+11;18;12;24;1850;5;2;1;2;6;105;ARCHES (AVENUE);M;4976562;471942;80
2,02E+11;18;1;5;1515;1;1;1;2;1;133;RN 21;M;4556411;97659;240
2,02E+11;18;4;30;1245;1;1;1;2;5;227;le Pont S;M;4538089;113299;240
2,02E+11;18;9;12;1215;1;1;1;1;1;253;D939;M;4542687;52039;240
2,02E+11;18;11;14;2300;3;1;2;1;6;158;RN 164 - Point kilomиtri;M;4820685;-294171;220
2,02E+11;18;1;20;2240;3;1;1;1;6;301;AUTOROUTE A13  PK 220+60;M;4916730;-27899;140
2,02E+11;18;2;13;615;3;1;1;1;2;555;A13 - PK 173+200;M;4930890;30023;140
2,02E+11;18;6;23;1900;1;1;4;1;2;55;A13 - PK189+000;M;4925956;11092;140
2,02E+11;18;8;16;925;1;1;1;1;7;528;pйage  sens CAEN - LE HA;M;4932215;30804;140
2,02E+11;18;8;21;1430;1;1;1;1;4;301;A13 - PK 221+100;M;4916694;-28479;140
2,02E+11;18;9;11;1139;1;1;1;1;5;563;A29 PK 002+300;M;4932797;27478;140
2,02E+11;18;10;22;1800;1;1;1;1;4;301;autoroute A13  PK 220+60;M;4916717;-28129;140
2,02E+11;18;10;27;1245;1;1;1;4;4;36;a13;M;4916831;-22698;140
2,02E+11;18;11;12;1450;1;1;1;1;2;203;Autoroute A.13 - Pйage d;M;4923051;-7246;140
2,02E+11;18;11;26;2100;3;1;1;1;4;301;A13 PK 221.000;M;4916702;-28460;140
2,02E+11;18;1;27;1400;1;1;1;2;6;38;RD 33;M;;;130
2,02E+11;18;4;2;1830;1;1;1;1;1;65;Route d'Egaliиres;M;4370304;488423;130
2,02E+11;18;4;9;150;3;1;1;1;6;11;D5;M;4373841;482786;130
2,02E+11;18;4;14;515;3;1;1;2;6;11;D27 domaine de Manville;M;4373179;480210;130
2,02E+11;18;6;2;1515;1;1;1;1;7;58;Route Dйpartementale 27;M;4372390;480802;130
2,02E+11;18;6;24;945;1;1;1;1;4;38;D17 Quartier Clapier;M;4372608;470943;130
2,02E+11;18;7;10;2310;3;1;1;1;6;11;RD 5;M;4375172;483094;130
2,02E+11;18;7;26;1830;1;1;1;1;7;38;D17 PR 10;M;4372608;470943;130
2,02E+11;18;12;3;820;1;1;4;1;3;38;D17 - D82A;M;4371277;468650;130
2,02E+11;18;4;3;1614;1;1;2;1;3;47;D101;M;4724490;-172606;440
2,02E+11;18;9;14;2044;3;1;1;1;1;203;D49 Rue Louis Girard;M;4732537;-179648;440
2,02E+11;18;5;7;1017;1;2;1;1;3;240;32 rue des coteaux;M;4776276;66151;720
2,02E+11;18;9;5;1857;1;1;6;1;6;87;D1/D357;M;4795624;75501;720
2,02E+11;18;11;16;1638;2;1;1;5;5;204;D357;M;4793719;68698;720
2,02E+11;18;2;15;1756;3;1;1;2;4;378;RN 12;M;4876827;121846;270
2,02E+11;18;3;1;1638;1;2;3;2;3;2;route de Paris;M;4877145;109123;270
2,02E+11;18;5;28;1510;1;1;1;3;1;481;N12 - PK 029.600;M;4871860;87340;270
2,02E+11;18;6;5;1853;1;1;1;1;7;390;Route Nationale 154;M;4883840;118240;270
2,02E+11;18;6;18;1219;1;1;1;1;4;378;RN12;M;4877169;121538;270
2,02E+11;18;10;3;1910;2;1;1;1;4;108;RD926;M;4874727;80270;270
2,02E+11;18;2;12;745;1;1;1;2;1;43;RD 50 - Route de brindas;M;4571149;472455;690
2,02E+11;18;3;9;1537;1;2;1;1;6;27;14 rue ferdinand Gaillar;M;4567746;475426;690
2,02E+11;18;4;13;1110;1;1;9;1;3;27;route de soucieu;M;4567332;472975;690
2,02E+11;18;5;19;940;1;2;1;7;3;43;54 route de brignais;M;4570900;476992;690
2,02E+11;18;6;15;1830;1;2;9;1;6;27;2 chemin de la lande;M;4568317;476214;690
2,02E+11;18;7;4;2300;3;1;1;2;1;43;58 route des aqueducs;M;4572353;477216;690
2,02E+11;18;6;28;1820;1;2;1;1;3;27;6 rue mиre Elise Rivet;M;4567536;476180;690
2,02E+11;18;7;4;1630;1;2;1;1;3;43;boulevard reydellet;M;4570465;475238;690
2,02E+11;18;9;13;1720;1;1;1;1;5;27;44 route de brignais;M;4570953;477030;690
2,02E+11;18;9;25;605;5;2;1;1;7;27;41 rue mиre йlise rivet;M;4567941;476380;690
2,02E+11;18;10;3;430;5;2;6;1;7;268;avenue du Gйnйral Brosse;M;4565491;475103;690
2,02E+11;18;9;28;1015;1;1;1;1;1;27;route de soucieu - D25;M;4567332;472975;690
2,02E+11;18;12;13;530;5;2;1;1;1;43;29 boulevard Pierre Phil;M;4570544;475163;690
2,02E+11;18;12;29;1400;1;1;1;1;7;27;route de Soucieu;M;4567027;474533;690
2,02E+11;18;6;20;820;1;2;1;1;6;44;Intersection route de Pa;M;4578956;474411;690
2,02E+11;18;7;25;833;1;2;6;1;3;116;;M;4583109;477112;690
2,02E+11;18;11;6;905;1;1;1;1;6;72;81  Ancienne nationale 7;M;4580935;473262;690
2,02E+11;18;12;18;1105;1;2;7;1;6;143;avenue carnot;M;4588244;483493;690
2,02E+11;18;4;10;1445;1;1;1;1;5;30;D347 -  PR 009.000;M;4671870;21606;860
2,02E+11;18;7;4;1800;1;1;1;1;3;62;RD 910;M;4665232;36476;860
2,02E+11;18;1;24;935;1;1;9;1;4;172;A709 PK 11+900;M;4360050;391896;340
2,02E+11;18;2;4;1130;1;2;1;1;4;172;A709;M;4357787;388110;340
2,02E+11;18;2;20;1500;1;1;1;1;6;135;A9;M;4326835;317800;340
2,02E+11;18;2;28;1045;1;1;1;4;3;113;autoroute A9 PK 118.000;M;4349513;372098;340
2,02E+11;18;3;22;1600;1;1;1;1;2;101;autoroute A9 pk146+300;M;4339365;346455;340
2,02E+11;18;4;24;1725;1;1;1;1;6;172;A.709 - PK 13.900 - Sens;M;4359019;389817;340
2,02E+11;18;6;24;1050;1;1;1;1;6;166;Aire d'autoroute BEZIERS;M;4336130;335118;340
2,02E+11;18;6;25;1600;1;1;1;1;4;172;autoroute A709;M;4357719;388220;340
2,02E+11;18;6;29;845;1;1;1;1;4;172;A709 PK 13+600;M;4357316;387450;340
2,02E+11;18;7;5;115;3;1;9;1;2;101;PK 144+670 - SENS SUD;M;4338839;345842;340
2,02E+11;18;7;15;1019;1;1;1;7;2;157;Autoroute A9;M;4343630;356611;340
2,02E+11;18;7;18;115;3;1;1;1;6;101;A9 PK 145.300;M;4339365;346455;340
2,02E+11;18;8;8;115;3;1;1;1;6;101;Autoroute A9 PK 145+068;M;4339365;346455;340
2,02E+11;18;8;11;115;3;1;1;1;1;270;A709 bretelle de St Jean;M;4357534;383290;340
2,02E+11;18;9;13;1101;1;1;1;1;1;203;A9 point kilomйtrique 14;M;4340956;350337;340
2,02E+11;18;10;14;2157;3;1;1;6;6;157;A9  PK 136+753  sens 1;M;4343630;356611;340
2,02E+11;18;11;2;400;3;1;1;1;6;135;Autoroute A9;M;4326835;317800;340
2,02E+11;18;11;4;145;3;1;1;1;2;172;Autoroute A709 PK 012.37;M;4361932;384053;340
2,02E+11;18;11;7;2242;3;1;1;2;1;113;A9 PK 119+200 sens nord;M;4349513;372098;340
2,02E+11;18;11;28;730;3;1;1;1;7;336;A9 - PK 161+600;M;4332278;327194;340
2,02E+11;18;12;20;30;3;1;1;1;6;166;pk 155 autoroute A9;M;4336158;335092;340
2,02E+11;18;12;23;730;2;1;1;1;4;32;A9 PK 153+800;M;4330640;323969;340
2,02E+11;18;12;29;1645;1;1;1;1;4;172;Autoroute A709  йchangeu;M;4360433;392934;340
2,02E+11;18;6;14;1045;1;1;9;1;6;452;A62 PK 17+486 rйel;M;4464502;-43330;330
2,02E+11;18;6;17;1917;1;1;1;1;4;343;A62 PK 26+940 sens Borde;M;4458658;-34801;330
2,02E+11;18;6;22;1715;1;1;1;1;6;508;A62 PK 048.600 reel;M;4453512;-10347;330
2,02E+11;18;8;1;850;1;1;1;1;2;2;A.62 PK 55+900;M;4450011;-2881;330
2,02E+11;18;9;22;2345;3;1;1;1;5;205;A62 - PK 026.300;M;4459056;-35372;330
2,02E+11;18;11;4;2045;3;1;1;1;5;508;Autoroute A62 -PR47+800;M;4453566;-11341;330
2,02E+11;18;1;13;1135;1;2;1;1;6;254;la pyreneenne;M;4354886;150950;310
2,02E+11;18;1;16;850;1;2;1;8;6;254;700 la Pyrйnйenne;M;4354900;150104;310
2,02E+11;18;4;28;2005;1;2;3;1;2;506;3 avenue de Gameville;M;4355550;153098;310
2,02E+11;18;4;30;1615;1;2;6;1;6;254;ROUTE DE BAZIEGE;M;4352749;152771;310
2,02E+11;18;6;28;845;1;1;1;1;3;169;CD916;M;4351903;152960;310
2,02E+11;18;7;13;1430;1;2;3;1;3;506;Intersection route de Ba;M;4636152;256753;310
2,02E+11;18;7;19;1730;1;1;1;1;1;506;Route de Quint;M;4356968;154574;310
2,02E+11;18;10;10;1630;1;2;3;1;5;254;Rue Jean Rostand;M;4354542;151036;310
2,02E+11;18;11;24;410;5;2;3;1;6;506;Croisement D57 et D54;M;4356683;153900;310
2,02E+11;18;12;4;1855;5;2;1;8;6;506;38 avenue de gameville;M;4355318;153328;310
2,02E+11;18;8;1;531;2;1;1;1;1;347;RN 7;M;;;260
2,02E+11;18;12;18;717;2;1;1;5;1;325;pk 003.980;M;4527467;482331;260
2,02E+11;18;7;8;20;3;1;1;1;6;126;A75 - pk 10+800 sens Nor;M;;;630
2,02E+11;18;9;23;2135;3;1;1;1;6;272;Autoroute A75  PR 004+70;M;4573521;315266;630
2,02E+11;18;12;18;945;1;1;1;1;4;302;autoroute A75 - pk 6+350;M;4571283;315132;630
2,02E+11;18;7;27;144;4;1;1;1;6;102;A.63;M;4348940;-144937;640
2,02E+11;18;8;15;2355;3;1;1;1;6;147;A64  SORTIE 4;M;4346610;-128714;640
2,02E+11;18;9;25;1800;1;1;1;1;2;102;A63;M;4348970;-144958;640
2,02E+11;18;10;30;1135;1;1;1;1;4;312;PK 166.500 - A.63 sens F;M;4352837;-144233;400
2,02E+11;18;1;4;820;5;2;1;3;6;409;PHILIPPOTEAUX (AVENUE);M;4964789;494543;80
2,02E+11;18;3;6;1325;1;1;1;1;5;409;A203;M;4969069;492346;80
2,02E+11;18;8;4;840;1;2;1;1;1;174;DE GAULLE (RUE CHARLES);M;4971375;492442;80
2,02E+11;18;6;20;1835;1;2;1;1;3;174;SAINT-MENGES (ROUTE DE);M;4456666;608333;80
2,02E+11;18;8;17;1950;1;2;3;1;3;409;WARNELLE (CHEMIN DE LA);M;4969471;495298;80
2,02E+11;18;11;9;1950;5;2;1;1;6;409;MARNE (AVENUE DE LA);M;4969648;491595;80
2,02E+11;18;6;26;1400;1;2;3;1;3;88;Zone cфtй piste aйroport;M;4366420;720943;60
2,02E+11;18;3;13;1813;1;1;9;8;2;278;A4;M;4906075;428055;510
2,02E+11;18;7;2;955;1;1;1;1;7;617;A4;M;4904943;429835;510
2,02E+11;18;7;23;8;3;1;1;1;4;61;A4;M;4910209;425513;510
2,02E+11;18;9;20;1705;1;1;1;1;2;278;A4;M;4905837;428339;510
2,02E+11;18;9;30;1605;1;1;1;1;7;454;A26;M;4929875;399483;510
2,02E+11;18;10;8;1750;1;1;1;1;6;61;A4;M;4910303;425516;510
2,02E+11;18;10;8;1335;1;1;1;1;2;657;A4;M;4924458;392723;510
2,02E+11;18;9;27;1845;1;1;1;1;6;172;A4;M;4921037;405551;510
2,02E+11;18;11;19;1429;1;1;1;1;7;278;A4;M;4905622;428603;510
2,02E+11;18;12;10;1745;3;1;1;1;4;454;A34;M;4924816;408232;510
2,02E+11;18;12;19;830;1;1;1;1;6;536;A4;M;4918972;413854;510
2,02E+11;18;1;20;1020;1;2;6;2;6;105;rond point du buisson ro;M;4856775;216369;910
2,02E+11;18;10;26;2045;5;2;1;2;7;105;22 bis route de st chйro;M;4857054;216563;910
2,02E+11;18;7;18;1218;1;1;1;1;1;449;D90;M;4602645;524795;10
2,02E+11;18;7;31;1720;1;1;1;1;3;4;D 1075;M;4597054;534116;10
2,02E+11;18;10;31;2223;3;1;1;1;1;4;D77E;M;4597387;533547;10
2,02E+11;18;3;28;1535;1;1;1;1;5;129;D533;M;4498264;459143;70
2,02E+11;18;7;27;255;5;2;1;1;1;15;D86;M;4514580;481089;70
2,02E+11;18;10;12;1725;2;1;1;1;7;290;d578;M;4494258;449474;70
2,02E+11;18;3;8;920;1;2;1;7;6;485;157 Av. de la Rйpublique;M;4517177;569686;380
2,02E+11;18;3;14;1928;5;2;1;1;1;486;102 rue de la Libertй;M;4516259;569663;380
2,02E+11;18;6;19;1640;1;2;1;1;3;486;Rue du Drac;M;4516175;569657;380
2,02E+11;18;7;18;815;1;2;6;1;3;486;Avenue Louis Vicat;M;4515117;568097;380
2,02E+11;18;8;21;1720;1;2;1;1;6;485;Parking 45 Av du vercors;M;4517931;568876;380
2,02E+11;18;9;27;1530;1;2;1;1;7;485;D106B;M;4518472;569659;380
2,02E+11;18;10;12;800;1;2;1;1;3;486;D6;M;4516480;569207;380
2,02E+11;18;11;2;230;5;2;1;2;6;485;D1532;M;4518081;569303;380
2,02E+11;18;11;20;650;2;2;1;2;3;485;D6;M;4517325;568732;380
2,02E+11;18;1;28;1100;1;1;1;1;5;52;D 1091;M;4511672;598534;380
2,02E+11;18;3;4;1500;1;1;1;1;1;52;RD1091;M;4510664;600760;380
2,02E+11;18;6;17;1820;1;1;1;1;7;5;D526;M;4521093;605225;380
2,02E+11;18;6;17;915;1;1;1;1;7;285;Lieu dit Ponte des Oules;M;4504324;598311;380
2,02E+11;18;6;21;2020;1;2;1;1;6;52;parking Sarenne - Rue de;M;4505557;602959;380
2,02E+11;18;6;27;1345;1;1;1;1;1;212;D1091 Route de l'Oisans;M;4510534;592901;380
2,02E+11;18;7;12;1450;1;1;1;1;6;52;RD 1091 - LA PAUTE;M;4507437;601618;380
2,02E+11;18;8;2;1545;1;1;1;1;1;52;D1091 Rochetaillйe;M;4511455;600492;380
2,02E+11;18;8;12;1730;1;2;1;1;3;52;D1091 Rochetaillйe;M;4510911;600700;380
2,02E+11;18;8;29;1235;1;2;1;1;4;52;D1091;M;4508906;601176;380
2,02E+11;18;9;2;1430;1;1;1;1;6;5;D526 - Route des Cols;M;4521091;605555;380
2,02E+11;18;11;19;845;1;1;1;1;6;173;RD 1091;M;4504180;612764;380
2,02E+11;18;5;1;1930;2;1;1;1;6;27;A4;M;4906031;470652;510
2,02E+11;18;6;27;356;3;1;9;1;2;588;A4;M;4907369;479344;510
2,02E+11;18;7;29;1708;1;1;1;1;7;507;A4;M;4908492;496501;510
2,02E+11;18;8;12;2010;1;1;1;1;6;588;A4;M;4906530;472677;510
2,02E+11;18;12;7;1330;1;1;1;2;2;507;A4;M;4907181;489458;510
2,02E+11;18;1;25;2140;3;1;4;3;5;510;Autoroute A.4;M;4912924;625966;570
2,02E+11;18;4;28;2230;3;1;1;1;3;155;Autoroute A4  sens vers;M;4913703;641223;570
2,02E+11;18;6;6;2250;5;1;1;2;3;227;A320 PK6+700;M;4918547;691910;570
2,02E+11;18;7;14;1645;1;1;1;1;7;28;A4 - PK 319 + 500 - sens;M;4918512;623031;570
2,02E+11;18;7;30;1015;1;1;1;1;3;413;A4 - Sens Paris Strasbou;M;4913572;664541;570
2,02E+11;18;9;10;750;1;1;1;1;6;762;autoroute A4 - PK 351.39;M;4913541;658826;570
2,02E+11;18;9;21;1355;1;1;1;2;7;28;A4 PK 319 + 700;M;4919655;621077;570
2,02E+11;18;12;11;1730;3;1;1;1;4;606;A4 - PR 360 - Sens STRAS;M;4913599;671570;570
2,02E+11;18;12;13;1745;3;1;1;1;2;208;Autoroute A4 - PK 377;M;4908597;687537;570
2,02E+11;18;2;8;1352;1;2;1;1;6;160;rue gilbert  landry;M;4679071;19120;860
2,02E+11;18;5;5;1030;1;1;1;1;4;280;A 10;M;4693645;54417;860
2,02E+11;18;5;23;1645;1;1;1;1;2;66;autoroute A10 PK 274.500;M;4682234;51793;860
2,02E+11;18;6;6;1045;1;1;1;3;6;7;autoroute A10 PK 264+000;M;4688573;51798;860
2,02E+11;18;7;20;1907;1;1;1;1;5;19;AUTOROUTE A10 - PK 285+3;M;4674712;43368;860
2,02E+11;18;7;27;505;3;1;1;1;2;115;Autoroute A10 PK 290+768;M;4669438;36803;860
2,02E+11;18;8;29;1120;1;1;1;8;7;81;Les mottes;M;4679192;44779;860
2,02E+11;18;9;5;1;3;1;1;1;2;7;autoroute A10 PK 263+900;M;4688573;51798;860
2,02E+11;18;10;17;1520;1;1;2;1;3;154;intersection route de ma;M;4680616;8921;860
2,02E+11;18;10;20;1600;1;1;9;7;3;66;A10;M;4677502;49093;860
2,02E+11;18;12;14;1648;2;1;1;8;6;158;PK 299+000;M;4664457;35515;860
2,02E+11;18;6;13;1450;1;1;1;1;5;80;;M;4667476;-25963;790
2,02E+11;18;1;2;1400;1;1;1;2;2;57;PK 49.200;M;4690118;173337;360
2,02E+11;18;5;4;1845;1;1;1;1;2;63;;M;4683720;166501;360
2,02E+11;18;6;22;1545;1;1;1;1;6;26;;M;4690525;173520;360
2,02E+11;18;7;13;1620;1;1;1;1;7;122;;M;;;360
2,02E+11;18;7;16;140;3;1;1;1;2;230;;M;4707990;182625;360
2,02E+11;18;7;30;530;2;1;1;1;7;202;;M;4676069;163622;360
2,02E+11;18;11;29;1015;1;1;1;8;3;202;;M;4679173;162100;360
2,02E+11;18;1;25;1040;1;1;1;3;1;223;RD 749 point kilomйtriqu;M;4752315;29130;370
2,02E+11;18;2;14;1920;5;1;9;2;3;59;Carrefour RD 938 et RD 3;M;4746829;59484;370
2,02E+11;18;2;27;1614;1;2;4;1;3;167;avenue de la liberation;M;4754652;54163;370
2,02E+11;18;6;11;905;1;1;1;2;7;25;RD 88;M;4735480;50117;370
2,02E+11;18;11;28;2025;3;1;2;1;3;98;RD 910;M;4706690;63424;370
2,02E+11;18;4;24;1530;1;2;1;1;6;228;2 avenue saint vincent;M;4728424;12680;370
2,02E+11;18;2;22;1010;1;1;1;2;7;222;A87;M;4735086;-58628;490
2,02E+11;18;5;3;1520;1;1;1;1;2;68;A.11 - PK 293+300;M;4743404;-86733;490
2,02E+11;18;5;22;1440;1;1;4;1;6;129;A11 SENS 2;M;4750211;-50090;490
2,02E+11;18;7;9;1159;1;1;1;1;2;242;D775 pk 005.300;M;4754642;-65531;490
2,02E+11;18;7;15;725;1;1;1;1;3;68;A11 - PK 294.000;M;4743291;-87274;490
2,02E+11;18;7;19;2315;3;1;1;1;6;68;A 11 PK 289.500;M;4743197;-87599;490
2,02E+11;18;7;20;1630;1;1;1;1;6;265;RD751;M;4734458;-68658;490
2,02E+11;18;10;7;1030;1;1;1;1;6;308;D748;M;4739961;-51517;490
2,02E+11;18;10;22;1830;1;1;1;1;7;68;A11 PK 287+000;M;4743291;-87274;490
2,02E+11;18;11;7;1510;1;1;1;2;7;298;Autoroute A.11;M;4745991;-69886;490
2,02E+11;18;3;6;1205;1;1;1;1;6;521;A4 - PK 67+840;M;4903505;318441;20
2,02E+11;18;5;26;1435;1;1;1;1;2;521;Autoroute A4 PK 68+624;M;4903505;318441;20
2,02E+11;18;8;16;1735;1;1;1;1;2;809;A4;M;4916022;372659;20
2,02E+11;18;8;25;1530;1;1;1;1;6;85;autorute A4 PK 86+180 se;M;4908127;340378;20
2,02E+11;18;11;30;1815;3;1;1;1;2;280;Autoroute A4 PK 92+600 s;M;4910016;344885;20
2,02E+11;18;12;28;1110;1;1;1;5;7;168;autoroute A4;M;4907787;338463;20
2,02E+11;18;1;16;1620;1;1;1;1;1;150;AUTOROUTE A500;M;4374606;738104;60
2,02E+11;18;1;23;430;3;1;1;1;6;88;Autoroute A8   PK 186.50;M;4371202;721305;60
2,02E+11;18;2;13;1440;1;2;9;1;2;88;PK 200.000 Nord  Autorou;M;4373377;728713;60
2,02E+11;18;3;7;815;1;1;1;1;2;149;autoroute A8 Pk 202.050;M;4373197;730493;60