Num_Acc;an;mois;jour;hrmn;lum;agg;int;atm;col;com;adr;gps;lat;long;dep
2,02E+11;18;3;20;805;1;1;1;1;2;59;A 500 Voie de pйage sens;M;4374493;737268;60
2,02E+11;18;3;23;2300;5;1;1;1;7;88;Autoroute A8  pk 196.500;M;4371202;721305;60
2,02E+11;18;4;12;720;1;1;1;1;6;88;A8 PK186+200 vers Italie;M;4367291;720047;60
2,02E+11;18;5;16;1735;1;1;1;2;2;88;autoroute a8;M;4372043;721578;60
2,02E+11;18;5;23;1500;1;1;1;1;3;113;AUTOROUTE A8 PK219.680 C;M;4379637;747844;60
2,02E+11;18;6;15;650;1;1;1;1;7;88;A8  pйage de ST ISIDORE;M;4370410;719018;60
2,02E+11;18;6;24;2156;3;1;1;1;6;149;Autoroute A8 PK 203.345;M;4373636;732152;60
2,02E+11;18;8;10;1920;1;1;1;1;5;104;Autoroute A8  PK 214.170;M;4376305;744800;60
2,02E+11;18;8;24;600;2;1;1;1;6;88;A8 PK185.900 vers Italie;M;4371202;721305;60
2,02E+11;18;8;24;810;1;1;9;1;5;149;A8;M;4374141;733164;60
2,02E+11;18;8;25;1625;1;1;1;1;3;149;A8 PK 205+250 sens Itali;M;4374380;734603;60
2,02E+11;18;8;29;2140;3;1;1;1;2;88;A8 PK194.400 vers Cannes;M;4371202;721305;60
2,02E+11;18;9;2;1955;5;1;1;2;3;88;Autoroute A8  PK 192.6 c;M;4371495;721358;60
2,02E+11;18;10;3;1800;1;1;1;1;2;88;Autoroute A8;M;4371202;721305;60
2,02E+11;18;10;29;810;1;1;1;2;2;88;AUTOROUTE A8 PK 185+500;M;4371202;721305;60
2,02E+11;18;11;5;1450;1;1;1;8;6;104;Autoroute A8 PK 214.174;M;4376305;744800;60
2,02E+11;18;11;6;640;2;1;1;9;6;88;A8 - PK 185+800;M;4366878;720173;60
2,02E+11;18;11;9;825;1;1;1;2;2;149;A8 PK204 vers Nice;M;4374141;733164;60
2,02E+11;18;11;23;740;2;1;1;2;6;88;Autoroute A8 PK 186.400;M;4371202;721305;60
2,02E+11;18;11;29;15;5;1;1;1;2;104;autoroute A8  PK 214.700;M;4375963;744440;60
2,02E+11;18;12;1;255;3;1;1;1;6;88;Autoroute A8  pйage de N;M;4371202;721305;60
2,02E+11;18;12;7;1105;1;1;1;1;7;123;A8 pk 185.500 Nord;M;4366613;718839;60
2,02E+11;18;1;19;755;2;1;1;1;6;566;RN4;M;4873912;711647;570
2,02E+11;18;1;29;1425;1;1;1;1;5;342;RN4;M;4862603;688822;570
2,02E+11;18;2;25;430;3;1;1;1;6;333;RN4 - PR 26+300 - vers s;M;4873942;714663;570
2,02E+11;18;5;8;1345;1;1;1;1;6;201;autoroute A4 - PK 415+85;M;4884219;713057;670
2,02E+11;18;5;8;1430;1;1;1;1;6;401;AUTOROUTE A4;M;4892670;711820;670
2,02E+11;18;7;12;1319;1;1;1;1;2;333;N4  PR 025+864;M;4874956;714186;570
2,02E+11;18;8;19;100;3;1;1;1;5;136;AUTOROUTE A4;M;4887074;712051;670
2,02E+11;18;8;21;1815;1;1;1;1;6;540;AUTOROUTE A4;M;4877601;725874;570
2,02E+11;18;11;16;2350;3;1;1;1;6;234;A4 PR 401+144;M;4896828;707150;670
2,02E+11;18;11;13;2145;3;1;1;1;6;614;Pr 28+900  Rn4  sens PHA;M;4875722;719563;570
2,02E+11;18;12;27;1135;1;1;1;5;6;342;N4  PR 002+600;M;4864162;690900;570
2,02E+11;18;3;21;816;1;1;1;1;2;267;Autoroute A36  PK 004.60;M;4773736;721644;680
2,02E+11;18;7;4;936;1;1;1;1;4;267;Autoroute A.36 PK 02+350;M;4774198;724445;680
2,02E+11;18;8;6;1109;1;1;1;1;2;2;AUTOROUTE A36;M;4769497;702029;900
2,02E+11;18;9;8;845;1;1;9;1;6;2;Aire d'ANGEOT PK020+500;M;4769645;702139;900
2,02E+11;18;10;11;711;2;1;1;1;3;15;A36 pk039+200;M;4758766;685668;900
2,02E+11;18;2;17;345;3;1;1;1;6;33;autoroute A 340 - PK 1;M;4875276;768485;670
2,02E+11;18;4;20;1740;1;1;1;1;7;301;Autoroute A4  PK 458.150;M;4876454;765504;670
2,02E+11;18;6;22;1330;1;1;1;1;2;162;Autoroute A4 - PK 446-45;M;4876995;748483;670
2,02E+11;18;12;11;2105;3;1;1;2;6;67;A4;M;4871334;769953;670
2,02E+11;18;8;29;1720;1;1;1;2;6;810;autoroute A26  bretelle;M;5034552;279292;620
2,02E+11;18;1;30;1356;1;1;1;1;6;183;D48 PR 009.700;M;4738284;-242814;440
2,02E+11;18;10;11;1715;1;2;1;1;1;69;RD 99   lieu dit CLIS;M;4733730;-246738;440
2,02E+11;18;10;16;1415;1;1;1;1;6;69;RD 99. Pk;M;4733141;-241649;440
2,02E+11;18;10;19;1600;1;2;1;1;1;69;"rd 99; clis";M;4733830;-246868;440
2,02E+11;18;11;13;940;1;1;1;1;7;6;ROUTE DE PONT MAHЙ  LIEU;M;4743942;-242879;440
2,02E+11;18;11;16;1640;1;2;9;1;6;184;Avenue d'Herbins;M;4728975;-220510;440
2,02E+11;18;12;3;1850;3;1;1;1;6;72;lieu dit Kergas d'Hoscas;M;4742408;-228413;440
2,02E+11;18;2;15;1202;1;2;3;2;1;249;Rue des castors;M;4755630;-81213;490
2,02E+11;18;7;30;1255;1;1;1;2;1;331;RD775 PR 31;M;4768691;-85864;490
2,02E+11;18;12;14;2030;3;1;1;1;6;155;D775;M;4759974;-69912;490
2,02E+11;18;1;9;1600;1;1;1;5;1;146;Route nationale 162;M;4820698;-65872;530
2,02E+11;18;3;24;30;3;1;1;1;6;269;route nationale 12  Les;M;4830778;-80134;530
2,02E+11;18;8;3;1120;1;1;3;1;1;127;Intersection D34 / C2;M;4844920;-46532;530
2,02E+11;18;2;1;1910;3;1;9;2;6;193;AUTOROUTE A26;M;5093044;191076;620
2,02E+11;18;2;17;1131;1;1;1;1;2;38;AUTOROUTE A26 SENS REIMS;M;5089276;199500;620
2,02E+11;18;8;14;1335;1;1;1;1;7;904;A26;M;5082503;205815;620
2,02E+11;18;9;1;2154;3;1;1;1;6;700;N27 - PK022+800;M;4967972;103160;760
2,02E+11;18;11;10;1800;3;1;1;2;2;308;RN 27 PK 032.400;M;4976362;106343;760
2,02E+11;18;2;14;712;3;1;1;9;1;270;Route de Cuverville;M;4929020;139291;270
2,02E+11;18;5;11;1350;1;1;1;1;1;185;RD 733;M;4571372;-97284;170
2,02E+11;18;5;14;1435;1;2;1;1;6;337;8 rue de la Batisse - CH;M;4597019;-135177;170
2,02E+11;18;9;11;1247;1;1;2;1;5;337;Carrefour de la Renaudiи;M;4596955;-131048;170
2,02E+11;18;4;26;935;1;1;1;1;7;251;RD 507;M;4307686;192417;90
2,02E+11;18;6;3;1508;1;1;1;1;1;159;RN 20;M;4276951;173765;90
2,02E+11;18;10;5;1606;1;1;1;1;7;32;RD 82;M;4271197;181721;90
2,02E+11;18;7;16;740;2;1;1;3;1;209;d117;M;4299310;116533;90
2,02E+11;18;11;26;810;1;1;1;2;1;82;RD 215 PK 009.900;M;4858442;282035;770
2,02E+11;18;4;11;858;1;1;6;1;4;239;D231 X D209;M;4868320;310518;770
2,02E+11;18;3;16;430;3;1;1;1;6;91;PK 244+946 A71 sens prov;M;4675734;241101;180
2,02E+11;18;5;21;1610;1;1;1;1;4;221;autoroute A71 - PK237+50;M;4682445;242450;180
2,02E+11;18;11;4;1135;1;1;1;1;6;91;A71 PK 244+600;M;4675821;241031;180
2,02E+11;18;12;20;1155;1;1;1;1;3;129;AUTOROUTE A71 - PK 220+5;M;4697559;242339;180
2,02E+11;18;9;3;1030;1;1;1;1;1;142;N102 PR 094+500;M;4475973;392369;70
2,02E+11;18;4;13;1710;1;1;1;1;5;254;RN 82 - Lieu-dit la Revo;M;4586316;417539;420
2,02E+11;18;5;2;1545;1;1;1;1;3;120;RD8 - Lieu-dit les Potie;M;4599912;395364;420
2,02E+11;18;7;13;815;1;1;1;1;2;294;RN.7;M;4600525;410893;420
2,02E+11;18;3;19;1230;1;1;1;1;1;181;D523;M;4533049;597062;380
2,02E+11;18;7;9;910;1;2;1;1;3;181;AVENUE DES TIRIGNONS;M;4534627;597950;380
2,02E+11;18;9;5;2110;3;1;1;1;4;249;autoroute 41;M;4521871;581813;380
2,02E+11;18;9;25;1510;1;2;1;1;3;175;D523;M;4526391;591418;380
2,02E+11;18;12;29;1910;3;1;1;1;6;62;autoroute 41;M;4539298;598867;380
2,02E+11;18;1;19;830;1;1;1;1;4;1;A8  PK 019+000;M;;;130
2,02E+11;18;1;31;300;3;1;1;1;6;60;A8;M;4349974;552247;130
2,02E+11;18;2;17;2045;3;1;9;1;6;25;A52 - PK 00+700;M;4347954;556343;130
2,02E+11;18;2;26;1720;1;1;1;1;4;25;AUTOROUTE A8;M;4348162;555675;130
2,02E+11;18;2;24;1230;1;1;1;2;2;1;A8*;M;4351859;542855;130
2,02E+11;18;3;10;1250;1;1;9;1;6;1;A8;M;4351695;543193;130
2,02E+11;18;3;14;700;1;1;9;1;6;1;A52;M;4348007;556348;130
2,02E+11;18;3;23;1820;2;1;1;1;4;1;A8  SENS NORD-;M;4352049;541755;130
2,02E+11;18;4;5;1030;1;1;1;1;6;1;AUTOROUTE A8 NICE LYON P;M;4352049;541755;130
2,02E+11;18;4;12;50;3;1;1;3;2;60;A8;M;4349415;552572;130
2,02E+11;18;4;13;745;1;1;1;1;4;25;A52 - PK 1;M;4347954;556343;130
2,02E+11;18;4;13;710;1;1;1;1;6;25;A52 PK 000+400;M;4347954;556343;130
2,02E+11;18;4;24;1200;1;1;1;7;6;86;Autoroute A52  PK 17+500;M;4334005;560931;130
2,02E+11;18;4;24;840;1;1;1;1;6;1;autoroute A8;M;;;130
2,02E+11;18;4;24;1030;1;1;1;7;6;1;autoroute A8;M;4352049;541755;130
2,02E+11;18;5;14;1125;1;1;1;1;3;25;autoroute A8;M;4348400;553811;130
2,02E+11;18;5;18;1935;2;1;1;1;2;25;autoroute A8;M;4348164;555753;130
2,02E+11;18;5;22;1315;1;1;1;1;3;1;A8  PK 18+900;M;4352049;541755;130
2,02E+11;18;5;23;1030;1;1;1;1;2;25;A8  sens NICE/;M;4348164;555753;130
2,02E+11;18;5;27;1545;1;1;1;1;6;5;Autoroute A52;M;4330073;559066;130
2,02E+11;18;5;24;2005;2;1;1;1;2;7;A520 - PR 002.300;M;4336135;563157;130
2,02E+11;18;6;6;730;1;1;1;8;3;13;A52 - PR 06+200;M;4342016;557515;130
2,02E+11;18;6;22;1030;1;1;1;1;2;25;A8  pr 28.900;M;4348205;554625;130
2,02E+11;18;7;1;310;3;1;9;1;2;1;A8;M;4351276;548325;130
2,02E+11;18;7;4;815;1;1;1;1;2;60;Autoroute A8;M;4349974;552247;130
2,02E+11;18;7;12;1130;1;1;9;7;7;1;A 8 - PK 18.000;M;4351924;542876;130
2,02E+11;18;7;28;1900;1;1;1;7;2;86;A52 pr 18+140 sens nord;M;4334005;560931;130
2,02E+11;18;8;3;1920;1;1;1;7;2;1;AUTOROUTE A8;M;4352049;541755;130
2,02E+11;18;8;20;1230;1;1;1;1;4;60;A8 PK 24+920;M;4349974;552247;130
2,02E+11;18;8;23;1340;1;1;1;1;3;86;A52   SENS AUB;M;4334005;560931;130
2,02E+11;18;8;24;850;1;1;1;1;3;86;A52;M;4334005;560931;130
2,02E+11;18;8;30;1625;1;1;1;1;3;1;A8  PK 018.900  sens Aix;M;4352049;541755;130
2,02E+11;18;9;5;1115;1;1;1;1;2;25;Autoroute A8;M;4348164;555753;130
2,02E+11;18;9;6;1400;1;1;1;1;2;31;Autoroute A52 PK 12+600;M;4338463;560375;130
2,02E+11;18;9;11;700;1;1;1;1;6;60;A8 PK 24+400;M;4349974;552247;130
2,02E+11;18;9;12;1530;1;1;1;1;2;86;A52  PR 18+200 sens Sud/;M;4334005;560931;130
2,02E+11;18;9;17;1935;2;1;1;1;6;5;A52;M;4330073;559066;130
2,02E+11;18;9;18;1000;1;1;1;1;2;1;A8 PR 18+500 sens NICE-L;M;4352049;541755;130
2,02E+11;18;9;21;1450;1;1;9;1;5;86;A52;M;4334005;560931;130
2,02E+11;18;9;22;1100;1;1;1;1;4;1;A8 PK 020+687;M;4352049;541755;130
2,02E+11;18;9;20;1410;1;1;1;7;6;13;a52 pr 009.000 sens nord;M;4342016;557515;130
2,02E+11;18;9;28;745;2;1;1;5;2;1;autoroute a8 pr 019+850;M;4352049;541755;130
2,02E+11;18;10;23;845;1;1;1;1;3;7;Autoroute A520;M;4336135;563157;130
2,02E+11;18;10;26;1800;1;1;1;1;4;1;A8  PK 18.400  sens nord;M;4352049;541755;130
2,02E+11;18;10;31;2200;3;1;1;3;6;7;autoroute A52;M;4336703;564317;130
2,02E+11;18;11;3;630;5;1;1;2;3;1;A8 PK021.300 sens Lyon-N;M;4352049;541755;130
2,02E+11;18;11;4;720;2;1;1;1;6;31;Autoroute A52 pk 13+500;M;4338463;560375;130
2,02E+11;18;11;8;1800;5;1;1;1;2;1;Autoroute A8;M;4352049;541755;130
2,02E+11;18;11;10;550;3;1;1;2;2;86;A52 pk 018+000 direction;M;4334005;560931;130
2,02E+11;18;11;14;1525;1;1;1;1;3;1;A8;M;4351303;547734;130
2,02E+11;18;12;4;1740;3;1;1;1;2;86;autoroute A52;M;4333480;560584;130
2,02E+11;18;12;8;445;3;1;1;1;2;1;autoroute A8;M;4352049;541755;130
2,02E+11;18;12;14;645;3;1;1;1;5;60;AUTOROUTE A8;M;4349974;552247;130
2,02E+11;18;12;13;1635;1;1;1;3;2;60;Autoroute A8;M;4349974;552247;130
2,02E+11;18;12;25;2215;3;1;1;1;2;109;Autoroute A8 PK 22+900;M;4351275;549070;130
2,02E+11;18;1;11;2245;3;1;1;1;6;79;PK 158.500 Sud;M;4354061;691812;60
2,02E+11;18;1;18;750;1;1;1;1;7;4;A8;M;4360470;708887;60
2,02E+11;18;2;11;25;3;1;1;1;6;79;autouroute A8   PK 157.0;M;4354189;693737;60
2,02E+11;18;3;5;145;3;1;1;8;6;4;Autoroute A8 bretelle en;M;4360745;709489;60
2,02E+11;18;3;10;1000;1;1;4;2;3;85;Autoroute A8 - bretelle;M;4358388;701221;60
2,02E+11;18;4;11;10;3;1;1;2;6;61;A8  PK 134+300 Nord;M;4349097;674149;830
2,02E+11;18;6;30;200;3;1;1;1;7;133;A8;M;4353507;686712;830
2,02E+11;18;8;12;600;2;1;1;1;2;79;A8 PK 152.200 SUD;M;4354032;692058;60
2,02E+11;18;9;3;1900;1;1;1;1;7;61;Autoroute A8;M;4350833;676051;830
2,02E+11;18;8;31;1955;1;1;1;1;7;123;Autoroute A8  brettelle;M;4366700;719398;60
2,02E+11;18;9;18;415;3;1;1;1;2;27;A8 PK 180.800;M;4366071;716702;60
2,02E+11;18;9;30;530;5;1;1;1;2;4;A8;M;4360274;707588;60
2,02E+11;18;10;3;100;3;1;1;1;6;30;autoroute A8  PK161+730;M;4358151;701565;60
2,02E+11;18;10;13;1555;1;1;1;1;2;4;autoroute A8  pйage entr;M;4360497;706649;60
2,02E+11;18;10;17;710;2;1;1;2;7;29;A8  PK159+421;M;4355897;696377;60
2,02E+11;18;11;7;522;3;1;1;1;3;1;autoroute A8- pk 150.700;M;4354324;681674;830
2,02E+11;18;11;10;1815;3;1;1;1;3;85;Autoroute A8;M;4358388;701221;60
2,02E+11;18;11;11;1105;1;1;1;2;7;61;A8;M;4349097;674149;830
2,02E+11;18;12;13;430;3;1;1;2;6;85;A8;M;4357332;697648;60
2,02E+11;18;2;7;1550;1;1;1;1;4;300;A64;M;4342510;-61657;640
2,02E+11;18;4;27;330;5;1;1;1;6;290;A64;M;4338620;-52989;640
2,02E+11;18;8;26;1655;1;1;1;1;2;269;A64  PK 108+000;M;4331970;-29349;640
2,02E+11;18;11;4;550;5;2;1;1;6;348;AVENUE DES MARTYRS DU PO;M;4334910;-37994;640
2,02E+11;18;12;23;635;3;1;1;5;2;190;A65;M;4350550;-28167;640
2,02E+11;18;2;25;805;1;2;1;1;1;172;avenue du balcon du cani;M;4271295;283229;660
2,02E+11;18;3;12;1205;1;1;1;1;6;228;D614 A;M;;;660
2,02E+11;18;5;8;1840;1;1;3;7;3;228;route dйpartementale 1;M;4269287;278861;660
2,02E+11;18;7;31;2230;3;1;1;1;7;172;35 chemin de la boule;M;4269913;284506;660
2,02E+11;18;9;14;1820;1;1;1;1;6;30;D18 PK 10 +400;M;;;660
2,02E+11;18;12;20;1045;1;2;1;1;3;228;avenue du canigou;M;4269299;279978;660
2,02E+11;18;3;12;2350;3;1;1;1;2;265;A89 P.K. 425+460;M;4584979;342744;630
2,02E+11;18;6;24;920;1;1;1;1;6;430;Autoroute A89;M;4586062;351319;630
2,02E+11;18;9;13;2135;3;1;1;8;2;265;A89-421+910;M;4585097;341165;630
2,02E+11;18;10;6;1605;1;1;1;1;2;430;A89 - pk 428.500;M;;;630
2,02E+11;18;12;31;2227;5;1;1;1;6;264;D4 - lieu dit neyrolles;M;4604484;654416;740
2,02E+11;18;1;17;620;5;2;2;2;3;81;AV GLIERES / GALLET;M;4606730;657958;740
2,02E+11;18;1;28;2020;5;2;1;1;3;81;Rd 1205;M;4605114;658749;740
2,02E+11;18;1;29;1849;5;2;6;1;2;81;avenue Georges clemencea;M;4607138;656457;740
2,02E+11;18;2;3;1200;1;2;6;1;3;81;283 avenue Paul Bechet;M;4606520;657742;740
2,02E+11;18;3;8;1940;5;2;1;1;5;81;870 avenue des gliиres;M;4607140;656953;740
2,02E+11;18;3;13;950;1;2;1;2;6;81;46 avenue de la sardagne;M;4607142;656044;740
2,02E+11;18;3;14;1725;1;1;1;1;5;159;route nationale;M;4603475;661874;740
2,02E+11;18;3;15;1805;2;2;1;1;1;81;allйe Pierre grenat;M;4607115;656702;740
2,02E+11;18;4;15;1745;1;1;9;1;1;64;Dйpartementale 6;M;4608881;657905;740
2,02E+11;18;5;2;935;1;2;1;1;6;81;15 RUE NICOLAS GIROD;M;4606868;656734;740
2,02E+11;18;5;21;1325;1;2;1;2;3;264;Avenue du stade;M;4606267;655684;740
2,02E+11;18;6;20;1800;1;2;1;1;6;169;62 avenue du mont-blanc;M;4606099;652769;740
2,02E+11;18;7;14;1725;1;2;1;1;1;14;265 route de flaine;M;4604504;661352;740
2,02E+11;18;7;20;1050;1;2;1;1;6;14;place de l'ambiance;M;4602614;663858;740
2,02E+11;18;7;21;1600;1;2;1;1;6;81;Avenue Charles Poncet;M;4606491;657985;740
2,02E+11;18;8;8;1850;1;1;1;2;7;64;D902;M;4608280;657855;740
2,02E+11;18;8;8;1845;1;2;6;1;6;81;AVENUE DE LA SARDAGNE;M;4607014;656274;740
2,02E+11;18;8;15;1230;1;1;1;1;7;264;lieu dit neyrolles;M;4604639;654313;740
2,02E+11;18;8;15;1950;1;2;1;1;6;159;allйe des loriots;M;4600695;662495;740
2,02E+11;18;9;29;1410;1;2;1;1;6;264;10Rue du collиge;M;4606534;654470;740
2,02E+11;18;10;4;1740;1;2;1;1;7;81;Rue des Iles;M;4606408;656322;740
2,02E+11;18;12;15;1115;1;2;1;1;6;81;rue pierre trappier;M;4606877;656157;740
2,02E+11;18;12;17;1258;1;2;1;2;6;81;Rue pierre trappier;M;4606927;656206;740
2,02E+11;18;12;26;1845;5;2;1;1;6;264;2 avenue de la route bla;M;4605781;654976;740
2,02E+11;18;1;9;1058;1;1;1;9;1;67;les courrиges;M;4490238;92434;240
2,02E+11;18;5;7;1426;1;1;1;1;1;516;rd60;M;4497724;133249;240
2,02E+11;18;4;7;545;3;1;1;1;2;214;A62 PK89.500;M;4431700;25954;470
2,02E+11;18;4;19;1845;1;1;1;1;6;300;AUTOROUTE A 11;M;4801763;37911;720
2,02E+11;18;4;24;1005;1;1;6;1;3;80;RD 1;M;4814924;68522;720
2,02E+11;18;4;28;1640;1;1;1;1;3;105;A11 - PK 129;M;4816431;72929;720
2,02E+11;18;6;24;1245;1;1;1;1;6;80;autoroute A11 pk 134.500;M;4814117;65916;720
2,02E+11;18;8;29;1725;1;1;1;1;6;363;Autoroute A11;M;4809777;53004;720
2,02E+11;18;9;1;1145;1;1;1;1;3;241;Autoroute A11;M;4806273;39644;720
2,02E+11;18;10;1;1745;1;1;1;1;2;31;A11 - PK 147+100 - sens;M;4808820;50578;720
2,02E+11;18;10;29;1300;1;1;1;1;6;288;A11;M;4810612;55095;720
2,02E+11;18;6;25;1310;1;1;1;1;4;22;Autoroute A6;M;4752673;398562;890
2,02E+11;18;7;28;120;3;1;1;1;6;208;Autoroute A6 - PK 194+50;M;4762847;390697;890
2,02E+11;18;8;1;820;1;1;1;2;6;381;Autoroute A6;M;4750366;403328;890
2,02E+11;18;8;5;1730;1;1;1;1;6;235;A6;M;4750727;400777;890
2,02E+11;18;8;18;1025;1;1;1;1;6;378;autoroute A6 bretelle de;M;4751476;399384;890
2,02E+11;18;10;11;340;3;1;1;2;2;277;A6 PK 188+748;M;4766744;386919;890
2,02E+11;18;12;5;1655;2;1;1;1;2;339;A6 PK199.800;M;4758425;392473;890
2,02E+11;18;3;21;1044;1;1;1;1;3;70;;M;4669114;-178135;850
2,02E+11;18;3;31;2300;3;2;3;2;2;122;LECLERC (AVENUE DU GENER;M;4298724;161578;90
2,02E+11;18;5;11;1120;1;2;1;1;2;122;LECLERC (AVENUE DU GENER;M;4296578;160993;90
2,02E+11;18;5;17;1335;1;1;1;1;7;122;20 (R.N.) COTE SUD DU TU;M;4295043;162221;90
2,02E+11;18;7;17;816;1;2;3;1;3;122;LECLERC (AVENUE DU GENER;M;4297020;160800;90
2,02E+11;18;10;6;930;1;2;4;1;6;122;CROS (cours);M;4296787;160828;90
2,02E+11;18;10;13;1715;1;2;1;1;1;207;PYRENEES (AV DES);M;4293463;163383;90
2,02E+11;18;11;2;1850;2;2;1;2;3;207;PARIS (AV DE);M;4293887;163170;90
2,02E+11;18;11;2;1950;3;1;1;2;7;207;ROUTE NATIONALE 20;M;4292418;163494;90
2,02E+11;18;8;7;1125;1;1;1;1;1;253;Barrage du Chambon D1091;M;4503807;610460;380
2,02E+11;18;1;19;1440;1;1;1;1;1;225;ESCOSSE CHEMIN D';M;4311378;159828;90
2,02E+11;18;3;10;1150;1;2;1;1;1;225;18  BOURGES CHEMIN DE;M;4312650;160802;90
2,02E+11;18;3;23;1140;1;2;1;1;6;225;2  BERNARD SAISSET RUE;M;4310419;162277;90
2,02E+11;18;4;12;1820;1;2;4;1;3;225;CAPITAINE TOURNISSA AVEN;M;4310751;162315;90
2,02E+11;18;8;3;940;1;2;1;1;6;225;PASTEUR RUE;M;4311521;160793;90
2,02E+11;18;9;10;1215;1;2;2;1;3;225;RIJOLE AVENUE DE LA;M;4312143;162117;90
2,02E+11;18;10;4;1745;1;2;2;1;5;225;RIJOLE AVENUE DE LA;M;4312145;162114;90
2,02E+11;18;10;20;1235;1;2;1;1;6;225;ALSACE LORRAINE BOULEVAR;M;4311872;161397;90
2,02E+11;18;12;14;1640;2;2;1;2;6;225;IRENEE CROS AVENUE;M;4310862;161715;90
2,02E+11;18;1;6;700;3;1;1;3;7;396;Autoroute A66 - PK 009+3;M;4336408;159391;310
2,02E+11;18;1;15;445;3;1;1;1;2;210;A61 pk 263.000 sens Narb;M;4339858;168828;310
2,02E+11;18;1;23;1650;1;1;1;1;6;220;A66 - pk 14+600;M;4329002;167144;310
2,02E+11;18;2;20;958;1;1;1;2;6;527;rd20;M;4354738;179987;310
2,02E+11;18;3;11;1850;2;1;1;4;2;60;A 66 PK 034.125;M;4317085;162048;90
2,02E+11;18;3;31;1840;2;1;1;4;4;396;A66;M;4332325;162877;310
2,02E+11;18;5;3;640;2;1;1;2;6;231;D12;M;4331608;145514;310
2,02E+11;18;5;5;1120;1;1;1;8;6;374;A61 - PK 258.600 - Sens;M;4342783;163382;310
2,02E+11;18;5;24;810;1;1;1;1;6;185;A66;M;4325350;165648;90
2,02E+11;18;6;18;115;3;1;1;1;2;161;A61 - pk 247+900;M;4348872;154585;310
2,02E+11;18;7;2;1700;1;1;1;1;7;304;Route dйpartementale 20;M;4357863;177423;310
2,02E+11;18;7;17;2320;3;1;1;1;2;178;Autoroute A61 - PK 277+8;M;4333653;183694;110
2,02E+11;18;8;3;1650;1;1;1;1;1;582;RD 813;M;4341556;169558;310
2,02E+11;18;8;31;1930;1;1;1;8;6;225;a61 pk 282.600 sens toul;M;4332250;186291;110
2,02E+11;18;9;10;829;1;1;1;1;4;4;AUTOROUTE A61 - PK 256+1;M;4344680;160574;310
2,02E+11;18;9;11;1650;1;1;1;1;3;325;RD11;M;4357221;176341;310
2,02E+11;18;9;22;1622;1;1;1;1;6;450;A61 pk 267.400;M;4338439;173076;310
2,02E+11;18;10;23;1040;1;1;1;1;2;37;A61 PK 274.900 Avignonet;M;4335370;180640;310
2,02E+11;18;8;30;830;1;2;1;1;5;41;avenue sylvere bohn;M;4139433;916361;201
2,02E+11;18;1;27;2134;3;1;1;9;2;29;A63 PK 15+800.;M;4469098;-77058;330
2,02E+11;18;2;13;1540;1;1;1;2;2;284;A63 PK 19+800;M;4466943;-81141;330
2,02E+11;18;2;25;715;2;1;1;1;6;284;A63 PK 20.500 rйel;M;4466530;-81813;330
2,02E+11;18;3;9;1450;1;1;1;1;3;284;A660 - PK000.500;M;4463638;-84057;330
2,02E+11;18;3;11;745;1;1;1;1;2;42;AUTOROUTE A63 PR 45.450;M;4445530;-81111;330
2,02E+11;18;4;4;1346;1;1;1;1;2;498;A63 PR29+000 rйel;M;4459600;-84456;330
2,02E+11;18;5;26;600;2;1;1;1;7;284;A660 PR2+000 rйel.;M;4462545;-85618;330
2,02E+11;18;6;5;940;1;1;1;1;5;122;D211 PR43+882 rйel;M;4470847;-71970;330
2,02E+11;18;7;14;30;3;1;1;1;3;527;A660  PR017+300 REEL;M;4461330;-104214;330
2,02E+11;18;8;4;1545;1;1;1;1;4;199;A660 PR21+209 rйel;M;4461451;-109051;330
2,02E+11;18;8;25;2130;5;1;1;1;6;284;A63 PR 024+682;M;4463367;-84489;330
2,02E+11;18;9;6;2030;3;1;6;1;6;199;A660 / RD650E3;M;4461484;-107251;330
2,02E+11;18;10;5;1230;1;1;1;1;7;498;AUTOROUTE A63 PR 030.000;M;4458777;-83958;330
2,02E+11;18;10;11;1900;2;1;1;1;4;284;Echangeur n°01 A660;M;4462858;-89810;330
2,02E+11;18;10;22;905;1;1;1;1;6;122;A63 - PR 015.260;M;4469467;-76652;330
2,02E+11;18;11;19;1500;1;1;1;1;2;284;autoroute A63 PK021.330;M;4465993;-82542;330
2,02E+11;18;12;21;400;3;1;1;8;2;122;A63 PK 013+500;M;4470680;-75229;330
2,02E+11;18;12;19;840;1;1;1;8;6;284;A63 pk 024+100;M;4463858;-84245;330
2,02E+11;18;5;12;1615;1;1;1;1;7;56;RN 205 sens ITALIE-FRANC;M;4590551;686049;740
2,02E+11;18;5;22;1805;1;1;1;1;7;143;RN 205 (sens SALLANCHES;M;4590717;677123;740
2,02E+11;18;7;24;2010;2;1;1;2;2;256;A 40;M;4597496;662908;740
2,02E+11;18;9;22;1445;1;1;1;1;6;208;RN 205;M;4592692;673271;740