Num_Acc;an;mois;jour;hrmn;lum;agg;int;atm;col;com;adr;gps;lat;long;dep
2,02E+11;18;10;5;2000;3;1;1;1;6;143;RN 205 - PK 13;M;4591589;676465;740
2,02E+11;18;10;6;1240;1;1;1;1;7;143;tunnel des Chavant - RN;M;4589818;678268;740
2,02E+11;18;10;19;320;3;1;1;1;7;208;RN 205;M;4594327;669796;740
2,02E+11;18;5;5;310;3;1;1;1;6;186;35120;M;4857268;-177784;350
2,02E+11;18;4;14;2235;3;1;1;1;3;32;A89 PK 525+600;M;4586577;458127;690
2,02E+11;18;5;14;1120;1;1;1;3;2;112;A89 PK 537+500;M;4582339;468706;690
2,02E+11;18;6;24;651;1;1;1;1;2;112;AUTOROUTE A89 PK 537+800;M;4582339;468706;690
2,02E+11;18;8;8;1050;1;1;4;1;3;201;intersection de la D61 e;M;4570471;447093;690
2,02E+11;18;8;9;1315;1;1;1;3;2;102;A89 PK 511+810;M;4587757;439816;690
2,02E+11;18;9;5;826;1;1;1;1;1;102;rn7 col du pin bouchin;M;4591531;434601;690
2,02E+11;18;9;22;1245;1;1;1;1;7;86;ARB89 PK000+800;M;4585359;465517;690
2,02E+11;18;11;30;850;1;1;1;3;6;86;Autoroute A 89 entrйe 36;M;4585368;466195;690
2,02E+11;18;12;26;1035;1;1;1;1;6;234;A89 PK 522+900;M;4587553;452645;690
2,02E+11;18;1;27;800;5;2;1;5;6;264;Rue Grande rue;M;4783976;-33430;720
2,02E+11;18;3;30;1415;1;1;1;2;7;278;A81 PK 206+000;M;4800977;-29227;720
2,02E+11;18;6;30;920;1;1;1;1;4;223;A 11 -;M;4786673;-11769;720
2,02E+11;18;7;28;1740;1;1;1;1;6;360;A81 - PK 175.800;M;4804448;11890;720
2,02E+11;18;8;6;1650;1;2;1;1;7;379;A81 PK 208+200;M;4800746;-28393;720
2,02E+11;18;12;15;745;3;1;1;2;6;168;A81  PK 203.800;M;4801166;-14378;720
2,02E+11;18;12;20;1950;5;1;9;2;2;360;A11;M;4802042;12953;720
2,02E+11;18;11;2;351;3;1;1;1;7;138;D1330;M;4921982;259568;600
2,02E+11;18;1;11;1752;3;1;1;1;4;21;Autoroute 35;M;4764269;749675;680
2,02E+11;18;3;1;745;1;1;4;4;4;21;Autoroute 35;M;4763653;749861;680
2,02E+11;18;3;2;1800;1;1;1;4;4;309;autoroute 35;M;4766665;747777;680
2,02E+11;18;3;9;1415;1;1;1;1;4;297;Autoroute 35;M;4760992;752346;680
2,02E+11;18;3;19;655;1;1;4;4;7;300;autoroute 36;M;4777780;739812;680
2,02E+11;18;4;25;1800;1;1;1;1;2;72;Autoroute 35;M;4771016;743804;680
2,02E+11;18;5;18;6;3;1;1;1;6;72;AUTOROUTE 35;M;4770023;744158;680
2,02E+11;18;6;16;1300;1;1;1;1;7;118;Autoroute 35;M;4770051;744122;680
2,02E+11;18;6;19;2250;3;1;1;1;7;42;AUTOROUTE 35;M;4762025;751243;680
2,02E+11;18;7;16;1600;1;1;2;1;6;135;Autoroute 35;M;4757295;750062;680
2,02E+11;18;7;17;1205;1;1;1;1;6;309;Autoroute 35;M;4765630;748750;680
2,02E+11;18;9;2;510;3;1;1;1;2;72;Autoroute 35;M;4770353;744012;680
2,02E+11;18;9;5;1255;1;1;1;1;4;15;Autoroute 35;M;4779320;739662;680
2,02E+11;18;9;5;1803;2;1;1;1;4;21;Autoroute 35;M;4763922;749883;680
2,02E+11;18;9;19;215;3;1;1;1;6;300;Autoroute 35;M;4778414;740212;680
2,02E+11;18;10;11;937;1;1;1;8;2;300;A.36 - PK 109+200;M;4777405;738432;680
2,02E+11;18;10;17;235;3;1;9;1;7;278;a35;M;4774250;742115;680
2,02E+11;18;10;20;315;3;1;1;1;2;21;A 35 - PK 118+400;M;4763133;750351;680
2,02E+11;18;10;22;2335;3;1;1;5;7;21;autoroute A35 - PK 116+6;M;4764766;749364;680
2,02E+11;18;10;25;1215;1;1;1;1;4;21;A35 - PK 118+000;M;4763516;750130;680
2,02E+11;18;10;30;1930;3;1;1;1;6;300;autoroute A36;M;4777443;738479;680
2,02E+11;18;11;23;1555;1;1;9;1;3;297;A 35 - PK 126+000;M;4757690;756084;680
2,02E+11;18;2;1;1415;1;1;1;4;5;45;A 81 - PK 264+100;M;4807682;-98701;530
2,02E+11;18;2;1;1415;1;1;1;4;3;45;A 81Pk 263+300;M;4807737;-97645;530
2,02E+11;18;5;20;1825;1;1;1;1;2;137;Autoroute A81-PR 260.600;M;4807438;-94073;530
2,02E+11;18;5;20;1825;1;1;1;1;6;137;a81 - PK 261+300;M;4807498;-94981;530
2,02E+11;18;7;1;1405;1;1;1;1;6;7;a81;M;4807522;-61167;530
2,02E+11;18;8;6;1050;1;1;1;1;6;108;PK 267.250;M;4808303;-102740;530
2,02E+11;18;8;29;1500;1;1;1;1;2;228;A81 PK 215+300;M;4803764;-37358;530
2,02E+11;18;9;24;1730;1;1;1;1;3;97;RD 32/ Chene Rond;M;4815575;-35289;530
2,02E+11;18;1;21;1750;3;1;9;2;6;26;A811 / A11 йchangeur de;M;4729118;-147665;440
2,02E+11;18;5;15;1821;1;1;1;1;6;115;A11 PK 320.000;M;4737049;-128584;440
2,02E+11;18;10;10;815;2;1;1;1;2;26;A11 PK 337+000;M;4729256;-145935;440
2,02E+11;18;1;27;1545;1;1;1;1;6;267;autoroute A62- PK 094.05;M;4427239;27528;470
2,02E+11;18;4;1;1515;1;1;1;1;7;166;autoroute A 62 - PK 154+;M;4404498;93800;820
2,02E+11;18;8;25;330;3;1;1;1;2;78;AUTOROUTE A62;M;4428140;26907;470
2,02E+11;18;9;17;807;1;1;1;1;5;201;GARE DE PEAGE A62;M;4416510;60581;470
2,02E+11;18;10;17;1731;1;1;1;1;2;165;Autoroute A62  PR 148+20;M;4406599;85429;820
2,02E+11;18;10;21;815;2;1;1;5;4;238;A62;M;4420050;50121;470
2,02E+11;18;11;11;1615;1;1;1;1;6;169;Autoroute A 62 PK 126+00;M;4414667;62400;470
2,02E+11;18;12;15;2245;3;1;1;9;2;109;autoroute A 62 PK 158+00;M;4405243;96942;820
2,02E+11;18;8;20;620;2;1;1;1;6;33;Autoroute A62;M;4404402;106304;820
2,02E+11;18;9;26;1200;1;1;1;1;5;171;AUTOROUTE A 62;M;4401225;120695;820
2,02E+11;18;10;7;2240;3;1;1;5;2;119;A20;M;4421792;153941;820
2,02E+11;18;10;28;19;3;1;1;1;5;125;A62;M;4397026;126786;820
2,02E+11;18;4;5;1319;1;2;6;1;6;526;Rond Point de la Chimie;M;4704857;541414;390
2,02E+11;18;5;30;805;1;1;1;1;2;285;;M;4716874;565256;390
2,02E+11;18;6;27;1201;1;1;1;1;1;30;;M;4712569;549454;390
2,02E+11;18;9;20;2031;5;2;2;1;3;365;D472/Vieille de Salins;M;4698098;560487;390
2,02E+11;18;10;1;1610;1;1;1;1;5;30;;M;4711828;549519;390
2,02E+11;18;12;29;1326;1;1;1;1;2;51;;M;4713290;545246;390
2,02E+11;18;1;4;1830;5;2;1;1;3;85;221 avenue du gйnйral de;M;4360675;701140;60
2,02E+11;18;1;24;1900;3;1;1;1;1;85;680 route de vallauris;M;4359509;703854;60
2,02E+11;18;2;15;1645;1;2;3;1;3;30;42 chemin des campeliиre;M;4357976;700429;60
2,02E+11;18;2;19;2000;5;2;3;2;7;85;avenue notre dame de vie;M;4360023;700352;60
2,02E+11;18;6;22;1150;1;2;1;1;3;85;RD 135;M;4359562;703828;60
2,02E+11;18;7;15;1655;1;1;1;1;7;85;route de Vallauris;M;4359610;703791;60
2,02E+11;18;7;16;1115;1;2;1;1;6;85;745 avenue du golf;M;4360342;701143;60
2,02E+11;18;7;31;650;1;2;3;1;3;85;avenue des alliйs;M;4358414;700895;60
2,02E+11;18;8;20;1206;1;2;3;1;3;85;CHEMIN DU FERRANDOU;M;4358509;702777;60
2,02E+11;18;9;1;1630;1;1;1;3;7;85;Route de la Valmasque;M;4360576;704617;60
2,02E+11;18;10;9;920;1;1;9;1;1;85;Route d'Antibes - D35;M;4360031;703010;60
2,02E+11;18;10;10;1218;1;2;9;1;6;85;461/1 Chemin des Campeli;M;4358051;700454;60
2,02E+11;18;10;30;1515;1;2;1;2;2;85;1446 avenue marйchal jui;M;4358843;699568;60
2,02E+11;18;11;18;1228;1;2;1;1;6;85;941 boulevard de la cour;M;4359566;699036;60
2,02E+11;18;12;4;1150;1;2;1;1;3;85;Avenue du Gйnйral de Gau;M;4361710;700312;60
2,02E+11;18;12;5;1900;5;2;1;1;3;85;42 chemin des campeliиre;M;4357978;700433;60
2,02E+11;18;1;9;805;2;1;1;1;1;189;RD 198;M;4887902;191903;780
2,02E+11;18;1;25;1800;5;1;1;1;6;466;quarante sous;M;4892315;199859;780
2,02E+11;18;1;28;1520;1;2;1;2;1;466;rue des Alluets;M;4892044;195881;780
2,02E+11;18;2;5;1715;1;1;9;4;1;189;RD 307 sortie CRESPIERES;M;4887902;191903;780
2,02E+11;18;6;9;1355;1;2;2;1;5;466;route de quarante sous;M;4892818;198238;780
2,02E+11;18;8;4;200;3;1;6;1;6;466;cd 113;M;4893207;196955;780
2,02E+11;18;9;11;800;1;1;2;7;3;189;rd 307;M;4888667;191383;780
2,02E+11;18;9;14;1530;1;2;1;1;3;466;route de quarante sous;M;4893106;197332;780
2,02E+11;18;3;5;1040;1;1;4;9;1;122;Ch sources/Ch pt Trianon;M;4475597;-69856;330
2,02E+11;18;3;7;1455;1;1;1;1;6;122;114 Compostelle 62+30rй.;M;4472317;-68371;330
2,02E+11;18;3;7;730;2;1;2;2;3;90;D214E3 PR 1+1000 rйel..;M;4476524;-66850;330
2,02E+11;18;8;10;335;5;1;3;1;3;122;RD211/A63 йch24;M;4471931;-74077;330
2,02E+11;18;8;31;2300;5;2;1;1;2;122;RD214E4 PR0+530 REEL;M;4474088;-67944;330
2,02E+11;18;9;2;1745;1;2;3;1;3;90;chemin Salvador Allendй;M;4475811;-65181;330
2,02E+11;18;10;16;1430;1;1;1;1;5;122;RD 1010 PR67+108 rйel;M;4468578;-72044;330
2,02E+11;18;10;18;1950;3;1;1;1;3;122;ch.de la croix d'hins;M;4473335;-71249;330
2,02E+11;18;11;22;1745;2;1;3;1;5;122;RD211 / A63;M;4471933;-74080;330
2,02E+11;18;11;30;1004;1;2;3;3;3;122;Parking magasin Inter.;M;4477921;-68918;330
2,02E+11;18;11;30;2300;5;2;1;1;3;122;D214 E2;M;4474223;-66695;330
2,02E+11;18;9;1;1905;1;1;1;1;1;108;D612;M;;;660
2,02E+11;18;2;11;1830;3;1;9;2;6;348;RD 500 echangeur ZI OBER;M;4847130;751257;670
2,02E+11;18;2;13;900;1;1;9;1;7;112;autoroute A352;M;4851554;756452;670
2,02E+11;18;2;22;945;1;2;4;1;6;28;;M;4837428;759204;670
2,02E+11;18;4;18;930;1;1;1;1;2;481;Autoroute A 35 PK 429.40;M;4837134;748384;670
2,02E+11;18;4;22;1100;1;1;1;1;6;115;RN1083 PK 50.7;M;4832134;749767;670
2,02E+11;18;5;23;1055;1;1;1;1;2;84;A35 pk 435+400;M;4831251;747845;670
2,02E+11;18;6;4;1020;1;1;1;1;7;108;Autoroute A352;M;4852356;759307;670
2,02E+11;18;8;26;220;3;1;1;1;6;101;Echangeur n° 11a - A352;M;4852023;750525;670
2,02E+11;18;10;8;320;3;1;1;1;2;411;D500  PR 001.800  direct;M;4850237;750188;670
2,02E+11;18;10;18;1740;1;1;1;1;4;411;RD500;M;4850237;750188;670
2,02E+11;18;12;18;1410;1;1;1;5;2;112;A35 PK 320.400;M;4850921;758134;670
2,02E+11;18;12;16;1105;1;1;1;7;6;411;RD500;M;4850084;750325;670
2,02E+11;18;3;31;1450;1;1;1;1;2;48;;M;4635235;-32896;790
2,02E+11;18;7;21;1143;1;1;1;1;4;125;;M;4624491;-42986;790
2,02E+11;18;8;31;1215;1;1;1;1;4;137;;M;4622662;-44517;790
2,02E+11;18;11;9;200;3;1;1;1;2;355;;M;4632744;-33490;790
2,02E+11;18;1;5;2042;3;1;9;8;3;362;A.10 PK 482+300;M;4538300;-60223;170
2,02E+11;18;4;8;739;2;1;1;8;7;279;autoroute A10 - PK 477.0;M;4543234;-60551;170
2,02E+11;18;8;26;715;1;1;1;1;2;50;Autoroute A10 PK 471+200;M;4548027;-61874;170
2,02E+11;18;9;24;1245;1;1;1;1;4;502;A10 P.K.506.100;M;4518824;-49147;330
2,02E+11;18;1;6;1515;1;2;1;1;6;67;RD 16 Route des Creuses;M;4588555;606445;740
2,02E+11;18;1;6;1825;5;2;1;1;6;268;RUE CHAMP DE TAILLEE;M;4588991;610618;740
2,02E+11;18;4;11;1211;1;2;6;1;6;268;77 boulevard Costa de Be;M;4587794;609369;740
2,02E+11;18;5;30;1615;1;2;1;1;3;268;7  Avenue Zanarolli;M;4560522;674962;740
2,02E+11;18;8;29;1745;1;1;1;3;1;268;Avenue d'Aix-les-Bains;M;4588740;610344;740
2,02E+11;18;9;14;1020;1;2;3;1;6;268;Avenue de pйriaz;M;4587450;608809;740
2,02E+11;18;10;3;1710;1;1;1;1;3;67;ROUTE DES CREUSES;M;4588146;605008;740
2,02E+11;18;11;16;1820;3;2;1;1;1;268;Avenue d'AIX LES BAINS;M;4588740;610344;740
2,02E+11;18;11;28;2040;5;2;6;1;3;268;Rond point du Marйchal J;M;4589008;611454;740
2,02E+11;18;1;5;330;3;1;1;2;2;49;Autoroute A42 sens Genиv;M;4583700;503889;10
2,02E+11;18;1;19;920;1;1;9;1;2;43;Autoroute A42  gare de p;M;4582279;499932;10
2,02E+11;18;1;19;425;3;1;1;1;2;299;A432  point kilomйtrique;M;4572241;509649;690
2,02E+11;18;2;8;615;5;1;2;1;3;390;avenue Charles de Gaulle;M;4583855;527922;10
2,02E+11;18;2;7;1550;1;1;1;8;3;47;D124 - PR 005.450;M;4584998;525351;10
2,02E+11;18;4;10;1825;1;1;1;1;2;557;A 432;M;4577620;508261;380
2,02E+11;18;5;10;1030;1;1;1;1;7;288;Autoroute A432 point kil;M;4569225;506923;690
2,02E+11;18;6;9;435;5;2;2;1;3;443;D1083 INTERSECTION D904;M;4599969;502964;10
2,02E+11;18;6;24;140;3;1;1;1;;7;Autoroute A42 point kilo;M;4601670;531298;10
2,02E+11;18;7;1;1350;1;1;1;1;6;32;Autoroute A42 - sens LYO;M;4586418;514482;10
2,02E+11;18;7;6;1316;1;1;1;1;2;450;A 42 PK 31+300 sens GENE;M;;;10
2,02E+11;18;9;29;505;3;1;9;1;6;89;Autoroute A42 - sortie 8;M;4597044;530851;10
2,02E+11;18;10;15;1252;1;1;1;1;6;7;Autoroute A42;M;4601675;531298;10
2,02E+11;18;10;18;1510;1;1;1;1;2;430;A42;M;4604516;532499;10
2,02E+11;18;10;25;400;3;1;9;1;2;142;A 42;M;4584664;507846;10
2,02E+11;18;11;5;2110;5;2;2;1;3;49;RD1084;M;4584667;503456;10
2,02E+11;18;11;30;2130;3;1;1;5;5;299;A 432;M;4572241;509649;690
2,02E+11;18;12;6;650;3;1;9;2;4;32;A42 - PK 24.400;M;4586418;514482;10
2,02E+11;18;12;15;1845;3;1;1;1;2;299;PK 024.700 SENS MARSEILL;M;4569734;509273;690
2,02E+11;18;12;20;1255;1;1;1;8;2;32;A42 - Point kilomйtrique;M;4586418;514482;10
2,02E+11;18;12;28;1015;1;1;1;1;3;49;PK 12.300 - sens GENEVE-;M;4583014;502284;10
2,02E+11;18;12;19;1728;2;1;2;2;3;240;Nationale 10;M;4758989;93105;370
2,02E+11;18;5;30;1315;1;1;1;2;6;256;Lieu-dit l'Etivant;M;4546977;413378;420
2,02E+11;18;6;30;2300;3;2;1;1;3;169;lieu dit Nus;M;4546002;411401;420
2,02E+11;18;7;10;745;1;1;1;1;1;256;route de razoux;M;4548251;420603;420
2,02E+11;18;7;26;10;5;2;1;1;6;279;15 chemin de Peyrieux;M;4549635;424239;420
2,02E+11;18;8;2;830;1;2;3;1;3;279;route de bonson;M;4550466;424859;420
2,02E+11;18;7;29;150;5;2;2;1;3;279;boulevard du poyet;M;4550001;424027;420
2,02E+11;18;10;6;300;5;2;1;1;6;279;route de BONSON;M;4550870;424120;420
2,02E+11;18;12;23;915;1;2;1;1;2;279;Route de Chambles;M;4549759;424362;420
2,02E+11;18;12;28;1830;3;1;1;1;1;42;D108;M;4545841;422285;420
2,02E+11;18;2;27;1400;1;1;3;8;3;45;avenue de la mutualitй;M;4853903;238070;910
2,02E+11;18;4;9;1402;1;1;1;3;2;649;RD31;M;4854376;235172;910
2,02E+11;18;6;9;1857;1;2;1;1;7;45;rue eugene pereire;M;4852976;236732;910
2,02E+11;18;9;15;1515;1;1;1;1;7;649;D31  PK 10+6;M;4855144;234549;910
2,02E+11;18;9;28;1015;1;1;2;1;3;45;RD191;M;4851663;238202;910
2,02E+11;18;11;9;2245;3;1;1;1;6;135;rue de noisement;M;4851109;244252;910
2,02E+11;18;1;11;1740;3;1;1;1;3;152;route du parc;M;4361849;703313;60
2,02E+11;18;1;23;750;1;2;1;1;6;152;126 Avenue Georges Pompi;M;4362310;705088;60
2,02E+11;18;2;15;1005;1;2;1;1;6;152;476 route de nice;M;4364567;702116;60
2,02E+11;18;2;16;1650;1;2;1;1;3;152;route du parc;M;4360824;705443;60
2,02E+11;18;2;16;2140;3;1;1;1;1;152;route de la Valmasque;M;4360686;705594;60
2,02E+11;18;3;12;1310;1;2;3;1;3;18;5364 route de Valbonne;M;4363952;705444;60
2,02E+11;18;3;28;1230;1;1;1;1;2;152;route des cretes;M;4362145;703476;60
2,02E+11;18;4;4;1335;1;1;3;2;4;152;route des macarons;M;4363812;704622;60
2,02E+11;18;4;6;910;1;1;1;1;3;152;ROUTE DES CRETES;M;4362476;703523;60
2,02E+11;18;4;10;1425;1;2;6;2;6;18;route des dolines;M;4362448;705710;60
2,02E+11;18;4;16;500;3;1;1;1;3;152;Route de la valmasque;M;4360558;705709;60
2,02E+11;18;4;18;1410;1;2;1;1;2;152;516 chemin de Font de Cu;M;4362906;699266;60
2,02E+11;18;4;19;1220;1;1;1;1;6;152;route d'Antibes;M;4362350;701179;60
2,02E+11;18;5;1;1630;1;1;4;2;7;155;D435;M;4360328;706310;60
2,02E+11;18;5;15;1720;1;1;1;1;3;18;route des colles;M;4361530;708322;60
2,02E+11;18;5;31;1325;1;1;1;1;6;152;route des Macarons;M;4364212;704643;60
2,02E+11;18;6;1;815;1;1;1;1;1;152;route des macarrons;M;4363316;705122;60
2,02E+11;18;6;7;1515;1;2;1;1;1;152;903 avenue de pierrefeu;M;4364118;701972;60
2,02E+11;18;6;9;745;1;1;1;1;1;18;Route d'Antibes;M;4361998;710151;60
2,02E+11;18;6;21;2005;1;2;1;1;6;18;4960 route de valbonne -;M;4363946;705691;60
2,02E+11;18;6;27;850;1;2;6;1;7;152;Rond point des agasses -;M;4362860;703787;60
2,02E+11;18;7;2;900;1;1;1;1;3;152;660 route des lucioles;M;4361817;705372;60
2,02E+11;18;7;2;905;1;2;1;1;6;18;route d'Antibes;M;4362227;709963;60
2,02E+11;18;7;12;815;1;2;1;1;7;18;1020 route de Valbonne;M;4363041;709249;60
2,02E+11;18;8;5;1610;1;2;1;1;6;18;1114 route d'Antibes;M;4361945;710187;60
2,02E+11;18;8;27;1855;1;2;1;1;6;152;12 boulevard Carnot;M;4364242;700935;60
2,02E+11;18;9;25;855;1;1;2;1;3;152;carrefour des lucioles;M;4361355;704600;60
2,02E+11;18;9;25;1150;1;1;1;1;6;152;1165 route des crкtes;M;4362643;704450;60
2,02E+11;18;10;5;1300;1;2;1;1;6;18;avenue   de Roumanille;M;4362308;707026;60
2,02E+11;18;10;10;330;5;1;1;1;6;152;route des Dolines;M;4362687;705446;60
2,02E+11;18;10;12;1206;1;2;6;1;6;18;rue henry poincarй;M;4361744;707557;60
2,02E+11;18;10;19;1815;1;2;6;1;2;18;rond point la romaine;M;4361779;711218;60
2,02E+11;18;11;4;1030;1;1;1;2;6;152;1988 route de nice;M;4365244;702861;60
2,02E+11;18;11;14;215;5;2;1;1;7;152;ROUTE DES DOLINES;M;4361803;703674;60
2,02E+11;18;11;27;1700;2;2;3;1;3;18;3140 route des Dolines -;M;4362150;706141;60
2,02E+11;18;12;7;1806;5;2;1;1;3;152;route des cretes;M;4362255;703279;60
2,02E+11;18;12;4;1815;5;2;3;1;3;18;route des dolines;M;4362646;705566;60
2,02E+11;18;12;18;859;1;2;1;7;6;18;12 route de valbonne;M;4362833;709596;60
2,02E+11;18;12;30;1205;1;1;1;1;1;152;Route de la Valmasque RD;M;4360533;705209;60
2,02E+11;18;1;13;1800;5;2;1;1;1;244;avenue Charles de Gaule;M;4575071;476076;690
2,02E+11;18;3;8;2030;5;2;1;1;7;244;42 avenue de la rйpubliq;M;4576392;477971;690
2,02E+11;18;4;27;2330;4;2;1;1;3;244;142 avenue charles de ga;M;4575614;477231;690
2,02E+11;18;5;23;1030;1;2;1;1;6;244;120 avenue charles de ga;M;4575937;477629;690
2,02E+11;18;6;29;1515;1;2;1;1;1;244;Carrefour Avenue foch et;M;4576103;476259;690
2,02E+11;18;7;5;2248;5;2;1;8;3;244;156 rue Joliot Curie;M;4575154;476990;690
2,02E+11;18;7;10;100;5;2;5;1;3;244;avenue Charles de Gaulle;M;4575844;477498;690
2,02E+11;18;7;10;2245;5;2;2;1;3;244;avenue general brosset;M;4575740;477822;690
2,02E+11;18;9;1;930;1;2;9;1;3;244;170 avenue Charles de GA;M;4575547;477154;690
2,02E+11;18;9;8;530;5;2;1;1;3;244;Avenue Marechal foch;M;4575848;477457;690
2,02E+11;18;11;5;1715;5;2;1;8;1;44;39 avenue Lamartine;M;4577920;474123;690
2,02E+11;18;11;5;1805;5;2;2;1;6;244;Chles de Gaulle/Vert(ch);M;4576185;477902;690
2,02E+11;18;11;16;1735;3;2;3;2;3;244;11 novembre/ch Baraillon;M;4576391;476122;690
2,02E+11;18;11;17;5;3;1;1;2;7;44;avenue Jean Bergeron;M;4577551;474476;690
2,02E+11;18;12;17;1240;1;2;1;1;3;244;183 rue joliot curie;M;4575296;477283;690
2,02E+11;18;1;12;918;1;1;1;7;5;82;D 127;M;4366785;378652;340
2,02E+11;18;8;16;1830;1;1;1;1;5;255;dйpartementale D986;M;4368628;382241;340
2,02E+11;18;9;29;730;2;1;1;1;2;153;RD 986;M;4373904;378551;340
2,02E+11;18;10;4;1745;1;1;1;1;2;320;D127E6;M;4366160;375095;340
2,02E+11;18;11;17;1610;1;1;6;1;6;255;RD 986 / RD 68 / RD 145;M;4370831;381796;340
2,02E+11;18;3;1;300;3;1;1;4;6;69;A40 sens MACON-GENEVE pk;M;4611975;528651;10
2,02E+11;18;3;3;1230;1;1;1;1;7;232;Autoroute A39;M;4637464;527231;10
2,02E+11;18;4;3;955;1;1;1;1;2;254;A40 PK 158+000;M;4616708;530059;10
2,02E+11;18;7;21;1545;1;1;1;1;6;29;A 39 pk 121+800;M;4642869;526957;10
2,02E+11;18;7;22;1402;1;1;1;1;6;451;A40 VERS MACON PK166+400;M;4625590;523603;10
2,02E+11;18;8;7;940;1;1;1;1;2;195;A-40 PK 165+200;M;4622444;528911;10
2,02E+11;18;9;28;815;1;1;1;1;2;24;A40  sortie 5;M;4626008;516528;10
2,02E+11;18;11;5;1720;1;2;1;1;2;93;avenue Charles De Gaulle;M;4612771;496326;10
2,02E+11;18;11;26;500;4;1;3;5;3;94;D2 / route des Nugons;M;4644694;500716;10
2,02E+11;18;12;24;1440;1;1;1;8;4;25;1380;M;4628898;492515;10
2,02E+11;18;12;29;1612;1;1;1;1;2;151;autoroute A.40;M;;;10
2,02E+11;18;2;18;1900;3;1;2;1;3;571;RD 307;M;4886050;200088;780
2,02E+11;18;3;13;1710;1;2;1;1;1;43;grille de maintenon;M;4883868;208707;780
2,02E+11;18;4;17;1550;1;1;1;1;7;152;RD119;M;4885164;196353;780
2,02E+11;18;4;20;1920;1;1;1;1;5;571;ROUTE DE ST GERMAIN;M;4886393;202992;780
2,02E+11;18;6;19;1745;1;1;9;1;1;455;axe D161 PK7+050 route d;M;4884034;205361;780
2,02E+11;18;7;12;1840;1;1;1;1;2;571;D 98;M;4884750;201709;780
2,02E+11;18;11;30;2110;3;1;1;2;7;233;D 30;M;4887409;196593;780
2,02E+11;18;12;28;910;1;1;1;5;6;152;rue de mйzu;M;4884476;199820;780
2,02E+11;18;7;5;1340;1;1;4;1;3;112;avenue du Gйnйral LECLER;M;4353890;525835;130
2,02E+11;18;8;16;1845;1;2;1;1;2;112;avenue jean moulin;M;4353139;525477;130
2,02E+11;18;9;3;1930;2;2;3;7;2;37;AVENUE DU GЙNЙRAL DE GAU;M;4355064;520297;130
2,02E+11;18;10;26;1640;1;1;1;1;1;112;RD 20;M;4353095;523961;130
2,02E+11;18;11;28;810;2;2;6;7;6;112;RD 20 / RD 55;M;4353391;525467;130
2,02E+11;18;12;8;1535;1;1;1;1;7;37;Dйpartementale 10;M;;;130
2,02E+11;18;4;20;915;1;2;1;7;3;678;AVENUE ARISTIDE QUILLET;M;4906780;222440;950
2,02E+11;18;9;1;130;5;2;1;1;2;430;RUE DES CLOTTINS;M;4907122;232350;950
2,02E+11;18;9;29;1555;1;1;2;1;5;678;RUE DE MERIEL;M;4906980;222130;950
2,02E+11;18;10;20;1606;1;1;1;1;6;353;CHEMIN COMMUNAL;M;4907710;233470;950
2,02E+11;18;2;19;1215;1;1;1;1;6;193;RD25;M;4272654;204117;90
2,02E+11;18;1;15;715;5;2;9;2;6;189;Lieu dit La Vizeule;M;4814872;-170378;350
2,02E+11;18;3;19;855;1;1;1;1;2;210;RN 12 sens St-Brieuc / R;M;4814097;-177508;350
2,02E+11;18;5;1;1800;1;1;2;1;3;59;Les quatre vents;M;4816849;-174297;350
2,02E+11;18;4;25;245;5;2;2;1;2;353;intersection route de Lo;M;4810492;-173945;350
2,02E+11;18;5;16;650;2;1;1;1;6;210;Route dйpartementale D29;M;4814058;-176990;350
2,02E+11;18;5;23;1400;1;2;1;1;2;131;Rue de Rennes;M;4812551;-181622;350
2,02E+11;18;5;24;1350;1;1;1;1;2;131;La Verdais;M;4812980;-183269;350
2,02E+11;18;6;9;2010;1;2;1;1;1;59;Boulevard du Grand bois;M;4818195;-172749;350
2,02E+11;18;7;27;2105;2;1;6;1;6;131;La Noй Biche;M;4812320;-179976;350
2,02E+11;18;7;28;1950;2;1;1;1;2;353;RN 12 PK 64;M;4812576;-172575;350
2,02E+11;18;9;4;750;1;1;3;1;3;353;RD 125  croisement rue d;M;4811793;-173539;350