Num_Acc;an;mois;jour;hrmn;lum;agg;int;atm;col;com;adr;gps;lat;long;dep
2,02E+11;18;9;28;815;1;2;2;1;3;297;JEAN JAURES (RUE);M;4832160;409880;100
2,02E+11;18;9;28;1039;1;2;1;1;3;81;PRES DE LYON (RUE);M;4831244;402615;100
2,02E+11;18;9;30;1931;2;2;6;1;7;387;BROCARD (RUE);M;4830864;406883;100
2,02E+11;18;10;2;1659;1;2;1;8;7;387;QUATORZE JUILLET (RUE DU;M;4829073;408765;100
2,02E+11;18;10;3;1324;1;2;1;8;2;387;ANDRE MALRAUX (RUE);M;4829073;408765;100
2,02E+11;18;9;25;1329;1;2;6;1;3;387;DAMPIERRE (QUAI);M;4830061;407552;100
2,02E+11;18;9;8;1104;1;2;9;1;3;81;ARISTIDE BRIAND (RUE);M;4832189;406554;100
2,02E+11;18;10;4;1204;1;2;1;1;6;362;MARECHAL FOCH (RUE);M;4830052;404322;100
2,02E+11;18;10;5;1015;1;2;1;1;6;362;SAVIPOL (ZI);M;4829293;401778;100
2,02E+11;18;10;5;1705;1;2;3;1;2;325;ST POUANGE (RUE DE);M;4825601;405793;100
2,02E+11;18;10;6;1309;1;2;1;1;1;387;HAUTS TREVOIS (RUE DES);M;4828490;408690;100
2,02E+11;18;10;8;1812;1;2;9;1;6;387;GUSTAVE MASSON (RUE);M;4829073;408765;100
2,02E+11;18;10;11;1722;1;1;1;1;5;362;ROCADE OUEST (RD 610);M;4829420;403120;100
2,02E+11;18;10;12;1628;1;2;6;1;6;81;RENE WASSNER (RUE);M;4830778;404328;100
2,02E+11;18;10;14;145;5;2;1;1;6;387;LA FONTAINE (RUE);M;4829778;408005;100
2,02E+11;18;10;15;723;5;2;2;1;3;387;PIERRE BROSSOLETTE (RUE);M;4828660;407740;100
2,02E+11;18;10;14;638;3;2;1;1;7;357;AIRE DES MOISSONS;M;4829470;414079;100
2,02E+11;18;10;15;1330;1;2;1;1;6;387;EDOUARD HERRIOT (RUE);M;4827319;408140;100
2,02E+11;18;10;15;1355;1;2;2;1;6;387;REPUBLIQUE (RUE DE LA );M;4829876;407347;100
2,02E+11;18;10;18;2251;5;2;6;1;7;81;GENERAL SARRAIL (AVE);M;4830778;404363;100
2,02E+11;18;10;22;1020;1;2;3;1;3;387;THENARD (RUE);M;4827522;408357;100
2,02E+11;18;10;25;1517;1;2;9;1;3;387;CLAUDE HUEZ (RUE);M;4829787;407348;100
2,02E+11;18;10;29;1832;5;2;1;1;2;387;ANATOLE FRANCE (RUE);M;4828460;407321;100
2,02E+11;18;10;30;2238;5;2;2;1;1;333;MEDERIC (RUE);M;4828114;404683;100
2,02E+11;18;11;3;1845;3;1;1;5;5;343;VERRIERES (Route de);M;4825830;412614;100
2,02E+11;18;11;6;725;1;2;6;1;3;333;CHARLES DE REFUGE (RUE);M;4829073;408765;100
2,02E+11;18;11;8;1708;5;2;3;8;1;387;LOMBARDS (AVENUE);M;4827419;407385;100
2,02E+11;18;11;9;1740;5;2;2;1;3;343;SAPINS (AVENUE);M;4827995;408741;100
2,02E+11;18;11;12;1301;1;1;9;1;3;333;ECHENILLY (RUE);M;4827991;404385;100
2,02E+11;18;11;12;1719;5;2;9;2;6;387;PREMIER MAI (RUE DU);M;4830409;408861;100
2,02E+11;18;11;13;855;1;2;1;8;4;387;JACQUIN (RUE);M;4830442;408340;100
2,02E+11;18;11;12;1635;1;2;4;2;6;387;NOES (RUE DES);M;4229889;405297;100
2,02E+11;18;11;14;1210;1;2;3;1;3;387;RAYMOND POINCARE (RUE);M;4829680;407558;100
2,02E+11;18;11;17;35;5;2;1;1;6;387;KLEBER (RUE);M;4830308;408441;100
2,02E+11;18;11;17;1029;1;2;1;1;7;333;ROCADE OUEST (RD 610);M;4829073;408765;100
2,02E+11;18;11;21;859;1;2;2;1;3;387;PAIX (RUE DE LA);M;4830280;406790;100
2,02E+11;18;11;22;1000;1;2;9;8;2;387;CHOMEDEY DE MAISONNEUVE;M;4830850;406900;100
2,02E+11;18;11;24;1128;1;2;1;1;4;343;DIJON (RUE DE);M;4826852;408844;100
2,02E+11;18;11;24;1059;1;1;1;2;7;362;RD 660;M;4830137;402277;100
2,02E+11;18;11;28;1344;1;2;1;8;6;387;VOULDY (CHAUSSEE DU);M;4828737;409341;100
2,02E+11;18;11;29;1208;1;2;3;1;3;81;JEAN BAPTISTE COLBERT (R;M;4831341;402379;100
2,02E+11;18;12;2;900;1;2;6;2;7;357;R.N. 19;M;4829586;413719;100
2,02E+11;18;12;3;747;5;2;2;8;3;321;JEAN JAURES (RUE);M;4828760;403160;100
2,02E+11;18;12;1;2151;5;2;1;2;7;387;RAYMOND POINCARE (RUE);M;4829522;407782;100
2,02E+11;18;12;6;809;1;2;1;2;3;297;ROBERT KELLER (RUE);M;4832570;411106;100
2,02E+11;18;12;7;1317;1;2;1;1;6;387;EDOUARD HERRIOT (RUE);M;4828086;407171;100
2,02E+11;18;12;8;543;5;2;1;1;6;387;BEGAND (RUE);M;4829292;406592;100
2,02E+11;18;12;7;1637;1;2;6;3;3;387;DANTON (RUE);M;4830162;407472;100
2,02E+11;18;12;9;2121;3;1;1;8;6;333;ROCADE OUEST (RD 610);M;4828610;404003;100
2,02E+11;18;12;10;1758;5;2;2;2;1;333;CHAPELLE AU BE (RUE);M;4828656;406820;100
2,02E+11;18;12;11;1834;5;2;2;1;3;387;SOMME (RUE DE LA);M;4828000;407733;100
2,02E+11;18;12;12;1015;1;1;1;8;7;81;ROCADE OUEST (RD 610);M;4832036;402297;100
2,02E+11;18;12;10;1812;5;2;1;1;6;81;ROCADE OUEST (RD 610);M;4830591;402562;100
2,02E+11;18;12;13;717;4;1;1;9;6;362;ROCADE OUEST (RD 610);M;4829007;403754;100
2,02E+11;18;12;14;1330;1;1;1;1;4;333;ROCADE OUEST (RD 610);M;4827916;404075;100
2,02E+11;18;12;14;1800;5;2;6;1;3;333;CHARLES BALTET (RUE);M;4828206;405963;100
2,02E+11;18;12;17;1542;1;2;1;1;2;387;DAMPIERRE (QUAI);M;4830002;407609;100
2,02E+11;18;12;19;747;2;2;3;8;3;362;GENERAL LECLERC (RUE DU);M;4829200;403910;100
2,02E+11;18;12;19;1219;1;2;1;7;2;387;ROBERT SCHUMANN (RUE);M;4830998;409722;100
2,02E+11;18;12;21;700;5;2;1;2;2;387;LOMBARDS (AVENUE);M;4827180;407880;100
2,02E+11;18;1;21;800;1;1;1;1;6;108;CD111;M;4853249;758476;670
2,02E+11;18;2;8;1300;1;1;1;1;3;108;D111;M;4854206;758708;670
2,02E+11;18;2;12;1635;1;2;9;9;6;152;RUE DE LA PORTE BASSE;M;4851671;765524;670
2,02E+11;18;2;21;1600;1;2;1;1;7;152;29 rue d'obernai;M;4851795;765594;670
2,02E+11;18;4;19;1847;1;1;3;7;3;247;;M;4857097;758394;670
2,02E+11;18;4;22;745;1;2;1;1;6;152;D84;M;4851671;765919;670
2,02E+11;18;5;25;1730;1;2;1;1;7;152;5 rue de hattisheim;M;4851238;764782;670
2,02E+11;18;7;30;1345;1;1;9;1;3;152;rue du Pont du Pйage;M;4852015;770122;670
2,02E+11;18;8;26;1420;1;1;1;1;7;152;chemin vicinal;M;4850835;764177;670
2,02E+11;18;9;30;850;1;2;9;7;3;152;12 Rue de la Porte Basse;M;4851681;765343;670
2,02E+11;18;9;27;1700;1;2;1;1;7;49;55 Rue du Marйchal Foch;M;4850794;761008;670
2,02E+11;18;11;8;930;1;2;1;1;2;152;43 rue du marechal lecle;M;4851517;764896;670
2,02E+11;18;12;12;1713;2;2;6;1;2;124;Allйe des forgerons;M;4854037;765142;670
2,02E+11;18;1;21;2030;3;1;1;2;3;389;RD 63;M;4864798;774256;670
2,02E+11;18;1;24;1630;5;2;1;2;3;506;Parking de Ma Jardinerie;M;4866762;774008;670
2,02E+11;18;3;14;930;1;2;1;1;3;471;5 Route de Brumath;M;4863660;772734;670
2,02E+11;18;5;4;1520;1;2;1;1;6;309;RN 63 - parking Centre c;M;4863991;771406;670
2,02E+11;18;6;24;945;1;2;9;1;1;309;4 rue du dйpфt;M;4863388;771987;670
2,02E+11;18;6;24;1900;1;2;1;1;3;471;34 RTE DE BISCHWILLER;M;4863144;775355;670
2,02E+11;18;7;11;1700;1;2;1;1;6;256;rue principale;M;4865261;770343;670
2,02E+11;18;7;19;845;1;1;6;1;3;389;D37;M;4866410;775991;670
2,02E+11;18;8;6;1655;1;2;2;1;3;256;RN63;M;4865482;769442;670
2,02E+11;18;9;8;1045;1;2;1;1;2;471;08 route de Brumath;M;4863311;772811;670
2,02E+11;18;10;18;745;1;2;6;1;3;506;Dйpartementale 61;M;4866762;774008;670
2,02E+11;18;10;27;1555;1;2;1;1;3;343;Route dйpartementale 41;M;4860737;768303;670
2,02E+11;18;11;17;1415;1;2;1;1;1;296;route de Niederhausberge;M;4861605;769465;670
2,02E+11;18;11;27;745;2;2;1;2;6;343;24 Route de Saverne;M;4860233;769425;670
2,02E+11;18;11;20;2000;5;2;2;1;3;343;Route de Saverne;M;4860831;767615;670
2,02E+11;18;11;10;1715;5;2;1;3;6;506;36 route de STRASBOURG;M;4866157;772063;670
2,02E+11;18;12;17;605;5;2;1;8;6;506;7 rue du gйnйral de Gaul;M;4866899;771383;670
2,02E+11;18;12;23;1628;2;2;1;2;3;343;Route de Saverne;M;4860831;767615;670
2,02E+11;18;3;26;1810;1;1;1;1;6;256;A64 PK 161+550;M;4316294;27081;650
2,02E+11;18;7;18;1835;1;1;1;2;7;482;Autoroute A64 PK 180+600;M;4310843;45714;650
2,02E+11;18;7;27;2000;1;1;1;1;6;226;A64;M;4323260;-4086;650
2,02E+11;18;10;2;1830;1;1;1;1;5;127;AUTOROUTE A 64 PK 167+80;M;4312029;32073;650
2,02E+11;18;11;30;2200;3;1;1;1;2;676;autoroute A26 - SENS REI;M;4952257;387291;20
2,02E+11;18;12;5;1925;3;1;1;1;7;472;A26 PK 22 900 sens reims;M;4955861;380748;20
2,02E+11;18;8;12;1805;1;2;6;7;6;352;D124;M;4559487;522312;380
2,02E+11;18;9;3;1620;1;1;1;1;2;530;D1006;M;4561533;519265;380
2,02E+11;18;9;21;1240;1;2;6;1;3;193;D208;M;4561319;522203;380
2,02E+11;18;11;19;850;1;2;1;2;6;193;Promenade des BALDAQUINS;M;4562075;522255;380
2,02E+11;18;5;29;1430;1;1;1;1;6;297;A71 PK 276.700;M;4651592;258245;30
2,02E+11;18;6;12;1645;1;1;1;1;6;158;autoroute A.71;M;4650908;263470;30
2,02E+11;18;12;17;1855;3;1;1;1;2;158;A71 PK 281.800;M;4649113;266146;30
2,02E+11;18;2;21;950;1;1;9;1;1;209;Travaux A51;M;4420940;593556;40
2,02E+11;18;6;25;945;1;1;1;1;5;127;;M;4405700;596366;40
2,02E+11;18;7;8;2357;3;1;1;1;6;162;A51 - PK152+728;M;4443813;602901;50
2,02E+11;18;7;30;1145;1;1;1;1;2;200;;M;4415830;596269;40
2,02E+11;18;8;2;620;2;1;1;1;7;127;;M;4406270;596375;40
2,02E+11;18;1;1;1610;1;1;2;1;3;80;RD  561;M;4366920;543932;130
2,02E+11;18;2;12;1645;1;2;1;1;6;113;39 Rue du Claou;M;4359798;547565;130
2,02E+11;18;6;15;1215;1;2;1;1;6;113;av de la grande begu;M;4358597;547501;130
2,02E+11;18;7;4;1550;1;1;1;1;2;113;RD556;M;4361152;549545;130
2,02E+11;18;7;11;2150;3;1;1;1;7;80;rd561;M;4366924;543936;130
2,02E+11;18;9;18;1830;1;2;1;1;6;113;60 Av de la Gde Bйgude;M;4359009;547811;130
2,02E+11;18;1;3;1433;1;1;6;2;5;213;Autoroute 43;M;4553743;596837;730
2,02E+11;18;11;4;1630;1;1;1;1;3;200;A 43 PK 112+700 sens Alb;M;4550591;608716;730
2,02E+11;18;11;23;1430;1;1;1;2;6;82;Autoroute A43;M;4549509;606193;730
2,02E+11;18;12;16;18;3;1;1;3;6;2;A43 PK 133.300;M;4554080;630172;730
2,02E+11;18;12;17;1525;1;1;1;1;7;213;A43 PK 99.000;M;4553900;596587;730
2,02E+11;18;3;12;1725;1;1;1;1;3;57;A 49;M;;;260
2,02E+11;18;8;14;1600;1;1;1;1;6;33;A49;M;4518601;540762;380
2,02E+11;18;10;9;1545;1;1;1;1;6;559;A49;M;4520127;542861;380
2,02E+11;18;11;4;430;3;1;1;8;7;4;A49;M;4520688;544818;380
2,02E+11;18;4;12;840;1;1;1;1;3;352;RD 173;M;4803896;-160329;350
2,02E+11;18;5;6;1700;1;2;6;1;6;206;La petite Saudrais;M;4804754;-166493;350
2,02E+11;18;9;1;2000;1;1;1;1;7;208;LA PETITE ROCHELLE;M;4797772;-165975;350
2,02E+11;18;9;16;1415;1;1;1;1;5;250;D.173;M;4802044;-160149;350
2,02E+11;18;12;4;530;3;1;1;1;4;352;RN 173;M;4806263;-161730;350
2,02E+11;18;12;9;1800;5;2;2;2;3;266;RD 82;M;4802387;-165561;350
2,02E+11;18;1;24;715;1;1;1;1;2;151;autoroute A35 point kilo;M;4870631;785470;670
2,02E+11;18;4;6;1230;1;1;1;1;6;463;A 35 PK 208+400 sens Lau;M;4889677;811700;670
2,02E+11;18;6;17;915;1;1;1;1;2;418;Autoroute A.35  P.K. 222;M;4882081;799957;670
2,02E+11;18;12;9;800;2;1;1;1;7;106;A 35;M;4877044;793656;670
2,02E+11;18;12;29;650;2;2;2;1;3;69;LIMOUX - ROUTE DE-;M;4320788;233691;110
2,02E+11;18;1;2;2130;5;2;1;2;6;69;SABATIER PAUL -BD-;M;4321250;235960;110
2,02E+11;18;1;2;1710;2;1;1;2;5;69;RD 6113;M;4323314;235787;110
2,02E+11;18;1;11;1223;1;2;1;1;7;69;MUSSET ALFRED -ET IMPASS;M;4322100;234430;110
2,02E+11;18;1;11;720;3;1;1;1;4;69;RD 6113;M;4322006;238056;110
2,02E+11;18;1;16;730;2;2;2;1;3;69;MONTREAL -ROUTE DE -;M;4321124;232650;110
2,02E+11;18;1;17;1035;1;2;1;1;3;69;JUIN MARECHAL;M;4321000;237910;110
2,02E+11;18;1;23;820;1;2;6;1;2;69;GARIGLIANO -PONT DU-;M;4320444;233326;110
2,02E+11;18;1;25;827;1;1;1;8;2;69;MINERVOISE -ROUTE-;M;4322780;237250;110
2,02E+11;18;1;25;1130;1;2;1;1;2;69;PAPIN DENIS -BD-;M;4321121;232657;110
2,02E+11;18;2;1;1555;1;1;3;1;4;69;ROCADE SUD RD 6161;M;4319311;233613;110
2,02E+11;18;2;3;1545;1;2;1;1;3;69;71  BUNAU VARILLA -AV-;M;4320916;233840;110
2,02E+11;18;2;4;2020;5;2;4;2;5;69;MARTY ANTOINE;M;4321693;235392;110
2,02E+11;18;2;11;2350;3;1;1;2;7;69;BRAM -ROUTE DE-;M;4322511;229302;110
2,02E+11;18;2;6;115;5;2;1;3;6;69;JAURES JEAN -BD- PAIR;M;4321354;235544;110
2,02E+11;18;2;23;1305;1;2;2;1;3;69;BOUFFET HENRY;M;4320743;231075;110
2,02E+11;18;2;27;1015;1;2;1;1;3;69;MONTREAL -ROUTE DE -;M;4321198;231742;110
2,02E+11;18;3;1;1410;1;2;2;2;3;69;PAUL LACOMBE;M;4321460;236328;110
2,02E+11;18;3;1;1440;1;2;2;2;3;69;JOURDANE GASTON -PLACE-;M;4321011;236050;110
2,02E+11;18;2;22;1005;1;1;1;1;2;69;RD 6113;M;4323140;237480;110
2,02E+11;18;3;7;1225;1;1;1;1;1;69;ROCADE OUEST;M;4321238;231609;110
2,02E+11;18;3;5;1530;1;2;1;1;6;69;LECLERC AV. DU GENERAL P;M;4320741;238050;110
2,02E+11;18;3;3;1040;1;2;1;1;6;69;43  TRIVALLE;M;4320907;236270;110
2,02E+11;18;2;7;1210;1;1;1;8;7;69;RD 104;M;4319169;233231;110
2,02E+11;18;2;23;314;3;1;1;1;1;69;SAINT JEAN -ECLUSE-;M;4322719;236932;110
2,02E+11;18;3;24;1550;1;1;1;2;3;69;ROCADE SUD RD 6161;M;4319286;233618;110
2,02E+11;18;3;22;820;1;1;1;1;7;69;D 18;M;4319332;229861;110
2,02E+11;18;3;14;1320;1;2;1;1;3;69;AUDE -BERGES DE L'-;M;4320763;233781;110
2,02E+11;18;3;18;2040;3;1;1;2;7;69;Bretelle d'acc‚s A61 - C;M;4320225;231375;110
2,02E+11;18;3;11;635;3;1;1;1;7;69;RD 104;M;4319854;234970;110
2,02E+11;18;3;6;1335;1;2;1;1;4;69;JAURES JEAN -BD- PAIR;M;4321041;235225;110
2,02E+11;18;4;8;1015;1;2;6;2;7;69;POMPIDOU GEORGES -ROND P;M;4322640;233071;110
2,02E+11;18;4;2;2245;3;2;1;1;7;69;LIMOUX - ROUTE DE-;M;4320720;233583;110
2,02E+11;18;4;12;1000;1;1;1;8;7;69;RD 6113;M;4323383;236513;110
2,02E+11;18;4;12;1717;1;2;1;1;7;69;ALBERT MARCELIN;M;4321198;237735;110
2,02E+11;18;4;13;1840;1;2;1;1;2;69;PELLETAN CAMILLE -BD- IM;M;4321111;235533;110
2,02E+11;18;4;13;1610;1;2;1;1;6;69;HUGO VICTOR;M;4321349;234746;110
2,02E+11;18;4;17;1645;1;1;1;1;7;69;LAVALETTE -ROUTE DE-;M;4319265;231092;110
2,02E+11;18;4;21;1550;1;1;1;1;6;69;voie d'accЉs stade Plain;M;4320040;233652;110
2,02E+11;18;4;24;910;1;1;2;1;3;69;RD33;M;4323467;226273;110
2,02E+11;18;3;31;1230;1;2;2;3;3;69;LIMOUX -ROUTE DE - JUSQU;M;4319934;232720;110
2,02E+11;18;4;28;2230;5;2;3;1;3;69;GUIRAUD ALEXANDRE;M;4321496;236680;110
2,02E+11;18;5;5;2040;1;2;1;1;6;69;HUGO VICTOR;M;4321346;234835;110
2,02E+11;18;5;8;1100;1;2;6;1;2;69;BLUM APRES LE 1429;M;4322529;234500;110
2,02E+11;18;5;12;1810;1;2;3;2;3;69;VERDUN;M;4321267;235440;110
2,02E+11;18;5;14;1315;1;2;3;3;3;69;EGLANTIERS -DES-;M;4321928;235817;110
2,02E+11;18;5;14;1605;1;2;3;2;3;69;MALRAUX ANDRE -BD-;M;4321553;237473;110
2,02E+11;18;5;15;900;1;2;3;2;7;69;BERGES ARISTIDE;M;4321082;231996;110
2,02E+11;18;5;18;405;5;2;2;1;3;69;HUGO VICTOR;M;4321343;235044;110
2,02E+11;18;5;18;1205;1;1;6;1;5;69;MONTREAL -ROUTE DE -;M;4321150;231990;110
2,02E+11;18;5;19;1650;1;2;1;1;2;69;ESTRADE JOACHIM;M;4321431;233350;110
2,02E+11;18;5;19;157;3;1;1;1;6;69;BRAM -ROUTE DE-;M;4321362;229516;110
2,02E+11;18;5;19;1520;1;2;1;1;2;69;POMPIDOU GEORGES -ROND P;M;4322689;233166;110
2,02E+11;18;5;18;845;1;2;1;1;2;69;ROCADE SUD RD 6161;M;4322751;233380;110
2,02E+11;18;5;21;2115;2;2;1;1;3;69;LECLERC AV. DU GENERAL P;M;4320750;237820;110
2,02E+11;18;5;24;1435;1;1;1;1;2;69;ROCADE OUEST;M;4320928;231145;110
2,02E+11;18;5;26;1350;1;2;3;1;2;69;LECLERC AV. DU GENERAL P;M;4320759;237725;110
2,02E+11;18;5;30;1145;1;1;1;8;3;69;SAINT HILAIRE -ROUTE DE-;M;4319220;233630;110
2,02E+11;18;5;30;1755;1;2;2;1;3;69;Avenue du Pr‚sident Fran;M;4321677;234795;110
2,02E+11;18;6;4;1855;1;2;2;1;3;69;MARTY ANTOINE;M;4321631;235611;110
2,02E+11;18;6;5;730;1;2;1;1;2;69;POUSSIN NICOLAS -BD-;M;4320390;232287;110
2,02E+11;18;6;6;1730;1;2;1;2;2;69;BERRIAC -ROUTE DE-;M;4320897;238033;110
2,02E+11;18;6;9;1830;1;1;3;1;3;69;LIMOUX - ROUTE DE-;M;4319890;232660;110
2,02E+11;18;6;13;1435;1;2;1;1;1;69;GOUT HENRI -AVENUE Nш PA;M;4321080;234319;110
2,02E+11;18;6;17;1900;1;1;1;1;7;69;ROCADE SUD RD 6161;M;4320424;238169;110
2,02E+11;18;6;19;1100;1;1;1;1;7;69;RD 118;M;4323410;236793;110
2,02E+11;18;6;5;1730;1;2;1;8;7;69;PAPIN DENIS -BD-;M;4320759;231497;110
2,02E+11;18;6;21;1620;1;2;1;1;2;69;JAURES JEAN -BD- PAIR;M;4321400;235485;110
2,02E+11;18;6;22;1255;1;1;1;1;2;69;ROCADE SUD RD 6161;M;4320274;231498;110
2,02E+11;18;6;23;1520;1;2;1;1;7;69;JOURDANE GASTON -PLACE-;M;4321056;236038;110
2,02E+11;18;6;23;2200;5;2;2;1;3;69;ALSACE;M;4321565;235605;110
2,02E+11;18;6;26;1444;1;2;1;1;7;69;BUNAU VARILLA -AV-;M;4321087;233791;110
2,02E+11;18;7;1;2220;5;2;1;1;3;69;MULLOT ARTHUR AV. PAIRS;M;4321190;235840;110
2,02E+11;18;7;4;1755;1;2;1;1;5;69;CAVAYERE -ROUTE DE LA -;M;4319280;239700;110
2,02E+11;18;7;5;1420;1;2;1;1;3;69;JUIN MARECHAL;M;4321020;237850;110
2,02E+11;18;7;9;1950;1;1;1;1;7;69;BRAM -ROUTE DE-;M;4322931;228054;110
2,02E+11;18;7;14;1539;1;2;1;1;7;69;ROULLENS -CHEMIN ET IMPA;M;4318439;230690;110
2,02E+11;18;7;14;2210;3;1;1;1;2;69;RD 6113;M;4322040;238030;110
2,02E+11;18;7;16;1550;1;1;1;1;7;69;RD 104;M;4319841;234955;110
2,02E+11;18;7;16;1416;1;2;1;1;3;69;COLBERT;M;4322600;232770;110
2,02E+11;18;7;21;320;3;1;1;2;7;69;MINERVOISE -ROUTE-;M;4322854;237443;110
2,02E+11;18;7;31;1720;1;1;1;1;4;69;ROCADE OUEST;M;4321455;232244;110
2,02E+11;18;8;1;1852;1;1;1;1;7;69;RD33;M;4321647;231812;110
2,02E+11;18;8;2;1210;1;2;3;1;3;69;BEETHOVEN LUDWIG VAN;M;4322307;233157;110
2,02E+11;18;8;5;1809;1;1;1;1;5;69;ROCADE SUD RD 6161;M;4322549;233001;110
2,02E+11;18;8;6;1520;1;1;1;1;1;69;ROCADE OUEST;M;4322173;232450;110
2,02E+11;18;8;7;1700;1;2;6;1;2;69;POMPIDOU GEORGES -ROND P;M;4322660;233073;110
2,02E+11;18;8;7;1045;1;1;1;1;3;69;RD 6113;M;4322970;232630;110
2,02E+11;18;8;9;2350;3;1;1;1;7;69;MONTREAL -ROUTE DE -;M;4321357;228635;110
2,02E+11;18;8;17;930;1;2;6;2;7;69;X‚non (Rond Point);M;4323339;236738;110
2,02E+11;18;8;20;1428;1;1;1;1;3;69;COLBERT;M;4322552;232898;110
2,02E+11;18;8;26;1700;1;1;1;1;6;69;CALVAIRE CHEMIN;M;4322069;238013;110
2,02E+11;18;8;26;1823;1;2;1;1;4;69;LECLERC AV. DU GENERAL I;M;4320823;237148;110
2,02E+11;18;8;30;1215;1;1;1;1;7;69;D42;M;4319491;236184;110
2,02E+11;18;8;31;1230;1;2;6;1;2;69;COLOMB CHRISTOPHE -PONT;M;4323590;236840;110
2,02E+11;18;8;31;1402;1;2;1;1;6;69;MUSSET ALFRED -ET IMPASS;M;4322001;234393;110
2,02E+11;18;12;31;1756;3;1;1;1;3;69;LAVALETTE -ROUTE DE-;M;4318128;229050;110
2,02E+11;18;9;1;1716;1;2;2;7;3;69;LORAINE -DE-;M;4321481;235701;110
2,02E+11;18;9;3;45;3;1;1;1;7;69;ROCADE SUD RD 6161;M;4319912;236264;110
2,02E+11;18;9;6;1545;1;2;3;1;2;69;LANGEVIN PAUL - IMPAIRS;M;4322365;234297;110
2,02E+11;18;9;7;1100;1;2;5;8;5;69;MONTREAL -ROUTE DE -;M;4321120;232660;110
2,02E+11;18;9;13;1150;1;2;1;1;2;69;GOUT HENRI -AV. Nш IMPAI;M;4321098;233807;110
2,02E+11;18;9;13;1825;1;2;2;1;7;69;PAPIN DENIS -BD-;M;4320826;231999;110
2,02E+11;18;9;15;1400;1;1;1;1;2;69;RD 6113;M;4322918;234086;110
2,02E+11;18;9;16;1215;1;2;5;1;3;69;MONTREAL -ROUTE DE -;M;4321127;232651;110
2,02E+11;18;9;17;1930;1;1;1;1;7;69;RD 6113;M;4323026;232550;110
2,02E+11;18;9;19;1745;1;1;1;1;1;69;RD 104;M;4320012;233818;110
2,02E+11;18;9;20;1805;1;1;2;1;3;69;Andr_EJean CAYATTE;M;4323560;236650;110
2,02E+11;18;9;25;1510;1;2;1;1;4;69;GUIRAUD ALEXANDRE;M;4321190;236520;110
2,02E+11;18;9;25;1149;1;2;1;1;7;69;PINS -ALLEE DES-;M;4321380;229120;110
2,02E+11;18;9;26;1835;1;1;2;1;2;69;PAPIN DENIS -BD-;M;4320810;231960;110
2,02E+11;18;9;28;910;1;2;1;1;6;69;SOUVENIR FRANCAIS -AVENU;M;4320840;238400;110
2,02E+11;18;9;29;930;1;2;1;1;6;69;COMMANDANT ROUMENS;M;4321041;235498;110
2,02E+11;18;10;1;1710;1;2;1;1;5;69;VERDUN;M;4321264;234812;110
2,02E+11;18;10;2;1730;1;1;1;1;2;69;RD 6113;M;4320780;238820;110
2,02E+11;18;10;3;1745;1;2;1;1;3;69;Avenue du Pr‚sident Fran;M;4321827;234428;110
2,02E+11;18;10;3;1632;1;1;1;1;2;69;ROCADE SUD RD 6161;M;4320419;231272;110
2,02E+11;18;10;9;1035;1;2;1;1;5;69;BARBES BD IMPAIR;M;4321034;234984;110
2,02E+11;18;10;12;50;4;1;1;2;7;69;ROCADE OUEST;M;4320205;231462;110
2,02E+11;18;10;12;1755;1;2;1;1;6;69;PERGAUD LOUIS;M;4320923;232953;110
2,02E+11;18;10;13;1110;1;1;1;8;2;69;ROCADE OUEST;M;4320207;231428;110
2,02E+11;18;10;14;1732;1;2;3;1;3;69;MONTREAL -ROUTE DE -;M;4321120;232660;110
2,02E+11;18;10;20;1515;1;1;1;1;4;69;RD 6161 - Rocade Ouest;M;4322583;233048;110
2,02E+11;18;11;5;1715;1;2;3;1;6;69;LANGEVIN PAUL - IMPAIRS;M;4322390;234420;110
2,02E+11;18;11;5;1550;1;2;1;1;6;69;PIERRE BLANCHE -BD-;M;4322246;234070;110
2,02E+11;18;11;10;1645;1;2;3;1;3;69;D 118;M;4321099;234135;110
2,02E+11;18;11;15;1120;1;2;1;1;6;69;AVENIR -PONT-;M;4321621;236175;110
2,02E+11;18;11;17;1415;1;1;1;1;6;69;RD 6161 - Rocade Ouest;M;4321260;231990;110
2,02E+11;18;11;20;1840;3;1;1;2;4;69;RD 6113;M;4322500;237830;110
2,02E+11;18;11;22;1815;3;1;1;1;2;69;RD 6113;M;4323118;237534;110
2,02E+11;18;11;22;1830;5;2;1;1;6;69;GAMBETTA SQUARE -IMPAIR-;M;4321250;235668;110
2,02E+11;18;11;24;520;3;1;1;8;6;69;ROCADE OUEST;M;4320250;231500;110
2,02E+11;18;12;8;50;3;1;1;1;7;69;BRAM -ROUTE DE-;M;4322009;230210;110
2,02E+11;18;12;9;1820;5;2;1;2;2;69;BRAM -ROUTE DE-;M;4321279;232673;110
2,02E+11;18;12;8;556;3;2;1;1;7;69;LIMOUX - ROUTE DE-;M;4320174;233002;110
2,02E+11;18;12;14;2316;5;2;1;1;6;69;MULLOT ARTHUR AV IMPAIRS;M;4321179;235850;110
2,02E+11;18;12;16;240;5;2;1;1;7;69;SARRAUT OMER BD -IMPAIRS;M;4321642;235355;110
2,02E+11;18;12;17;1150;1;2;1;1;6;69;MARECHAL FOCH -AVENUE-;M;4321774;235185;110
2,02E+11;18;12;18;730;5;2;1;1;6;69;LECLERC AV. DU GENERAL P;M;4320712;238274;110
2,02E+11;18;12;18;1810;3;1;3;1;3;69;MONTREAL -ROUTE DE -;M;4321370;229150;110