Num_Acc;an;mois;jour;hrmn;lum;agg;int;atm;col;com;adr;gps;lat;long;dep
2,02E+11;18;1;16;550;3;1;1;2;4;118;AUTOROUTE A62 -PK210.200;M;4378189;138331;310
2,02E+11;18;2;3;2315;3;1;1;9;6;94;A 68 - Pk: 021.500;M;4376659;160988;310
2,02E+11;18;2;15;1425;1;1;1;1;2;22;A62 - Pk:223.200;M;4367041;141901;310
2,02E+11;18;2;15;1510;1;1;1;1;6;516;a62 pk 212.200;M;4376499;138527;310
2,02E+11;18;3;8;2039;3;1;1;1;2;79;A 62 - PK 210.600 - sens;M;4379643;141936;310
2,02E+11;18;3;10;1100;1;1;1;1;6;118;A62 PK 207+203 sens BORD;M;4379922;137125;310
2,02E+11;18;4;19;1755;1;2;6;1;3;44;AVENUE DES ARИNES;M;4361377;148868;310
2,02E+11;18;5;5;607;2;1;1;1;5;91;A62 pk 2019+500 directio;M;4370104;140772;310
2,02E+11;18;5;31;1400;1;1;1;1;7;297;RN 224 - PK 013.500;M;4364869;116878;310
2,02E+11;18;8;13;230;3;1;1;2;2;22;A62;M;4367091;141834;310
2,02E+11;18;8;30;2325;5;1;1;1;6;358;A68 PK13+800;M;4371379;156619;310
2,02E+11;18;9;29;1340;1;1;1;1;2;467;A62 PK 221;M;4368888;141154;310
2,02E+11;18;10;8;2150;3;1;1;1;2;118;A62 PK 209.990 sens TOUL;M;4380216;136918;310
2,02E+11;18;10;11;710;3;1;1;1;1;32;Rd 65 pk 24+200;M;4368392;132869;310
2,02E+11;18;10;17;1015;1;1;1;1;6;490;76 route RD820;M;4374363;136896;310
2,02E+11;18;11;27;1630;1;1;9;1;2;91;A 62 PK 217.500;M;4372667;140928;310
2,02E+11;18;1;18;2215;3;1;1;1;6;164;autoroute A5  PK 027+400;M;4844418;290510;770
2,02E+11;18;2;23;1615;1;1;6;1;7;210;aire de repos les jonche;M;4842794;292676;770
2,02E+11;18;3;13;536;3;1;9;2;2;480;A5 - BRET. AIRE JONCHETS;M;4843248;291989;770
2,02E+11;18;4;16;1500;1;1;1;1;6;453;autoroute A5 pk 12+300 d;M;4854908;277913;770
2,02E+11;18;5;5;1205;1;1;1;1;7;165;A5;M;4848730;285145;770
2,02E+11;18;8;6;630;2;1;1;1;6;279;A5;M;4837637;301951;770
2,02E+11;18;8;27;1724;1;1;1;1;6;293;autoroute A5 PK44+800;M;4837172;309689;770
2,02E+11;18;11;16;1930;3;1;1;5;3;295;A5 - PARIS PROVINCE;M;4856271;276220;770
2,02E+11;18;1;10;1035;1;2;1;1;2;262;HUGO (QUAI ET PASSERELLE;M;4318174;300749;110
2,02E+11;18;1;10;1255;1;2;2;1;3;262;DILLON (QUAI);M;4318390;300158;110
2,02E+11;18;1;11;800;1;2;1;1;2;262;ESPAGNE (AVENUE D');M;4317205;299074;110
2,02E+11;18;1;18;2025;5;2;1;1;2;262;SEMARD (AVENUE PIERRE);M;4318881;300827;110
2,02E+11;18;1;28;1720;1;2;2;1;3;262;POMPIDOR (AVENUE);M;4318276;297927;110
2,02E+11;18;2;6;1849;5;2;1;2;3;262;ESPAGNE (AVENUE D');M;4317524;299305;110
2,02E+11;18;2;13;1530;1;2;1;1;6;262;BALISTE (BOULEVARD DE);M;4319368;302338;110
2,02E+11;18;2;23;1140;1;2;1;1;6;262;FERROUL (BOULEVARD  DOCT;M;4318032;300408;110
2,02E+11;18;2;28;1130;1;2;1;4;6;262;BORDEAUX (AVENUE DE);M;4318205;298900;110
2,02E+11;18;3;10;1730;1;2;1;1;3;262;BORDEAUX (AVENUE DE);M;4318165;298168;110
2,02E+11;18;3;14;1823;1;2;1;1;3;262;TURGOT (RUE);M;4318329;300152;110
2,02E+11;18;3;20;800;1;2;1;1;6;262;ELYSIQUES (VOIES DES);M;4318777;297833;110
2,02E+11;18;3;22;1620;1;2;2;1;3;262;HERS (RUE DE L');M;4318820;297793;110
2,02E+11;18;3;25;640;3;1;1;1;1;262;RD 6009 NARBONNE - BEZIE;M;4317467;297429;110
2,02E+11;18;4;6;1715;1;1;1;1;4;262;RD 6009 NARBONNE - PERPI;M;4316861;298845;110
2,02E+11;18;4;13;1715;1;2;1;2;3;262;LECLERC (AVENUE DU GENER;M;4317974;299620;110
2,02E+11;18;4;18;1710;1;2;1;1;6;262;MISTRAL (BOULEVARD FREDE;M;4318842;300437;110
2,02E+11;18;4;21;1430;1;2;1;1;6;262;BERRE (RUE DE LA);M;4318709;298441;110
2,02E+11;18;4;24;1930;1;2;1;1;6;262;LECLERC (AVENUE DU GENER;M;4317515;299308;110
2,02E+11;18;4;26;1001;1;2;1;1;3;262;ESPAGNE (AVENUE D');M;4316941;298893;110
2,02E+11;18;4;27;1540;1;2;1;1;2;262;RD 6009 NARBONNE - PERPI;M;4315605;298114;110
2,02E+11;18;4;28;2345;5;2;1;1;3;262;RAZIMBAUD (CHEM. DE BAS;M;4320068;302157;110
2,02E+11;18;5;5;1540;1;1;1;1;1;262;ETANGS  (AVENUE DES);M;4314738;300465;110
2,02E+11;18;5;13;600;5;2;1;2;6;262;RD 6009 NARBONNE - BEZIE;M;4320152;301977;110
2,02E+11;18;5;17;1135;1;2;1;1;6;262;JUIN (AVENUE MAREHAL);M;4318120;301435;110
2,02E+11;18;5;22;1250;1;2;3;1;6;262;EUDES (RUE EMILE);M;4318234;298326;110
2,02E+11;18;5;22;2215;5;2;1;1;2;262;BORDEAUX (AVENUE DE);M;4318117;297105;110
2,02E+11;18;5;25;1010;1;2;1;1;6;262;SIGAL (PLACE LOUIS);M;4318507;301537;110
2,02E+11;18;5;28;920;1;1;1;1;6;262;RD 6009 NARBONNE - PERPI;M;4317336;297552;110
2,02E+11;18;5;28;1110;1;2;1;1;6;262;LACROIX (BOULEVARD DU DO;M;4317999;300281;110
2,02E+11;18;5;30;1405;1;2;1;1;6;262;LAGNELLE (CHEMIN DE PECH;M;4317455;297451;110
2,02E+11;18;5;28;2055;1;2;1;1;6;262;DE GAULLE (BOULEVARD DU;M;4318556;300953;110
2,02E+11;18;6;4;722;1;2;1;1;6;262;BORDEAUX (AVENUE DE);M;4318211;299006;110
2,02E+11;18;6;10;1330;1;2;1;1;6;262;ESPAGNE (AVENUE D');M;4316934;298889;110
2,02E+11;18;6;12;1755;1;2;1;1;6;262;MAYOLLE (BOULEVARD DE LA;M;4317740;301175;110
2,02E+11;18;6;15;1745;1;2;3;1;3;262;LECLERC (AVENUE DU GENER;M;4317799;299496;110
2,02E+11;18;6;24;1005;1;2;2;1;3;262;MAZAGRAN (RUE DE);M;4318043;299741;110
2,02E+11;18;6;24;1955;1;2;1;1;2;262;CHAUX (RUE DES FOURS A);M;4318227;299473;110
2,02E+11;18;6;25;1800;1;2;1;1;6;262;1848 (BOULEVARD);M;4319252;301261;110
2,02E+11;18;7;5;1455;1;2;1;1;2;262;JOFFRE (BOULEVARD MARECH;M;4318361;299864;110
2,02E+11;18;7;4;1445;1;2;1;1;6;262;PERPIGNAN (RUE DE L'ANCI;M;4315700;298183;110
2,02E+11;18;7;12;1230;1;2;1;1;6;262;HUBERT MOULY (AVENUE);M;4317997;301918;110
2,02E+11;18;7;13;1725;1;2;6;1;2;262;RD 032 NARBONNE / GRUISS;M;4317993;301892;110
2,02E+11;18;7;23;1420;1;2;3;1;4;262;LECLERC (AVENUE DU GENER;M;4318038;299740;110
2,02E+11;18;7;25;1809;1;2;2;1;3;262;CHANZY (RUE);M;4318874;300952;110
2,02E+11;18;7;26;1725;1;2;2;1;3;262;RUE DEMOGE;M;4318048;302994;110
2,02E+11;18;8;4;1000;1;2;2;1;6;262;CHANZY (RUE);M;4318853;300954;110
2,02E+11;18;8;8;1740;1;2;1;1;7;262;CARNOT (AVENUE);M;4319392;300995;110
2,02E+11;18;8;14;1510;1;2;1;1;6;262;LECLERC (AVENUE DU GENER;M;4317692;299419;110
2,02E+11;18;8;18;1035;1;2;1;1;6;262;ETANGS  (AVENUE DES);M;4315842;299320;110
2,02E+11;18;8;20;1825;1;2;1;1;6;262;LACROIX (BOULEVARD DU DO;M;4318074;299960;110
2,02E+11;18;8;19;600;2;1;1;1;6;262;RD 6009 NARBONNE - BEZIE;M;4319833;297372;110
2,02E+11;18;8;25;1150;1;1;1;1;6;262;RD 6009 NARBONNE - PERPI;M;4316678;298731;110
2,02E+11;18;8;31;1405;1;2;1;1;6;262;MALACHITE (RUE DE LA);M;4319838;302007;110
2,02E+11;18;9;2;1845;1;2;1;1;6;262;AUGE (BOULEVARD DU DR LE;M;4318717;300159;110
2,02E+11;18;9;3;1731;1;2;2;1;6;262;JUIN (AVENUE MAREHAL);M;4318280;301558;110
2,02E+11;18;9;11;940;1;2;1;1;6;262;JACINTHES (RUE DES);M;4318527;302324;110
2,02E+11;18;9;14;705;2;2;1;1;6;262;JAURES (RUE JEAN);M;4318485;300940;110
2,02E+11;18;9;13;1745;1;2;1;1;6;262;ESPAGNE (AVENUE D');M;4316939;298887;110
2,02E+11;18;9;16;200;5;1;6;1;6;262;MARCORIGNAN (ROUTE DE);M;4318964;298532;110
2,02E+11;18;9;17;1240;1;2;6;1;3;262;DE GAULLE (BOULEVARD DU;M;4318696;300837;110
2,02E+11;18;9;18;1710;1;2;2;1;6;262;THERMES (RUE DES);M;4318846;300521;110
2,02E+11;18;9;19;1000;1;2;1;1;3;262;LORRAINE (QUAI DE);M;4318811;299635;110
2,02E+11;18;9;19;1806;1;2;1;1;6;262;FRANCE (AVENUE ANATOLE);M;4318693;299124;110
2,02E+11;18;9;26;936;1;1;1;1;6;262;RD 6113 NARBONNE - CARCA;M;4318060;295947;110
2,02E+11;18;9;21;900;1;2;1;1;6;262;TOULOUSE (AVENUE DE);M;4318240;299706;110
2,02E+11;18;10;4;1549;1;2;1;1;6;262;CREISSEL (BOULEVARD DE);M;4317663;302764;110
2,02E+11;18;10;3;1705;1;2;3;1;3;262;FRANCE (AVENUE ANATOLE);M;4318464;299479;110
2,02E+11;18;10;10;1440;1;2;3;1;3;262;ELYSIQUES (VOIES DES);M;4318717;298321;110
2,02E+11;18;10;16;1212;1;2;3;3;3;262;CROIX SUD (AVENUE DE);M;4316025;298700;110
2,02E+11;18;10;21;1732;1;2;1;1;6;262;ESPAGNE (AVENUE D');M;4316954;298902;110
2,02E+11;18;10;19;2110;5;2;1;1;6;262;AUGE (BOULEVARD DR LEON);M;4318697;300136;110
2,02E+11;18;10;19;835;1;2;1;1;2;262;ESPAGNE (AVENUE D');M;4316927;298903;110
2,02E+11;18;10;25;1710;1;2;1;1;2;262;GAMBETTA (BOULEVARD);M;4318312;300788;110
2,02E+11;18;10;27;50;5;2;6;1;6;262;ESPAGNE (AVENUE D');M;4316768;298802;110
2,02E+11;18;10;30;2105;5;2;3;1;3;262;1848 (BOULEVARD);M;4319164;301495;110
2,02E+11;18;10;30;1450;1;2;2;2;3;262;MAZAGRAN (RUE DE);M;4318041;299737;110
2,02E+11;18;11;1;1900;5;2;6;1;6;262;RD 032 NARBONNE / GRUISS;M;4318018;301854;110
2,02E+11;18;11;5;1205;1;2;4;1;6;262;1848 (BOULEVARD);M;4319065;301794;110
2,02E+11;18;11;5;1615;1;2;1;1;6;262;1830 (BOULEVARD);M;4319003;301880;110
2,02E+11;18;11;16;1450;1;2;1;1;6;262;1848 (BOULEVARD);M;4319003;301773;110
2,02E+11;18;11;19;1350;1;2;6;8;6;262;HUBERT MOULY (AVENUE);M;4318055;303581;110
2,02E+11;18;11;20;1148;1;2;3;1;6;262;LECLERC (AVENUE DU GENER;M;4317472;299267;110
2,02E+11;18;11;30;1149;1;2;1;2;6;262;BORDEAUX (AVENUE DE);M;4318193;298838;110
2,02E+11;18;12;13;1825;2;2;1;2;6;262;ELYSIQUES (VOIES DES);M;4318572;298274;110
2,02E+11;18;12;13;750;2;2;3;1;3;262;JOFFRE (BOULEVARD MARECH;M;4318493;300042;110
2,02E+11;18;12;14;730;2;2;1;1;6;262;MISTRAL (BOULEVARD FREDE;M;4318510;300059;110
2,02E+11;18;12;18;1735;2;2;1;1;2;262;AUGE (BOULEVARD DU DR LE;M;4318623;300050;110
2,02E+11;18;12;19;1555;1;2;1;1;4;262;ESPAGNE (AVENUE D');M;4316873;298850;110
2,02E+11;18;12;28;1843;5;2;1;1;2;262;MALARD (BOULEVARD DE);M;4318593;303211;110
2,02E+11;18;1;20;1500;1;1;1;2;7;265;A16;M;4957166;219977;600
2,02E+11;18;1;20;2022;3;1;1;3;2;377;Autoroute A16 PK91+250;M;4959337;220254;600
2,02E+11;18;1;23;2340;3;1;9;2;7;10;Autoroute A16;M;4921211;214824;600
2,02E+11;18;2;8;830;1;1;1;1;2;30;Autoroute A16 PK59+600;M;4934287;210642;600
2,02E+11;18;3;22;130;3;2;1;1;7;313;A16;M;4912310;225310;950
2,02E+11;18;5;24;935;1;1;1;8;2;598;PK 63+600 SENS BOULOGNE>;M;4934977;212462;600
2,02E+11;18;7;16;1235;1;1;1;1;6;570;A16 - PK 050.800;M;4927270;208714;600
2,02E+11;18;10;18;900;1;1;1;1;3;313;Autoroute A 16;M;4911470;225350;950
2,02E+11;18;11;25;730;3;1;1;1;2;57;Autoroute A16 Pk 71.600;M;4942048;212580;600
2,02E+11;18;3;10;1130;1;2;1;1;6;91;PLACE GAMBETTA;M;4362068;529820;130
2,02E+11;18;9;28;940;1;2;9;1;6;50;Montйe d'Aix - Parking d;M;4365206;526391;130
2,02E+11;18;10;28;1215;1;1;1;1;1;50;RD 15;M;4364924;525802;130
2,02E+11;18;11;23;715;2;1;1;3;6;91;RD7n PK44+300;M;4363576;528039;130
2,02E+11;18;12;4;1620;1;1;1;1;2;50;D7N;M;4365006;527376;130
2,02E+11;18;3;18;530;5;2;1;1;6;333;137 Avenue Robert de Jol;M;4375285;426214;300
2,02E+11;18;5;3;1900;1;2;1;1;3;36;14 route nationale 113;M;4377227;428228;300
2,02E+11;18;5;6;700;1;2;1;1;6;169;RN 113;M;4378256;430258;300
2,02E+11;18;6;6;1420;1;2;6;1;7;169;Rond point de MILHAUD RN;M;4380183;429046;300
2,02E+11;18;6;19;450;3;1;1;1;6;169;1520 route de Nоmes;M;4380157;431880;300
2,02E+11;18;7;31;1505;1;1;1;1;3;169;route nationale 113;M;4378949;431858;300
2,02E+11;18;8;17;1600;1;1;1;1;6;36;RN 6113;M;4377820;428957;300
2,02E+11;18;9;4;1850;1;1;1;1;1;169;RD 262;M;4375930;433735;300
2,02E+11;18;9;8;120;3;1;1;1;6;169;Route nationale 113;M;4379461;431857;300
2,02E+11;18;9;12;840;1;1;1;1;2;347;RN 113  zac cante cigale;M;4374247;424799;300
2,02E+11;18;10;18;1750;1;1;1;8;3;36;RN113;M;4376839;427867;300
2,02E+11;18;10;29;720;2;1;1;3;1;347;CD 135 chemin des canaux;M;4372357;426993;300
2,02E+11;18;11;24;1000;1;2;3;7;6;169;Rue de la Gare;M;4379011;430554;300
2,02E+11;18;11;26;745;2;1;1;9;3;36;route nationale 113;M;4377085;428122;300
2,02E+11;18;11;30;445;3;1;1;3;1;20;cd 135;M;4376252;431733;300
2,02E+11;18;12;1;2100;3;1;1;1;1;36;cd 135;M;4377227;428228;300
2,02E+11;18;12;2;400;5;2;1;2;6;36;27 ROUTE DE NIMES;M;4377123;428815;300
2,02E+11;18;1;28;240;3;1;1;5;7;107;Autoroute A64;M;4331566;121034;310
2,02E+11;18;2;6;1735;1;1;1;1;2;181;A64;M;4340402;129184;310
2,02E+11;18;2;10;640;3;1;1;8;2;107;autoroute A-64  Point Ki;M;4332685;122914;310
2,02E+11;18;2;23;1900;3;1;1;1;4;395;A64;M;4344166;130817;310
2,02E+11;18;5;7;740;1;2;1;1;1;424;D50;M;4355283;129465;310
2,02E+11;18;6;23;1715;1;1;9;1;1;107;A.64;M;4330305;118873;310
2,02E+11;18;6;28;355;3;1;1;1;6;395;A64 PK 269+444 en direct;M;4345736;130775;310
2,02E+11;18;7;11;1600;1;1;1;1;7;399;Autoroute A64 pk 261.500;M;4337042;127565;310
2,02E+11;18;8;2;850;1;2;6;1;3;395;intersection route d'eau;M;4345900;132659;310
2,02E+11;18;9;8;2100;3;1;1;1;6;104;Autoroute A.64 - PK 256+;M;4333429;126060;310
2,02E+11;18;10;1;2020;3;1;1;1;4;458;Autoroute A 64 PK 276.90;M;4349456;133466;310
2,02E+11;18;10;19;745;2;1;1;5;5;395;D3 PR 051.246 vers Muret;M;4346639;126237;310
2,02E+11;18;11;8;900;1;1;1;1;4;433;autoroute a64;M;4353229;138864;310
2,02E+11;18;11;14;1740;3;1;1;1;7;261;A64 PK:247.430;M;4330943;119972;310
2,02E+11;18;11;25;1855;3;1;1;1;2;458;a64;M;4350066;134307;310
2,02E+11;18;12;15;1015;1;1;1;4;6;533;a29;M;4949922;27362;760
2,02E+11;18;1;26;1000;1;1;6;1;3;533;a 29;M;4947931;26181;760
2,02E+11;18;5;1;1250;1;1;1;1;6;533;A29;M;4949922;27362;760
2,02E+11;18;6;20;1020;1;1;1;1;6;657;A131;M;4949051;38654;760
2,02E+11;18;6;21;1610;1;1;1;1;4;489;n1029;M;4946464;27459;760
2,02E+11;18;7;12;1335;1;1;1;1;6;169;A 131 . PK 018.800 . SEN;M;4948827;41618;760
2,02E+11;18;9;10;1800;1;1;1;1;6;533;bretelle E 2 de l'A 29 (;M;4949496;26316;760
2,02E+11;18;10;16;1905;1;1;1;1;2;239;AUTOROUTE A.29;M;4955174;33535;760
2,02E+11;18;10;25;838;1;1;1;1;3;684;N182;M;4947645;46082;760
2,02E+11;18;11;12;1700;1;1;1;1;7;44;A29 - PK 55;M;4961987;56999;760
2,02E+11;18;1;2;1415;1;1;1;3;1;144;D 125 PK 005.250;M;4290221;63391;310
2,02E+11;18;2;2;1615;1;1;1;4;4;430;A64;M;4310569;60289;310
2,02E+11;18;6;9;1441;1;1;1;1;6;585;A64  PK 199.950  en dire;M;4311410;67212;310
2,02E+11;18;10;8;1730;1;2;4;8;4;198;RD 635-RD13;M;4319090;93683;310
2,02E+11;18;1;30;554;3;1;6;1;7;180;D347- D79;M;4737034;-9920;490
2,02E+11;18;5;30;1315;1;1;1;1;7;185;D137;M;4751599;-26526;490
2,02E+11;18;7;7;1815;1;1;1;1;7;138;A85 - P.R. 20;M;4743014;-15395;490
2,02E+11;18;7;8;1100;1;1;1;1;7;21;A85;M;4747034;-18958;490
2,02E+11;18;7;22;1540;1;1;1;1;6;378;A85;M;4731620;-3531;490
2,02E+11;18;8;7;320;3;1;1;1;6;180;A.85;M;4739749;-11500;490
2,02E+11;18;8;9;1220;1;1;1;2;6;378;A85;M;4731071;-3421;490
2,02E+11;18;9;2;1800;1;1;1;1;7;194;A85;M;4748680;-24914;490
2,02E+11;18;1;18;720;2;2;1;1;6;194;Rue Limelette;M;4598493;475773;10
2,02E+11;18;3;26;1515;1;1;1;8;1;93;D936 PK23+080;M;4610736;493995;10
2,02E+11;18;7;12;1545;1;2;1;1;6;333;D1083;M;4592812;495382;10
2,02E+11;18;10;5;205;3;2;1;1;1;427;AVENUE DU DOCTEUR BOLLET;M;4594139;476806;10
2,02E+11;18;10;9;545;3;1;2;1;1;85;intersection D7/D80;M;4608588;502537;10
2,02E+11;18;10;12;1354;1;2;1;1;1;248;D1083;M;4589391;493073;10
2,02E+11;18;2;7;815;1;1;1;1;6;21;A29;M;4985800;231379;800
2,02E+11;18;3;14;955;1;1;1;1;2;795;A16;M;5003159;208527;800
2,02E+11;18;4;1;2145;3;1;1;1;1;160;A29;M;4985148;234064;800
2,02E+11;18;6;21;1945;1;1;1;1;6;131;A29;M;4985968;238168;800
2,02E+11;18;7;22;1146;1;1;1;1;7;670;A29;M;4984230;212886;800
2,02E+11;18;7;24;1230;1;1;1;1;6;799;A29;M;4985475;253343;800
2,02E+11;18;8;7;15;3;1;1;1;6;159;A29;M;4985913;247397;800
2,02E+11;18;8;22;1040;1;1;1;1;6;724;A29;M;4987091;219331;800
2,02E+11;18;9;13;910;1;1;1;1;6;724;A29;M;4985310;224867;800
2,02E+11;18;11;12;1708;1;1;1;1;4;131;A29;M;4986265;237200;800
2,02E+11;18;12;21;924;1;1;1;2;6;357;A29;M;4982445;204447;800
2,02E+11;18;4;10;250;3;1;1;1;7;49;;M;4686253;557837;390
2,02E+11;18;6;12;1345;1;1;1;1;1;173;;M;4652901;539599;390
2,02E+11;18;8;18;1100;1;1;1;1;6;159;;M;4688430;558686;390
2,02E+11;18;9;11;1450;1;1;1;1;7;157;A39 PK 113.000;M;4651168;531053;710
2,02E+11;18;11;12;1507;1;1;1;7;1;191;;M;4682579;559642;390
2,02E+11;18;5;12;1235;1;2;1;1;6;83;14 JUILLET (DU);M;4452490;228506;120
2,02E+11;18;6;15;120;5;2;1;1;7;89;RAMADIER PAUL (AVENUE);M;4455592;226823;120
2,02E+11;18;6;27;1307;1;2;1;1;3;89;GAMBETTA;M;4456247;224828;120
2,02E+11;18;7;31;1600;1;2;1;1;1;89;FAREYRES (AVENUE DE);M;4456722;225319;120
2,02E+11;18;12;26;1750;3;1;1;1;2;305;PIMPEU LIEU-DIT;M;4455870;222698;120
2,02E+11;18;3;4;1730;1;1;1;2;3;145;CAVALERIE (COTE DE LA );M;4409191;310211;120
2,02E+11;18;4;16;1044;1;2;1;1;6;145;JAURES JEAN (AVENUE);M;4410700;308000;120
2,02E+11;18;5;24;1600;1;2;1;1;6;145;7 RUE MOULIN JEAN;M;4409866;307375;120
2,02E+11;18;6;6;1745;1;2;1;1;3;145;EUROPE (AVENUE DE L');M;4408750;305650;120
2,02E+11;18;6;30;1800;1;2;1;1;5;145;MILLAU PLAGE (AVENUE DE);M;4410894;308769;120
2,02E+11;18;8;14;1950;1;2;9;1;6;145;PONT LEROUGE (AVENUE DU);M;4409120;307740;120
2,02E+11;18;9;29;1620;1;2;4;7;3;145;BAD SALZUFLEN (BOULEVARD;M;4409230;306032;120
2,02E+11;18;11;23;1308;1;2;2;2;6;145;MERLE ALFRED;M;4410157;307556;120
2,02E+11;18;12;19;1745;5;2;1;2;6;145;BELFORT;M;4410201;307499;120
2,02E+11;18;1;14;42;5;2;6;1;6;202;45 Bld 122° R.I;M;4435640;256876;120
2,02E+11;18;2;27;1415;1;1;1;1;4;176;RN 88;M;4437362;264119;120
2,02E+11;18;3;1;1115;1;2;1;1;3;176;ESPALION (ROUTE D');M;4437607;259250;120
2,02E+11;18;4;7;1700;1;1;6;1;6;174;ROUTE DE BOIS VERT;M;4432535;255885;120
2,02E+11;18;4;28;1700;1;2;1;1;6;202;VICTOR HUGO (AVENUE);M;4435128;256822;120
2,02E+11;18;5;28;2305;5;2;3;2;3;176;SEVERAC LE CHATEAU (ROUT;M;4436229;260812;120
2,02E+11;18;5;29;1330;1;2;1;8;6;202;MARECHAL JOFFRE (4 AVENU;M;4436213;257737;120
2,02E+11;18;6;4;1735;1;1;1;1;1;146;RD 62;M;4432427;258198;120
2,02E+11;18;6;8;740;1;2;1;1;6;202;MONTPELLIER (AVENUE DE);M;4435538;257761;120
2,02E+11;18;6;18;1700;1;1;1;1;2;176;JOEL PILON (RUE);M;4439603;260461;120
2,02E+11;18;6;21;1355;1;2;1;1;1;202;GINESTE (AVENUE DE LA);M;4436337;255738;120
2,02E+11;18;6;27;1335;1;2;6;1;7;202;DECAZEVILLE (AVENUE DE);M;4436450;255202;120
2,02E+11;18;7;6;1220;1;2;3;1;3;202;LOUIS BLANC (RUE);M;4434943;257388;120
2,02E+11;18;7;6;1320;1;2;1;1;3;176;BALQUIERES (BLD DES) -CO;M;4437304;257743;120
2,02E+11;18;7;24;745;1;2;1;1;6;202;AVENUE DES FUSILLES;M;4435683;258335;120
2,02E+11;18;7;26;750;2;2;1;7;6;202;TARAYRE (AVENUE);M;4435643;257835;120
2,02E+11;18;7;27;1053;1;2;1;1;6;202;DURAND DEGROS (AVENUE);M;4435848;258147;120
2,02E+11;18;8;5;1600;1;2;1;1;7;202;MARECHAL JOFFRE (AVENUE;M;4436224;258125;120
2,02E+11;18;8;10;1835;1;1;1;1;2;202;DECAZEVILLE (AVENUE DE);M;4438364;252369;120
2,02E+11;18;8;11;2040;2;2;1;1;7;202;ONDES (RUE DES);M;4435325;258658;120
2,02E+11;18;8;24;854;1;1;6;1;3;202;MOUTIERS (GIRATOIRE DES);M;4436402;257519;120
2,02E+11;18;8;27;1030;1;2;1;1;6;202;VICTOR HUGO (AVENUE);M;4435124;257079;120
2,02E+11;18;9;8;1220;1;2;3;1;6;202;PLANARD (RUE);M;4435221;256982;120
2,02E+11;18;9;8;1135;1;1;1;1;6;202;BELLE ISLE (BOULEVARD);M;4435323;257717;120
2,02E+11;18;9;10;1745;1;2;6;1;6;202;QUATRE SAISONS (CARREFOU;M;4436244;258760;120
2,02E+11;18;9;8;2240;3;1;1;1;7;176;RD 840 - PR 7+0460;M;4439060;251156;120
2,02E+11;18;9;15;1020;1;1;1;1;6;176;CHATEAU (ROUTE DU);M;4439070;254314;120
2,02E+11;18;9;20;1725;1;2;1;1;3;176;CHATEAU (ROUTE DU);M;4439077;253778;120
2,02E+11;18;9;25;835;1;1;1;1;2;174;RN88 (ROCADE);M;4433491;255506;120
2,02E+11;18;9;27;1115;1;1;1;1;6;202;DOCTEUR LOUIS BONNEFOUS;M;4445524;257714;120
2,02E+11;18;10;14;1245;1;2;1;1;3;202;122 IEME RI (BOULEVARD D;M;4435297;256882;120
2,02E+11;18;10;15;2000;2;2;1;1;2;176;ESPALION (ROUTE D');M;4436959;259036;120
2,02E+11;18;10;23;945;1;2;1;1;2;174;ROUTE DE FONSALADE;M;4433541;255666;120
2,02E+11;18;10;24;1330;1;2;6;1;7;202;GIRATOIRE DE CALCOMIER;M;4436431;255200;120
2,02E+11;18;10;28;1640;2;1;1;1;7;176;ROQUETTE  RN88(AVENUE DE;M;4437331;263523;120
2,02E+11;18;11;12;1520;1;2;4;1;6;202;LAROMIGUIERE (BOULEVARD);M;4434840;257280;120
2,02E+11;18;11;14;140;3;1;1;1;6;202;RD 994;M;4436644;254222;120
2,02E+11;18;11;19;840;1;2;3;1;2;202;SAINT FELIX (AVENUE DE);M;4436588;256283;120
2,02E+11;18;11;20;1957;5;2;3;1;6;202;FRANCOIS MAHOUX (RUE);M;4435073;257813;120
2,02E+11;18;11;14;1825;2;1;1;1;2;174;RN88 (ROCADE);M;4433011;255704;120
2,02E+11;18;11;24;1910;3;2;1;1;6;176;RN 88;M;4437001;258298;120
2,02E+11;18;12;16;700;3;1;1;1;6;176;RN88;M;4437274;263442;120
2,02E+11;18;12;17;902;2;2;3;8;2;174;MOULINE (AVENUE DES HAUT;M;4433944;256397;120
2,02E+11;18;12;17;1725;2;2;3;2;6;202;CARDAILLAC (CITE);M;4435657;258459;120
2,02E+11;18;5;24;945;1;2;1;1;6;240;D32  lieu dit l'hospital;M;4480365;162726;460
2,02E+11;18;10;2;645;2;1;1;1;2;309;Autoroute A20;M;4489869;149918;460
2,02E+11;18;3;13;1735;1;1;1;1;1;301;D1075;M;4480367;563341;380
2,02E+11;18;3;20;1650;1;1;1;1;5;342;D1075;M;4489230;561787;380
2,02E+11;18;5;9;1210;1;1;1;1;6;524;A51;M;4509113;566931;380
2,02E+11;18;5;23;1420;1;1;1;3;3;266;"D529 ""Au Cours""";M;4496841;572646;380
2,02E+11;18;6;22;1225;1;1;1;1;6;524;A51 SORTIE 10-2;M;4511016;567920;380
2,02E+11;18;7;14;129;3;1;1;1;1;524;A51 pk 3.410;M;4508711;567093;380