Num_Acc;an;mois;jour;hrmn;lum;agg;int;atm;col;com;adr;gps;lat;long;dep
2,02E+11;18;2;11;1155;1;2;1;1;3;55;47 Bd Jean Eugиne Cabass;M;4328446;541293;130
2,02E+11;18;2;12;930;1;2;2;1;3;55;63 Bd Rabatau;M;4327543;539593;130
2,02E+11;18;2;12;1010;1;2;1;7;6;55;5 Rue de la Rйpublique;M;4329958;537136;130
2,02E+11;18;2;12;1240;1;2;1;1;6;55;23 Bd de la Barasse;M;4328627;547611;130
2,02E+11;18;2;12;1530;1;2;1;1;3;55;1  FRђDђRIC SAUVAGE (BOU;M;4333067;537166;130
2,02E+11;18;2;13;800;1;2;3;1;2;55;181  PIERRE DOIZE;M;4327504;542596;130
2,02E+11;18;2;13;850;1;2;1;1;6;55;63 Bd du Sablier;M;4325105;538224;130
2,02E+11;18;9;26;1545;1;2;2;1;3;55;BAILLE (BOULEVARD);M;4328827;539280;130
2,02E+11;18;2;13;700;2;1;1;1;6;55;COL DE LA GINESTE D559;M;4324009;545730;130
2,02E+11;18;2;13;900;1;2;9;1;1;55;00  HENRI TOMASI (RUE);M;4324495;541112;130
2,02E+11;18;2;13;730;2;2;1;1;1;55;28 Rue Edmond Jaloux;M;4332882;538263;130
2,02E+11;18;2;13;1000;1;2;1;1;6;55;101  MICHELET (BOULEVARD;M;4326758;539408;130
2,02E+11;18;1;20;600;5;2;1;1;6;55;28 Bd Sakakini;M;4329774;540081;130
2,02E+11;18;2;13;1400;1;2;1;1;7;55;52 Rue Saint-Savournin;M;4329777;538757;130
2,02E+11;18;2;13;1415;1;2;1;1;3;55;25  SAINT MARCEL (BOULEV;M;4328869;545751;130
2,02E+11;18;2;13;1815;2;2;1;1;3;55;93 Av Camille Pelletan;M;4330633;537344;130
2,02E+11;18;2;13;1725;2;2;1;1;2;55;558 Av du Prado;M;4326398;537782;130
2,02E+11;18;2;14;705;1;2;6;1;6;2;Av du Canton Vert ;M;4333830;547441;130
2,02E+11;18;2;14;1530;1;2;3;1;3;55;149  PRADO (contre all‚e;M;4327871;538750;130
2,02E+11;18;2;14;1430;1;2;1;1;6;55;35 Bd de Paris;M;4331256;536866;130
2,02E+11;18;2;14;1940;5;2;2;1;2;55;60 Bd Voltaire;M;4330346;538594;130
2,02E+11;18;2;14;2230;5;2;1;1;7;55;125 Bd Chave;M;4329552;539420;130
2,02E+11;18;2;14;1950;2;2;1;1;3;55;39 Av de Saint-Just;M;4331425;540301;130
2,02E+11;18;2;15;1015;1;2;1;1;6;55;67 Ch de Sainte-Marthe;M;4332123;538978;130
2,02E+11;18;2;15;835;1;2;3;8;3;55;79  JEANNE D'ARC (BOULEV;M;4329326;540414;130
2,02E+11;18;2;15;1300;1;2;8;1;1;55;2  STRASBOURG (BOULEVARD;M;4330655;537444;130
2,02E+11;18;2;15;1350;1;2;9;1;3;55;83 Av de la Capelette;M;4328230;540307;130
2,02E+11;18;2;15;1350;1;2;1;1;6;55;201  MICHELET (BOULEVARD;M;4326318;539656;130
2,02E+11;18;2;16;118;5;2;9;1;2;55;66 Bd Charles Livon;M;4329204;535908;130
2,02E+11;18;2;15;730;2;2;1;2;6;55;15  DE SAINT LOUIS AU RO;M;4334799;535838;130
2,02E+11;18;2;16;815;1;2;1;1;6;55;265  MAZARGUES (AVENUE D;M;4326254;539315;130
2,02E+11;18;2;16;810;1;2;3;1;3;55;Allйe de la Grande Bast;M;4329568;543876;130
2,02E+11;18;2;16;1310;1;2;1;1;6;55;152 Av des Chartreux;M;4330837;540030;130
2,02E+11;18;2;16;1542;1;2;1;1;3;55;456  LYON (RUE DE);M;4334158;536028;130
2,02E+11;18;1;21;330;5;2;1;1;6;55;395* Corniche John Fitzg;M;4327030;536471;130
2,02E+11;18;1;1;2210;5;2;1;1;6;55;57  PARIS (BOULEVARD DE);M;4330794;537127;130
2,02E+11;18;2;16;2130;5;2;1;1;6;55;41 Bd Frйdйric Sauvage;M;4333661;536901;130
2,02E+11;18;2;17;900;1;2;9;2;7;55;287 Ch.Madrague-Ville;M;4333509;535789;130
2,02E+11;18;2;17;1300;1;2;1;2;3;55;76 Boulevard Gillibert;M;4326387;540428;130
2,02E+11;18;2;17;1220;1;2;1;2;4;55;Av Alexandre Fleming;M;4331590;539370;130
2,02E+11;18;2;17;1800;1;2;1;2;3;55;12 Bd Charles Nйdelec;M;4330220;537665;130
2,02E+11;18;2;17;2200;5;2;9;1;3;55;12  ROLAND DORGELES (BOU;M;4334670;537961;130
2,02E+11;18;2;18;705;2;2;9;1;6;55;23 Chemin du Roy d'Espag;M;4324076;539716;130
2,02E+11;18;2;18;1145;1;2;1;1;6;75;23 Av Louis Enjolras;M;4333804;545305;130
2,02E+11;18;2;18;1330;1;2;3;1;3;55;74  ROGER SALENGRO (AVEN;M;4331187;537226;130
2,02E+11;18;2;18;1900;5;2;3;1;2;55;380 Rue Saint-Pierre;M;4329132;541700;130
2,02E+11;18;2;19;750;2;2;1;3;6;55;5  LICES (RUE DES);M;4328946;536684;130
2,02E+11;18;2;19;835;1;2;1;2;2;55;145  RABATAU (BOULEVARD);M;4327959;539929;130
2,02E+11;18;2;19;1010;1;2;1;1;6;55;57 RueTeisseire;M;4327220;539960;130
2,02E+11;18;2;19;1130;1;2;1;1;2;55;281  Corniche John Fitzg;M;4327747;535634;130
2,02E+11;18;2;19;910;1;2;1;2;2;55;112 Av William Booth;M;4329547;544561;130
2,02E+11;18;2;19;1715;1;2;3;1;3;55;4  ARENC (QUAI D');M;4331325;536632;130
2,02E+11;18;2;19;1830;5;2;1;1;7;55;211 Av Pierre Mendиs Fra;M;4325097;537553;130
2,02E+11;18;2;20;340;5;2;1;1;6;55;503 Rue Saint-Pierre;M;4329091;541805;130
2,02E+11;18;2;20;1030;1;2;2;1;3;55;29 Rue des Vertus;M;4329098;539212;130
2,02E+11;18;2;20;915;1;2;1;1;3;55;38 Benjamin Delessert;M;4328471;540456;130
2,02E+11;18;2;20;1000;1;2;1;1;6;55;4 Rue Louis Braille;M;4329637;539687;130
2,02E+11;18;2;20;745;1;2;1;1;2;55;Rond-point Floriant;M;4328507;542529;130
2,02E+11;18;2;20;1545;1;2;1;1;6;55;546  MIRELLE LAUZE (BOUL;M;4328888;543698;130
2,02E+11;18;2;20;1900;4;2;1;1;6;55;38  MICHELET (BOULEVARD);M;4327032;539232;130
2,02E+11;18;2;21;847;1;2;1;4;7;55;19 Bd des Libйrateurs;M;4329224;546236;130
2,02E+11;18;2;21;935;1;2;9;2;2;55;rond point WRESINKI;M;4333041;541011;130
2,02E+11;18;2;21;1525;1;2;2;1;2;55;1 Bd Sakakini;M;4329880;540096;130
2,02E+11;18;2;21;1700;1;2;1;1;4;55;18 Bd Camille Flammarion;M;4330400;538700;130
2,02E+11;18;2;21;1920;5;2;1;1;2;55;00  PEINTRES ROUX (AVENU;M;4331086;546535;130
2,02E+11;18;2;21;1945;5;2;1;1;3;75;69 Av Pasteur;M;4335711;546644;130
2,02E+11;18;2;21;1940;5;2;1;1;3;55;12 Bd Gйmy;M;4332188;541314;130
2,02E+11;18;2;21;1935;5;2;1;1;1;55;5  LIBERATION (BOULEVARD;M;4329931;538599;130
2,02E+11;18;2;21;2010;5;2;3;1;3;55;111 Av de la Madrague de;M;4323501;536022;130
2,02E+11;18;2;22;810;1;2;1;1;6;55;123  BOURRELY (CHEMIN DE;M;4338419;536493;130
2,02E+11;18;2;22;1000;1;2;1;1;3;55;19 Bd de Pont de Vivaux;M;4327969;541794;130
2,02E+11;18;2;22;1130;1;2;1;1;6;55;02  REPUBLIQUE (RUE DE L;M;4329644;537405;130
2,02E+11;18;2;18;1230;1;2;4;1;1;55;00  SIDI BRAHIM (SQUARE);M;4329762;540008;130
2,02E+11;18;2;22;1400;1;2;1;1;7;55;125 Chemin des Jonquille;M;4332575;543664;130
2,02E+11;18;2;23;730;1;2;1;1;3;75;21 Av Frйdйric Mistral;M;4334894;546791;130
2,02E+11;18;2;23;950;1;2;1;1;2;55;343 Ch de Chвteau Gomber;M;4335130;543302;130
2,02E+11;18;2;23;1400;1;2;1;1;3;55;161 Av de Toulon;M;4328385;539623;130
2,02E+11;18;2;23;1510;1;2;1;1;2;55;437 Av de Saint-Antoine;M;4338479;535864;130
2,02E+11;18;2;23;1730;2;2;1;1;5;55;474 Av de Saint-Antoine;M;4338450;535860;130
2,02E+11;18;2;23;2140;5;2;1;1;6;55;02  FRANCIS CHIRAT (PLAC;M;4330119;536731;130
2,02E+11;18;2;24;124;5;2;1;1;2;55;109  SAKAKINI (BOULEVARD;M;4329253;540131;130
2,02E+11;18;2;24;1030;1;2;1;2;6;55;1 Av Jean Bouin;M;4326687;540290;130
2,02E+11;18;2;24;1420;1;2;1;3;3;55;218  CAILLOLS (AVENUE DE;M;4330337;544212;130
2,02E+11;18;2;24;1930;5;2;1;2;6;55;128 Cours Lieutaud;M;4328914;538407;130
2,02E+11;18;2;25;20;5;2;2;8;3;55;140 Av du Prado;M;4327984;538681;130
2,02E+11;18;2;25;300;5;2;1;1;6;55;8 Av Jean Lombard;M;4328936;542727;130
2,02E+11;18;2;25;640;2;1;6;2;7;55;5 Av Arnavon;M;4332999;538779;130
2,02E+11;18;2;25;1200;1;2;1;1;2;55;7 Av de Lattre de Tassig;M;4325041;540402;130
2,02E+11;18;2;26;800;1;2;9;1;3;55;46 Bd Capitaine Gиze;M;4333054;537145;130
2,02E+11;18;2;26;1356;1;2;1;1;2;55;78 Traverse des Butris;M;4329966;545607;130
2,02E+11;18;2;26;1745;1;2;1;1;6;55;4 Bd de Dunkerque;M;4330506;536719;130
2,02E+11;18;2;27;830;1;2;1;1;2;55;395 Bd Michelet;M;4325404;540171;130
2,02E+11;18;2;27;945;1;2;1;1;4;55;55 Rue Franзois Mauriac;M;4327479;541832;130
2,02E+11;18;2;27;825;1;2;3;1;3;2;Av G de Gaulle;M;4333975;548227;130
2,02E+11;18;2;27;1130;1;2;3;1;3;55;Montйe de Saint-Menet;M;4329320;549517;130
2,02E+11;18;2;27;1435;1;2;1;1;6;55;47 Bd des Dames;M;4330288;536758;130
2,02E+11;18;2;27;1300;1;2;1;1;3;55;30  TROIS LUCS (AVENUE D;M;4331013;546031;130
2,02E+11;18;2;26;1330;1;2;1;1;2;55;26 Rue Aviateur le Brix;M;4326202;540417;130
2,02E+11;18;2;27;1750;1;2;3;1;6;55;27  CAPELETTE (AVENUE DE;M;4328367;540072;130
2,02E+11;18;2;27;1840;5;2;1;1;3;55;2 Rue de la Maurelle;M;4332093;544121;130
2,02E+11;18;2;27;2150;5;2;2;1;3;55;143 Bd Rabatau;M;4327935;539930;130
2,02E+11;18;2;28;820;1;2;3;1;3;55;300 Bd Michelet;M;4325868;539887;130
2,02E+11;18;2;28;730;1;2;1;1;4;55;79  ROMAIN ROLLAND (BOUL;M;4327907;542272;130
2,02E+11;18;2;28;1155;1;2;9;1;6;55;102 Av Camille Pelletan;M;4330823;537405;130
2,02E+11;18;2;28;810;1;2;1;1;6;55;274 Bd Mireille Lauze;M;4328470;542120;130
2,02E+11;18;2;23;1122;1;2;1;1;3;55;157 Rue Paradis;M;4328697;537956;130
2,02E+11;18;2;28;1745;2;2;1;1;3;55;437 Av du Prado;M;4326738;538366;130
2,02E+11;18;2;28;1715;1;2;3;1;3;55;105 Rue de Rome;M;4329118;538077;130
2,02E+11;18;2;28;1940;5;2;1;2;1;75;00  FRђDђRIC CHEVILLON (;M;4334744;545373;130
2,02E+11;18;3;1;500;5;2;1;1;3;55;165  RABATAU (BOULEVARD);M;4328047;539935;130
2,02E+11;18;3;1;815;1;2;1;1;6;55;2 Cours de Lorraine;M;4332305;538248;130
2,02E+11;18;3;1;1140;1;2;1;1;6;55;96  RABATAU (BOULEVARD);M;4327722;539880;130
2,02E+11;18;3;1;1645;1;2;8;1;6;55;37 Av Roger Salengro;M;4331067;537304;130
2,02E+11;18;3;1;1815;1;2;3;1;1;55;0  BARRE (TRAVERSE DE LA;M;4330561;545677;130
2,02E+11;18;3;2;1350;1;2;1;1;2;55;103 Av des Caillols;M;4330378;543286;130
2,02E+11;18;3;2;1610;1;2;1;7;6;55;11  MENARD (PIERRE) (BOU;M;4329106;544219;130
2,02E+11;18;3;2;1530;1;2;1;1;3;55;138 Ch de Morgiou;M;4323959;540746;130
2,02E+11;18;3;3;1220;1;2;1;1;5;75;RP de l'olivier;M;4334402;546359;130
2,02E+11;18;3;3;1700;2;2;1;1;6;55;1 Av Bonneveine;M;4325428;538153;130
2,02E+11;18;3;3;2045;5;2;1;1;7;55;220 Av des Caillols;M;4330332;544223;130
2,02E+11;18;3;4;1340;1;2;1;2;2;2;route des Termes;M;4337001;553212;130
2,02E+11;18;3;4;1450;1;2;2;2;6;55;60 Bd Voltaire;M;4330345;538592;130
2,02E+11;18;3;4;1645;1;2;6;1;3;55;Place Louis Bonnefon;M;4325420;538170;130
2,02E+11;18;3;1;2030;5;2;3;1;3;55;60 Bld Lavйran;M;4332971;541385;130
2,02E+11;18;3;4;1530;1;2;1;1;2;55;Avenue Louis Regis;M;4328925;549670;130
2,02E+11;18;3;5;130;5;2;1;2;7;55;16 Montйe Commandant de;M;4328991;548476;130
2,02E+11;18;3;5;850;1;1;1;1;6;2;345 Rue Etienne Cucca;M;4336008;549404;130
2,02E+11;18;3;5;1710;1;2;1;2;6;55;20 Rue Montaigne;M;4330432;541396;130
2,02E+11;18;3;5;1700;1;2;1;2;7;55;SAINT MENET (AVENUE DE);M;4329120;548644;130
2,02E+11;18;3;5;1802;2;2;1;2;7;55;7 Av des Aygalades;M;4333097;536639;130
2,02E+11;18;3;5;2200;5;2;6;2;6;55;387  NATIONAL (BOULEVARD;M;4331505;537290;130
2,02E+11;18;3;6;1740;2;2;1;1;3;55;00  SALVADOR ALLENDE (RU;M;4333012;539196;130
2,02E+11;18;3;7;1200;1;2;1;1;4;55;191 Bd de la Valbarelle;M;4328862;545555;130
2,02E+11;18;3;7;1530;1;2;1;1;2;55;165 Traverse de la Marti;M;4330010;547652;130
2,02E+11;18;3;8;10;5;2;1;1;6;55;295  LYON (RUE DE);M;4333611;536316;130
2,02E+11;18;3;8;30;5;2;1;1;1;55;00  MENARD (PIERRE) (BOU;M;4328961;543801;130
2,02E+11;18;3;8;1305;1;2;1;1;3;55;270 Bd Danielle Casanova;M;4333367;537817;130
2,02E+11;18;3;8;1410;1;2;1;1;3;55;Rond-Point Pierre Paraf;M;4333053;538901;130
2,02E+11;18;3;9;1330;1;2;1;1;6;55;36 Av Florian;M;4328311;542601;130
2,02E+11;18;3;9;1445;1;2;3;1;3;55;1  IENA (RUE D');M;4328501;538964;130
2,02E+11;18;3;10;10;5;2;6;1;3;55;Avenue des Caillols;M;4330383;542855;130
2,02E+11;18;3;10;1615;1;2;3;1;1;55;211 Bd Romain Rolland;M;4327493;541578;130
2,02E+11;18;3;10;1230;1;2;1;1;6;55;85  SAINT LOUP (BOULEVAR;M;4328288;543236;130
2,02E+11;18;3;10;1645;1;2;6;1;7;55;Sormiou Roy d'Espagne;M;4323525;539906;130
2,02E+11;18;3;10;1520;1;2;1;1;2;55;Avenue ODESSA;M;4324355;536961;130
2,02E+11;18;3;11;1045;1;2;3;1;3;55;00  CHARTREUX (AVENUE DE;M;4330801;540012;130
2,02E+11;18;3;12;730;2;2;7;1;6;55;Collиge Roy d'Espagne;M;4324069;539700;130
2,02E+11;18;3;12;1500;1;2;1;1;6;55;22 Av de la Croix Rouge;M;4333066;543093;130
2,02E+11;18;3;12;1530;1;2;6;1;2;55;254 Av des Peintres Roux;M;4329761;547958;130
2,02E+11;18;3;12;1730;1;2;1;1;6;55;15  CHUTES LAVI (AVENUE);M;4331347;539704;130
2,02E+11;18;3;12;945;1;2;2;1;6;55;28  PADOUANE (BD DE LA );M;4335326;536976;130
2,02E+11;18;3;13;830;1;2;3;1;3;55;129  OLIVES (AVENUE DES);M;4332657;543816;130
2,02E+11;18;3;13;950;1;2;2;1;5;55;43 Rue Dr Escat;M;4328348;538234;130
2,02E+11;18;3;13;1700;1;2;1;1;3;55;62  PIERRE DOIZE  (RUE);M;4327947;542871;130
2,02E+11;18;3;13;2100;5;2;1;1;6;55;32 Rue Marйchal Fayolle;M;4330000;539857;130
2,02E+11;18;3;14;5;5;2;1;1;3;55;256  ROGER SALENGRO (AVE;M;4332178;536765;130
2,02E+11;18;3;14;1200;1;2;3;1;3;55;PEYSSONNEL (RUE);M;4330768;537256;130
2,02E+11;18;3;14;1215;1;2;1;1;3;55;25  SABLIER (BOULEVARD D;M;4325265;538215;130
2,02E+11;18;2;22;1145;1;2;1;1;3;55;8  ATHENES (BOULEVARD D';M;4329981;538083;130
2,02E+11;18;3;14;1639;1;2;2;1;3;55;ST JOSEPH A STE MART;M;4334530;538265;130
2,02E+11;18;3;14;1500;1;2;7;1;6;55;2 place gйnйral fйriй;M;4327752;539913;130
2,02E+11;18;3;15;950;1;2;1;2;6;55;4 Bd Baille;M;4328617;538496;130
2,02E+11;18;3;15;830;1;2;2;2;3;75;00  ANDRE MALRAUX (BD);M;4334627;546054;130
2,02E+11;18;2;15;1315;1;2;1;8;2;55;4 Av de la Corse;M;4328979;536585;130
2,02E+11;18;3;15;1230;1;2;1;3;6;55;112  HAMBOURG (BOULEVARD;M;4324962;538909;130
2,02E+11;18;3;15;1535;1;2;1;1;6;55;00  FRANCOISE DUPARC (BO;M;4330940;540295;130
2,02E+11;18;3;15;1919;5;2;2;1;2;55;45  MAURIAC (RUE);M;4327594;541743;130
2,02E+11;18;3;16;5;5;2;1;1;6;55;8 Rue des Catalans;M;4329088;535594;130
2,02E+11;18;3;16;720;1;2;3;1;2;55;80 Bld de Saint-Marcel;M;4328880;546133;130
2,02E+11;18;3;16;830;1;2;1;1;6;55;73 Av de la Capelette;M;4328267;540265;130
2,02E+11;18;3;16;800;1;2;1;1;6;55;422  PRADO (Avenue du);M;4326574;538113;130
2,02E+11;18;3;16;1150;1;2;1;1;6;55;26 Rue George;M;4329754;539767;130
2,02E+11;18;3;16;1220;1;2;2;1;2;55;8  DESAUTEL (AVENUE);M;4325263;540361;130
2,02E+11;18;3;16;1318;1;2;1;1;6;55;38 Av des Caillols;M;4330398;542490;130
2,02E+11;18;3;16;1500;1;2;1;1;2;55;00  CHARLES LIVON (BOULE;M;4329218;536359;130
2,02E+11;18;3;16;1730;1;2;3;1;6;55;98 Bd de la Blancarde;M;4330320;540313;130
2,02E+11;18;3;16;1450;1;2;2;1;6;55;00  SAINT JACQUES (RUE);M;4328895;538003;130
2,02E+11;18;3;16;2013;5;2;3;1;3;55;00  FIFI TURIN (RUE);M;4327912;541223;130
2,02E+11;18;3;16;2017;5;2;3;1;2;55;57 Route Lйon Lachamp;M;4324616;543110;130
2,02E+11;18;3;16;2200;5;2;1;8;2;55;399  PARADIS (RUE);M;4327514;538448;130
2,02E+11;18;3;17;935;1;2;1;1;3;55;410 Av de Montolivet;M;4331820;542283;130
2,02E+11;18;3;17;1230;1;2;2;1;3;55;5  BEL AIR (RUE);M;4328958;538238;130
2,02E+11;18;3;17;1410;1;2;1;1;6;55;1 Rue de la Charitй;M;4330017;536732;130
2,02E+11;18;3;17;1900;1;2;3;1;3;55;10  GUSTAVE GANAY (BOULE;M;4326563;539894;130
2,02E+11;18;3;17;2050;5;2;2;1;3;55;148 Rue du Rouet;M;4327843;539230;130
2,02E+11;18;3;17;2130;5;2;1;1;3;55;112  WILLIAM BOOTH (AVEN;M;4329561;544618;130
2,02E+11;18;3;18;1740;1;2;1;1;2;55;39 Av du Corail;M;4323869;537381;130
2,02E+11;18;3;18;1755;2;2;1;8;6;55;32  AUPHAN (RUE);M;4331687;537630;130
2,02E+11;18;5;21;2005;2;2;3;1;3;55;MAZARGUES (AVENUE DE);M;4326850;538876;130
2,02E+11;18;3;18;1940;2;2;3;1;3;55;130  RABATAU (BOULEVARD);M;4327934;539929;130
2,02E+11;18;3;19;915;1;2;3;1;2;55;73  SAINT MARCEL (BOULEV;M;4328881;546136;130
2,02E+11;18;3;19;1730;1;2;3;1;3;55;65 Av du Merlan;M;4333777;540748;130
2,02E+11;18;3;20;805;1;2;2;1;3;55;00  ITALIE (RUE D');M;4328884;538290;130
2,02E+11;18;3;20;1425;1;2;1;1;3;55;738  LITTORAL (CHEMIN DU;M;4335899;531806;130
2,02E+11;18;3;20;1700;1;2;1;1;4;55;485 Av du Prado;M;4326580;538087;130
2,02E+11;18;3;20;1330;1;2;6;1;2;55;126 Rue F. Mauriac;M;4327034;542305;130
2,02E+11;18;3;20;2245;5;2;1;1;7;55;58  WILLIAM BOOTH (AVENU;M;4329382;544070;130
2,02E+11;18;3;21;1200;1;2;1;1;6;55;6 Traverse de Gibraltar;M;4331601;538983;130
2,02E+11;18;3;21;1210;1;2;9;1;3;55;56 Bd Notre Dame;M;4328794;537341;130
2,02E+11;18;3;21;1900;5;2;1;1;5;55;28  ST JOSEPH A STE MART;M;4334025;538722;130
2,02E+11;18;3;21;1030;2;2;3;4;3;55;RTE D' ALLAUCH;M;4330923;550051;130
2,02E+11;18;3;22;710;5;2;1;1;1;55;7  BONNETERIE (RUE);M;4329702;537163;130
2,02E+11;18;3;22;920;1;2;1;1;1;55;17  ALEX ANSALDI (RUE);M;4333550;539976;130
2,02E+11;18;3;22;1330;1;2;2;1;1;55;GOUFFE (COURS);M;4328639;538583;130
2,02E+11;18;3;22;1415;1;2;1;1;3;55;5 Quai de Rive Neuve;M;4329381;537288;130
2,02E+11;18;3;22;1650;1;2;2;1;3;55;00  COLBERT (RUE)    IMP;M;4329926;537412;130
2,02E+11;18;3;22;1800;1;2;1;1;7;55;585  SAINT PIERRE (RUE);M;4329100;541784;130
2,02E+11;18;3;23;900;1;2;1;1;2;55;123  COMMANDERIE (CHEMIN;M;4334442;536094;130
2,02E+11;18;3;23;900;2;2;1;1;3;55;161  MARђCHAL DE LATTRE;M;4324599;542016;130
2,02E+11;18;3;23;840;1;2;3;1;3;55;121  MAZARGUES (AVENUE D;M;4326700;538963;130
2,02E+11;18;3;23;1315;1;2;3;1;3;55;10  VOLTAIRE    PAIRS (B;M;4330206;538251;130
2,02E+11;18;3;23;1430;1;2;2;1;3;55;JEANNE D'ARC (BOULEV;M;4329274;540729;130
2,02E+11;18;3;23;1800;1;2;1;1;1;55;122  CHARTREUX (AVENUE D;M;4330672;539968;130
2,02E+11;18;3;23;2015;5;2;3;1;5;55;00  MADRAGUE VILLE (chem;M;4332778;535992;130
2,02E+11;18;3;23;2200;5;2;1;1;2;55;2 Av Talabot;M;4326858;537079;130
2,02E+11;18;3;24;620;2;2;1;1;2;55;246 Bd de la Barasse;M;4328405;549047;130
2,02E+11;18;3;24;1320;1;2;3;1;3;55;89 Rue du Dr Cauvin;M;4329830;541680;130
2,02E+11;18;3;24;1410;1;2;3;1;6;55;202  VALBARELLE (BOULEVA;M;4328860;545527;130
2,02E+11;18;3;19;1130;1;2;1;1;6;55;9  LAZARET (QUAI DU);M;4330674;536576;130
2,02E+11;18;3;24;1900;5;2;1;1;3;55;41 Rue Pierre Doize;M;4328020;542910;130
2,02E+11;18;3;24;2115;5;2;9;1;3;55;99  AUGUSTIN AUBERT (RUE;M;4326436;540400;130
2,02E+11;18;3;25;600;3;2;2;1;3;55;24  PIERRE PUGET (COURS);M;4329009;537251;130
2,02E+11;18;3;25;1720;1;2;3;1;1;55;6  RAOUL BUSQUET (RUE);M;4328435;538656;130
2,02E+11;18;3;25;1830;1;2;1;1;5;55;332 Av des Poilus;M;4331455;546237;130
2,02E+11;18;3;26;730;1;2;3;1;3;55;7  SERY (TRAVERSE);M;4331376;538904;130
2,02E+11;18;3;26;742;1;2;1;1;2;55;176  SAINT LOUP (BOULEVA;M;4328410;543584;130
2,02E+11;18;3;26;745;1;2;1;1;2;55;JEAN PAUL SARTRE (AVENUE;M;4332549;542349;130
2,02E+11;18;3;26;1410;1;2;1;1;3;55;16 Bd Gustave Ganay;M;4326581;539983;130
2,02E+11;18;3;26;1810;1;2;3;1;3;55;Bd du Cabot ;M;4326018;541584;130
2,02E+11;18;3;26;1715;1;2;1;1;4;55;36  PLOMBIERES (BOULEVAR;M;4331543;538642;130
2,02E+11;18;3;26;2220;5;2;1;1;1;55;107  LODI (RUE DE);M;4328753;538888;130
2,02E+11;18;3;27;745;1;2;1;1;2;55;271 *Corniche John Fitzg;M;4327942;535346;130
2,02E+11;18;3;27;1205;1;2;1;1;6;55;162  TIMONE (AVENUE DE L;M;4328671;541072;130
2,02E+11;18;3;27;1430;1;2;9;1;3;55;19  DELPHES (AVENUE DE);M;4328425;538798;130
2,02E+11;18;3;27;1510;1;2;6;1;3;55;168  SAINT MENET AVENUE;M;4328798;550587;130
2,02E+11;18;3;27;1630;1;2;2;1;3;55;00  BRUYS (RUE DE);M;4329699;538881;130
2,02E+11;18;3;27;1920;1;2;1;1;6;55;24 Bd des Dames;M;4330187;537230;130
2,02E+11;18;3;27;1905;2;2;1;1;3;55;316  OLIVES (AVENUE DES);M;4332316;544801;130
2,02E+11;18;3;28;2240;5;2;1;1;3;55;21  SAINTE MARTHE (chemi;M;4331879;539027;130
2,02E+11;18;3;28;155;5;2;6;1;6;55;00  SORMIOU (CHEMIN DE);M;4323535;539896;130
2,02E+11;18;3;28;1315;1;2;1;1;3;55;65  ACCATES (CHEMIN DES);M;4330153;549166;130
2,02E+11;18;3;28;1210;1;2;1;1;6;55;126  PRADO (AVENUE DU);M;4328010;538701;130
2,02E+11;18;3;28;1510;1;2;1;1;2;55;SAINT ANTOINE A SAINT JO;M;4335293;537222;130
2,02E+11;18;3;28;1845;1;2;1;1;6;55;110 Bd Oddo;M;4332915;536538;130
2,02E+11;18;3;28;2245;5;2;1;1;3;55;134  SAINTE MARTHE (chem;M;4332502;538830;130
2,02E+11;18;3;28;1015;1;2;1;1;2;55;72 Bd Jean Moulin;M;4329031;539998;130
2,02E+11;18;3;29;1338;1;2;1;1;3;55;St Pierre Petite Porte;M;4329049;541968;130
2,02E+11;18;3;29;1525;1;2;1;1;7;55;178 Lйon Lachamp;M;4324922;545122;130
2,02E+11;18;3;29;1815;1;2;1;1;3;55;00  LOUIS REGIS (RUE);M;4328864;549900;130
2,02E+11;18;3;30;20;5;2;1;1;2;55;8  SAINT JOSEPH A SAINT;M;4334951;537533;130
2,02E+11;18;3;30;55;5;2;1;1;2;55;349  ROMAIN ROLLAND (BOU;M;4327111;540879;130
2,02E+11;18;3;29;2330;5;2;1;1;2;55;2  PAUL PEYTRAL (BOULEVA;M;4329022;537931;130
2,02E+11;18;3;30;910;1;2;1;8;6;55;00  COL DE LA GINESTE D5;M;4323982;545598;130
2,02E+11;18;3;30;1100;1;2;6;1;3;75;4C  GENERAL DE GAULLE (M;M;4334536;546489;130
2,02E+11;18;3;30;1315;1;2;1;1;2;55;56  CAPITAINE GEZE (BOUL;M;4333093;537283;130
2,02E+11;18;3;30;1633;1;2;1;1;3;55;72 Bd Simon Bolivar;M;4334574;537845;130
2,02E+11;18;3;30;1950;2;1;1;1;3;55;9 Allйe de la Rouguiиre;M;4329495;545793;130
2,02E+11;18;3;31;935;1;2;1;1;2;55;23  AIGUILLETTE (RUE DE;M;4331283;542790;130
2,02E+11;18;3;31;1125;1;2;1;1;3;55;43  pointe rouge (ave);M;4324764;537442;130