Num_Acc;an;mois;jour;hrmn;lum;agg;int;atm;col;com;adr;gps;lat;long;dep
2,02E+11;18;3;31;1615;1;2;1;1;6;55;339  Corniche John Fitzg;M;4327290;536294;130
2,02E+11;18;3;31;1810;1;2;1;1;4;55;6 Bd de la Cartonnerie;M;4329260;545810;130
2,02E+11;18;4;1;1120;1;2;4;1;3;55;Bd. de VALDONNE;M;4332444;541552;130
2,02E+11;18;4;1;1700;1;2;1;1;3;55;1 Bd Charles Livon;M;4329224;536328;130
2,02E+11;18;4;1;1530;1;2;1;1;6;55;La Rouviиre;M;4325291;542189;130
2,02E+11;18;4;1;1630;1;2;9;1;7;55;SAINT ANTOINE (AVENUE DE;M;4336634;535679;130
2,02E+11;18;4;1;1850;1;2;3;1;3;55;BAILLE (BOULEVARD);M;4328680;538689;130
2,02E+11;18;4;1;2050;5;2;3;1;3;55;FRANЂOISE DUPARC (BOULEV;M;4330193;540063;130
2,02E+11;18;4;2;255;5;2;1;1;6;55;1 Bd du Chalet;M;4323605;540953;130
2,02E+11;18;4;2;915;1;2;1;1;3;55;82 Av. Jean Lombard;M;4328888;543162;130
2,02E+11;18;3;30;1941;2;2;1;1;1;55;BOURRELY (CHEMIN DES);M;4337545;535799;130
2,02E+11;18;4;2;1510;1;2;1;1;2;55;PRADO (AVENUE DU);M;4327836;538800;130
2,02E+11;18;4;3;900;1;2;1;1;3;55;40 Bd Franзoise Duparc;M;4330227;540077;130
2,02E+11;18;4;3;805;1;2;3;1;3;55;TOULON (AVENUE DE);M;4328501;538964;130
2,02E+11;18;4;3;911;1;2;1;1;6;55;HAMBOURG (BOULEVARD);M;4325415;538277;130
2,02E+11;18;4;3;1300;1;2;3;1;3;55;Dames Rйpublique;M;4330268;536879;130
2,02E+11;18;4;3;1700;1;2;1;1;2;55;CORPS EXPEDITIONNAIRE FR;M;4327984;544195;130
2,02E+11;18;4;3;1710;1;2;1;8;7;55;452 Rue Paradis;M;4327434;538484;130
2,02E+11;18;4;3;2000;2;2;3;1;3;55;CHE DE LA COLLINE SAINT;M;4325074;541529;130
2,02E+11;18;4;3;2225;5;2;2;1;3;55;ROGER BRUN (RUE);M;4328629;539136;130
2,02E+11;18;4;3;2115;5;2;1;1;2;55;PRADO (AVENUE DU);M;4326800;538432;130
2,02E+11;18;4;4;730;1;2;1;1;2;55;Rue de la Rйpublique;M;4330233;536908;130
2,02E+11;18;4;4;1230;1;2;2;1;3;55;JEAN MERMOZ (RUE);M;4327175;538683;130
2,02E+11;18;4;4;1325;1;2;1;1;6;55;24 Allйe Marcel Soulat;M;4332593;538897;130
2,02E+11;18;4;4;1350;1;2;1;1;2;55;25 Bd de la Corderie;M;4329036;537015;130
2,02E+11;18;4;4;1400;1;2;6;1;3;55;MARCEAU (PLACE);M;4330488;537323;130
2,02E+11;18;4;4;1820;1;2;9;1;6;55;ODDO (bd);M;4332916;536544;130
2,02E+11;18;4;5;825;1;2;2;1;3;55;FELIBRES (AVENUE DES);M;4331144;542289;130
2,02E+11;18;4;5;1750;1;2;4;1;3;55;Georges BRAQUE (avenue);M;4333329;540044;130
2,02E+11;18;4;5;2130;5;2;1;1;6;55;66 Bd de St-Marcel;M;4328876;545960;130
2,02E+11;18;4;5;2111;5;2;1;1;6;55;BASILE BARRELIER (BOULEV;M;4333916;539004;130
2,02E+11;18;4;5;2340;5;2;1;1;2;55;FRANЂOISE DUPARC (BOULEV;M;4330581;540094;130
2,02E+11;18;4;6;130;5;2;3;1;3;55;162 Av Capelette;M;4328040;540834;130
2,02E+11;18;4;6;210;5;2;1;1;1;55;39 Quai des Belges;M;4329438;537460;130
2,02E+11;18;4;6;130;5;2;1;1;6;55;62 Rue Roger Brun;M;4328564;539288;130
2,02E+11;18;4;6;740;1;2;1;1;3;55;OLIVES (AVENUE DES);M;4332677;543760;130
2,02E+11;18;4;6;810;1;2;1;1;2;75;REPUBLIQUE (AVE DE LA);M;4334995;546098;130
2,02E+11;18;4;5;1845;1;2;1;1;3;55;avenue Colgate;M;4323249;540382;130
2,02E+11;18;4;6;1450;1;2;2;1;3;55;JEAN MERMOZ (RUE);M;4327459;538682;130
2,02E+11;18;4;6;1500;1;2;1;1;4;55;55 Bd du Cabot;M;4325862;541741;130
2,02E+11;18;4;5;1930;1;2;1;1;6;55;SAINTE MARGUERITE (BOULE;M;4326450;540957;130
2,02E+11;18;4;6;1515;1;2;1;1;1;55;LE CHATELIER;M;4334878;537190;130
2,02E+11;18;4;6;1300;1;2;1;1;6;55;ALBERT EINSTEIN (RUE);M;4333297;543031;130
2,02E+11;18;4;6;1515;2;2;1;1;2;55;MENDES FRANCE;M;4325728;537652;130
2,02E+11;18;4;6;1540;1;2;1;1;6;55;23 Av du Prado;M;4328420;538475;130
2,02E+11;18;4;6;1650;1;2;3;1;3;55;CHARLES LIVON (BOULEVARD;M;4329201;535894;130
2,02E+11;18;4;6;1830;1;2;1;1;6;55;41 Rue de la Rйpublique;M;4329998;537102;130
2,02E+11;18;4;6;2205;5;2;3;1;2;55;ALEX. FLEMING (BOULEVARD;M;4331653;539697;130
2,02E+11;18;4;7;920;1;2;1;1;3;55;ANTOINE DEL BELLO (RUE);M;4328219;541188;130
2,02E+11;18;4;7;1115;1;2;1;1;2;55;BERTHIER (BOULEVARD);M;4329334;543443;130
2,02E+11;18;4;7;1315;1;2;1;1;2;55;ROMAIN ROLLAND (BOULEVAR;M;4327652;541842;130
2,02E+11;18;4;7;1810;1;2;1;1;4;55;182 Bd Jean Moulin;M;4328178;539929;130
2,02E+11;18;4;7;2200;5;2;1;1;6;55;DE LA SOLITUDE (TRAVERSE;M;4328145;550205;130
2,02E+11;18;4;7;2300;5;2;2;1;6;55;79 Cours Pierre Puget;M;4328993;537259;130
2,02E+11;18;4;8;325;5;2;1;1;6;55;1 Rue Mirиs;M;4331168;537165;130
2,02E+11;18;3;29;645;1;2;1;1;6;55;4 Bd Guillermin;M;4333347;543249;130
2,02E+11;18;4;8;1255;1;2;1;1;3;55;SAINT PIERRE (RUE);M;4329172;540338;130
2,02E+11;18;4;8;2056;2;2;3;1;3;55;47 Cours Julien;M;4329406;538343;130
2,02E+11;18;4;9;820;1;2;1;2;3;55;Bd des Bassins de Radoub;M;4332260;536180;130
2,02E+11;18;4;9;1250;1;2;1;1;6;55;8 Allйe Lйon Gambetta;M;4329912;538128;130
2,02E+11;18;4;9;1730;1;2;1;1;2;55;JOLIETTE (QUAI DE LA);M;4330346;536479;130
2,02E+11;18;4;9;1710;1;2;1;1;3;55;253 Av. Capelette;M;4327942;541124;130
2,02E+11;18;4;10;610;5;2;1;2;6;55;AVENUE DES AYGALADES;M;4333378;536802;130
2,02E+11;18;4;6;1315;1;2;2;1;3;55;Bd Franзoise Duparc;M;4330291;540058;130
2,02E+11;18;4;10;1215;1;2;1;1;2;55;16 Rue Sainte-Barbe;M;4330037;537448;130
2,02E+11;18;4;10;1345;1;2;2;1;3;55;ITALIE (RUE D');M;4328884;538290;130
2,02E+11;18;4;10;1245;1;2;4;1;3;55;SAINT MARCEL BOULEVARD;M;4328878;546134;130
2,02E+11;18;4;10;1355;1;2;1;1;5;55;SAINT ANTOINE (AVENUE DE;M;4337666;535627;130
2,02E+11;18;4;10;1320;1;2;2;1;3;55;LOUIS REGIS (RUE);M;4328864;549900;130
2,02E+11;18;4;6;1845;1;2;1;1;3;55;BOURGEOIS (RUE LђON);M;4330159;539133;130
2,02E+11;18;4;11;940;1;2;3;2;1;55;BENJAMIN DELESSERT (RUE);M;4328444;540462;130
2,02E+11;18;4;11;1030;1;2;1;2;2;55;BONNEFOY (RUE);M;4327945;539951;130
2,02E+11;18;4;11;1300;1;2;4;2;3;55;LOUBIERE (RUE DE LA);M;4329049;538911;130
2,02E+11;18;4;11;1505;1;2;1;3;6;55;ENDOUME (RUE D');M;4328525;536011;130
2,02E+11;18;4;11;1755;1;2;4;3;3;55;VALLON DE TOULOUSE (RUE);M;4326804;541837;130
2,02E+11;18;4;11;1730;1;2;7;3;2;55;DOCTEUR LђON IMBERT (PLA;M;4329431;539788;130
2,02E+11;18;4;12;850;1;2;1;3;2;55;ROND-POINTALAIN SAVARY;M;4324587;539505;130
2,02E+11;18;4;12;825;1;2;1;3;6;55;MAZARGUES (AVENUE DE);M;4326470;539160;130
2,02E+11;18;4;12;1350;1;2;1;1;2;55;PARADIS (RUE);M;4327183;538592;130
2,02E+11;18;4;12;1815;1;2;1;1;4;55;51 Rue Loubon;M;4331241;538004;130
2,02E+11;18;4;12;2000;5;2;2;2;3;55;ANDRE ZENATTI (AVENUE);M;4324621;538863;130
2,02E+11;18;4;13;1050;1;2;1;1;1;55;188 Av de Toulon;M;4328487;539458;130
2,02E+11;18;4;13;1215;1;2;4;1;3;55;REDON (BOULEVARD DU);M;4324793;542392;130
2,02E+11;18;4;13;1800;1;2;3;1;3;55;MADRAGUE VILLE (chemin d;M;4333247;535890;130
2,02E+11;18;4;14;320;5;2;6;2;7;55;"Av; Peintres Roux";M;4330605;546971;130
2,02E+11;18;4;14;300;4;2;1;1;2;55;ODDO (bd);M;4332891;536432;130
2,02E+11;18;4;14;845;1;2;1;1;3;55;18 Av du Corps Expйditio;M;4328039;544217;130
2,02E+11;18;4;14;2100;5;2;2;1;3;55;BOULEVARD DEPLOMBIERES;M;4331607;538403;130
2,02E+11;18;4;14;2040;5;2;1;1;3;55;VALBARELLE (BOULEVARD DE;M;4328584;544256;130
2,02E+11;18;4;15;40;5;2;2;1;3;55;BD MAURICE BOURDET;M;4330330;537902;130
2,02E+11;18;4;14;1820;1;2;1;8;2;55;70 Bd de Paris;M;4330839;537102;130
2,02E+11;18;4;15;1915;1;2;1;1;6;55;LA MARTINE (CHEMIN DU);M;4337541;536461;130
2,02E+11;18;4;15;1815;1;2;1;1;2;55;PRADO (AVENUE DU);M;4326350;537731;130
2,02E+11;18;4;15;1945;2;2;2;1;6;55;POMME (BOULEVARD DE LA );M;4329353;545241;130
2,02E+11;18;4;16;103;5;2;2;1;3;55;ROBERT SCHUMANN (AVENUE);M;4330310;536660;130
2,02E+11;18;4;16;1;4;2;1;1;1;55;chemin de la LA NERTHE;M;4336334;531441;130
2,02E+11;18;4;11;1653;1;2;2;3;3;55;BD SAKAKINI;M;4329749;540087;130
2,02E+11;18;4;16;1500;1;2;1;1;2;55;61 Rue Raymond Teisseire;M;4327187;539987;130
2,02E+11;18;4;16;1820;1;2;1;7;1;55;ROY D'ESPAGNE (CHEMIN);M;4324414;539644;130
2,02E+11;18;4;16;1920;1;2;1;1;2;55;VERDILLON (RUE);M;4327498;542583;130
2,02E+11;18;4;13;1830;1;2;2;2;6;55;BAILLE (BOULEVARD);M;4328998;539884;130
2,02E+11;18;4;17;954;1;2;2;1;3;55;PARIS (BOULEVARD DE);M;4330621;537227;130
2,02E+11;18;4;17;1055;1;2;1;1;3;55;8 Av. de St-Antoine;M;4336666;535674;130
2,02E+11;18;4;17;1115;1;2;1;1;6;55;LIEUTAUD (COURS);M;4328731;538502;130
2,02E+11;18;4;18;1;5;2;1;1;6;55;ROVE (ROUTE DU);M;4336033;529586;130
2,02E+11;18;4;17;1511;1;2;1;1;3;55;SAINT ANTOINE (AVENUE DE;M;4337424;535572;130
2,02E+11;18;4;13;830;1;2;1;1;3;55;MORETTI (BOULEVARD);M;4332506;538208;130
2,02E+11;18;4;18;1715;1;2;1;1;7;55;ENCO DE BOTTE (RTE);M;4331430;546670;130
2,02E+11;18;4;19;800;1;2;1;1;3;55;18 Bd des Bassins de Rad;M;4332053;536260;130
2,02E+11;18;4;19;825;1;2;1;1;3;55;MIREILLE LAUZE (Bd);M;4328675;543123;130
2,02E+11;18;4;19;1205;1;2;4;1;6;55;194 Rue de Rome;M;4328667;538325;130
2,02E+11;18;4;19;810;1;2;3;1;3;55;REDON (BOULEVARD DU);M;4324567;542610;130
2,02E+11;18;4;19;1030;1;2;1;1;2;55;95 Av Jean Lombard;M;4328935;543775;130
2,02E+11;18;4;19;1215;1;2;9;7;3;55;65 Corniche J F K;M;4328995;535578;130
2,02E+11;18;4;20;545;5;2;1;1;3;55;203 Av Pierre Mendиs Fra;M;4325138;537571;130
2,02E+11;18;4;20;1030;1;2;1;1;3;55;FRANЂOISE DUPARC (BOULEV;M;4330119;540103;130
2,02E+11;18;4;20;1238;1;2;6;1;2;55;MILLIE MATHYS (AVENUE);M;4336508;534707;130
2,02E+11;18;4;20;1845;1;2;1;1;6;2;14 Av Jean Moulin;M;4335923;548767;130
2,02E+11;18;4;20;2115;5;2;2;1;3;55;MARђCHAL DE LATTRE (AVEN;M;4325005;540438;130
2,02E+11;18;4;21;1705;1;2;1;1;1;55;14 Bd de la Station;M;4333279;538451;130
2,02E+11;18;4;21;1730;1;2;1;1;6;55;Corniche JFK;M;4328064;535258;130
2,02E+11;18;4;21;2300;5;2;1;1;3;55;141 Route Lйon Lachamp;M;4324875;544096;130
2,02E+11;18;4;17;1922;1;2;9;1;3;55;SAINT JUST (AVENUE DE);M;;;130
2,02E+11;18;4;22;615;2;2;2;1;3;55;ROGER SALENGRO (AVENUE);M;4331670;536911;130
2,02E+11;18;4;22;1130;1;2;1;1;2;55;53 Av. Clot Bey;M;4326007;538685;130
2,02E+11;18;4;22;810;1;2;1;1;3;55;PRADO (AVENUE DU);M;4326801;538434;130
2,02E+11;18;4;22;1345;1;2;1;1;2;55;32 Bd Schloesing;M;4327275;540088;130
2,02E+11;18;4;23;830;1;2;6;1;3;55;PIERRE DOIZE  (RUE);M;4327811;542763;130
2,02E+11;18;4;23;2015;2;2;1;1;3;55;"Av; MENDES FRANCE";M;4325990;537537;130
2,02E+11;18;4;23;2110;5;2;2;1;6;55;FRANЂOISE DUPARC (BOULEV;M;4330294;540087;130
2,02E+11;18;4;23;2350;5;2;1;1;3;55;189 Corniche JFK;M;4328407;534988;130
2,02E+11;18;4;24;745;1;2;3;1;3;55;1 Av Gйnйral Leclerc;M;4330328;537898;130
2,02E+11;18;4;24;910;1;2;9;1;2;55;ROMAIN ROLLAND (BOULEVAR;M;4327952;542355;130
2,02E+11;18;4;23;1840;1;2;1;1;2;55;JEAN MOULIN (BOULEVARD);M;4329319;540319;130
2,02E+11;18;4;23;1515;1;2;1;1;6;55;3 Rue des Catalans;M;4329110;535580;130
2,02E+11;18;4;24;1155;1;2;1;1;7;55;207 Route Lйon Lachamp;M;4324955;544899;130
2,02E+11;18;4;24;1515;1;2;1;1;2;55;AVENUE DU PRADO;M;4326397;537800;130
2,02E+11;18;4;22;500;5;2;3;1;3;55;ROMAIN ROLLAND (BOULEVAR;M;4327461;541523;130
2,02E+11;18;4;25;920;1;2;3;1;6;55;MERLAN (AVENUE);M;4333626;540729;130
2,02E+11;18;4;25;1245;1;2;1;1;6;55;Place Gйnйral de Gaulle;M;4329510;537606;130
2,02E+11;18;4;25;1150;1;2;1;1;2;55;SAKAKINI (BOULEVARD);M;4329754;540074;130
2,02E+11;18;4;25;1400;1;2;1;1;4;55;L ARMEE D AFRIQUE (CHEMI;M;4328755;541205;130
2,02E+11;18;4;25;1650;1;2;4;1;3;55;CANEBIERE     1 A 79;M;4329729;538016;130
2,02E+11;18;4;25;1830;1;2;1;1;3;55;MICHELET (BOULEVARD);M;4325367;540193;130
2,02E+11;18;4;25;1800;1;2;1;1;6;55;MENDES FRANCE (AVENUE);M;4325167;537562;130
2,02E+11;18;4;25;1849;1;2;1;1;6;55;141 Av de Toulon;M;4328492;539438;130
2,02E+11;18;4;25;2115;5;2;1;1;1;55;48 Rue Aviateur le Brix;M;4325994;540282;130
2,02E+11;18;4;25;2340;5;2;3;1;3;55;139 Ch St-Joseph А Ste-M;M;4334596;538144;130
2,02E+11;18;4;25;2050;5;2;3;1;1;55;CLAUDE MONET (avenue);M;4332374;539313;130
2,02E+11;18;4;25;2250;5;2;1;1;7;55;CAP PINEDE (Avenue);M;4332901;536644;130
2,02E+11;18;4;26;810;1;2;3;1;3;55;CHEMIN DE CEZANNE;M;4336896;531167;130
2,02E+11;18;4;26;845;1;2;1;1;2;55;Corniche John Fitzg‚rald;M;4327278;536287;130
2,02E+11;18;4;26;1720;1;2;1;1;7;55;CORPS EXPEDITIONNAIRE FR;M;4327920;544124;130
2,02E+11;18;4;27;1;5;2;1;1;3;55;409 Bd Michelet;M;4325282;540272;130
2,02E+11;18;4;27;1154;1;2;1;1;2;55;Av Gйnйral Leclerc;M;4330460;537512;130
2,02E+11;18;4;27;1610;1;2;2;1;6;55;BARRAL PROLONGE ( Bd);M;4326327;538990;130
2,02E+11;18;4;27;2115;4;2;9;1;6;55;53 Allйe des Tamaris;M;4327138;541421;130
2,02E+11;18;4;27;2115;5;2;2;1;1;55;SAINT JEAN DU DESERT (CH;M;4329380;540960;130
2,02E+11;18;4;28;1300;1;2;1;1;3;55;SABLIERE (ROUTE DE LA);M;4329333;547976;130
2,02E+11;18;4;28;1540;1;2;6;1;3;55;LYON (RUE DE);M;;;130
2,02E+11;18;4;28;1835;1;2;1;1;6;55;134 Av. du 24 Avril 1915;M;4330811;543484;130
2,02E+11;18;4;28;500;5;2;1;1;6;55;30 Rue de la Turbine;M;4327691;537850;130
2,02E+11;18;4;28;2345;5;2;9;1;3;55;LIEUTAUD (COURS);M;4329122;538304;130
2,02E+11;18;4;28;1705;1;2;2;1;3;55;MADON (RUE);M;4329402;539983;130
2,02E+11;18;4;29;1210;1;2;1;1;3;55;10 Av A Ansaldi;M;4333433;540153;130
2,02E+11;18;4;29;950;1;2;1;1;3;55;75 corniche JFK;M;4327803;535529;130
2,02E+11;18;4;29;1345;1;2;1;8;3;55;724 Che.du Littoral;M;;;130
2,02E+11;18;4;29;1415;1;2;1;1;3;55;Bd Schloesing;M;;;130
2,02E+11;18;4;29;1742;1;2;1;2;7;55;JEAN MOULIN (BOULEVARD);M;4328359;539867;130
2,02E+11;18;4;29;2130;4;2;2;1;3;55;VOLTAIRE    IMPAIRS (BOU;M;4330348;538595;130
2,02E+11;18;4;30;1300;1;2;1;1;2;55;10 Bd F Bonnefoy;M;4328043;540068;130
2,02E+11;18;4;30;1730;1;2;2;1;1;55;ALPES (BOULEVARD DES);M;4330106;541513;130
2,02E+11;18;4;30;1825;1;2;1;1;6;55;6 Bd Sakakini;M;4329920;540081;130
2,02E+11;18;4;30;1920;2;2;1;2;7;55;ENDOUME (RUE D');M;4328623;536284;130
2,02E+11;18;5;1;1600;1;2;9;1;3;55;SAKAKINI (BOULEVARD);M;4329354;540165;130
2,02E+11;18;5;1;1420;1;2;1;1;6;55;MARX DORMOY (RUE);M;4330212;539556;130
2,02E+11;18;5;1;2305;5;2;1;1;6;55;Marcel SOULAT (allйe);M;4332400;538920;130
2,02E+11;18;5;2;1045;1;2;1;1;5;55;ROMAIN ROLLAND (BOULEVAR;M;4327095;540846;130
2,02E+11;18;5;2;1230;1;2;1;1;3;55;LA BONNAUDE (CHEMIN DE L;M;4325522;540308;130
2,02E+11;18;5;2;1800;1;2;1;1;6;55;MICHELET (BOULEVARD);M;4325934;539849;130
2,02E+11;18;5;3;1000;1;2;2;1;3;55;MARIO PAVRONE (RUE);M;4332689;537610;130
2,02E+11;18;5;3;1400;1;2;1;1;6;55;PRADO (contre allйe);M;4326678;538203;130
2,02E+11;18;5;3;1720;1;2;1;1;6;55;FRANCOISE DUPARC (BOULEV;M;4330456;540125;130
2,02E+11;18;5;3;1710;1;2;1;1;3;55;VALBARELLE (BOULEVARD DE;M;4328584;544256;130
2,02E+11;18;5;4;1130;1;2;1;1;6;55;GEMY (BOULEVARD);M;4332127;541384;130
2,02E+11;18;5;4;930;1;2;3;1;1;55;DANIEL CASANOVA (BOULEVA;M;4332487;537384;130
2,02E+11;18;5;4;1200;1;2;1;1;7;55;CORPS EXPEDITIONNAIRE FR;M;4327994;544198;130
2,02E+11;18;5;4;1215;1;2;1;1;7;55;MICHELET (BOULEVARD);M;4327024;539252;130
2,02E+11;18;5;4;1320;1;2;1;1;6;55;JARDIN ZOOLOGIQUE (Bd);M;4330298;539694;130
2,02E+11;18;5;4;1815;1;1;1;2;1;55;COL DE LA GINESTE D559;M;4324261;544870;130
2,02E+11;18;5;5;144;5;2;2;1;3;55;FAUCHIER (RUE);M;4330361;536902;130
2,02E+11;18;5;5;1050;1;2;3;1;5;55;DANIELLE CASANOVA PROLON;M;;;130
2,02E+11;18;5;5;1135;1;2;1;1;5;55;LIEUTAUD (COURS)      2;M;4329488;538178;130
2,02E+11;18;5;5;1630;1;2;1;1;6;55;MIRABEAU (BOULEVARD);M;4331445;536991;130
2,02E+11;18;5;5;400;5;2;1;8;7;55;PRADO (AVENUE DU);M;;;130
2,02E+11;18;5;6;1340;1;2;1;1;5;55;CAPELETTE (AVENUE DE LA);M;4328300;539900;130
2,02E+11;18;5;6;2000;1;2;1;1;1;55;AUPHAN (RUE);M;4331687;537620;130
2,02E+11;18;5;2;400;5;2;3;1;3;55;ITALIE (RUE D');M;4328795;538346;130
2,02E+11;18;5;7;2350;5;2;1;1;6;55;RABATAU (BOULEVARD);M;4328044;539945;130
2,02E+11;18;5;8;400;5;2;3;1;3;55;JOLIETTE (QUAI DE LA);M;4330106;536415;130
2,02E+11;18;5;9;1125;1;2;1;1;6;55;LYON (RUE de);M;4332810;536602;130
2,02E+11;18;5;9;1245;1;2;1;1;3;55;MAZARGUES (AVENUE DE;M;4326213;539305;130
2,02E+11;18;5;9;1700;1;2;1;1;3;55;DOMINIQUE (TRAVERSE DE L;M;4329298;543893;130
2,02E+11;18;5;9;1817;1;2;1;1;6;55;SORMIOU (CHEMIN DE);M;4323278;540086;130
2,02E+11;18;5;9;1815;1;2;1;1;3;55;VALENTINE (ROUTE DE LA);M;4328987;547080;130
2,02E+11;18;5;9;2045;5;2;1;2;3;55;SAINT LOUP (BOULEVARD DE;M;4328502;544076;130
2,02E+11;18;5;9;2012;5;2;9;1;6;55;MONT DE PIETE (Traverse);M;4329938;537578;130
2,02E+11;18;5;9;2335;5;2;1;2;6;55;MENDES FRANCE (AVENUE);M;4324992;537539;130
2,02E+11;18;5;10;1407;1;2;3;1;3;55;HENRI BARNIER (BOULEVARD;M;4335988;534305;130
2,02E+11;18;5;10;1600;1;2;1;1;2;55;WILLIAM BOOTH (AVENUE);M;4329278;543679;130
2,02E+11;18;5;10;1635;1;2;1;1;2;55;CAMILLE PELLETAN (AV);M;4330308;537389;130
2,02E+11;18;5;10;2115;5;2;2;1;3;55;PLOMBIERES (BOULEVARD);M;4331486;538789;130
2,02E+11;18;5;10;2115;4;2;1;1;3;55;ANDRE BARDON (rue);M;4328359;542682;130
2,02E+11;18;4;18;1700;1;2;9;1;2;55;JEAN PAUL SARTRE (AVENUE;M;;;130
2,02E+11;18;5;11;940;1;2;3;1;3;75;ANDRE MALRAUX (BD);M;4334607;546026;130
2,02E+11;18;5;11;1525;1;2;2;1;3;55;CANEBIERE;M;4329897;538525;130
2,02E+11;18;5;11;430;5;2;1;1;7;55;ODESSA (AVENUE);M;4324218;536756;130
2,02E+11;18;5;11;2340;5;2;1;1;3;55;PLOMBIERES (BOULEVARD DE;M;4331590;538472;130
2,02E+11;18;5;12;835;1;2;1;1;1;55;NATIONAL (BOULEVARD);M;4331489;537203;130
2,02E+11;18;5;12;1300;1;2;1;1;3;55;JONQUILLES (CH. DES);M;4332121;543856;130
2,02E+11;18;5;12;1850;1;2;1;1;2;55;PRADO (AVENUE DU);M;4328359;538540;130
2,02E+11;18;5;12;2110;5;2;1;1;2;55;MAZARGUES (AVENUE DE);M;4325888;539421;130
2,02E+11;18;5;12;2310;5;2;1;1;3;55;GђNђRAL FERRIE (PLACE);M;4327749;539893;130
2,02E+11;18;5;13;1840;2;2;1;2;5;55;AVIATEUR LE BRIX (RUE);M;4325886;539962;130
2,02E+11;18;5;13;1930;1;2;1;2;2;55;ROGER SALENGRO (AVENUE);M;4331708;536880;130
2,02E+11;18;5;14;539;2;2;2;3;3;55;JEANNE D'ARC (BOULEVARD);M;4329399;539978;130
2,02E+11;18;5;14;1030;1;2;1;1;2;55;WILLIAM BOOTH (AVENUE);M;4329449;544272;130
2,02E+11;18;5;14;1230;1;2;3;1;5;55;CAPELETTE (AVENUE DE LA);M;4328139;540506;130
2,02E+11;18;5;14;1630;1;2;1;1;6;55;ELLEON (AVENUE);M;4328457;544246;130
2,02E+11;18;5;15;550;2;2;2;2;6;55;SAKAKINI (BD);M;4329581;540031;130
2,02E+11;18;5;15;740;1;2;1;2;3;55;VALLON DE TOULOUSE (RUE);M;4326685;542439;130
2,02E+11;18;5;15;1400;1;2;1;1;6;55;LAZARET (QUAI du);M;4330925;536654;130
2,02E+11;18;5;15;1526;1;2;1;1;6;55;DANIEL CASANOVA (BOULEVA;M;4332910;537568;130
2,02E+11;18;5;15;2130;5;2;1;1;1;55;Corniche John Fitzgerald;M;4327940;535347;130
2,02E+11;18;5;16;10;5;2;1;1;3;55;MARђCHAL JUIN (BOULEVARD;M;4331181;540389;130
2,02E+11;18;5;16;610;2;2;1;1;6;55;PLUMIERS (Rue);M;4330452;536899;130
2,02E+11;18;5;16;1050;1;2;1;1;3;55;ROLAND DORGELES (Bd);M;4334625;538062;130
2,02E+11;18;5;16;1300;1;2;1;1;3;55;BRETEUIL (Rue);M;4329017;537582;130
2,02E+11;18;5;16;1630;1;2;1;1;3;55;avenue d' HAIFA;M;4325101;538978;130
2,02E+11;18;5;16;1205;1;2;1;1;2;55;TIMONE (AVENUE DE LA);M;4328566;540203;130
2,02E+11;18;5;16;1850;1;2;1;1;1;55;WILLIAM BOOTH (AVENUE);M;4329583;544679;130
2,02E+11;18;5;16;1905;1;2;1;1;7;55;TOULON (AVENUE DE);M;4328550;538802;130
2,02E+11;18;5;16;2250;5;2;1;1;2;55;MAZARGUES (AVENUE DE);M;4326087;539371;130
2,02E+11;18;5;16;2325;5;2;3;1;3;55;VISTE (AVENUE DE LA);M;4336030;535753;130
2,02E+11;18;5;17;930;1;2;3;1;6;55;PARADIS (RUE);M;4329407;537650;130
2,02E+11;18;5;17;1345;1;2;9;8;3;55;MAZARGUES (AVENUE de);M;4325498;538528;130
2,02E+11;18;5;17;1330;1;2;1;1;3;55;VALLETTE (TRAVERSE);M;4323472;540399;130
2,02E+11;18;5;17;1645;1;2;1;1;6;55;DUMONT D'URVILLE (RUE);M;4327108;538473;130
2,02E+11;18;5;18;15;3;2;2;1;3;55;ALEX. FLEMING (BOULEVARD;M;4331381;540585;130
2,02E+11;18;5;18;115;5;2;1;1;6;55;BOUYALA D'ARNAUD (BOULEV;M;4329682;544340;130
2,02E+11;18;5;18;950;1;2;3;1;3;55;PEYSSONNEL (RUE);M;4331130;537049;130
2,02E+11;18;5;18;1530;1;2;1;1;6;55;PARADIS (Rue);M;4328384;538076;130
2,02E+11;18;5;18;2125;5;2;9;1;3;55;SAINT ANTOINE а SAINT JO;M;4334964;537528;130
2,02E+11;18;5;19;1000;1;2;1;1;5;55;SALVADOR ALLENDE (RUE);M;4232994;539219;130
2,02E+11;18;5;19;1100;1;2;1;1;2;55;JOSEPH PETRONIO (RUE);M;4326671;541319;130
2,02E+11;18;5;19;1515;1;2;1;1;2;55;POMME (BOULEVARD DE LA );M;4329226;544934;130
2,02E+11;18;5;19;1745;1;2;1;1;6;55;ABBђ FERAUD (RUE);M;4328645;539146;130
2,02E+11;18;5;19;1705;1;2;9;1;6;55;BOUYALA D'ARNAUD (BOULEV;M;4329682;544340;130
2,02E+11;18;5;19;2325;5;2;1;1;3;55;OLIVES (AVENUE DES);M;4332638;543875;130
2,02E+11;18;5;20;1425;1;2;1;1;6;2;7 RMENT DE TIRAILLEURS A;M;4333776;547243;130
2,02E+11;18;5;20;1900;1;2;1;1;3;55;SAINT BARNABE (AVENUE DE;M;;;130
2,02E+11;18;5;20;1950;1;2;2;1;7;55;HENRI FABRE (RUE);M;4331230;541612;130
2,02E+11;18;5;20;2127;5;2;1;1;6;55;Corniche John Fitzgйrald;M;4328900;535430;130
2,02E+11;18;5;21;1115;1;2;1;1;3;55;MORGIOU (chemin de );M;4323451;541154;130
2,02E+11;18;5;21;2005;2;2;3;1;3;55;MAZARGUES (AVENUE DE);M;4326854;538869;130