Num_Acc;an;mois;jour;hrmn;lum;agg;int;atm;col;com;adr;gps;lat;long;dep
2,02E+11;18;8;21;1130;1;2;1;1;3;55;BD ALPHONSE*ALLAIS;M;4334094;538394;130
2,02E+11;18;8;21;1540;1;2;1;1;3;55;MADRAGUE DE MONTREDON (A;M;4323830;536460;130
2,02E+11;18;8;21;1615;1;2;1;1;2;55;BLANCARDE (BOULEVARD);M;4330292;540060;130
2,02E+11;18;8;21;2130;5;2;1;1;3;55;STRASBOURG (BOULEVARD);M;4330890;537817;130
2,02E+11;18;8;18;1915;1;2;3;1;1;55;MONTOLIVET (AVENUE DE);M;4330958;540846;130
2,02E+11;18;7;4;2030;1;2;2;1;6;55;MARђCHAL FOCH (AVENUE);M;4329883;540216;130
2,02E+11;18;8;6;2337;5;2;2;1;7;55;PRADO (AVENUE DU);M;4327623;538920;130
2,02E+11;18;8;22;1345;1;2;1;2;6;55;RUE DU BACHAS;M;4331859;536975;130
2,02E+11;18;8;22;1325;1;2;1;1;6;55;MENDES FRANCE (AVENUE);M;4326011;537543;130
2,02E+11;18;8;23;130;5;2;1;1;6;55;PLOMBIERES (BOULEVARD DE;M;4332080;537630;130
2,02E+11;18;8;23;645;1;2;1;1;3;55;MICHELET (BOULEVARD);M;4325891;539929;130
2,02E+11;18;8;23;850;1;2;2;1;6;55;MONTOLIVET (AVENUE DE);M;4330813;540306;130
2,02E+11;18;8;23;1330;1;2;1;1;2;55;GARIBALDI (BOULEVARD) Nш;M;4329683;538117;130
2,02E+11;18;8;23;1600;1;2;1;1;6;55;PAUL CLAUDEL (BOULEVARD);M;4326808;541834;130
2,02E+11;18;8;23;1710;1;2;1;1;6;55;PRADO =AVENUE DU);M;4327983;538761;130
2,02E+11;18;8;23;1710;1;2;3;1;2;55;CHATEAU GOMBERT CHEMIN;M;4333745;542091;130
2,02E+11;18;8;23;440;5;2;1;1;3;55;RABATAU (BOULEVARD);M;4327853;539916;130
2,02E+11;18;8;24;135;5;2;1;1;6;208;MENDES FRANCE (AVENUE);M;4325220;537590;130
2,02E+11;18;8;24;1230;1;2;1;1;5;55;PARADIS (RUE);M;4327606;538409;130
2,02E+11;18;8;24;1220;1;2;1;1;6;55;RABATAU (BOULEVARD);M;4327280;539178;130
2,02E+11;18;8;25;20;3;2;1;1;7;55;REPUBLIQUE (RUE DE LA);M;4329779;537291;130
2,02E+11;18;8;25;830;1;2;1;1;6;55;RABATAU (BOULEVARD);M;4327454;539449;130
2,02E+11;18;8;25;2045;5;2;9;1;3;55;PRADO (AVENUE DU);M;;;130
2,02E+11;18;8;25;2130;5;2;1;1;4;55;RTE D' ALLAUCH;M;4330765;550117;130
2,02E+11;18;8;25;2120;5;2;2;1;3;55;EDMOND ROSTAND (RUE);M;4328954;537980;130
2,02E+11;18;8;26;1610;1;2;1;1;6;55;LYON (RUE DE);M;4333338;536413;130
2,02E+11;18;8;26;1735;1;2;9;1;3;55;CAP PINEDE (Avenue);M;4332869;536582;130
2,02E+11;18;8;26;2045;5;2;1;1;3;55;AVENUE DE MONTOLIVET;M;4331496;541450;130
2,02E+11;18;8;26;2243;5;2;1;1;6;55;BERNARD DUBOIS (Rue);M;4330191;537966;130
2,02E+11;18;8;27;830;1;2;1;1;3;55;Bd FERDINAND DE LESSEPS;M;4331970;536900;130
2,02E+11;18;8;27;1100;1;2;2;1;6;55;CORINTHE (AVENUE DE);M;4328488;539071;130
2,02E+11;18;8;27;1030;1;2;1;1;2;55;LђON MEISSEREL (RUE);M;4330562;541850;130
2,02E+11;18;8;27;1230;1;2;3;1;3;55;SAINTE MARGUERITE (BOULE;M;4326663;540818;130
2,02E+11;18;8;27;1505;1;2;2;1;1;55;COLBERT (RUE);M;4330039;538068;130
2,02E+11;18;8;27;1545;1;2;2;1;3;55;PINATEL (BOULEVARD);M;4331487;543911;130
2,02E+11;18;8;27;1500;1;2;3;1;6;55;SAINTE MARTHE (chemin);M;4332354;538911;130
2,02E+11;18;7;1;2330;5;2;3;1;7;55;BAILLE (BD);M;4328620;538460;130
2,02E+11;18;8;17;1850;2;2;3;1;6;55;BRETEUIL (RUE);M;4329277;537484;130
2,02E+11;18;8;28;830;1;2;1;1;7;55;POMPIDOU (PROMENADE);M;4326484;537337;130
2,02E+11;18;8;28;1000;1;2;1;1;6;55;VALBARELLE (CHEMIN DE LA;M;4328128;543691;130
2,02E+11;18;8;28;1000;1;2;1;1;6;55;GAVOTTE (RUE DE LA);M;4337220;535590;130
2,02E+11;18;8;27;1830;1;2;1;1;3;55;RABATAU (BOULEVARD);M;4328095;539944;130
2,02E+11;18;8;28;1115;1;2;1;1;3;55;PLOMBIERES (BOULEVARD);M;4331867;537963;130
2,02E+11;18;8;28;1530;1;2;2;1;3;55;CRIMEE (RUE DE);M;4330791;537960;130
2,02E+11;18;8;28;2150;5;2;3;1;1;55;MARђCHAL DE LATTRE (AVEN;M;4324550;541214;130
2,02E+11;18;8;29;810;1;2;1;1;3;55;MIREILLE LAUZE (BOULEVAR;M;4328284;540872;130
2,02E+11;18;8;29;905;1;2;1;1;3;55;ALEX. FLEMING (BOULEVARD;M;4331480;539001;130
2,02E+11;18;8;29;1115;1;2;1;1;4;55;PIERRE DOIZE  (RUE);M;4327089;542494;130
2,02E+11;18;8;29;1230;1;2;1;1;7;55;SAINT MARCEL (BOULEVARD;M;4328600;547300;130
2,02E+11;18;8;29;1710;1;2;1;1;6;55;GASTON FLOTTE (RUE);M;4329582;542324;130
2,02E+11;18;8;29;1730;1;2;2;1;3;55;JEANNE D'ARC (BOULEVARD);M;4329402;539983;130
2,02E+11;18;8;29;2123;5;2;3;1;6;55;CANEBIERE     1 A 79;M;4329532;537434;130
2,02E+11;18;8;20;130;5;2;1;1;6;55;"F ; MAURIAC (RUE)";M;4327221;542136;130
2,02E+11;18;8;30;800;1;2;7;1;6;55;CORDERIE (PLACE DE LA);M;4329078;537198;130
2,02E+11;18;8;30;800;1;2;9;1;4;55;NOTRE DAME (BD);M;4328499;537439;130
2,02E+11;18;8;30;1100;1;2;1;1;6;55;JEAN BOUIN (AVENUE);M;4326816;540368;130
2,02E+11;18;8;30;1250;1;2;1;1;6;55;SAINT PIERRE (RUE);M;4329050;542096;130
2,02E+11;18;8;30;825;1;2;1;1;6;55;Corniche John Fitzg‚rald;M;4327865;535436;130
2,02E+11;18;8;30;1800;1;2;1;1;6;55;Bld PONT DE VIVAUX;M;4327961;541709;130
2,02E+11;18;8;30;345;5;2;2;1;3;55;SAINTE MARGUERITE (BOULE;M;4326481;540937;130
2,02E+11;18;8;30;2220;5;2;7;1;7;55;ALEX. FLEMING (BOULEVARD;M;4331416;540486;130
2,02E+11;18;8;31;200;5;1;1;1;6;55;RTE D' ALLAUCH;M;4330770;550119;130
2,02E+11;18;8;31;900;1;2;1;1;7;55;ORANGE (RUE D');M;4331278;538628;130
2,02E+11;18;8;31;1415;1;2;1;1;5;75;FRђDђRIC CHEVILLON (AVEN;M;4334631;546239;130
2,02E+11;18;8;31;1515;1;2;3;1;3;55;FLAMMARION (BOULEVARD);M;4330530;539155;130
2,02E+11;18;9;1;1050;1;2;3;1;3;55;SAINT JUST (AVENUE de);M;4331297;540196;130
2,02E+11;18;9;2;1;5;2;1;1;3;55;TROLLAT (TRAVERSE);M;4327201;541482;130
2,02E+11;18;9;2;505;5;2;9;1;6;55;JEAN BALLARD (Cours);M;4329340;537451;130
2,02E+11;18;9;2;1245;1;2;1;1;6;55;EMMANUEL CHABRIER);M;4323963;539261;130
2,02E+11;18;9;2;1230;1;2;1;1;3;55;RIVE NEUVE (Quai);M;4329230;536619;130
2,02E+11;18;9;2;1345;1;2;1;1;3;55;Av du Gйnйral Leclerc;M;4330450;537628;130
2,02E+11;18;9;2;1430;1;2;2;1;3;55;CAILLOLS (AVENUE DES);M;4330401;542254;130
2,02E+11;18;9;2;1850;1;2;6;1;3;55;ALBIN MEYLAN (RUE);M;4336387;534191;130
2,02E+11;18;9;1;1900;1;2;1;1;2;55;AVENUE RAIMU;M;4333317;539897;130
2,02E+11;18;8;27;935;1;2;6;1;2;55;HENRI BARNIER (BOULEVARD;M;4337309;535224;130
2,02E+11;18;9;1;1401;1;2;3;1;3;55;CROIX ROUGE AVENUE;M;4333321;543813;130
2,02E+11;18;9;3;1225;1;2;1;1;4;55;LITTORAL (CHEMIN DU);M;4335370;533075;130
2,02E+11;18;9;4;2240;5;2;2;1;1;55;ROSE (AVENUE DE LA);M;4332639;542153;130
2,02E+11;18;9;4;715;1;2;1;1;1;55;CONCORDE (BOULEVARD DE L;M;4324996;540293;130
2,02E+11;18;9;4;715;2;2;2;1;3;55;FRANCOISE DUPARC (Bd);M;4329975;540096;130
2,02E+11;18;9;4;730;2;2;1;1;6;55;NOTRE DAME (BD);M;4328522;537453;130
2,02E+11;18;9;4;800;1;2;1;1;3;55;PRADO (AVENUE du);M;4326600;538100;130
2,02E+11;18;9;4;950;1;2;6;1;3;55;SALVADOR ALLENDE (RUE);M;4332979;539369;130
2,02E+11;18;9;4;1330;1;2;1;1;3;55;STRASBOURG (BOULEVARD);M;4330694;537495;130
2,02E+11;18;9;4;1600;1;2;1;1;6;55;MORETTI (BOULEVARD);M;4332380;538449;130
2,02E+11;18;9;4;1040;1;1;1;1;3;55;POILUS (AVENUE DES);M;4331880;545944;130
2,02E+11;18;9;5;800;1;2;1;1;4;2;MARCEL JULIEN (AVENUE);M;4335660;548749;130
2,02E+11;18;9;5;1405;1;2;4;1;4;55;SAINT JEAN DU DESERT (ch;M;4329800;543500;130
2,02E+11;18;9;5;1750;1;2;3;1;1;55;SAINT JEAN DU DESERT ch;M;4329349;540616;130
2,02E+11;18;9;5;2144;5;2;1;1;1;55;MERLAN (AVENUE DU);M;4333520;540740;130
2,02E+11;18;9;6;845;1;2;1;1;4;55;GAROUTTE (BOULEVARD);M;4330782;541343;130
2,02E+11;18;9;6;945;1;2;1;1;3;55;RABATAU (BOULEVARD);M;4327628;539723;130
2,02E+11;18;9;5;1900;1;2;1;1;4;55;PRADO (AVENUE du);M;4327499;538985;130
2,02E+11;18;9;5;1400;1;2;3;1;3;55;BERTHELOT (RUE);M;4333766;539201;130
2,02E+11;18;9;6;1215;1;2;1;1;6;55;PARADIS (RUE);M;4328204;538160;130
2,02E+11;18;9;6;1140;1;2;1;2;6;55;BARASSE;M;4328548;548120;130
2,02E+11;18;9;6;1455;1;2;1;1;6;55;MARђCHAL DE LATTRE (AVEN;M;4324732;540708;130
2,02E+11;18;9;6;1330;1;2;1;1;3;55;SAKAKINI (BD);M;4329895;540085;130
2,02E+11;18;9;6;1745;1;2;1;1;2;55;LA PUGETTE (BOULEVARD);M;4326798;539958;130
2,02E+11;18;9;6;1900;1;2;1;1;2;55;POILUS (AVENUE DES);M;4331378;546309;130
2,02E+11;18;9;6;2045;5;2;1;1;3;55;JEAN PAUL SARTRE (AVENUE;M;4332792;542759;130
2,02E+11;18;9;6;1930;2;2;1;1;3;55;GIBBES (TRAVERSE);M;4331704;537739;130
2,02E+11;18;9;6;2210;5;2;1;1;3;55;Corniche John Fitzg‚rald;M;4327545;535987;130
2,02E+11;18;9;6;2145;5;2;1;1;1;2;MILLE ECUS (TRAVERSE);M;4333721;547183;130
2,02E+11;18;9;6;2105;5;2;1;1;7;55;Bd Barry;M;4331627;540741;130
2,02E+11;18;9;7;840;1;2;1;1;7;55;REDON (BOULEVARD DU);M;4325095;542208;130
2,02E+11;18;9;7;1300;1;2;3;1;6;55;SAINT PIERRE Rue;M;4329157;541052;130
2,02E+11;18;9;7;1444;1;2;1;1;3;55;PIERRE PUGET (cours);M;4329042;537729;130
2,02E+11;18;9;7;1720;1;2;2;1;3;55;KLEBER (RUE);M;4330673;537413;130
2,02E+11;18;9;8;600;5;2;9;1;7;55;JULES CANTINI (AV);M;4328233;539013;130
2,02E+11;18;9;8;1100;1;2;1;1;3;55;MAZARGUES (AVENUE DE);M;4325928;539415;130
2,02E+11;18;9;8;1115;1;2;2;1;3;55;PARADIS;M;4328766;537921;130
2,02E+11;18;9;8;1615;1;2;1;1;3;55;GARIBALDI (BOULEVARD);M;4329682;538103;130
2,02E+11;18;9;8;1650;1;2;9;1;6;55;SABLIERE (ROUTE DE LA);M;4329380;548030;130
2,02E+11;18;9;8;1740;1;2;1;1;3;55;SABLIERE (ROUTE DE LA);M;4329057;547553;130
2,02E+11;18;9;8;2300;5;2;3;1;6;55;MONTOLIVET (AVENUE DE);M;4331785;541814;130
2,02E+11;18;9;9;1340;1;2;2;1;3;55;FALQUE (RUE);M;4328441;538313;130
2,02E+11;18;9;9;1400;1;2;1;1;3;55;ESTAQUE PLAGE;M;4335960;531670;130
2,02E+11;18;9;9;1955;2;2;1;1;3;55;ROUGUIERE (ALLђE DE LA );M;4329562;545757;130
2,02E+11;18;9;10;640;2;2;2;1;3;55;RUFFI (RUE DE);M;4330949;537264;130
2,02E+11;18;9;10;830;1;2;1;1;2;55;SAINT LOUP (BOULEVARD DE;M;4328217;542997;130
2,02E+11;18;9;10;830;1;2;1;1;6;55;NATIONAL (BOULEVARD);M;4331491;537254;130
2,02E+11;18;9;10;1430;1;2;9;1;1;55;LAZER (BOULEVARD);M;4327965;540403;130
2,02E+11;18;9;10;1600;1;2;1;1;5;55;BATTALA (BOULEVARD);M;4331811;537909;130
2,02E+11;18;9;10;1700;1;2;1;1;6;55;ALPHONSE DAUDET (RUE);M;4332187;541204;130
2,02E+11;18;9;10;1630;1;2;2;1;1;55;ROGER SALENGRO (AVENUE);M;4331676;536913;130
2,02E+11;18;9;11;950;1;2;1;1;3;55;AMPERE (BOULEVARD);M;4333824;537339;130
2,02E+11;18;9;10;1800;2;2;2;1;3;55;JEANNE D'ARC (BOULEVARD);M;4329270;540720;130
2,02E+11;18;5;9;1845;1;2;1;1;6;55;VISTE (AVENUE DE LA);M;4335656;535746;130
2,02E+11;18;9;11;1230;1;2;2;1;6;55;ALPES (BOULEVARD DES);M;4330106;541513;130
2,02E+11;18;9;11;1230;1;2;1;1;3;55;PRADO (AVENUE DU);M;4327982;538685;130
2,02E+11;18;9;11;1600;1;2;1;1;3;55;Corniche John Fitzgerald;M;4327390;536220;130
2,02E+11;18;9;11;1650;1;2;1;1;6;55;ROUGIER (BD);M;4330438;540186;130
2,02E+11;18;9;11;1745;1;2;1;1;6;55;MONTEVIDEO (rue);M;4328598;537468;130
2,02E+11;18;9;11;1900;1;2;1;1;3;55;POMPIDOU (PROMENADE);M;4326757;537188;130
2,02E+11;18;9;11;1750;1;2;1;1;6;55;LYON (RUE DE);M;4333642;536300;130
2,02E+11;18;9;12;815;1;2;1;1;3;55;SAINT MENET (AVENUE DE);M;4328914;549697;130
2,02E+11;18;9;12;1120;1;2;1;1;6;75;GENERAL DE GAULLE (MAIL);M;4334608;546522;130
2,02E+11;18;9;12;600;5;2;1;1;6;55;REDON (BOULEVARD DU);M;4324981;542242;130
2,02E+11;18;9;12;1300;1;2;2;1;3;55;AMEDEE PALMIERI (RUE);M;4331520;540020;130
2,02E+11;18;9;11;1955;2;2;3;1;5;55;MAURELLE (RUE DE LA);M;4332657;543816;130
2,02E+11;18;9;12;1355;1;2;2;1;6;55;BRIFFAUT (Rue);M;4329460;539580;130
2,02E+11;18;9;13;815;1;2;1;1;2;55;ALEXANDRE DUMAS (RUE);M;4326375;538955;130
2,02E+11;18;9;13;1700;1;2;1;1;2;55;RABATAU (BD);M;4327966;539911;130
2,02E+11;18;9;13;1730;1;2;9;1;3;55;SAINTE MARTHE (AVENUE DE;M;4333016;538901;130
2,02E+11;18;9;13;1900;1;2;9;1;3;55;HENRI FRENAY (ROND-POINT;M;4325443;537642;130
2,02E+11;18;9;13;2115;5;2;2;1;3;55;BROCHIER (RUE);M;4329128;539330;130
2,02E+11;18;9;13;2130;5;2;1;1;3;55;JOSEPH CLERISSY (RUE);M;4329491;542700;130
2,02E+11;18;9;13;2028;5;2;1;1;6;55;FRANЂOISE DUPARC (Bd);M;4330844;540242;130
2,02E+11;18;9;14;105;5;2;9;1;3;55;MENDES FRANCE (Avenue);M;4326183;537484;130
2,02E+11;18;9;14;230;5;2;1;1;6;55;AMARYLLIS (CHEMIN Des);M;4331674;544142;130
2,02E+11;18;9;14;630;2;2;1;1;6;55;JEAN LOMBARD (AVENUE);M;4328896;543174;130
2,02E+11;18;9;14;840;1;2;1;1;6;55;BOMPARD (BOULEVARD);M;4328007;536475;130
2,02E+11;18;9;14;930;1;2;3;1;3;55;PONT DE VIVAUX (BOULEVAR;M;4328161;542473;130
2,02E+11;18;9;13;1730;1;2;1;1;4;55;POILUS (AV des);M;4331719;546045;130
2,02E+11;18;9;14;1700;1;2;1;1;5;55;AUDIENCE (Rue DE L');M;4329646;548576;130
2,02E+11;18;9;15;1555;1;2;1;1;7;75;FREDERIC MISTRAL (AV);M;4335150;547248;130
2,02E+11;18;9;15;1815;1;2;2;1;3;55;SAINT LOUIS (AVENUE DE);M;4334775;535900;130
2,02E+11;18;9;16;106;5;2;2;1;6;55;ROMAIN ROLLAND (Bd;M;4327130;540923;130
2,02E+11;18;9;16;540;5;2;1;1;2;55;BAILLE (BD);M;4328752;538989;130
2,02E+11;18;9;16;1105;1;2;1;1;3;55;CAPITAINE GEZE (BOULEVAR;M;4332943;536645;130
2,02E+11;18;9;17;100;5;2;1;1;3;55;VINCENT DELPUECH (BOULEV;M;4328312;538960;130
2,02E+11;18;9;17;1330;1;2;9;1;5;55;MIREILLE LAUZE (BD);M;4328628;542961;130
2,02E+11;18;9;17;1445;1;2;1;1;6;55;ROUET (RUE du);M;4327955;539094;130
2,02E+11;18;9;17;1540;1;2;1;1;2;55;CAMOINS ((RUE LES);M;4329743;549648;130
2,02E+11;18;9;17;1815;1;2;3;1;2;55;SAINT MARCEL (BD);M;4328869;545966;130
2,02E+11;18;9;17;2325;5;2;3;1;3;55;MAZARGUES (AVENUE de);M;4326497;539140;130
2,02E+11;18;9;18;800;1;2;1;1;3;55;RTE D' ALLAUCH;M;4330751;550120;130
2,02E+11;18;9;18;830;1;2;1;1;6;55;SAINT MENET (AVENUE DE);M;4328924;549818;130
2,02E+11;18;9;18;1205;1;2;1;1;3;55;MICHELET (BOULEVARD);M;4327006;539205;130
2,02E+11;18;9;18;1430;1;2;1;1;2;55;SAKAKINI (BOULEVARD);M;4329313;540156;130
2,02E+11;18;9;18;2220;5;2;1;1;3;55;RABATAU (BOULEVARD);M;4327633;539732;130
2,02E+11;18;9;10;2050;5;2;1;1;3;55;FIFI TURIN (rue);M;4328149;541266;130
2,02E+11;18;9;19;830;1;2;2;1;3;55;PARADIS (RUE);M;4328922;537857;130
2,02E+11;18;9;19;1249;1;2;3;1;3;55;CAPELETTE (AVENUE DE la);M;4328157;540473;130
2,02E+11;18;9;19;1120;1;2;1;1;6;55;LYON (RUE DE);M;4332977;536548;130
2,02E+11;18;9;19;1445;1;2;1;1;3;55;BONNEFOY (RUE);M;4328037;540059;130
2,02E+11;18;9;18;1720;1;2;1;1;6;55;DANIELLE CASANOVA;M;4332623;537455;130
2,02E+11;18;9;18;2355;5;2;1;1;6;55;DE SAINT LOUIS AU ROVE (;M;4334831;535766;130
2,02E+11;18;9;16;1935;2;2;1;1;3;55;KRAEMER (BOULEVARD);M;4332342;538286;130
2,02E+11;18;9;20;930;1;2;1;1;3;55;SAINT JEAN (BD);M;4327989;540710;130
2,02E+11;18;9;20;923;1;2;4;1;6;55;BESSONS (CHEMIN DES);M;4334313;539035;130
2,02E+11;18;9;20;1045;1;2;6;1;3;2;MOUREN PLACE;M;4335595;548675;130
2,02E+11;18;9;20;1545;1;2;2;1;3;55;BRETEUIL (rue);M;4328867;537646;130
2,02E+11;18;9;20;1615;1;2;3;1;6;55;FLAMMARION (BD);M;4330726;539299;130
2,02E+11;18;9;20;1800;1;2;1;1;3;55;OLIVES (AVENUE DES);M;4332808;543464;130
2,02E+11;18;9;20;1830;1;2;2;1;3;55;ROGER BRUN (rue);M;4328659;539048;130
2,02E+11;18;9;20;1905;2;2;1;1;2;55;CAPITAINE GEZE (BOULEVAR;M;4333056;537137;130
2,02E+11;18;9;20;2245;5;2;1;1;3;55;GOUMIERS (AVENUE DES);M;4324661;537836;130
2,02E+11;18;9;21;230;5;2;1;1;6;55;ROUCAS BLAN (CHEMIN);M;4327860;536790;130
2,02E+11;18;9;21;800;1;2;1;1;6;55;GUADELOUPE (IMPASSE DE L;M;4328130;537523;130
2,02E+11;18;9;21;755;1;2;3;1;3;55;CAILLOLS (AVENUE DES);M;4330301;544689;130
2,02E+11;18;9;21;1200;1;2;2;1;3;55;LeON GAMBETTA (Allйe);M;4329906;538449;130
2,02E+11;18;9;21;750;1;2;1;1;3;55;SAINT MITRE A FOUR DE BU;M;4334271;541866;130
2,02E+11;18;9;21;925;1;2;4;1;3;55;ALEX ANSALDI (RUE);M;4333115;540615;130
2,02E+11;18;9;21;1255;1;2;3;1;3;55;OCTROI (BOULEVARD DE L');M;4328155;542692;130
2,02E+11;18;9;21;1530;1;2;1;1;6;55;SAINT LOUIS (AVENUE DE);M;4334362;535951;130
2,02E+11;18;9;21;1345;1;2;1;1;3;55;MILLIERE (BOULEVARD DE L;M;4328345;549891;130
2,02E+11;18;9;21;1650;1;2;1;1;6;55;Baumillons;M;4338082;536419;130
2,02E+11;18;9;21;1640;1;2;9;1;6;55;PARTY (CHEMIN DE);M;4334859;541595;130
2,02E+11;18;9;21;1430;1;2;1;1;6;55;NOTRE DAME DE CONSOLATIO;M;4334029;542325;130
2,02E+11;18;9;21;2030;5;2;1;1;2;55;PONT DE VIVAUX (Bd);M;4328086;542152;130
2,02E+11;18;9;21;2200;5;2;1;1;6;55;ROMAIN ROLLAND (BOULEVAR;M;4327271;541172;130
2,02E+11;18;9;21;2255;5;2;1;1;6;55;SALVADOR ALLENDE (RUE);M;4332976;539385;130
2,02E+11;18;9;22;1145;1;2;1;1;2;55;LђON LACHAMP (ROUTE);M;4324942;544401;130
2,02E+11;18;9;22;1540;1;2;1;1;6;55;BELGES - QUAI DES;M;4329499;537444;130
2,02E+11;18;9;22;1910;2;2;1;1;2;55;MADRAGUE VILLE (chemin d;M;4334740;535556;130
2,02E+11;18;9;22;2230;5;2;5;1;3;55;WRESINKI (rond point);M;4333062;541021;130
2,02E+11;18;9;22;2115;5;2;1;1;3;55;RAYMOND TEISSERE (RUE);M;4327291;539925;130
2,02E+11;18;9;22;2153;3;2;1;1;6;55;DUGOMMIER (BD);M;4329853;538471;130
2,02E+11;18;9;23;150;5;2;1;1;2;2;PROVENCE (AVENUE DE);M;4332522;548172;130
2,02E+11;18;9;23;530;5;2;9;1;3;55;SAINTE-CECILE (RUE);M;4328798;539446;130
2,02E+11;18;9;23;520;3;1;1;1;6;55;LITTORAL (CHEMIN DU);M;4333641;535038;130
2,02E+11;18;9;23;1420;1;2;9;1;3;55;ARMENY (RUE D');M;4329120;538075;130
2,02E+11;18;9;23;1955;2;2;3;1;3;55;PRADO (contre all‚e);M;4327134;538918;130
2,02E+11;18;9;24;1200;1;2;1;1;6;55;AVENUE DES AYGALADES;M;4333370;536790;130
2,02E+11;18;9;24;1225;1;2;2;1;3;55;MICHELET (BOULEVARD);M;4325887;539895;130
2,02E+11;18;9;15;1600;1;2;1;1;2;55;Corniche John Fitzg‚rald;M;4326927;536744;130
2,02E+11;18;9;24;1510;1;2;1;1;6;55;BERNARD CADENAT (PLACE);M;4331236;538687;130
2,02E+11;18;9;24;1800;1;2;3;1;6;55;RODOCANACHI (BOULEVARD);M;4327501;538958;130
2,02E+11;18;9;20;2313;5;2;2;1;1;55;SAKAKINI (BOULEVARD);M;4329575;540018;130
2,02E+11;18;9;24;2330;5;2;6;1;3;55;OLIVES AVENUE DES;M;4332853;543312;130
2,02E+11;18;9;25;420;5;2;1;1;6;75;L'ENJOLRAS (AVE DE);M;4333796;545300;130
2,02E+11;18;9;24;710;2;2;3;1;3;55;LE CHATELIER;M;4334703;536841;130
2,02E+11;18;9;25;750;1;2;4;1;3;55;POMME (BOULEVARD DE LA );M;4329353;545240;130
2,02E+11;18;9;25;800;1;2;1;1;2;55;VITON (AVENUE);M;4326071;540643;130
2,02E+11;18;9;25;1030;1;2;1;1;6;55;JEAN COMPADIEU (AVENUE);M;4331955;543321;130
2,02E+11;18;9;24;1637;1;2;1;1;6;55;MERLAN (AVENUE);M;4333791;540754;130
2,02E+11;18;9;25;1410;1;2;1;1;6;55;MICHELET (BD);M;4326644;539474;130
2,02E+11;18;9;25;1317;1;2;2;1;6;55;BAILLE (BD);M;4328672;538727;130
2,02E+11;18;9;25;1426;1;2;1;1;3;55;ALBERT EINSTEIN (RUE);M;4333372;543123;130
2,02E+11;18;9;25;1605;1;2;1;1;2;55;MONTRE (IMPASSE DE LA);M;4329554;547255;130
2,02E+11;18;9;25;1800;1;2;9;1;3;55;CAMILLE PELLETAN (AVENUE;M;4330874;537420;130
2,02E+11;18;9;25;1750;1;2;3;1;6;55;ROMAIN ROLLAND (BOULEVAR;M;4327409;541445;130
2,02E+11;18;9;25;2030;5;2;1;1;6;55;PONT DE VIVAUX (Bd);M;4327506;539480;130
2,02E+11;18;9;21;1;5;2;1;1;6;55;RABATAU (BOULEVARD);M;4327644;539745;130
2,02E+11;18;9;26;226;5;2;1;1;6;55;JEAN MOULIN (BD);M;4330555;540620;130
2,02E+11;18;9;26;800;1;2;3;1;3;55;SAINTE (Rue);M;4929041;536382;130
2,02E+11;18;9;26;930;1;2;1;1;6;55;LITTORAL (CHEMIN DU);M;4335829;531883;130
2,02E+11;18;9;26;930;1;2;6;1;3;2;JEAN GIONO (AVENUE);M;4332791;549036;130
2,02E+11;18;9;25;1650;1;2;1;1;6;55;QUEIREL (Boulevard);M;4328139;543444;130
2,02E+11;18;9;26;1350;1;2;1;1;3;55;STRASBOURG (BOULEVARD);M;4330809;537675;130
2,02E+11;18;9;26;1402;1;2;2;1;3;55;BAILLE (BOULEVARD);M;4328733;538908;130
2,02E+11;18;9;26;1535;1;2;2;1;3;55;BAILLE (BOULEVARD);M;4328828;539275;130
2,02E+11;18;9;10;1110;1;2;1;1;6;55;SAINT ANTOINE (AVENUE DE;M;4337451;535569;130
2,02E+11;18;9;26;2145;3;1;1;1;7;55;COL DE LA GINESTE D559;M;4324055;545199;130
2,02E+11;18;9;27;1555;1;2;1;1;2;2;VALLON VERT (AVENUE DU );M;4333717;545999;130
2,02E+11;18;9;27;1530;1;2;1;1;3;55;CHARLES NEDELEC (BOULEVA;M;4330304;537860;130
2,02E+11;18;9;27;1630;1;2;1;1;7;55;SAINT ANTOINE A SAINT JO;M;4335857;536523;130
2,02E+11;18;9;27;1625;1;2;1;1;6;55;GARLABAN (AVENUE de);M;4329880;542170;130
2,02E+11;18;9;27;1615;1;2;1;1;4;55;Route Lйon Lachamp;M;4324262;544666;130
2,02E+11;18;9;27;2015;5;2;1;1;1;55;WILLIAM BOOTH AVENUE;M;4329667;544845;130
2,02E+11;18;9;26;1220;1;2;1;1;2;55;CRIMEE (RUE DE);M;4330733;538023;130
2,02E+11;18;9;17;1715;1;2;1;1;3;55;SAINT MENET MONTEE;M;4329317;549333;130
2,02E+11;18;9;28;1430;1;2;1;1;3;55;ALBERT COHEN (RUE);M;4336220;533639;130
2,02E+11;18;9;29;230;5;2;1;1;6;55;Avenue Salvator Allende;M;4332981;540627;130
2,02E+11;18;9;29;1120;1;2;2;1;3;55;RUFFI (RUE DE);M;4331160;537134;130
2,02E+11;18;9;29;1400;1;2;3;1;6;55;PERIER (BOULEVARD);M;4327874;538094;130
2,02E+11;18;9;28;1930;2;2;2;1;1;55;BOIS SACRE (AVENUE du);M;4328207;536963;130
2,02E+11;18;9;29;345;5;2;6;1;6;55;REDON (BOULEVARD du);M;4325235;542178;130
2,02E+11;18;9;29;2000;5;2;3;1;3;55;SAINT MARCEL (Bd;M;4328876;545948;130
2,02E+11;18;9;29;2200;5;2;1;1;3;55;RAYMOND TEISSERE (RUE);M;4327451;539730;130
2,02E+11;18;9;30;950;1;2;2;1;6;55;ROMAIN ROLLAND (BOULEVAR;M;4327593;541742;130
2,02E+11;18;9;30;1230;1;2;1;1;3;55;SAKAKINI (BOULEVARD);M;4329521;540082;130