Num_Acc;an;mois;jour;hrmn;lum;agg;int;atm;col;com;adr;gps;lat;long;dep
2,02E+11;18;11;18;1745;5;2;1;1;2;55;MICHELET (BOULEVARD);M;4326695;539444;130
2,02E+11;18;11;18;2045;5;2;2;1;3;55;CHARLES KADDOUZ (RUE);M;4330769;542543;130
2,02E+11;18;11;18;2040;5;2;1;1;6;55;PONT DE VIVAUX (BOULEVAR;M;4328044;542041;130
2,02E+11;18;11;19;931;1;2;9;1;6;55;PLOMBIERES (BOULEVARD DE;M;4331606;538401;130
2,02E+11;18;11;19;750;1;2;1;1;6;55;HUVEAUNE (BOULEVARD);M;4327225;540611;130
2,02E+11;18;11;19;1340;1;2;1;1;3;55;ANDRE ZENATTI (AVENUE);M;4324600;538985;130
2,02E+11;18;11;19;1630;1;2;1;1;6;55;FORBINE (BOULEVARD DE LA;M;4329030;547724;130
2,02E+11;18;11;20;1030;1;2;1;2;6;55;BOURRELY (CHEMIN DES);M;4338248;536407;130
2,02E+11;18;11;20;1210;1;2;1;3;3;55;MADRAGUE VILLE (chemin d;M;4333623;535750;130
2,02E+11;18;11;20;1527;1;2;1;2;6;55;RUE PAUL GONDARD;M;4329122;538167;130
2,02E+11;18;11;21;1030;1;2;1;1;6;55;MONTRE (TRAVERSE DE LA);M;4329474;547567;130
2,02E+11;18;11;21;1420;1;2;1;2;3;55;SAINT BARNABE (AVENUE DE;M;4330415;541177;130
2,02E+11;18;11;21;1845;5;2;1;2;3;55;PRADO (AVENUE DU);M;4326795;538450;130
2,02E+11;18;11;20;2200;5;2;1;2;7;55;SADI CARNOT (PLACE);M;4329952;537141;130
2,02E+11;18;11;21;2311;5;2;1;1;3;55;RIVE NEUVE (QUAI);M;4329252;536695;130
2,02E+11;18;11;22;20;5;2;1;1;6;55;LђON LACHAMP (ROUTE);M;4324940;544400;130
2,02E+11;18;11;22;300;5;2;3;1;7;55;BLANCARDE (BOULEVARD);M;4330338;540449;130
2,02E+11;18;11;22;820;1;2;1;1;6;55;ESCADRILLE NORMANDIE NIE;M;4334078;540973;130
2,02E+11;18;11;22;923;1;2;1;1;3;55;CROIX ROUGE (AVENUE);M;4333338;543923;130
2,02E+11;18;11;22;1250;1;2;1;1;6;55;MARђCHAL DE LATTRE (AVEN;M;4324554;541363;130
2,02E+11;18;11;22;1215;1;2;1;1;3;55;SAKAKINI (BOULEVARD);M;4329781;540387;130
2,02E+11;18;11;22;2320;5;2;1;2;7;55;THђODORE THURNER (BOULEV;M;4329197;538302;130
2,02E+11;18;11;23;830;1;2;3;2;6;55;CHARLES NEDELEC (BOULEVA;M;4330324;537896;130
2,02E+11;18;11;23;1600;1;2;9;2;3;55;OLIVES (AVENUE DES);M;4332421;544350;130
2,02E+11;18;11;24;200;3;2;1;2;6;55;ALEX. FLEMING (Bld);M;4331420;540480;130
2,02E+11;18;11;24;350;5;2;1;9;3;55;CROIX ROUGE (AVENUE);M;4333333;543947;130
2,02E+11;18;11;24;430;5;2;3;1;5;55;JULES CANTINI (AVENUE);M;4328163;539154;130
2,02E+11;18;11;24;1330;1;2;1;1;3;55;DOCTEUR BERTRAND (RUE);M;4324605;538062;130
2,02E+11;18;11;24;2015;5;2;2;1;3;55;CAMILLE PELLETAN (AVENUE;M;4330774;537387;130
2,02E+11;18;11;25;630;5;2;1;1;2;55;CROIX ROUGE (AVENUE);M;4333337;543925;130
2,02E+11;18;11;25;1910;5;2;1;1;2;55;PAUL CLAUDEL (BOULEVARD;M;4326818;541608;130
2,02E+11;18;11;26;1000;1;2;1;1;3;2;SALVATORE ALLENDE (BOULE;M;4335270;548214;130
2,02E+11;18;11;26;1145;1;2;6;1;3;55;LANCIER (CHEMIN DU);M;4324729;539689;130
2,02E+11;18;11;26;1150;1;2;1;1;2;55;PRADO (AVENUE DU);M;4326369;537760;130
2,02E+11;18;11;26;1500;1;2;1;1;3;55;MARTINE (TRAVERSE LA);M;4330030;546841;130
2,02E+11;18;11;26;1350;1;2;1;1;3;55;JULES CANTINI (AVENUE);M;4328154;539167;130
2,02E+11;18;11;26;1800;5;2;3;1;3;55;JOSEPH AIGUIER (CHEMIN);M;4325487;540722;130
2,02E+11;18;11;27;1650;2;2;2;1;3;55;AVENUE RAMPAL;M;4331788;544554;130
2,02E+11;18;11;27;1610;1;2;1;1;6;55;CANEBIERE    30 A 68;M;4329688;537907;130
2,02E+11;18;11;28;920;1;2;1;1;6;55;FRANCOISE DUPARC (BOULEV;M;4330004;540074;130
2,02E+11;18;11;28;845;1;2;2;1;3;55;ARNOULD (RUE);M;4330274;552165;130
2,02E+11;18;11;27;1815;3;1;1;1;6;55;VISTE (AVENUE DE LA);M;4335911;535768;130
2,02E+11;18;11;29;715;2;1;1;1;3;55;COL DE LA GINESTE D559;M;4323890;547910;130
2,02E+11;18;11;29;830;1;2;1;1;1;55;GRAND PRE (AVENUE);M;4326210;541550;130
2,02E+11;18;11;29;1540;1;2;1;1;7;55;BAILLE **BOULEVARD);M;4328617;538488;130
2,02E+11;18;11;30;650;2;2;2;1;2;55;SAKAKINI (BOULEVARD);M;4329198;540071;130
2,02E+11;18;11;30;1115;1;2;1;2;2;55;ANATOLE DE LA FORGE (BOU;M;4333731;539603;130
2,02E+11;18;11;30;1300;1;2;3;3;3;55;PARADIS (RUE);M;4327023;538660;130
2,02E+11;18;12;1;545;5;2;1;1;6;55;LITTORAL (CHEMIN DU);M;4335411;533242;130
2,02E+11;18;12;1;1650;1;2;1;1;5;55;CHARLES KADDOUZ (RUE);M;4331401;543219;130
2,02E+11;18;12;1;1820;5;2;1;1;6;55;Corniche John Fitzg‚rald;M;4327509;536005;130
2,02E+11;18;12;1;1950;5;2;1;1;4;55;PLOMBIERES (BOULEVARD DE;M;4331600;538432;130
2,02E+11;18;12;1;2100;5;2;2;1;3;55;MARђCHAL JUIN (BOULEVARD;M;4330942;540289;130
2,02E+11;18;12;2;710;5;2;1;1;6;55;LђON BANCAL (RUE);M;4328646;547988;130
2,02E+11;18;12;3;800;1;2;2;1;6;55;BAILLE (BOULEVARD);M;4328647;538548;130
2,02E+11;18;12;3;1650;1;2;1;1;2;55;DђSIRђ BIANCO (AVENUE);M;4328810;542523;130
2,02E+11;18;12;4;820;1;2;1;1;7;55;DOCTEUR HECKEL (RUE DU);M;4328890;544145;130
2,02E+11;18;12;4;1230;1;2;1;1;3;55;PONT DE VIVAUX (BOULEVAR;M;4328043;542040;130
2,02E+11;18;12;4;1745;5;2;3;1;3;55;MADRAGUE DE MONTREDON (A;M;4323787;536421;130
2,02E+11;18;12;4;1900;5;2;1;1;5;55;SAINT JEAN DU DESERT (CH;M;;;130
2,02E+11;18;12;5;830;1;2;1;1;6;55;AVENUE DE MONTREDON;M;4324531;537311;130
2,02E+11;18;12;5;1425;1;2;9;1;2;55;JEANNE D'ARC (BOULEVARD);M;4329317;540501;130
2,02E+11;18;12;5;1938;5;2;1;1;6;55;PRADO (AVENUE DU);M;4327017;538769;130
2,02E+11;18;12;5;1800;5;2;1;1;3;55;CAMILLE PELLETAN (AVENUE;M;4330566;537330;130
2,02E+11;18;12;5;2135;5;2;2;1;3;55;PARADIS (RUE);M;4327711;538359;130
2,02E+11;18;12;4;1740;2;2;1;1;6;55;PIERRE GUERRE (ROND-POIN;M;4325034;538883;130
2,02E+11;18;12;6;1455;1;2;4;1;3;55;FRANKLIN ROOSEVELT (COUR;M;4329909;538571;130
2,02E+11;18;12;7;830;1;2;1;1;3;55;Franklin ROOSEVELT (COUR;M;4329901;538713;130
2,02E+11;18;12;7;830;1;2;1;1;4;55;RUE SAINT PIERRE;M;4329214;540174;130
2,02E+11;18;12;7;1340;1;2;1;1;5;55;CHARLES KADDOUZ (RUE);M;4330958;542666;130
2,02E+11;18;12;7;1845;5;2;1;1;3;55;JEAN PAUL SARTRE (AVENUE;M;4332372;541976;130
2,02E+11;18;12;8;139;5;2;4;1;6;55;PERRIN (BOULEVARD);M;4331790;540586;130
2,02E+11;18;12;8;217;5;2;1;9;7;55;Corniche John Fitzg‚rald;M;4327190;536256;130
2,02E+11;18;12;8;700;2;2;2;1;3;55;LIEUTAUD (COURS);M;4328745;538494;130
2,02E+11;18;12;8;330;5;2;1;1;6;55;...?;M;4329270;536457;130
2,02E+11;18;12;8;2320;5;2;1;1;2;55;CLOT BEY (AVENUE);M;4325830;538367;130
2,02E+11;18;12;8;1130;1;2;1;1;3;55;TRAVERSE PARANGON;M;4324171;537911;130
2,02E+11;18;12;9;1050;1;2;1;1;2;55;Corniche John F Kennedy;M;4328264;535068;130
2,02E+11;18;12;9;1755;2;2;1;1;2;55;SAINT LOUP (BOULEVARD DE;M;4328500;544000;130
2,02E+11;18;12;9;1845;4;2;1;1;6;55;SAINTE MARGUERITE (BOULE;M;4326893;540330;130
2,02E+11;18;12;10;1145;1;2;3;1;3;55;BRIANCON (BOULEVARD);M;4331690;536951;130
2,02E+11;18;12;10;1300;1;2;1;1;3;55;SAINT JEROME (AVENUE DE);M;4333140;541933;130
2,02E+11;18;12;11;740;2;2;9;1;3;55;TROIS LUCS A LA*VALENTIN;M;4330987;546821;130
2,02E+11;18;12;11;1120;1;2;1;1;2;55;PADOUANE (BD DE LA );M;4335335;536687;130
2,02E+11;18;12;11;1130;1;2;1;1;3;55;PONT DE VIVAUX (BOULEVAR;M;4328163;542649;130
2,02E+11;18;12;11;1620;1;2;1;1;3;55;SAINTE MARGUERITE (BOULE;M;4326610;540840;130
2,02E+11;18;12;11;1630;2;2;1;1;2;55;Bd MARECHAL JUIN;M;4331373;540598;130
2,02E+11;18;12;11;1615;1;2;1;1;2;55;SAINT PIERRE (RUE);M;4329162;540958;130
2,02E+11;18;12;9;340;5;2;1;1;6;55;HENRI BARNIER (BOULEVARD;M;4336877;534477;130
2,02E+11;18;12;11;1830;5;2;1;1;3;55;GUSTAVE GANAY (BOULEVARD;M;4326605;540045;130
2,02E+11;18;12;11;2125;5;2;1;1;6;55;MIRELLE LAUZE (BOULEVARD;M;4328835;543494;130
2,02E+11;18;12;12;225;5;2;1;1;7;55;JONCS (BOULEVARD DES);M;4324751;538227;130
2,02E+11;18;12;12;850;1;2;1;1;2;55;JUNOT (RUE);M;4331120;537656;130
2,02E+11;18;12;12;850;1;2;1;1;6;55;AVENUE WILLIAM BOOTH;M;4329281;543710;130
2,02E+11;18;12;11;1110;1;2;1;1;2;55;PADOUANE (BD DE LA );M;4335328;536973;130
2,02E+11;18;12;12;1215;1;2;1;1;3;55;SCHLOESING (BOULEVARD);M;4327456;539997;130
2,02E+11;18;12;12;1355;1;2;1;1;6;55;CHARTREUX (AVENUE DES);M;4330681;539967;130
2,02E+11;18;12;12;1400;1;2;1;1;6;55;JEAN MOULIN (BD);M;4328910;540005;130
2,02E+11;18;12;12;1330;1;2;3;1;2;55;pointe rouge (ave);M;4324796;537489;130
2,02E+11;18;12;12;1600;1;2;3;1;1;55;SAINTE MARTHE (chemin);M;4332359;538903;130
2,02E+11;18;12;12;1800;5;2;1;1;2;55;CAMAS (RUE DU);M;4329720;539410;130
2,02E+11;18;12;13;845;1;2;1;1;3;55;BOULEVARD PAUL CLAUDEL;M;4326881;541995;130
2,02E+11;18;12;13;1151;1;2;1;2;1;55;LA STATION (CHEMIN DU);M;4333191;538826;130
2,02E+11;18;12;13;1645;2;2;1;2;6;55;VIAN (RUE);M;4329471;538369;130
2,02E+11;18;12;13;1730;3;2;1;2;1;55;VALBARELLE (BOULEVARD DE;M;4328761;544847;130
2,02E+11;18;12;13;1415;1;2;9;2;3;55;GUIBAL (RUE);M;4330601;538453;130
2,02E+11;18;12;13;750;1;1;9;8;3;55;LA NERTHE (CHEMIN DE LA);M;4337856;528975;130
2,02E+11;18;12;13;1230;1;2;3;1;6;55;AYGALADES (AVENUE DES);M;4333692;536732;130
2,02E+11;18;10;23;600;2;2;1;1;7;55;CROIX ROUGE (AVENUE);M;4333338;543925;130
2,02E+11;18;12;14;1135;1;2;1;1;2;55;PIERRE ROUX (PLACE);M;4328553;539493;130
2,02E+11;18;12;14;1335;1;2;1;1;6;55;TOULON (AVENUE DE);M;4328340;539708;130
2,02E+11;18;12;14;1530;1;2;1;1;2;55;RABATAU (BOULEVARD);M;4327757;539906;130
2,02E+11;18;12;14;1920;5;2;1;1;7;55;CHARLES LIVON (BOULEVARD;M;4329190;535781;130
2,02E+11;18;12;15;1015;1;2;1;1;2;55;FRANCOIS CHARNIGNY (AVEN;M;4329328;548390;130
2,02E+11;18;12;15;100;5;2;9;1;3;55;CHEMIN DU MERLAN A LA RO;M;4333070;540963;130
2,02E+11;18;12;15;2115;5;2;1;1;3;55;FONDERE (RUE);M;4330190;539930;130
2,02E+11;18;12;15;2240;5;2;2;1;3;55;DAMES (BOULEVARD DES);M;4330310;536660;130
2,02E+11;18;12;16;1247;1;2;1;2;3;55;SAINTE MARGUERITE (BOULE;M;4326222;541375;130
2,02E+11;18;12;16;2115;5;2;1;2;1;55;BUREL (BOULEVARD);M;4331687;538947;130
2,02E+11;18;12;16;2130;5;2;6;2;2;55;PRADO (AVENUE DU);M;4327238;539111;130
2,02E+11;18;12;17;600;5;2;2;1;7;55;ALEX. FLEMING (BD);M;4331601;540111;130
2,02E+11;18;12;17;1020;1;2;1;1;2;55;ALEX ANSALDI (RUE);M;4333201;540417;130
2,02E+11;18;12;17;1635;1;2;1;1;6;55;LOUIS ARMAND (BOULEVARD);M;4329815;541336;130
2,02E+11;18;12;17;1853;5;2;1;1;6;55;CHUTES LAVIE (AVE);M;4331086;539638;130
2,02E+11;18;12;18;105;5;2;1;1;1;55;ERNEST DELIBES (PLACE);M;4327902;538285;130
2,02E+11;18;12;18;1000;1;2;2;1;3;55;AUGUSTIN AUBERT (RUE);M;4326668;540293;130
2,02E+11;18;12;18;1310;1;2;1;1;6;55;PAUL CLAUDEL (BOULEVARD);M;4326983;542207;130
2,02E+11;18;12;19;1100;1;2;1;2;6;55;CANEBIERE    81 A FIN;M;4329879;538456;130
2,02E+11;18;12;19;900;1;2;1;2;6;55;SAINT MARCEL (BOULEVARD;M;4328694;546674;130
2,02E+11;18;12;19;1215;1;2;1;2;2;55;GILLIBERT (BOULEVARD);M;4326420;540600;130
2,02E+11;18;12;19;1250;1;2;1;2;3;55;PRADO*(AVENUE DU);M;4326443;537862;130
2,02E+11;18;12;19;1600;1;2;1;3;6;55;CAPELETTE (AVENUE DE LA);M;4328046;540819;130
2,02E+11;18;12;19;1620;2;2;1;2;6;55;CAPELETTE (AVENUE DE LA);M;4328046;540818;130
2,02E+11;18;12;19;1940;3;1;1;2;1;2;ETIENNE CUCCA-CD908 (AVE;M;4337876;554120;130
2,02E+11;18;12;19;2230;5;2;9;1;3;55;MAZARGUES (AVENUE DE);M;4326272;539307;130
2,02E+11;18;12;20;1200;1;2;1;1;2;55;L ARMEE D AFRIQUE (CHEMI;M;4329034;540617;130
2,02E+11;18;12;20;1525;1;2;1;1;1;55;LIEUTAUD (COURS);M;4329015;538354;130
2,02E+11;18;12;21;325;5;2;1;1;6;55;CHARLES LIVON (BOULEVARD;M;4329166;535594;130
2,02E+11;18;12;21;900;1;2;1;1;2;55;SAINTE MARGUERITE (BOULE;M;4326827;540613;130
2,02E+11;18;12;21;1240;1;2;1;1;6;55;L ARMEE D AFRIQUE (CHEMI;M;4329062;540569;130
2,02E+11;18;12;21;1631;1;2;1;1;6;55;CAMILLE PELLETAN (AVENUE;M;4330333;537389;130
2,02E+11;18;12;21;1840;5;2;1;1;3;55;POMME (BOULEVARD DE LA );M;4329299;545030;130
2,02E+11;18;12;21;1930;5;2;1;1;2;55;OLIVES (AVENUE DES);M;4332702;543703;130
2,02E+11;18;12;22;1500;1;2;1;1;2;55;RUE PROF ROGER LUCCIONI;M;4327314;543159;130
2,02E+11;18;12;22;1700;5;2;1;1;6;55;BAILLE (BOULEVARD);M;4328617;538460;130
2,02E+11;18;12;22;1600;1;2;1;1;6;55;PARADIS (RUE);M;4327736;538361;130
2,02E+11;18;12;23;330;5;2;1;1;6;55;AVENUE JEAN LOMBARD;M;4328918;543520;130
2,02E+11;18;12;23;1830;5;2;3;1;3;55;WULFRAM PUGET (RUE);M;4327701;538292;130
2,02E+11;18;12;23;1930;5;2;1;1;6;55;MISTRAL (AVENUE);M;4326810;540191;130
2,02E+11;18;12;23;2020;5;2;1;1;3;55;CHARLES LIVON (BOULEVARD;M;4329225;536214;130
2,02E+11;18;12;24;35;5;2;9;1;6;55;JULES CANTINI (AVENUE);M;4328406;538711;130
2,02E+11;18;12;24;915;1;2;1;1;3;55;BLANCARDE (BD);M;4330289;540000;130
2,02E+11;18;12;24;1000;1;2;1;1;6;55;ROY D'ESPAGNE (chemin);M;4324022;539744;130
2,02E+11;18;12;24;1035;1;2;1;1;2;55;ROY D'ESPAGNE (CHEMIN);M;4324320;539670;130
2,02E+11;18;12;24;1515;1;2;3;1;2;55;ENCO DE BOTTE (RTE);M;4331358;546582;130
2,02E+11;18;12;24;1435;1;2;1;1;3;55;MIREILLE LAUZE (BOULEVAR;M;4328320;541189;130
2,02E+11;18;12;24;1810;2;2;1;1;2;55;ENDOUME (Rue d');M;4328619;536275;130
2,02E+11;18;12;24;2300;5;2;1;1;3;55;MARђCHAL JUIN (BOULEVARD;M;4331115;540335;130
2,02E+11;18;12;24;2242;5;2;1;1;3;55;NATIONAL (BOULEVARD);M;4331002;537930;130
2,02E+11;18;12;25;1;5;2;2;1;3;55;SAINT JEAN (BOULEVARD);M;4327961;540793;130
2,02E+11;18;12;21;1750;5;2;1;1;7;55;TROIS LUCS A LA VALENTIN;M;4331174;546474;130
2,02E+11;18;12;26;1315;1;2;1;1;3;2;SALVATORE ALLENDE (BOULE;M;4335295;548324;130
2,02E+11;18;12;26;1130;1;2;3;1;3;55;SAINT ANTOINE A SAINT JO;M;4335626;536960;130
2,02E+11;18;12;26;1440;1;2;9;1;2;55;BOULEVARD JEAN MOULIN;M;4328565;539869;130
2,02E+11;18;12;26;1400;1;1;1;1;7;55;LA GINESTE RD 559;M;4322550;553166;130
2,02E+11;18;11;26;2215;5;2;3;1;3;55;ARENC (QUAI D');M;4331319;536614;130
2,02E+11;18;12;27;800;2;2;1;1;7;55;CHARLES KADDOUZ (RUE);M;4331878;543968;130
2,02E+11;18;12;27;1515;1;2;2;1;3;55;JEAN MARTIN (RUE);M;4329587;540214;130
2,02E+11;18;12;27;1640;1;2;1;1;3;55;SAINT ANTOINE A SAINT JO;M;4336383;536137;130
2,02E+11;18;12;27;1900;5;2;1;1;4;55;ALEX. FLEMING (BOULEVARD;M;4331530;539183;130
2,02E+11;18;12;24;2330;3;2;9;9;3;55;ROSE (AVENUE DE LA);M;4332774;542447;130
2,02E+11;18;12;28;830;1;2;4;1;6;55;HENRI BARNIER (BOULEVARD;M;4335997;534291;130
2,02E+11;18;12;28;1750;5;2;1;1;3;55;JEAN PAUL SARTRE (AVENUE;M;4332619;542428;130
2,02E+11;18;12;29;1545;1;2;1;1;2;55;L ARMEE D AFRIQUE (CHEMI;M;4328837;541000;130
2,02E+11;18;12;29;1420;1;2;3;1;5;55;BERNABO (Bd);M;4333752;535602;130
2,02E+11;18;12;30;1845;3;2;3;1;3;55;ANDRE BARDON (rue);M;4328483;542541;130
2,02E+11;18;12;30;2205;5;2;1;1;7;55;VALBARELLE (BOULEVARD DE;M;4328864;545467;130
2,02E+11;18;12;31;1100;1;2;1;1;7;55;GASTON FLOTTE (RUE);M;4329611;542746;130
2,02E+11;18;12;31;1520;1;2;3;1;3;55;MAZARGUES (AVENUE DE);M;4326421;539215;130
2,02E+11;18;12;31;1815;5;2;1;1;1;55;PIERRE DOIZE  (RUE);M;4327429;542678;130
2,02E+11;18;12;31;1850;5;2;1;1;3;55;LYON (RUE DE);M;4333720;536272;130
2,02E+11;18;10;31;1550;1;1;1;2;3;39;ROUTE NATIONALE 568;M;4345547;492675;130
2,02E+11;18;11;16;1940;2;1;1;1;6;77;POURRA;M;4343184;500909;130
2,02E+11;18;10;23;2005;5;2;3;1;3;56;DOUMER TRAVERSE PAUL;M;4340739;505340;130
2,02E+11;18;2;23;1130;1;2;1;1;6;26;7 Av de l'Homme А la Fen;M;4339353;514389;130
2,02E+11;18;1;11;1830;2;2;1;1;3;39;ROUTE NATIONALE 569;M;4345905;494179;130
2,02E+11;18;3;6;1420;1;2;1;1;3;39;JAURES JEAN (Avenue);M;4343568;494481;130
2,02E+11;18;3;10;1110;1;1;1;1;2;39;ROUTE NATIONALE 569;M;4346947;494061;130
2,02E+11;18;1;21;1630;1;1;1;1;1;77;D 50;M;4342668;500129;130
2,02E+11;18;3;23;715;1;1;9;1;3;39;RN 545;M;4343588;492516;130
2,02E+11;18;2;21;1055;1;2;1;8;1;56;CD 5 (Route d'Istres);M;4342770;505000;130
2,02E+11;18;2;8;1630;1;1;9;1;3;39;P 544;M;4347702;489623;130
2,02E+11;18;2;12;534;3;1;1;1;1;39;ROUTE NATIONALE 569;M;4346912;494225;130
2,02E+11;18;4;23;1400;1;1;1;1;1;26;CD 9;M;4338461;519226;130
2,02E+11;18;4;21;550;3;1;1;1;5;26;RN 568 CLM;M;4339290;518660;130
2,02E+11;18;4;15;35;5;2;1;1;6;39;20 Rue de la Saladelle;M;4344416;494307;130
2,02E+11;18;1;8;1325;1;2;1;1;5;56;TURCAN FRANCIS;M;4341110;503980;130
2,02E+11;18;5;11;1915;1;2;1;1;5;56;TURCAN FRANCIS;M;4341590;505660;130
2,02E+11;18;5;20;2003;1;1;1;1;3;39;RD 268;M;4346668;484021;130
2,02E+11;18;5;22;1846;1;2;1;1;6;56;18 Quai Klйber;M;4340557;505653;130
2,02E+11;18;5;25;750;1;1;1;1;3;39;ROUTE NATIONALE 569;M;4346762;493510;130
2,02E+11;18;6;12;1615;1;2;1;1;6;56;COLLINE ROUTE de la;M;4342160;504486;130
2,02E+11;18;6;12;1205;1;2;9;1;3;26;FERRY (Rue Jules);M;4338632;516689;130
2,02E+11;18;6;21;1715;1;1;1;1;3;26;LAURE (route de);M;4338041;517557;130
2,02E+11;18;6;22;2010;1;2;1;1;1;56;KLEBER Quai JEAN BAPTIST;M;4340536;505658;130
2,02E+11;18;6;22;1720;1;2;1;1;3;56;DUFY ALLEE RAOUL;M;4340550;504376;130
2,02E+11;18;6;14;630;1;1;1;1;2;26;RD 568 CLM;M;4339203;517865;130
2,02E+11;18;6;25;1600;1;1;1;1;2;39;N 568;M;4343063;494700;130
2,02E+11;18;6;29;700;1;1;1;1;5;77;RN 568;M;4341340;499734;130
2,02E+11;18;7;4;1540;1;2;1;1;6;56;AIRES PLACE DES;M;4340714;505651;130
2,02E+11;18;6;25;1351;1;1;1;1;2;39;ROUTE NATIONALE 568;M;4346190;491919;130
2,02E+11;18;7;13;1636;1;1;1;1;1;104;RD 49;M;4334146;510552;130
2,02E+11;18;7;25;650;1;1;6;1;2;39;RN 568;M;4346168;492014;130
2,02E+11;18;7;26;1545;1;1;1;1;1;56;RD 5;M;4338306;506531;130
2,02E+11;18;8;6;1845;1;1;1;1;3;26;RD 9;M;4338288;519241;130
2,02E+11;18;8;7;1730;1;1;1;1;3;56;RD 49;M;4337430;506361;130
2,02E+11;18;8;12;810;1;1;1;1;2;56;ROUTE DE SAINT PIERRE;M;4338940;506160;130
2,02E+11;18;7;3;815;1;1;1;1;5;26;CD 9;M;4338633;519253;130
2,02E+11;18;8;12;600;1;1;1;1;6;39;ROUTE NATIONALE 568;M;4343694;494112;130
2,02E+11;18;8;18;1345;1;1;1;1;7;26;RD 568;M;4339010;516791;130
2,02E+11;18;8;10;2045;1;1;1;1;3;39;RN 568;M;4345950;492220;130
2,02E+11;18;8;25;2100;5;2;3;1;3;26;Bd Chateau Moustier;M;4338627;515334;130
2,02E+11;18;8;30;920;1;2;9;1;6;56;LECLERC QUAI GENERAL CHA;M;4340389;505486;130
2,02E+11;18;9;13;1800;1;2;1;1;6;56;NOTRE DAME BOULEVARD;M;4341394;505019;130
2,02E+11;18;8;26;2100;2;2;4;1;3;39;POMPIDOU GEORGES (avenue;M;4345051;493884;130
2,02E+11;18;9;14;910;1;1;1;1;2;39;SAINT-GERVAIS Carrefour;M;4343378;494125;130
2,02E+11;18;9;25;1355;1;2;9;1;6;26;AUDIBERT (bd Armand);M;4338706;516960;130
2,02E+11;18;9;18;730;1;1;9;1;3;26;RD 568 CLM;M;4339293;518501;130
2,02E+11;18;8;4;40;3;1;1;1;2;56;RN 568;M;4341348;500790;130
2,02E+11;18;10;1;2115;3;1;1;1;6;77;RN 568;M;4341360;500035;130
2,02E+11;18;10;9;1559;1;1;1;1;2;56;CD 49;M;4333588;504925;130
2,02E+11;18;10;12;2100;5;1;1;1;3;39;ROUTE NATIONALE 568;M;4342860;495980;130
2,02E+11;18;10;13;1545;1;2;1;1;6;56;ROUSSEAU JEAN JACQUES;M;4340113;504837;130
2,02E+11;18;10;31;1720;3;2;1;3;6;39;DE GAULLE GENERAL (Avenu;M;4344210;494264;130
2,02E+11;18;11;14;635;3;1;9;1;3;77;D 50;M;4342790;500541;130
2,02E+11;18;11;16;10;5;1;1;1;3;39;GUIGONNET (rond-point du;M;4345029;493538;130
2,02E+11;18;11;16;840;1;2;1;1;6;56;TURCAN FRANCIS;M;4341216;504721;130
2,02E+11;18;11;8;1450;1;2;9;1;4;77;RN 568;M;4342168;497745;130
2,02E+11;18;12;4;1115;1;1;1;1;3;77;RN 568;M;4341360;500035;130
2,02E+11;18;10;8;1830;3;1;1;1;6;39;ROUTE NATIONALE 568;M;4347840;489664;130
2,02E+11;18;9;6;1505;1;2;1;1;6;26;FRANCE ANATOLE rue;M;4338489;516484;130
2,02E+11;18;12;13;1800;5;2;1;1;1;39;PLAN D'ARENC (Chemin du);M;4345653;494624;130
2,02E+11;18;1;28;10;3;1;6;1;7;103;ROUTE D'ARLES-RN 113;M;4364159;502218;130
2,02E+11;18;1;29;1213;1;1;3;1;3;103;ROUTE DE JEAN MOULIN-RN;M;4365996;509649;130
2,02E+11;18;3;3;1337;1;2;2;1;1;103;AVENUE BOREL -GEORGES;M;4364049;508313;130
2,02E+11;18;4;12;1500;1;1;1;3;4;103;596 Ch Grand'carraire;M;4364589;506528;130
2,02E+11;18;4;24;2325;3;2;1;1;1;103;ROUTE D'ARLES-RD 113;M;4363769;507659;130
2,02E+11;18;4;28;1855;1;1;1;1;3;103;AVENUE DE  GUBBIO-RD 113;M;4362531;508407;130
2,02E+11;18;6;1;950;1;2;6;1;6;103;Bd CLEMENCEAU- GE;M;4364102;508881;130
2,02E+11;18;6;7;1920;1;2;6;1;4;103;RTE DE MARSEILLE-RN 538;M;4362483;510119;130
2,02E+11;18;6;20;1820;1;1;1;1;5;103;ROUTE DE JEAN MOULIN-RD;M;4366648;509484;130
2,02E+11;18;6;29;757;1;2;3;1;6;103;ALLEE  de la LIBERTE;M;4363846;509407;130
2,02E+11;18;9;17;845;1;2;6;1;6;103;AVENUE DE LA PATROUILLE;M;4362734;510227;130
2,02E+11;18;10;1;130;3;1;6;1;7;103;RD 113;M;4364026;504764;130
2,02E+11;18;10;13;1940;5;2;1;1;6;103;RUE DES FILEUSES DE SOIE;M;4364072;509559;130
2,02E+11;18;10;1;1605;1;1;1;1;3;103;RD 113;M;4359974;510264;130
2,02E+11;18;12;6;715;5;2;1;1;2;103;AVENUE MICHELET;M;4364051;508560;130
2,02E+11;18;12;10;1645;1;1;1;1;6;103;RTE DE MARSEILLE-RD 538;M;4362330;510019;130
2,02E+11;18;12;14;1615;1;2;1;1;3;103;AVENUE DE WERTHEIM;M;4364760;509830;130
2,02E+11;18;1;15;2100;3;1;1;8;6;108;ARLES (PETITE ROUTE D AR;M;4377055;466850;130
2,02E+11;18;1;24;2040;3;1;1;1;7;108;RD 970 ROUTE D'AVIGNON;M;4382919;471116;130
2,02E+11;18;2;19;921;1;2;1;1;6;108;16 Bd Victor Hugo;M;4380320;465909;130
2,02E+11;18;3;6;1310;1;1;1;1;7;32;6000  FOURQUES ROUTE DE;M;4379706;463090;300