Num_Acc;an;mois;jour;hrmn;lum;agg;int;atm;col;com;adr;gps;lat;long;dep
2,02E+11;18;3;6;1800;1;1;1;1;5;108;Route de Vallabregues;M;4381820;465221;130
2,02E+11;18;3;30;1616;1;2;3;1;6;32;PIERRE MENDES FRANCE AVE;M;4381191;464504;300
2,02E+11;18;4;18;1645;1;1;1;1;5;108;RD 99 ROUTE DE SAINT REM;M;4379556;470178;130
2,02E+11;18;6;24;2230;4;2;1;1;6;32;PAIX QUAI DE LA;M;4380487;464664;300
2,02E+11;18;7;1;110;3;1;1;1;5;108;D 570 N Route D ARLES;M;4375417;468207;130
2,02E+11;18;7;13;1630;1;1;3;1;3;108;RD 570 N ROUTE D ARLES;M;4382009;473224;130
2,02E+11;18;7;24;1515;1;1;1;1;1;108;VALLABREGUES ( RD 81 ROU;M;4381720;465250;130
2,02E+11;18;7;30;1100;1;2;2;1;3;108;GUYNEMER GEORGE (AVENUE);M;4381080;466130;130
2,02E+11;18;8;29;1330;1;1;1;1;2;108;CD 35 ROUTE DE BOULBON;M;4384500;467750;130
2,02E+11;18;9;22;330;3;1;1;1;7;108;RD 970 ROUTE D'AVIGNON;M;4381746;468021;130
2,02E+11;18;10;10;1700;1;2;3;1;5;32;Route st gilles-Houblons;M;4380252;461716;300
2,02E+11;18;11;21;1715;2;1;1;1;1;108;D99B;M;4347510;437110;130
2,02E+11;18;11;29;1355;1;2;1;1;6;32;RUE DE LA REDOUTE;M;4381149;464105;300
2,02E+11;18;12;20;1535;1;2;1;7;6;108;REPUBLIQUE (AVENUE);M;4380539;465519;130
2,02E+11;18;12;2;1742;5;2;2;2;6;108;;M;4380869;465577;130
2,02E+11;18;1;1;1900;5;2;2;1;5;117;SALYENS ( AVENUE DES );M;4344409;525168;130
2,02E+11;18;12;7;1630;1;2;1;1;4;54;8 MAI 1945 (AV DU );M;4341804;522870;130
2,02E+11;18;1;5;1150;1;2;3;1;2;54;18  PUITS MADAME (RUE );M;4341527;521376;130
2,02E+11;18;1;10;555;5;2;6;1;7;117;BAOU (QUARTIER DU PONT D;M;4345958;523310;130
2,02E+11;18;1;19;2115;5;2;1;1;1;54;35  FIGUERES (RUE DES );M;4342015;520816;130
2,02E+11;18;1;22;1630;1;2;2;1;3;117;RUE DE FONTBLANCHE;M;4342281;528251;130
2,02E+11;18;1;19;1910;5;2;1;1;6;54;8 MAI 1945 (AV DU );M;4341478;522327;130
2,02E+11;18;2;1;2100;5;2;2;8;3;54;1 Rue de Figueres;M;4341564;521065;130
2,02E+11;18;2;3;1730;2;2;1;1;3;54;24  MARECHAL JUIN (AV DU;M;4341946;522356;130
2,02E+11;18;2;4;405;5;2;3;1;6;43;COTE BLEUE (AV DE LA );M;4338573;521981;130
2,02E+11;18;2;5;1830;3;2;1;1;6;117;Avenue Jean Monnet;M;;;130
2,02E+11;18;2;10;1500;1;1;1;1;6;54;49 Route de la Plage;M;4343254;520498;130
2,02E+11;18;3;2;1515;1;2;1;1;2;117;MORFELDEN WALLDORF (AVEN;M;4345923;524252;130
2,02E+11;18;3;7;1500;1;2;3;1;6;117;SALYENS ( AVENUE DES );M;4344243;525266;130
2,02E+11;18;3;10;1600;1;2;2;1;3;117;LONDRES (Avenue de);M;4342720;523541;130
2,02E+11;18;4;17;830;1;2;1;1;3;117;ROME  (AVENUE DE);M;4343799;524686;130
2,02E+11;18;4;22;945;1;2;2;1;3;117;DE LATTRE DE TASSIGNY (;M;4342333;528372;130
2,02E+11;18;4;24;1655;1;1;1;1;4;71;629 Av. Plan de Campagne;M;4341128;533010;130
2,02E+11;18;4;24;1845;1;2;1;1;2;102;JEAN MOULIN (BD );M;4341191;525090;130
2,02E+11;18;5;4;1230;1;1;1;1;2;117;ROUTE NATIONALE 113-L'AN;M;4341935;527214;130
2,02E+11;18;5;5;1300;1;2;1;1;6;54;6 Allйe des Oliviers;M;4340775;522868;130
2,02E+11;18;5;6;2050;2;2;1;2;3;117;PADOVANI ( AVE );M;4343390;526156;130
2,02E+11;18;5;8;2320;5;2;9;1;6;71;VIEILLE ROUTE DE LA GAVO;M;4337879;535181;130
2,02E+11;18;5;11;1550;1;2;1;1;7;19;AVENUE DU PLAN DE CAMPAG;M;4341145;533207;130
2,02E+11;18;5;27;1406;1;1;2;8;3;117;LONDRES (AVENUE DE);M;4342692;523473;130
2,02E+11;18;5;30;2200;5;2;2;1;3;54;COMBATTANTS AFN 52 62 (A;M;4340534;522285;130
2,02E+11;18;6;2;1630;1;2;1;1;6;117;POILUS ( ALLEE des);M;4342469;527915;130
2,02E+11;18;6;4;730;1;2;1;1;1;54;RENE DUBOS (AV );M;4342012;522495;130
2,02E+11;18;6;10;1450;1;1;1;1;2;117;EUROCOPTER CD 20;M;4343955;523414;130
2,02E+11;18;6;12;1430;1;2;2;1;3;117;LONDRES (AVENUE DE);M;4342691;523473;130
2,02E+11;18;6;20;700;1;2;1;1;3;117;ROUTE NATIONALE 113 - CA;M;4347680;522774;130
2,02E+11;18;6;23;1305;1;1;1;1;2;117;CD20 E;M;4342450;523875;130
2,02E+11;18;6;27;1830;1;2;9;1;3;117;ROUTE DEPARTEMENTAL 20;M;4345560;523233;130
2,02E+11;18;6;30;1510;1;2;1;1;3;71;FERME (CH de la);M;4340909;531238;130
2,02E+11;18;7;7;950;1;2;1;1;6;43;REPUBLIQUE (Av DE LA );M;4339433;522822;130
2,02E+11;18;7;8;1700;1;1;1;1;3;71;A * 51;M;4341680;536554;130
2,02E+11;18;7;12;1700;1;2;1;1;1;117;MARSEILLE ( AVENUE DE );M;4344569;525594;130
2,02E+11;18;7;12;2255;5;2;9;1;3;54;LEGION D'HONNEUR (RPT DE;M;4341119;521084;130
2,02E+11;18;7;15;1810;1;2;1;1;3;54;HENRI DUNANT (AV );M;4340420;525961;130
2,02E+11;18;7;18;1345;1;2;1;1;6;54;RUE FRANCIS GARNIER;M;4341122;520207;130
2,02E+11;18;7;18;2115;1;2;1;1;6;71;MITTERRAND (AVENUE FRANC;M;4338604;534591;130
2,02E+11;18;7;20;120;5;2;2;1;6;54;ROLAND CORRAO (AV );M;4342086;522050;130
2,02E+11;18;7;24;1930;1;2;1;1;1;54;RUE ROLAND GARROS;M;4341652;522040;130
2,02E+11;18;8;1;900;1;2;2;1;3;54;STADE (RUE DU );M;4341826;520907;130
2,02E+11;18;8;3;1900;1;2;2;1;3;117;( RUE DE LA ) GLACIERE;M;4342325;524107;130
2,02E+11;18;8;6;1535;1;2;2;1;6;117;SALYENS ( AVENUE DES );M;4343925;525560;130
2,02E+11;18;8;19;545;3;1;1;1;2;117;RD 20;M;4343817;523494;130
2,02E+11;18;8;20;1200;1;2;9;1;4;54;VICTOIRE DE LA MARNE (RU;M;4340922;520816;130
2,02E+11;18;8;17;1100;1;2;1;1;3;43;N 368;M;4339653;524475;130
2,02E+11;18;8;27;100;3;1;1;1;3;43;ROVE (AV DU );M;4338308;522038;130
2,02E+11;18;8;30;135;5;2;1;1;2;117;ROUTE NATIONALE 113 - CA;M;4347600;522800;130
2,02E+11;18;9;5;2100;5;2;1;1;2;117;COPENHAGUE (RUE DE);M;4342777;524181;130
2,02E+11;18;9;16;2200;5;2;2;1;3;117;LONDRES (AVENUE DE);M;4342693;523477;130
2,02E+11;18;9;19;431;3;1;1;1;6;117;RD 20;M;4342554;523550;130
2,02E+11;18;9;29;250;3;1;1;1;7;71;ROUTE NATIONALE 113 - CA;M;4341099;531022;130
2,02E+11;18;9;29;1940;2;2;1;1;1;106;D'APT (route);M;4340477;536393;130
2,02E+11;18;10;3;1000;1;2;3;1;3;71;ROUTE NATIONALE 368 (VIL;M;4340799;530886;130
2,02E+11;18;10;6;415;3;1;9;1;6;117;ROUTE NATIONALE 113-L'AN;M;4342697;526223;130
2,02E+11;18;10;11;900;1;2;1;1;1;117;BERNARDE (AUBERGE LA) RN;M;4347968;522666;130
2,02E+11;18;10;18;1830;2;2;1;1;1;43;Av. Lino Ventura;M;4339486;520699;130
2,02E+11;18;10;19;1500;1;1;1;1;5;117;STADIUM (CD9);M;4345398;531101;130
2,02E+11;18;10;23;925;1;2;1;1;2;117;ROGNAC ( ROUTE DE );M;4347172;523171;130
2,02E+11;18;10;13;1815;1;2;1;1;3;54;OLIVIERS (ALL DES );M;4340784;522865;130
2,02E+11;18;10;27;1800;2;2;1;2;1;71;"chem; de VELAUX";M;4340921;535221;130
2,02E+11;18;10;30;900;1;1;3;1;3;19;CD6;M;4342295;537191;130
2,02E+11;18;11;5;900;1;1;3;1;3;117;LONDRES (AVENUE DE);M;4342720;523540;130
2,02E+11;18;11;9;700;1;2;1;8;2;117;RD 113;M;4342370;526654;130
2,02E+11;18;11;12;1750;3;1;1;1;2;71;ROUTE NATIONALE 368 (PLA;M;4340120;526897;130
2,02E+11;18;11;13;1545;1;2;9;1;3;71;BEDOULE ( CHEMIN DE LA );M;4338724;535205;130
2,02E+11;18;11;15;1145;1;2;1;1;6;117;PADOVANI ( AVE );M;4343222;526421;130
2,02E+11;18;11;15;1745;5;2;1;1;6;117;AVENUE DES SALYENS;M;4344299;525231;130
2,02E+11;18;11;17;1415;1;2;1;1;6;54;MAURICE NOGUES (BD );M;4341779;521955;130
2,02E+11;18;11;23;2230;5;1;9;2;3;71;RD 113;M;4341703;528316;130
2,02E+11;18;11;25;2050;3;1;1;2;6;117;CHEMIN DEPARTEMENTAL 9 (;M;4343566;528105;130
2,02E+11;18;11;27;1200;1;2;1;1;6;54;CHE SAINT PIERRE;M;4341215;520659;130
2,02E+11;18;11;30;1300;1;2;1;2;6;117;RHIN DANUBE ( AVENUE );M;4342214;526989;130
2,02E+11;18;12;11;1520;1;2;6;1;3;71;D 543;M;4342032;536700;130
2,02E+11;18;12;13;1820;5;2;1;2;1;117;MARSEILLE ( AVENUE DE );M;4343276;526480;130
2,02E+11;18;12;14;1830;3;1;2;1;3;71;RD 113 - AG;M;4341643;527891;130
2,02E+11;18;12;19;730;2;2;1;3;6;54;route de Martigues RD9;M;4340746;520792;130
2,02E+11;18;8;25;318;3;1;1;1;6;185;D624 - avenue de Pamiers;M;4322498;164378;90
2,02E+11;18;9;16;215;5;2;1;1;6;412;l'hopital de Meursault;M;4697209;478226;210
2,02E+11;18;3;22;1705;1;2;1;1;3;75;Rue Rencontre;M;4790622;-211374;560
2,02E+11;18;2;25;1845;3;1;1;1;2;146;Rte Nationale 83;M;4812808;736551;680
2,02E+11;18;2;26;500;3;1;1;1;6;37;Autoroute 35;M;4795590;736696;680
2,02E+11;18;3;23;740;1;1;1;1;6;205;AUTOROUTE 35;M;4790826;736614;680
2,02E+11;18;4;14;2045;3;1;1;1;2;295;Autoroute 35;M;4801103;737615;680
2,02E+11;18;4;20;700;1;1;1;1;2;82;Autoroute 35;M;4784839;739472;680
2,02E+11;18;6;14;1550;1;1;1;1;2;66;Autoroute 35;M;4805898;737886;680
2,02E+11;18;7;1;640;1;1;1;1;6;66;Autoroute 35;M;4804733;737094;680
2,02E+11;18;7;30;1712;1;1;1;1;6;228;Autoroute 35;M;4792614;735958;680
2,02E+11;18;8;3;1510;1;1;1;1;6;66;Autoroute 35;M;4806131;738065;680
2,02E+11;18;8;12;640;1;1;1;1;6;113;Rte Nationale 83;M;4818702;739116;680
2,02E+11;18;8;15;125;3;1;1;1;6;252;Rte dйpartementale 83;M;4815273;737251;680
2,02E+11;18;8;18;830;1;1;4;1;3;113;Rte nationale 83;M;4818608;738997;680
2,02E+11;18;8;27;1230;1;1;1;1;2;37;Autoroute 35;M;4795358;736642;680
2,02E+11;18;9;11;1508;1;1;1;7;2;295;autoroute A35;M;4801820;737401;680
2,02E+11;18;9;30;1525;1;1;1;1;2;66;A35 PK65+200 SENS NORD S;M;4808054;738451;680
2,02E+11;18;10;1;1750;1;1;1;1;4;66;A35;M;4805691;737718;680
2,02E+11;18;10;11;1300;1;1;1;1;2;82;Autoroute 35;M;4783781;739449;680
2,02E+11;18;10;31;1735;3;1;1;1;4;113;Rte nationale 83;M;4818742;739158;680
2,02E+11;18;11;25;340;3;1;1;1;7;252;ROUTE NATIONALE 83 PK61.;M;4815286;737169;680
2,02E+11;18;1;22;2050;3;1;1;1;1;356;RD195;M;4874169;204984;780
2,02E+11;18;1;30;1900;3;1;1;2;7;356;Route dйpartementale 195;M;4874232;205288;780
2,02E+11;18;4;24;815;1;2;3;1;3;356;RUE MATHILDE DE GARLANDE;M;4874207;203635;780
2,02E+11;18;5;13;1700;1;1;1;1;3;356;D195;M;4874200;205596;780
2,02E+11;18;6;2;2120;2;1;6;1;6;356;RD36;M;4874214;209364;780
2,02E+11;18;10;30;1300;1;1;1;2;7;620;D938;M;4874097;211677;780
2,02E+11;18;7;28;1515;1;1;1;7;6;88;A.89 - PK.047.800;M;4500825;-4082;330
2,02E+11;18;10;17;1055;1;1;1;1;6;15;A89 - PR019.115;M;4487246;-27648;330
2,02E+11;18;11;7;955;1;1;1;2;6;302;RD 121;M;4493837;-18002;330
2,02E+11;18;3;29;1952;1;1;1;1;2;299;A28 PK 79+050 sens LE MA;M;4786983;30272;720
2,02E+11;18;4;21;1045;1;1;1;1;6;124;PK 077+300;M;4782494;30674;720
2,02E+11;18;6;12;340;3;1;1;1;6;160;A 28 sens LE MANS TOURS;M;4771807;34475;720
2,02E+11;18;6;18;1550;1;1;1;1;6;300;a11;M;4805411;35787;720
2,02E+11;18;6;25;1753;1;1;1;1;7;58;Bretelle Pйage d'Auvours;M;4798930;32503;720
2,02E+11;18;7;8;1745;1;1;9;1;6;320;AUTOROUTE A11 PK 170+000;M;4805454;18413;720
2,02E+11;18;8;31;1140;1;1;1;1;6;124;PK 77+600;M;4782534;28533;720
2,02E+11;18;9;10;1245;1;1;1;1;6;203;PK61+400;M;4768443;39022;720
2,02E+11;18;5;29;1115;1;2;1;2;6;392;ALLEE DE LA CLAIRIERE;M;4907190;221460;950
2,02E+11;18;7;26;1750;1;2;1;1;3;394;RD 44;M;4905520;217150;950
2,02E+11;18;7;29;1200;1;2;1;1;2;394;AV MARCEL PERRIN;M;4906970;217890;950
2,02E+11;18;10;16;1620;1;2;1;1;3;392;RUE DE VILLIERS ADAM;M;4907310;221430;950
2,02E+11;18;10;25;700;3;1;1;1;6;39;CHEMIN DE L'ISLE;M;4908440;213310;950
2,02E+11;18;1;6;1240;1;1;1;8;7;139;Autoroute A28;M;4833080;11123;720
2,02E+11;18;1;15;1240;1;1;1;3;7;56;A28;M;4838868;10656;720
2,02E+11;18;1;22;1550;1;1;1;1;6;380;A.28 PK 133+900 vers LE;M;4823994;16649;720
2,02E+11;18;3;4;1750;1;1;1;4;4;120;Autoroute A28 - PK 135+5;M;4825268;16177;720
2,02E+11;18;7;26;1220;1;1;1;1;4;36;RD 338 PK 89+900;M;4836455;9137;720
2,02E+11;18;8;15;1835;1;1;1;1;6;186;autoroute A28;M;4820315;17471;720
2,02E+11;18;10;22;1810;1;1;1;1;7;497;autoroute A.28 - PK = 16;M;4845274;13172;610
2,02E+11;18;2;1;850;1;1;1;1;6;99;AUTOROUTE A87 - SORTIE 2;M;4708719;-82486;490
2,02E+11;18;5;28;745;1;1;3;1;4;301;Lieu-dit La Petite Hinch;M;4704160;-107615;490
2,02E+11;18;7;11;1514;1;1;1;1;3;69;route dйpartementale 763;M;4731993;-116458;490
2,02E+11;18;9;10;1220;1;1;1;1;3;301;RN 249 PK09+250;M;4711613;-106450;490
2,02E+11;18;9;28;2030;3;1;1;1;4;92;A87;M;4723878;-73364;490
2,02E+11;18;12;6;1250;1;1;1;8;1;381;LIEU-DIT LE SOUCHEAU;M;4703392;-72463;490
2,02E+11;18;2;7;1545;1;1;2;1;3;225;Route de Lamonzie;M;4484584;39214;240
2,02E+11;18;2;13;1130;1;1;1;4;6;331;cd17;M;4478638;42002;240
2,02E+11;18;3;2;1115;1;1;2;1;5;132;Le Roc;M;4476646;55224;240
2,02E+11;18;3;15;830;1;1;1;8;1;274;Le Peyrat;M;4479525;45530;240
2,02E+11;18;4;18;1345;1;1;1;1;7;374;D19;M;4479715;58134;240
2,02E+11;18;5;1;2100;2;2;2;1;3;168;La halte d'Eyrenville;M;4470403;56321;240
2,02E+11;18;6;17;1100;1;1;1;1;1;357;L'Envиge;M;4477913;44410;240
2,02E+11;18;6;27;1720;1;2;1;1;2;212;"lieu-dit ""Grangette"" rou";M;4472824;61231;240
2,02E+11;18;7;17;1840;1;1;2;1;2;194;les gaybauds;M;4483852;30096;240
2,02E+11;18;11;20;1850;3;1;2;1;3;225;chemin de la Nauve;M;4484118;38852;240
2,02E+11;18;1;19;1400;1;2;2;2;3;321;6 Rue des mines;M;4782710;725227;680
2,02E+11;18;6;27;1815;1;2;1;1;6;375;10 R d'ensisheim;M;4780946;724209;680
2,02E+11;18;7;15;2000;1;2;1;3;6;375;110 A R de Reiningue;M;4779704;723139;680
2,02E+11;18;9;25;2018;3;1;1;1;2;375;Route dйpartementale 2 B;M;4781251;723352;680
2,02E+11;18;10;27;2145;5;2;2;2;3;375;1 rue Jean Mermoz;M;4779755;724150;680
2,02E+11;18;5;28;1840;1;1;3;1;3;143;"Lieu dit ""l'EPINA""";M;4535921;198334;190
2,02E+11;18;7;18;2335;3;1;1;1;6;81;les champs de Brach;M;4533586;192114;190
2,02E+11;18;8;1;1004;1;1;5;1;3;207;;M;4527964;161466;190
2,02E+11;18;8;30;1550;1;1;1;1;6;227;A89 PK 206+750 - SENS 2;M;4530213;165304;190
2,02E+11;18;9;15;1800;1;1;1;1;6;207;A89 Barriиre de pйage Sa;M;4528279;161593;190
2,02E+11;18;10;14;2110;3;1;1;2;1;146;Aprиs l'aire de pйage de;M;4532970;176213;190
2,02E+11;18;4;14;1145;1;1;6;1;7;123;;M;4888113;761356;670
2,02E+11;18;7;9;130;5;1;1;1;6;388;FAUBOURG DE NIEDERBRONN;M;4893597;765682;670
2,02E+11;18;7;10;2300;5;2;1;1;6;324;2 route de France;M;4895185;763875;670
2,02E+11;18;7;26;910;1;2;3;1;6;176;46 grand rue;M;4890687;765890;670
2,02E+11;18;9;7;1030;1;1;1;2;7;324;RD 1062;M;4895087;762647;670
2,02E+11;18;12;14;1350;1;1;1;1;1;176;CD 1062;M;4891793;764604;670
2,02E+11;18;2;4;435;3;1;1;1;6;647;;M;4907120;29135;140
2,02E+11;18;1;18;811;5;2;1;2;6;437;FRANCE (AVENUE PIERRE ME;M;4916950;-32206;140
2,02E+11;18;3;7;1745;1;2;2;1;3;118;JUIN (BOULEVARD MARECHAL;M;4920970;-37103;140
2,02E+11;18;2;8;1016;1;2;3;1;6;118;1  ETAVAUX (RUE D');M;4915960;-36150;140
2,02E+11;18;3;23;1405;1;2;2;1;3;118;JUIN (BOULEVARD MARECHAL;M;4921040;-36737;140
2,02E+11;18;3;6;1545;1;2;1;1;2;271;HARCOURT (ROUTE D');;;;140
2,02E+11;18;4;17;1010;1;2;1;1;1;118;BALADAS (BOULEVARD DES);M;4917019;-37180;140
2,02E+11;18;4;12;1700;1;2;1;1;6;118;CHERON (AVENUE HENRI);M;4917164;-39823;140
2,02E+11;18;5;15;1833;1;2;9;1;1;215;CARRIERES (RUE DES );M;4918853;-26786;140
2,02E+11;18;5;11;1300;1;2;1;1;3;118;CAPONIERE (RUE -109 IMPA;M;4917830;-37992;140
2,02E+11;18;5;11;1615;1;1;1;1;1;341;DRONNIERE (RUE DE LA);M;4913795;-33561;140
2,02E+11;18;6;5;900;1;2;1;1;6;341;MONNET (RUE JEAN);M;4914225;-34518;140
2,02E+11;18;6;15;1455;1;2;2;1;3;437;MONTALIVET (COURS);M;4918207;-32208;140
2,02E+11;18;6;25;1100;1;2;2;7;3;118;CARNOT (RUE SADI);M;4917929;36266;140
2,02E+11;18;6;25;1830;1;2;9;1;6;327;PERIPHERIQUE (BOULEVARD);M;4919755;-37526;140
2,02E+11;18;6;26;1140;1;2;2;7;3;137;CAEN (ROUTE DE);M;4918726;41800;140
2,02E+11;18;6;29;1412;1;2;2;1;6;118;JUILLET (QUAI DE);M;4917800;35401;140
2,02E+11;18;7;2;1737;1;2;1;1;1;118;JUIN (BOULEVARD MARECHAL;M;4919723;-39690;140
2,02E+11;18;7;7;1250;1;2;1;1;5;437;PERIPHERIQUE SUD (BOULEV;M;4916053;-30885;140
2,02E+11;18;7;7;1728;1;2;1;1;1;587;CD Nш  220 (ST GERMAIN >;M;4919857;-41038;140
2,02E+11;18;7;10;2140;1;1;1;1;6;167;ORNE (RUE DE L');M;4919309;-31260;140
2,02E+11;18;7;14;1617;1;1;1;1;4;167;BLUM (RUE LEON );M;4920417;-29852;140
2,02E+11;18;7;20;1714;1;2;1;1;2;181;ECHANGEUR Nш 15 ( VALLEE;M;4915001;-32266;140
2,02E+11;18;7;24;1600;1;1;1;1;2;118;RN 814;M;4909530;18170;140
2,02E+11;18;7;25;1615;1;2;3;7;3;437;CALMETTE (RUE);M;4917876;-31841;140
2,02E+11;18;7;31;1800;1;2;1;1;1;327;GRANDE DELLE (BOULEVARD;M;4920681;-33892;140
2,02E+11;18;8;5;618;2;2;1;1;2;118;DELIVRANDE (RUE DE LA);M;4919483;-35986;140
2,02E+11;18;8;4;1535;1;2;1;1;6;101;WOODBURY (AVENUE DE );M;4916741;-41992;140
2,02E+11;18;8;9;1545;1;2;1;1;2;118;BARTHOU (BOULEVARD LOUIS;M;4917358;-33276;140
2,02E+11;18;8;9;1950;1;2;2;1;1;118;ANCIENNE BOUCHERIE (PLAC;M;4918220;-37492;140
2,02E+11;18;8;10;1415;1;2;9;1;3;118;JUSTICE (PLACE DE LA);M;4916248;34403;140
2,02E+11;18;8;15;245;5;2;1;1;6;118;SAINT NORBERT (RUE);M;4918920;-40452;140
2,02E+11;18;8;23;1710;1;2;6;1;6;118;COTE DE NACRE(AVENUE);M;4921069;-36299;140
2,02E+11;18;8;26;255;3;2;1;1;6;101;GRANDE PLAINE (AVENUE DE;M;4918423;-41765;140
2,02E+11;18;9;2;2000;1;1;1;1;6;167;ARAGON (RUE LOUIS);M;4919282;-30262;140
2,02E+11;18;9;6;1330;1;2;2;1;6;118;LIBERTE (PLACE DE LA);M;4916126;-34200;140
2,02E+11;18;9;6;2150;2;2;2;1;3;118;CHERON (AVENUE HENRI);M;4917394;-39064;140
2,02E+11;18;9;8;1530;1;2;6;1;1;118;DEBARQUEMENT (ROND POINT;M;4920274;-39183;140
2,02E+11;18;9;11;2020;1;2;1;1;6;118;VAUGUEUX (RUE DU);M;4918728;-36007;140
2,02E+11;18;9;13;1740;1;2;6;1;6;118;COTE DE NACRE(AVENUE);M;4920370;-36090;140
2,02E+11;18;9;20;1730;1;2;2;1;2;118;LEROY (BOULEVARD);M;4917303;34393;140
2,02E+11;18;9;27;845;1;2;2;1;3;437;MONTALIVET (COURS);M;4918051;-32706;140
2,02E+11;18;10;1;1625;1;2;6;1;3;341;FALAISE (ROUTE DE);M;4914578;33981;140
2,02E+11;18;10;3;1220;1;2;1;1;6;118;MALON (RUE DE);M;4912380;22400;140
2,02E+11;18;10;3;1645;1;2;1;1;6;118;SIX JUIN (AVENUE DU - 11;M;4917825;-35392;140
2,02E+11;18;10;5;830;1;2;1;1;2;118;GUILLOU (BOULEVARD YVES);M;4917232;38133;140
2,02E+11;18;10;6;27;5;2;3;1;3;118;POMPIDOU (BOULEVARD GEOR;M;4918155;39918;140
2,02E+11;18;10;14;2013;2;2;2;1;3;101;BRETAGNE (ROUTE DE );M;4918693;-37917;140
2,02E+11;18;10;17;1105;1;2;1;1;1;181;SOLIERS CD 229 (ROUTE DE;M;4915014;-32348;140
2,02E+11;18;10;20;1808;1;2;2;1;3;118;JUIN (BOULEVARD MARECHAL;M;4920929;37103;140
2,02E+11;18;10;25;1723;2;1;1;1;6;118;CARNOT (RUE SADI);M;4917930;-36264;140
2,02E+11;18;11;7;1220;1;2;6;1;3;118;DEBARQUEMENT (ROND POINT;M;4912090;23295;140
2,02E+11;18;11;9;2000;5;2;1;1;6;118;VAUGUEUX (RUE DU);M;4918734;-36008;140
2,02E+11;18;11;13;1255;1;2;1;7;6;118;SAINT POL (RUE CHANOINE;M;4918655;-36676;140
2,02E+11;18;11;19;1745;2;2;1;1;3;167;CD Nш  513;M;4900000;-29000;140
2,02E+11;18;11;11;2130;5;2;1;1;3;118;DELIVRANDE (RUE DE LA);M;;;140
2,02E+11;18;11;24;1740;5;2;1;1;3;437;CABOURG (ROUTE DE);M;4920112;-29069;140
2,02E+11;18;11;30;1705;2;2;1;8;1;118;POMPIDOU (BOULEVARD GEOR;M;4917857;39405;140
2,02E+11;18;12;1;1615;1;1;9;2;6;118;;M;4919815;-34252;140
2,02E+11;18;12;5;1710;2;2;2;1;3;118;DELIVRANDE (RUE DE LA);M;4919400;35990;140
2,02E+11;18;12;12;755;2;2;1;1;6;118;CHERON (AVENUE HENRI);M;4917035;-40206;140
2,02E+11;18;12;12;1617;1;2;1;2;2;327;VAL (BLD DU );M;4920769;-32543;140
2,02E+11;18;12;13;745;5;2;1;1;3;118;GUILLOU (BOULEVARD YVES);M;4917219;-38866;140
2,02E+11;18;12;16;1820;1;1;1;9;3;437;RD Nш 513;M;4918460;31491;140
2,02E+11;18;12;18;545;5;2;1;8;6;327;GRAND PARC (BOULEVARD DU;M;4919964;-33750;140
2,02E+11;18;12;18;1255;1;2;6;8;3;327;VALEUSE (AVENUE DE LA);M;4920244;-34090;140
2,02E+11;18;12;18;2030;4;2;2;2;1;118;SAINT JULIEN (RUE DES FO;M;4918402;-36982;140
2,02E+11;18;2;9;2200;5;2;2;1;3;327;;M;4921570;-33949;140
2,02E+11;18;2;18;550;3;1;1;1;6;225;LISIEUX (ROUTE DE);M;4927790;-7126;140
2,02E+11;18;3;21;1715;1;2;2;1;3;117;3  GENERAL LECLERC (AVEN;M;4928630;-11346;140
2,02E+11;18;3;28;1215;1;1;1;2;3;117;RD 400 A;M;4927400;-12164;140
2,02E+11;18;4;23;737;1;2;1;1;6;117;GUILLAUME LE CONQUERANT;M;4928407;-13182;140
2,02E+11;18;8;29;907;1;2;1;2;6;338;BAINS (RUE DES);M;;;140
2,02E+11;18;9;29;1920;1;2;8;7;6;225;PIERRE LOTI (RUE);M;4929467;-9002;140
2,02E+11;18;1;19;715;3;1;1;8;6;327;RD10 PK19+863;M;4830887;635346;880
2,02E+11;18;4;4;1530;1;1;1;1;6;228;CD6;M;4841182;647857;880
2,02E+11;18;4;12;1430;1;2;6;1;3;465;Rue d'Alsace;M;4824597;642533;880
2,02E+11;18;7;23;1730;1;1;2;1;6;247;RN57;M;4826847;638628;880
2,02E+11;18;7;28;2145;3;2;1;1;6;465;Rue de l'Abйe Vincent;M;4826022;643753;880
2,02E+11;18;8;6;900;1;2;3;7;7;94;Rue aristide briand;M;4831391;639226;880
2,02E+11;18;8;18;1535;1;1;1;1;7;247;chemin de la tuillerie;M;4827720;639372;880
2,02E+11;18;12;18;1455;1;2;1;1;1;465;15 rue du gйnйral De Gau;M;4825225;643886;880
2,02E+11;18;12;28;1004;1;2;1;8;6;327;44 rue de l'eglise;M;4830705;638361;880
2,02E+11;18;4;13;1900;1;1;1;1;6;479;CD 4 PK 31+900;M;4796699;623029;880
2,02E+11;18;8;26;945;1;1;2;1;3;108;D164 - les censeaux;M;4795859;629170;880
2,02E+11;18;10;27;1125;1;1;1;2;3;530;D3 ROUTE DE PLOMBIИRE;M;4803320;641870;880
2,02E+11;18;3;4;800;1;1;1;5;6;124;D460;M;4805908;600787;880
2,02E+11;18;3;5;1540;1;2;1;1;7;353;Route dйpartementale 3;M;4817020;613336;880
2,02E+11;18;3;14;1547;1;1;4;1;1;381;D 18;M;4811491;602434;880