Num_Acc;an;mois;jour;hrmn;lum;agg;int;atm;col;com;adr;gps;lat;long;dep
2,02E+11;18;4;18;1825;1;1;1;1;6;29;RD 176 PK 2+900;M;4431267;438235;300
2,02E+11;18;5;2;1900;1;1;9;1;6;237;D904 PK 3+800;M;4428445;419003;300
2,02E+11;18;6;19;1840;1;2;3;1;1;268;Rue Pierre Barberan;M;4423346;413501;300
2,02E+11;18;7;26;115;3;1;1;1;6;293;Dйpartementale 901;M;4428406;437850;300
2,02E+11;18;8;12;550;2;1;1;1;6;227;La vivaraise;M;4425601;418628;300
2,02E+11;18;9;5;1215;1;1;1;1;1;237;D904;M;4428281;419578;300
2,02E+11;18;10;19;2300;3;1;1;1;6;268;D59;M;4423476;413959;300
2,02E+11;18;12;21;1745;3;1;3;2;3;152;INTERSECTION D437/D904;M;4424118;418389;300
2,02E+11;18;3;27;1650;1;2;1;1;6;259;2821  route de Nimes;M;4408295;411249;300
2,02E+11;18;4;23;1635;1;2;3;1;3;259;route d'Uzиs;M;4410617;412335;300
2,02E+11;18;6;13;1245;1;1;1;1;5;53;CD7;M;4399561;421963;300
2,02E+11;18;8;1;1450;1;1;1;1;7;146;RD 6110;M;4399988;410418;300
2,02E+11;18;9;13;1200;1;1;1;1;1;147;route dйpartementale 982;M;4400971;405201;300
2,02E+11;18;9;23;1800;1;1;9;1;7;163;route dйpartementale 123;M;4395546;416247;300
2,02E+11;18;10;13;1830;2;1;1;8;6;72;route de moussac;M;4400533;424789;300
2,02E+11;18;10;26;1650;1;1;1;1;2;46;pk 21 RN 106;M;4399220;418182;300
2,02E+11;18;10;29;1715;2;2;3;3;1;259;route d'uzes;M;4410461;412685;300
2,02E+11;18;12;20;1133;1;1;1;1;1;68;dйpartementale 6110 - 40;M;4400643;410303;300
2,02E+11;18;1;16;700;3;1;3;2;1;89;D986L - PK 12+100;M;4384188;461900;300
2,02E+11;18;3;13;850;1;1;3;7;3;346;croisement D981 et D112;M;4396609;450884;300
2,02E+11;18;3;22;1425;1;1;1;1;5;89;rd986L;M;4384360;461457;300
2,02E+11;18;4;12;1038;1;1;1;2;1;116;D19;M;4393453;458258;300
2,02E+11;18;4;14;1430;1;1;1;1;6;12;d126;M;4390118;469943;300
2,02E+11;18;4;28;1500;1;1;1;1;6;179;1077 route de beaucaire;M;4386190;459028;300
2,02E+11;18;5;11;1010;1;1;9;1;5;73;RD 6086;M;4396995;457452;300
2,02E+11;18;5;16;1410;1;1;6;1;1;13;D981;M;4397143;449859;300
2,02E+11;18;6;20;2145;5;2;1;1;6;89;RD 6086L;M;4384873;460640;300
2,02E+11;18;6;29;1500;1;1;1;1;1;85;D3;M;4395920;448486;300
2,02E+11;18;6;29;1750;1;1;3;1;3;340;D4/D504;M;4401718;462566;300
2,02E+11;18;7;7;835;1;2;1;1;7;235;CD6086;M;4392765;454529;300
2,02E+11;18;7;6;2015;1;1;1;1;1;346;D981;M;4395792;452202;300
2,02E+11;18;7;9;1450;1;2;1;1;5;212;RD 981;M;4395452;454388;300
2,02E+11;18;7;15;800;1;1;1;1;6;346;D981;M;4395792;452202;300
2,02E+11;18;7;17;740;1;1;1;1;1;12;dйpartementale 2;M;4390428;468315;300
2,02E+11;18;7;26;830;1;1;1;7;7;12;route de la vernиde - D2;M;4391545;471779;300
2,02E+11;18;8;19;515;3;1;3;1;6;89;Intersection D2 et D2B;M;4384277;462157;300
2,02E+11;18;9;21;1555;1;1;1;1;3;107;N100;M;4394400;462341;300
2,02E+11;18;9;22;1200;1;1;3;1;3;336;D 2;M;4385861;461757;300
2,02E+11;18;9;28;1530;1;1;1;1;6;89;RD 986 L;M;4384848;458707;300
2,02E+11;18;10;20;1730;1;1;2;1;3;336;RD 126;M;4385710;463402;300
2,02E+11;18;10;23;500;3;1;1;1;6;212;RD 19;M;4393851;457924;300
2,02E+11;18;10;25;910;1;1;3;1;3;12;D126;M;4388003;462857;300
2,02E+11;18;11;17;1130;1;1;1;2;3;166;RD986L;M;4388695;457522;300
2,02E+11;18;12;29;1030;1;1;1;1;5;179;Route dйpartementale D98;M;4386542;458831;300
2,02E+11;18;2;7;750;1;2;1;1;6;350;Place de l'Hфtel de vill;M;4399280;360674;300
2,02E+11;18;4;12;1325;1;1;1;2;5;325;CD 999;M;4399219;368434;300
2,02E+11;18;5;31;915;1;1;1;1;7;229;lieu dit cluny;M;4402247;367923;300
2,02E+11;18;6;10;1550;1;1;1;1;6;350;D 999 - Lieu dit la rйpa;M;4398900;363366;300
2,02E+11;18;6;17;1915;1;1;1;1;7;38;DCFI S56;M;4397933;353494;300
2,02E+11;18;6;24;1050;1;1;1;1;7;339;RD986 PK 26+300;M;4408634;360259;300
2,02E+11;18;7;8;1100;1;1;1;1;7;339;D 986;M;4408741;358718;300
2,02E+11;18;8;19;1715;1;1;1;1;1;9;D999;M;4396566;342291;300
2,02E+11;18;7;29;1130;1;1;1;1;4;339;D986;M;4409010;356422;300
2,02E+11;18;8;7;2330;3;1;1;1;7;339;D986;M;4408634;360259;300
2,02E+11;18;10;21;1530;1;1;1;1;7;108;Route Dйpartementale 152;M;4409556;376501;300
2,02E+11;18;8;15;1045;1;1;1;1;6;192;D999;M;4388403;404161;300
2,02E+11;18;9;2;1655;1;1;1;1;6;349;CD999;M;4387286;407981;300
2,02E+11;18;9;19;1845;1;1;4;1;1;263;D999  PK 72+700;M;4395575;387064;300
2,02E+11;18;6;21;1750;1;1;2;1;3;93;D999  PK 129 - La GARDIO;M;4394655;390748;300
2,02E+11;18;4;14;745;2;1;1;2;7;83;RN 113;M;4373009;422684;300
2,02E+11;18;5;7;1830;1;1;1;8;7;341;RD 6572 PONT DU VISTRE;M;4368771;424680;300
2,02E+11;18;5;11;1530;1;2;1;1;3;341;56 Avenue Robert Gourdon;M;4370242;427065;300
2,02E+11;18;5;31;755;2;1;1;2;6;341;ROUTE DEPARTEMENTALE 657;M;4366979;428249;300
2,02E+11;18;4;30;945;1;2;3;2;6;344;D139;M;4374322;420710;300
2,02E+11;18;6;13;1200;1;2;1;1;2;341;10 avenue Robert Gourdon;M;4369617;427465;300
2,02E+11;18;7;6;635;1;1;1;1;1;341;Dйpartementale 6572;M;4366979;428249;300
2,02E+11;18;7;28;405;3;1;3;1;6;185;Route nationale 113;M;4372364;421311;300
2,02E+11;18;10;26;1415;1;1;2;1;1;83;D979;M;4372104;422527;300
2,02E+11;18;10;26;2150;3;1;2;1;3;6;route de lunel;M;4368712;419916;300
2,02E+11;18;12;9;254;3;1;1;1;1;33;Route de Beauvoisin;M;4371596;428596;300
2,02E+11;18;12;9;1830;3;1;2;1;3;6;INTERSECTION RD265 ET RD;M;4368707;419919;300
2,02E+11;18;12;22;1240;1;2;2;1;3;83;Route nationale 113;M;4372856;422386;300
2,02E+11;18;2;25;100;3;1;1;1;6;114;D6110;M;4381399;409536;300
2,02E+11;18;4;3;1630;1;1;9;1;3;249;RD40;M;4380456;421950;300
2,02E+11;18;4;12;1800;1;1;1;2;1;19;Dйpartementale 12 ROUTE;M;4375039;412303;300
2,02E+11;18;4;16;1345;1;1;1;1;1;114;RD107;M;4382714;410975;300
2,02E+11;18;6;2;1610;1;1;1;1;1;324;d22;M;4383064;413530;300
2,02E+11;18;6;9;1629;1;1;6;1;7;62;D1-D40;M;4377945;419488;300
2,02E+11;18;7;2;1610;1;1;9;1;6;352;D6110;M;4381197;409415;300
2,02E+11;18;7;8;1920;1;1;1;1;3;62;pont romain;M;4378582;421516;300
2,02E+11;18;11;4;1810;3;1;1;1;5;75;RD103;M;4382736;425892;300
2,02E+11;18;11;21;900;1;2;1;8;1;82;D1;M;4383591;422752;300
2,02E+11;18;1;14;345;3;1;1;3;6;3;D 46;M;4358308;420785;300
2,02E+11;18;2;16;1040;1;2;2;1;6;133;Quai Colbert;M;4353724;413764;300
2,02E+11;18;2;23;1815;2;2;1;1;5;3;Rond point CD 48 et CD 5;M;4354424;420262;300
2,02E+11;18;3;18;250;3;1;1;1;5;3;CD n° 61 PK 12+940;M;4354424;420262;300
2,02E+11;18;3;28;1330;1;2;1;1;2;133;03 route des marines;M;4351231;413715;300
2,02E+11;18;3;30;2110;3;2;1;3;6;3;D979;M;4356307;418558;300
2,02E+11;18;5;1;730;1;1;1;2;3;276;D46;M;4363880;419245;300
2,02E+11;18;5;18;950;1;2;6;1;3;133;D62B - giratoire avenue;M;4353936;414351;300
2,02E+11;18;6;13;1630;1;1;1;1;5;3;D46;M;4358066;420515;300
2,02E+11;18;7;21;1845;1;2;1;1;6;133;avenue de Camargue;M;4353274;414081;300
2,02E+11;18;7;21;2310;5;2;1;1;6;133;d 62;M;4352426;414529;300
2,02E+11;18;7;25;910;1;2;1;1;7;3;D979 - ROUTE DE NIMES -;M;4356893;419580;300
2,02E+11;18;8;8;1500;1;1;1;1;1;133;D62B - ENTRE LE ROND-POI;M;4348109;420406;300
2,02E+11;18;8;4;1200;1;1;1;1;3;133;D979 - ROUTE DES SALINS;M;4354324;415059;300
2,02E+11;18;9;6;945;1;1;1;2;3;276;D46;M;4363871;419212;300
2,02E+11;18;9;15;1905;1;2;1;1;6;133;RUE DU COMMANDANT MARCEA;M;4353996;413455;300
2,02E+11;18;10;17;910;1;1;1;2;2;133;route dйpartement D62 B;M;4353689;414529;300
2,02E+11;18;12;4;1615;1;1;9;1;2;3;D979;M;4356912;419179;300
2,02E+11;18;1;6;750;5;2;2;1;3;50;AVENUE DU GRAND SUD;M;4735097;70037;370
2,02E+11;18;2;17;1745;1;1;1;1;1;18;99 route des vallйes;M;4736557;63295;370
2,02E+11;18;3;6;1455;1;1;1;1;2;99;RD 751;M;4729640;54312;370
2,02E+11;18;4;25;1715;1;2;6;1;3;50;RD 37;M;4733259;69770;370
2,02E+11;18;5;11;1055;1;2;2;1;3;50;avenue de la rйpublique;M;4734690;70716;370
2,02E+11;18;5;20;1945;1;2;6;1;6;50;48  rue charles coulomb;M;4733328;70174;370
2,02E+11;18;5;23;1615;1;2;3;1;3;50;rue des Buissons;M;4734240;70866;370
2,02E+11;18;6;5;1610;1;2;1;1;6;50;ave du gйnйral de Gaulle;M;4734141;68929;370
2,02E+11;18;6;10;1910;1;1;1;1;7;122;D37 - PK 9+350;M;4735225;64598;370
2,02E+11;18;6;10;2115;2;2;2;1;3;50;23 Avenue de la Rйpubliq;M;4731482;71140;370
2,02E+11;18;7;4;930;1;2;2;1;6;18;allйe Brandon;M;4734294;61606;370
2,02E+11;18;8;8;1940;1;2;1;1;3;50;Avenue Alexandre Minkows;M;4733243;68453;370
2,02E+11;18;8;12;535;2;2;6;1;7;18;rond point du gйnйral de;M;4733425;61265;370
2,02E+11;18;8;2;1415;1;2;1;1;6;50;avenue de bordeaux;M;4735045;70052;370
2,02E+11;18;8;17;1815;1;2;6;1;3;50;avenue du grand sud;M;4736227;69807;370
2,02E+11;18;10;9;1330;1;2;9;1;3;50;06 avenue de la rйpubliq;M;4734537;71122;370
2,02E+11;18;10;14;1140;1;2;1;1;3;243;Rue de la Bijonnerie;M;4734756;54797;370
2,02E+11;18;10;27;1435;1;1;6;1;3;50;avenue du grand sud;M;4732119;70986;370
2,02E+11;18;10;31;1050;1;1;6;8;3;50;Route de LOCHES;M;4733539;73807;370
2,02E+11;18;11;15;1400;1;2;9;1;3;50;avenue du grand sud;M;4734448;70237;370
2,02E+11;18;11;19;1620;1;2;1;1;6;18;Rue du gйnйral LECLERC;M;4734256;61692;370
2,02E+11;18;11;23;1720;2;1;1;1;3;18;la maison blanche;M;4732117;59617;370
2,02E+11;18;1;18;725;5;2;9;2;6;151;rd 959;M;4744659;61427;370
2,02E+11;18;1;22;1415;1;2;1;8;2;167;avenue de la Libйration;M;4754660;54489;370
2,02E+11;18;1;25;1456;1;1;1;2;1;151;RD959;M;4744501;61864;370
2,02E+11;18;2;4;1130;1;1;1;2;7;54;D29 Chemin pierre couver;M;4747474;68939;370
2,02E+11;18;2;13;1235;1;1;1;4;2;59;D938 - la touche;M;4746415;62157;370
2,02E+11;18;2;23;820;1;1;2;1;5;152;La Buhardiиre;M;4745155;67380;370
2,02E+11;18;3;2;2330;3;1;1;2;5;213;La Malle Poste;M;4763177;50265;370
2,02E+11;18;4;6;2320;3;1;1;1;1;245;RD 959 LE PILORI;M;4747349;54405;370
2,02E+11;18;6;18;520;2;2;1;2;7;151;D959 - route de CHATEAU;M;4744131;62705;370
2,02E+11;18;6;22;1705;1;1;1;1;6;204;D2;M;4752881;64042;370
2,02E+11;18;7;6;1620;1;2;1;1;1;167;avenue de la liberation;M;4754660;54489;370
2,02E+11;18;7;14;815;1;1;1;1;7;152;D2 - PK7+300;M;4747135;66677;370
2,02E+11;18;7;23;745;1;1;1;1;3;54;D 29;M;4747534;69546;370
2,02E+11;18;7;23;1800;1;1;1;1;2;245;La Carteroussiиre D28;M;4753610;59750;370
2,02E+11;18;8;15;950;1;1;1;8;7;167;La Brodiniиre;M;4754615;52293;370
2,02E+11;18;8;30;1315;1;1;1;1;1;249;la signal;M;4750072;47293;370
2,02E+11;18;9;2;1435;1;1;1;1;7;204;Croix Finet;M;4750273;65184;370
2,02E+11;18;9;6;1730;1;2;1;1;7;206;rue de la poste;M;4749953;62982;370
2,02E+11;18;9;4;1715;1;1;1;1;6;206;la maillotiere;M;4753210;62323;370
2,02E+11;18;9;15;520;5;2;1;1;6;151;D959 direction Angers;M;4744501;61864;370
2,02E+11;18;9;30;840;1;1;1;1;6;167;Lieu-dit la Ferretrie;M;4753164;53178;370
2,02E+11;18;10;5;700;2;1;1;1;6;167;RD 938 - PK 15;M;4752079;58261;370
2,02E+11;18;11;3;2009;3;1;1;1;6;152;d476;M;4744576;66161;370
2,02E+11;18;11;24;1400;1;2;1;1;6;231;rue des йcoles;M;4759909;48415;370
2,02E+11;18;12;2;1500;1;2;1;2;6;206;27 route du Dolmen;M;4748665;63731;370
2,02E+11;18;12;19;1525;1;1;1;1;1;245;D48;M;4752725;61332;370
2,02E+11;18;1;8;1230;1;1;1;1;6;251;RD 68 - PK 10+100;M;4752593;41446;370
2,02E+11;18;1;18;830;2;2;1;3;6;109;route de la cheminйe ron;M;4740175;60458;370
2,02E+11;18;1;26;2200;3;1;1;1;3;109;RD37;M;4739482;64790;370
2,02E+11;18;3;11;1725;1;2;9;1;1;139;les Chenes Verts;M;4738753;57092;370
2,02E+11;18;4;15;950;1;2;3;1;1;139;Lieu dit les Doguins;M;4740213;55733;370
2,02E+11;18;5;18;1150;1;1;1;1;5;109;Route dйpartementale 952;M;4738767;61620;370
2,02E+11;18;5;23;730;1;1;2;1;2;84;la roche blanche;M;4756688;36844;370
2,02E+11;18;5;29;1605;1;2;1;1;6;139;32 Avenue Louis Charles;M;4739030;54759;370
2,02E+11;18;6;23;2100;1;1;3;1;3;223;Intersection RD749 et ro;M;4752339;29733;370
2,02E+11;18;7;11;1045;1;2;1;1;6;139;46 avenue Charles Albert;M;4739119;54196;370
2,02E+11;18;7;16;1900;1;2;1;1;6;2;Route dйpartementale 3 -;M;4745168;44539;370
2,02E+11;18;8;13;2340;3;1;3;1;6;251;la longueraie;M;4751621;40685;370
2,02E+11;18;9;12;2040;5;1;6;1;6;62;"Rond point ""les enseigne";M;4752675;32921;370
2,02E+11;18;9;19;1130;1;2;3;1;6;146;1 rue du Lude;M;4755046;24114;370
2,02E+11;18;10;25;850;1;1;2;1;1;109;rue de trйchй;M;4741249;58153;370
2,02E+11;18;11;14;1840;5;2;3;5;3;62;Avenue du Gйnйral LECLER;M;4754731;32112;370
2,02E+11;18;11;27;745;2;2;2;5;3;109;87 avenue du gйnйral de;M;4740431;61930;370
2,02E+11;18;12;1;1500;1;1;1;2;6;139;malitourne;M;4742425;55645;370
2,02E+11;18;2;11;15;5;2;9;2;1;267;D976 - D85;M;4735704;81635;370
2,02E+11;18;4;17;1915;1;2;3;1;3;52;D46 rue de la mairie;M;4744976;87059;370
2,02E+11;18;4;29;1230;1;1;1;1;6;267;route du Placier;M;4733679;80139;370
2,02E+11;18;5;18;1200;1;2;9;1;7;156;rue du clos du houx;M;4738188;85447;370
2,02E+11;18;6;24;425;5;2;9;1;6;267;Route de Blйrй - D976;M;4735706;81641;370
2,02E+11;18;7;27;815;1;1;1;1;7;273;D140;M;4738074;78828;370
2,02E+11;18;7;27;1015;1;2;1;1;6;273;10 bis rue Ginette Neveu;M;4738733;77735;370
2,02E+11;18;9;22;1320;1;2;9;1;1;281;RD 952;M;4742383;78730;370
2,02E+11;18;1;19;2145;5;2;3;1;3;366;32  FOURNET (RUE);M;4913810;22721;140
2,02E+11;18;1;3;435;5;2;6;2;3;366;ESPERANCE (CARREFOUR DE;M;4914440;26312;140
2,02E+11;18;1;23;1415;1;2;1;1;6;366;39  RUE D'ORIVAL;M;4913400;23173;140
2,02E+11;18;1;26;1840;5;2;1;1;6;366;2  ALENCON (RUE D');M;4914280;22700;140
2,02E+11;18;2;11;2330;3;1;1;4;6;366;0  JEAN XXIII (AVENUE);;;;140
2,02E+11;18;4;1;2330;5;2;1;2;6;366;SAINTE ANNE (BOULEVARD);M;4914348;22883;140
2,02E+11;18;4;27;1510;1;2;1;1;2;366;RD 406;M;4916504;22334;140
2,02E+11;18;5;7;825;1;2;2;1;3;366;CARNOT (BOULEVARD);M;4914833;22830;140
2,02E+11;18;5;19;430;5;2;1;1;6;366;ORBEC (ROUTE D');M;4913955;23271;140
2,02E+11;18;5;31;1000;1;1;1;3;2;574;D.613 ( SAINT DESIR);M;4912406;20416;140
2,02E+11;18;6;3;1745;1;2;1;1;3;366;GUIZOT (RUE);M;4914642;21212;140
2,02E+11;18;7;24;1800;1;2;1;1;7;487;PIQUENOTS (CHEMIN);M;4917708;20210;140
2,02E+11;18;7;31;920;1;2;1;1;7;366;FOURNET (RUE);M;4913795;22733;140
2,02E+11;18;10;15;1125;1;2;1;7;6;366;HERBET FOURNET (BOULEVAR;M;4915431;22624;140
2,02E+11;18;1;2;2141;1;1;6;2;7;202;ROND POINT DES 4 SAISONS;M;4715146;19851;370
2,02E+11;18;10;21;630;2;1;9;1;7;574;D.613 ( SAINT DESIR);M;4913754;17265;140
2,02E+11;18;10;26;1625;1;1;1;2;2;366;D.613 ( LISIEUX);M;4912691;21774;140
2,02E+11;18;10;29;730;1;2;3;1;3;366;FOURNET (RUE);M;4913682;22718;140
2,02E+11;18;11;2;1545;1;2;1;1;6;366;LOUIS PASTEUR (BOULEVARD;M;4914660;220759;140
2,02E+11;18;11;7;2030;5;2;1;2;6;366;HENRY CHERON (RUE);M;4914585;22586;140
2,02E+11;18;11;11;1645;1;2;1;1;2;366;HENRY CHERON (RUE);M;4914492;22310;140
2,02E+11;18;11;20;900;1;2;1;2;6;366;JULES FERRY (BOULEVARD);M;4914823;22938;140
2,02E+11;18;11;26;435;3;1;1;1;3;487;R.D 579;M;4919125;22811;140
2,02E+11;18;11;30;1125;1;2;1;1;6;366;ONZE  NOVEMBRE (RUE DU);M;4914368;227179;140
2,02E+11;18;12;5;1825;5;2;1;3;6;366;LOUIS PASTEUR (BOULEVARD;M;4914483;219837;140
2,02E+11;18;12;7;1625;1;2;1;2;3;366;RD 406;M;4914578;26035;140
2,02E+11;18;12;8;1545;1;2;6;2;6;366;HERBET FOURNET (BOULEVAR;M;4916294;22789;140
2,02E+11;18;3;7;1535;1;1;1;1;6;248;10 route de Chinon;M;4713628;18319;370
2,02E+11;18;4;28;1150;1;1;2;1;3;24;"lieu-dit ""les Moriers""";M;4729067;21802;370
2,02E+11;18;5;22;1215;1;2;1;1;6;31;3 rue des averries;M;4727761;18013;370
2,02E+11;18;5;30;1500;1;1;1;1;7;58;D952;M;4724911;22540;370
2,02E+11;18;5;16;815;1;1;1;1;6;11;rue de la Perrйe;M;4722959;21624;370
2,02E+11;18;5;6;1345;1;1;3;1;6;67;D751;M;4723885;42083;370
2,02E+11;18;5;20;1915;1;1;1;1;7;227;voie communale N14;M;4730931;34619;370
2,02E+11;18;10;6;1130;1;1;1;1;6;216;D8 PK17+800;M;4717221;55229;370
2,02E+11;18;11;18;115;3;2;1;1;6;271;40 rue des caves fortes;M;4721421;50486;370
2,02E+11;18;1;11;1615;1;1;9;1;7;142;Lieu-dit Pessй;M;4706561;59642;370
2,02E+11;18;2;1;1405;1;1;1;1;1;89;Lieu-dit Le Puy - Dйpart;M;4714283;34399;370
2,02E+11;18;2;24;1040;1;1;2;1;3;71;LA BERTHELOTIERE - Dйpar;M;4707325;44182;370
2,02E+11;18;3;15;2010;3;1;1;1;5;188;RD 58;M;4709181;54365;370
2,02E+11;18;3;21;115;3;2;1;1;6;119;10-12 route de parcay;M;4711618;43370;370
2,02E+11;18;4;1;815;1;1;1;1;1;212;lieu dit La Poste;M;4717684;65717;370
2,02E+11;18;5;3;1730;1;1;1;1;1;180;La planche;M;4711112;45820;370
2,02E+11;18;5;4;1030;1;2;9;1;3;119;rue de la fougetterie;M;4712323;42840;370
2,02E+11;18;5;26;135;4;2;1;1;1;244;route de chinon D760;M;4713253;34114;370
2,02E+11;18;6;6;1900;1;2;9;1;3;89;10 route de sonnay;M;4716043;33174;370
2,02E+11;18;6;30;2110;3;1;1;1;7;216;lieu dit martiniиre;M;4714100;60063;370
2,02E+11;18;6;30;1800;1;1;1;1;2;51;Place du Chвteau;M;4706665;31879;370
2,02E+11;18;6;24;1940;1;1;1;1;7;216;lieu dit Le Carroie;M;4713608;50653;370
2,02E+11;18;1;15;1805;5;2;9;3;6;132;14 avenue des Bas Clos;M;4712507;99321;370
2,02E+11;18;2;17;1530;1;1;1;1;3;111;dйpartementale 764;M;4716838;107373;370
2,02E+11;18;3;14;2215;3;1;1;2;6;133;D9;M;4709130;120221;370
2,02E+11;18;5;26;1800;1;1;1;3;7;111;RD 10 - PK 14+800;M;4717695;112775;370
2,02E+11;18;6;25;740;1;2;1;1;6;221;14 rue du Val de l'Indre;M;4705593;113091;370
2,02E+11;18;6;28;920;1;1;9;1;2;49;D943 - Route de l'йtang;M;4717452;97377;370
2,02E+11;18;7;15;735;1;1;1;1;1;132;D943;M;4713791;99331;370
2,02E+11;18;7;15;1345;1;2;2;1;1;183;Intersection RD 943 et R;M;4709969;101337;370
2,02E+11;18;8;1;1815;1;1;1;1;7;222;D92;M;4708979;104336;370
2,02E+11;18;8;31;218;5;2;1;1;7;132;rue quintefol;M;4712721;99984;370
2,02E+11;18;9;30;2115;3;1;1;1;2;238;RD93;M;4705679;97373;370
2,02E+11;18;10;11;1000;1;1;9;1;2;222;Les fourneaux;M;4708611;102522;370
2,02E+11;18;10;16;1800;1;1;1;1;3;111;Dйpartementale 764;M;4716437;106756;370
2,02E+11;18;12;10;900;1;1;1;1;4;173;RD 760;M;4713369;131983;370
2,02E+11;18;12;13;1730;3;1;1;1;5;133;RD 9;M;4708393;120392;370
2,02E+11;18;12;14;1630;1;2;1;1;6;20;rue de la charbonnerie;M;4712871;101479;370
2,02E+11;18;1;12;1235;1;1;1;1;6;145;lieu dit les jarreries;M;4703209;66022;370
2,02E+11;18;2;9;610;3;1;1;1;6;29;La fosse Berton;M;4712761;71123;370
2,02E+11;18;2;18;1700;1;1;1;1;6;130;lieu-dit: bellevue;M;4704829;81339;370
2,02E+11;18;2;27;755;1;1;1;1;6;98;RD 59 - croisement route;M;4708645;64487;370
2,02E+11;18;3;9;1415;1;1;2;1;3;134;Croisement RD 21 RD 83;M;4717969;74032;370
2,02E+11;18;4;19;1725;1;1;1;1;6;247;RD760 - PK 58;M;4710097;68841;370
2,02E+11;18;5;20;430;3;1;1;1;6;247;lieu dit Les Coteaux;M;4709470;65942;370
2,02E+11;18;7;28;635;2;1;1;1;6;1;12 rue des Rives  lieu-d;M;4694473;70906;370
2,02E+11;18;8;26;1500;1;1;1;1;6;115;la croix charlot;M;4699156;72883;370
2,02E+11;18;10;10;1715;1;1;1;1;1;247;Lieu-dit MONTIGNI;M;4705918;69334;370
2,02E+11;18;10;10;1530;1;2;1;2;6;115;rue du commerce;M;4697300;69654;370
2,02E+11;18;10;12;1740;1;1;1;1;7;130;RD 390;M;4704796;83910;370
2,02E+11;18;10;18;1745;2;1;2;7;3;130;RD 31;M;4704021;79520;370
2,02E+11;18;10;23;540;3;1;1;1;6;136;Dйpartementale 50;M;4717326;78200;370
2,02E+11;18;2;17;1815;2;1;1;1;7;107;La Grande Varenne;M;4700573;89163;370
2,02E+11;18;5;20;1930;1;1;2;1;3;28;LIEU-DIT LES AUGERAUX;M;4686098;96257;370
2,02E+11;18;9;8;1950;2;1;1;1;7;181;Lieu-dit la Gachetiиre;M;4699805;84452;370
2,02E+11;18;1;5;1215;1;2;6;1;3;159;RUE DE LA VASSELIERE;M;4727627;64546;370
2,02E+11;18;1;19;1745;3;1;1;1;3;83;RD 17 Les Quarts;M;4726566;82993;370
2,02E+11;18;1;19;1820;2;2;9;1;1;266;intersection RD910 RD87;M;4729515;71760;370
2,02E+11;18;1;22;1430;1;1;9;2;6;159;Rd 87 intersection Rue d;M;4729619;64221;370
2,02E+11;18;2;5;947;1;1;9;1;7;250;RD 910 - PR 49+550;M;4722987;68771;370
2,02E+11;18;2;28;1000;1;2;1;1;1;263;24 rue du champ chrйtien;M;4727243;83871;370
2,02E+11;18;3;7;1930;3;1;1;1;2;211;RD 50;M;4722530;75707;370
2,02E+11;18;3;19;1530;1;1;1;1;3;159;PK 26+450 D17;M;4728055;64508;370
2,02E+11;18;4;16;710;1;1;6;1;3;250;rond-point intersection;M;4725555;67907;370
2,02E+11;18;4;16;1635;1;2;1;1;7;154;18 rue Renault;M;4728584;70687;370
2,02E+11;18;4;15;930;1;2;6;8;3;266;Avenue de COUZIERES;M;4729459;72852;370
2,02E+11;18;5;4;1715;1;1;2;1;3;254;RD82;M;4722495;83921;370
2,02E+11;18;5;11;1905;1;2;1;1;1;266;34 rue des giraudiиres;M;4731156;71958;370
2,02E+11;18;5;15;1040;1;2;9;1;6;83;13 rue nationale;M;4726900;83514;370
2,02E+11;18;5;19;1340;1;1;1;1;6;104;RD 943;M;4731679;77555;370
2,02E+11;18;6;1;2300;5;2;1;1;6;211;8  rue de la Poste;M;4722530;75707;370
2,02E+11;18;7;18;1230;1;1;1;1;7;211;Dйpartementale 50;M;4722530;75707;370
2,02E+11;18;9;8;2055;5;2;3;1;3;266;avenue de couziиre;M;4729745;72328;370
2,02E+11;18;10;10;1720;1;2;3;1;3;211;Avenue de la Foire;M;4722791;76906;370
2,02E+11;18;11;1;950;1;1;2;3;3;211;"Lieu dit ""L'Orset""";M;4723953;79863;370
2,02E+11;18;12;3;1745;3;1;1;1;1;211;RD 84  PK 24+850;M;4722303;78796;370
2,02E+11;18;12;29;1805;5;2;9;1;1;154;D910 - D17;M;4728979;71829;370
2,02E+11;18;7;8;2000;2;1;1;7;6;153;CD13 PK 16+803;M;4583680;166916;870