Num_Acc;an;mois;jour;hrmn;lum;agg;int;atm;col;com;adr;gps;lat;long;dep
2,02E+11;18;7;17;2100;1;1;1;1;7;153;CHATEIX;M;4582160;166654;870
2,02E+11;18;7;28;1535;1;1;1;1;7;9;D43;M;4575850;181865;870
2,02E+11;18;9;1;1620;1;1;9;1;3;117;LES TREIZE VENTS;M;4581080;178522;870
2,02E+11;18;9;4;1650;1;2;9;1;3;51;BOURG;M;4562920;158366;870
2,02E+11;18;9;22;805;2;1;1;5;6;64;D992;M;4573590;175788;870
2,02E+11;18;12;8;15;3;1;1;8;7;105;MOULIN NEUF;M;4572020;160724;870
2,02E+11;18;2;27;1830;4;1;2;1;3;39;LE BOURNAZEAU;M;4561650;133759;870
2,02E+11;18;3;3;1215;1;1;1;1;6;19;LES BESSIИRES;M;4577470;132590;870
2,02E+11;18;4;7;1120;1;1;1;1;6;95;RD 07 BIS;M;4556430;144807;870
2,02E+11;18;5;28;1715;1;1;1;3;5;205;RD 704;M;4572970;126096;870
2,02E+11;18;6;29;1400;1;1;1;1;7;205;D704;M;4573120;126773;870
2,02E+11;18;8;14;35;4;2;1;1;6;148;1 PLACE DE LA MAIRIE;M;4571840;137626;870
2,02E+11;18;9;16;1610;1;1;9;1;3;205;LES PALENNES;M;4572920;125939;870
2,02E+11;18;9;19;1250;1;1;2;1;3;63;RD 98;M;4579000;136596;870
2,02E+11;18;10;9;1155;1;2;1;1;6;88;CD 31 - LE PEYRONNET;M;4561760;143892;870
2,02E+11;18;10;16;1750;1;1;1;1;2;174;RD 12;M;4573990;143364;870
2,02E+11;18;1;21;1800;5;2;1;2;6;179;INTERSECTION D26 - D49;M;4618290;98874;870
2,02E+11;18;2;4;1420;1;1;1;2;6;116;ROUTE DE SISSAC C2;M;4613960;102811;870
2,02E+11;18;5;10;1700;1;1;1;1;7;26;LES TUILERIES;M;4608930;83618;870
2,02E+11;18;5;12;500;3;1;1;1;6;26;LES MERGLERIES;M;4605210;86550;870
2,02E+11;18;8;31;2220;3;1;1;1;7;55;RD 942;M;4623260;93646;870
2,02E+11;18;9;7;1810;1;2;6;1;6;11;AVENUE RENЙ COTY;M;4612920;105488;870
2,02E+11;18;9;23;1830;1;1;1;3;6;12;ROUTE NATIONAL 147 - PON;M;4605680;112152;870
2,02E+11;18;9;27;1550;1;2;2;1;6;18;CARREFOUR D3 ET D5;M;4604490;101899;870
2,02E+11;18;10;21;1750;1;1;3;1;5;12;LES SURCHAUDS;M;4608850;108202;870
2,02E+11;18;11;15;2230;3;1;1;5;6;33;LE QUEROIX;M;4600570;112741;870
2,02E+11;18;3;7;1915;3;1;1;2;1;47;LES TROIS SAPINS;M;4597680;125909;870
2,02E+11;18;4;17;1635;1;1;1;7;1;47;LES TROIS SAPINS;M;4597570;125725;870
2,02E+11;18;5;10;1730;1;1;1;1;3;13;RD 28;M;4607920;141340;870
2,02E+11;18;7;8;1435;1;1;1;7;1;121;RD 1  LIEU-DIT LACLOTRE;M;4614400;122469;870
2,02E+11;18;9;16;1755;1;1;1;1;7;68;LE SAUZE;M;4613800;140002;870
2,02E+11;18;10;13;1130;1;1;9;1;3;133;"LIEU-DIT ""LA BUSSIИRE RA";M;4618330;139363;870
2,02E+11;18;1;3;1845;5;2;9;3;6;59;42 BOULEVARD DU 8 MAI 45;M;4621630;108389;870
2,02E+11;18;6;9;1130;1;1;1;1;1;57;ROUTE NATIONALE 145 - PK;M;4618480;122456;870
2,02E+11;18;7;16;730;2;1;1;1;6;89;RD942. PK 22+100;M;4621580;112532;870
2,02E+11;18;8;26;1510;1;1;1;7;1;89;VAURAT;M;4621430;113337;870
2,02E+11;18;1;17;2015;5;2;1;8;7;131;RD 235;M;4587270;81522;870
2,02E+11;18;1;20;1755;3;1;1;2;3;154;LES SЙGUINES;M;4590390;95545;870
2,02E+11;18;1;21;1830;5;2;1;3;6;154;BOULEVARD VICTOR HUGO;M;4588900;90117;870
2,02E+11;18;2;8;1350;1;1;1;7;7;154;D675 - ROUTE DE ROCHECHO;M;4586560;89117;870
2,02E+11;18;5;30;1345;1;1;1;3;6;126;CHEZ COMBARD;M;4580810;85578;870
2,02E+11;18;6;2;1015;1;2;1;1;6;154;12 AVENUE HENRI BARBUSSE;M;4589130;90527;870
2,02E+11;18;6;16;1140;1;1;2;1;1;78;LA TUILIИRE;M;4595820;100191;870
2,02E+11;18;8;5;720;1;1;1;1;6;164;LES VERGNOLLES;M;4585260;91637;870
2,02E+11;18;8;11;2045;2;1;1;1;5;78;LIEU DIT LASCAUX;M;4594380;97118;870
2,02E+11;18;2;10;1140;1;1;1;9;1;111;"D901 - LIEU-DIT ""MANVIN""";M;4575523;85202;870
2,02E+11;18;3;4;1730;1;1;9;1;6;60;RD6BIS;M;4562900;92160;870
2,02E+11;18;4;25;1530;1;1;9;1;3;112;LIEU DIT MAISON NEUVE;M;4571390;101769;870
2,02E+11;18;6;2;1305;1;2;2;1;3;32;INTERSECTION RN 21 / CD;M;4565500;98179;870
2,02E+11;18;6;24;2315;3;1;1;1;6;34;RD.75;M;4568590;91204;870
2,02E+11;18;8;2;1430;1;1;1;1;1;73;LIEU DIT CHEZ PANIER;M;4575150;100189;870
2,02E+11;18;9;20;1350;1;1;1;1;7;73;D 699 LA CHATONETTE;M;4574150;99689;870
2,02E+11;18;10;23;1100;1;1;2;1;3;91;INTERSECTION RD 699 ET R;M;4571470;68767;870
2,02E+11;18;11;23;1330;1;1;1;8;6;54;LA MAZAURIE;M;4568530;86790;870
2,02E+11;18;3;24;2050;3;1;1;2;2;71;LA PETITE MAISON NEUVE D;M;4547830;117825;870
2,02E+11;18;4;27;1705;1;2;1;1;6;106;PLACE DE LA RЙPUBLIQUE;M;4567810;118604;870
2,02E+11;18;5;4;1500;1;1;9;7;3;187;LES KIOSQUES;M;4551760;123739;870
2,02E+11;18;5;7;645;1;2;1;1;3;187;RUE ANDRЙ DESMOULINS;M;4549740;121475;870
2,02E+11;18;6;10;1730;1;2;1;1;6;187;AVENUE DU MARЙCHAL JUIN;M;4551770;119367;870
2,02E+11;18;7;10;2330;5;2;1;1;6;187;IMPASSE MOULIN DES PRRTS;M;4551670;119683;870
2,02E+11;18;7;22;1744;1;2;9;1;6;187;AVENUE DE LA LOUE;M;4551600;119793;870
2,02E+11;18;7;27;2000;1;1;1;1;6;106;D11 - LA FORET;M;4565430;116980;870
2,02E+11;18;8;1;1030;1;1;1;1;7;96;CHATEAU GAILLARD;M;4559840;115417;870
2,02E+11;18;8;23;1700;1;1;1;1;7;176;LE BOURG;M;4564670;128598;870
2,02E+11;18;8;25;1840;1;1;1;1;7;94;RUE JEAN FERRAT;M;4571950;118753;870
2,02E+11;18;11;5;1555;1;1;1;1;5;187;ROUTE DЙPARTEMENTALE 901;M;4554240;114466;870
2,02E+11;18;11;7;640;3;1;1;8;6;150;"LIEU-DIT ""LES MARTRES""";M;4561140;116315;870
2,02E+11;18;12;30;1915;3;1;1;1;6;187;DЙPARTEMENTALE 901 AU NI;M;4552970;115922;870
2,02E+11;18;3;24;515;3;1;1;2;7;30;Les 13 vents;M;4596259;177100;230
2,02E+11;18;7;4;1925;1;1;1;1;1;42;RD50;M;4606798;168150;230
2,02E+11;18;7;26;1825;1;1;1;1;1;237;"lieu dit ""le treix""";M;4589653;169551;230
2,02E+11;18;11;10;1550;1;1;1;2;1;30;RIGOUR;M;4595526;174209;230
2,02E+11;18;12;26;2350;4;2;1;1;7;157;D941;M;4597992;194744;230
2,02E+11;18;2;3;1745;3;1;1;2;7;233;lieu dit le Foulet;M;4640309;225247;230
2,02E+11;18;2;10;1835;5;2;1;8;7;31;10 rue martin nadaud;M;4634855;221333;230
2,02E+11;18;5;24;1730;1;1;1;2;1;64;Bussiere;M;4631878;214551;230
2,02E+11;18;7;2;1915;1;1;2;1;3;89;intersection Rd 990 / li;M;4631965;199692;230
2,02E+11;18;7;19;1810;1;2;1;1;6;174;rue des acacias;M;4630082;230801;230
2,02E+11;18;9;3;1730;1;1;4;1;3;49;Lieu dit le peux;M;4627967;189161;230
2,02E+11;18;9;15;2330;3;1;1;1;6;29;Dйpartementale 15;M;4631307;183988;230
2,02E+11;18;10;19;1100;1;1;1;1;6;130;lieu dit les pierres bur;M;4643111;181757;230
2,02E+11;18;10;30;1700;2;1;1;1;1;240;Les Forets;M;4633898;220956;230
2,02E+11;18;8;3;1930;2;2;6;1;7;93;lieu dit bellevue;M;4619769;225197;230
2,02E+11;18;10;16;1245;1;1;1;1;1;234;RD 24;M;4608397;233852;230
2,02E+11;18;2;16;1500;1;1;1;2;7;228;C.D 941;M;4594660;223488;230
2,02E+11;18;3;1;930;1;2;1;1;6;8;Rue des dйportйs;M;4595602;216740;230
2,02E+11;18;3;26;930;1;1;1;1;7;187;D990 pk 43.840;M;4612550;213987;230
2,02E+11;18;6;28;1320;1;1;1;1;7;257;RD7;M;4590454;202218;230
2,02E+11;18;8;14;1400;1;1;9;1;6;8;RD 941;M;4594847;218492;230
2,02E+11;18;12;26;1235;1;1;1;1;7;7;Queraud;M;4601216;207577;230
2,02E+11;18;6;10;355;3;1;1;2;6;127;ruisseau de troupine CD;M;4593807;242447;230
2,02E+11;18;8;29;1240;1;1;1;8;7;69;Lieu-dit Chez Pilat;M;4587723;236555;230
2,02E+11;18;10;16;1445;1;1;1;1;6;184;Lieu-dit la maison rouge;M;4590381;240337;230
2,02E+11;18;2;2;1615;1;1;1;1;2;41;D116;M;4622547;-81046;170
2,02E+11;18;4;21;1600;1;1;1;1;7;303;LIeu Dit La fosse aux Lo;M;4632490;-79437;170
2,02E+11;18;7;18;1900;1;2;3;7;3;91;rue du chвteau;M;4630089;-109596;170
2,02E+11;18;8;18;930;1;2;2;1;3;127;rue de marans;M;4624604;-81389;170
2,02E+11;18;10;15;1850;1;1;2;8;3;349;RD 115;M;4625026;-88142;170
2,02E+11;18;11;4;1115;1;1;1;1;3;8;PK 127 + 900 sur la RD 1;M;4628332;-99447;170
2,02E+11;18;11;27;1700;2;1;1;1;6;267;RN11;M;4622662;-92113;170
2,02E+11;18;12;4;830;1;1;1;5;6;349;CD 109;M;4627326;-86760;170
2,02E+11;18;12;17;1846;5;2;2;1;1;218;rue d'aligre;M;4630569;-99054;170
2,02E+11;18;12;19;1550;1;1;2;1;5;91;CD9  PK17;M;4629085;-108374;170
2,02E+11;18;1;17;420;3;1;1;2;6;326;route dйpartementale 731;M;4551702;-28444;170
2,02E+11;18;4;17;1110;1;2;1;9;1;197;26 Avenue Monseigneur Ch;M;4545219;-43950;170
2,02E+11;18;10;14;2015;3;1;1;2;3;403;Route dйpartementale 19;M;4540588;-45137;170
2,02E+11;18;12;2;1133;1;2;1;3;6;197;Zone artisanale La Sourc;M;4543860;-45238;170
2,02E+11;18;12;30;1725;2;1;1;1;1;331;40 route du maine;M;4547684;-58678;170
2,02E+11;18;1;17;1330;1;1;1;7;2;236;D137 - Le Maine;M;4534113;-57606;170
2,02E+11;18;8;24;1840;1;2;1;1;6;312;20 LA CROIX;M;4535163;-65823;170
2,02E+11;18;9;1;2202;3;1;1;1;7;328;rue de camailleau;M;4544476;-73951;170
2,02E+11;18;11;17;1600;1;2;1;5;6;50;Route de St Antoine;M;4548603;-59697;170
2,02E+11;18;12;30;2215;3;1;1;1;6;328;95 rue de mortagne;M;4546630;-74143;170
2,02E+11;18;1;12;2125;3;1;1;5;6;110;Lieu dit Bйzias  RD 145;M;4514071;-26423;170
2,02E+11;18;7;6;1047;1;1;2;1;3;386;Intersection RD 261E2 -;M;4514337;-15827;170
2,02E+11;18;8;5;1155;1;1;1;1;1;386;Lieu dit Sureau;M;4514301;-15987;170
2,02E+11;18;8;14;1800;1;1;1;1;6;365;12 rue de Clйrac;M;4521241;-19502;170
2,02E+11;18;2;23;1915;3;1;1;1;1;75;D124;M;4592471;-84484;170
2,02E+11;18;2;25;1735;1;1;1;1;7;353;route de l'ocйan;M;4599277;-103533;170
2,02E+11;18;3;10;545;3;1;1;1;5;253;D911;M;4596872;-92102;170
2,02E+11;18;4;1;1710;1;1;3;1;1;463;CD 214;M;4596842;-98308;170
2,02E+11;18;4;16;1300;1;2;3;1;3;65;rue des yvonnettes;M;4598287;-95528;170
2,02E+11;18;6;19;1150;1;2;3;1;5;75;RD 124;M;4592074;-83496;170
2,02E+11;18;7;22;20;3;1;1;1;1;463;RD137  PK 92+300;M;4598079;-101238;170
2,02E+11;18;8;7;5;3;1;1;1;2;483;RD 137;M;4602219;-105419;170
2,02E+11;18;12;15;430;3;1;6;1;6;346;Route Dйpartementale 137;M;4591726;-88620;170
2,02E+11;18;2;14;2145;5;2;6;2;1;225;rue du Clapet - rue Henr;M;4571727;-114734;170
2,02E+11;18;3;11;1422;1;1;1;1;1;452;rd25;M;4572058;-122951;170
2,02E+11;18;3;25;1345;1;1;1;1;6;452;Dйpartementale 25;M;4577119;-116287;170
2,02E+11;18;4;9;2050;5;2;1;2;6;452;boulevard Pasteur;M;4577403;-114311;170
2,02E+11;18;6;1;830;1;1;1;1;4;409;route dйpartementale 733;M;4567327;-99967;170
2,02E+11;18;6;8;1820;1;2;1;1;7;225;12 avenue des Mathes;M;4569296;-117876;170
2,02E+11;18;6;17;1750;1;1;1;1;7;452;D25;M;4578811;-120309;170
2,02E+11;18;6;28;2140;1;2;1;1;7;225;18 Avenue des Mathes;M;4569357;-117815;170
2,02E+11;18;6;30;1110;1;1;4;1;1;409;RD 733 E;M;4567920;-100040;170
2,02E+11;18;8;2;1840;1;1;1;1;5;64;d 14;M;4569034;-102439;170
2,02E+11;18;8;3;2000;1;1;1;1;1;452;dйpartementale 25;M;4578536;-115927;170
2,02E+11;18;10;13;1705;1;1;3;1;3;409;chemin de la messe;M;4566209;-101906;170
2,02E+11;18;11;19;1815;5;2;4;1;3;21;Avenue de la Presqu'ile;M;4574080;-111661;170
2,02E+11;18;11;28;1405;1;2;3;1;1;452;30 B RUE MARCEL GAILLARD;M;4577810;-114431;170
2,02E+11;18;1;8;1055;1;1;1;8;5;93;RD 26;M;4586199;-119490;170
2,02E+11;18;2;7;815;1;2;1;1;6;93;impasse de la chevaliиre;M;4588770;-120432;170
2,02E+11;18;2;27;1925;3;1;1;1;1;385;RD734;M;4595075;-132978;170
2,02E+11;18;4;20;1625;1;1;1;1;1;140;D26;M;4589718;-124795;170
2,02E+11;18;6;3;215;3;2;2;1;6;337;RD734 - CHERAY;M;4597361;-135106;170
2,02E+11;18;6;30;930;1;2;1;1;6;411;46 avenue des Bouillats;M;4585162;-121910;170
2,02E+11;18;8;2;1850;1;2;1;7;1;385;37 Avenue de Bonnemie;M;4594380;-131750;170
2,02E+11;18;8;3;2230;3;2;1;1;7;93;Rue Mendиs France;M;4588152;-121273;170
2,02E+11;18;8;13;2000;1;1;1;2;7;385;D 274 route de sauzelle;M;4595225;-130622;170
2,02E+11;18;8;31;2000;1;1;1;1;6;337;zone de loisirs les prйs;M;4597499;-133714;170
2,02E+11;18;9;1;1715;1;1;1;1;3;140;Route de Boyardville;M;4591276;-125623;170
2,02E+11;18;9;30;1555;1;2;1;1;6;411;12 avenue du Corps Franc;M;4582299;-121920;170
2,02E+11;18;10;6;20;4;2;6;5;6;140;755 route de St Pierre;M;4591110;-126582;170
2,02E+11;18;12;15;2225;3;1;1;1;6;140;42 chemin de Saint james;M;4588767;-126352;170
2,02E+11;18;12;22;2100;3;1;1;1;6;337;LA CROIX DES LANDES;M;4596015;-134125;170
2,02E+11;18;2;3;2015;3;1;1;1;6;57;D115;M;4617985;-85095;170
2,02E+11;18;5;31;1835;1;2;1;1;3;221;les quatre maisons  rue;M;4612133;-64299;170
2,02E+11;18;7;20;1040;1;1;1;1;1;338;d205;M;4613655;-70851;170
2,02E+11;18;9;19;1425;1;1;2;1;3;482;D115;M;4615004;-80959;170
2,02E+11;18;10;3;2230;4;1;1;1;6;359;RD 939 - Pk 057.500;M;4609061;-71154;170
2,02E+11;18;10;6;700;3;1;1;1;1;482;LIEU DIT MAISON NEUVE  D;M;4616292;-82938;170
2,02E+11;18;12;6;1930;5;2;1;1;6;3;38 rue de l'Aunis;M;4611428;-93544;170
2,02E+11;18;12;26;845;1;2;1;1;6;3;D 113 - Route de virson;M;4612036;-93036;170
2,02E+11;18;12;27;1800;5;1;2;1;3;359;intersection RD939/RD118;M;4608690;-70647;170
2,02E+11;18;3;10;520;2;1;1;1;6;271;route de compostelle - L;M;4600167;-39841;170
2,02E+11;18;3;11;1910;1;1;1;1;6;53;"CD 124 ""Les Chaumes""";M;4589638;-74170;170
2,02E+11;18;3;27;1500;1;1;2;3;3;397;route des NOUILLERS RD11;M;4589065;-66633;170
2,02E+11;18;4;3;714;3;1;1;1;7;202;D 939;M;4599994;-59801;170
2,02E+11;18;4;5;1010;1;1;1;1;6;277;RN 150 lieu-dit Bourgneu;M;4600171;-51402;170
2,02E+11;18;4;14;1120;1;1;2;1;3;448;RD 739 / RD 114;M;4597365;-71342;170
2,02E+11;18;5;5;1450;1;1;3;1;1;347;Route de Saintes;M;4593343;-52722;170
2,02E+11;18;6;17;1254;1;2;6;1;1;347;31 rue du point du jour;M;4593759;-50507;170
2,02E+11;18;7;7;645;1;1;1;1;6;467;D950;M;4596511;-44213;170
2,02E+11;18;7;11;2330;3;1;1;1;6;347;D120  pont SNCF de Fosse;M;4592711;-51566;170
2,02E+11;18;7;20;42;3;1;1;2;6;17;RD 122 route de BORDS;M;4591299;-72937;170
2,02E+11;18;7;30;1900;1;1;1;7;1;397;2  lieu dit Burie. R.D.;M;4588612;-69275;170
2,02E+11;18;8;27;1230;1;1;3;1;2;450;le treuil;M;4595952;-61751;170
2,02E+11;18;10;16;425;3;1;1;5;7;226;les champs bas;M;4591136;-58044;170
2,02E+11;18;10;25;1053;1;2;8;1;3;436;rue Aliйnor d'Aquitaine;M;4583445;-64862;170
2,02E+11;18;11;9;1730;1;1;2;1;1;397;carrefour des carriиres;M;4589411;-65869;170
2,02E+11;18;11;9;940;1;1;2;5;5;459;D939;M;4591000;-43047;170
2,02E+11;18;11;18;1105;1;1;1;1;1;344;CD 731;M;4584870;-51299;170
2,02E+11;18;2;22;1945;3;1;1;1;6;49;RD 127;M;4605418;-42613;170
2,02E+11;18;5;9;715;1;1;1;1;6;383;D130;M;4594308;-37798;170
2,02E+11;18;7;6;2000;1;2;2;1;3;211;rue de la gare;M;4604441;-50804;170
2,02E+11;18;7;14;600;2;1;1;1;6;177;RD 131 PK 71+700;M;4593675;-24753;170
2,02E+11;18;7;26;315;3;2;1;1;6;101;rue du grand puits;M;4596309;-33986;170
2,02E+11;18;8;13;1505;1;1;1;1;6;177;RD 131;M;4593576;-24741;170
2,02E+11;18;10;14;1755;1;1;1;3;6;43;D120;M;4605577;-58350;170
2,02E+11;18;10;15;1700;1;1;1;2;6;473;RD 133;M;4600158;-30449;170
2,02E+11;18;11;4;935;1;1;1;1;6;101;PK 22+100;M;4597465;-33798;170
2,02E+11;18;3;30;1340;1;1;1;2;1;235;RD 131;M;4579304;-40210;170
2,02E+11;18;3;31;1500;1;1;2;2;2;224;CD 939 - carrefour chemi;M;4587557;-32772;170
2,02E+11;18;3;30;925;1;1;2;2;1;147;RD 231 E1 / RD 129;M;4579951;-52521;170
2,02E+11;18;6;9;1715;1;2;4;1;6;428;CD 121E  route de brйvil;M;4581120;-29683;170
2,02E+11;18;7;24;1912;1;1;1;1;7;313;RD 129;M;4577131;-49616;170
2,02E+11;18;7;27;1200;1;1;1;1;7;313;rue des sablons;M;4576310;-49251;170
2,02E+11;18;8;8;653;1;1;1;1;1;26;D120;M;4585494;-43282;170
2,02E+11;18;9;4;1331;1;1;1;1;7;25;RD 124;M;4588064;-41096;170
2,02E+11;18;10;31;1230;1;1;1;2;7;188;CD 939 - PR 13+200;M;4586291;-28891;170
2,02E+11;18;11;25;20;3;1;1;1;6;261;cd 939;M;4581044;-14802;170
2,02E+11;18;1;23;2120;3;1;1;2;7;386;RD23 Lieu dit LE PETIT H;M;4855789;125017;280
2,02E+11;18;6;1;1530;1;1;1;1;6;53;D139- PK 6+900;M;4862124;132199;280
2,02E+11;18;6;13;1700;1;2;3;1;6;203;15 rue du perche;M;4846752;119750;280
2,02E+11;18;6;24;1030;1;1;1;1;6;350;RD 923;M;4844922;129820;280
2,02E+11;18;7;22;645;2;1;1;5;1;116;RD 923 PK 17+500;M;4845492;127050;280
2,02E+11;18;11;6;1950;3;1;1;1;5;40;D24;M;4851535;122154;280
2,02E+11;18;1;12;1450;1;1;1;1;6;361;D 122 13;M;4852721;176992;280
2,02E+11;18;1;12;1920;3;1;2;1;6;317;Croisement D130 et D 19;M;4844274;177429;280
2,02E+11;18;2;6;645;3;1;1;4;5;84;RD 906;M;4854566;154725;280
2,02E+11;18;2;6;1020;1;1;1;4;6;84;D906;M;4855463;155321;280
2,02E+11;18;2;9;1730;1;1;2;4;2;317;ROUTE DEPARTEMENTALE 19;M;4844275;177431;280
2,02E+11;18;3;3;200;3;1;1;1;7;140;D28;M;4858218;167856;280
2,02E+11;18;5;4;1620;1;1;1;7;6;73;RD330;M;4850810;165835;280
2,02E+11;18;6;25;800;1;1;1;1;1;15;RD18 - St Symphorien Le;M;4850823;176288;280
2,02E+11;18;8;25;2100;3;1;1;1;7;23;RD 28;M;4851256;168004;280
2,02E+11;18;10;10;1300;1;1;2;1;3;84;croisement D6  D106.5;M;4852804;156890;280
2,02E+11;18;10;15;1830;1;1;1;7;2;52;route dйpartementale 26.;M;4856536;152385;280
2,02E+11;18;11;7;600;3;1;1;2;1;191;D28;M;4858580;167833;280
2,02E+11;18;11;6;1730;5;2;1;1;1;140;ruelle des fontaines;M;4860930;167494;280
2,02E+11;18;11;21;750;1;1;9;5;5;357;RD 906;M;4856236;155695;280
2,02E+11;18;11;23;20;5;2;1;1;6;188;18 rue de Paris;M;4849990;172484;280
2,02E+11;18;12;27;1120;1;2;4;8;3;140;09 Rue du Malconseil;M;4860870;167902;280
2,02E+11;18;2;2;1700;1;1;1;1;6;416;D137;M;4828953;156150;280
2,02E+11;18;2;9;1635;1;2;1;4;1;422;15 rue Franзois Huet;M;4827357;162302;280
2,02E+11;18;2;11;1530;1;2;1;1;6;367;D 19.7  rue du levant;M;4814998;186451;280
2,02E+11;18;5;16;928;1;1;4;1;3;311;N254;M;4820670;184258;280
2,02E+11;18;6;27;1750;1;1;1;1;3;284;D141;M;4822381;191926;280
2,02E+11;18;7;25;1329;1;1;1;1;1;32;ROUTE NATIONALE 154;M;4830382;169408;280
2,02E+11;18;8;9;1238;1;1;1;8;7;184;D939;M;4833855;186396;280
2,02E+11;18;8;25;645;3;1;1;1;1;2;RN 254;M;4820807;183140;280
2,02E+11;18;8;25;1310;1;1;1;1;7;319;RD 118.5;M;4828466;191703;280
2,02E+11;18;8;15;2157;3;1;1;1;6;284;dйpartementale 141;M;4823897;191369;280
2,02E+11;18;9;30;1230;1;1;2;1;3;183;Intersection D142 et D14;M;4831370;192067;280
2,02E+11;18;10;10;1000;1;2;1;1;6;199;Rue du Mail Colardeau;M;4820010;188177;280
2,02E+11;18;11;10;1005;1;2;1;2;6;391;rampe du pont;M;4819304;193882;280
2,02E+11;18;12;12;1545;1;1;1;7;2;406;d 132 - lieu-di St Lйona;M;4818022;172608;280
2,02E+11;18;1;9;710;3;2;1;5;1;283;Dйpartementale 27 Lieu d;M;4812520;151369;280
2,02E+11;18;1;19;1605;1;2;1;7;6;51;rue de la rйsistance;M;4818107;138600;280
2,02E+11;18;1;21;1100;1;1;1;2;5;259;RN 10;M;4823118;140598;280
2,02E+11;18;3;1;900;1;1;1;6;6;121;954;M;4810121;186446;280
2,02E+11;18;3;3;1255;1;1;1;1;6;121;D954 PK:3+700;M;4811831;185879;280
2,02E+11;18;4;12;1610;1;2;2;2;3;176;rue Charles Pйguy;M;4824281;148901;280
2,02E+11;18;4;14;1310;1;2;1;1;2;51;41 rue de la rйsistance;M;4817925;138190;280
2,02E+11;18;6;17;1830;1;1;2;1;3;277;d935/d123.4;M;4821643;156286;280
2,02E+11;18;7;1;125;3;1;1;1;6;419;RN 10;M;4827279;141648;280
2,02E+11;18;7;29;2025;1;1;1;1;6;419;Chemin en terre dans le;M;4828364;141358;280
2,02E+11;18;9;13;1940;1;1;1;1;1;419;10;M;4827088;141596;280
2,02E+11;18;9;27;1830;2;1;2;1;3;28;Lieu dit Boissay;M;4807626;155418;280
2,02E+11;18;10;8;1430;1;1;2;1;3;287;RD 132-4/RD 153-4;M;4815580;169278;280
2,02E+11;18;12;20;715;3;1;1;2;7;176;D127 PK:24;M;4822297;149178;280
2,02E+11;18;1;10;1930;3;1;1;1;7;239;D309.1;M;4865587;136693;280
2,02E+11;18;3;4;530;3;1;1;2;6;405;RN 12;M;4875034;126296;280
2,02E+11;18;3;16;1740;1;2;1;1;4;394;D928;M;4867629;132688;280
2,02E+11;18;3;30;2125;3;1;1;1;6;98;Route Nationale 12;M;4875055;144213;280
2,02E+11;18;4;5;1755;1;2;9;1;6;348;rue du clos d'amour;M;4876680;119520;280
2,02E+11;18;4;24;1915;1;1;4;1;1;348;rue de dampierre;M;4877080;117785;280
2,02E+11;18;5;27;1725;1;1;1;7;3;239;D 854;M;4867084;137820;280
2,02E+11;18;7;29;345;5;2;1;2;6;359;rue de la rocquerie;M;4876580;123045;280
2,02E+11;18;8;13;2010;1;1;1;1;5;171;RD928;M;4869427;134032;280
2,02E+11;18;9;1;1540;1;1;1;1;6;359;Chemin communal;M;4875388;122050;280
2,02E+11;18;11;3;2330;5;1;1;1;6;82;route dйpartementale 308;M;4869589;143203;280
2,02E+11;18;12;10;1120;1;1;2;2;3;171;D928;M;4869983;134675;280
2,02E+11;18;12;10;1840;3;1;1;8;2;405;route nationale 12;M;4874283;129538;280
2,02E+11;18;12;20;535;3;1;1;2;1;143;Route dйpartementale 4;M;4870682;120399;280
2,02E+11;18;1;14;815;2;1;1;5;1;373;D20;M;4857204;104910;280
2,02E+11;18;4;17;1535;1;1;2;1;1;87;Intersection D104 D312;M;4868427;123718;280
2,02E+11;18;8;11;1510;1;1;3;1;7;348;D11.1/D313.5;M;4874899;118385;280
2,02E+11;18;8;17;2140;3;1;1;1;7;351;D939;M;4861288;116567;280
2,02E+11;18;2;24;1108;1;1;1;1;7;236;PK 48+200;M;4833830;85105;280
2,02E+11;18;4;19;1545;1;2;2;1;3;280;Avenue de la Rйpublique;M;4831908;81903;280
2,02E+11;18;5;18;1518;1;1;1;1;7;280;D955;M;4833243;78529;280
2,02E+11;18;7;13;2215;3;1;9;1;6;280;RD923;M;4830927;80658;280
2,02E+11;18;8;13;1830;1;1;1;1;6;236;RD 923;M;4833720;84404;280
2,02E+11;18;8;20;645;1;1;1;1;7;327;D338;M;4818681;84969;280
2,02E+11;18;11;5;1235;1;1;1;1;3;395;RD 112.1;M;4830259;85652;280
2,02E+11;18;1;5;1900;3;1;1;2;6;302;La Goupilliиre;M;4849289;117150;280
2,02E+11;18;4;12;1548;1;2;1;1;1;362;LA BUTTE А GILLET- RD 92;M;4839278;101831;280