Num_Acc;an;mois;jour;hrmn;lum;agg;int;atm;col;com;adr;gps;lat;long;dep
2,02E+11;18;5;6;850;1;2;1;1;2;214;avenue de la cerisaie;M;4847524;102545;280
2,02E+11;18;6;3;1300;1;1;1;7;7;214;rue de la grande fontain;M;4847606;101137;280
2,02E+11;18;7;29;840;1;1;1;1;4;240;D25;M;4849163;101920;280
2,02E+11;18;9;9;1740;1;1;1;1;7;119;d15;M;4828172;108013;280
2,02E+11;18;11;20;710;5;2;3;1;6;214;rue de la gare;M;4847295;101215;280
2,02E+11;18;2;9;1245;1;1;1;4;6;406;route de Louye;M;4877473;130823;270
2,02E+11;18;2;19;1624;1;1;1;2;6;376;ROUTE DE SAINT GEORGES M;M;4879629;134350;270
2,02E+11;18;4;1;1715;1;2;3;1;3;17;rue de la ferme;M;4899090;115790;270
2,02E+11;18;7;12;105;4;2;1;1;6;390;11 rue des pinsons;M;4883318;121638;270
2,02E+11;18;7;13;1708;1;1;1;1;1;44;rd 51;M;4894506;111606;270
2,02E+11;18;7;30;1400;1;1;2;1;3;416;rue des vanneaux;M;4884580;110208;270
2,02E+11;18;11;2;957;1;2;9;1;1;350;rue du moulin - D76;M;4881830;126837;270
2,02E+11;18;11;25;1240;1;1;2;2;3;378;D59;M;4877766;121435;270
2,02E+11;18;2;3;2345;3;1;1;2;6;643;RN 12;M;4874951;102792;270
2,02E+11;18;3;4;1515;1;1;1;1;6;685;RD 833;M;4889490;75580;270
2,02E+11;18;3;17;2050;5;2;1;1;3;679;131 rue de la tour grise;M;4873620;93122;270
2,02E+11;18;5;21;1645;1;1;1;1;6;68;D21;M;4892124;66940;270
2,02E+11;18;6;5;520;2;1;1;8;7;457;RD 840;M;4877607;92499;270
2,02E+11;18;6;6;1010;1;1;1;1;6;481;la Patiniиre;M;4874227;86622;270
2,02E+11;18;6;16;1250;1;1;2;1;2;112;Rd840;M;4885291;92119;270
2,02E+11;18;6;22;1550;1;2;3;1;3;502;D830 / D21;M;4881463;70352;270
2,02E+11;18;7;13;1250;1;2;1;1;7;69;rue de la coupe;M;4881259;74931;270
2,02E+11;18;7;17;930;1;1;2;1;3;508;;M;4882084;66117;270
2,02E+11;18;8;24;1640;1;2;1;1;1;137;rue de la bruyиre des da;M;4876942;76049;270
2,02E+11;18;9;7;1630;1;2;6;7;6;679;boulevard Jean Bertin;M;4874195;92474;270
2,02E+11;18;10;6;730;1;1;1;1;6;112;D833;M;4884414;89721;270
2,02E+11;18;10;8;920;2;1;3;7;1;54;route fleurie;M;4885564;87256;270
2,02E+11;18;10;21;1930;3;1;1;1;6;291;RD 166;M;4871959;77941;270
2,02E+11;18;12;16;1045;1;2;1;1;6;112;place pilon de buhorel;M;4883584;91276;270
2,02E+11;18;12;29;825;1;1;1;1;6;182;RN 12;M;4874654;99426;270
2,02E+11;18;1;12;1730;3;1;1;1;1;523;Lieu dit La Bonne Mare;M;4907529;65997;270
2,02E+11;18;2;12;1545;1;1;6;1;2;56;Z.A. Les Granges;M;4910827;58982;270
2,02E+11;18;4;18;1640;1;1;1;1;6;600;dans un bois  36 chemin;M;4905022;57616;270
2,02E+11;18;4;20;2209;5;2;1;1;6;56;rue LOUIS GILLAIN;M;4909370;60112;270
2,02E+11;18;5;18;1705;1;1;1;1;3;667;D438;M;4911681;62420;270
2,02E+11;18;6;3;1;3;2;1;1;6;56;boulevard des monts;M;4909397;60017;270
2,02E+11;18;6;18;1725;1;1;3;1;1;462;Route Dйpartementale 145;M;4909000;42830;270
2,02E+11;18;7;5;1150;1;1;1;7;1;680;RD 438;M;4892032;42927;270
2,02E+11;18;7;10;1630;1;2;3;7;7;79;7 vierge de boissy;M;4916520;57705;270
2,02E+11;18;9;28;1800;1;1;1;1;2;463;rue du gruchet;M;4913486;63081;270
2,02E+11;18;10;3;845;1;2;1;1;6;56;Rue maurice lemoing;M;4908774;59234;270
2,02E+11;18;10;6;1000;1;1;6;7;3;629;rond point D613;M;4914462;44965;270
2,02E+11;18;10;21;1730;1;1;1;1;7;239;dйpartementale 34;M;4901839;56639;270
2,02E+11;18;12;1;1730;2;2;1;2;7;660;Dйpartementale 33;M;4896894;51300;270
2,02E+11;18;12;26;1500;1;1;1;1;3;207;18 route d'orbec;M;4910208;43461;270
2,02E+11;18;12;31;1005;1;1;1;2;2;547;RD145;M;4905243;40819;270
2,02E+11;18;1;22;1835;3;1;1;1;1;50;RD 133 4 route de BERNAY;M;4908760;75320;270
2,02E+11;18;3;1;730;2;1;3;4;6;290;RD 23;M;4911780;73860;270
2,02E+11;18;3;10;945;1;2;1;3;6;51;cote Saint-Aubin;M;4907591;78741;270
2,02E+11;18;3;11;1250;1;1;2;1;1;630;RD 613;M;4913504;79362;270
2,02E+11;18;4;11;1845;1;1;1;1;7;290;RD25;M;4913560;79344;270
2,02E+11;18;4;21;330;3;1;1;1;6;50;D25;M;4908760;76790;270
2,02E+11;18;5;23;1330;1;1;1;1;4;116;RD 613 PK 59+600;M;4915333;72988;270
2,02E+11;18;7;5;2040;2;1;1;1;6;50;D23;M;4908972;76374;270
2,02E+11;18;8;4;1055;1;1;2;1;4;50;Intersection RD133/C17;M;4909333;80436;270
2,02E+11;18;8;3;733;1;1;1;1;6;253;Parking RD613;M;4914984;70846;270
2,02E+11;18;11;27;1200;1;1;2;2;3;513;route de la haye plommйe;M;4900228;67912;270
2,02E+11;18;4;3;1315;1;1;2;2;3;214;INTERSECTION D1/D20;M;4930848;139607;270
2,02E+11;18;4;21;1530;1;1;1;1;6;151;rue de la fontaine Bulan;M;4938375;138240;270
2,02E+11;18;5;6;1825;1;1;1;7;1;274;CD 6014;M;4932750;139890;270
2,02E+11;18;7;28;1945;1;2;4;1;1;366;rue de la mairie;M;4942487;132812;270
2,02E+11;18;7;28;1445;1;2;1;1;6;470;58 grande rue;M;4933289;127740;270
2,02E+11;18;7;29;1825;1;1;1;1;6;270;D2;M;4928860;141422;270
2,02E+11;18;7;31;1000;1;2;1;1;6;214;RD 6014 hameau du musseg;M;4930310;144850;270
2,02E+11;18;9;7;1635;1;2;1;1;2;104;route de paris;M;4938555;131049;270
2,02E+11;18;9;22;1715;1;2;2;2;6;493;rue aux ormes;M;4933075;126158;270
2,02E+11;18;10;20;1155;1;1;1;1;3;493;D321;M;4932921;123552;270
2,02E+11;18;11;10;1430;1;2;1;1;1;453;24 rue de la valette;M;4940667;137680;270
2,02E+11;18;1;10;1200;1;2;9;8;6;310;ruelle du pressoir;M;4928166;155392;270
2,02E+11;18;1;28;1845;3;2;1;8;6;284;rue de Paris;M;4927840;177695;270
2,02E+11;18;2;1;1855;3;1;1;2;5;26;RD6014;M;4922508;163497;270
2,02E+11;18;3;4;1740;1;2;3;1;3;284;Rue de la Reine blanche;M;4927640;176953;270
2,02E+11;18;3;23;2000;5;2;2;8;3;284;Rue du bouloir;M;4927815;178524;270
2,02E+11;18;4;1;625;5;2;1;1;6;226;85 rue saint maur;M;4930510;162020;270
2,02E+11;18;6;27;500;2;1;3;1;1;426;CD 10;M;4927298;171634;270
2,02E+11;18;8;5;725;2;1;1;7;7;226;Route dйpartementale 118;M;4929360;158450;270
2,02E+11;18;8;10;745;1;1;1;1;7;26;D 6014;M;4922508;163497;270
2,02E+11;18;8;25;1840;1;2;4;1;2;420;ROUTE DE LES ANDELYS;M;4924796;155320;270
2,02E+11;18;9;29;2350;3;2;1;1;6;480;5 rue du defens;M;4934574;151891;270
2,02E+11;18;10;7;1330;1;1;2;8;3;420;Intersection D6014 / D3;M;4925550;156249;270
2,02E+11;18;11;9;1620;1;1;2;1;3;437;Route dйpartementale 6;M;4933305;157102;270
2,02E+11;18;12;5;2145;3;1;1;2;2;284;D15bis;M;4929000;176540;270
2,02E+11;18;12;18;1120;1;1;1;1;2;45;Rue du Beauregard - D14;M;4929995;177158;270
2,02E+11;18;12;24;1520;1;1;1;1;2;67;Rd14bis;M;4929498;169090;270
2,02E+11;18;1;5;1825;3;2;2;1;1;187;2 route d'ecquetot;M;4920020;99460;270
2,02E+11;18;2;14;840;1;2;1;9;1;698;D80;M;4916340;90815;270
2,02E+11;18;3;12;1910;2;1;4;1;3;698;RD 80;M;4916330;90890;270
2,02E+11;18;5;2;1805;1;1;1;2;2;428;route dйpartementale 133;M;4914924;92201;270
2,02E+11;18;5;25;1820;1;2;1;3;6;595;4 route de La Haye du Th;M;4925791;88690;270
2,02E+11;18;9;1;1750;1;1;2;1;3;55;Intersection D61 et D175;M;4911492;107508;270
2,02E+11;18;11;19;900;2;1;1;1;6;504;RUE DU MESNIL;M;4907111;109594;270
2,02E+11;18;12;14;2015;3;1;2;8;3;595;Dйpartementale 26;M;4924383;91902;270
2,02E+11;18;3;23;1720;1;1;1;1;7;18;route de Montfort;M;4932077;62501;270
2,02E+11;18;5;17;1205;1;1;1;1;7;655;2350 route de Lisieux;M;4932869;49933;270
2,02E+11;18;6;7;1730;1;2;1;1;3;467;avenue jean monnet;M;4934816;54047;270
2,02E+11;18;7;25;1300;1;1;1;1;1;65;D 27;M;4932941;36529;270
2,02E+11;18;8;2;2145;2;1;1;1;6;388;N 182  gare de pйage sen;M;4946449;47308;270
2,02E+11;18;9;19;830;1;2;6;1;3;467;D675;M;4935014;52062;270
2,02E+11;18;10;14;1220;1;1;1;1;3;518;D89;M;4944919;55256;270
2,02E+11;18;11;29;1715;1;1;1;8;6;656;57 route de la vallйe de;M;4935796;48107;270
2,02E+11;18;12;22;1245;1;1;1;1;6;65;Dйpartementale 27;M;4934631;36247;270
2,02E+11;18;2;16;1850;3;1;1;9;6;317;1715 route de bournevill;M;4938106;67255;270
2,02E+11;18;2;25;1335;1;1;1;1;7;93;1090 route de Montfort;M;4928190;89650;270
2,02E+11;18;4;21;935;1;2;3;1;6;582;rue des canadiens;M;4929532;94892;270
2,02E+11;18;5;5;1500;1;1;1;1;3;62;route des barrabas;M;4930279;82506;270
2,02E+11;18;5;7;1100;1;1;1;1;3;102;D144;M;4936701;76503;270
2,02E+11;18;6;2;1715;1;2;1;9;7;223;rue d'Epreville;M;4933057;78994;270
2,02E+11;18;6;7;1700;1;2;3;1;3;133;Quai de Seine  intersect;M;4938494;91536;270
2,02E+11;18;7;1;1130;1;2;1;1;1;133;Quai de Seine  D93;M;4935954;92154;270
2,02E+11;18;10;31;745;1;1;1;1;3;661;rue caillemare;M;4935734;87400;270
2,02E+11;18;11;17;1250;1;1;1;1;7;340;RD 313E;M;4935944;82774;270
2,02E+11;18;11;24;2330;3;1;1;1;6;316;ROUTE DE BROTONNE;M;4940581;74350;270
2,02E+11;18;12;10;745;2;2;6;1;6;582;28 rue des canadiens;M;4929416;95196;270
2,02E+11;18;12;21;2015;3;1;2;2;3;90;Route dйpartementale 313;M;4929627;93563;270
2,02E+11;18;1;11;1825;5;2;1;5;6;435;CD810;M;4926690;51639;270
2,02E+11;18;3;31;1015;1;1;1;1;6;110;RD 47;M;4933160;67440;270
2,02E+11;18;4;17;620;2;1;1;1;6;591;route de Lisieux;M;4923962;38046;270
2,02E+11;18;5;7;1000;1;1;2;7;1;367;D27;M;4922628;49174;270
2,02E+11;18;6;28;1750;1;1;2;1;3;435;D810;M;4928253;52371;270
2,02E+11;18;10;10;1824;1;2;2;1;6;349;route du val de risle;M;4931474;70480;270
2,02E+11;18;12;4;2040;3;1;1;1;4;218;CD139 - PK 007.100;M;4928739;44765;270
2,02E+11;18;12;17;1100;1;1;2;7;5;349;Intersection CD91/CD94;M;4932206;72955;270
2,02E+11;18;1;17;1230;1;1;1;1;1;213;Saint-Eugиne;M;4660697;-133967;850
2,02E+11;18;2;17;2000;3;1;1;1;6;46;RD948;M;4666848;-132827;850
2,02E+11;18;3;19;320;3;1;1;1;6;213;ST JOSEPH;M;4660582;-133760;850
2,02E+11;18;3;25;1830;1;1;1;1;6;61;Billy;M;4656088;-126590;850
2,02E+11;18;4;7;1330;1;1;1;2;6;160;LE CHAILLOT;M;4659352;-144297;850
2,02E+11;18;4;25;750;1;1;2;1;2;23;Carrefour CD88 / CD 7;M;4653921;-115775;850
2,02E+11;18;6;16;120;3;1;1;1;2;8;;M;4663197;-143998;850
2,02E+11;18;6;24;730;1;1;1;1;3;93;lieu dit la menardiиre;M;4668079;-121759;850
2,02E+11;18;7;13;700;2;1;1;1;6;213;LE PAVILLON;M;4662479;-137283;850
2,02E+11;18;7;21;1830;1;1;1;1;6;69;RUE DU CALVAIRE/IMPASSE;M;4663974;-145793;850
2,02E+11;18;8;17;1800;1;1;1;1;6;291;LA BOSSARDIERE;M;4660910;-121171;850
2,02E+11;18;9;14;1000;1;1;1;1;6;135;la Bargouillerie;M;4655669;-120647;850
2,02E+11;18;9;15;1300;1;1;1;1;5;135;;M;4651617;-120548;850
2,02E+11;18;9;16;2030;2;1;1;1;7;73;LA FRISE;M;4649198;-119794;850
2,02E+11;18;10;22;1500;1;2;1;1;6;213;91 Rue Gйnйral de Gaulle;M;4658984;-131000;850
2,02E+11;18;10;25;1315;1;1;1;1;7;73;;M;4650640;-116111;850
2,02E+11;18;11;27;645;3;1;1;1;7;213;L'ENARDIERE;M;4659317;-132872;850
2,02E+11;18;12;9;520;3;1;1;2;6;73;;M;4650382;-116146;850
2,02E+11;18;1;20;1655;1;1;1;2;3;89;Dйpartementale 160;M;4669999;-131961;850
2,02E+11;18;1;28;615;3;1;1;1;6;282;la Landreliиre;M;4671368;-96308;850
2,02E+11;18;2;17;2245;3;1;1;1;6;266;Le Joblin;M;4674005;-97810;850
2,02E+11;18;3;29;1446;1;1;1;2;1;212;ROUADAN;M;4677532;-117056;850
2,02E+11;18;4;13;955;1;2;1;1;1;84;RUE DES SABLES;M;4676730;-123447;850
2,02E+11;18;5;10;2045;1;2;1;1;6;51;47 rue des croisettes;M;4668515;-106085;850
2,02E+11;18;5;17;1930;1;2;2;1;3;34;RUE DU CHВTEAU;M;4663757;-117102;850
2,02E+11;18;6;10;700;2;1;1;1;6;89;Le Lardet;M;4672205;-134535;850
2,02E+11;18;6;10;1220;1;1;1;1;7;51;Le Fuiteau;M;4664879;-107637;850
2,02E+11;18;6;18;1215;1;1;1;1;6;81;LES BRUYERES;M;4675267;-138618;850
2,02E+11;18;6;18;1015;1;1;1;1;6;51;rue tiraqueau;M;4665658;-98720;850
2,02E+11;18;7;4;1015;1;1;1;1;6;246;La Grande Goupillиre;M;4674719;-120136;850
2,02E+11;18;7;16;1800;1;1;1;1;6;246;La Roberterie;M;4673208;-120614;850
2,02E+11;18;7;31;1830;1;1;2;1;3;202;LE BODIN;M;4671894;-111335;850
2,02E+11;18;8;18;35;3;1;1;1;6;89;La Gilbretiиre;M;4672224;-139263;850
2,02E+11;18;9;3;2000;2;1;1;1;7;51;;M;4667202;-108496;850
2,02E+11;18;10;5;1120;1;1;2;7;3;202;Le Bois Buzin;M;4672727;-108873;850
2,02E+11;18;10;24;2140;3;1;6;1;1;220;RD39;M;4672370;-102867;850
2,02E+11;18;11;30;1811;3;1;2;8;3;202;Bodin;M;4671899;-111340;850
2,02E+11;18;12;3;1815;3;1;1;1;3;51;Boulevard Thomas Voeckle;M;4668997;-103719;850
2,02E+11;18;12;21;5;3;1;1;3;6;51;LE CHATAIGNIER;M;4668567;-106641;850
2,02E+11;18;12;26;1814;5;2;9;1;1;51;La Chabote;M;4667918;-103728;850
2,02E+11;18;12;26;1045;1;2;3;1;6;89;82 rue nationale;M;4671445;-131322;850
2,02E+11;18;12;27;2014;3;1;1;1;6;266;Le Joblin;M;4674149;-97650;850
2,02E+11;18;1;3;2300;5;2;1;2;6;190;Rue d'Anjou;M;4693976;-150699;850
2,02E+11;18;1;3;1915;3;1;1;2;6;217;;M;4695285;-128968;850
2,02E+11;18;1;12;2010;3;1;1;1;1;76;;M;4705590;-126247;850
2,02E+11;18;1;17;1800;3;1;1;2;7;295;LE BOIS JOLI;M;4699450;-121765;850
2,02E+11;18;1;29;725;2;1;1;2;7;262;LA NOUE MORIN;M;4700899;-150596;850
2,02E+11;18;2;3;2245;5;2;6;8;7;27;Porte de bouffйrй;M;4696907;-133024;850
2,02E+11;18;2;8;1825;2;2;2;1;2;217;Rue des Grands Moulins;M;4693946;-128097;850
2,02E+11;18;2;23;630;3;1;2;1;3;190;;M;4691992;-149048;850
2,02E+11;18;4;11;1705;1;1;4;1;3;262;La Couлratiиre;M;4698300;-149035;850
2,02E+11;18;5;21;325;5;2;6;1;7;190;2 GRANDE RUE;M;4693825;-150997;850
2,02E+11;18;5;22;1905;1;2;2;1;1;39;Rue de Nantes;M;4701975;-120055;850
2,02E+11;18;6;3;1130;1;2;6;1;3;190;carrefour des 5 routes;M;4692710;-150067;850
2,02E+11;18;6;23;1435;1;2;6;1;6;76;Rue Antiиres;M;4706520;-124580;850
2,02E+11;18;7;7;2215;3;1;1;1;6;262;LES BRUYERES;M;4699023;-151630;850
2,02E+11;18;7;10;420;5;2;1;1;6;39;35 RUE DE LA PENISSIERE;M;4701430;-120377;850
2,02E+11;18;7;25;1145;1;1;2;1;3;25;Le Bordage Maupas;M;4696584;-120243;850
2,02E+11;18;8;20;1030;1;1;1;1;1;217;D1137;M;4693496;-131693;850
2,02E+11;18;9;15;1100;1;1;1;1;1;39;RECREDY;M;4701663;-116646;850
2,02E+11;18;11;23;1815;5;2;1;3;1;295;Rue Du Bois Joly;M;4698948;-122297;850
2,02E+11;18;12;7;1900;3;1;1;1;6;224;LE BOIS PIN;M;4699822;-129127;850
2,02E+11;18;1;5;1;3;1;1;1;7;111;La Victorine;M;4632205;-91311;850
2,02E+11;18;1;13;745;2;2;9;1;3;1;30 rue Pasteur;M;4633399;-130435;850
2,02E+11;18;3;7;1010;1;2;1;1;6;128;148 Bd Mal de L.TASSIGNY;M;4645771;-114958;850
2,02E+11;18;4;10;1658;1;2;1;2;6;128;Place Edouard HERRIOT;M;4645504;-116890;850
2,02E+11;18;4;28;1645;1;1;1;1;5;207;;M;4642129;-128667;850
2,02E+11;18;6;13;605;2;1;1;1;6;111;SOULISSE;M;4632924;-92789;850
2,02E+11;18;6;25;1700;1;1;1;1;5;297;LES FONTENELLES;M;4641332;-117705;850
2,02E+11;18;7;7;715;1;1;1;1;6;267;;M;4637977;-105156;850
2,02E+11;18;7;28;2045;1;2;1;1;2;49;Route de Triaize;M;4638353;-114507;850
2,02E+11;18;8;21;1205;1;2;3;1;3;128;Rue de l'Hфpital;M;4645183;-116982;850
2,02E+11;18;9;26;2230;3;1;1;1;6;131;D44 - LES CHAUMES;M;4648569;-121089;850
2,02E+11;18;10;15;1830;2;2;4;1;3;255;Rue du Crйnon;M;4634958;-126280;850
2,02E+11;18;10;26;1615;1;2;2;1;3;128;Bd Michel Phelippon;M;4646120;-136305;850
2,02E+11;18;10;27;1825;1;2;6;8;3;128;Avenue Michel RAMBAUD;M;4646216;-117069;850
2,02E+11;18;3;15;742;2;1;1;2;6;227;Garreau;M;4646077;-65505;850
2,02E+11;18;3;19;450;4;2;2;1;3;20;route de Bouillй-Courdau;M;4636337;-60965;850
2,02E+11;18;4;14;950;1;2;1;2;6;92;Rue de la Rйpublique;M;4646249;-79500;850
2,02E+11;18;5;5;1150;1;1;1;1;3;28;LE PETIT NAUVERT;M;4637786;-65499;850
2,02E+11;18;5;5;1450;1;1;1;1;7;123;Route de Chanceau;M;4636583;-69655;850
2,02E+11;18;5;11;2200;5;2;1;1;6;139;8 route de Ste Christine;M;4633690;-67279;850
2,02E+11;18;5;21;50;3;1;1;1;6;143;Chemin forestier du Port;M;4652463;-74940;850
2,02E+11;18;7;1;1250;1;1;1;1;3;162;Rue de l'Huilerie;M;4644145;-69165;850
2,02E+11;18;7;1;1810;1;1;1;1;6;303;Petit Mont Nommй;M;4635102;-87437;850
2,02E+11;18;8;6;2000;1;2;1;1;7;143;La Jamoniиre;M;4653708;-73064;850
2,02E+11;18;9;2;1013;1;1;2;1;2;132;La Croix de Maillй;M;4633989;-77161;850
2,02E+11;18;9;8;1033;1;2;1;1;6;227;04 Rue du Docteur Bon;M;4647057;-66514;850
2,02E+11;18;8;30;1650;1;2;7;1;3;92;Rue de l'Ouillette;M;4646390;-79226;850
2,02E+11;18;12;20;1630;1;1;1;2;1;303;LA CHAIGNEE;M;4637525;-86940;850
2,02E+11;18;2;17;1900;2;1;1;1;7;140;RD 752;M;4675445;-81084;850
2,02E+11;18;3;25;1230;1;1;1;1;7;264;La Jaroussiиre;M;4667701;-68935;850
2,02E+11;18;4;23;1400;1;1;1;1;7;37;BEAUVOIR;M;4666373;-64787;850
2,02E+11;18;6;28;1040;1;1;3;1;3;147;LES ANGLAIS;M;4675925;-74666;850
2,02E+11;18;7;6;1435;1;1;1;1;1;154;;M;4664434;-81728;850
2,02E+11;18;8;13;1425;1;1;2;1;3;182;La Grande Audйrie;M;4675708;-86817;850
2,02E+11;18;8;26;500;3;1;1;1;6;37;BEAUVOIR;M;4666351;-64860;850
2,02E+11;18;9;8;1130;1;1;3;1;3;287;;M;4669194;-87194;850
2,02E+11;18;9;15;2145;3;1;1;1;1;257;;M;4684041;-88567;850
2,02E+11;18;10;11;1600;1;1;2;1;7;292;Les Treilles;M;4662740;-86123;850
2,02E+11;18;10;12;2320;3;1;1;1;7;264;Rue de la Pacaudiиre;M;4669715;-70119;850
2,02E+11;18;11;22;1630;2;1;1;1;6;5;Route De La Digreliиre;M;4662055;-76644;850
2,02E+11;18;12;6;310;3;1;1;1;7;264;;M;4668519;-71040;850
2,02E+11;18;2;22;1745;1;2;1;1;1;47;Boulevard A. SCHWEITZER;M;4684090;-189489;850
2,02E+11;18;3;1;1540;1;1;1;1;6;96;LA COUTELLERIE;M;4692020;-183518;850
2,02E+11;18;3;31;2320;3;1;1;1;1;130;Le Fougerais;M;4677767;-168389;850
2,02E+11;18;4;19;1950;1;1;2;1;3;210;La Grande Villeneuve;M;4684571;-162468;850
2,02E+11;18;4;27;610;2;1;3;1;3;47;route de la Roche/Yon;M;4683979;-185446;850
2,02E+11;18;5;10;1200;1;2;1;1;6;24;40 rue de la Gare;M;4693789;-187010;850
2,02E+11;18;5;13;200;3;1;6;2;6;47;Les Borderies;M;4683521;-183437;850
2,02E+11;18;6;30;1000;1;1;2;1;3;130;La Petite Guyonniиre;M;4676877;-169078;850
2,02E+11;18;6;30;1225;1;1;1;1;1;280;Rue du Perrier;M;4685614;-196511;850
2,02E+11;18;7;24;1340;1;1;1;1;7;260;;M;4680256;-165585;850
2,02E+11;18;8;5;1145;1;1;2;1;1;130;D948 - D94;M;4678897;-170340;850
2,02E+11;18;9;8;1850;1;2;1;1;1;280;8 Rue des Groies;M;4685731;-194536;850
2,02E+11;18;11;17;1800;3;2;1;1;3;47;63 Chemin du Preneau;M;4682624;-187218;850
2,02E+11;18;11;18;1820;3;1;1;1;1;86;La Plumetiиre;M;4684752;-180005;850
2,02E+11;18;12;14;1630;1;1;3;1;2;280;Route des Morandiиres;M;4688081;-195958;850
2,02E+11;18;2;6;2130;3;1;1;2;6;103;LA PREMAUDIERE;M;4654133;-159204;850
2,02E+11;18;3;10;1330;1;1;2;1;2;114;Chemin des Combes;M;4643381;-157809;850
2,02E+11;18;3;15;35;3;2;1;8;7;278;;M;4641991;-152643;850
2,02E+11;18;4;1;2135;3;1;1;1;6;288;Rue du Moulin des Landes;M;4649139;-158438;850
2,02E+11;18;4;24;2230;3;1;1;1;6;4;;M;4638279;-140696;850
2,02E+11;18;5;9;1030;1;1;1;1;6;277;La Californie;M;4648535;-133255;850
2,02E+11;18;5;20;1030;1;2;1;1;6;307;3 Avenue de la Plage;M;4633261;-132231;850
2,02E+11;18;6;8;1945;1;2;1;1;6;26;Rue de la Fontaine;M;4656512;-146408;850
2,02E+11;18;6;19;1050;1;1;1;1;3;101;;M;4649445;-139669;850
2,02E+11;18;6;27;1945;1;1;1;1;7;127;LE MOULIN DE TALMONT;M;4642942;-148828;850
2,02E+11;18;6;29;1400;1;1;1;1;1;156;;M;4649760;-144481;850
2,02E+11;18;7;1;1700;1;2;1;1;6;288;;M;4646988;-161419;850
2,02E+11;18;7;26;1730;1;2;1;1;6;278;RUE GEORGES CLEMENCEAU;M;4641385;-154880;850
2,02E+11;18;8;31;1445;1;1;1;1;6;4;LE PAVILLON;M;4640109;-137794;850
2,02E+11;18;9;25;1230;1;1;1;1;6;278;Les Longeais;M;4643172;-155904;850
2,02E+11;18;10;16;1400;1;1;3;1;3;288;CD 21;M;4647262;-163076;850
2,02E+11;18;11;10;1210;1;1;1;8;4;277;Les Miottiиres;M;4651912;-143210;850
2,02E+11;18;3;1;1600;1;1;1;1;7;221;LA CLAIE;M;4696494;-197579;850
2,02E+11;18;4;5;5;5;2;1;1;7;12;88 avenue de l'Estacade;M;4689003;-212560;850
2,02E+11;18;5;15;1040;1;1;1;1;1;18;LE PETIT BAULIN;M;4690421;-205412;850
2,02E+11;18;5;26;1320;1;2;1;1;7;18;62 rue de Nantes;M;4692256;-204152;850
2,02E+11;18;6;20;930;1;1;1;1;4;29;Le Mont Saint Lйon;M;4699644;-199757;850
2,02E+11;18;6;30;1928;1;1;1;1;6;221;LA SALLE;M;4690102;-197470;850
2,02E+11;18;7;16;1550;1;1;1;6;3;284;Route des Sables;M;4679897;-188138;850
2,02E+11;18;7;22;1430;1;2;1;1;1;234;1 Ter route de Beauvoir;M;4679704;-206942;850
2,02E+11;18;7;22;1245;1;2;1;1;7;273;Route de St Gervais;M;4688244;-200800;850
2,02E+11;18;8;19;2300;3;1;1;1;6;172;;M;4681500;-196306;850
2,02E+11;18;9;29;48;5;2;9;1;1;29;Rue du Pays de Monts;M;4697096;-200002;850
2,02E+11;18;12;12;1635;1;1;6;1;3;172;Rd-Pt du Grand Moulin;M;4680482;-198340;850
2,02E+11;18;12;18;1800;3;1;1;2;1;234;RUE DES SABLES;M;4678059;-201444;850
2,02E+11;18;3;2;1700;1;1;1;1;6;40;;M;4418820;612991;40
2,02E+11;18;3;23;607;2;1;3;1;3;1;RN 85;M;4404980;614634;40
2,02E+11;18;4;23;1410;1;1;1;1;1;217;;M;4413410;614820;40
2,02E+11;18;6;22;1020;1;1;1;1;7;167;;M;4419260;627549;40
2,02E+11;18;6;23;1115;1;1;1;1;6;40;;M;4418940;614144;40
2,02E+11;18;7;15;1835;1;1;1;1;6;217;LES ESTERPADES;M;4414410;613756;40
2,02E+11;18;8;8;1252;1;1;3;1;3;46;;M;4403810;614541;40
2,02E+11;18;8;13;1220;1;1;1;1;2;122;;M;4404510;605887;40
2,02E+11;18;8;19;520;3;1;1;1;1;122;"LIEU DIT ""TARELLE""";M;4403290;609099;40
2,02E+11;18;8;31;1920;1;1;1;1;1;113;;M;4413290;625832;40
2,02E+11;18;9;11;1750;1;1;1;1;2;1;;M;4405090;614916;40
2,02E+11;18;10;3;1615;1;1;1;1;6;24;;M;4421500;636264;40
2,02E+11;18;11;21;1725;2;1;3;2;3;110;;M;4404660;613679;40
2,02E+11;18;12;16;345;3;1;1;2;6;1;;M;4406620;617372;40
2,02E+11;18;3;23;17;3;1;1;1;6;94;;M;4380200;582982;40