Num_Acc;an;mois;jour;hrmn;lum;agg;int;atm;col;com;adr;gps;lat;long;dep
2,02E+11;18;4;8;1700;1;1;1;6;7;94;;M;4379280;583829;40
2,02E+11;18;4;24;1810;1;2;1;1;6;94;17 Av des Marronnier;M;4375810;588711;40
2,02E+11;18;5;29;2020;1;1;1;1;5;94;;M;4374490;587458;40
2,02E+11;18;7;6;2230;3;1;1;1;1;94;LIEU DIT LES 4 CHEMINS D;M;4379880;583128;40
2,02E+11;18;7;15;640;2;1;1;1;1;94;;M;4374390;584351;40
2,02E+11;18;7;31;1400;1;1;1;1;6;94;CD 952 LIEU DIT ST DONNA;M;4375420;586262;40
2,02E+11;18;8;10;1945;1;1;1;1;1;94;;M;4374820;584843;40
2,02E+11;18;8;20;2335;3;1;1;1;3;189;;M;4377060;594907;40
2,02E+11;18;8;24;830;1;2;1;1;7;230;;M;4384570;598851;40
2,02E+11;18;9;28;1445;1;1;3;1;1;94;;M;4375690;591423;40
2,02E+11;18;10;19;1135;1;1;1;1;1;94;;M;4377260;590159;40
2,02E+11;18;11;23;2120;3;1;1;3;7;94;;M;4375180;585533;40
2,02E+11;18;1;10;1545;1;1;1;3;5;108;;M;4404660;604893;40
2,02E+11;18;4;8;110;5;2;1;1;7;108;;M;4405140;602379;40
2,02E+11;18;5;2;1345;1;2;1;1;2;49;RN 85;M;4410170;600883;40
2,02E+11;18;6;9;2020;5;2;3;1;3;116;;M;4402950;597326;40
2,02E+11;18;7;6;1610;1;2;1;1;3;49;;M;4408980;600899;40
2,02E+11;18;7;15;825;1;1;1;2;6;200;;M;4413440;598654;40
2,02E+11;18;8;18;2100;3;1;1;1;6;145;;M;4413620;596989;40
2,02E+11;18;9;1;1200;1;1;1;1;1;13;;M;4411910;598919;40
2,02E+11;18;9;8;1005;1;1;6;7;2;108;;M;4404320;602988;40
2,02E+11;18;9;17;1010;1;2;3;1;2;49;;M;4409360;600946;40
2,02E+11;18;10;29;2217;3;1;1;4;6;53;;M;4410280;594679;40
2,02E+11;18;11;7;1125;1;2;1;1;6;244;14 RUE VICTOR HERIИS;M;4411070;601434;40
2,02E+11;18;11;8;1245;1;1;1;1;3;116;LIEU DIT LA BASTIDE BLAN;M;4398160;592625;40
2,02E+11;18;11;28;1540;1;1;3;1;3;116;RD4 LA BASTIDE BLANCHE-;M;4398400;592758;40
2,02E+11;18;12;3;2326;3;1;1;2;6;91;;M;4399890;591914;40
2,02E+11;18;12;8;1030;1;1;1;9;5;13;;M;4411380;595050;40
2,02E+11;18;12;10;2136;3;1;1;1;7;79;;M;4407280;602174;40
2,02E+11;18;12;14;1830;5;2;1;1;6;116;;M;4403330;598587;40
2,02E+11;18;12;21;1745;3;1;1;1;1;145;;M;4414400;596389;40
2,02E+11;18;1;27;1720;1;2;1;1;6;22;;M;4395730;637617;40
2,02E+11;18;4;11;800;1;1;1;2;1;55;;M;4397970;630901;40
2,02E+11;18;5;16;1710;1;1;1;1;6;121;;M;4402300;617721;40
2,02E+11;18;6;13;1350;1;1;1;1;2;121;;M;4402480;617292;40
2,02E+11;18;7;2;940;1;1;1;1;6;121;;M;4400960;619823;40
2,02E+11;18;7;6;1435;1;1;1;1;3;182;;M;4391240;605962;40
2,02E+11;18;7;16;750;1;1;1;1;7;187;;M;4396810;638788;40
2,02E+11;18;8;5;1230;1;1;1;1;7;181;;M;4397370;613234;40
2,02E+11;18;8;31;1515;1;1;1;1;3;31;;M;4390430;613906;40
2,02E+11;18;9;3;1030;1;1;1;1;1;84;;M;4396190;618749;40
2,02E+11;18;9;29;1230;1;1;1;1;7;31;;M;4390320;613933;40
2,02E+11;18;10;12;1420;1;1;1;1;6;55;;M;4396760;631577;40
2,02E+11;18;10;28;940;1;1;1;1;6;55;;M;4396810;631382;40
2,02E+11;18;11;14;1230;1;1;1;1;6;31;;M;4390780;613949;40
2,02E+11;18;6;29;540;2;1;1;1;6;76;;M;4395300;686933;40
2,02E+11;18;7;14;430;3;1;1;1;6;76;PLAN DE PUGET;M;4395220;684241;40
2,02E+11;18;8;30;950;1;1;1;1;2;76;;M;4396230;678498;40
2,02E+11;18;12;2;1615;1;2;1;1;6;8;COLLИGE HONNORATY;M;4396840;666493;40
2,02E+11;18;12;6;920;1;1;1;1;1;236;;M;4391500;656346;40
2,02E+11;18;7;2;1420;1;1;1;1;5;6;;M;4429730;659370;40
2,02E+11;18;4;4;1425;1;1;1;1;6;124;;M;4373610;607731;40
2,02E+11;18;4;8;1400;1;1;1;8;7;157;;M;4386850;608523;40
2,02E+11;18;5;20;25;3;1;1;1;1;166;;M;4382130;611550;40
2,02E+11;18;6;13;1020;1;2;1;1;6;166;PARKING DU PRЙ DE FOIRE;M;4381570;609160;40
2,02E+11;18;6;12;1010;1;1;1;1;6;124;;M;4373590;607972;40
2,02E+11;18;6;30;930;1;1;1;1;3;144;;M;4377270;632513;40
2,02E+11;18;7;7;1455;1;1;1;1;3;135;;M;4383140;622408;40
2,02E+11;18;7;21;1600;1;1;3;1;3;124;;M;4377570;607459;40
2,02E+11;18;7;22;1910;1;1;1;1;1;176;;M;4375580;614030;40
2,02E+11;18;8;18;1845;1;1;1;1;6;166;;M;4382990;609777;40
2,02E+11;18;9;10;1600;1;2;3;1;1;166;;M;4381750;609443;40
2,02E+11;18;9;30;1445;1;1;1;1;7;144;;M;4377140;632363;40
2,02E+11;18;9;30;1725;1;1;1;1;7;144;;M;4377000;630896;40
2,02E+11;18;12;15;1555;1;1;1;1;7;135;LIEU-DIT NAVERRE;M;4387020;623390;40
2,02E+11;18;1;28;1410;1;2;1;1;3;88;AV Claude Delorme;M;4396280;579249;40
2,02E+11;18;2;16;930;1;1;1;1;6;188;;M;4389820;579562;40
2,02E+11;18;2;23;1610;1;1;1;1;6;160;;M;4385990;562818;40
2,02E+11;18;3;20;1800;2;1;1;1;1;160;;M;4385810;564662;40
2,02E+11;18;3;23;2050;3;1;1;1;6;45;;M;4385700;560931;40
2,02E+11;18;3;30;1620;1;1;2;1;3;188;;M;4390650;578528;40
2,02E+11;18;4;20;1700;1;1;3;1;3;88;;M;4395880;579666;40
2,02E+11;18;6;9;2320;3;1;3;9;2;88;;M;4395080;580321;40
2,02E+11;18;6;18;1640;1;2;1;1;6;88;;M;4395230;579820;40
2,02E+11;18;7;11;1805;1;1;1;1;3;138;CHEMIN DE NIOZELLES;M;4394040;583235;40
2,02E+11;18;7;20;754;1;1;1;1;3;206;;M;4398850;585444;40
2,02E+11;18;8;8;1130;1;2;1;1;6;88;REMPARTS BERLUC PERUSSIS;M;4395890;578050;40
2,02E+11;18;7;31;835;1;2;1;1;3;45;BD VICTOR HUGO;M;4385650;559219;40
2,02E+11;18;8;30;1900;2;2;3;1;1;45;AV PLANTIERS AV CAMILLE;M;4385640;558309;40
2,02E+11;18;9;13;1300;1;1;1;1;6;192;;M;4388860;572496;40
2,02E+11;18;9;27;1845;1;2;6;1;6;88;AV DE VERDUN;M;4395790;577688;40
2,02E+11;18;10;30;500;3;1;1;2;7;104;BASTIDE DES PRЙS;M;4396910;573446;40
2,02E+11;18;12;7;1200;1;1;3;1;3;111;LIEU DIT LE PRIEUR;M;4393050;575958;40
2,02E+11;18;12;19;830;3;1;1;3;6;45;;M;4385100;559979;40
2,02E+11;18;3;23;1435;1;1;1;1;6;65;;M;4406480;585494;40
2,02E+11;18;4;22;1820;1;1;1;1;7;208;;M;4396280;553122;40
2,02E+11;18;5;23;1300;1;1;1;2;7;65;;M;4411820;582193;40
2,02E+11;18;6;9;2045;1;1;1;1;6;208;LIEU-DIT LE SIFFLEUR;M;4396580;556989;40
2,02E+11;18;7;11;300;5;2;1;1;6;18;;M;4404290;563209;40
2,02E+11;18;7;22;927;1;1;1;1;2;208;;M;4396830;557064;40
2,02E+11;18;8;16;1545;1;1;2;1;3;141;LIEU DIT LES VALETTES;M;4401930;575450;40
2,02E+11;18;10;5;825;1;2;2;1;3;162;;M;4397500;567216;40
2,02E+11;18;10;7;1903;3;1;1;3;7;162;;M;4397960;566152;40
2,02E+11;18;11;21;710;1;1;1;2;6;162;L'ORATOIRE;M;4397610;566937;40
2,02E+11;18;3;20;1240;1;1;1;1;1;123;;M;4427720;585143;40
2,02E+11;18;7;5;953;1;1;1;1;4;139;;M;4416950;582238;40
2,02E+11;18;7;20;1130;1;1;1;1;6;199;LE PAROIR;M;4416740;576382;40
2,02E+11;18;7;21;2050;1;2;1;1;5;123;;M;4426700;585940;40
2,02E+11;18;1;2;715;2;1;1;9;6;134;;M;4431970;603024;40
2,02E+11;18;4;15;1145;1;1;1;1;7;231;Lieu dit Valauri;M;4425740;596569;40
2,02E+11;18;7;31;100;3;1;1;1;6;137;;M;4429650;603045;40
2,02E+11;18;1;13;1130;1;1;1;8;3;166;la garde;M;4516533;85418;240
2,02E+11;18;2;6;1300;1;1;1;8;1;115;La monnerie;M;4525735;68224;240
2,02E+11;18;2;10;221;3;1;1;9;1;115;LE BOURG;M;4524485;68853;240
2,02E+11;18;2;25;1600;1;1;1;1;7;270;CD 6089;M;4512648;91226;240
2,02E+11;18;3;21;1326;1;1;1;1;7;571;Perlichat;M;4503847;74023;240
2,02E+11;18;4;19;1715;1;1;1;1;1;26;D5;M;4519236;82734;240
2,02E+11;18;5;20;1915;1;2;1;1;1;571;19 place de Pйrigueux;M;4503105;71781;240
2,02E+11;18;8;15;1930;1;1;1;1;6;94;Le Mйnaudou;M;4510578;68397;240
2,02E+11;18;8;31;1410;1;1;6;1;6;312;route de Vergt;M;4513170;70255;240
2,02E+11;18;9;24;1345;1;1;1;1;3;26;ROUTE DU CAMP MERCEDES;M;4517329;81516;240
2,02E+11;18;10;4;1605;1;2;1;1;6;312;11 route de pommier;M;4517594;73170;240
2,02E+11;18;11;9;2000;3;1;1;1;6;484;RD6089;M;4512252;87540;240
2,02E+11;18;11;15;130;3;1;1;5;6;208;Bordas;M;4505689;65520;240
2,02E+11;18;12;8;1930;3;1;1;2;6;459;coutel;M;4501923;63453;240
2,02E+11;18;4;30;731;1;1;1;9;3;550;Le Jarry Carret;M;4512050;109306;240
2,02E+11;18;6;4;1650;1;1;1;3;6;463;La Tuiliиre;M;4533432;107640;240
2,02E+11;18;8;29;1725;1;1;2;1;3;448;CD705;M;4533150;104624;240
2,02E+11;18;9;28;2225;4;1;1;1;6;555;Les tuilliиres;M;4528903;106745;240
2,02E+11;18;9;30;1740;1;1;1;1;7;188;AUX POUX;M;4512680;101692;240
2,02E+11;18;11;28;1655;1;2;1;1;6;550;Place Michel MONTAIGNE;M;4513692;107132;240
2,02E+11;18;12;11;950;1;1;1;1;1;137;CHARDEUIL;M;4530360;95953;240
2,02E+11;18;12;11;745;2;1;1;5;7;120;Mongiaud;M;4527656;110087;240
2,02E+11;18;12;17;1220;1;1;1;8;7;11;les tavernes;M;4524434;79482;240
2,02E+11;18;12;28;915;1;2;2;1;3;147;RD5;M;4522350;93679;240
2,02E+11;18;2;4;2330;5;2;2;1;3;182;route du mignon;M;4487495;24067;240
2,02E+11;18;2;23;2100;5;2;7;1;6;581;Place du 19 mars 1962;M;4502220;54246;240
2,02E+11;18;5;12;1000;1;1;3;2;4;77;lacoste;M;4492082;56062;240
2,02E+11;18;6;28;1515;1;1;1;1;1;77;le Touron;M;4495789;58722;240
2,02E+11;18;7;8;1524;1;2;1;1;5;182;322 RUE HENRI DE NAVARRE;M;4488092;26451;240
2,02E+11;18;7;16;40;3;1;1;1;6;426;RD39;M;4502681;51781;240
2,02E+11;18;8;5;1120;1;1;1;1;1;259;Le grand Vignoble;M;4493644;51319;240
2,02E+11;18;8;9;800;1;1;1;9;1;31;d38;M;4498702;63159;240
2,02E+11;18;8;27;1615;1;1;2;1;3;419;le port de mouleydier;M;4485125;59343;240
2,02E+11;18;8;27;950;1;2;1;1;6;182;route la faurie;M;4487741;24706;240
2,02E+11;18;9;20;1215;1;1;1;1;6;413;Dйpartementale 16;M;4493031;35910;240
2,02E+11;18;10;5;1905;1;1;1;1;6;285;les perrieres;M;4498889;54415;240
2,02E+11;18;10;8;1730;1;1;1;1;5;77;LE TOURON;M;4496056;58842;240
2,02E+11;18;10;21;718;3;1;1;5;6;487;Route du Fleix;M;4486567;29137;240
2,02E+11;18;11;4;1845;3;1;2;1;3;340;52-60 ROUTE DU STADE;M;4486059;39010;240
2,02E+11;18;12;6;330;3;1;1;1;7;237;68 route de Pйrigueux;M;4488444;54200;240
2,02E+11;18;1;1;1010;1;1;1;3;6;311;Pk 19 D675;M;4555506;67394;240
2,02E+11;18;4;21;1245;1;1;2;1;3;398;Maisonneuve;M;4563637;64823;240
2,02E+11;18;6;25;730;1;1;1;1;5;451;Chez Yonnet;M;4550300;65669;240
2,02E+11;18;7;31;1550;1;1;1;1;7;498;MONTAGNAC;M;4551952;81132;240
2,02E+11;18;8;7;530;3;1;1;1;6;381;village des gites Lapeyr;M;4563970;72743;240
2,02E+11;18;8;18;1540;1;1;1;1;7;498;mazaubrun;M;4554395;85934;240
2,02E+11;18;8;31;1600;1;1;1;1;1;311;D3;M;4555530;67162;240
2,02E+11;18;9;11;1025;1;1;2;1;3;451;Route de Nontron;M;4551530;64667;240
2,02E+11;18;10;17;725;3;1;1;1;6;248;RD 708;M;4549995;59596;240
2,02E+11;18;12;5;1730;3;1;1;1;6;565;Le gauty;M;4562575;54988;240
2,02E+11;18;12;20;1615;1;1;1;2;6;458;Le four a chaux;M;4554494;63594;240
2,02E+11;18;1;15;1215;1;1;2;1;1;129;Valade;M;4536420;70352;240
2,02E+11;18;5;5;730;1;1;1;1;6;129;Valade;M;4536427;71079;240
2,02E+11;18;5;9;2330;3;1;1;1;6;579;Chez Noaillac;M;4544044;47705;240
2,02E+11;18;5;30;1300;1;1;1;1;6;579;RD 939;M;4544819;46454;240
2,02E+11;18;7;6;1800;1;1;1;1;7;64;le moulin de grenier;M;4535597;63061;240
2,02E+11;18;7;23;1410;1;1;9;1;3;474;BELLEVUE;M;4543626;66193;240
2,02E+11;18;1;4;1600;1;1;1;2;1;218;la perdicie;M;4549781;107582;240
2,02E+11;18;2;15;1130;1;2;3;2;3;133;avenue de Pйrigueux;M;4553704;97250;240
2,02E+11;18;2;21;915;1;1;1;1;1;522;le caillou blanc;M;4543768;100632;240
2,02E+11;18;4;27;805;2;2;3;7;6;218;39 rue du stade;M;4549523;106750;240
2,02E+11;18;5;14;1400;1;1;1;2;1;505;le pic;M;4537889;102001;240
2,02E+11;18;5;31;1930;2;1;1;2;7;519;LA VEYSSIERE HAUTE;M;4546371;115724;240
2,02E+11;18;6;11;1330;1;1;1;2;1;551;mauchat;M;4541402;89985;240
2,02E+11;18;11;7;715;3;1;1;2;6;133;La Tuiliиre;M;4553341;96781;240
2,02E+11;18;11;23;1525;1;1;1;2;7;305;les longeix;M;4539253;97050;240
2,02E+11;18;11;30;1810;3;2;1;5;6;133;Rue Louis Pasteur;M;4553776;97213;240
2,02E+11;18;1;18;1015;1;1;4;2;3;154;plaisance;M;4521290;44171;240
2,02E+11;18;2;9;1530;1;1;1;2;1;7;le pontet;M;4529326;26595;240
2,02E+11;18;3;29;1640;1;1;4;1;1;460;les clauds;M;4525455;39305;240
2,02E+11;18;4;25;1235;1;1;1;1;6;352;les barnouilles;M;4522277;32678;240
2,02E+11;18;8;6;2025;1;1;1;1;7;564;le pauly;M;4524204;28589;240
2,02E+11;18;8;24;945;1;1;2;1;1;199;Beaubost;M;4543637;39482;240
2,02E+11;18;10;21;2000;3;1;1;1;7;144;Le treuilh;M;4531133;55217;240
2,02E+11;18;10;23;2000;3;1;1;1;1;7;porboutou;M;4529420;28045;240
2,02E+11;18;12;26;1340;1;1;1;1;2;586;D99;M;4526301;37072;240
2,02E+11;18;5;5;1630;1;1;1;1;6;354;Petit Barail;M;4513638;364;240
2,02E+11;18;11;2;1900;3;1;1;1;1;354;la croix grand-mиre;M;4512546;-845;240
2,02E+11;18;3;14;1940;3;1;1;1;3;252;Prends toi garde;M;4493050;120662;240
2,02E+11;18;5;20;1615;1;1;1;7;7;544;Route de l'йtang;M;4496544;115959;240
2,02E+11;18;6;13;1330;1;2;4;1;5;520;Avenue de la Dordogne;M;4487256;121046;240
2,02E+11;18;6;16;1850;1;1;2;1;2;412;les quatres routes;M;4499602;124195;240
2,02E+11;18;7;9;915;1;2;2;1;3;412;Le bourg;M;4499392;125337;240
2,02E+11;18;8;7;1630;1;2;9;1;1;520;avenue de la Dordogne;M;4487278;121089;240
2,02E+11;18;9;4;840;1;2;1;7;6;520;boulevard Arlet;M;4488792;121866;240
2,02E+11;18;9;7;1615;1;1;1;1;7;366;chemin de Fajolle;M;4489510;116053;240
2,02E+11;18;9;16;150;3;1;1;1;6;341;le Pech de la tour;M;4494817;124414;240
2,02E+11;18;10;16;30;3;1;1;5;6;587;La Fabrique;M;4484538;121493;240
2,02E+11;18;11;3;5;5;2;1;1;6;587;le port;M;4482725;122278;240
2,02E+11;18;11;7;1450;1;1;1;2;1;74;le port;M;4485175;132797;240
2,02E+11;18;12;23;1605;1;1;1;1;5;471;les tourelles;M;4489446;126183;240
2,02E+11;18;1;4;1435;1;2;1;2;6;76;D35 - LE BOURG;M;4490763;97042;240
2,02E+11;18;1;8;850;1;1;1;1;1;87;Fontgoumier;M;4488427;106967;240
2,02E+11;18;3;8;1510;1;1;1;1;1;404;D710 PK49+450;M;4501789;88011;240
2,02E+11;18;5;26;1805;1;1;1;1;1;377;Fontestйvйnie;M;4492195;87246;240
2,02E+11;18;6;2;1745;1;1;1;1;6;6;D 50;M;4482430;107133;240
2,02E+11;18;6;7;2015;1;1;1;1;7;142;Braguel;M;4484255;97634;240
2,02E+11;18;7;9;1440;1;1;1;1;1;172;les combarelles;M;4494506;104326;240
2,02E+11;18;9;1;2220;3;1;1;1;7;67;d703;M;4491254;91306;240
2,02E+11;18;10;20;725;2;1;1;1;1;404;les chaumes;M;4501045;88435;240
2,02E+11;18;11;9;1845;3;1;3;1;4;67;la peyre;M;4493741;90688;240
2,02E+11;18;12;15;630;3;1;1;1;7;87;RD 703;M;4484655;108155;240
2,02E+11;18;1;30;1550;1;2;1;1;6;547;Place Marcel Paul;M;4512990;129887;240
2,02E+11;18;4;14;1755;1;2;1;1;5;547;rue victor hugo;M;4512991;130128;240
2,02E+11;18;6;1;930;1;2;9;1;3;291;les rives;M;4505692;115246;240
2,02E+11;18;6;24;1744;1;1;6;1;3;547;D 6089;M;4513405;127400;240
2,02E+11;18;7;3;1900;1;1;1;1;5;229;la galibe;M;4512974;125559;240
2,02E+11;18;7;12;1825;1;1;1;1;1;291;Charmont;M;4508559;117606;240
2,02E+11;18;7;24;1200;1;2;1;1;3;291;D706;M;4505224;114802;240
2,02E+11;18;7;27;1740;1;1;1;1;3;547;TARNCHE;M;4511624;127702;240
2,02E+11;18;8;11;935;1;1;1;1;1;179;RD60;M;4511602;140723;240
2,02E+11;18;9;2;2130;5;2;1;1;6;547;place de la libйration;M;4512943;130459;240
2,02E+11;18;9;2;1350;1;2;1;1;6;547;82 avenue Charles de GAU;M;4512870;130797;240
2,02E+11;18;9;24;730;1;2;1;1;6;229;Avenue de BRIVE;M;4512931;122741;240
2,02E+11;18;10;4;901;1;2;1;1;6;547;avenue de brive;M;4512966;130378;240
2,02E+11;18;10;2;2230;3;2;1;1;6;14;le bourg;M;4508259;119198;240
2,02E+11;18;12;16;1100;1;1;1;5;6;291;rue de la libertй;M;4506589;116092;240
2,02E+11;18;12;31;1707;2;1;1;1;6;323;D626 - PK 47 + 700;M;4411530;-61711;400
2,02E+11;18;3;3;1640;1;1;1;1;6;297;C1;M;4411913;-50810;400
2,02E+11;18;5;14;1245;1;1;1;2;3;234;D 932 - PK 22+900;M;4400649;-35669;400
2,02E+11;18;8;21;1200;1;2;3;1;3;274;route de mont de marsan;M;4392839;-63963;400
2,02E+11;18;10;31;1720;2;1;1;2;6;135;D626;M;4410179;-52931;400
2,02E+11;18;12;21;1640;1;1;1;1;6;262;D323;M;4405371;-24382;400
2,02E+11;18;4;13;1850;1;1;1;1;6;124;RN 524- LIEU DIT LE BRAQ;M;4401542;-2162;400
2,02E+11;18;4;24;840;1;1;1;1;6;96;D.933 PK 17.261;M;4402566;-12053;400
2,02E+11;18;5;9;1530;1;1;1;1;1;267;Route dйpartementale 933;M;4399249;-21492;400
2,02E+11;18;8;9;600;2;1;1;1;6;267;D 626 - PR15;M;4402902;-29885;400
2,02E+11;18;8;11;910;1;2;1;1;3;161;D933 PK 5300;M;4411573;-1663;400
2,02E+11;18;9;25;1100;1;1;2;1;3;259;route dйpartementale 934;M;4383230;-30406;400
2,02E+11;18;9;27;720;3;1;1;1;6;331;Avenue de l'armagnac;M;4389198;-30454;400
2,02E+11;18;12;3;1418;1;1;9;2;3;51;D1;M;4388492;-37099;400
2,02E+11;18;9;11;1240;1;2;1;1;6;157;64 avenue du marensin;M;4403206;-125688;400
2,02E+11;18;4;4;1355;1;1;1;1;6;183;cd 947;M;4367532;-97783;400
2,02E+11;18;4;20;1350;1;1;1;1;3;269;RD 33;M;4360382;-115554;400
2,02E+11;18;4;22;450;3;1;1;1;6;316;route d'orthez;M;4357274;-83080;400
2,02E+11;18;5;8;1715;1;1;1;1;6;233;1625 route de LABATUT;M;4358438;-100962;400
2,02E+11;18;8;4;500;3;1;1;1;6;212;RD 817 PK 20;M;4356077;-115911;400
2,02E+11;18;9;10;845;1;1;1;1;1;95;88 route de pouillon;M;4361337;-92668;400
2,02E+11;18;10;9;1434;1;1;1;1;5;183;ROUTE DE DAX CD 947;M;4366164;-96074;400
2,02E+11;18;10;13;1700;1;2;1;1;6;269;501 route de PEYREHORADE;M;4360979;-112923;400
2,02E+11;18;11;15;1645;1;1;3;1;3;77;RD 817;M;4354451;-107648;400
2,02E+11;18;2;19;1140;1;2;9;2;3;187;30 rue Saint Vincent de;M;4385092;-135100;400
2,02E+11;18;4;18;804;1;2;1;1;6;284;RD810;M;4365949;-130825;400
2,02E+11;18;5;3;1100;1;2;1;1;1;310;allйe des palombiиres;M;4375034;-135006;400
2,02E+11;18;5;7;1815;1;2;3;1;3;284;D810/Avenue du Maysouot;M;4366248;-129706;400
2,02E+11;18;6;9;2315;5;2;1;1;6;187;avenue de l'ocйan;M;4385172;-137691;400
2,02E+11;18;6;15;1815;1;2;1;2;3;284;5  Rue du Bardot;M;4365814;-130588;400
2,02E+11;18;8;2;1900;1;1;1;1;5;168;Route dйpartementale 16 ;M;4380592;-124200;400
2,02E+11;18;8;4;620;3;1;1;1;6;310;"RD 17 - Lieu dit ""Loppou";M;4372793;-128097;400
2,02E+11;18;8;17;930;1;1;9;1;1;181;D 50;M;4379847;-135133;400
2,02E+11;18;9;3;1830;1;1;1;1;1;264;D12;M;4361451;-127104;400
2,02E+11;18;9;14;1145;1;1;1;1;3;284;route de marron;M;4365581;-130106;400
2,02E+11;18;10;13;1345;1;2;3;7;3;292;Route du Bastot  carrefo;M;4361069;-131399;400
2,02E+11;18;11;10;1740;2;2;6;1;3;284;rue des compagnons et ru;M;4366707;-128206;400
2,02E+11;18;3;17;1700;1;1;1;1;1;248;route de St Martin de Se;M;4355558;-136405;400
2,02E+11;18;5;1;2240;3;1;1;1;6;312;rd810;M;4351714;-146533;400
2,02E+11;18;6;8;1700;1;1;3;1;6;44;D817/Allйe de Preuilh;M;4355402;-131455;400
2,02E+11;18;8;5;2245;3;1;1;1;6;272;D 12 route de Maremne;M;4358327;-126612;400
2,02E+11;18;8;19;1340;1;2;1;1;3;42;D817;M;4356009;-127308;400
2,02E+11;18;8;31;1815;1;2;1;1;3;312;RD810;M;4353441;-146096;400
2,02E+11;18;9;11;1640;1;2;9;1;3;209;avenue du 11 novembre 19;M;4356395;-144581;400
2,02E+11;18;9;17;2315;3;1;6;8;7;312;rd85;M;4353059;-142273;400
2,02E+11;18;11;16;1725;1;2;2;1;3;209;avenue du 11 novembre 19;M;4356656;-144389;400
2,02E+11;18;11;19;430;5;2;1;9;6;209;avenue du 11 novembre 19;M;4355989;-145082;400
2,02E+11;18;1;29;1000;1;2;3;1;6;46;Avenue Alphonse Daudet;M;4439818;-116288;400
2,02E+11;18;4;29;900;1;1;3;1;3;46;D652  route de Bordeaux ;M;4445197;-110750;400
2,02E+11;18;5;11;1715;1;1;1;1;7;332;Route de la Bourruque;M;4435818;-98060;400
2,02E+11;18;6;3;2015;1;2;1;1;6;46;429 rue de Caillaou;M;4437830;-115895;400
2,02E+11;18;8;2;745;2;1;1;1;2;217;D652;M;4444085;-119181;400
2,02E+11;18;8;9;1130;1;1;1;1;3;217;D 652;M;4434447;-108154;400
2,02E+11;18;8;19;530;3;1;1;1;7;46;CD146;M;4442184;-120577;400
2,02E+11;18;10;7;400;5;2;1;3;6;46;21 avenue de Caupos;M;4440045;-116221;400
2,02E+11;18;10;17;1945;2;1;1;1;6;217;Route du Mouliиs;M;4437846;-105179;400
2,02E+11;18;3;10;1525;1;1;1;1;6;303;RD44 PR31+274;M;4414761;-86080;400
2,02E+11;18;5;12;645;1;1;1;3;6;333;route de Geloux;M;4398723;-70390;400
2,02E+11;18;6;26;1030;1;1;1;1;6;163;RD626;M;4423601;-100145;400
2,02E+11;18;10;5;1600;1;1;1;1;3;333;RD 38 -;M;4399223;-70297;400
2,02E+11;18;12;17;1640;1;1;6;1;3;152;D41;M;4397259;-106456;400
2,02E+11;18;3;26;730;2;1;1;2;5;128;CD 933S;M;4368976;-58154;400
2,02E+11;18;4;21;1930;2;1;1;1;6;20;route de leyseres;M;4381347;-58265;400
2,02E+11;18;4;27;1345;1;1;2;1;3;20;Carrefour D 924 - Route;M;4377984;-60724;400
2,02E+11;18;8;8;2235;5;2;3;2;6;282;rue Louis Sentex;M;4376070;-57270;400
2,02E+11;18;9;30;1930;2;2;1;1;1;119;D933s;M;4365924;-60243;400
2,02E+11;18;2;23;1920;5;2;3;1;3;117;26 rue Renй Vielle;M;4377277;-42795;400
2,02E+11;18;5;10;825;1;1;2;8;3;97;RD11/route des baignauts;M;4368884;-38344;400
2,02E+11;18;5;21;1500;1;1;1;1;5;55;dйpartementale 824;M;4385536;-48163;400
2,02E+11;18;5;30;1400;1;1;1;1;6;72;route de samadet;M;4364367;-41019;400
2,02E+11;18;6;30;1505;1;2;1;1;1;1;Avenue des Pyrйnйes;M;4370087;-26884;400
2,02E+11;18;8;14;410;3;1;1;1;6;1;Dйpartementale 2  PK 51 ;M;4368581;-28586;400
2,02E+11;18;10;22;925;1;1;1;1;2;37;route de Lalande  D321;M;4384376;-50156;400
2,02E+11;18;11;1;630;3;1;1;1;6;1;route du Houga;M;4373282;-21249;400
2,02E+11;18;11;4;1040;1;1;1;7;1;185;Dйpartementale 11  Pk 60;M;4359360;-32153;400
2,02E+11;18;12;13;1050;1;2;1;3;6;1;27  RUE DE LA COMETE;M;4370615;-26193;400
2,02E+11;18;4;3;1720;1;1;3;1;3;104;Route de la chalosse;M;4372733;-86150;400
2,02E+11;18;7;14;1000;1;1;1;1;6;216;D107;M;4367333;-87600;400
2,02E+11;18;8;26;2010;2;2;3;1;3;228;Avenue de la course land;M;4362823;-82802;400
2,02E+11;18;9;20;2110;3;1;1;1;1;84;CD 15;M;4365239;-92621;400