Num_Acc;an;mois;jour;hrmn;lum;agg;int;atm;col;com;adr;gps;lat;long;dep
2,02E+11;18;4;13;1530;1;2;6;1;6;78;avenue de la rйpublique;M;4525581;469604;70
2,02E+11;18;4;30;720;2;2;6;1;6;10;25 avenue Jean Joseph BE;M;4525021;466962;70
2,02E+11;18;5;31;1545;1;2;1;1;3;197;RD 578;M;4522105;465312;70
2,02E+11;18;7;6;2050;1;2;1;1;6;10;15 avenue Rhin et Danube;M;;;70
2,02E+11;18;7;13;1020;1;1;1;1;1;197;D578A;M;4521159;465987;70
2,02E+11;18;7;13;1810;1;1;1;1;7;258;D121;M;4515491;447328;70
2,02E+11;18;7;14;900;1;1;8;1;3;143;rd86;M;4535099;475710;70
2,02E+11;18;7;28;1425;1;1;1;1;7;197;D578A;M;4521969;466747;70
2,02E+11;18;7;27;1035;1;1;1;1;6;344;dйpartementale 342;M;4532291;469603;70
2,02E+11;18;12;16;1720;2;2;1;2;1;10;rue du quebec;M;4524782;467842;70
2,02E+11;18;1;26;1225;1;1;1;4;1;52;D533 lieu dit le bвtimen;M;4494154;475159;70
2,02E+11;18;3;15;1800;2;2;1;1;1;216;RD533 centre bourg;M;4496283;463331;70
2,02E+11;18;4;19;636;1;1;1;1;6;129;RD 578;M;4497799;456588;70
2,02E+11;18;4;20;1412;1;1;1;1;6;338;D2;M;4493026;461661;70
2,02E+11;18;5;7;1430;1;1;1;1;6;338;d14;M;4490606;466997;70
2,02E+11;18;5;29;1138;1;1;1;1;1;216;d 238;M;4496820;464133;70
2,02E+11;18;6;9;1645;1;1;1;1;1;129;RD533 PK23+700 - les bru;M;4498720;460790;70
2,02E+11;18;7;7;1116;1;1;9;7;2;218;RD578;M;4496077;454366;70
2,02E+11;18;7;22;1935;1;1;9;1;2;7;RD 533;M;4492836;477248;70
2,02E+11;18;8;16;1515;1;2;1;1;7;129;avenue victor descours;M;4498682;458313;70
2,02E+11;18;9;22;1850;1;1;1;1;3;73;d 534;M;4501053;463643;70
2,02E+11;18;10;11;1610;1;1;1;1;3;52;RD 533 col de leyrisse;M;4493849;475808;70
2,02E+11;18;10;13;2315;3;1;1;1;6;129;D533;M;4498264;459143;70
2,02E+11;18;10;15;1805;1;1;1;2;2;338;hameau de mirabelle;M;4491476;465124;70
2,02E+11;18;11;1;900;1;1;1;2;7;52;Col de leyrisse;M;4493830;475954;70
2,02E+11;18;1;1;2230;5;1;1;2;3;64;CD 578 - PR 63 + 32;M;4490220;442147;70
2,02E+11;18;1;10;755;2;1;1;2;7;108;Route dйpartementale 120;M;4492241;439346;70
2,02E+11;18;1;10;1830;3;1;1;8;7;80;Menabrut;M;4504210;439034;70
2,02E+11;18;3;5;1715;1;1;1;2;7;108;D 120;M;4492293;440169;70
2,02E+11;18;3;10;1600;1;2;1;2;6;204;RD 120A bis;M;4500992;441868;70
2,02E+11;18;3;24;1620;1;1;1;1;7;269;RD 120 - Lieu-dit Taussa;M;4495221;436138;70
2,02E+11;18;4;27;1750;1;1;1;1;6;267;D 237 - PR 17+600;M;4485988;425032;70
2,02E+11;18;5;9;1130;1;1;9;1;1;64;D578 lieu dit la couarde;M;4491642;444856;70
2,02E+11;18;5;26;745;1;1;1;1;6;239;D 409a  hameau les rabas;M;4484428;442436;70
2,02E+11;18;5;9;1235;1;1;1;1;2;80;D9 lieu dit le graille;M;4504763;440510;70
2,02E+11;18;6;23;1150;1;1;1;1;7;114;Dйpartementale 228;M;4503169;449434;70
2,02E+11;18;7;4;1910;1;1;1;1;6;82;Lieu-dit LA CHAISE;M;4486162;436167;70
2,02E+11;18;7;18;1445;1;2;1;1;6;204;Lichessol;M;4498454;442624;70
2,02E+11;18;7;19;1530;1;2;1;1;2;204;Lichessol;M;4498449;442608;70
2,02E+11;18;8;18;1120;1;1;1;1;1;64;RD 120 - Z.I LA PALISSE;M;4491282;443214;70
2,02E+11;18;8;26;1215;1;1;1;1;3;204;"Lieu dit ""Le pontet""";M;4499037;441757;70
2,02E+11;18;9;1;1600;1;2;1;1;6;215;Burianne;M;4489026;446907;70
2,02E+11;18;9;22;1300;1;1;1;1;7;220;Lieu dit Echarlives  D27;M;4486596;443122;70
2,02E+11;18;10;5;1800;1;1;1;1;6;82;Lieu Dit La Chaise - RD;M;4486162;436167;70
2,02E+11;18;10;31;1955;5;2;1;3;6;222;Le Village;M;4492511;445225;70
2,02E+11;18;12;17;1845;3;1;1;1;6;54;D278 LE MOUNEYRON;M;4494333;434303;70
2,02E+11;18;1;6;1400;1;1;1;1;1;188;578;M;4520059;468005;70
2,02E+11;18;5;1;2230;3;1;1;2;7;309;perret;M;4514370;459386;70
2,02E+11;18;7;18;630;2;1;1;1;6;301;D 532 Lieu dit La Plaine;M;4511230;469907;70
2,02E+11;18;11;15;2040;3;1;1;1;6;205;route du cabaret neuf D;M;4518246;463954;70
2,02E+11;18;2;9;1525;1;1;1;8;3;119;La Cote;M;4554625;27220;160
2,02E+11;18;2;16;615;3;1;1;2;6;263;Le Champ des Murailles;M;4552767;10632;160
2,02E+11;18;2;26;1427;1;1;1;1;6;287;;M;4554912;1919;160
2,02E+11;18;3;15;1610;1;1;1;2;6;101;Chez Dorgnion;M;4555226;6746;160
2,02E+11;18;4;20;1150;1;2;1;1;6;287;Chez Thibaud;M;4556074;57;160
2,02E+11;18;5;11;817;1;1;4;1;3;198;Pont Maubras;M;4551470;26258;160
2,02E+11;18;6;17;1630;1;1;3;1;7;47;"""le mas""";M;4548512;30354;160
2,02E+11;18;6;19;2040;2;1;1;1;3;143;Le Bois du Roc;M;4550891;19772;160
2,02E+11;18;7;1;1015;1;1;2;1;3;263;lieu dit la croix chamai;M;4553056;4067;160
2,02E+11;18;7;28;1500;1;1;1;1;6;21;Bel air;M;4548732;991;160
2,02E+11;18;8;24;1055;1;2;1;1;6;418;29 rue de Montmoreau;M;4558452;15412;160
2,02E+11;18;8;30;2230;3;1;1;1;6;236;Lieu-dit Les Rentes;M;4557553;12215;160
2,02E+11;18;9;4;700;1;1;1;1;6;47;;M;4547817;30583;160
2,02E+11;18;9;8;2;3;1;1;1;7;287;LD La Font de Frкne;M;4559899;7302;160
2,02E+11;18;10;21;305;3;1;1;1;2;175;LD Le Plantis;M;4553179;-5620;160
2,02E+11;18;10;29;1835;5;1;2;1;3;101;Ld La Croix Debaud;M;4553878;3853;160
2,02E+11;18;10;30;1020;1;1;1;8;7;125;;M;4548473;35347;160
2,02E+11;18;1;5;726;3;1;3;2;3;347;Les Platanes;M;4527767;13681;160
2,02E+11;18;1;26;2200;3;1;1;1;6;180;D2 La Brandiniиre;M;4526635;18370;160
2,02E+11;18;3;23;1820;2;1;4;2;1;350;LA JARRIGE;M;4532609;24726;160
2,02E+11;18;5;13;900;1;1;1;1;6;34;LE FOUR А CHAUX;M;4522646;3571;160
2,02E+11;18;6;25;910;1;1;3;7;3;73;;M;4526016;4134;160
2,02E+11;18;9;12;1515;1;1;1;1;7;49;Ld Roumagou;M;4524692;14904;160
2,02E+11;18;12;1;45;3;1;1;5;6;4;;M;4543485;14136;160
2,02E+11;18;1;25;1815;3;2;2;2;3;280;Chez Salot;M;4574979;35299;160
2,02E+11;18;2;21;1555;1;1;6;1;2;379;le lac des Chameaux;M;4578861;41803;160
2,02E+11;18;7;4;1445;1;1;1;4;3;422;le bourg;M;4560504;35978;160
2,02E+11;18;7;20;1210;1;1;1;1;3;344;;M;4573144;33546;160
2,02E+11;18;9;28;1700;1;1;1;1;6;67;Ld MONTGOUMARD;M;4570176;33502;160
2,02E+11;18;11;10;1825;3;1;1;3;6;250;lieu-dit PUYMIREAUX;M;4569568;49101;160
2,02E+11;18;11;18;1445;1;2;1;1;3;223;Agglo de l'Arbre;M;4573780;54036;160
2,02E+11;18;12;13;2025;5;2;6;1;3;93;Le bourg;M;4564724;36643;160
2,02E+11;18;12;19;1400;1;1;1;1;6;368;Le Bois e la Bergerie;M;4558879;33789;160
2,02E+11;18;8;28;2146;3;1;1;6;6;380;;M;4540226;-20211;160
2,02E+11;18;8;31;1655;1;1;1;1;2;247;PK 75+400;M;4552216;-9109;160
2,02E+11;18;10;17;1900;3;1;2;1;3;360;le Maine a Joubert;M;4545338;-12708;160
2,02E+11;18;11;20;2015;3;1;1;1;2;177;LD Le Pontil;M;4552417;-6922;160
2,02E+11;18;12;10;1800;3;1;2;1;6;30;Ld Les Raisinettes;M;4548259;-17950;160
2,02E+11;18;12;18;1910;3;1;3;3;3;301;;M;4542559;-5601;160
2,02E+11;18;4;24;1940;2;2;4;1;6;277;;M;4573195;-23641;160
2,02E+11;18;6;24;340;3;2;1;1;6;216;Traverse de Bourras;M;4569114;-9471;160
2,02E+11;18;8;14;1345;1;2;1;1;6;167;avenue de l'Europe;M;4568586;-16763;160
2,02E+11;18;9;30;115;5;2;1;1;6;167;28 route de julienne;M;4568318;-18491;160
2,02E+11;18;10;23;1658;1;1;1;1;1;320;Ld Les Coudrasses;M;4576063;-49;160
2,02E+11;18;10;25;2110;3;1;1;1;6;216;Bourras;M;4568905;-8317;160
2,02E+11;18;11;10;1800;5;2;1;3;6;88;;M;4570643;-20089;160
2,02E+11;18;11;30;1515;1;2;6;1;6;286;;M;4577680;-5920;160
2,02E+11;18;1;10;2300;3;1;1;1;7;337;le Bourgnaud;M;4597162;73586;160
2,02E+11;18;1;27;110;5;2;1;1;6;106;rue des butes;M;4601326;67456;160
2,02E+11;18;2;18;1730;2;1;1;1;1;259;le clos du rateau;M;4587606;63719;160
2,02E+11;18;2;26;1630;1;2;1;1;6;106;Rue ST Barthelemy;M;4601820;66881;160
2,02E+11;18;4;6;1500;1;1;1;1;2;337;la Courtaudie;M;4597279;68993;160
2,02E+11;18;5;7;1900;1;1;1;1;1;181;Le Pre Meunier;M;4607370;66954;160
2,02E+11;18;5;21;1940;1;1;1;1;3;182;le Pigeasserie;M;4600210;80899;160
2,02E+11;18;5;29;410;3;1;1;1;6;65;LD La Folie;M;4607917;75451;160
2,02E+11;18;6;26;1930;1;1;1;7;6;1;La Cavaille;M;4607103;69588;160
2,02E+11;18;8;3;1315;1;2;1;1;6;70;rue du colonel Bernard;M;4586998;71663;160
2,02E+11;18;8;21;1530;1;1;1;1;6;106;Les Pres St Georges;M;4602195;65662;160
2,02E+11;18;10;19;2305;3;1;2;1;3;100;carrefour D59 et D166;M;4594075;64485;160
2,02E+11;18;11;7;1245;1;1;3;2;3;363;LD Moulin de Tatevin;M;4596038;77253;160
2,02E+11;18;2;18;300;4;2;1;5;6;206;rue des Bouviers;M;4587659;16812;160
2,02E+11;18;6;6;1820;1;2;3;8;3;393;7 Rue principale;M;4576122;12587;160
2,02E+11;18;6;6;2015;1;1;2;1;3;392;les Mottes;M;4589744;30527;160
2,02E+11;18;7;10;1450;1;1;1;1;2;191;Les Maisons Rouges;M;4593974;19926;160
2,02E+11;18;7;29;715;1;1;1;1;6;412;chemin de Puyperoux;M;4579880;17700;160
2,02E+11;18;8;27;2100;3;1;1;1;6;419;1071 chemin de Tousogne;M;4579989;7565;160
2,02E+11;18;10;10;2020;5;2;1;3;6;206;Les Chenevieres;M;4587651;16827;160
2,02E+11;18;11;10;1055;1;1;1;3;2;11;;M;4576095;19288;160
2,02E+11;18;2;21;1126;1;1;1;1;1;85;Ld Russas;M;4579732;49700;160
2,02E+11;18;2;21;1320;1;1;2;1;3;308;Maison Rouge;M;4588174;46981;160
2,02E+11;18;5;31;845;1;2;1;1;4;375;;M;4585014;50259;160
2,02E+11;18;7;10;1245;1;1;1;1;7;336;Les Chabrolles;M;4582932;40432;160
2,02E+11;18;8;2;1815;1;1;1;1;6;398;Les Terres de chez Ruban;M;4578814;69917;160
2,02E+11;18;8;10;950;1;1;1;1;6;282;Les Chaumes;M;4578465;29578;160
2,02E+11;18;10;4;1750;1;2;7;1;6;85;Place du champs de foire;M;4582457;45141;160
2,02E+11;18;11;28;1525;1;1;1;8;2;85;LD Jardenat;M;4582424;44139;160
2,02E+11;18;12;10;1500;1;1;1;1;2;85;RN 141 PK 34+376;M;4582424;44139;160
2,02E+11;18;12;17;900;1;1;2;1;3;195;Ld La Taize;M;4586659;46561;160
2,02E+11;18;1;12;1700;1;1;1;1;6;76;Ld Bellevue;M;4597925;41509;160
2,02E+11;18;6;7;1425;1;1;1;1;1;310;;M;4601851;43694;160
2,02E+11;18;6;14;1830;1;1;3;1;2;38;;M;4603398;45735;160
2,02E+11;18;6;30;930;1;1;1;1;6;2;;M;4607026;19741;160
2,02E+11;18;9;21;755;2;1;3;1;3;292;route de Sauze Vaussйe;M;4603408;18009;160
2,02E+11;18;9;28;1610;1;1;2;1;2;400;D26;M;4599488;21679;160
2,02E+11;18;10;19;150;3;1;1;1;7;268;LD Grand Moulin;M;4596990;27648;160
2,02E+11;18;11;16;1645;2;2;1;7;6;292;47 Route d'Aigre;M;4602272;19301;160
2,02E+11;18;12;24;1340;1;1;2;8;3;31;Ld Les Cassettes;M;4599682;25493;160
2,02E+11;18;1;7;550;3;1;1;2;6;139;;M;4679282;146259;360
2,02E+11;18;3;29;2235;3;1;1;1;6;193;LIEU DIT OINCE;M;4687340;136643;360
2,02E+11;18;4;3;1000;1;1;1;1;3;194;LIEU DIT BRISE PAILLE;M;4691330;132712;360
2,02E+11;18;7;12;515;2;1;1;1;6;55;LIEU DIT MAISON CARREAU;M;4698442;114062;360
2,02E+11;18;8;30;1405;1;1;1;1;1;241;;M;4686564;149144;360
2,02E+11;18;9;6;1550;1;1;2;1;3;31;LD LE GRAND CHAVENTON;M;4685000;140891;360
2,02E+11;18;11;15;1930;5;2;1;1;3;194;Rue de Touraine;M;4692995;133843;360
2,02E+11;18;5;25;1235;1;1;1;1;6;88;LD LES MAISONS NEUVES;M;4693999;202306;360
2,02E+11;18;7;12;1301;1;2;1;1;3;88;RUE ROBERT MARECHAL;M;4695760;200677;360
2,02E+11;18;8;6;1345;1;1;1;1;1;195;;M;4698358;208747;360
2,02E+11;18;9;12;1210;1;1;1;1;7;83;LIEU DIT L'HERBAY;M;4708270;188837;360
2,02E+11;18;11;21;835;1;1;2;9;2;190;LIEU DIT ABLENAY;M;4683099;186265;360
2,02E+11;18;1;11;1750;3;1;2;2;3;146;ROUTE DE CLUIS;M;4651160;169571;360
2,02E+11;18;4;20;1700;1;1;3;1;3;236;RD 951B;M;4663220;215768;360
2,02E+11;18;7;3;705;1;1;2;1;3;127;LIEU DIT SAINTONGE;M;4660370;199649;360
2,02E+11;18;8;12;1000;1;1;1;1;7;143;ROUTE DE SARZAY;M;4662571;196960;360
2,02E+11;18;8;24;1115;1;1;2;1;3;17;;M;4673440;204565;360
2,02E+11;18;10;11;1040;1;1;1;7;6;126;LIEU DIT LE POTAVET;M;4646700;174194;360
2,02E+11;18;11;5;1430;1;1;1;1;6;1;LIEU DIT LE VERRET;M;4644082;186882;360
2,02E+11;18;12;17;1845;3;1;1;1;1;146;;M;4652264;170124;360
2,02E+11;18;5;2;1745;1;1;2;1;3;112;;M;4679860;191243;360
2,02E+11;18;6;30;1800;1;2;1;1;7;5;17 RUE GRANDS BUISSONS;M;4673960;182067;360
2,02E+11;18;7;24;1920;1;1;3;1;1;30;;M;4661656;177685;360
2,02E+11;18;10;12;1740;1;2;1;1;6;78;;M;4656213;187105;360
2,02E+11;18;10;28;1738;2;1;9;3;3;30;RD990;M;4663495;175774;360
2,02E+11;18;3;25;1640;1;2;1;1;3;18;RUE AMIRAL BARJOT;M;4662717;108672;360
2,02E+11;18;7;31;100;3;1;1;1;6;18;RD27;M;4665874;112851;360
2,02E+11;18;11;5;1711;1;1;1;2;7;18;D10;M;4661849;111160;360
2,02E+11;18;11;10;1200;1;1;1;2;6;168;LE MOULIN  DRAP;M;4653676;130864;360
2,02E+11;18;11;19;1530;1;1;1;1;1;176;;M;4661291;120158;360
2,02E+11;18;6;1;1415;1;1;1;1;3;42;;M;4666740;147833;360
2,02E+11;18;6;28;925;1;2;1;1;6;81;LE BOURG;M;4651370;159807;360
2,02E+11;18;7;29;1300;1;2;1;1;3;12;MONTCOCU 20 ROCHE DU RIS;M;4647244;159284;360
2,02E+11;18;8;5;800;1;1;1;1;3;231;LIEU DIT MORTAIGUES;M;4673706;166794;360
2,02E+11;18;8;18;1030;1;1;1;7;7;49;LIEU DIT CHAMBORD;M;4651113;142478;360
2,02E+11;18;9;1;200;3;1;1;1;1;154;D927E;M;4659172;154749;360
2,02E+11;18;9;2;900;1;1;1;1;1;62;;M;4648080;161402;360
2,02E+11;18;12;4;2340;3;1;1;2;6;101;;M;4671015;158506;360
2,02E+11;18;12;7;1430;1;1;1;3;1;134;;M;4640140;146577;360
2,02E+11;18;2;3;235;3;1;1;1;6;278;D17 PR4+500;M;4802062;420768;100
2,02E+11;18;7;10;947;1;1;1;1;3;140;N77;M;4809496;386129;100
2,02E+11;18;7;10;1729;1;1;1;1;1;425;RN77;M;4816159;402386;100
2,02E+11;18;7;29;1545;1;2;1;1;6;98;5 rue de la chapelle  ha;M;4797891;407594;100
2,02E+11;18;9;6;745;1;1;1;1;6;80;RD 17;M;4805485;413973;100
2,02E+11;18;9;11;1700;1;1;1;1;7;198;D188;M;4815720;402715;100
2,02E+11;18;10;13;2345;3;1;1;1;6;99;rue des lames - hameau m;M;4801737;394421;100
2,02E+11;18;11;9;810;1;2;2;1;1;373;carrefour rue Ymont et r;M;4820625;399551;100
2,02E+11;18;12;28;45;3;1;1;5;1;425;RN 77;M;4817231;401534;100
2,02E+11;18;5;20;2315;3;1;1;1;7;287;Dйpartementale 960;M;4835856;429176;100
2,02E+11;18;6;20;2330;3;1;1;1;7;162;grande rue;M;4821183;422831;100
2,02E+11;18;6;23;2025;1;1;1;1;1;375;Dйpartementale 619;M;4828657;416401;100
2,02E+11;18;7;10;730;1;1;2;1;1;249;Dйpartementale 619;M;4823931;429859;100
2,02E+11;18;8;1;1400;1;1;1;1;5;332;Dйpartementale 619;M;4828111;418423;100
2,02E+11;18;8;23;2345;3;1;1;1;6;255;RD 143;M;4821579;428606;100
2,02E+11;18;3;1;443;3;1;1;4;1;126;PK108+700;M;4827134;463412;100
2,02E+11;18;4;28;1350;1;1;1;1;6;113;D4;M;4820778;466033;100
2,02E+11;18;6;1;1920;1;1;3;7;3;126;D 619;M;4826651;460852;100
2,02E+11;18;7;30;1720;1;2;7;7;3;401;Place de la mairie;M;4823770;446563;100
2,02E+11;18;9;8;1635;1;1;1;1;6;76;D 12;M;4813990;467567;100
2,02E+11;18;9;29;1200;1;1;1;1;3;33;Chemin de Fontaine;M;4821553;470607;100
2,02E+11;18;10;22;1345;1;1;1;1;7;113;D201;M;4819803;466431;100
2,02E+11;18;10;31;1109;1;1;1;1;3;32;RD 396;M;4816792;477534;100
2,02E+11;18;12;15;443;5;2;1;1;7;401;5 avenue de l'armйe Lecl;M;4823746;446450;100
2,02E+11;18;2;12;930;1;2;2;1;3;170;route dйpartementale 70;M;4802842;443069;100
2,02E+11;18;3;25;1300;1;2;3;1;5;358;boulevard Franзois Mothr;M;4816674;422410;100
2,02E+11;18;4;21;2330;3;1;1;1;7;418;Route dйpartementale D44;M;4808297;428817;100
2,02E+11;18;6;4;1600;1;1;1;1;6;119;route dйpartementale 67;M;4804449;467010;100
2,02E+11;18;6;12;1500;1;1;1;1;6;199;chemin de gogo;M;4806304;451024;100
2,02E+11;18;6;30;1905;1;1;1;1;7;45;RD 135;M;4817653;445580;100
2,02E+11;18;7;3;1845;1;2;1;1;7;55;Rue du gravely;M;4813002;435782;100
2,02E+11;18;7;11;345;5;2;1;1;6;437;rue roger dossot;M;4813311;433121;100
2,02E+11;18;7;16;1425;1;2;1;1;7;34;45 avenue Paul Portier;M;4811389;437684;100
2,02E+11;18;7;21;1629;1;2;1;1;6;317;35 rue du gйnйral De Gau;M;4799196;436548;100
2,02E+11;18;7;29;230;3;1;1;1;7;34;RD671;M;4812428;436581;100
2,02E+11;18;8;9;1600;1;1;1;1;1;213;Route Dйpartementale 433;M;4816815;442177;100
2,02E+11;18;10;18;715;2;1;1;5;1;399;D671;M;4817951;420274;100
2,02E+11;18;10;25;650;5;2;2;1;1;399;route Dйpartementale 185;M;4817930;419644;100
2,02E+11;18;11;6;2030;5;2;1;1;6;432;11 grande rue;M;4806325;425108;100
2,02E+11;18;11;19;1150;1;2;1;1;5;34;Faubourg de champagne;M;4811493;437638;100
2,02E+11;18;12;9;700;2;1;3;2;7;232;D167;M;4808681;440099;100
2,02E+11;18;12;21;2015;5;2;1;3;6;261;RD 671;M;4798285;449638;100
2,02E+11;18;7;8;1930;1;2;1;1;1;193;avenue Patton;M;4842692;440998;100
2,02E+11;18;10;25;1445;1;1;3;1;3;345;RD 396/RD124;M;4841233;452116;100
2,02E+11;18;12;7;1611;2;1;2;3;3;345;D396 intersection D124;M;4841228;452121;100
2,02E+11;18;3;6;1900;2;2;1;1;7;370;CD 52;M;4839844;349674;100
2,02E+11;18;3;7;1250;1;1;2;2;3;231;d619/d40;M;4850853;343327;100
2,02E+11;18;3;12;2205;3;1;1;1;6;106;RD951;M;4845907;341130;100
2,02E+11;18;3;25;2125;3;1;1;1;7;31;Dйpartementale 52;M;4857656;356797;100
2,02E+11;18;5;7;800;1;1;1;1;1;231;RD 619;M;4851056;344169;100
2,02E+11;18;6;11;530;2;2;1;1;1;298;D52;M;4850903;360499;100
2,02E+11;18;6;10;2000;1;1;1;1;7;308;chemin communal lieu dit;M;4834030;378554;100
2,02E+11;18;6;23;1850;1;1;1;1;3;291;RD 52;M;4857578;358280;100
2,02E+11;18;8;3;530;3;1;1;1;6;420;RD 951;M;4859427;354766;100
2,02E+11;18;8;12;130;5;2;1;1;6;298;D619;M;4850931;359620;100
2,02E+11;18;9;9;1445;1;1;1;1;7;298;D52;M;4852828;359586;100
2,02E+11;18;2;19;1050;1;1;1;1;6;392;RD619;M;4846977;388300;100
2,02E+11;18;2;21;130;5;2;1;1;6;151;RD619;M;4842329;391893;100
2,02E+11;18;3;11;1930;3;2;6;1;6;323;avenue philippe Seguin;M;4851546;374080;100
2,02E+11;18;3;13;1245;1;2;1;1;7;144;RD 373;M;4856172;386988;100
2,02E+11;18;4;6;1315;1;1;1;1;6;75;D 98;M;4862043;403775;100
2,02E+11;18;4;6;2110;2;1;1;1;2;52;d 134;M;4859371;392148;100
2,02E+11;18;4;18;2325;5;2;3;1;6;341;8 Route de paris;M;4851612;365309;100
2,02E+11;18;4;19;930;1;2;2;7;3;323;rue pierre brossolette;M;4850955;372435;100
2,02E+11;18;5;15;1655;1;2;4;1;1;280;42 Route nationale;M;4848942;373214;100
2,02E+11;18;5;25;1545;1;2;9;1;2;323;118 rue aristide briand;M;4851089;371494;100
2,02E+11;18;6;6;2250;3;1;1;8;6;271;RD 96;M;4846285;377921;100
2,02E+11;18;7;8;1910;1;1;1;1;3;323;D440;M;4851057;372573;100
2,02E+11;18;7;11;1557;1;2;8;1;3;368;D159;M;4840761;394826;100
2,02E+11;18;7;20;1410;1;2;1;1;6;323;214 rue Emile Zola;M;4849871;372932;100
2,02E+11;18;7;31;1640;1;1;4;1;7;351;D 33;M;4844801;371302;100
2,02E+11;18;11;23;1950;2;1;1;3;6;233;D7;M;4851903;391202;100
2,02E+11;18;12;31;1825;3;1;1;1;6;220;route dйpartementale 619;M;4850051;380101;100
2,02E+11;18;3;12;1525;1;1;1;1;6;241;LE FANGEAS;M;4496550;384444;430
2,02E+11;18;3;29;1300;1;1;1;1;6;84;;M;4497360;386826;430
2,02E+11;18;4;22;1750;1;1;1;1;6;45;LIEU-DIT CLARY;M;4503050;384601;430
2,02E+11;18;4;24;2300;5;2;1;1;6;77;;M;4488960;384804;430
2,02E+11;18;4;28;320;3;1;1;1;7;42;LIEU-DIT LES PRADES;M;4494800;382212;430
2,02E+11;18;5;5;1825;1;1;1;1;1;154;;M;4477450;386861;430
2,02E+11;18;5;11;1630;1;1;1;1;3;42;LE BOURG;;;;430
2,02E+11;18;8;15;1045;1;1;3;1;2;215;;M;4478790;389588;430
2,02E+11;18;8;25;1730;1;1;1;1;6;176;;M;4498250;368905;430
2,02E+11;18;9;2;600;3;1;1;1;6;240;CHASSILHAC;M;4495770;384829;430
2,02E+11;18;10;11;1345;1;2;1;1;6;39;LIEU DIT USSEL;M;4488750;388222;430
2,02E+11;18;11;12;1330;1;2;1;1;3;5;LIEU DIT GOURLONG;M;4492270;367832;430
2,02E+11;18;2;6;1445;1;2;1;4;2;150;;M;4509930;406173;430
2,02E+11;18;3;10;600;3;1;1;2;6;194;;M;4508090;405234;430
2,02E+11;18;4;2;1750;1;1;1;1;6;210;LIEU-DIT LES SALLES;;;;430
2,02E+11;18;4;27;1615;1;1;1;1;6;53;LIEU-DIT BOUSSOULET;;;;430
2,02E+11;18;5;20;1730;1;1;1;1;6;91;LIEU-DIT LE THEUIL;M;4492780;408229;430
2,02E+11;18;6;5;1415;1;1;1;2;6;135;SAINT VICTOR;M;4492540;397661;430
2,02E+11;18;7;1;1500;1;1;1;1;6;156;LE BOURG;M;4490170;403041;430
2,02E+11;18;7;25;1125;1;1;3;1;2;218;;M;4503690;404739;430
2,02E+11;18;8;10;940;1;1;1;5;6;47;;M;4494730;392764;430
2,02E+11;18;10;13;1725;1;2;1;1;6;190;RUE DE MONTFARON;;;;430
2,02E+11;18;10;21;1000;1;1;1;1;6;190;ZI SAINT GERMAIN LAPRADE;;;;430
2,02E+11;18;11;9;1300;1;1;1;2;6;10;FAURE;M;4500990;395055;430
2,02E+11;18;12;15;535;3;1;1;1;1;218;LIEU DIT CELLIER;M;4506377;402346;430
2,02E+11;18;2;16;2100;3;1;2;5;3;23;LIEU-DIT LA TUILLERIE;M;4528290;383598;430
2,02E+11;18;3;24;1655;1;1;1;1;7;26;LIEU-DIT UFFOUR;M;4519590;382167;430
2,02E+11;18;3;26;1250;1;1;1;1;5;152;VERS BEAUBAC;M;4506860;388608;430
2,02E+11;18;5;8;1740;1;1;1;1;7;165;ROUTE DU PUY;M;4512890;397392;430
2,02E+11;18;5;9;1810;1;1;1;1;6;124;ROUTE DE VAURES;M;4509100;374549;430
2,02E+11;18;6;28;1440;1;1;1;1;6;165;LES ROUCHASSOUX - D7;M;4514150;400861;430
2,02E+11;18;7;4;1326;1;1;1;1;1;152;;M;4507310;386349;430
2,02E+11;18;7;26;1445;1;1;1;1;3;119;LES PRES D EMBLAVEZ;M;4512190;391998;430
2,02E+11;18;8;1;1245;1;1;1;1;3;181;LE COUDERT;M;4509000;402125;430
2,02E+11;18;8;18;230;3;1;1;1;6;152;;M;4506880;388660;430
2,02E+11;18;8;21;1825;1;1;1;2;3;32;;M;4506640;398582;430
2,02E+11;18;8;23;1626;1;1;1;1;6;26;LIEU-DIT LA MONGE;M;4523170;379864;430
2,02E+11;18;9;23;555;2;2;1;1;6;152;LIEU DIT LES ESTREYS;M;4506950;382132;430
2,02E+11;18;10;23;750;2;1;1;1;1;216;LIEU DIT BOURBOUILLOUX;M;4513160;380226;430
2,02E+11;18;12;14;2030;5;2;3;1;3;216;avenue Ruessium;M;4513702;381402;430
2,02E+11;18;1;20;1930;3;1;1;1;6;112;AV DE L EUROPE;M;4511070;349400;430