Num_Acc;an;mois;jour;hrmn;lum;agg;int;atm;col;com;adr;gps;lat;long;dep
2,02E+11;18;2;3;1930;3;1;4;1;1;264;LIEU-DIT GRAND CHAMP;M;4522960;339622;430
2,02E+11;18;4;18;1530;1;1;1;1;6;132;LIEU-DIT TRUCHON;M;4513440;349696;430
2,02E+11;18;5;18;945;1;1;3;1;3;112;RUE DE LA MARGERIDE;M;4509020;349444;430
2,02E+11;18;6;7;1640;1;1;1;8;1;44;;M;4516840;345526;430
2,02E+11;18;6;27;1615;1;1;1;1;7;60;VERS LA PENIDE;M;4503020;354108;430
2,02E+11;18;8;12;1645;1;1;1;1;7;112;LIEU-DIT L ESTIVAL;M;4507050;345504;430
2,02E+11;18;10;20;2045;3;1;1;1;1;245;;M;4485690;359247;430
2,02E+11;18;10;22;1009;1;2;2;1;3;112;RUE AMPERE - RUE CHARCOT;;;;430
2,02E+11;18;10;22;1524;1;1;3;1;3;132;LIEU DIT BOISSET;M;4510610;352288;430
2,02E+11;18;11;6;1630;1;1;1;1;1;132;;M;4512880;349575;430
2,02E+11;18;12;8;1915;3;1;1;1;6;132;LES CLASTRES;M;4510610;351234;430
2,02E+11;18;1;28;330;3;2;1;1;6;185;1 HLM LES SARALIERES;;;;430
2,02E+11;18;3;12;2115;3;1;3;2;3;120;STATION SERVICE TOTAL;M;4537360;329016;430
2,02E+11;18;7;4;1200;1;1;1;1;1;185;;;;;430
2,02E+11;18;9;6;1730;1;1;1;1;1;185;;M;4541230;330678;430
2,02E+11;18;10;17;1820;1;1;1;1;4;120;;M;4537210;329346;430
2,02E+11;18;11;13;725;3;2;1;3;6;38;ARVANT;M;4536420;330972;430
2,02E+11;18;12;4;820;1;1;1;1;1;261;PONT DE LA CENTRALE;;;;430
2,02E+11;18;1;31;5;3;1;1;1;1;268;VERS ECHANG VILLENEUVE;M;4514670;411542;430
2,02E+11;18;3;11;1125;1;1;1;1;1;268;LIEU-DIT LES GRANGES;M;4513100;409719;430
2,02E+11;18;5;11;2000;2;2;1;1;6;162;PLACE DE LA REPUBLIQUE;;;;430
2,02E+11;18;5;14;2020;2;1;1;2;7;268;LES CHAMPS DES CAYRES;M;4511990;415198;430
2,02E+11;18;6;9;1235;1;2;1;1;7;162;CHEMIN DU CAMPING;;;;430
2,02E+11;18;7;1;1145;1;1;1;1;1;25;LIEU-DIT PIROLLES;M;4528060;411064;430
2,02E+11;18;7;25;1005;1;1;1;1;1;268;;M;4515820;408518;430
2,02E+11;18;9;11;1220;1;1;1;1;1;268;MARHNAC BAS;M;4515830;408464;430
2,02E+11;18;10;9;1655;1;2;1;1;6;268;BD SAINT PIERRE;;;;430
2,02E+11;18;10;29;1445;1;1;1;4;1;102;;M;4516910;418871;430
2,02E+11;18;1;18;547;3;1;1;1;1;137;VERS ECHANG VILLENEUVE;M;4530120;423227;430
2,02E+11;18;2;18;630;3;1;1;2;6;212;;M;4536950;395713;430
2,02E+11;18;3;17;445;3;1;1;2;6;137;ECHANGEUR GRANGEVALAT;M;4527830;416474;430
2,02E+11;18;5;12;1135;1;1;1;1;6;137;;M;4527860;416037;430
2,02E+11;18;7;15;2000;2;2;6;8;3;20;;M;4530530;411446;430
2,02E+11;18;7;26;845;1;1;1;1;1;12;LES SAIGNES;;;;430
2,02E+11;18;9;23;1845;1;1;1;1;2;12;ROUTE DE FIRMINY;M;4538010;422179;430
2,02E+11;18;9;28;1115;1;2;1;7;3;12;ROUTE DE SAINT PAUL;;;;430
2,02E+11;18;10;27;930;1;2;1;2;6;137;AVENUE DE LA LIBERATION;;;;430
2,02E+11;18;12;19;1915;5;2;1;1;6;12;15 route de saint paul;M;4537897;421865;430
2,02E+11;18;3;3;1610;1;1;1;1;6;213;LIEU-DIT COLLANGE;;;;430
2,02E+11;18;3;16;1200;1;1;1;1;6;184;665 RUE DE FIRMINY;;;;430
2,02E+11;18;4;1;1830;1;1;1;1;1;205;LIEU DIT LE PATRE;M;4533120;435307;430
2,02E+11;18;6;17;1920;1;1;1;1;6;184;VERS PONT DE ROCHAIN;M;4534420;425212;430
2,02E+11;18;6;26;730;1;1;1;1;6;236;ROUTE LES SAINT MARTIN;M;4527720;425862;430
2,02E+11;18;7;5;1145;1;1;1;1;2;184;RN 88;M;4536690;426792;430
2,02E+11;18;7;3;1800;1;1;1;1;5;227;;M;4529070;432775;430
2,02E+11;18;7;22;310;3;1;1;1;1;213;;M;4522570;429038;430
2,02E+11;18;11;9;1930;4;1;1;2;6;224;DESCENTE DE VAUBARLET;M;4522280;420167;430
2,02E+11;18;11;16;1700;2;1;1;1;6;213;LIEU DIT LA ROCHE;;;;430
2,02E+11;18;12;1;515;3;1;3;5;6;236;CARREF DE LA PREVAUDIERE;M;4528270;425718;430
2,02E+11;18;2;2;1550;1;1;1;1;3;244;;M;4511790;427394;430
2,02E+11;18;4;21;1730;1;1;1;1;7;244;LES PLAYNES;;;;430
2,02E+11;18;5;22;750;1;2;1;1;6;51;9 ROUTE DE TENCE;M;4505990;430106;430
2,02E+11;18;6;7;1700;1;2;1;2;6;244;RUE SAINT ETIENNE;M;4511740;428810;430
2,02E+11;18;6;7;1220;1;1;1;1;1;244;LIEU-DIT GARDAILLAC;M;4510670;430606;430
2,02E+11;18;7;16;245;3;1;1;1;6;51;RD 185 - PK/PR 3 + 200;M;4508970;431326;430
2,02E+11;18;8;17;1540;1;2;1;1;6;87;33 RUE DE LA CROIX;;;;430
2,02E+11;18;9;8;1420;1;1;1;1;1;142;LIEU DIT LA BETHE;M;4516440;436810;430
2,02E+11;18;9;15;1600;1;1;1;1;6;114;LIEU DIT MAZALIBRAND;M;4516880;421206;430
2,02E+11;18;9;23;50;3;1;1;1;6;114;LIEU DIT MONTJUVIN;M;4516370;422665;430
2,02E+11;18;10;28;1430;1;1;1;5;6;87;LES CHANEAUX;M;4521070;432099;430
2,02E+11;18;1;1;1235;1;1;1;3;7;18;Lieu-dit Terrieux;M;4703863;261498;180
2,02E+11;18;2;14;1753;2;1;1;1;1;18;Dйpartementale 976;M;4703542;261784;180
2,02E+11;18;3;16;1140;1;1;1;2;2;286;route de Baugy;M;4707443;278067;180
2,02E+11;18;5;6;50;4;2;1;1;6;184;Route de Jussy le Chaudr;M;4710065;293370;180
2,02E+11;18;5;17;1845;1;1;1;1;3;18;RD976;M;4703972;258380;180
2,02E+11;18;9;8;1550;1;1;1;1;2;139;RD 920 - PR 37 + 500;M;4706941;297338;180
2,02E+11;18;9;10;2005;3;1;1;1;6;215;RD 48 - PR 7 + 42;M;4701599;290672;180
2,02E+11;18;9;18;1720;1;1;1;1;2;247;Route de Nohant;M;4705470;256787;180
2,02E+11;18;9;20;515;3;1;1;1;7;92;Route de BRECY D157;M;4708488;265049;180
2,02E+11;18;10;26;1710;1;1;1;8;7;139;D45 pk 14;M;4707805;300823;180
2,02E+11;18;11;3;1650;1;2;1;1;6;174;D46 - Lieu dit Beaujardi;M;4706979;251910;180
2,02E+11;18;12;11;625;3;1;1;1;6;105;RD 53;M;4709754;274864;180
2,02E+11;18;12;18;800;1;1;1;8;5;75;LIEU DIT LES ROUESSES;M;4701911;305673;180
2,02E+11;18;1;3;1100;1;1;1;6;3;3;lieu dit les poirioux;M;4718017;254334;180
2,02E+11;18;1;27;1810;5;2;2;1;3;109;RUE DE BOURGOGNE;M;4730348;252557;180
2,02E+11;18;1;26;1835;2;1;1;2;6;206;D68;M;4717976;232863;180
2,02E+11;18;2;27;1345;1;1;1;1;6;4;Lieu-dit Haute brune;M;4721954;234950;180
2,02E+11;18;5;7;1600;1;1;1;1;6;3;COULANGES;M;4720493;257783;180
2,02E+11;18;5;17;1645;1;2;1;1;3;109;Route de la Chapelotte;M;4730566;253171;180
2,02E+11;18;5;31;1115;1;1;1;1;6;4;PK 46 +120 RD 944;M;4721500;232110;180
2,02E+11;18;6;15;1040;1;1;3;2;3;206;"Lieu dit ""Le Vernay""";M;4714299;234012;180
2,02E+11;18;6;20;1010;1;2;1;1;6;211;route de paris;M;4720212;242412;180
2,02E+11;18;6;28;1345;1;1;1;1;1;109;RD 22 PR 20+750;M;4729861;253698;180
2,02E+11;18;7;22;530;2;2;4;1;6;3;rue du quatre septembre;M;4720040;257130;180
2,02E+11;18;7;25;1230;1;2;1;1;7;151;Route des Aix;M;4723741;267950;180
2,02E+11;18;8;10;2200;3;1;1;1;7;4;D56;M;4722679;230485;180
2,02E+11;18;8;11;2210;5;2;2;1;6;3;24 rue des platanes;M;4719501;256358;180
2,02E+11;18;9;14;545;3;2;1;1;6;202;RD 955 PK 32+750;M;4721896;263560;180
2,02E+11;18;11;16;900;1;1;1;1;2;109;RD 22 PK 26+500;M;4729861;253698;180
2,02E+11;18;12;1;1045;1;1;1;2;6;223;D58 PR 14 lieu dit la pe;M;4720708;238172;180
2,02E+11;18;12;12;750;1;2;1;1;3;97;8 route de menetou salon;M;4713900;243447;180
2,02E+11;18;1;13;2000;5;2;2;1;3;209;Lieu dit Beauchezal;M;4668353;249093;180
2,02E+11;18;2;5;1215;1;2;3;1;3;197;RUE DUMAS;M;4672543;251201;180
2,02E+11;18;4;15;1200;1;2;6;7;4;197;Rond point de l'abattoir;M;4672714;250028;180
2,02E+11;18;5;3;800;1;1;1;2;3;169;RD 925;M;4672489;244771;180
2,02E+11;18;6;4;850;1;2;1;1;7;197;24 Rue grenouillиre;M;4672036;251215;180
2,02E+11;18;6;23;1930;2;2;1;1;6;197;44  rue Jean Jaurиs;M;4672518;249561;180
2,02E+11;18;7;31;1856;1;1;2;1;3;276;lieu-dit les lombards;M;4673884;269599;180
2,02E+11;18;9;29;10;3;1;1;1;6;69;Route dйpartementale 101;M;4670012;255653;180
2,02E+11;18;11;23;740;2;2;1;5;6;197;26 avenue du Marйchal Fo;M;4671563;250642;180
2,02E+11;18;2;11;830;3;1;1;2;6;83;Lieu dit Mazeres;M;4654002;235331;180
2,02E+11;18;4;15;1145;1;1;1;1;6;225;"""La gaietй""";M;4657917;230499;180
2,02E+11;18;5;19;1600;1;1;2;1;6;127;Chassepain;M;4675384;221248;180
2,02E+11;18;6;8;755;2;2;1;1;7;89;rue du moulin;M;4655572;258047;180
2,02E+11;18;7;9;1200;1;1;2;1;5;57;carrefour 70 - 943;M;4655462;220678;180
2,02E+11;18;8;15;1010;1;1;2;1;6;216;"""les cotillons""";M;4676829;212248;180
2,02E+11;18;8;28;1400;1;1;1;1;3;57;RD943 PK13+985;M;4655754;221204;180
2,02E+11;18;9;25;900;1;1;1;1;6;83;lieu dit l'oiseliиre;M;4655940;232433;180
2,02E+11;18;10;19;730;2;1;3;5;3;83;Route de Montluзon;M;4654699;235380;180
2,02E+11;18;1;11;1325;1;1;1;1;6;73;C2  route de Sainte Luna;M;4690631;232368;180
2,02E+11;18;2;8;2320;3;1;1;8;1;218;Dйpartementale 2076. PK;M;4699469;251051;180
2,02E+11;18;2;19;1620;1;1;1;1;5;87;D953;M;4690438;256458;180
2,02E+11;18;3;17;1145;1;2;9;1;6;87;14 bis route de Bourges;M;4689370;256890;180
2,02E+11;18;5;7;1130;1;2;3;1;3;58;rue de la chaussйe;M;4685735;231789;180
2,02E+11;18;6;22;1831;1;1;1;1;1;121;Rd 2076;M;4692174;264634;180
2,02E+11;18;7;26;1730;1;1;1;1;3;40;RD 2076;M;4692797;261204;180
2,02E+11;18;7;31;1950;1;2;1;1;3;87;43 route de Chateauneuf;M;4688007;255839;180
2,02E+11;18;8;12;1535;1;1;1;7;6;268;Lieu dit Le Fleuret;M;4683635;242727;180
2,02E+11;18;9;19;1335;1;1;1;1;1;289;RD 2076;M;4694221;258124;180
2,02E+11;18;9;23;215;3;1;1;1;6;63;D2144;M;4687021;241801;180
2,02E+11;18;10;10;1000;1;1;1;1;1;218;RD2076;M;4699766;250667;180
2,02E+11;18;10;9;1145;1;2;1;1;2;126;Rue de la Bardonnerie;M;4692565;240695;180
2,02E+11;18;11;12;1930;3;1;1;2;1;121;RD2076;M;4692272;264259;180
2,02E+11;18;12;3;711;2;1;1;2;1;63;lieu dit coudron;M;4685589;242019;180
2,02E+11;18;3;24;105;5;2;1;1;6;155;La bruyиre;M;4681835;302827;180
2,02E+11;18;6;27;1150;1;1;3;1;2;195;la rencontre;M;4684566;286480;180
2,02E+11;18;7;4;1050;1;2;1;1;6;242;rue du 8 mai 1945;M;4682905;292495;180
2,02E+11;18;7;27;740;1;1;1;1;1;196;Rd951;M;4676287;281808;180
2,02E+11;18;8;26;1245;1;1;1;1;3;164;les usquenots;M;4684674;299375;180
2,02E+11;18;9;20;650;2;1;1;1;1;155;D2076;M;4682259;300970;180
2,02E+11;18;10;30;1054;1;1;3;8;3;31;RD2076 - PK 24 - lieu-di;M;4688247;277063;180
2,02E+11;18;12;14;1200;1;2;3;1;3;108;2 RUEGAMBETTA;M;4695174;294803;180
2,02E+11;18;12;24;1150;1;1;1;1;7;54;Lieu dit Les Bardins;M;4689962;279950;180
2,02E+11;18;12;29;534;3;1;1;1;6;31;L'Echardois;M;4690190;271502;180
2,02E+11;18;4;17;1105;1;2;1;7;6;47;avenue Alain Fournier;M;4736546;243308;180
2,02E+11;18;5;5;15;3;1;1;1;6;30;D30  route d'Autry;M;4756239;255997;180
2,02E+11;18;5;27;1500;1;1;2;1;3;149;carrefour RD940/RD22;M;4731671;242988;180
2,02E+11;18;6;21;1015;1;1;1;1;7;159;RD 29 E;M;4737258;221934;180
2,02E+11;18;7;11;1020;1;1;1;1;6;284;rd 926;M;4741166;256288;180
2,02E+11;18;7;12;1908;1;1;1;1;6;11;D8;M;4755931;246404;180
2,02E+11;18;7;22;530;2;1;1;1;7;170;D21;M;4749256;249374;180
2,02E+11;18;9;30;600;3;1;1;1;6;11;route de coullons;M;4757585;246322;180
2,02E+11;18;9;30;430;3;1;1;1;6;15;LIEU DIT LES POIGNONS;M;4744267;246044;180
2,02E+11;18;10;21;530;3;1;1;1;6;37;RD234;M;4756088;226058;180
2,02E+11;18;10;29;1651;1;1;1;2;2;15;Lieu-dit Moulin Neuf;M;4748259;243519;180
2,02E+11;18;5;7;1500;1;2;1;1;3;96;Rue Jean moulin;M;4717388;217076;180
2,02E+11;18;6;2;1820;1;1;1;1;7;5;Chemin de randonnйe 41;M;4715253;223323;180
2,02E+11;18;6;9;1805;1;1;1;1;7;237;RD 35;M;4710752;219729;180
2,02E+11;18;6;13;2115;1;2;2;1;3;141;avenue Raoul Aladenize;M;4714446;222398;180
2,02E+11;18;6;24;1730;1;1;1;1;6;148;76 route d'alnay;M;4718129;204701;180
2,02E+11;18;9;15;1720;1;1;1;1;7;148;lieu dit Lhommй;M;4718990;205433;180
2,02E+11;18;10;12;1650;1;1;6;1;3;186;RD23;M;4707793;218080;180
2,02E+11;18;11;20;1945;5;2;2;1;3;237;Dйpartementale 35;M;4707773;220691;180
2,02E+11;18;1;9;1610;1;2;1;1;6;128;1494 ROUTE DES BAUGES;M;4572399;592843;730
2,02E+11;18;1;16;1850;5;1;1;3;6;103;RD127  Route de l йchang;M;4565695;591226;730
2,02E+11;18;3;1;1910;5;2;1;8;6;10;25 rue du 8 mai 1945;M;4578789;594596;730
2,02E+11;18;4;22;1930;1;2;4;1;3;300;chemin de Belledonne;M;4566433;589959;730
2,02E+11;18;5;14;1715;1;1;1;1;1;10;RD1201;M;4578860;595575;730
2,02E+11;18;5;25;650;2;2;1;1;6;128;Rue boucher de la rupell;M;4571274;592042;730
2,02E+11;18;5;27;1515;1;1;1;1;5;59;route de Paris;M;4574442;588678;730
2,02E+11;18;6;2;1600;1;1;1;1;1;164;D913;M;4569985;600849;730
2,02E+11;18;6;5;900;1;2;6;1;2;103;D17A;M;4565826;592762;730
2,02E+11;18;6;10;1415;1;1;1;1;2;10;RD 991;M;4577178;586803;730
2,02E+11;18;7;6;1900;2;2;6;7;3;300;boulevard charcot;M;4569010;589572;730
2,02E+11;18;8;2;905;1;1;1;7;3;62;RD 54 PR 12.570;M;4581573;586542;730
2,02E+11;18;8;4;855;1;1;5;1;3;128;rue de sarraz;M;4572653;593051;730
2,02E+11;18;8;19;1215;1;2;4;1;1;263;les gonnards;M;4572633;600568;730
2,02E+11;18;9;13;1105;1;1;1;1;1;59;RD 991;M;4576005;587071;730
2,02E+11;18;9;18;1920;2;1;1;1;1;238;d991 - ST GERMAIN LA CHA;M;4577873;588292;730
2,02E+11;18;9;24;1650;1;1;1;1;2;300;339 boulevard jean Charc;M;4565974;589477;730
2,02E+11;18;12;5;2005;5;1;1;1;4;10;Rue du Mont-Blanc;M;4578613;594664;730
2,02E+11;18;3;10;2135;3;2;1;1;1;58;Route du Lac - D921E;M;4553199;574599;730
2,02E+11;18;8;13;910;1;1;1;8;7;254;90 chemin de Truison;M;4558856;571836;730
2,02E+11;18;10;11;1025;1;1;1;1;1;226;ROUTE DE L'ISERE - D 203;M;4550018;571433;730
2,02E+11;18;3;27;1945;3;2;1;2;6;84;La Crouza;M;4551654;600357;730
2,02E+11;18;4;3;1500;1;1;2;1;3;183;414 routes des vignes;M;4550982;598582;730
2,02E+11;18;6;28;830;1;2;1;1;2;171;Avenue GEORGES CLEMENCEA;M;4550221;605602;730
2,02E+11;18;7;10;1630;1;2;2;1;3;151;Route de chignin;M;4550518;600253;730
2,02E+11;18;7;28;2100;2;1;4;1;6;270;Rd 911 route du_ Col du;M;4558030;615245;730
2,02E+11;18;8;16;1438;1;2;1;7;1;82;348 route de plan Champ;M;4549369;607420;730
2,02E+11;18;9;10;1000;1;1;3;7;3;84;Rd 1006;M;4551069;601430;730
2,02E+11;18;11;29;1415;1;1;2;1;3;240;Dйpartementale 923;M;4548058;604093;730
2,02E+11;18;12;11;1355;1;1;2;1;1;240;RD 923;M;4547141;604335;730
2,02E+11;18;1;27;1820;3;1;1;1;1;32;RD990;M;4560080;644939;730
2,02E+11;18;3;17;1830;2;2;2;1;3;11;avenue du gйnйral de gau;M;4566387;636416;730
2,02E+11;18;4;19;1000;1;1;1;1;6;202;RD 201C   route de tamiй;M;4567090;630855;730
2,02E+11;18;4;25;2040;2;1;1;1;7;241;"RD 925 LIEU DIT ""LE VILL";M;4560341;630465;730
2,02E+11;18;4;30;1925;1;1;1;1;4;298;PK 27+600;M;4565663;643180;730
2,02E+11;18;5;24;1155;1;2;1;1;2;130;536 RD925;M;4565422;638194;730
2,02E+11;18;5;19;1215;1;1;1;1;7;114;D218c;M;4581770;651669;730
2,02E+11;18;5;22;1345;1;1;1;3;1;114;D218B;M;4581815;652827;730
2,02E+11;18;6;1;825;1;2;3;1;1;32;rue Jean Moulin;M;4562548;645072;730
2,02E+11;18;6;13;1930;1;1;1;1;1;32;D990;M;4560005;644915;730
2,02E+11;18;7;14;1050;1;1;1;1;1;123;CD 909;M;4587159;646772;730
2,02E+11;18;7;25;1700;1;1;1;1;1;114;RD 1212;M;4582212;653264;730
2,02E+11;18;8;3;1925;1;1;3;1;3;124;D990;M;4564808;633042;730
2,02E+11;18;8;12;930;1;1;3;1;3;292;D63 / D129;M;4571194;640604;730
2,02E+11;18;8;26;220;3;1;1;1;7;63;RN90;M;4558102;645893;730
2,02E+11;18;8;30;1200;1;1;1;1;3;124;chemin de la digue;M;4564794;634252;730
2,02E+11;18;8;31;2015;3;2;1;2;7;154;RD64;M;4566732;634311;730
2,02E+11;18;10;6;1610;1;1;1;1;6;303;RD 1212;M;4575397;645892;730
2,02E+11;18;10;25;1855;5;2;1;1;3;121;23 rue Joseph PILLET;M;4563493;631140;730
2,02E+11;18;11;30;2015;3;1;1;1;2;153;D1212;M;4571904;640970;730
2,02E+11;18;12;1;1145;1;1;1;1;1;303;D109;M;4575538;644822;730
2,02E+11;18;2;4;1930;5;2;1;1;7;235;pl de la madeleine;M;4541994;636427;730
2,02E+11;18;3;11;1930;3;1;1;1;6;74;RD 1006;M;4543849;628487;730
2,02E+11;18;4;10;1830;1;2;1;1;6;272;Le Lac des Hurtiиres;M;4547627;628160;730
2,02E+11;18;4;19;1800;1;2;3;1;6;2;32 Grande Rue;M;4554190;630530;730
2,02E+11;18;4;21;1530;1;1;3;7;3;19;D1006;M;4551153;631191;730
2,02E+11;18;4;23;1620;1;1;1;1;1;237;RD 73;M;4550878;629057;730
2,02E+11;18;5;3;2000;1;1;1;1;1;7;RD 1006;M;4555849;626495;730
2,02E+11;18;5;30;1830;1;2;9;1;6;255;Parking du magasin INTER;M;4534828;630360;730
2,02E+11;18;6;21;1140;1;1;1;1;1;231;RD 927;M;4533127;628514;730
2,02E+11;18;9;11;1640;1;1;1;1;6;230;sous le col d'en haut;M;4524534;617608;730
2,02E+11;18;11;21;1800;3;1;1;1;1;53;RD 1006;M;4555806;628355;730
2,02E+11;18;12;2;1745;4;1;3;3;3;7;D1006;M;4555874;626765;730
2,02E+11;18;1;11;750;2;1;1;2;6;198;D817;M;4335370;-49115;640
2,02E+11;18;1;12;1700;1;1;1;7;1;399;RD 707 - PR 002.000;M;4336860;-33368;640
2,02E+11;18;2;28;715;2;1;1;4;1;142;RD 945;M;4339060;-45912;640
2,02E+11;18;3;9;1830;2;2;3;3;3;448;CHEMIN DU PONT LONG;M;4335360;-46215;640
2,02E+11;18;3;12;2000;5;2;2;1;6;519;RD 834;M;4336870;-38018;640
2,02E+11;18;3;15;1415;1;1;1;1;1;511;RD289;M;4336810;-40857;640
2,02E+11;18;4;24;1750;1;1;9;1;6;519;RD 706;M;4337100;-36732;640
2,02E+11;18;5;28;1610;1;1;1;2;7;511;RD 40;M;4340890;-36813;640
2,02E+11;18;7;21;2125;2;2;3;1;7;549;CHEMIN MOURLANN?;M;4340430;-42529;640
2,02E+11;18;7;30;1045;1;1;1;1;6;519;RD 834;M;4337490;-38028;640
2,02E+11;18;9;2;2130;5;2;2;1;1;519;RD 834;M;4337770;-38035;640
2,02E+11;18;9;3;900;1;2;1;1;6;60;RD 501;M;4331770;-45470;640
2,02E+11;18;10;9;1914;5;2;1;1;7;399;28 CHEMIN LHEPT;M;4337390;-35366;640
2,02E+11;18;10;23;1745;1;1;2;7;5;37;RD 2;M;4333740;-49970;640
2,02E+11;18;10;24;750;2;1;3;5;3;519;D834;M;4338470;-38048;640
2,02E+11;18;11;5;1900;3;1;1;3;6;511;RD 40;M;4341260;-36700;640
2,02E+11;18;12;10;915;1;2;1;1;5;511;ROUTE D'ARZACQ;M;4340360;-36931;640
2,02E+11;18;12;19;1730;3;1;1;2;4;60;RD2;M;4332935;-47942;640
2,02E+11;18;1;25;1645;1;2;3;1;3;405;PLACE SAINTE FOIX;M;4334470;-26391;640
2,02E+11;18;2;10;944;1;2;1;1;1;405;AVENUE DE LA RЙSISTANCE;M;4333681;-27405;640
2,02E+11;18;4;6;715;2;2;3;1;3;405;ROUTE DES LANDES;M;4332670;-29938;640
2,02E+11;18;4;20;820;1;1;2;1;3;405;RD 943;M;4334070;-25102;640
2,02E+11;18;4;22;930;1;1;1;1;6;482;RD 7;M;4335880;-23884;640
2,02E+11;18;5;17;2020;2;1;1;1;6;152;1791 ROUTE DE MORLAAS;M;4334390;-29394;640
2,02E+11;18;7;3;1315;1;1;1;1;1;439;17 ROUTE DE TARBES;M;4328840;-26759;640
2,02E+11;18;7;13;1100;1;2;2;1;3;331;53 RUE JOSEPH PEYRE;M;4345240;-10976;640
2,02E+11;18;7;30;1553;1;2;1;1;6;216;10 CHEMIN DE LA BAIE;M;4324780;-17342;640
2,02E+11;18;8;3;1050;1;2;6;1;7;526;AVENUE LASBODES;M;4326450;-18315;640
2,02E+11;18;9;5;1145;1;2;1;1;6;405;AVENUE DES CIMES;M;4333880;-27619;640
2,02E+11;18;9;12;1945;2;1;2;1;2;238;RD 817;M;4324700;-4664;640
2,02E+11;18;9;23;1900;1;1;1;1;6;405;RD 943;M;4335210;-25546;640
2,02E+11;18;10;12;1345;1;2;6;1;6;526;ALL?E DES PLATANES;M;4326450;-18910;640
2,02E+11;18;11;24;1500;1;2;3;1;2;352;ROUTE DU CLARET;M;4328870;-15555;640
2,02E+11;18;12;30;1935;3;1;1;5;7;238;RD 817;M;4324660;-4225;640
2,02E+11;18;12;19;1805;5;2;1;1;6;417;AVENUE CHARLES DE GAULLE;M;4318240;-24825;640
2,02E+11;18;1;10;1450;1;2;1;1;2;386;51 ROUTE DE PAU;M;4319770;-25458;640
2,02E+11;18;1;18;1016;1;1;1;1;6;68;9 ROUTE D'OSSAU;M;4313180;-27905;640
2,02E+11;18;3;14;1645;1;1;1;1;3;148;14 ROUTE DE CAPBIS;M;4311680;-30190;640
2,02E+11;18;5;6;400;3;1;1;1;7;23;RD 938;M;4323370;-26275;640
2,02E+11;18;6;2;1450;1;2;6;1;3;526;ROND-POINT DE LA POSTE ;M;4326880;-19703;640
2,02E+11;18;8;23;100;4;2;1;1;6;119;PLACE DE LA MAIRIE;M;4321910;-23182;640
2,02E+11;18;9;15;1400;1;1;3;1;3;270;RD 35;M;4314060;-25313;640
2,02E+11;18;9;19;1516;1;2;6;1;2;386;ROUTE DE LOURDES;M;4318320;-24560;640
2,02E+11;18;9;19;1700;1;2;3;1;3;417;RUE DE GAMBETTA;M;4317980;-26162;640
2,02E+11;18;9;26;2130;4;2;1;1;6;138;5 RUE JOSEPH SZYDLOWSKI;M;4323600;-28280;640
2,02E+11;18;10;20;1030;1;2;1;1;6;417;10 AV CHARLES DE GAULLE;M;4318140;-25212;640
2,02E+11;18;12;20;1220;1;2;3;1;3;417;rue saint vincent;M;4318075;-26243;640
2,02E+11;18;3;10;1357;1;1;2;3;3;457;Lieu dit du silo Interse;M;4354532;-38954;640
2,02E+11;18;5;3;1840;1;1;1;2;1;233;RD 834;M;4357570;-27940;640
2,02E+11;18;6;17;925;1;1;2;1;3;457;RD 946;M;4354550;-38976;640
2,02E+11;18;8;11;1345;1;1;1;1;1;415;RD 834;M;4340970;-35841;640
2,02E+11;18;9;7;1230;1;1;3;1;3;70;RD 39;M;4343200;-31079;640
2,02E+11;18;9;13;415;3;1;1;1;6;180;RD 16;M;4356040;-24380;640
2,02E+11;18;10;23;1950;3;1;1;1;1;203;RD40;M;4342430;-37212;640
2,02E+11;18;11;9;1845;3;1;1;1;6;470;D206;M;4339370;-31635;640
2,02E+11;18;12;7;655;3;1;1;1;6;234;RD 946;M;4351950;-47202;640
2,02E+11;18;1;14;1715;2;1;1;2;1;94;RD936 PR 108+0055;M;4346910;-122567;640
2,02E+11;18;3;4;1640;1;2;1;1;3;546;467 ROUTE DE BRISCOUS;M;4348630;-129855;640
2,02E+11;18;3;25;1830;2;1;1;3;1;94;CD936;M;4346910;-122567;640
2,02E+11;18;4;18;1940;1;1;3;1;1;147;ROUTE DE BARDOS;M;4346590;-130999;640
2,02E+11;18;4;21;1305;1;1;1;1;7;94;D936;M;4346910;-122567;640
2,02E+11;18;7;22;845;1;1;1;1;1;256;RD 22;M;4337900;-134677;640
2,02E+11;18;8;1;1345;1;1;1;1;7;476;RD 14;M;4334970;-123305;640
2,02E+11;18;8;9;1020;1;2;7;2;6;94;PLACE DE LA MAIRIE;M;4347490;-120342;640
2,02E+11;18;9;20;1440;1;1;1;1;1;546;CHEMIN DE LAROQUE;M;4349560;-126784;640
2,02E+11;18;9;22;1030;1;2;1;1;3;256;ROUTE D'ELIZABERRY;M;4339230;-131484;640
2,02E+11;18;10;8;520;2;1;1;2;1;256;RD 22;M;4337530;-127768;640
2,02E+11;18;12;21;1850;5;2;1;1;3;256;RUE JEAN LISSAR;M;4338260;-131049;640
2,02E+11;18;4;24;1830;1;1;3;1;3;495;ROUTE D'AHETZE;M;4337560;-156316;640