Num_Acc;an;mois;jour;hrmn;lum;agg;int;atm;col;com;adr;gps;lat;long;dep
2,02E+11;18;5;26;1720;1;1;1;1;1;495;RD 307;M;4338200;-161741;640
2,02E+11;18;6;3;1650;1;1;1;2;7;495;D 305;M;4331810;-152505;640
2,02E+11;18;6;14;1625;1;1;1;1;7;504;RD4;M;4332010;-155420;640
2,02E+11;18;8;5;1945;1;2;1;7;1;65;700 ROUTE ERROTENEA;M;4335030;-161827;640
2,02E+11;18;8;25;1445;1;1;1;1;3;65;ROUTE D'OLHETTE;M;4333830;-165190;640
2,02E+11;18;9;26;1745;1;1;4;1;6;504;D4;M;4330970;-157225;640
2,02E+11;18;11;15;1225;1;1;1;1;5;65;ROUTE D?PARTEMENTALE 918;M;4335990;-163446;640
2,02E+11;18;1;15;750;1;2;3;2;1;38;RD254 QUARTIER LARREPU;M;4345080;-152291;640
2,02E+11;18;1;16;1230;1;1;1;2;1;14;RD20;M;4331650;-149015;640
2,02E+11;18;1;30;2113;5;2;1;1;6;547;ROUTE DE BELARITZA;M;4339620;-146031;640
2,02E+11;18;3;3;1400;1;1;1;1;3;14;RD 20-QUARTIER BOXATE;M;4331620;-149080;640
2,02E+11;18;3;10;2200;3;1;1;1;6;317;RD20 LIEU DIT OSPITLALIA;M;4338350;-144551;640
2,02E+11;18;4;6;815;1;2;1;7;2;160;AVENUE DE L'URSUYA;M;4336040;-138325;640
2,02E+11;18;4;7;900;1;2;7;2;6;35;RD 255 LE BOURG;M;4342060;-154749;640
2,02E+11;18;4;15;730;2;2;1;1;6;547;ROUTE D'ASTOBIZKAR;M;4340670;-147549;640
2,02E+11;18;4;19;1930;1;1;1;1;6;279;RUE HAYDERRENACOMAHASTIA;M;4334470;-141760;640
2,02E+11;18;5;2;1415;1;2;9;1;1;160;RRUE DU PERE JAUREGUY;M;4335640;-140457;640
2,02E+11;18;5;5;1945;1;2;2;1;1;160;AVENUE D'ESPAGNE;M;4335880;-140527;640
2,02E+11;18;5;21;1215;1;1;1;1;7;527;ROUTE DE SAINT-P?E;M;4333280;-148914;640
2,02E+11;18;7;13;1750;1;1;1;2;3;279;D 918;M;4332760;-138673;640
2,02E+11;18;8;1;1800;1;2;1;1;3;558;ROUTE DES CIMES;M;4342180;-141362;640
2,02E+11;18;8;19;440;3;1;1;1;6;279;RD 918;M;4333850;-140293;640
2,02E+11;18;8;27;1130;1;1;2;1;7;527;RD 89;M;4335910;-148757;640
2,02E+11;18;9;23;1500;1;1;3;1;7;213;RD 918 - KANBOKO ERREBID;M;4334990;-143595;640
2,02E+11;18;10;15;1815;1;1;1;1;1;547;CD137;M;4340770;-145096;640
2,02E+11;18;10;27;1140;1;2;2;8;1;547;CD 350  CHEMIN D'ARRAUNT;M;4340960;-149213;640
2,02E+11;18;11;3;1520;1;1;1;1;3;14;RD20;M;4331610;-149098;640
2,02E+11;18;11;8;815;1;1;1;8;3;282;RD 250;M;4338890;-143416;640
2,02E+11;18;1;28;1700;1;1;1;1;7;411;D918;M;4320250;-97023;640
2,02E+11;18;1;29;1711;1;2;1;1;6;559;RD112;M;4324180;-87625;640
2,02E+11;18;3;9;2245;3;1;1;2;6;404;RD 918;M;4309450;-80972;640
2,02E+11;18;3;29;1230;1;1;1;1;6;411;RD 918;M;4320480;-99742;640
2,02E+11;18;8;4;1205;1;1;1;1;1;316;RD 26;M;4301310;-96343;640
2,02E+11;18;9;15;930;1;2;6;1;3;371;RD 11;M;4323120;-87895;640
2,02E+11;18;11;17;1500;1;1;1;1;7;404;CHEMIN ARGUIBELLE;M;4308180;-80310;640
2,02E+11;18;12;17;1730;2;2;9;8;3;371;3 RUE RAMUNTCHO;M;4322120;-88186;640
2,02E+11;18;3;28;500;3;1;1;1;6;124;RD 918 ROUTE DE BAYONNE;M;4326210;-132279;640
2,02E+11;18;4;28;430;3;2;1;3;6;485;PLACE CHARLES DE GAULLE;M;4316310;-123777;640
2,02E+11;18;5;21;1430;1;1;1;2;7;379;RD 18;M;4306410;-108874;640
2,02E+11;18;7;17;1615;1;1;1;1;6;538;CD 933;M;4313350;-126702;640
2,02E+11;18;7;19;2220;5;2;1;1;1;477;RD 15;M;4318350;-133369;640
2,02E+11;18;7;22;736;1;1;1;1;6;490;RD 948;M;4322230;-131342;640
2,02E+11;18;8;15;835;1;1;3;1;3;274;RD 15;M;4317520;-128725;640
2,02E+11;18;8;15;1929;1;1;1;1;7;436;D918;M;4326560;-132827;640
2,02E+11;18;8;15;830;1;1;1;1;3;484;RD 933;M;4317290;-118474;640
2,02E+11;18;8;21;1630;1;1;1;1;7;218;BOIS D'ORION (D428);M;4306090;-121384;640
2,02E+11;18;9;29;1130;1;1;1;1;7;379;D18;M;4308700;-110743;640
2,02E+11;18;10;29;1610;1;1;1;3;7;538;RD 933;M;4314010;-126170;640
2,02E+11;18;10;31;1455;1;1;1;2;6;436;RD 918;M;4324400;-130776;640
2,02E+11;18;12;22;749;3;1;1;1;1;13;RD 422;M;4321740;-117515;640
2,02E+11;18;6;10;730;1;1;1;1;7;202;BORDACHARIA;M;4331360;-98417;640
2,02E+11;18;8;3;1420;1;1;1;1;1;106;RD 2933;M;4331990;-101488;640
2,02E+11;18;8;14;1615;1;2;1;1;6;18;CHEMIN ETXETOA;M;4332820;-104014;640
2,02E+11;18;11;2;1900;3;1;2;9;3;368;ROUTE D?PARTEMENTALE 11;M;4338980;-109736;640
2,02E+11;18;4;1;1630;1;1;1;1;7;64;CD 918;M;4310970;-63264;640
2,02E+11;18;5;20;1620;1;1;1;1;7;185;RN134;M;4293630;-58976;640
2,02E+11;18;5;25;1645;1;1;1;1;7;29;CHEMIN SANS PAREIL;M;4312930;-71941;640
2,02E+11;18;11;1;1230;1;2;1;2;6;104;RD834;M;4299730;-60132;640
2,02E+11;18;11;11;1100;1;1;1;1;6;542;RN134;M;4284000;-55730;640
2,02E+11;18;12;3;1715;2;1;1;2;1;136;ROUTE NATIONALE 134;M;4288930;-56325;640
2,02E+11;18;8;2;1845;1;1;1;1;1;127;RD 934;M;4304360;-42553;640
2,02E+11;18;8;19;1210;1;1;1;1;3;204;RD918  PK 157.500 SENS E;M;4296850;-36966;640
2,02E+11;18;8;20;2325;3;1;1;1;7;463;RD 934;M;4314800;-40323;640
2,02E+11;18;10;3;1130;1;1;1;1;3;320;CD934;M;4282090;-40533;640
2,02E+11;18;10;21;2100;5;2;1;1;7;463;3 ROUTE DE BOSDARROS;M;4316090;-39634;640
2,02E+11;18;11;27;1530;1;1;1;1;7;175;CHEMIN DU JAOUT - PORT D;M;4306340;-38064;640
2,02E+11;18;7;28;1050;1;1;1;8;3;253;RD 936;M;4328410;-74818;640
2,02E+11;18;9;8;1500;1;1;1;1;6;458;RD 936;M;4326060;-72231;640
2,02E+11;18;9;28;1925;2;1;1;1;6;393;CHEMIN DE BOURRASSOT;M;4326210;-55527;640
2,02E+11;18;12;22;1900;3;1;1;1;6;32;RD 936;M;4336220;-81698;640
2,02E+11;18;2;5;2000;3;1;6;2;6;96;RD 936;M;4338690;-90919;640
2,02E+11;18;9;23;1230;1;1;1;1;1;499;1131 QUARTIER DES ANTYS;M;4344910;-89650;640
2,02E+11;18;11;16;1915;3;1;1;1;1;531;CD 23;M;4336180;-90490;640
2,02E+11;18;11;29;1645;1;1;1;1;6;108;RD 330;M;4350390;-92263;640
2,02E+11;18;12;21;1630;1;1;1;1;3;96;ROUTE DE MUNEIN  RD 936;M;4338660;-90827;640
2,02E+11;18;1;12;1215;1;2;1;1;7;130;506 rue Roger Ollivier;M;4780145;172082;450
2,02E+11;18;2;18;130;3;2;1;5;6;196;Face 861 rue de meung;M;4785289;177278;450
2,02E+11;18;3;30;840;1;1;1;8;1;19;RD 104 - Villecйry;M;4785194;162352;450
2,02E+11;18;4;23;815;1;2;1;1;6;81;15 rue de la libйration;M;4792854;157609;450
2,02E+11;18;4;22;1845;1;2;1;1;6;167;1310 rue des caillots;M;4789166;172473;450
2,02E+11;18;5;3;1920;2;1;1;7;1;282;route de bellecourt;M;4785077;182850;450
2,02E+11;18;7;10;2320;5;2;1;1;1;269;D2152;M;4786905;178168;450
2,02E+11;18;9;29;1810;1;1;1;1;6;98;lieu dit les prиs LE BRU;M;4782377;174846;450
2,02E+11;18;12;21;220;5;1;6;3;6;130;D 951;M;4779052;171662;450
2,02E+11;18;1;2;900;1;1;1;1;5;272;RD 126;M;4786299;194799;450
2,02E+11;18;1;13;1300;1;1;1;1;6;146;RD61 pk 03+600;M;4772032;189766;450
2,02E+11;18;2;2;1920;3;1;1;1;2;182;ROUTE D'ORLEANS-D15;M;4768904;178473;450
2,02E+11;18;1;12;1605;1;1;1;2;1;272;1035 rue du par floral;M;4785480;194603;450
2,02E+11;18;3;29;1000;1;1;1;1;7;146;Rte de LAMOTTE BEUVRON;M;4767440;196965;450
2,02E+11;18;4;19;820;1;1;3;7;1;193;carrefour RD 13 RD 14;M;4780472;208446;450
2,02E+11;18;5;22;1645;1;2;6;2;7;175;Rond point D7 - D15;M;4774945;181238;450
2,02E+11;18;5;31;1735;1;1;1;1;1;6;ROUTE D'OLIVET;M;4778941;186793;450
2,02E+11;18;6;27;1745;1;1;1;1;7;300;D13;M;4781661;204294;450
2,02E+11;18;6;25;650;1;1;1;1;7;300;D14;M;4781358;202369;450
2,02E+11;18;7;16;445;2;1;1;1;6;309;D 17 PK 13+200;M;4770155;213293;450
2,02E+11;18;7;24;1020;1;1;1;1;2;146;D61;M;4771935;189843;450
2,02E+11;18;9;12;451;3;1;2;1;3;272;Lieu dit Le petit Ligny ;M;4784365;198578;450
2,02E+11;18;9;16;630;2;1;1;1;6;182;chemin de la Fertй Saint;M;4768294;179138;450
2,02E+11;18;10;9;1540;1;1;1;1;6;182;Dйpartementale D15;M;4768864;178458;450
2,02E+11;18;10;22;1745;1;2;1;1;6;300;Rue d'Allou;M;4783748;203549;450
2,02E+11;18;10;27;2130;3;1;1;2;6;175;D18-PK 010+1;M;4777833;177673;450
2,02E+11;18;10;31;1645;1;1;1;2;7;175;Dйpartementale D 15;M;4774762;180844;450
2,02E+11;18;10;29;805;2;1;1;2;6;309;D120- PK 17+120;M;4769012;216974;450
2,02E+11;18;11;5;825;1;2;1;1;7;300;1974 route d'orlйans;M;4785225;201067;450
2,02E+11;18;11;12;1720;5;2;1;2;2;146;RUE DU GENERAL LECLERC;M;4772605;193986;450
2,02E+11;18;11;23;1010;1;1;2;1;3;272;D7/RUE DE GAUTRAY;M;4776709;195426;450
2,02E+11;18;11;24;355;3;1;1;1;7;300;Route de Vannes;M;4782185;204338;450
2,02E+11;18;1;23;921;1;1;1;1;1;59;D 2157;M;4793218;175003;450
2,02E+11;18;3;3;1545;1;1;1;1;6;337;ROUTE DE VILLAMBLAIN;M;4800268;156233;450
2,02E+11;18;5;8;1945;1;1;1;1;7;99;Lieu dit Villardu;M;4802552;173929;450
2,02E+11;18;6;21;1545;1;1;1;1;7;93;D6-RTE DE SOUGY;M;4803826;185162;450
2,02E+11;18;9;30;1500;1;1;1;1;2;296;Rue de Chateaudun/D955;M;4800105;169504;450
2,02E+11;18;12;4;759;2;2;1;1;3;313;D6-pr6+400;M;4805021;181587;450
2,02E+11;18;1;3;1820;3;1;1;2;1;53;RD 952 - PR 003.400;M;4764863;274171;450
2,02E+11;18;3;11;1630;1;1;1;1;6;53;Route d'Ousson;M;4760358;276458;450
2,02E+11;18;4;6;530;3;1;1;1;7;276;CD 951;M;4762253;273391;450
2,02E+11;18;4;8;30;3;1;1;1;7;245;RD 45 PR 7+500;M;4768747;279408;450
2,02E+11;18;5;18;645;1;1;9;1;7;53;RD2007;M;4763864;275243;450
2,02E+11;18;6;4;1630;1;2;1;1;6;29;18  RUE DE CHВTILLON;M;4754443;281353;450
2,02E+11;18;6;19;720;1;1;1;1;3;29;D 951 PK 7+500;M;4755039;280245;450
2,02E+11;18;6;20;1612;1;1;2;1;3;40;D48;M;4758361;284628;450
2,02E+11;18;7;14;255;3;1;1;1;1;323;RD 965;M;4757303;288150;450
2,02E+11;18;10;6;2225;3;1;1;8;6;276;RD951 - PR14+950;M;4763000;272755;450
2,02E+11;18;12;16;1645;2;1;1;2;1;53;RD 2007 - PK 54+800;M;4760618;278053;450
2,02E+11;18;1;31;1754;4;1;1;3;6;281;D32;M;4804070;303311;450
2,02E+11;18;2;3;300;3;1;1;9;6;115;CD 162 - PK 16+930;M;4799608;302662;450
2,02E+11;18;3;21;716;2;1;1;1;1;113;Rd 2060 PR 12+032;M;4802646;294039;450
2,02E+11;18;4;28;1400;1;1;1;1;7;281;lieu dit Les Mallets;M;4803514;301111;450
2,02E+11;18;6;24;1830;1;1;1;1;1;129;RD 943-la brulerie;M;4794546;303527;450
2,02E+11;18;6;28;953;1;1;1;1;5;306;rd 2060 - pr 15+700;M;4802015;289489;450
2,02E+11;18;7;17;450;3;1;1;1;7;329;Route de Triguиres;M;4794952;298834;450
2,02E+11;18;9;2;1120;1;1;2;1;3;165;Rte MONTBOUY/La GRANGE C;M;4793008;285290;450
2,02E+11;18;10;11;1415;1;1;1;1;7;265;Route du Bignon-D34;M;4812920;294004;450
2,02E+11;18;12;2;400;5;2;4;2;6;115;RUE DU PUITS LINON;M;4804086;306268;450
2,02E+11;18;11;30;2330;3;1;1;2;6;129;Rte de Joigny;M;4794586;303350;450
2,02E+11;18;12;2;2000;3;1;1;3;6;165;125 RUE DE CHATEAURENARD;M;4794660;285361;450
2,02E+11;18;3;31;1615;1;1;1;1;1;148;D2007;M;4811622;276972;450
2,02E+11;18;6;17;730;1;1;2;1;3;91;D33/RTE DE LA SELLE;M;4812055;286936;450
2,02E+11;18;8;2;1030;1;1;4;1;1;145;RTE DE MIREBEAU;M;4807952;278472;450
2,02E+11;18;11;18;240;3;1;1;1;7;127;R de la queue de l'йtang;M;4815724;280241;450
2,02E+11;18;11;21;330;3;2;1;8;6;61;1 rue des carriиres;M;4803903;274211;450
2,02E+11;18;2;22;1855;3;1;1;1;2;233;D 26 - route de PUISEAUX;M;4820278;243816;450
2,02E+11;18;7;31;1700;1;2;1;8;6;30;2 rue de boiscommun;M;4806777;242781;450
2,02E+11;18;10;8;1716;1;2;3;1;3;30;D31 - 16 rue des roches;M;4806957;245116;450
2,02E+11;18;12;2;2000;3;1;1;2;6;21;D950-PK13+1;M;4810289;240466;450
2,02E+11;18;3;9;2055;3;1;1;1;7;93;RD97 pk 13+350;M;4800846;195367;450
2,02E+11;18;3;21;1319;1;2;1;1;1;188;210 Avenue Eugиne Milon;M;4799902;209002;450
2,02E+11;18;5;7;1830;1;1;3;1;3;80;Inter. Chm13 et Chm22;M;4825673;210046;450
2,02E+11;18;5;17;630;2;2;1;1;6;15;6 rue de la libйration;M;4827699;210202;450
2,02E+11;18;6;20;1835;1;1;1;1;7;88;RD 927;M;4817136;196963;450
2,02E+11;18;7;13;2130;3;1;1;1;6;347;Route des soldats - D144;M;4808143;225527;450
2,02E+11;18;10;16;940;1;1;3;1;5;95;D5 - RTE DE GIVRY;M;4807046;211512;450
2,02E+11;18;10;31;1820;5;2;1;2;3;111;25 petite rue;M;4806408;221023;450
2,02E+11;18;12;25;110;3;2;1;1;6;347;Route de Jargeau;M;4807791;223117;450
2,02E+11;18;1;27;750;2;1;1;1;7;103;D34;M;4942630;224047;600
2,02E+11;18;1;25;830;2;1;1;8;1;103;chemin du fay saint quen;M;4941816;224455;600
2,02E+11;18;1;26;750;1;1;1;1;4;480;D1001;M;4949991;216231;600
2,02E+11;18;2;17;300;5;2;1;1;6;609;rue de beauvais;M;4946287;197286;600
2,02E+11;18;2;19;1520;1;2;9;1;6;9;Zone Commerciale Beauvai;M;4940749;211777;600
2,02E+11;18;3;5;2025;3;1;3;1;5;542;Dйpartementale  12;M;4940765;217665;600
2,02E+11;18;4;8;1800;1;2;2;1;3;41;D12;M;4938412;222082;600
2,02E+11;18;5;15;1235;1;1;1;1;3;668;route de sauqueuse saint;M;4950496;205999;600
2,02E+11;18;5;23;1026;1;1;3;1;7;277;hameau de l'italienne;M;4942516;202250;600
2,02E+11;18;6;23;2015;2;2;4;1;6;302;03 rue de l'йglise;M;4948761;224546;600
2,02E+11;18;6;27;1200;1;1;1;1;6;703;Rd 926;M;4940660;205157;600
2,02E+11;18;7;17;2100;2;2;1;1;6;277;rue juliette Nevouet;M;4943158;204504;600
2,02E+11;18;8;6;739;1;2;1;1;3;542;D12;M;4940286;218783;600
2,02E+11;18;8;18;1605;1;1;6;1;7;103;route dйpartementale 931;M;4941227;222971;600
2,02E+11;18;8;25;2030;1;1;1;1;2;243;rd 1001;M;4949591;215783;600
2,02E+11;18;9;16;1410;1;1;1;1;7;628;rue de wagicourt;M;4942002;213078;600
2,02E+11;18;10;3;920;1;1;6;1;3;9;RD 1001;M;4940054;213200;600
2,02E+11;18;10;12;1430;1;2;1;1;7;251;Route dйpartementale 34;M;4945844;221244;600
2,02E+11;18;10;21;745;2;1;1;5;7;290;Rue de Rieux;M;4947680;211930;600
2,02E+11;18;10;26;1945;3;1;6;2;3;9;Rond point D1001 - N31;M;4940064;213124;600
2,02E+11;18;10;31;1650;2;1;1;2;2;628;RN31;M;4942278;215101;600
2,02E+11;18;11;12;1815;3;1;1;2;7;668;rue du marйchal sauqueus;M;4951541;207059;600
2,02E+11;18;12;12;740;2;1;2;5;2;668;D149;M;4950380;208648;600
2,02E+11;18;12;15;1530;1;1;1;2;6;9;rue de therdonne - ville;M;4941484;214465;600
2,02E+11;18;12;18;1720;5;2;3;1;6;41;D 12;M;4938416;222084;600
2,02E+11;18;12;22;1645;5;2;6;8;6;639;Route Dйpartementale 100;M;4945395;209925;600
2,02E+11;18;3;13;1605;1;2;2;1;3;344;RUE DE LA BONNIИRE;M;4939309;189025;600
2,02E+11;18;5;5;1815;1;1;1;7;6;30;RD 927- hameau ST QUENTI;M;4936503;210532;600
2,02E+11;18;5;9;2025;1;1;6;1;7;583;D981;M;4939525;201731;600
2,02E+11;18;5;17;1730;1;2;1;1;6;567;10 rue des clйrets;M;4942260;187929;600
2,02E+11;18;7;7;1515;1;1;4;1;6;591;RD 931;M;4942027;201213;600
2,02E+11;18;7;14;2252;3;2;1;1;1;30;D927;M;4934859;209674;600
2,02E+11;18;9;29;1620;1;1;1;1;1;54;dйpartemental 129 lieu d;M;4934369;195877;600
2,02E+11;18;10;3;1330;1;1;2;1;3;63;dйpartementale 02;M;4935357;203991;600
2,02E+11;18;10;19;1930;5;2;3;1;6;477;rue des Prйs а chiens;M;4941520;192340;600
2,02E+11;18;10;31;750;1;2;4;1;1;73;rue de montreuil;M;4946295;185478;600
2,02E+11;18;11;1;540;3;1;1;2;3;583;RN 31 PR20+400;M;4939660;199674;600
2,02E+11;18;12;6;1545;1;2;1;1;1;477;RUE DU PONT QUI PENCHE;M;4941748;193815;600
2,02E+11;18;12;9;130;3;1;1;2;5;30;d927;M;4935863;210172;600
2,02E+11;18;12;15;1630;2;1;1;4;1;652;D115;M;4930330;207588;600
2,02E+11;18;1;14;1455;1;1;2;1;3;288;Intersection D930 - D150;M;4955692;189182;600
2,02E+11;18;1;15;1219;1;2;3;2;2;403;17-1 rue des йtangs;M;4949755;199958;600
2,02E+11;18;2;18;1900;3;1;1;2;6;244;D133;M;4957016;176766;600
2,02E+11;18;3;3;1420;1;1;1;1;7;623;RD 930;M;4954889;186486;600
2,02E+11;18;4;14;1358;1;2;1;1;1;588;Lieu dit Ecatelet;M;4962708;189829;600
2,02E+11;18;5;18;1540;1;1;1;1;4;403;D 133 PK 3+100;M;4949608;201126;600
2,02E+11;18;5;21;1900;1;1;2;1;2;242;D7;M;4959124;193930;600
2,02E+11;18;7;3;2108;1;2;1;1;6;128;rue principale;M;4960609;170642;600
2,02E+11;18;7;14;2050;2;1;1;1;7;699;Dйpartementale 95;M;4952169;184383;600
2,02E+11;18;8;29;1704;1;1;2;1;3;387;D 22;M;4956379;194407;600
2,02E+11;18;9;7;1730;1;1;1;1;1;623;RD 119 -;M;4956526;185554;600
2,02E+11;18;11;3;845;2;1;1;7;6;51;D124;M;4967345;203790;600
2,02E+11;18;11;15;1426;1;1;1;5;2;286;D901;M;4966704;193876;600
2,02E+11;18;12;10;1750;5;1;3;1;2;217;Route Dйpartementale 133;M;4955090;179932;600
2,02E+11;18;3;3;1719;1;1;1;2;7;74;Rue de Beauvais;M;4923070;234074;600
2,02E+11;18;3;4;1740;1;2;1;1;1;44;rue du Gйnйral Leclerc;M;4930142;233211;600
2,02E+11;18;3;18;917;1;2;1;4;6;513;Allйe des cycomores;M;4920265;237431;600
2,02E+11;18;3;28;45;3;1;1;1;7;155;Lieu dit la villeneuve -;M;4924355;232479;600
2,02E+11;18;4;21;1925;2;1;2;1;3;686;D 92;M;4920568;238876;600
2,02E+11;18;4;25;935;1;2;3;1;3;185;Rue de Prйcy;M;4921105;232656;600
2,02E+11;18;5;28;2100;3;2;1;3;1;584;D92;M;4922297;242854;600
2,02E+11;18;9;30;2030;5;2;6;1;7;513;Dйpartementale 92;M;4920318;237346;600
2,02E+11;18;10;16;715;3;2;3;1;6;155;2 rue de la Station;M;4927254;236007;600
2,02E+11;18;11;4;2000;3;1;1;1;2;155;D929;M;4926128;233899;600
2,02E+11;18;2;1;1945;5;2;3;1;6;104;33 rue du gйnйral Lecler;M;4963493;230125;600
2,02E+11;18;2;5;1830;3;1;1;1;1;615;D47;M;4963664;243455;600
2,02E+11;18;4;7;130;5;2;1;1;6;518;Rue Marcel Dassault;M;4958181;219539;600
2,02E+11;18;6;8;2315;3;1;1;1;1;146;RD 90;M;4960735;237087;600
2,02E+11;18;7;15;1855;1;2;1;1;6;104;Rue de Beauvais;M;4962511;229356;600
2,02E+11;18;10;18;1815;1;1;2;1;2;253;RD 151 - RD 11;M;4958645;213931;600
2,02E+11;18;10;30;1830;2;1;1;1;6;573;D151;M;4955969;224800;600
2,02E+11;18;12;22;340;5;2;1;1;6;104;28 rue d'Amiens;M;4963611;229032;600
2,02E+11;18;12;23;700;3;1;2;3;3;336;chaussйe brunehaut;M;4957404;218254;600
2,02E+11;18;1;10;1910;3;1;1;1;7;268;Route dйpartementale 90;M;4958252;242400;600
2,02E+11;18;4;22;715;1;2;1;1;6;498;D527;M;4950472;243987;600
2,02E+11;18;4;28;2255;3;1;1;1;1;374;Route dйpartementale 938;M;4955635;253698;600
2,02E+11;18;5;22;2135;2;2;1;1;7;581;Rue Sarrail;M;4950020;243348;600
2,02E+11;18;6;22;1745;1;2;1;1;6;581;rue de paris;M;4949988;243903;600
2,02E+11;18;6;28;1635;1;1;1;1;3;133;rd 94  PK 019.600;M;4954659;238836;600
2,02E+11;18;7;3;1450;1;2;9;1;6;581;rue de beauvais;M;4950560;243091;600
2,02E+11;18;7;6;1910;1;1;1;1;1;701;rue de froissy;M;4955118;235896;600
2,02E+11;18;9;9;1340;1;1;2;1;3;40;Intersection D101 / D152;M;4941497;260033;600
2,02E+11;18;9;30;545;3;1;1;1;6;581;Route dйpartementale 916;M;4949558;244310;600
2,02E+11;18;10;6;45;3;1;1;1;7;581;RD 74;M;4950943;240940;600
2,02E+11;18;10;12;1445;1;1;2;1;3;643;RD 587;M;4956912;258292;600
2,02E+11;18;11;6;1515;1;1;1;7;2;495;route dйpartementale 938;M;4951852;244364;600
2,02E+11;18;11;20;1926;5;2;1;4;6;581;D938 - RUE DE MONTDIDIER;M;4950927;244024;600
2,02E+11;18;12;10;2000;3;1;1;2;7;36;route dйpartementale 75;M;4944475;260109;600
2,02E+11;18;12;14;2100;5;2;1;1;6;276;4 rue d'en haut;M;4958453;255383;600
2,02E+11;18;1;30;2045;5;1;1;2;1;156;RN 1031;M;4943825;283324;600
2,02E+11;18;2;10;1000;1;2;1;1;7;636;Rue de la Rйpublique;M;4947553;288138;600
2,02E+11;18;2;10;1105;1;2;1;1;7;188;Rue Raoul Ducollet;M;4940434;300979;600
2,02E+11;18;3;11;445;5;2;3;3;1;636;route du  plessis brion;M;4947510;288190;600
2,02E+11;18;4;16;1950;2;1;1;1;6;273;D1032 PK 4 + 600;M;4947302;283455;600
2,02E+11;18;5;17;615;2;2;2;1;1;324;carrefour de la maison b;M;4939814;304538;600
2,02E+11;18;6;19;600;1;2;1;1;3;324;rue de SOISSONS - RN 31;M;4939669;306931;600
2,02E+11;18;9;18;715;2;2;1;1;3;188;Rue du docteur moussaud;M;4940386;300063;600
2,02E+11;18;10;12;1000;1;1;2;1;3;150;RD165 / RD 48;M;4952940;298422;600
2,02E+11;18;12;14;1828;3;1;1;1;1;423;Route dйpartementale D66;M;4949730;291176;600
2,02E+11;18;12;19;1815;5;1;1;2;6;537;D1032;M;4951850;292540;600
2,02E+11;18;5;5;1220;1;2;1;1;3;506;199 rue de la libйration;M;4956936;298852;600
2,02E+11;18;6;15;1900;1;2;3;1;6;348;allйe des acacias;M;4957179;296532;600
2,02E+11;18;8;5;1415;1;1;1;1;6;11;RD 160;M;4964766;281830;600
2,02E+11;18;8;21;1645;1;1;1;1;7;206;D142;M;4952753;281718;600
2,02E+11;18;9;7;1630;1;1;1;1;2;431;RD 934;M;4956600;302645;600
2,02E+11;18;10;11;1330;1;1;1;1;1;389;d130;M;4962836;307165;600
2,02E+11;18;10;15;1215;1;1;1;1;2;471;RD932;M;4960518;301517;600
2,02E+11;18;10;18;1754;1;2;1;1;2;471;route de paris;M;4957061;298318;600
2,02E+11;18;10;20;725;3;1;1;5;1;625;RD938;M;4958149;294671;600
2,02E+11;18;10;31;810;1;1;2;1;3;124;D934;M;4963778;290558;600
2,02E+11;18;11;4;1800;5;2;1;1;3;340;FACE AU 743 RUE PRINCIPA;M;4961069;290830;600
2,02E+11;18;11;20;1850;5;2;6;2;6;471;rond point de l'Europe;M;4957870;300489;600
2,02E+11;18;11;22;1745;5;2;9;8;1;471;Rue du 7иme Rйgiment de;M;4957419;298791;600
2,02E+11;18;11;26;1015;1;1;1;2;1;348;D82;M;4957155;295356;600
2,02E+11;18;12;27;1315;1;1;1;5;7;617;Rue des genкts;M;4962562;293927;600
2,02E+11;18;1;14;1620;1;1;2;1;3;24;Intersection RN31 / D60;M;4940315;267590;600
2,02E+11;18;6;21;1200;1;1;2;1;3;160;D1017;M;4960254;272030;600
2,02E+11;18;6;22;840;1;1;6;1;3;284;Rond point D 155 / D 10;M;4937755;266335;600
2,02E+11;18;7;13;28;4;2;1;1;6;531;rue du stade;M;4943452;270300;600
2,02E+11;18;4;14;1145;1;1;1;1;1;509;d123e;M;4930367;261222;600
2,02E+11;18;4;24;2035;1;2;3;1;3;509;rue Lйon Bourgeois;M;4930825;260048;600
2,02E+11;18;5;4;1115;1;2;1;1;6;509;avenue Jean Jaurиs;M;4929503;260473;600
2,02E+11;18;5;26;1225;1;1;1;1;6;670;poteau du bвtis - foret;M;4927317;253450;600
2,02E+11;18;6;7;2355;3;1;1;1;1;67;rue de Crepy;M;4929170;283620;600
2,02E+11;18;6;24;605;2;1;6;1;6;509;CD 200;M;4932405;260404;600