Num_Acc;an;mois;jour;hrmn;lum;agg;int;atm;col;com;adr;gps;lat;long;dep
2,02E+11;18;9;15;1450;1;2;3;1;3;670;chemin de Liancourt;M;4927353;251167;600
2,02E+11;18;11;10;1040;1;2;1;2;6;670;rue pasteur;M;4927210;252034;600
2,02E+11;18;11;27;1850;5;2;1;2;6;509;rue marie bray;M;4929664;260453;600
2,02E+11;18;12;6;1900;5;2;1;1;6;509;rue thйophile richard;M;4930083;260081;600
2,02E+11;18;6;16;1530;1;1;1;1;5;4;PK 65+300 - RN20;M;4277624;169669;90
2,02E+11;18;7;13;1640;1;2;1;1;6;296;RN20;M;4279909;166109;90
2,02E+11;18;7;27;1515;1;1;1;7;1;189;RN20;M;4261636;181995;90
2,02E+11;18;10;21;1330;1;1;1;1;1;189;RN20 - PK 85+050;M;4268197;182842;90
2,02E+11;18;10;21;1210;1;1;1;1;7;189;PK 94+500;M;4261105;181934;90
2,02E+11;18;1;9;1845;3;1;1;1;3;312;d119;M;4309421;167097;90
2,02E+11;18;1;11;1840;3;1;1;2;1;245;D11;M;4305420;159532;90
2,02E+11;18;2;6;1740;1;1;1;1;1;332;CD 12;M;4308665;166684;90
2,02E+11;18;3;1;1920;5;2;1;1;6;265;chemin de la voie;M;4308583;162960;90
2,02E+11;18;7;4;1940;1;2;1;1;3;264;lieu dit patau;M;4303306;162027;90
2,02E+11;18;8;5;1630;1;1;1;1;1;238;D119;M;4309240;170545;90
2,02E+11;18;8;12;1730;1;2;1;1;1;173;lieu dit patau;M;4303853;153727;90
2,02E+11;18;9;20;1720;1;1;1;1;1;138;Lieu-dit le sabarthиs;M;4297482;168777;90
2,02E+11;18;9;23;1445;1;1;1;1;7;284;Labarriиre;M;4303638;170045;90
2,02E+11;18;11;7;430;3;1;1;1;7;245;D11;M;4305415;158545;90
2,02E+11;18;11;29;1605;1;1;1;1;6;324;RD 624;M;4305983;163589;90
2,02E+11;18;12;16;2200;3;1;1;3;1;312;RD 119;M;4310135;163691;90
2,02E+11;18;1;11;1000;1;1;1;2;1;182;D318;M;4288949;138088;90
2,02E+11;18;4;8;230;3;1;1;1;6;235;lieu dit le pitarlet;M;4303709;106585;90
2,02E+11;18;1;1;1520;1;1;1;1;1;25;RD 34 route de bras;M;4351400;598158;830
2,02E+11;18;1;25;1900;5;2;1;2;1;32;RD 562;M;4347164;617563;830
2,02E+11;18;3;5;1225;1;1;1;2;7;12;route de MARSEILLE;M;4355099;600427;830
2,02E+11;18;3;17;1300;1;1;1;1;4;84;RD30 - PR 13+300;M;4364845;603754;830
2,02E+11;18;3;29;1115;1;1;1;2;1;25;RD 560 - PK 33 + 400;M;4352629;597660;830
2,02E+11;18;4;2;1630;1;1;1;1;6;135;D71 - PK 4+200;M;4360238;605981;830
2,02E+11;18;4;21;1930;1;1;3;1;1;51;intersection RD 562 - RD;M;4348004;626718;830
2,02E+11;18;5;27;1805;1;1;1;1;3;83;ROUTE DЙPARTEMENTALE 22;M;4347070;611472;830
2,02E+11;18;5;28;1730;1;1;1;2;6;12;D560;M;4354766;599595;830
2,02E+11;18;8;14;1435;1;1;1;1;6;135;D554;M;4359382;600027;830
2,02E+11;18;9;4;1645;1;1;3;1;1;46;dйpartementale 13;M;4351048;615970;830
2,02E+11;18;9;7;1830;1;1;1;1;3;95;D560;M;4355615;611030;830
2,02E+11;18;9;8;1750;1;1;1;1;7;84;RD 30;M;4364715;608848;830
2,02E+11;18;9;21;630;2;1;1;1;3;32;RD562;M;4347027;617104;830
2,02E+11;18;10;18;1550;1;1;3;1;5;83;ROUTE DEPARTEMENTALE 22;M;4347985;613612;830
2,02E+11;18;10;31;1830;3;1;1;3;7;72;hameau les miquelets;M;4349070;629211;830
2,02E+11;18;11;12;1120;1;1;1;2;4;32;RD222;M;4347947;616341;830
2,02E+11;18;11;22;840;1;1;1;1;1;95;D 560 PK 44;M;4356551;604205;830
2,02E+11;18;2;6;2130;3;1;1;1;6;78;D9 PK 7 +300;M;4365441;616997;830
2,02E+11;18;6;20;1230;1;1;1;1;7;122;RD 957;M;4374415;622340;830
2,02E+11;18;8;16;1650;1;1;1;7;3;122;Intersection RD 957 et R;M;4377386;621842;830
2,02E+11;18;1;23;1055;1;2;1;1;6;28;RD 25;M;4356394;656678;830
2,02E+11;18;2;16;1636;1;1;3;1;3;56;D54;M;4357808;648937;830
2,02E+11;18;4;1;1620;1;1;1;1;1;11;RD25;M;4363008;655762;830
2,02E+11;18;5;12;1040;1;1;1;1;7;56;Dйpartementale 54;M;4355734;651870;830
2,02E+11;18;5;31;1655;1;1;1;1;6;28;RD25 - Gorges de Pennafo;M;4354288;657538;830
2,02E+11;18;6;3;1010;1;1;1;1;1;82;D955  PK 24+600;M;4364861;647490;830
2,02E+11;18;7;2;1905;1;1;1;1;5;56;RD54 - PK 5 + 950m;M;4356666;650753;830
2,02E+11;18;9;14;2040;3;1;1;1;1;41;D425;M;4360027;655363;830
2,02E+11;18;9;24;1410;1;1;1;1;3;28;RD 562;M;4357220;654314;830
2,02E+11;18;3;24;1250;1;1;1;1;6;37;RD7 - PK 1+700;M;4768113;686731;900
2,02E+11;18;5;28;820;1;1;1;1;3;7;RN1019;M;4759432;680255;900
2,02E+11;18;9;18;720;2;1;1;7;1;7;RD 83;M;4759270;679971;900
2,02E+11;18;12;17;907;1;1;9;2;1;7;RN 1019;M;4759456;680276;900
2,02E+11;18;2;17;2030;3;1;1;4;6;28;rd 463;M;4751659;707360;900
2,02E+11;18;4;15;530;3;1;1;1;6;45;D36;M;4750621;695741;900
2,02E+11;18;4;21;1440;1;1;1;1;7;105;Route dйpartementale 50;M;4745027;698577;900
2,02E+11;18;6;28;1130;1;1;1;1;6;33;boulevard de la libertй;M;4750758;697963;900
2,02E+11;18;7;18;730;1;1;1;1;6;46;D26;M;4754325;706125;900
2,02E+11;18;4;14;1800;1;1;1;1;7;89;Dйpartementale 2;M;4771852;694128;900
2,02E+11;18;4;29;210;3;1;1;1;7;37;RD23;M;4769832;687374;900
2,02E+11;18;5;7;1855;1;1;1;1;6;65;RD 465 montйe du ballon;M;4780213;684359;900
2,02E+11;18;6;3;1225;1;1;1;1;7;62;RD60;M;4767026;697931;900
2,02E+11;18;6;3;1315;1;1;1;1;7;65;D465;M;4779943;683943;900
2,02E+11;18;6;26;1145;1;1;1;1;7;54;Rue des йtangs;M;4772160;687295;900
2,02E+11;18;7;14;1640;1;1;1;1;2;65;Dйpartementale 465;M;4780314;684082;900
2,02E+11;18;8;14;1910;1;2;3;1;5;16;route dйpartementale 27;M;4770043;694712;900
2,02E+11;18;8;29;920;1;2;1;1;7;3;rue des Errues;M;4770057;693308;900
2,02E+11;18;10;10;1615;1;1;1;1;7;65;RD 465 PK 4+100;M;4780188;684347;900
2,02E+11;18;11;3;1245;1;1;9;1;7;65;d465;M;4779721;683921;900
2,02E+11;18;1;15;2010;4;2;4;2;1;45;Grande Rue;M;4750580;695405;900
2,02E+11;18;6;30;2245;5;2;1;1;3;45;D36;M;4750825;695656;900
2,02E+11;18;10;2;845;1;1;1;1;6;17;RN 19 - PK 10;M;4756498;691438;900
2,02E+11;18;1;11;1640;1;2;1;1;7;110;10 place de la poste;M;4919368;-93697;500
2,02E+11;18;1;17;2200;3;1;1;3;6;538;le calvaire - CD 972;M;4913057;-99024;500
2,02E+11;18;2;13;1120;1;2;1;2;6;455;Rue de libйration;M;4919246;-102901;500
2,02E+11;18;2;17;855;1;1;1;1;6;239;RN 174 PK31+150;M;4911760;-116240;500
2,02E+11;18;3;9;2000;3;1;1;8;3;302;la saulnerie;M;4909825;-120770;500
2,02E+11;18;3;16;1515;1;2;1;1;1;239;rue des Magnolias;M;4912652;-117017;500
2,02E+11;18;4;16;1405;1;1;6;1;3;468;l'arbre sec;M;4921970;-112348;500
2,02E+11;18;6;15;1725;1;2;1;1;3;216;12 rue des cigognes;M;4923789;-120053;500
2,02E+11;18;7;1;1300;1;1;1;1;7;216;rue du marais du milieu;M;4923790;-120223;500
2,02E+11;18;7;13;1000;1;1;1;1;6;239;1 rue de bohon;M;4915573;-122503;500
2,02E+11;18;10;30;1030;1;2;1;1;6;356;4 rue croix de moon;M;4921067;-104280;500
2,02E+11;18;11;18;1815;3;1;2;1;5;239;hotel calin _;M;4914933;-122771;500
2,02E+11;18;11;21;1310;1;1;3;1;3;216;lieu dit la brianderie;M;4924913;-120305;500
2,02E+11;18;12;17;2100;3;1;2;1;3;446;Carrefour de l'hotel God;M;4913145;-102008;500
2,02E+11;18;1;29;2110;3;1;1;5;7;144;D33E2;M;4877425;-107597;500
2,02E+11;18;2;19;1135;1;1;2;2;3;628;;M;4871849;-122723;500
2,02E+11;18;3;11;1104;1;1;2;1;1;453;rue des Rosiers;M;4884595;-120272;500
2,02E+11;18;3;23;1645;1;1;2;2;7;453;Intersection D999 - D33;M;4881726;-119667;500
2,02E+11;18;3;30;1335;1;1;1;2;7;275;D239;M;4875794;-116034;500
2,02E+11;18;5;5;1135;1;2;2;1;3;185;route de GRANVILLE - le;M;4884474;-127706;500
2,02E+11;18;5;27;2050;1;2;1;1;1;639;rue du Chemin Vert;M;4883979;-121897;500
2,02E+11;18;6;26;1200;1;2;1;1;6;639;10 rue du Gйnйral de Gau;M;4883678;-122123;500
2,02E+11;18;8;17;1420;1;2;1;1;6;639;17 Rue du Gйnйral de Gau;M;4883716;-122167;500
2,02E+11;18;9;16;1730;1;1;3;7;5;597;la lande;M;4871327;-125468;500
2,02E+11;18;9;20;1600;1;1;2;1;3;124;Carrefour des arts;M;4867004;-114272;500
2,02E+11;18;9;29;1620;1;1;1;1;6;453;avenue du Prйsident;M;4884120;-120117;500
2,02E+11;18;10;11;2330;3;1;1;2;6;74;;M;4872599;-120181;500
2,02E+11;18;10;16;1450;1;1;2;1;3;453;Rue des rosiers;M;4884810;-120858;500
2,02E+11;18;10;21;1530;1;2;1;1;6;74;place de l'Йglise D999;M;4872471;-116702;500
2,02E+11;18;11;12;1600;1;1;2;1;1;453;rue prosper nove;M;4881720;-119668;500
2,02E+11;18;12;16;2105;3;1;1;3;6;271;RD33;M;4873010;-103392;500
2,02E+11;18;12;29;700;5;2;1;1;6;453;rue Emile lecharpentier_;M;4883535;-118927;500
2,02E+11;18;2;13;1715;1;1;3;8;3;381;La Bourreliиre;M;4860142;-97693;500
2,02E+11;18;4;17;1630;1;1;2;1;3;56;CLAIRET;M;4863775;-93232;500
2,02E+11;18;9;29;1145;1;2;1;1;6;359;15 grande rue;M;4864784;-94292;500
2,02E+11;18;2;17;815;1;1;1;1;6;410;curey - RN 175;M;4857062;-146349;500
2,02E+11;18;2;28;1815;2;1;1;1;7;132;D48;M;4863843;-124893;500
2,02E+11;18;3;5;1645;1;1;1;1;1;290;LIEU DIT LES QUATRE TOUR;M;4865857;-126350;500
2,02E+11;18;3;27;1115;1;2;1;1;6;168;rue du Gйnie;M;4861750;-128988;500
2,02E+11;18;7;13;640;2;1;3;1;1;640;D 230;M;4853018;-138237;500
2,02E+11;18;7;16;1320;1;1;2;1;3;410;le flechet - BOUCEY;M;4854642;-147998;500
2,02E+11;18;8;3;1845;1;1;1;1;1;410;RN 176;M;4856169;-152174;500
2,02E+11;18;9;8;915;1;2;1;1;6;168;RUE DU GЙNIE;M;4861867;-129088;500
2,02E+11;18;9;14;200;3;2;4;1;6;337;rue du hamel;M;4850159;-139604;500
2,02E+11;18;10;25;1500;1;2;1;1;6;487;18 rue d'antrain;M;4852170;-132888;500
2,02E+11;18;10;29;1810;3;1;1;2;2;574;RN175;M;4859932;-139930;500
2,02E+11;18;11;1;30;3;1;1;1;6;168;Lieu dit La Roche qui Bo;M;4860304;-126711;500
2,02E+11;18;11;3;1445;1;1;3;7;3;154;D 40;M;4854733;-138289;500
2,02E+11;18;11;11;1740;3;1;1;8;6;574;;M;4860001;-139832;500
2,02E+11;18;11;16;920;1;2;1;1;6;410;rue couesnon;M;4855299;-151060;500
2,02E+11;18;12;15;1930;3;1;1;2;2;487;route dйpartementale 998;M;4853356;-134598;500
2,02E+11;18;12;19;1635;2;1;1;1;6;627;RD 40;M;4856558;-137925;500
2,02E+11;18;2;22;1200;1;1;1;1;7;591;DEPARTEMENTALE 5;M;4850360;-86404;500
2,02E+11;18;4;27;1725;1;1;2;2;3;256;CARREFOUR DE LA SALETTE;M;4861329;-113093;500
2,02E+11;18;5;19;1930;1;2;1;1;6;515;Rue du Haut Bourg;M;4854541;-116858;500
2,02E+11;18;5;27;1845;1;1;3;1;1;644;12 route de l'Yvrande  V;M;4858339;-115339;500
2,02E+11;18;6;2;1605;1;2;3;1;2;274;RD 977;M;4854044;-109099;500
2,02E+11;18;6;27;1330;1;2;3;1;3;644;intersection Rue du Chat;M;4858457;-113403;500
2,02E+11;18;7;16;1400;1;1;9;1;4;256;RD 976 Mesnil Thebault;M;4859734;-119238;500
2,02E+11;18;8;12;1930;1;2;9;2;7;263;D 174;M;4857655;-100682;500
2,02E+11;18;9;20;815;1;1;1;1;1;256;Les petites longues raie;M;4864715;-121163;500
2,02E+11;18;10;10;1200;1;2;1;1;6;484;110 Rue de Paris;M;4857694;-108645;500
2,02E+11;18;11;13;920;1;1;2;1;3;591;lieu dit saint patrice;M;4854853;-87536;500
2,02E+11;18;11;18;1845;3;1;1;1;6;274;route de Fougиres;M;4852480;-108892;500
2,02E+11;18;12;12;1800;2;1;3;1;3;274;"lieu-dit ""le Bois Moissy";M;4854657;-109216;500
2,02E+11;18;12;18;815;2;1;1;1;6;293;la bouverie;M;4861490;-112125;500
2,02E+11;18;2;1;850;1;2;1;1;6;539;place de l'abbй saint pi;M;4966836;-140462;500
2,02E+11;18;2;2;1530;1;2;1;1;6;615;Bd de la division Lecler;M;4950939;-147185;500
2,02E+11;18;2;9;1945;3;1;1;1;1;395;Dйpartementale 26;M;4960800;-132454;500
2,02E+11;18;2;25;1100;1;2;1;1;2;30;AXE RD.1 - RUE DE REVILL;M;4966627;-125893;500
2,02E+11;18;3;31;1100;1;2;6;1;7;562;quai vauban;M;4958623;-126464;500
2,02E+11;18;4;21;1815;1;1;1;3;1;648;"Lieu dit "" Le Tapotin""";M;4950095;-149632;500
2,02E+11;18;6;5;915;1;1;1;5;1;305;Lieu dit la vierge DROUE;M;4961600;-152092;500
2,02E+11;18;6;24;1410;1;2;1;1;7;615;D974 - voie de la libert;M;4950191;-145715;500
2,02E+11;18;6;25;1745;1;1;2;1;3;335;hameau dubost;M;4957899;-143505;500
2,02E+11;18;7;24;1700;1;1;3;1;3;615;;M;4951298;-148091;500
2,02E+11;18;7;27;2000;1;1;1;1;6;87;route des forges;M;4954709;-157984;500
2,02E+11;18;8;9;1842;1;2;3;7;3;567;L'entreprise;M;4957274;-150591;500
2,02E+11;18;9;2;1852;1;1;3;1;3;87;lieu dit delasse;M;4956404;-156910;500
2,02E+11;18;9;4;2030;2;2;1;1;3;417;RUE DE GAUL;M;4959603;-130190;500
2,02E+11;18;9;7;1300;1;1;1;7;6;342;;M;4965553;-127663;500
2,02E+11;18;10;5;820;2;2;1;1;3;539;96 RUE GЙNЙRAL DE GAULLE;M;4966693;-139964;500
2,02E+11;18;11;17;1200;1;2;1;1;7;615;route de Montebourg;M;4950092;-145412;500
2,02E+11;18;11;19;2015;3;1;1;3;3;648;Route de Bricquebec;M;4950204;-149047;500
2,02E+11;18;11;20;1740;2;1;1;2;2;196;Rue Alexis de TOCQUEVILL;M;4967053;-131025;500
2,02E+11;18;12;7;1705;2;1;1;2;1;209;901;M;4964411;-147474;500
2,02E+11;18;12;12;1845;3;1;1;1;1;87;D56 - Route du Mont Fanu;M;4956317;-160111;500
2,02E+11;18;1;26;820;2;1;1;1;1;580;RD 650;M;4954975;-176058;500
2,02E+11;18;1;31;1400;1;1;3;1;3;82;;M;4948913;-161464;500
2,02E+11;18;2;18;145;3;1;9;1;6;402;grandes rues;M;4951008;-182211;500
2,02E+11;18;3;19;30;5;2;1;4;6;412;rue hellouin;M;4933523;-169746;500
2,02E+11;18;4;15;1535;1;1;1;1;1;402;les Fleurys;M;4951791;-178965;500
2,02E+11;18;5;10;2140;5;2;1;1;6;31;23 rue de l'йtoile;M;4936496;-175964;500
2,02E+11;18;5;11;1610;1;1;1;1;6;435;Le grand Hameau;M;4949939;-159959;500
2,02E+11;18;6;7;1450;1;2;3;1;5;31;rue hauvet;M;4937968;-175406;500
2,02E+11;18;6;16;930;1;1;3;1;5;31;RD650 / RD903E;M;4937853;-174219;500
2,02E+11;18;6;15;930;1;1;1;1;2;604;le pont chauvin;M;4952596;-181779;500
2,02E+11;18;6;30;1610;1;2;1;1;7;503;D15;M;4933522;-166475;500
2,02E+11;18;8;10;1;5;2;3;1;6;412;Rue Lechevalier;M;4933666;-170104;500
2,02E+11;18;8;10;1547;1;2;3;1;6;31;3 av de la Rйpublique;M;4938152;-177699;500
2,02E+11;18;8;24;1050;1;1;1;1;7;184;Route de la Mine;M;4954394;-187414;500
2,02E+11;18;9;9;230;3;1;1;1;6;585;route des mielles;M;4945780;-182180;500
2,02E+11;18;9;18;1745;1;1;2;1;3;490;Chemin de Coutances;M;4936073;-174349;500
2,02E+11;18;10;10;540;3;1;1;1;7;222;Hameau Commenchail;M;4950050;-171062;500
2,02E+11;18;10;17;2315;5;2;1;1;6;402;58 rue Centrale;M;4951435;-180686;500
2,02E+11;18;10;22;1725;1;1;1;7;2;45;10 la Croix Georges;M;4952560;-178386;500
2,02E+11;18;11;2;1715;1;2;2;1;3;82;;M;4947492;-162725;500
2,02E+11;18;11;23;1745;2;2;2;2;5;402;route de barneville;M;4950987;-180517;500
2,02E+11;18;12;25;1040;1;1;1;8;1;580;la grande Malbrи;M;4952943;-175349;500
2,02E+11;18;1;13;1440;1;1;1;1;7;427;RD 15 Route de la mer;M;4946334;-125895;500
2,02E+11;18;2;11;1715;1;1;1;1;1;52;D 67;M;4935508;-137777;500
2,02E+11;18;2;14;1845;5;2;1;2;6;400;44 Rue de periers;M;4937478;-142456;500
2,02E+11;18;5;5;1420;1;1;3;1;2;341;;M;;;500
2,02E+11;18;5;7;215;3;1;1;1;6;400;la bastille;M;4936512;-137395;500
2,02E+11;18;5;7;1030;1;1;2;7;3;55;Intersection RD126 - RD2;M;4943805;-149450;500
2,02E+11;18;5;13;2115;2;1;1;1;7;523;route de ST MARTIN;M;4941863;-128340;500
2,02E+11;18;5;22;1800;1;1;1;1;6;49;route de st sauveur le v;M;4937124;-160630;500
2,02E+11;18;6;3;1315;1;1;1;1;3;523;rue de fauville;M;4939777;-130915;500
2,02E+11;18;6;8;2030;1;1;1;1;6;49;RD 15;M;4937651;-162670;500
2,02E+11;18;6;10;1810;1;1;1;1;6;551;05 route du dйfant;M;4937606;-155371;500
2,02E+11;18;6;17;1930;1;1;2;2;6;370;LES FORGES DE VARDON_;M;4941573;-157468;500
2,02E+11;18;7;22;1050;1;2;3;1;7;551;rue des lices;M;4938670;-153197;500
2,02E+11;18;7;25;1630;1;1;1;1;6;467;route de vaudiville;M;4948178;-134618;500
2,02E+11;18;8;5;1940;1;2;2;1;3;341;;M;4948712;-137966;500
2,02E+11;18;8;17;950;1;1;2;1;3;517;D14/D423;M;4942675;-124696;500
2,02E+11;18;8;31;1330;1;2;1;1;3;507;40 Boulevard des dunes;M;4948976;-126119;500
2,02E+11;18;8;31;1615;1;2;4;1;3;103;rue de l'Йglise_;M;4937199;-132891;500
2,02E+11;18;9;14;1800;1;1;1;1;7;642;rue des margueries;M;4938008;-139138;500
2,02E+11;18;9;18;1200;1;1;1;1;6;427;les brocs;M;4944188;-128702;500
2,02E+11;18;10;4;1420;1;1;3;1;2;387;;M;4942238;-144936;500
2,02E+11;18;11;25;200;3;2;1;5;1;227;63 rue saint pierre;M;4945433;-141252;500
2,02E+11;18;12;19;1815;3;1;1;1;5;523;RD 974;M;4941715;-132364;500
2,02E+11;18;1;5;1540;1;1;6;7;3;354;les douetils;M;4912375;-150390;500
2,02E+11;18;1;20;1200;1;1;1;6;6;44;lieu dit Le Pissot;M;4907332;-135754;500
2,02E+11;18;3;22;1215;1;1;2;1;3;389;Lieu dit la blanche roqu;M;4901061;-137670;500
2,02E+11;18;3;27;750;2;1;1;2;4;145;le ridel;M;4906697;-138731;500
2,02E+11;18;4;9;1230;1;2;1;1;2;3;rue Amiral Tourville;M;4904817;-159818;500
2,02E+11;18;4;28;230;3;1;6;1;6;219;le gros Fresnes;M;4907077;-146454;500
2,02E+11;18;5;20;2320;3;1;2;1;3;58;Intersection D244 et D34;M;4907065;-156428;500
2,02E+11;18;6;3;1843;1;2;2;1;3;3;charriиre du commerce;M;4903449;-158343;500
2,02E+11;18;6;22;745;1;1;3;7;4;279;lieu dit la montagne;M;4908149;-129515;500
2,02E+11;18;6;28;2125;1;2;1;1;6;506;route dйpartementale 244;M;4907123;-153882;500
2,02E+11;18;7;1;2330;3;1;1;1;6;345;Le Champaux;M;4907724;-143836;500
2,02E+11;18;7;27;1540;1;1;1;1;2;464;la vaudeniere;M;4897936;-141104;500
2,02E+11;18;9;1;1040;1;1;1;1;1;378;Lieu-dit L'Hotel Horel;M;4900435;-127184;500
2,02E+11;18;9;21;1850;1;1;2;1;3;350;Le zercis;M;4899666;-131757;500
2,02E+11;18;10;3;1339;1;1;1;1;7;464;"lieu dit ""La Hersiиre""";M;4900800;-138085;500
2,02E+11;18;10;11;745;1;1;3;1;3;145;la hastonniиre;M;4906640;-138946;500
2,02E+11;18;10;23;630;3;1;2;1;3;3;RD650;M;4905391;-156410;500
2,02E+11;18;11;9;1335;1;1;1;1;1;376;LA MOINERIE;M;4902116;-140380;500
2,02E+11;18;11;10;1505;1;2;1;1;6;3;40 rue leverrier;M;4905037;-160068;500
2,02E+11;18;2;20;1510;1;1;2;1;6;85;route de la blanche mais;M;4891915;-152070;500
2,02E+11;18;4;1;2000;2;1;1;2;1;419;rue du gйnйral de gaulle;M;4897908;-146825;500
2,02E+11;18;4;13;2105;3;1;3;1;6;549;Route de la bougonniиre ;M;4884492;-143262;500
2,02E+11;18;4;18;1135;1;1;3;1;1;272;;M;4893927;-152973;500
2,02E+11;18;5;18;1345;1;1;2;7;1;197;Croisement D 98 - D 238 ;M;4890311;-129208;500
2,02E+11;18;7;3;1552;1;1;1;1;1;252;RD592 lieu les janets;M;4888375;-146722;500
2,02E+11;18;7;12;1400;1;2;1;1;7;76;Zone industrielle La Mar;M;4890058;-150743;500
2,02E+11;18;8;25;1440;1;1;3;1;2;365;D 971 - La Blanche Maiso;M;4892239;-149859;500
2,02E+11;18;9;18;810;1;2;1;7;6;349;rue de la foire;M;4898880;-151870;500
2,02E+11;18;10;3;1620;1;1;1;1;3;143;D114;M;4885183;-151252;500
2,02E+11;18;10;3;2130;3;1;3;1;3;278;rue de la libertй;M;4886607;-142935;500
2,02E+11;18;10;9;1800;1;2;2;1;3;231;intersection avenue des;M;4897409;-155915;500
2,02E+11;18;10;24;1638;1;1;4;1;6;429;les longs champs;M;4900245;-154976;500
2,02E+11;18;10;25;1620;1;2;1;7;6;277;rue des йcoliers;M;4885321;-155196;500
2,02E+11;18;11;12;920;1;2;1;1;6;76;Avenue Maurice Marland;M;4889526;-151342;500
2,02E+11;18;12;15;1515;1;1;1;3;5;85;route de Brйhal - CD 20;M;4890947;-152286;500
2,02E+11;18;1;6;1958;3;1;1;1;5;394;Route de COUTANCES;M;4917647;-140979;500
2,02E+11;18;1;28;1710;3;1;2;2;3;204;RD 650;M;4924914;-164981;500
2,02E+11;18;2;3;420;3;1;6;1;6;481;;M;4923679;-158707;500
2,02E+11;18;4;26;1900;1;2;1;1;7;394;Rue Jean Baptiste PASTUR;M;4918190;-140991;500
2,02E+11;18;6;23;1625;1;1;2;1;1;136;RD 223;M;4932616;-138941;500
2,02E+11;18;7;1;300;3;1;2;1;3;510;;M;4916960;-132612;500
2,02E+11;18;7;4;1740;1;1;3;1;5;267;D2;M;4919750;-152256;500
2,02E+11;18;7;9;1825;1;1;2;7;3;364;;M;4913792;-147093;500
2,02E+11;18;7;12;1800;1;1;2;1;3;481;RD 650;M;4923845;-161788;500
2,02E+11;18;7;26;1825;1;2;1;1;6;550;rue lastelle;M;4912720;-140803;500
2,02E+11;18;8;1;810;1;1;1;1;3;198;les landes;M;4912892;-152089;500
2,02E+11;18;8;4;500;5;1;1;1;1;267;RD900;M;4921121;-151077;500
2,02E+11;18;8;27;1545;1;1;1;1;1;403;;M;4915264;-151079;500
2,02E+11;18;8;29;1645;1;1;1;1;5;364;D2;M;4913537;-150504;500
2,02E+11;18;9;17;716;2;2;1;1;6;181;3 Le Bourg;M;4915124;-132042;500
2,02E+11;18;10;19;1035;1;1;6;1;4;403;route dйpartementale D65;M;4916785;-158903;500
2,02E+11;18;10;21;1410;1;2;1;1;6;236;Place du Gйnйral de Gaul;M;4929015;-154367;500
2,02E+11;18;12;31;1650;2;1;1;1;7;160;D903;M;4932305;-163581;500
2,02E+11;18;11;7;1356;1;1;2;1;3;166;;M;4933801;-153310;500
2,02E+11;18;5;19;515;2;1;1;1;6;59;"Lieu-dit ""la selle""";M;4454928;602425;50
2,02E+11;18;5;25;1745;1;1;1;1;3;37;D45 lieu-dit Fifre;M;4448098;605169;50
2,02E+11;18;7;13;2045;1;1;1;1;5;59;lieu dit la selle;M;4454956;602472;50
2,02E+11;18;8;14;945;1;1;2;1;3;59;237 la basse Freissinous;M;4452786;600975;50
2,02E+11;18;10;10;1200;1;1;1;1;7;22;Pk 2+800  Dйpartementale;M;4444132;620401;50
2,02E+11;18;10;10;1350;1;1;2;2;1;184;RD20 La piиce;M;4440661;595495;50
2,02E+11;18;2;28;1620;1;1;1;4;6;9;RAMPE DU MOTTY  LE MOTTY;M;4479849;597517;50
2,02E+11;18;3;17;630;2;1;1;4;7;142;RN 85;M;4477450;601775;50
2,02E+11;18;5;5;1600;1;1;1;1;6;56;Lieu-dit MANSE - RD 13;M;4461815;614220;50
2,02E+11;18;5;26;2305;3;1;1;2;6;142;RN85 Hameau La Trinitй;M;4477855;598535;50
2,02E+11;18;5;29;1647;1;1;1;2;6;9;RN85;M;4479521;597745;50
2,02E+11;18;7;1;1725;1;1;1;1;5;72;RN 85;M;4462818;608385;50
2,02E+11;18;7;14;2221;3;1;1;1;7;132;Route des Combes;M;4468294;616507;50
2,02E+11;18;7;22;445;5;2;3;1;6;153;la villette;M;4467587;616282;50
2,02E+11;18;8;25;1020;1;1;1;1;6;142;LE MOTTY;M;4480533;595635;50
2,02E+11;18;8;31;1200;1;1;1;1;7;149;PK 13 D13;M;4464794;620520;50
2,02E+11;18;9;21;1750;1;1;1;1;6;132;Les Alliberts;M;4468745;609174;50