Num_Acc;an;mois;jour;hrmn;lum;agg;int;atm;col;com;adr;gps;lat;long;dep
2,02E+11;18;11;11;1745;3;1;1;1;6;39;lieu dit les herbeys;M;4476655;601814;50
2,02E+11;18;11;17;1645;1;1;1;8;7;54;D17A;M;4466470;606174;50
2,02E+11;18;12;16;915;1;2;1;8;6;25;lieu-dit les Meuniers -;M;4465070;614830;50
2,02E+11;18;12;29;1850;3;1;1;1;6;147;D945;M;4466303;610659;50
2,02E+11;18;1;11;745;2;1;1;5;7;99;d994;M;4451371;578228;50
2,02E+11;18;2;28;1350;1;1;3;4;1;123;RD994;M;4456191;591844;50
2,02E+11;18;4;14;1640;1;1;1;1;6;28;D48- lieu dit AURILLAC;M;4447605;578317;50
2,02E+11;18;5;25;1800;1;1;2;1;6;123;La Plaine;M;4456184;592136;50
2,02E+11;18;7;3;830;1;2;2;1;3;179;AVENUE COMMANDANT DUMONT;M;4453453;582648;50
2,02E+11;18;7;15;1200;1;1;3;1;3;146;D1075;M;4461944;570286;50
2,02E+11;18;7;21;2130;3;1;1;1;1;55;Chemin de la Longeagne;M;4454601;572879;50
2,02E+11;18;7;30;1800;1;2;1;1;6;139;RD 17;M;4459848;587435;50
2,02E+11;18;9;7;1355;1;1;1;1;4;87;RD994;M;4456028;588610;50
2,02E+11;18;9;26;1750;1;2;4;1;3;179;avenue cdt dumont;M;4453594;582956;50
2,02E+11;18;11;3;530;2;2;4;1;6;179;avenue du commandant Dum;M;4453318;582174;50
2,02E+11;18;12;11;2000;3;1;1;1;6;179;route dйpartementale 994;M;4452178;579843;50
2,02E+11;18;12;22;1710;2;1;1;1;1;55;D1075;M;4456714;574596;50
2,02E+11;18;2;9;2245;3;1;1;1;6;11;rd942  la plaine  PK052.;M;4454717;619961;50
2,02E+11;18;2;15;5;3;1;1;1;7;124;RN 94 lieu dit le Plan;M;4457719;615460;50
2,02E+11;18;4;26;1550;1;1;1;1;7;11;D942;M;4454056;619330;50
2,02E+11;18;5;20;1400;1;1;1;2;2;40;RN94  pk 088.091;M;4454073;628652;50
2,02E+11;18;5;30;1755;1;1;2;8;3;84;La Montgardine;M;4455714;623477;50
2,02E+11;18;6;25;1130;1;1;1;1;5;140;RD 942;M;4450458;615930;50
2,02E+11;18;6;30;1730;1;1;3;1;5;17;RN94  PK 81+280;M;4456105;621113;50
2,02E+11;18;7;4;1930;1;1;1;1;5;40;RD3 PR 001+230;M;4453193;628525;50
2,02E+11;18;7;14;1050;1;1;1;1;5;40;RN 94 PK 85+735;M;4454972;626295;50
2,02E+11;18;8;16;810;1;1;1;1;7;124;Lieu dit les Guerins;M;4459707;614866;50
2,02E+11;18;9;8;2010;3;1;3;1;3;17;N94;M;4456342;619662;50
2,02E+11;18;9;22;1430;1;2;3;1;3;17;intersection rue de l'ay;M;4456520;620105;50
2,02E+11;18;10;7;1420;1;1;1;1;6;40;Aire de repos d'aiguebel;M;4453838;629149;50
2,02E+11;18;10;13;920;1;2;6;1;6;40;avenue des martyrs;M;4454651;627166;50
2,02E+11;18;12;16;915;1;1;1;4;1;40;za la grande ile N94;M;4455066;626016;50
2,02E+11;18;1;1;1420;1;1;1;1;1;46;route nationale 94;M;4455399;650094;50
2,02E+11;18;2;5;915;1;1;1;8;7;36;RN 94;M;4462589;654388;50
2,02E+11;18;3;12;1435;1;1;1;2;6;36;PR 122 +0391 RN94;M;4463222;655977;50
2,02E+11;18;3;25;1645;1;2;1;1;1;46;RD994H;M;4455644;648318;50
2,02E+11;18;5;10;1145;1;1;1;1;3;164;RN 94;M;4452664;641649;50
2,02E+11;18;5;20;250;3;1;1;1;7;46;route de vachиre - torre;M;4455163;649397;50
2,02E+11;18;7;3;1715;1;2;1;1;6;46;D994H;M;4456118;648867;50
2,02E+11;18;7;29;2225;5;2;1;1;3;46;boulevard Pasteur;M;4456437;649364;50
2,02E+11;18;8;3;1654;1;2;1;1;6;98;Chemin piйton au niveau;M;4449449;655367;50
2,02E+11;18;8;16;1415;1;1;1;1;7;108;RD 641;M;4454413;641191;50
2,02E+11;18;8;23;900;1;1;1;1;6;46;RD 994;M;4458057;647571;50
2,02E+11;18;8;24;1655;1;1;1;1;2;45;RN 94  Plage les Eaux Do;M;4452973;642843;50
2,02E+11;18;9;18;830;1;2;1;7;5;46;avenue Justin Gras;M;4456050;648813;50
2,02E+11;18;10;12;1550;1;2;1;1;2;46;la clapiиre N2094;M;4455100;648443;50
2,02E+11;18;4;17;1900;1;2;2;1;3;34;RD 36;M;4910025;-45897;140
2,02E+11;18;5;9;1610;1;1;1;1;3;157;ROUTE DEPARTEMENTALE 9;M;4917559;-52585;140
2,02E+11;18;10;25;1717;1;2;2;1;3;249;Intersection rue de la;M;4911297;-47220;140
2,02E+11;18;12;11;1900;3;1;2;1;3;747;intersection RD36/RD89;M;4910886;-45288;140
2,02E+11;18;1;27;2110;3;1;1;2;7;711;CD 30;M;4931570;-90199;140
2,02E+11;18;2;24;1600;1;1;1;1;6;209;LIEU-DIT LE MONT FLAMBЙ;M;4927000;-82217;140
2,02E+11;18;3;17;1634;1;2;2;1;3;107;D5-D29;M;4928620;-95870;140
2,02E+11;18;3;23;2040;5;1;6;3;1;480;LIEU-DIT CAPART;M;4932220;-109222;140
2,02E+11;18;4;3;830;1;1;1;1;1;711;rue de la Barre - CD 30;M;4931917;-90181;140
2,02E+11;18;5;7;1750;1;2;9;1;1;35;129 Rue des Forges;M;4918406;-84573;140
2,02E+11;18;6;7;1620;1;2;1;2;6;342;06 rue de Littry;M;4931487;-110066;140
2,02E+11;18;6;11;1807;1;1;2;1;3;716;CD 13 LA BELLE  EPINE;M;4918129;-71939;140
2,02E+11;18;6;24;250;3;2;1;1;6;745;05 route de port;M;4936611;-89332;140
2,02E+11;18;6;23;1945;1;1;1;1;7;705;Le picard;M;4923094;-93370;140
2,02E+11;18;6;24;2210;2;1;1;1;7;480;LES HAUTS VENTS;M;4933504;-106065;140
2,02E+11;18;7;3;1005;1;2;1;1;1;121;Lieu-dit L'ЙGLISE;M;4915785;-76000;140
2,02E+11;18;7;5;100;4;1;1;1;2;714;RD 572;M;4921359;-80767;140
2,02E+11;18;7;9;1110;1;2;1;1;1;605;17 RUE DE LA LIBERATION;M;4936776;-88131;140
2,02E+11;18;7;9;2230;3;1;1;1;7;204;7 la pointe du hoc;M;4939138;-99046;140
2,02E+11;18;8;19;405;5;2;1;1;6;342;36 rue de littry;M;4931316;-109997;140
2,02E+11;18;9;11;1330;1;1;1;1;7;652;D514;M;4938735;-97399;140
2,02E+11;18;9;13;1700;1;2;1;1;6;256;le hameau becquet;M;4932024;-79424;140
2,02E+11;18;10;13;1230;1;1;4;1;6;763;D11 D5;M;4929459;-105446;140
2,02E+11;18;10;23;1430;1;2;1;1;1;705;CD15;M;4923259;-93577;140
2,02E+11;18;10;27;1015;1;1;1;1;6;397;CD29 - DOUVILLE;M;4930851;-84862;140
2,02E+11;18;11;3;1340;1;2;2;1;3;342;2 rue Emile Demagny;M;4931688;-110285;140
2,02E+11;18;12;4;1935;3;1;1;2;6;445;D13;M;4918516;-85481;140
2,02E+11;18;12;16;930;1;2;2;1;6;342;rue lazare carnot;M;4931852;-109978;140
2,02E+11;18;2;19;1420;1;2;1;8;6;515;RUE DE BAYEUX;M;4934450;-75525;140
2,02E+11;18;4;1;1100;1;2;1;1;6;676;Rue des alliйs;M;4929372;-64546;140
2,02E+11;18;4;2;1015;1;2;1;8;1;196;D65;M;4931082;-54686;140
2,02E+11;18;4;6;2100;3;1;1;1;7;200;lieu dit le creullet;M;4928935;-54230;140
2,02E+11;18;4;14;1715;1;2;1;3;7;191;Route Anglaise;M;4932322;-45201;140
2,02E+11;18;5;15;1105;1;1;2;1;3;49;Carrefour  D112 / D87;M;4930239;-60357;140
2,02E+11;18;6;8;1645;1;1;2;1;3;200;CARREFOUR    D93/D35;M;4928034;-53466;140
2,02E+11;18;7;9;1820;2;1;1;7;6;62;D141;M;4927286;-44640;140
2,02E+11;18;7;23;1700;1;2;4;1;3;565;rue du flouet;M;4933902;-60149;140
2,02E+11;18;9;29;1530;1;1;2;1;3;577;D82;M;4926871;-55855;140
2,02E+11;18;10;25;2110;3;1;1;1;7;355;Lieu-dit Pierrepont;M;4927287;-49374;140
2,02E+11;18;10;26;1445;1;1;1;2;2;196;D65;M;4931009;-54691;140
2,02E+11;18;11;6;915;1;1;1;1;7;377;route des monts;M;4933142;-71056;140
2,02E+11;18;12;14;1920;5;1;2;1;3;200;D93-D35;M;4928032;-53449;140
2,02E+11;18;12;15;900;1;2;1;3;6;21;route de ryes;M;4933732;-62293;140
2,02E+11;18;12;28;2100;3;1;3;5;3;400;Intersection D12 D127;M;4928662;-60678;140
2,02E+11;18;1;4;1750;5;2;1;2;6;752;RUE D'AUNAY;M;4907968;-65944;140
2,02E+11;18;1;31;1725;2;1;2;2;3;282;LA CARBONNIERE;M;4913950;-80185;140
2,02E+11;18;3;11;1725;2;2;1;7;2;143;ROUTE DE TORIGNI;M;4908830;-81574;140
2,02E+11;18;3;30;1625;1;1;1;1;6;449;LIEU DIT ESTIMANVILLE;M;4911730;-60950;140
2,02E+11;18;4;17;720;1;1;1;1;6;353;RD 8;M;4908003;-55578;140
2,02E+11;18;5;14;835;1;1;1;1;1;702;Voie communale n° 7;M;4910401;-58439;140
2,02E+11;18;6;20;1610;1;1;1;1;3;111;le haut but;M;4918293;-63074;140
2,02E+11;18;7;4;1105;1;1;1;1;3;278;D217;M;4917520;-58175;140
2,02E+11;18;7;8;1900;1;1;1;1;7;695;D9;M;4913104;-73095;140
2,02E+11;18;7;19;2100;1;1;1;1;7;702;D83;M;4910143;-58389;140
2,02E+11;18;8;16;1555;1;2;1;1;6;752;ROUTE D'AUNAY RD6;M;4907573;-65916;140
2,02E+11;18;8;21;1915;1;1;2;1;3;364;D13;M;4917644;-68376;140
2,02E+11;18;9;9;1;3;1;1;1;6;353;D8;M;4907274;-56724;140
2,02E+11;18;9;11;1715;1;2;1;1;7;7;lieu dit saint germain;M;4908059;-70600;140
2,02E+11;18;9;28;1800;1;2;3;1;3;596;LE  BOURG;M;4904518;-83757;140
2,02E+11;18;9;30;245;3;1;1;1;6;278;Route de Caen;M;4917138;-56026;140
2,02E+11;18;10;1;1650;1;2;1;1;3;692;rue du 18 juin 1944;M;4917273;-63042;140
2,02E+11;18;11;15;1610;1;2;3;1;3;475;D 675  Route de Bretagne;M;4911868;-57122;140
2,02E+11;18;12;26;1430;1;1;1;1;3;11;D9;M;4910823;-77593;140
2,02E+11;18;1;14;1100;1;2;1;1;6;514;RUE SAINT MЙLAINE;;;;140
2,02E+11;18;4;4;1656;1;1;1;1;5;578;CD579 LE LIEU CHENARD;M;4936951;21346;140
2,02E+11;18;5;19;1750;1;1;2;1;7;578;Carrefour de la Vierge;M;4935538;17091;140
2,02E+11;18;6;7;2215;2;2;1;1;6;514;Rue Saint-Michel;M;4928593;18491;140
2,02E+11;18;6;13;1715;1;1;1;1;3;534;Route Dйpartementale 675;M;4927363;16920;140
2,02E+11;18;6;13;1915;1;1;1;1;6;534;d675;M;4926486;14970;140
2,02E+11;18;6;23;130;3;2;1;1;6;500;RD 280 A;M;4925594;20272;140
2,02E+11;18;7;29;125;3;1;1;8;6;620;RD 58;M;4930627;15013;140
2,02E+11;18;7;31;5;3;1;1;1;6;86;route de honfleur RD 288;M;4933955;13471;140
2,02E+11;18;8;13;1930;1;1;1;1;6;85;CD 68 route de Beuzevill;M;4927331;34498;140
2,02E+11;18;8;28;2020;2;1;1;1;1;161;RD 285;M;4924870;12052;140
2,02E+11;18;10;3;1640;1;1;2;1;3;578;RD  74;M;4935541;17083;140
2,02E+11;18;12;16;100;3;2;1;1;1;86;CD 677;M;4932547;12263;140
2,02E+11;18;12;19;440;3;1;1;2;6;578;D17;M;4933226;23523;140
2,02E+11;18;1;1;1100;1;1;1;8;6;494;CD49;M;4926130;-9444;140
2,02E+11;18;1;3;1055;1;2;1;6;6;754;16 AVENUE DE LA RЙPUBLIQ;M;4932450;-309;140
2,02E+11;18;4;3;745;2;1;1;8;1;335;D 78;M;4917922;-7142;140
2,02E+11;18;4;12;740;1;1;2;1;3;494;Intersection D 400-Che;M;4926678;-10428;140
2,02E+11;18;4;15;2245;3;1;1;2;6;305;route dйpartementale 513;M;4930063;-4045;140
2,02E+11;18;4;20;1655;1;2;1;7;7;494;CD27;M;4925639;-7709;140
2,02E+11;18;5;21;1720;1;1;3;1;2;126;intersection D613 - D 2;M;4912096;6859;140
2,02E+11;18;5;24;1630;1;2;1;1;1;754;avenue jean moulin;M;4932298;1205;140
2,02E+11;18;5;27;1940;1;1;1;1;7;280;D45;M;4921671;13512;140
2,02E+11;18;6;22;1645;1;1;4;1;3;231;RD276-Chemin de la Vall;M;4921022;3124;140
2,02E+11;18;6;27;1810;1;1;1;1;6;316;RD 142;M;4926149;-4086;140
2,02E+11;18;7;12;1920;1;1;3;1;2;743;Intersection D16  Rue P;M;4916562;181;140
2,02E+11;18;7;15;1045;1;1;1;1;3;398;RD 45;M;4920690;15658;140
2,02E+11;18;7;19;1720;1;1;3;1;3;203;Intersection D400/ Entr;M;4923054;-8637;140
2,02E+11;18;7;23;530;3;1;1;1;1;110;D 400;M;4924627;-10310;140
2,02E+11;18;7;30;1205;1;1;1;1;1;70;rd 49;M;4919586;-6286;140
2,02E+11;18;8;1;2330;3;1;1;1;7;398;CD 59;M;4916758;9464;140
2,02E+11;18;8;9;1515;1;1;1;1;6;316;route dйpartementale 142;M;4926226;-5762;140
2,02E+11;18;8;12;1500;1;2;1;1;6;754;avenue de la rйpublique;M;4932503;-177;140
2,02E+11;18;8;18;1605;1;1;1;1;6;541;route dйpartementale 59;M;4917527;8821;140
2,02E+11;18;9;25;850;1;1;2;1;1;316;D 45;M;4927365;-5254;140
2,02E+11;18;9;26;1715;1;2;2;1;3;754;rue du lieutenant Fernan;M;4932187;-219;140
2,02E+11;18;10;11;2135;3;1;4;1;6;448;RD 85;M;4917279;4533;140
2,02E+11;18;10;25;1918;5;2;1;1;3;754;140 avenue de la Rйpubli;M;4933221;1430;140
2,02E+11;18;11;14;1815;3;1;1;1;6;398;d59 - PK 4+900;M;4916475;9568;140
2,02E+11;18;1;1;445;3;1;1;2;6;287;D613;M;4913890;-23877;140
2,02E+11;18;1;19;820;2;2;1;2;2;57;RD 613  53 BIS ROUTE DE;;;;140
2,02E+11;18;1;26;1615;1;1;1;1;6;349;RD 562 A;M;4908590;-37942;140
2,02E+11;18;2;17;1108;1;2;1;1;6;556;RUE DES CANADIENS;M;4911640;-37666;140
2,02E+11;18;2;20;1815;1;1;1;8;7;309;RD 132 - PK 008.850;;;;140
2,02E+11;18;3;2;735;2;2;1;9;7;408;RUE PAUL SAMSON;M;4909610;-37083;140
2,02E+11;18;4;19;1115;1;1;1;1;7;5;Route Dйpartementale 47;M;4909769;-14410;140
2,02E+11;18;4;20;1515;1;1;3;1;7;456;Rd 80;M;4911610;-17771;140
2,02E+11;18;5;4;1740;1;2;9;1;6;516;rue des capucines;M;4897040;-24627;140
2,02E+11;18;5;9;2325;3;1;1;1;6;659;Rue Saint Sйbastien - RD;M;4904063;-20766;140
2,02E+11;18;5;11;1040;1;2;3;1;3;163;Intersection rue de l'йg;M;4915652;-9321;140
2,02E+11;18;6;15;2125;1;2;3;1;3;761;RD 613 - route  de Paris;M;4912209;-19784;140
2,02E+11;18;6;17;1;5;2;1;1;7;90;D238 - Rue de la rйpubli;M;4905261;-39209;140
2,02E+11;18;8;4;1445;1;2;1;1;6;456;Route dйpartementale 80;M;4911641;-17697;140
2,02E+11;18;8;19;1830;1;2;2;1;6;516;RUE LOUIS LEFEVRE;M;4896990;-25440;140
2,02E+11;18;10;16;2115;3;1;1;1;6;5;RD40;M;4908730;-15439;140
2,02E+11;18;10;19;1755;1;2;3;1;6;516;Rue Louis Lefиvre;M;4897030;-24245;140
2,02E+11;18;10;25;1825;1;1;1;1;2;39;RD 23 PR 06 + 450;M;4901570;-34618;140
2,02E+11;18;10;27;2345;5;2;1;2;6;456;la tringale;M;4910115;-15424;140
2,02E+11;18;11;23;2045;3;1;1;2;3;20;RD 613;M;4911897;-17961;140
2,02E+11;18;11;24;920;1;2;2;1;3;556;Rue des canadiens;M;4911656;-38398;140
2,02E+11;18;1;2;1530;1;1;1;2;1;414;RD 38;M;4899990;14235;140
2,02E+11;18;1;19;1400;1;1;3;1;3;478;RD 519;;;;140
2,02E+11;18;1;19;715;3;1;1;3;3;403;CARREFOUR DU MAY;M;4914340;37087;140
2,02E+11;18;2;2;1115;1;2;1;2;6;371;A HAUTEUR DU 3 RUE MARCE;M;4900470;15059;140
2,02E+11;18;3;12;1745;1;1;1;1;5;270;RD613;M;4914390;33587;140
2,02E+11;18;3;12;1930;3;1;1;1;6;478;;M;4903120;39107;140
2,02E+11;18;3;31;1330;1;1;3;1;5;414;INTERSECTION D4/D38;;;;140
2,02E+11;18;5;23;1350;1;1;4;1;7;371;LIEU-DIT LES BODINIERES;M;4905238;20060;140
2,02E+11;18;5;25;930;1;2;2;1;6;194;LE  BOURG;M;4908440;37096;140
2,02E+11;18;7;7;1130;1;1;2;1;3;371;RD  579;M;4904319;15068;140
2,02E+11;18;8;18;1835;1;2;2;1;2;371;carrefour de la D579;M;4900500;14780;140
2,02E+11;18;9;6;611;3;1;1;1;6;625;Route de Fervaques;M;4910073;21755;140
2,02E+11;18;9;7;1715;1;1;2;1;2;570;D519;M;4907422;32504;140
2,02E+11;18;10;11;755;2;2;3;1;1;303;RD  519;M;4912541;27574;140
2,02E+11;18;12;6;925;1;2;2;1;2;303;RD  519;M;4912350;27893;140
2,02E+11;18;1;4;1945;3;1;1;8;1;600;D-511;;;;140
2,02E+11;18;1;8;825;2;1;1;1;5;345;CD 511 - JORT;M;4897650;-7649;140
2,02E+11;18;2;2;130;3;1;1;1;6;99;;M;4904340;-1686;140
2,02E+11;18;2;16;1720;1;2;2;1;7;654;RUE CHARLES DE GAULLE;;;;140
2,02E+11;18;4;3;1000;1;1;1;2;7;527;D72 - Route de trouville;M;4911454;-4961;140
2,02E+11;18;4;27;1715;1;1;1;1;1;527;D 101;M;4910176;-2821;140
2,02E+11;18;5;18;1415;1;1;1;1;7;520;RD 151 route de Lisieux;M;4916081;15674;140
2,02E+11;18;6;12;1600;1;1;1;1;6;81;"Lieu dit ""les vallйes """;M;4901998;6035;140
2,02E+11;18;6;16;1235;1;1;1;1;7;648;LE PONT DE LA MOTTE;M;4912334;18301;140
2,02E+11;18;7;16;1800;1;1;2;1;2;345;d 511;M;4898711;-6540;140
2,02E+11;18;7;26;2015;1;1;1;1;7;735;D250;M;4899216;-4724;140
2,02E+11;18;8;25;1150;1;2;1;1;3;431;135 avenue Jean-Jaurиs;M;4907347;-8062;140
2,02E+11;18;8;29;1100;1;1;1;2;6;654;D511 - Vieux pont en aug;M;4905038;3139;140
2,02E+11;18;9;28;45;5;2;1;1;6;493;42 grande rue;M;4905679;-6261;140
2,02E+11;18;9;28;2010;2;1;1;1;3;81;D4;M;4901984;5832;140
2,02E+11;18;10;27;1135;1;1;1;3;3;337;RD 613;M;4912957;11023;140
2,02E+11;18;10;29;2020;3;1;1;3;7;331;Lieu dit les perrelles ;M;4901557;912;140
2,02E+11;18;10;29;1710;1;2;6;1;2;431;place Charles De Gaulle;M;4907352;-6947;140
2,02E+11;18;10;31;1117;1;2;3;7;6;654;Rue de falaise;M;4901542;-3608;140
2,02E+11;18;11;4;1210;1;1;2;1;3;386;LES BARBITOTS RD 40;M;4904835;-11103;140
2,02E+11;18;11;6;1715;2;1;1;3;7;431;D101;M;4911149;587;140
2,02E+11;18;1;4;645;3;1;1;3;6;253;;M;4890780;-72233;140
2,02E+11;18;7;14;1215;1;1;2;1;3;357;La Caverie - LASSY;M;4892333;-70779;140
2,02E+11;18;7;16;1415;1;1;1;1;6;726;Les clos - VIESSOIX;M;4884089;-80664;140
2,02E+11;18;10;7;1930;3;1;1;1;7;726;la marvindiиre;M;4889960;-77858;140
2,02E+11;18;12;8;215;5;2;2;2;3;174;Intersection rue de la C;M;4884789;-55702;140
2,02E+11;18;1;13;1805;5;2;3;1;3;108;554 avenue de la Rйpubli;M;4357811;695041;60
2,02E+11;18;2;10;1510;1;1;1;1;1;138;D6098 PK 01 - Avenue de;M;4349338;694510;60
2,02E+11;18;3;15;1535;1;1;1;2;1;138;RD 6098 PK3+500;M;4348663;693886;60
2,02E+11;18;3;16;2205;3;2;1;1;3;79;Avenue du Marйchal Lyaut;M;4355382;694705;60
2,02E+11;18;3;18;510;2;2;1;2;5;108;1080 chemin de la levade;M;4357604;694032;60
2,02E+11;18;4;22;915;1;1;6;1;3;90;rond point D1009 entre c;M;4358753;693485;60
2,02E+11;18;5;8;1500;1;1;1;1;7;108;1366 bd du 8 mai;M;4359363;695678;60
2,02E+11;18;5;24;1010;1;1;1;1;6;79;D6098 en direction de TH;M;4352063;694055;60
2,02E+11;18;6;25;2345;3;2;1;1;6;138;D6098;M;4350587;694132;60
2,02E+11;18;6;27;1020;1;2;1;1;6;79;avenue marйchal juin;M;4353677;693488;60
2,02E+11;18;6;29;1145;1;2;1;1;6;79;place jeanne d'arc;M;4355555;693854;60
2,02E+11;18;6;29;1408;1;2;1;1;1;79;gaston de fontmichel;M;4354603;694947;60
2,02E+11;18;7;2;1200;1;1;1;1;6;79;avenue de Frejus;M;4352541;691393;60
2,02E+11;18;7;3;1755;1;2;1;1;3;79;Avenue du Gйnйral de Gau;M;4353357;695026;60
2,02E+11;18;7;4;805;1;2;3;1;3;90;Route de la Fиnerie;M;4358031;692948;60
2,02E+11;18;7;5;1349;1;2;9;1;6;138;Esplanade gйnйral DEGAUL;M;4350687;694282;60
2,02E+11;18;7;8;225;5;2;1;1;1;79;avenue De Saint Exupйry;M;4355753;695220;60
2,02E+11;18;7;8;1530;1;2;1;1;3;79;bd du bon puits;M;4352725;693503;60
2,02E+11;18;7;12;1745;1;2;3;1;2;79;rond point des Vanniers;M;4355594;694101;60
2,02E+11;18;7;12;1650;1;2;6;1;2;79;rond point de l'espace;M;4354016;693565;60
2,02E+11;18;7;15;2135;2;2;1;1;4;79;avenue du gйnйral de gau;M;4353357;695026;60
2,02E+11;18;7;21;1325;1;2;1;7;3;108;26 Avenue de la Rйpubliq;M;4358164;694459;60
2,02E+11;18;8;14;1645;1;1;1;1;1;79;Rue Jean Monnet;M;4354160;692188;60
2,02E+11;18;8;17;750;1;2;3;1;3;79;avenue gйnйral de Gaulle;M;4353357;695026;60
2,02E+11;18;8;26;2035;5;2;1;1;3;90;RD 109;M;4359046;692882;60
2,02E+11;18;8;31;1730;1;1;1;1;3;79;Boulevard du BON PUITS;M;4352725;693503;60
2,02E+11;18;9;7;1150;1;2;1;1;6;79;725 av de cannes;M;4354438;693758;60
2,02E+11;18;9;7;2040;5;2;1;1;1;108;1082 chemin de la Levade;M;4357233;694214;60
2,02E+11;18;10;2;1625;1;2;7;1;6;90;100 place du logis;M;4359255;693058;60
2,02E+11;18;10;23;1920;5;2;1;1;3;90;75 boulevard de la Moura;M;4359715;693120;60
2,02E+11;18;10;26;840;1;2;3;1;3;138;avenue de la cote d'azur;M;4349338;694510;60
2,02E+11;18;11;18;1135;1;2;3;1;5;79;2425 avenue de Frйjus;M;4352570;691390;60
2,02E+11;18;11;26;1830;5;2;3;1;1;79;avenue de cannes;M;4354243;693678;60
2,02E+11;18;12;8;1625;1;1;1;1;7;138;avenue de la cotes d'azu;M;4349338;694510;60
2,02E+11;18;12;18;735;2;2;1;1;6;108;1100 boulevard du 8 mai;M;4359363;695678;60
2,02E+11;18;12;21;1910;3;2;1;1;1;108;D1009;M;4358502;693209;60
2,02E+11;18;12;25;1520;1;1;1;1;3;138;15 Avenue de la Cote d'A;M;4349338;694510;60
2,02E+11;18;12;27;1345;1;1;6;1;2;79;Avenue du Marйchal Lyaut;M;4355382;694705;60
2,02E+11;18;1;24;1545;1;2;1;1;7;148;1207 route de vence;M;4371797;707034;60
2,02E+11;18;4;16;1320;1;2;2;1;3;112;61 route de nice;M;4367482;701032;60
2,02E+11;18;4;18;1205;1;2;2;1;3;89;chemin de san peyre;M;4366528;699278;60
2,02E+11;18;4;20;1200;1;2;1;1;6;112;Route dйpartementale 208;M;4367411;700654;60
2,02E+11;18;3;28;1100;1;2;1;1;7;38;Route d'Opio;M;4367516;697931;60
2,02E+11;18;5;12;1145;1;1;1;1;2;148;601 route de vence;M;4371797;707034;60
2,02E+11;18;5;18;1405;1;1;1;1;7;68;D3;M;4374536;699107;60
2,02E+11;18;6;16;1050;1;2;1;1;3;112;4 route de nice;M;4367461;700963;60
2,02E+11;18;7;2;850;1;1;1;1;1;105;3179 route de la colle s;M;4368736;706702;60
2,02E+11;18;7;2;1230;1;2;1;1;2;105;rd 2085;M;4366402;705418;60
2,02E+11;18;7;21;1610;1;1;1;1;6;68;Route dйpartementale 12;M;4372266;697369;60
2,02E+11;18;8;10;1730;1;1;1;1;3;105;RD 2085;M;4367178;703247;60
2,02E+11;18;8;13;1710;1;2;1;1;1;89;15 route de cannes;M;4366072;698956;60
2,02E+11;18;8;22;815;1;2;1;1;1;38;1850 route de Nice;M;4367430;698863;60
2,02E+11;18;8;17;1517;1;1;1;1;6;49;D6;M;4373686;699939;60
2,02E+11;18;9;15;1840;1;1;1;1;6;10;93 route de Gourdon;M;4372236;697592;60
2,02E+11;18;9;21;1730;1;2;1;1;1;68;336 chemin des claps;M;4373546;694520;60
2,02E+11;18;9;17;1930;5;2;1;1;1;38;185 RD4 ou route de Valb;M;4364143;698820;60
2,02E+11;18;10;12;815;1;2;3;1;1;112;Intersection chemin des;M;4367605;701882;60
2,02E+11;18;12;4;1930;5;1;1;1;1;148;3836 RD 2210;M;4370467;703491;60
2,02E+11;18;12;13;1600;1;1;3;1;6;148;545 Route de Provence;M;4371576;707374;60
2,02E+11;18;4;1;1830;1;1;1;1;6;83;CD2566A;M;4379881;748714;60
2,02E+11;18;4;5;645;1;2;1;1;6;136;avenue des arcs sur arge;M;4387900;744649;60
2,02E+11;18;5;18;1000;1;2;1;1;7;163;12 avenue jean mйdecin;M;4405599;758774;60
2,02E+11;18;5;22;1020;1;1;1;2;6;62;route dйpartementale 620;M;4402866;757714;60
2,02E+11;18;7;12;730;1;1;1;1;6;23;Route de Vintimille;M;4392847;752190;60
2,02E+11;18;7;27;1515;1;1;1;1;1;163;RD 6204 PK 30+800;M;4409998;758865;60
2,02E+11;18;8;6;1240;1;1;1;1;7;23;chemin de veil;M;4396335;752595;60
2,02E+11;18;8;12;345;3;1;1;1;6;162;D43;M;4406495;762382;60
2,02E+11;18;9;30;1730;1;1;1;1;5;23;RD 6204 PK 6+500;M;4392847;752190;60
2,02E+11;18;10;6;1200;1;1;1;1;7;162;PISTE DU PIREE;M;4406005;766186;60
2,02E+11;18;1;9;2115;5;2;1;2;1;32;avenue du Gйnйral de Gau;M;4372460;739536;60
2,02E+11;18;1;18;1802;5;2;1;1;3;150;D6007;M;4373357;741216;60