Num_Acc;an;mois;jour;hrmn;lum;agg;int;atm;col;com;adr;gps;lat;long;dep
2,02E+11;18;1;9;1915;5;2;3;1;1;699;ROY (CHEMIN DU);M;4934680;9709;140
2,02E+11;18;1;21;1603;1;2;8;2;3;557;OX AND BUCKS (AVENUE);M;4933930;10012;140
2,02E+11;18;2;6;2020;5;2;2;1;3;699;4  DOCTEUR LAINE (RUE DU;M;4935280;9493;140
2,02E+11;18;2;17;1500;1;2;1;1;4;715;21  AGUESSEAU (RUE D');M;4936100;8792;140
2,02E+11;18;2;18;2350;3;1;4;2;6;699;HONFLEUR (ROUTE D'HONFLE;M;4935040;11833;140
2,02E+11;18;2;17;1740;1;1;2;1;3;79;C D 27;M;4930710;4083;140
2,02E+11;18;2;21;1925;4;2;1;1;2;699;CD 677;M;4934470;9909;140
2,02E+11;18;3;4;1448;1;2;2;7;6;220;11  CORNUCHE (BOULEVARD);M;4936280;7443;140
2,02E+11;18;3;10;1314;1;1;1;1;6;715;0  AGUESSEAU (ROUTE D');M;4936550;10113;140
2,02E+11;18;3;14;254;3;1;1;1;6;79;TOURGEVILLE (ROUTE DE);M;4932420;2860;140
2,02E+11;18;4;25;1324;1;1;1;1;7;701;CD 275;M;4930345;8186;140
2,02E+11;18;4;23;1950;1;2;2;1;3;220;REPUBLIQUE (AVENUE DE LA;M;4935740;7415;140
2,02E+11;18;4;27;1000;1;2;1;1;2;557;BRIQUETTERIE (CHEMIN DE;M;4933841;9308;140
2,02E+11;18;4;21;120;5;2;1;1;6;715;CHANCELIER (RUE DU);M;4936864;8060;140
2,02E+11;18;5;10;1655;1;2;2;1;3;699;CD 677;M;4934019;10301;140
2,02E+11;18;5;9;125;5;2;2;1;3;220;REPUBLIQUE (AVENUE DE LA;M;4935891;7821;140
2,02E+11;18;5;15;450;5;2;2;1;6;59;LITTORAL (AVENUE DU);M;4934870;5041;140
2,02E+11;18;6;3;1435;1;2;1;1;6;715;MARECHAL FOCH (PLACE);M;4936605;7969;140
2,02E+11;18;6;23;1250;1;1;1;1;3;701;CD 278;M;4932194;9527;140
2,02E+11;18;7;16;1200;1;2;1;1;6;699;VALLEE D'AUGE (RUE DE LA;M;4934617;9587;140
2,02E+11;18;7;16;1250;1;1;3;1;1;557;L'ORGUEIL  (CHEMIN DE);M;4931827;9047;140
2,02E+11;18;9;7;1559;1;2;6;1;3;220;REPUBLIQUE (AVENUE DE LA;M;4935982;8142;140
2,02E+11;18;9;9;1520;1;2;1;1;6;715;HAUTPOUL (BOULEVARD);M;4936687;8374;140
2,02E+11;18;9;10;1810;1;2;1;1;6;715;PONT DES BELGES;M;4936108;8512;140
2,02E+11;18;10;2;1710;1;1;1;8;7;699;HONFLEUR (ROUTE D'HONFLE;M;4936788;12591;140
2,02E+11;18;10;9;1815;1;2;2;7;6;220;REPUBLIQUE (AVENUE DE LA;M;4935888;7811;140
2,02E+11;18;10;29;720;2;2;3;1;3;220;BRIQUETTERIE (CHEMIN DE;M;4935165;8954;140
2,02E+11;18;10;28;210;5;2;6;1;6;220;EUGENE-COLAS (RUE);M;4935958;7458;140
2,02E+11;18;11;7;1105;1;2;1;1;6;220;REPUBLIQUE (AVENUE DE LA;M;4935779;7517;140
2,02E+11;18;11;7;1800;5;2;9;2;3;715;AGUESSEAU (ROUTE D');M;4937240;12320;140
2,02E+11;18;11;8;1615;1;2;1;7;1;557;MARE (VOIE COMMUNALE DE;M;4933609;8928;140
2,02E+11;18;11;30;1100;1;2;9;1;3;701;REPUBLIQUE (AVENUE DE LA;M;4935262;6118;140
2,02E+11;18;12;2;1730;5;2;4;2;6;715;HAUTPOUL (BOULEVARD);M;4936906;8466;140
2,02E+11;18;12;6;1650;1;2;1;1;3;220;REPUBLIQUE (AVENUE DE LA;M;4935994;8227;140
2,02E+11;18;12;17;945;1;2;1;7;6;699;ROSES (RUE DES);M;4935199;10217;140
2,02E+11;18;12;25;1630;1;2;9;1;3;220;GOLF (AVENUE DU);M;4935162;65110;140
2,02E+11;18;12;26;1940;5;2;9;1;6;220;CORNUCHE (BOULEVARD);M;4935939;6887;140
2,02E+11;18;3;8;530;3;1;8;1;3;214;lieu dit d'en moussour p;M;4254192;284885;660
2,02E+11;18;4;2;750;2;1;1;1;3;15;D40;M;4256298;287621;660
2,02E+11;18;4;26;1930;1;2;1;1;7;225;cami de puig tarrous;M;4252429;290778;660
2,02E+11;18;5;7;1735;1;1;1;1;6;115;Avenue de la Mer;M;4254148;288945;660
2,02E+11;18;5;8;1650;1;2;1;1;1;178;traverse mas d'alquier;M;4250512;280155;660
2,02E+11;18;5;12;2130;3;1;1;3;6;175;D618;M;;;660
2,02E+11;18;5;29;1615;1;2;1;8;6;24;avenue lйon Jean grйgory;M;4252696;283260;660
2,02E+11;18;5;30;1435;1;1;4;3;6;15;d900;M;4255419;285896;660
2,02E+11;18;8;1;1905;1;1;1;1;2;15;D900;M;;;660
2,02E+11;18;8;26;1345;1;1;1;1;3;137;D900;M;;;660
2,02E+11;18;9;16;930;1;1;1;1;2;24;D 900;M;;;660
2,02E+11;18;9;24;730;2;2;3;1;3;178;avenue des Albиres;M;4251164;278992;660
2,02E+11;18;11;1;530;3;1;1;8;6;175;Ancienne RD 618;M;4254279;290987;660
2,02E+11;18;11;26;1645;1;2;1;1;6;24;Route de la Mйditerranйe;M;4251422;283275;660
2,02E+11;18;12;6;835;1;1;3;1;3;106;D900 carrefour de l'aube;M;4250092;282033;660
2,02E+11;18;5;20;925;1;1;1;1;3;48;D914;M;;;660
2,02E+11;18;6;24;150;5;2;1;1;7;16;avenue gйnйral de gaulle;M;;;660
2,02E+11;18;8;6;2050;2;2;1;1;1;16;avenue du gйnйral de gau;M;4247927;312917;660
2,02E+11;18;1;6;1900;5;2;9;2;1;149;D35;M;4262446;242772;660
2,02E+11;18;7;7;1420;1;1;1;1;1;149;route nationale 116 PK 4;M;4261476;243072;660
2,02E+11;18;7;12;1835;1;1;1;1;5;57;RN116 - PR 47+700;M;4259204;237208;660
2,02E+11;18;8;23;1030;1;1;3;1;5;57;D116;M;4258376;237059;660
2,02E+11;18;9;30;1915;2;1;1;1;1;90;RN116;M;4256175;229066;660
2,02E+11;18;3;13;310;3;2;1;1;6;72;route de font romeu;M;;;660
2,02E+11;18;4;2;1215;1;1;1;1;1;147;Route Nationale 22 - PK;M;4256091;177495;660
2,02E+11;18;1;5;730;2;1;1;5;3;124;RN 116  PONT DE BAU;M;4248659;206507;660
2,02E+11;18;1;23;950;1;1;3;1;3;98;Station de ski LA QUILLA;M;4254250;211842;660
2,02E+11;18;6;9;1440;1;1;1;1;3;154;dйpartementale 32;M;;;660
2,02E+11;18;6;24;1006;1;1;1;1;1;192;RN 116;M;;;660
2,02E+11;18;6;25;2210;3;1;1;1;7;124;ROUTE DES AIRELLES;M;4252015;204418;660
2,02E+11;18;7;13;1645;1;1;1;1;3;192;PK 75+700;M;4251562;214891;660
2,02E+11;18;8;3;125;3;1;1;1;6;4;DEPARTEMENTALE 32;M;;;660
2,02E+11;18;8;5;1430;1;1;1;1;1;124;Route Dйpartementale 29;M;4248531;206027;660
2,02E+11;18;8;12;500;3;1;1;1;6;154;D32 au niveau de la carr;M;4265832;212413;660
2,02E+11;18;9;9;1310;1;1;1;1;6;202;D618 - route de l'Andorr;M;4249565;197995;660
2,02E+11;18;3;10;1825;2;1;1;1;1;143;D 9;M;;;660
2,02E+11;18;5;24;1540;1;1;1;1;6;107;CD117;M;;;660
2,02E+11;18;6;2;1120;1;1;1;1;3;107;D117;M;;;660
2,02E+11;18;10;24;725;3;1;1;1;7;187;RD 117 PK 33+400;M;;;660
2,02E+11;18;11;30;1315;1;1;1;1;1;187;RD 117;M;;;660
2,02E+11;18;1;14;1515;1;1;1;1;6;151;rue gustave grillas;M;4688696;347702;580
2,02E+11;18;1;31;1625;1;2;1;2;6;95;Pont de la Vieille Loire;M;4682942;346454;580
2,02E+11;18;2;8;1310;1;1;1;1;5;105;dardault;M;4685636;337009;580
2,02E+11;18;2;18;2038;3;1;1;8;6;46;D981;M;4684530;365060;580
2,02E+11;18;3;31;1413;1;1;1;1;4;55;Le Creuzet;M;4683800;357168;580
2,02E+11;18;3;31;1645;1;1;1;2;1;20;D116 - PR 09+300;M;4681750;335906;580
2,02E+11;18;4;14;1015;1;2;1;1;6;151;13 avenue de la rйpubliq;M;4688906;346475;580
2,02E+11;18;5;5;1408;1;1;1;1;5;151;rd34;M;4687894;346341;580
2,02E+11;18;4;26;1115;1;1;1;1;1;95;Route de Moulins;M;4682295;345220;580
2,02E+11;18;7;11;1715;1;2;1;1;3;95;D978A;M;4680851;344748;580
2,02E+11;18;7;13;1050;1;2;1;1;6;95;rue des 4 vents;M;4682393;344860;580
2,02E+11;18;7;27;1150;1;1;1;1;7;306;lieu dit les Barbiers;M;4687321;358238;580
2,02E+11;18;8;2;1030;1;2;1;1;3;95;avenue du 14 juillet;M;4683481;346656;580
2,02E+11;18;8;18;1345;1;1;1;1;7;245;RD10;M;4681432;364904;580
2,02E+11;18;8;25;1200;1;1;1;8;7;20;RD116;M;4682030;334489;580
2,02E+11;18;8;31;1020;1;1;1;1;5;280;RD981;M;4684737;339955;580
2,02E+11;18;9;14;2110;3;1;1;1;5;306;D981;M;4684609;359631;580
2,02E+11;18;9;15;1130;1;2;1;1;6;151;36 rue jean jaures;M;4689347;346145;580
2,02E+11;18;10;10;900;1;1;1;5;3;95;Route de Moulins;M;4681122;344933;580
2,02E+11;18;10;26;2320;5;2;1;2;6;95;allйe Marcel Merles;M;4683321;345799;580
2,02E+11;18;10;29;1850;5;2;1;3;6;95;quartier saint thibault;M;4683609;346648;580
2,02E+11;18;11;11;1;3;2;1;3;6;250;6 route Nationale;M;4683695;346496;580
2,02E+11;18;11;15;1705;1;1;1;1;3;115;D116;M;4683344;332293;580
2,02E+11;18;12;2;1745;3;1;1;2;6;60;route D979 stade de foot;M;4679459;359431;580
2,02E+11;18;12;21;1715;2;2;1;2;1;95;121 avenue de Verdun;M;4682894;347550;580
2,02E+11;18;12;30;1925;5;1;3;1;3;137;Dйpartementale 116;M;4676239;356206;580
2,02E+11;18;1;22;1830;3;1;1;2;2;264;RD 2076;M;4680199;310546;580
2,02E+11;18;2;1;610;3;1;1;8;7;152;D 200 - PK 9+900;M;4688711;316565;580
2,02E+11;18;2;12;1050;1;1;1;1;3;296;RN7 - LES GRIOTTIERS - P;M;4669214;321408;580
2,02E+11;18;3;19;1725;1;1;1;1;1;57;RN7 - saint imbert;M;4672650;317377;580
2,02E+11;18;3;29;1835;1;1;1;1;3;57;RN7  PK 102+400;M;4673937;317165;580
2,02E+11;18;4;29;1200;1;2;1;1;3;146;RD 29 - PK 10 +200;M;4669750;349440;580
2,02E+11;18;6;10;2345;3;1;1;1;6;260;Route de ST PARIZE LE CH;M;4685142;315207;580
2,02E+11;18;6;23;1905;1;1;2;1;3;264;intersection D108 et D20;M;4680228;310910;580
2,02E+11;18;7;9;1240;1;1;9;1;7;146;Route dйpartementale 29;M;4670328;346198;580
2,02E+11;18;7;13;1730;1;1;1;1;1;104;"CV26- lieu dit ""Les glot";M;4670099;334035;580
2,02E+11;18;9;21;1245;1;1;1;3;1;296;RN7 - PK 106.300;M;4669024;321632;580
2,02E+11;18;12;21;800;4;2;1;8;6;104;53 place de la mairie;M;4671590;335232;580
2,02E+11;18;12;31;1815;3;1;1;2;1;254;Lieu-dit le champ du cha;M;4703386;321233;580
2,02E+11;18;2;19;515;3;1;1;9;3;300;RD977;M;4705417;320940;580
2,02E+11;18;5;8;1100;1;1;1;1;1;22;D26 - lieu dit foret ron;M;4707518;326928;580
2,02E+11;18;5;25;1830;1;2;1;2;3;88;rue de volleron;M;4700887;316336;580
2,02E+11;18;5;26;1920;1;2;1;1;6;204;Lieu dit Haute Court;M;4705700;330580;580
2,02E+11;18;6;15;1205;1;2;1;1;3;303;7 boulevard camille dago;M;4700811;315222;580
2,02E+11;18;8;27;1237;1;2;1;1;7;303;12 boulevard camille dag;M;4700802;315254;580
2,02E+11;18;9;8;1840;1;1;1;1;7;303;rue de Vernuche;M;4702741;313227;580
2,02E+11;18;9;9;1730;1;2;1;1;3;88;RUE DU PONTY;M;4701122;316335;580
2,02E+11;18;12;16;2000;5;2;6;5;6;303;rue voltaire;M;4703450;314193;580
2,02E+11;18;12;21;730;3;1;1;3;6;303;route de vernuche;M;4702741;313227;580
2,02E+11;18;5;10;2245;3;2;3;1;3;258;Rue de l'йtang;M;4689904;331998;580
2,02E+11;18;6;4;930;1;1;1;1;6;247;Lieu-dit Cougny - D978;M;4700246;336033;580
2,02E+11;18;6;16;1930;1;1;1;1;7;72;D 13 PR 8;M;4693034;322386;580
2,02E+11;18;7;6;1815;1;1;6;1;6;232;La maison blanche;M;4700573;340196;580
2,02E+11;18;9;6;140;3;1;1;1;6;273;D209  point routier 02+4;M;4697169;327518;580
2,02E+11;18;9;7;442;3;1;1;1;6;31;RD 978   point routier 2;M;4701195;346185;580
2,02E+11;18;10;12;1450;1;2;1;1;3;278;84 route de Lyon;M;4697251;315761;580
2,02E+11;18;12;15;1640;2;1;1;2;1;176;RD 958 PK 66;M;4701344;330349;580
2,02E+11;18;1;14;720;2;1;1;1;6;99;ROUTE DEPARTEMENTALE 978;M;4707152;384572;580
2,02E+11;18;4;22;1950;1;1;1;1;7;139;les gouttes larges;M;4679290;379628;580
2,02E+11;18;5;14;1640;1;1;1;2;7;168;lieu dit la vallйe;M;4685099;397810;580
2,02E+11;18;5;26;1613;1;1;1;1;3;10;Les pasquelins;M;4704496;404187;580
2,02E+11;18;6;1;1740;1;1;1;1;6;277;D37;M;4701905;383505;580
2,02E+11;18;6;19;909;1;1;1;1;1;173;Lieu-dit DRAZILLY;M;4689447;375338;580
2,02E+11;18;7;4;2000;1;1;1;3;6;139;lieu-dit Le Charnay;M;4680426;382619;580
2,02E+11;18;7;7;1450;1;1;1;1;7;19;Lieu-dit Les Caqueriaux;M;4681473;387710;580
2,02E+11;18;7;29;1930;1;1;1;1;7;246;D985;M;4689792;385024;580
2,02E+11;18;8;20;1155;1;1;1;1;1;182;mousseau;M;4690936;377347;580
2,02E+11;18;9;7;820;1;1;1;1;6;111;"Lieu dit ""La COMME""";M;4701235;395997;580
2,02E+11;18;9;28;800;2;1;1;1;1;179;D126;M;4718189;379106;580
2,02E+11;18;12;23;1930;3;1;1;1;1;277;CD 37;M;4701465;384156;580
2,02E+11;18;4;15;1030;1;1;1;1;6;80;RD 958;M;4717310;364303;580
2,02E+11;18;5;19;2300;5;2;1;1;6;83;10 avenue ST JEAN;M;4725502;368072;580
2,02E+11;18;6;6;1430;1;1;1;1;6;145;RD 944;M;4729066;382689;580
2,02E+11;18;6;10;1210;1;1;1;1;7;157;GR 13;M;4731203;393403;580
2,02E+11;18;6;9;1040;1;1;1;1;7;305;RD 944;M;4723500;382294;580
2,02E+11;18;8;14;1300;1;1;1;1;6;23;RD 958;M;4738347;378738;580
2,02E+11;18;9;15;849;1;1;1;1;1;180;lieu dit Les GADREYS che;M;4720102;408194;580
2,02E+11;18;9;16;1530;1;1;1;1;2;3;LIEU DIT LA BALANCE;M;4721317;421905;580
2,02E+11;18;11;3;1650;2;1;1;1;1;255;Lieu-dit Les Granges;M;4732288;383657;580
2,02E+11;18;1;18;1115;1;1;1;3;6;17;RD945 PR 19+72;M;4712295;370299;580
2,02E+11;18;8;2;1445;1;1;1;1;7;35;lieu dit aglan;M;4706919;343671;580
2,02E+11;18;8;7;1000;1;1;1;7;1;65;DEPARTEMENTALE 978 - PK;M;4705191;365461;580
2,02E+11;18;9;9;1630;1;1;1;1;7;257;RD 958 - PK 41+700;M;4710968;358497;580
2,02E+11;18;11;26;1645;3;1;1;3;7;65;RD 945;M;4705191;365461;580
2,02E+11;18;12;6;2000;3;1;1;2;6;313;RD 181 PK24+700;M;4718840;356518;580
2,02E+11;18;5;14;1750;1;1;4;2;1;281;lieu dit fontenoy;M;4735415;303876;580
2,02E+11;18;6;24;1720;1;1;1;1;1;279;"LIEU DIT ""LES MONTOIS"" P";M;4715318;326993;580
2,02E+11;18;7;4;830;1;1;1;1;1;228;"D 503 ""Les Fouinelles""";M;4730008;296637;580
2,02E+11;18;7;13;1015;1;1;1;1;7;56;D110;M;4714467;306331;580
2,02E+11;18;8;11;2145;3;1;1;1;6;189;LIEU DIT LA BERNOTTERIE;M;4722687;310187;580
2,02E+11;18;8;14;1451;1;1;1;1;2;155;D907;M;4715432;302647;580
2,02E+11;18;10;11;1415;1;1;1;1;7;218;D38;M;4716898;336138;580
2,02E+11;18;10;14;915;1;2;1;7;6;281;54 rue de saint symphori;M;4733667;306578;580
2,02E+11;18;12;10;1;3;2;1;2;6;295;Rue du buisson sourd Lie;M;4734078;289664;580
2,02E+11;18;5;5;1530;1;1;1;1;7;197;RD 119;M;4739537;369708;580
2,02E+11;18;5;9;1650;1;2;1;1;1;170;CD985;M;4733059;366367;580
2,02E+11;18;5;11;1615;1;1;3;1;3;109;D 957 PK 37+400;M;4746835;332607;580
2,02E+11;18;7;30;1115;1;2;1;1;6;198;Rue de Charmois;M;4747720;344697;580
2,02E+11;18;12;8;2320;3;1;1;2;6;79;D951 Pk 0+900;M;4747396;352851;580
2,02E+11;18;2;2;1615;1;2;1;1;3;124;D247;M;;;260
2,02E+11;18;2;11;700;3;1;3;1;6;6;D125;M;4476192;491854;260
2,02E+11;18;3;9;1950;3;1;1;2;5;165;PONT DE LA VOULTE;M;;;260
2,02E+11;18;3;13;1800;1;1;1;1;2;166;RN 7;M;;;260
2,02E+11;18;3;21;730;1;1;1;6;3;165;D 215;M;;;260
2,02E+11;18;3;28;936;1;1;1;1;7;124;PONT DU LAUD;M;;;260
2,02E+11;18;4;3;945;1;1;1;1;6;166;RD 104 N;M;;;260
2,02E+11;18;3;30;841;1;1;1;2;3;165;CHEMIN DE GRAND GRANGES;M;4479374;480044;260
2,02E+11;18;4;13;1445;1;1;1;1;1;166;CHEMIN SAINT MARTIN;M;4475381;477290;260
2,02E+11;18;4;30;1640;1;2;1;1;3;165;AVENUE DES CEVENNES;M;4477117;483612;260
2,02E+11;18;5;9;1145;1;2;1;1;6;165;76 AV JOSPEH COMBIER;M;;;260
2,02E+11;18;6;21;749;1;1;1;1;4;166;RD 104;M;;;260
2,02E+11;18;6;21;744;1;2;2;1;3;124;ROUTE DE MARMANS;M;;;260
2,02E+11;18;6;21;1822;1;1;1;1;1;6;ROUTE DE CREST;M;4476243;493722;260
2,02E+11;18;6;24;1405;1;1;1;1;1;166;RD 104;M;;;260
2,02E+11;18;6;29;1205;1;1;1;1;1;124;D111;M;;;260
2,02E+11;18;6;30;1645;1;1;1;1;3;165;R N 7;M;;;260
2,02E+11;18;7;7;100;3;2;1;1;6;337;AV DE PROVENCE;M;;;260
2,02E+11;18;7;25;1815;1;2;1;1;3;124;RUE DE LA RAYE;M;4485037;487000;260
2,02E+11;18;8;13;2358;3;1;1;1;7;124;RN 7;M;;;260
2,02E+11;18;9;16;2040;3;1;1;1;5;124;RN7 les iles du chez;M;4486552;485999;260
2,02E+11;18;9;11;1750;1;1;1;1;4;166;D104N;M;4475524;479294;260
2,02E+11;18;10;20;1725;1;1;3;1;1;337;LE PAVE;M;4468120;479589;260
2,02E+11;18;10;27;2015;5;1;1;2;2;124;RD 111;M;4483548;489959;260
2,02E+11;18;11;9;835;1;2;4;1;3;166;LES BLACHES;M;4473353;480932;260
2,02E+11;18;11;14;1040;1;2;1;1;6;165;rue du parc;M;4476979;484065;260
2,02E+11;18;11;16;1745;3;1;9;1;1;144;intersection D104 - D437;M;4473009;493481;260
2,02E+11;18;11;18;800;3;1;1;1;6;124;D247;M;4482660;487709;260
2,02E+11;18;5;4;1700;1;2;2;1;1;108;RUE SADI CARNOT;M;4473085;501758;260
2,02E+11;18;5;25;1530;1;1;1;1;1;365;QUARTIER FESTEILLE;M;;;260
2,02E+11;18;6;2;2000;1;1;1;1;1;195;RD 70;M;;;260
2,02E+11;18;6;19;1740;1;1;1;1;3;11;ROUTE DE  BLACONS;M;4471489;506904;260
2,02E+11;18;8;17;1805;1;1;4;8;3;108;RD 538;M;;;260
2,02E+11;18;10;17;1420;1;1;1;1;6;365;D538;M;4478394;502423;260
2,02E+11;18;10;18;1415;1;1;1;1;6;141;RD 731;M;4480477;511571;260
2,02E+11;18;1;20;1730;3;1;1;4;1;113;RUINEL ET ONGLANE;M;;;260
2,02E+11;18;2;1;1019;1;1;1;4;7;40;RD 93;M;;;260
2,02E+11;18;4;12;1215;1;1;1;1;3;113;RD 543;M;4477270;536220;260
2,02E+11;18;7;20;1500;1;2;1;1;6;113;BD MARECHAL LECLERC;M;;;260
2,02E+11;18;7;21;1900;1;2;1;1;7;248;R D 93;M;;;260
2,02E+11;18;9;4;1445;1;1;1;1;1;167;PK3+500;M;4461144;547270;260
2,02E+11;18;9;4;2045;3;1;1;1;6;86;RD539;M;4469177;549246;260
2,02E+11;18;9;10;1400;1;1;1;1;6;69;ROUTE DU COL DE ROUSSET;M;4480909;539372;260
2,02E+11;18;10;27;1222;1;2;3;3;3;113;AV SADI CARNO;M;4475769;536505;260
2,02E+11;18;12;27;1915;3;1;1;1;1;246;Route dйpartementale 93.;M;4477850;531351;260
2,02E+11;18;3;1;1200;1;1;1;2;1;95;LES BLACHES;M;;;260
2,02E+11;18;3;15;1606;1;1;2;1;3;176;LES BERRYS;M;;;260
2,02E+11;18;6;5;1645;1;1;1;1;1;338;RD 74;M;;;260
2,02E+11;18;8;1;810;1;1;1;1;7;176;LES BASTETS;M;;;260
2,02E+11;18;8;20;1845;1;1;1;7;3;45;route de SAINT PAULET;M;4455278;493085;260
2,02E+11;18;9;16;1650;1;1;1;1;6;5;CD 169 le sastre;M;4452596;479936;260
2,02E+11;18;9;21;2020;2;1;1;1;7;344;RD 538 Quartier LAMOTTE;M;4463116;500774;260
2,02E+11;18;9;29;915;1;1;1;1;6;52;D128 PK 08+700;M;4458422;485602;260
2,02E+11;18;1;21;630;3;1;1;2;6;114;D540;M;;;260
2,02E+11;18;11;17;1900;3;1;1;5;7;241;RD233;M;4459882;508199;260
2,02E+11;18;1;17;845;1;2;1;1;2;324;AVENUE DES COTEAUX;M;;;260
2,02E+11;18;4;25;1955;1;1;1;1;6;357;RTE DE BOUCHET;M;;;260
2,02E+11;18;5;25;1215;1;1;1;1;6;345;RD 59;M;;;260
2,02E+11;18;7;10;930;1;1;1;1;1;345;2370 Chemin des Paluds;M;4429981;480625;260
2,02E+11;18;8;14;1240;1;1;1;1;2;345;RD 59;M;;;260
2,02E+11;18;7;5;1815;1;1;1;7;6;376;RD 94;M;;;260
2,02E+11;18;8;12;1000;1;1;1;1;7;363;RD 130;M;;;260
2,02E+11;18;7;8;1505;1;1;1;1;6;239;RD 72;M;;;260
2,02E+11;18;9;3;1350;1;1;1;1;1;263;Hameau de Briancon;M;4418324;538797;260
2,02E+11;18;11;26;1335;1;1;1;1;1;63;PK 02 - ROUTE DEPARTEMEN;M;4425993;526035;260
2,02E+11;18;1;14;1740;3;1;1;1;6;172;RD 121;M;;;260
2,02E+11;18;5;30;1210;1;1;1;8;1;118;ROUTE DE ST RAMBERT;M;4530938;491899;260
2,02E+11;18;6;1;2230;3;1;1;1;7;148;1000 ROUTE DU  LARIS;M;;;260
2,02E+11;18;8;6;1730;1;1;9;1;1;330;RD 139;M;;;260
2,02E+11;18;11;29;810;1;1;1;1;6;162;Route de MANTHES (D137);M;4530236;502346;260
2,02E+11;18;2;28;1000;1;1;1;1;1;20;departementale 457;M;4758238;611529;700
2,02E+11;18;3;28;1350;1;1;1;2;1;163;nationale 57;M;4765364;620746;700
2,02E+11;18;4;30;1950;1;2;1;1;6;390;25 RUE BASSE;M;4761379;630230;700
2,02E+11;18;7;9;755;1;1;1;1;1;522;D113;M;4771609;621070;700
2,02E+11;18;7;22;1805;1;1;1;1;5;433;D9;M;4758599;622618;700
2,02E+11;18;8;31;2205;3;1;1;1;2;136;RN 19;M;4765997;610676;700
2,02E+11;18;9;4;1930;1;1;1;1;7;40;CD81;M;4761760;634257;700
2,02E+11;18;10;11;1020;1;1;2;1;7;166;RN57;M;4764612;619445;700
2,02E+11;18;1;29;1415;1;1;1;2;6;228;PK 13.7 RD 434;M;4777125;607950;700
2,02E+11;18;6;3;215;3;1;1;1;7;292;voie communale 204;M;4781710;589003;700
2,02E+11;18;6;4;2015;3;1;1;3;7;415;route dйpartementale 434;M;4784623;608204;700
2,02E+11;18;6;18;1330;1;1;1;1;7;373;RD1 PK 12 - 500;M;4768544;573136;700
2,02E+11;18;6;29;1845;1;1;1;1;7;430;Route Nationale 19;M;4776705;570838;700
2,02E+11;18;9;8;1545;1;1;1;1;3;17;voie communale 1;M;4785364;612583;700
2,02E+11;18;2;11;540;3;1;1;1;6;421;RD 155;M;4767714;604945;700
2,02E+11;18;3;30;1520;1;1;1;2;6;324;Dйpartementale 474 PK 44;M;4755104;606271;700
2,02E+11;18;4;2;540;3;1;1;1;7;275;Cd 474 PK 37+500;M;4751618;600148;700
2,02E+11;18;4;7;2144;3;1;1;1;6;2;D56;M;4777379;595813;700
2,02E+11;18;6;1;1720;1;2;1;1;3;426;61 grande rue;M;4771967;612294;700
2,02E+11;18;6;16;330;3;1;1;1;1;421;lieu-dit Maupatet;M;4769044;600767;700
2,02E+11;18;7;4;1605;1;1;3;1;3;384;intersection de D3 et CD;M;4752206;593911;700
2,02E+11;18;7;16;10;5;2;1;1;6;272;2 rue du chanois;M;4771850;584529;700
2,02E+11;18;11;10;130;5;2;1;1;6;421;26 rue de saint valиre;M;4769166;603516;700
2,02E+11;18;5;11;1530;1;1;2;1;3;441;RD 5  PR 16+ 67;M;4745730;599549;700
2,02E+11;18;6;11;1750;1;1;4;1;6;575;Bretelle de sortie RN 57;M;4734724;601777;700
2,02E+11;18;6;16;1240;1;2;1;1;7;447;D15;M;4743312;610992;700
2,02E+11;18;7;9;1800;1;1;1;1;3;309;RD 15  PR 3 + 230;M;4745196;622261;700
2,02E+11;18;7;27;1145;1;1;1;1;3;560;D5  PR 20;M;4744014;596997;700
2,02E+11;18;8;9;915;1;2;1;1;2;575;41 Grande Rue;M;4733922;601812;700
2,02E+11;18;9;7;1030;1;2;1;1;2;575;rue de Vesoul;M;4734629;602005;700
2,02E+11;18;11;7;1820;3;1;1;2;5;493;RN 57;M;4739369;606298;700
2,02E+11;18;11;10;545;4;1;1;1;1;383;RN 57 - PK 71+473;M;4741263;606950;700
2,02E+11;18;1;18;1835;3;1;1;3;6;122;D222 PK 001.500 sens Mon;M;4762760;550887;700
2,02E+11;18;4;3;1139;1;2;3;1;3;299;20 rue de l'Europe;M;4762401;578382;700
2,02E+11;18;9;23;820;1;1;1;1;7;122;D67;M;4765323;543784;700
2,02E+11;18;10;5;1950;3;1;1;1;1;122;RD 460 PR 13+500;M;4769253;557307;700
2,02E+11;18;10;28;1400;1;2;6;6;6;122;Rond point de Langres;M;4762013;551041;700
2,02E+11;18;12;16;845;1;1;1;4;7;122;lieu dit les BARRAGAS;M;4760271;552619;700
2,02E+11;18;12;18;1150;1;1;1;5;7;58;D 2 PR 20+300;M;4750078;566799;700
2,02E+11;18;3;13;545;3;1;1;2;2;104;route de vesoul;M;4742608;584915;700
2,02E+11;18;4;28;715;1;1;1;1;5;408;D12 - PK 3.900;M;4729081;560204;700
2,02E+11;18;7;1;1730;1;1;1;1;1;393;RD3;M;4741550;593854;700