Num_Acc;an;mois;jour;hrmn;lum;agg;int;atm;col;com;adr;gps;lat;long;dep
2,02E+11;18;5;8;1245;1;1;1;3;7;203;CD 909  PR 12 + 013;M;4517535;316128;150
2,02E+11;18;5;24;1150;1;1;1;1;7;203;Anval;M;4517870;313624;150
2,02E+11;18;6;11;1800;1;1;1;1;6;31;D34 (DEPARTEMENTALE);M;4510207;294226;150
2,02E+11;18;9;4;2220;5;2;1;1;7;119;91B avenue du Gйnйral DE;M;4525868;319952;150
2,02E+11;18;9;9;1200;1;1;9;1;7;127;CD 344;M;4523065;313420;150
2,02E+11;18;10;29;925;1;1;1;2;6;127;RN 122 - PK 127+700;M;4522292;310770;150
2,02E+11;18;11;16;1750;3;2;1;1;6;119;53 Avenue du Gйnйral de;M;4525438;319812;150
2,02E+11;18;12;10;1000;1;1;1;2;6;203;Croisement D410 / Voie c;M;4518251;316618;150
2,02E+11;18;1;14;2015;3;1;1;2;1;101;la remise;M;4510921;277032;150
2,02E+11;18;2;4;700;3;1;1;1;7;1;bois de maillargues D39;M;4519507;293516;150
2,02E+11;18;2;12;1733;1;1;1;1;5;244;Luc d'ussel;M;4506421;297759;150
2,02E+11;18;7;4;1645;1;1;1;1;1;101;Lieu dit FRAISSE-BAS;M;4511401;282661;150
2,02E+11;18;9;6;20;5;2;1;9;6;138;D926  PR +450  rue du Fa;M;4510908;287221;150
2,02E+11;18;11;23;250;3;1;1;9;3;101;nationale 122;M;4508857;274797;150
2,02E+11;18;12;29;1430;1;1;1;1;3;41;RN 122;M;4511224;290781;150
2,02E+11;18;5;15;500;3;1;1;5;6;312;RD 11;M;4648716;288476;30
2,02E+11;18;8;24;1745;1;2;3;1;3;36;rue des thermes;M;4658467;305624;30
2,02E+11;18;1;26;645;3;1;1;2;6;74;;M;4660552;358941;30
2,02E+11;18;4;8;1015;1;2;1;1;6;124;3 route de Saint-Voir;M;4641082;343824;30
2,02E+11;18;5;18;1145;1;1;1;1;5;180;RD 12;M;4652862;346950;30
2,02E+11;18;7;14;535;2;1;1;1;6;25;RN7 lieu dit L'ouche Tir;M;4646704;336870;30
2,02E+11;18;7;23;445;3;1;1;1;6;180;RD12;M;4652844;348647;30
2,02E+11;18;7;26;500;2;1;1;1;5;180;RN 79  PK 41+500;M;4650966;344792;30
2,02E+11;18;8;26;1825;1;2;1;7;7;25;rue Renй Fallet;M;4643970;336560;30
2,02E+11;18;1;28;1130;1;1;1;1;3;26;Les pierroux;M;4645714;325449;30
2,02E+11;18;1;21;1430;1;2;2;2;3;292;rue de la gare;M;4642166;307412;30
2,02E+11;18;4;11;1745;1;1;2;1;7;2;RD 54;M;4660254;318375;30
2,02E+11;18;5;14;1645;1;1;1;2;6;214;RD 22 PK 24.000;M;4643203;300249;30
2,02E+11;18;6;1;1700;1;1;1;1;7;92;couture;M;4645405;319667;30
2,02E+11;18;7;3;1530;1;1;1;1;7;247;RD 953;M;4659219;312901;30
2,02E+11;18;8;9;1315;1;1;1;1;7;275;RD 73 PK 8;M;4653261;318429;30
2,02E+11;18;8;25;1820;1;1;1;1;7;2;intersection RD 13 RD 58;M;4664093;316246;30
2,02E+11;18;10;20;1245;1;2;3;1;3;275;20 Route de Moulins;M;4653780;320914;30
2,02E+11;18;12;18;845;1;1;1;9;7;2;RD 133;M;4663841;319055;30
2,02E+11;18;2;2;1550;1;1;1;1;1;259;La Vierne;M;4638280;230827;30
2,02E+11;18;2;7;815;2;1;1;4;5;217;RD 39;M;4635914;269555;30
2,02E+11;18;3;28;1110;1;1;2;1;3;72;RD40;M;4650521;254822;30
2,02E+11;18;4;2;1328;1;1;1;1;6;136;RN 145;M;4630571;244106;30
2,02E+11;18;5;20;1400;1;1;1;1;7;301;CD 114 PK 9+100;M;4640877;256874;30
2,02E+11;18;6;20;1440;1;1;1;1;1;305;Route dйpartementale 302;M;4639834;267052;30
2,02E+11;18;6;28;845;1;2;6;7;3;195;Rond Point des Arиnes;M;4628868;265921;30
2,02E+11;18;7;20;10;3;1;4;1;6;195;Meneveaux;M;4628499;264201;30
2,02E+11;18;8;2;2330;3;2;1;1;7;279;12 grande rue;M;4626993;253208;30
2,02E+11;18;9;27;1600;1;1;2;1;5;195;Les Cotes Rousses;M;4629020;268737;30
2,02E+11;18;10;25;1030;1;2;1;1;6;195;RD 2144;M;4628816;266044;30
2,02E+11;18;10;25;2030;3;1;1;5;7;195;RD 2144;M;4627642;268074;30
2,02E+11;18;12;10;740;3;2;1;2;7;217;rue roc du saint;M;4634047;264535;30
2,02E+11;18;7;1;500;2;1;1;1;7;48;RD 3 route de Montlucon;M;4658680;281553;30
2,02E+11;18;9;10;1845;1;1;1;1;6;158;Le Petit Mazeau;M;4643763;270330;30
2,02E+11;18;10;20;1540;1;1;1;1;7;37;LE PATOUILLARD;M;4666131;264230;30
2,02E+11;18;10;11;1050;1;2;1;7;6;48;RUE DU GЙNЙRAL DE GAULLE;M;4662111;281904;30
2,02E+11;18;1;10;1435;1;1;1;1;7;216;RD 2144;M;4622859;272547;30
2,02E+11;18;1;24;1120;1;2;1;1;7;82;15 rue du docteur Fabre;M;4629230;274838;30
2,02E+11;18;2;16;952;1;2;1;1;6;82;04 rue Jean Jaures;M;4628932;274208;30
2,02E+11;18;3;7;955;1;2;1;1;1;82;rue du vieux bourg;M;4628981;274970;30
2,02E+11;18;4;26;1635;1;1;6;1;3;159;La Brande;M;4630351;274722;30
2,02E+11;18;7;11;1400;1;1;1;1;6;106;RD 1089;M;4624061;265364;30
2,02E+11;18;8;1;1100;1;2;1;1;2;82;Rue Jean Jaurиs;M;4629173;274072;30
2,02E+11;18;8;3;835;1;1;1;1;3;52;lieu-dit Belle Chassagne;M;4633594;268243;30
2,02E+11;18;9;2;1730;1;1;1;1;1;106;les chiez;M;4626014;268349;30
2,02E+11;18;9;4;1505;1;2;1;1;6;82;49  Rue des Ecoles;M;4627292;274241;30
2,02E+11;18;10;16;2045;3;1;1;1;6;161;Les ribieres basses;M;4618756;263130;30
2,02E+11;18;11;30;1535;1;2;1;2;6;82;rue geneviиve vincent;M;4629151;273660;30
2,02E+11;18;12;10;1600;1;1;1;1;7;129;RD 108 route de la gare;M;4627867;281643;30
2,02E+11;18;12;25;2045;3;1;1;1;6;231;le bourg;M;4614601;263719;30
2,02E+11;18;12;30;600;3;1;1;1;6;52;CHEMIN DU BOIS DE LA MOT;M;4633469;268906;30
2,02E+11;18;2;23;1830;3;1;1;1;7;258;9 rue des bats;M;4618335;338985;30
2,02E+11;18;3;31;1145;1;1;1;1;3;126;D906;M;4607734;343899;30
2,02E+11;18;4;8;1325;1;1;1;2;1;44;Les Varennes;M;4607918;336833;30
2,02E+11;18;5;2;2330;3;2;1;1;6;304;40 rue de St Rйmy;M;4617149;336449;30
2,02E+11;18;5;15;1815;1;2;1;1;1;264;Avenue des sources;M;4607335;345927;30
2,02E+11;18;6;10;1918;1;2;1;2;3;29;route de varennes -N209;M;4623189;344009;30
2,02E+11;18;6;23;1600;1;1;1;1;3;258;dйpartementale 67;M;4617767;340143;30
2,02E+11;18;7;22;1735;1;2;1;1;1;258;rd 67;M;4619287;338334;30
2,02E+11;18;8;14;1740;1;2;2;1;6;60;6 rte de saint Pourзain;M;4615261;339358;30
2,02E+11;18;11;30;1640;1;1;1;1;1;271;RD 906B PK 016+0400;M;4609097;333225;30
2,02E+11;18;3;5;1900;2;1;1;1;3;118;RD 327;M;4611128;320607;30
2,02E+11;18;3;9;2041;3;1;1;1;6;107;route de chouvigny;M;4611081;307758;30
2,02E+11;18;4;11;2345;3;1;1;1;7;107;lieu dit les devots;M;4611445;311521;30
2,02E+11;18;4;16;1730;1;1;1;7;7;118;cours des clos durs;M;4610969;320207;30
2,02E+11;18;5;12;1148;1;2;1;1;1;118;46 avenue saint james;M;4609407;319791;30
2,02E+11;18;5;13;1750;1;2;1;8;1;118;avenue Jean Jaurиs;M;4609787;319863;30
2,02E+11;18;5;26;540;2;1;1;1;6;109;RD 36;M;4615439;326450;30
2,02E+11;18;6;19;530;2;2;1;1;6;118;65 avenue Saint James;M;4609509;319860;30
2,02E+11;18;6;21;530;2;2;1;1;1;109;RD36 rte de Broыt-Vernet;M;4615164;326632;30
2,02E+11;18;7;3;1240;1;1;1;7;7;30;RD 119;M;4607533;329797;30
2,02E+11;18;8;4;1650;1;2;2;7;3;107;route de chouvigny;M;4611420;308363;30
2,02E+11;18;8;16;1545;1;1;1;1;1;43;RD 2009;M;4620278;327576;30
2,02E+11;18;9;20;1820;1;1;3;7;3;164;RD 2009;M;4617895;325111;30
2,02E+11;18;10;3;1225;1;1;2;2;7;164;rd 215;M;4616355;324685;30
2,02E+11;18;10;22;1348;1;2;1;1;1;109;Rue du Grand domaine;M;4614767;326646;30
2,02E+11;18;10;27;945;1;1;1;2;1;43;les dacs;M;4619525;329750;30
2,02E+11;18;11;11;1230;1;2;1;1;1;133;21 route de Mazerier;M;4615501;319320;30
2,02E+11;18;12;19;1430;1;2;3;8;3;268;rue des bernards;M;4613434;322384;30
2,02E+11;18;12;22;2205;3;1;1;1;1;30;RD 984;M;4607184;331372;30
2,02E+11;18;1;2;1445;1;1;1;2;7;103;rue de l'йpine;M;4635203;379943;30
2,02E+11;18;1;15;1600;1;2;9;1;7;103;Avenue Honorй Preveraud;M;4635012;379334;30
2,02E+11;18;2;5;1535;1;1;1;4;7;103;PK 15+200;M;4634488;379951;30
2,02E+11;18;3;7;1810;1;1;1;1;1;138;RD 907;M;4623804;360573;30
2,02E+11;18;3;17;1700;1;1;1;1;1;257;D7;M;4620725;364044;30
2,02E+11;18;4;9;2300;3;1;1;1;6;138;N 7;M;4624757;360668;30
2,02E+11;18;4;11;1515;1;1;2;1;3;230;les landes;M;4619364;353188;30
2,02E+11;18;5;6;1500;1;1;9;1;1;154;les prиs;M;4636628;397092;30
2,02E+11;18;5;8;1945;2;1;1;1;7;138;chez mafoy;M;4628175;363239;30
2,02E+11;18;5;20;1130;1;1;1;1;2;289;RD 480;M;4636765;351983;30
2,02E+11;18;6;2;1220;1;1;1;1;7;272;Chez Salot;M;4628251;358437;30
2,02E+11;18;7;4;1615;1;1;3;1;1;272;les giraudes;M;4628435;358548;30
2,02E+11;18;7;5;1205;1;1;1;2;7;239;LA CROIX DES TOURNUS;M;4639677;391302;30
2,02E+11;18;7;13;2020;1;2;1;1;7;103;1 Rue Robert Ganteret;M;4635318;379234;30
2,02E+11;18;7;13;1535;1;1;1;1;7;240;l'Haut;M;4643129;365324;30
2,02E+11;18;7;15;1;3;1;1;1;7;205;rd 472;M;4624223;354439;30
2,02E+11;18;7;25;1800;1;2;2;1;1;138;rue jean macй;M;4624945;362764;30
2,02E+11;18;10;8;1745;1;1;1;1;6;289;les chardons;M;4637275;350814;30
2,02E+11;18;10;22;1720;1;1;1;1;6;208;LIEU-DIT LA MAISON BRULE;M;4641839;391569;30
2,02E+11;18;10;31;1015;1;1;1;1;1;208;lieu-dit La barriиr;M;4642717;387544;30
2,02E+11;18;11;2;1320;1;1;1;1;1;205;grand villard;M;4622742;357970;30
2,02E+11;18;11;23;1045;1;1;3;1;3;138;maison rouge;M;4623985;360861;30
2,02E+11;18;12;9;245;3;1;1;6;7;14;D989 - PK 057.100;M;4632159;396320;30
2,02E+11;18;2;15;1415;1;2;2;1;3;254;Boulevard Ledru Rollin;M;4630844;329175;30
2,02E+11;18;7;15;1430;1;2;1;1;7;254;RUE DE L ACIER;M;4631718;330632;30
2,02E+11;18;7;19;1215;1;1;1;7;7;18;"Lieu dit ""Les bouillots""";M;4626335;328628;30
2,02E+11;18;7;29;955;1;1;1;1;6;175;RD 22;M;4628162;311751;30
2,02E+11;18;8;10;2140;2;1;1;1;1;176;la cote de l'auge;M;4637625;330255;30
2,02E+11;18;8;24;654;3;1;1;8;6;227;D130;M;4624782;336412;30
2,02E+11;18;9;7;2355;3;1;1;1;7;267;D115 rue des allйes;M;4633327;327894;30
2,02E+11;18;10;22;822;2;2;6;1;7;254;faubourg paluet;M;4630560;329110;30
2,02E+11;18;10;23;1750;1;1;1;1;7;18;RD 2009;M;4627716;329182;30
2,02E+11;18;11;11;1345;1;1;2;1;1;204;RD46;M;4632030;335910;30
2,02E+11;18;11;14;1230;1;2;1;1;6;254;route de Montmarault;M;4631167;327993;30
2,02E+11;18;1;28;1425;1;1;3;1;3;23;RD 943;M;4382561;537466;840
2,02E+11;18;4;5;1815;1;1;1;1;3;51;D104A  Quartier les Comb;M;4387959;522796;840
2,02E+11;18;5;2;130;3;1;1;1;6;50;CD 2 quartier BEAUVALLON;M;4389793;519029;840
2,02E+11;18;6;8;835;1;1;1;1;6;102;RD 2;M;4390137;529211;840
2,02E+11;18;6;17;630;2;1;2;1;1;20;Dйpartementale 36;M;4384690;528470;840
2,02E+11;18;6;23;955;1;2;1;1;6;50;D15;M;4390966;519722;840
2,02E+11;18;6;30;1530;1;1;1;1;2;102;quartier peyroarde;M;4386422;530026;840
2,02E+11;18;1;24;750;1;1;1;1;1;10;D973;M;4369972;557547;840
2,02E+11;18;2;6;2100;3;2;1;2;6;89;voie communale saint roc;M;4368673;550614;840
2,02E+11;18;2;19;2100;3;1;1;1;7;133;RD 91;M;4372975;553917;840
2,02E+11;18;3;7;1445;1;1;1;1;3;76;D996;M;4370054;568013;840
2,02E+11;18;3;15;1620;2;1;1;2;1;14;D996;M;4371811;571987;840
2,02E+11;18;4;17;1545;1;1;1;1;6;10;chemin de galance;M;4369022;557405;840
2,02E+11;18;4;20;2355;3;1;1;1;6;76;D996;M;4369986;567236;840
2,02E+11;18;5;18;1550;1;1;3;1;6;9;Voie communale de Chanca;M;4380184;564613;840
2,02E+11;18;5;29;2255;3;2;1;1;6;89;1055 Quartier Vidalet;M;4368946;547186;840
2,02E+11;18;6;10;1906;1;1;1;1;6;90;D42  pk2+500;M;4378211;556149;840
2,02E+11;18;6;20;1040;1;2;1;1;6;89;275 boulevard Jean Guigu;M;4369801;550198;840
2,02E+11;18;7;15;2000;1;2;4;1;6;89;rue chanoine trouillet;M;4369644;551078;840
2,02E+11;18;7;27;1800;1;1;1;1;6;76;D996;M;4370054;568013;840
2,02E+11;18;7;31;535;2;1;1;1;7;14;D996;M;4371811;571987;840
2,02E+11;18;8;7;855;1;2;1;1;6;133;rue du stade;M;4372646;554638;840
2,02E+11;18;8;27;1205;1;1;1;1;3;89;d956 route de la tour d';M;4370862;551969;840
2,02E+11;18;8;28;1536;1;2;3;1;6;133;rue Antoine de Trets;M;4372546;554789;840
2,02E+11;18;9;23;930;1;2;6;7;2;89;boulevard jean guigues;M;4369849;550212;840
2,02E+11;18;10;5;845;1;2;1;1;6;89;boulevard jean guigues;M;4369917;550429;840
2,02E+11;18;12;11;1700;2;1;1;1;1;2;D9 / D135;M;4373774;550868;840
2,02E+11;18;12;14;1445;1;1;1;1;6;89;chemin de l'eze;M;4368539;548599;840
2,02E+11;18;12;14;1800;3;1;1;1;7;2;D9 PK 3;M;4373145;551012;840
2,02E+11;18;1;29;1515;1;1;1;1;1;17;route du mont ventoux;M;4411906;519842;840
2,02E+11;18;1;30;1830;3;1;1;1;7;72;route de SAINT PIERRE DE;M;4407856;513834;840
2,02E+11;18;4;23;1720;1;1;1;1;1;72;ancienne route de mormoi;M;4405662;515424;840
2,02E+11;18;4;24;2230;3;1;1;1;7;123;D30;M;4408081;544527;840
2,02E+11;18;5;11;1130;1;1;1;1;6;123;CD 30 le ravin de baltha;M;4407348;545453;840
2,02E+11;18;5;15;1710;1;1;3;1;2;77;carrefour CD84 et CD974;M;4408680;512209;840
2,02E+11;18;6;23;255;3;1;1;1;7;41;route de saint pierre;M;4410428;514388;840
2,02E+11;18;6;28;1815;1;1;1;1;1;79;CD 1;M;4407139;535389;840
2,02E+11;18;7;23;1530;1;1;1;1;7;120;cd 95  route de St Chris;M;4408726;546898;840
2,02E+11;18;9;22;1530;1;1;1;1;1;17;cd 974  route du ventoux;M;4414323;528064;840
2,02E+11;18;10;15;1345;1;1;1;1;6;82;Cd 942;M;4405876;518943;840
2,02E+11;18;1;30;804;1;1;1;5;1;88;D 88;M;4948926;371137;20
2,02E+11;18;2;8;2215;3;2;9;4;6;80;rue d'aulnois;M;4959836;358406;20
2,02E+11;18;4;22;1400;1;1;1;1;7;27;Dйpartementale 351;M;4969880;362278;20
2,02E+11;18;6;10;1735;1;2;1;1;3;737;2 Rue de Marle;M;4973061;389283;20
2,02E+11;18;6;30;1345;1;1;1;1;7;827;RN 2;M;4974370;375907;20
2,02E+11;18;7;19;1035;1;2;1;1;1;128;rue porte de laon;M;4953101;365420;20
2,02E+11;18;9;27;1150;1;1;1;1;6;128;D516;M;4954774;367476;20
2,02E+11;18;10;30;1645;1;1;1;3;1;513;dйpartementale 25;M;4969868;391124;20
2,02E+11;18;11;22;1725;3;1;1;1;7;128;CD90;M;4949964;366946;20
2,02E+11;18;1;7;1145;1;1;1;6;7;431;cd1 pk13+600;M;4969362;329992;20
2,02E+11;18;1;12;1800;2;2;1;1;2;746;D1044 Pk 39+160;M;4968794;335287;20
2,02E+11;18;1;13;1715;2;1;6;1;3;173;intersecti D1032 et D937;M;4963005;321029;20
2,02E+11;18;1;20;1905;3;1;1;2;5;820;D1;M;4961360;327123;20
2,02E+11;18;2;19;1745;2;1;2;2;5;746;D1044;M;4968800;335250;20
2,02E+11;18;3;17;2000;3;1;1;2;1;74;Dйpartementale D55;M;4963778;338800;20
2,02E+11;18;6;24;230;3;2;2;1;3;173;rue de la paix;M;4961573;321792;20
2,02E+11;18;7;28;2000;1;1;1;1;6;820;RD 338;M;4964059;325778;20
2,02E+11;18;9;4;1930;2;1;1;3;7;746;CD1044 PK 38+500;M;4968655;335212;20
2,02E+11;18;9;14;905;1;1;1;1;1;719;Dйpartementale 1;M;4959152;326614;20
2,02E+11;18;11;4;305;5;2;1;1;6;719;Rue Arthur Lacroix;M;4959641;324578;20
2,02E+11;18;11;24;2300;5;2;3;2;6;173;boulevard du 8 mai 45;M;4962542;321086;20
2,02E+11;18;1;9;1715;2;1;1;8;6;602;D 26;M;4947620;344562;20
2,02E+11;18;2;5;1730;2;1;1;1;5;159;D1;M;4954761;326024;20
2,02E+11;18;3;15;1700;1;1;1;1;6;707;CD14;M;4956460;339012;20
2,02E+11;18;3;26;1445;1;1;1;1;2;217;CD1;M;4949980;333021;20
2,02E+11;18;4;5;1540;1;2;1;1;1;93;28 avenue pasteur;M;4951458;315886;20
2,02E+11;18;4;11;1115;1;1;1;1;1;159;CD1;M;4955168;326084;20
2,02E+11;18;4;24;2100;2;1;1;1;3;661;CD5;M;4950993;353704;20
2,02E+11;18;5;22;1850;1;1;2;1;3;217;Dйpartementale 1;M;4951265;331421;20
2,02E+11;18;12;3;1640;1;1;1;2;3;49;Route dйpartementale 7 P;M;4960516;333263;20
2,02E+11;18;12;21;1610;2;2;1;8;7;602;9/10 rue du 7eme BCA;M;4949440;344898;20
2,02E+11;18;12;21;2145;3;2;1;1;1;750;32 ROUTE DE COUCY LE CHВ;M;4951808;322773;20
2,02E+11;18;1;5;2150;3;1;1;1;6;453;D 22;M;4937896;371316;20
2,02E+11;18;3;5;2225;3;2;1;1;6;565;8 rue de Bourg et Comin;M;4939054;368780;20
2,02E+11;18;3;15;1515;1;1;1;1;7;158;CD19;M;4947320;368056;20
2,02E+11;18;5;5;1215;1;2;1;1;6;72;01 rue du teignons;M;4948687;384662;20
2,02E+11;18;5;5;1930;1;2;9;1;6;751;13 rue georges posset;M;4947189;361163;20
2,02E+11;18;5;20;1610;1;2;1;1;6;5;PK 005.600  D62  rue Mar;M;4940635;396698;20
2,02E+11;18;6;7;1745;1;1;1;1;1;215;rd1044;M;4945816;382958;20
2,02E+11;18;10;6;1830;1;2;1;1;3;475;rue des chenevriиres;M;4942351;401082;20
2,02E+11;18;10;10;2040;3;1;1;1;7;572;D 62;M;4938363;401429;20
2,02E+11;18;10;13;330;4;1;6;1;7;73;D1044;M;4941249;388719;20
2,02E+11;18;11;6;1835;3;1;3;1;2;399;sortie de l'autoroute A2;M;4942406;392759;20
2,02E+11;18;11;7;1050;1;2;1;2;3;541;rue de Menneville;M;4942825;402686;20
2,02E+11;18;1;27;1400;1;1;2;5;3;465;D1003;M;4903284;323722;20
2,02E+11;18;2;1;1145;1;1;1;2;2;748;dйpartementale 6;M;4909312;360530;20
2,02E+11;18;4;15;1130;1;2;1;1;6;292;21 rue Pierre Sйmard;M;4903575;341591;20
2,02E+11;18;2;12;1400;1;1;2;7;3;458;INTERSECTION RD1/RD 933;M;4889152;348847;20
2,02E+11;18;4;27;2015;3;1;1;6;7;328;RD1003;M;4904905;349357;20
2,02E+11;18;5;6;1630;1;1;1;7;6;228;RD 1003;M;4906852;352833;20
2,02E+11;18;6;17;715;2;1;1;1;7;279;cd 87;M;4909854;338346;20
2,02E+11;18;9;24;1600;1;1;1;7;7;748;CD 320;M;4907461;360370;20
2,02E+11;18;10;15;1654;2;1;1;1;3;42;Route dйpartementale D 9;M;4900286;334796;20
2,02E+11;18;10;19;1710;1;2;1;1;1;187;Dйpartementale 1003;M;4903936;342567;20
2,02E+11;18;10;29;922;1;1;1;8;2;114;D967;M;4906049;342101;20
2,02E+11;18;11;23;2235;3;1;1;2;6;554;D15;M;4901936;339741;20
2,02E+11;18;2;5;736;2;1;1;9;1;693;PR31;M;4923107;330710;20
2,02E+11;18;3;29;945;1;2;1;1;6;305;3 rue des marchands;M;4920076;351444;20
2,02E+11;18;4;7;1645;1;1;2;1;3;438;hameau de beau repиre;M;4929767;324016;20
2,02E+11;18;4;20;810;1;1;1;1;7;585;RD 1 PK66+300;M;4927360;334488;20
2,02E+11;18;9;2;2030;2;1;1;1;7;816;route departementale 6;M;4918269;354559;20
2,02E+11;18;9;23;943;1;1;1;2;1;799;RD172;M;4927606;329586;20
2,02E+11;18;9;29;1619;1;1;1;1;4;806;D 310 PK 3+400;M;4918808;346360;20
2,02E+11;18;11;7;1220;1;1;1;2;1;82;ROUTE DEPARTEMENTALE 2;M;4923171;341904;20
2,02E+11;18;4;17;1615;1;1;1;1;6;397;rue de l'emonteau;M;4971189;322432;20
2,02E+11;18;6;1;1010;1;1;1;1;2;371;dйpartementale D1029;M;4984297;333818;20
2,02E+11;18;6;4;845;1;1;1;7;2;570;CD 438;M;4973641;316365;20
2,02E+11;18;6;15;430;2;1;1;1;7;382;Route dйpartementale 102;M;4986676;320248;20
2,02E+11;18;7;8;830;1;2;3;7;1;315;D937 D810;M;4971346;320241;20
2,02E+11;18;9;8;1845;1;1;1;1;2;785;Route dйpartementale D10;M;4987477;317802;20
2,02E+11;18;9;24;1845;1;1;1;1;2;303;RD 1029;M;4985871;324622;20
2,02E+11;18;10;3;1515;1;1;2;1;3;785;cd1029;M;4987960;313995;20
2,02E+11;18;11;11;1130;1;2;1;2;6;32;10 rue saint nicolas;M;4977560;311127;20
2,02E+11;18;11;17;1726;3;1;1;1;1;214;D321;M;4978951;322684;20
2,02E+11;18;2;2;1800;3;1;1;3;6;112;RD 28;M;4998237;340439;20
2,02E+11;18;2;11;1130;1;2;1;1;6;57;rue de l'industrie;M;4999702;330972;20
2,02E+11;18;3;2;1530;1;1;1;2;1;100;RD.1044 - PK 4.950;M;4998802;323994;20
2,02E+11;18;4;28;645;1;1;1;1;7;323;DEPARTEMENTALE 8 PK 28+2;M;4993120;337730;20
2,02E+11;18;5;9;1330;1;1;1;1;6;352;D28;M;5000256;327121;20
2,02E+11;18;7;7;930;1;2;1;1;5;95;RUE FAGARD;M;4998734;345385;20
2,02E+11;18;7;26;1900;1;1;1;1;7;293;DEPARTEMENTALE 13 PK 5+2;M;4994160;346903;20
2,02E+11;18;8;13;1400;1;2;4;1;3;95;Rue Gйrard Parent  Dйpar;M;4999254;345100;20
2,02E+11;18;9;12;915;1;1;1;5;7;374;Dйpartementale 93;M;4990765;327371;20
2,02E+11;18;9;26;1800;1;2;9;1;6;95;41 rue jacquard;M;4998465;345093;20
2,02E+11;18;10;7;820;1;1;1;1;7;65;D 932 PK : 15 + 054;M;4994218;324600;20
2,02E+11;18;12;17;1130;1;1;1;1;1;95;Route de Vaux;M;5000910;349361;20
2,02E+11;18;12;27;1840;3;1;1;1;7;709;D932;M;5003070;339204;20
2,02E+11;18;8;11;2215;3;1;1;1;1;422;D 946;M;4993407;363281;20
2,02E+11;18;9;5;1050;1;2;1;8;6;361;380 rue des docteurs dev;M;4990148;363437;20
2,02E+11;18;1;10;1750;3;1;1;1;2;639;Route Dйpartementale 1;M;4972463;327528;20
2,02E+11;18;1;26;1;3;1;1;1;7;124;Dйpartementale 13;M;4973470;337845;20
2,02E+11;18;3;3;615;3;1;1;9;2;149;CD 1044 PK 30;M;4977086;333343;20
2,02E+11;18;3;30;1738;1;2;1;1;6;503;54  rue des aubйpines;M;4984053;349623;20
2,02E+11;18;4;1;1926;1;2;1;1;6;717;22 rue de la gare;M;4977659;341337;20
2,02E+11;18;4;15;1640;1;1;1;1;3;75;D34;M;4977538;338249;20
2,02E+11;18;6;10;415;2;1;2;1;4;532;lieu dit la guinguette;M;4975901;333737;20
2,02E+11;18;6;15;2120;2;1;1;1;3;648;D58;M;4979725;347961;20
2,02E+11;18;10;27;715;3;1;1;1;6;775;RD 1044;M;4971513;334639;20
2,02E+11;18;1;7;130;3;1;1;2;1;131;Route nationale 2;M;4938946;337500;20
2,02E+11;18;3;2;1630;1;1;1;1;4;89;RN 31;M;4936962;335874;20
2,02E+11;18;5;30;1350;1;1;1;1;6;528;Dйpartementale 81;M;4933442;309938;20
2,02E+11;18;6;3;1645;1;1;1;1;6;528;D94;M;4932985;305422;20
2,02E+11;18;6;16;800;1;2;1;1;1;326;Rue du Pont;M;4940802;318348;20
2,02E+11;18;8;8;1715;1;1;1;1;6;687;RD 17 - Point kilomйtriq;M;4932050;319688;20
2,02E+11;18;9;6;1930;1;1;1;1;2;89;D6;M;4934727;336706;20
2,02E+11;18;9;20;1530;1;2;3;1;7;131;2 rue de BROYON;M;4938957;340088;20
2,02E+11;18;9;24;2020;3;2;1;1;6;226;route du vauxbuin;M;4934802;331159;20
2,02E+11;18;10;29;330;5;2;1;1;6;770;126 ROUTE DE PARIS;M;4936344;330217;20
2,02E+11;18;11;16;250;3;1;1;5;6;400;RN2;M;4943744;342298;20
2,02E+11;18;11;17;1410;1;2;1;7;3;71;rue de l'йglise;M;4941015;313150;20
2,02E+11;18;12;3;30;4;2;1;2;7;245;rue du belvйdиre;M;4939858;333264;20
2,02E+11;18;12;6;1220;1;1;2;1;1;770;n2;M;4935293;328031;20
2,02E+11;18;12;26;1130;1;1;1;5;7;11;D943;M;4938474;319642;20
2,02E+11;18;1;13;1805;5;2;1;1;3;167;route de Braine D14;M;4937971;350538;20
2,02E+11;18;1;18;530;3;1;1;1;2;174;ROUTE NATIONALE 2;M;4947738;353401;20
2,02E+11;18;5;30;1935;1;2;1;1;6;646;8 route de maizy;M;4936968;370173;20