Num_Acc;an;mois;jour;hrmn;lum;agg;int;atm;col;com;adr;gps;lat;long;dep
2,02E+11;18;6;8;825;2;1;9;5;1;589;RD 18 PK 3;M;4945384;353123;20
2,02E+11;18;7;19;824;1;1;1;1;2;174;Route nationale 2 --- PK;M;4945657;348912;20
2,02E+11;18;8;19;1623;1;1;1;1;7;167;D14 PK 27 500;M;4937156;350168;20
2,02E+11;18;9;3;1815;1;2;1;1;6;148;35 route de vouziers;M;4940305;348183;20
2,02E+11;18;12;13;1140;1;1;1;1;5;36;RN31  PK 32+900;M;4934791;350524;20
2,02E+11;18;12;18;1238;1;1;2;1;3;439;RD 481;M;4934082;363728;20
2,02E+11;18;12;18;1810;3;1;1;1;6;174;RN 02 PK 45+200;M;4948557;354282;20
2,02E+11;18;1;11;830;2;2;2;2;2;810;place de la libertй;M;4925290;309748;20
2,02E+11;18;1;19;710;3;1;1;2;4;506;RN2;M;4929385;317857;20
2,02E+11;18;2;3;1836;3;1;1;2;2;307;cd4  pk 3+900;M;4916692;316846;20
2,02E+11;18;2;5;745;2;1;1;4;2;734;D973;M;4930673;304690;20
2,02E+11;18;2;24;1620;1;1;1;7;6;543;D973;M;4916577;327116;20
2,02E+11;18;4;14;1144;1;1;1;1;1;810;D231;M;4925447;310326;20
2,02E+11;18;4;15;1230;1;2;4;1;1;644;RUE DE L'EGLISE;M;4932212;301219;20
2,02E+11;18;4;26;1535;1;1;1;1;6;410;RN2;M;4924704;303984;20
2,02E+11;18;5;20;1950;1;1;1;1;6;543;D 79;M;4918362;325010;20
2,02E+11;18;5;26;1240;1;1;1;1;7;734;D 973;M;4930502;304866;20
2,02E+11;18;6;4;1310;1;1;1;1;1;232;RN2;M;4923493;299271;20
2,02E+11;18;7;24;1610;1;1;1;1;4;810;RN2;M;4926611;310411;20
2,02E+11;18;8;4;1735;1;1;2;1;3;679;Carrefour D11 et D841;M;4910250;319703;20
2,02E+11;18;9;1;415;3;2;1;1;6;302;D17;M;4920197;316704;20
2,02E+11;18;2;26;1655;1;1;1;1;7;369;PR31 RD37;M;4979751;399912;20
2,02E+11;18;3;9;1500;1;2;3;2;2;109;Hameau de foigny;M;4989526;397275;20
2,02E+11;18;7;8;1415;1;1;1;1;7;491;RD967;M;4978341;362874;20
2,02E+11;18;7;8;1310;1;1;1;1;7;801;d966;M;4973920;399008;20
2,02E+11;18;10;5;1715;1;2;3;1;3;789;Rue du gйnйral Deville;M;4983038;391787;20
2,02E+11;18;12;4;1745;5;2;1;1;6;789;Avenue Paul Doumer;M;4983275;390228;20
2,02E+11;18;4;7;1730;1;1;1;1;7;419;D1029  PK55+2040;M;4995440;379702;20
2,02E+11;18;6;27;1100;1;2;1;1;2;141;D1043 - SORTIE LA CAPELL;M;4996864;395138;20
2,02E+11;18;7;16;2045;1;2;2;1;1;141;D1043 route d'Hirson;M;4997234;392240;20
2,02E+11;18;10;26;2045;3;1;1;9;6;445;CD31;M;4992968;397687;20
2,02E+11;18;1;1;750;2;1;1;1;1;36;Route de Chвteaurenard;M;4385176;484587;130
2,02E+11;18;1;31;1725;1;1;3;8;1;45;Intersection D28 - Boule;M;4384898;478168;130
2,02E+11;18;2;17;2358;3;1;1;1;6;10;route de la gare;M;4389834;476701;130
2,02E+11;18;2;18;515;5;2;6;1;1;10;rond point saint joseph;M;4390211;475659;130
2,02E+11;18;3;26;1657;1;2;4;1;2;10;Route de la gare RD34;M;4389820;476826;130
2,02E+11;18;6;25;730;1;1;3;1;3;45;route de avignon RD570N;M;4385410;476740;130
2,02E+11;18;9;12;640;2;1;1;1;1;45;PK6  D570n;M;4387683;477421;130
2,02E+11;18;9;28;815;1;2;6;7;2;83;chemin saint jean;M;4390362;480989;130
2,02E+11;18;10;23;25;5;2;6;1;6;36;rond point D29/D571;M;4384071;483754;130
2,02E+11;18;11;9;1920;3;1;1;2;7;45;RD570N;M;4385262;476618;130
2,02E+11;18;11;18;1600;1;1;1;1;6;83;D570N;M;4389834;479881;130
2,02E+11;18;1;22;815;1;2;1;1;6;269;Rue du jeu de quilles;M;4490669;578439;380
2,02E+11;18;1;27;1030;1;1;1;7;3;413;RN 85 Lieudit Le Charlai;M;4489548;581742;380
2,02E+11;18;2;25;1635;1;1;1;1;1;313;D526;M;4488705;580285;380
2,02E+11;18;3;4;910;1;2;1;7;6;269;Rue du breuil;M;4490668;578496;380
2,02E+11;18;4;10;1315;1;1;1;1;1;269;RN85;M;4490041;580057;380
2,02E+11;18;5;5;1550;1;1;1;1;1;128;RN85 Route de Grenoble;M;4482367;594468;380
2,02E+11;18;5;31;1400;1;1;4;2;3;304;D115D;M;4494965;576826;380
2,02E+11;18;6;3;1230;1;1;1;1;7;497;route nationale 85;M;4489847;581205;380
2,02E+11;18;6;16;2055;2;2;1;1;2;269;22 avenue des plantation;M;4489743;578890;380
2,02E+11;18;6;22;1335;1;1;1;1;7;313;D526 - Le Pont de Fer;M;4488923;579800;380
2,02E+11;18;6;26;1845;2;2;1;1;1;304;3 Rte de Feyteny;M;4495707;577528;380
2,02E+11;18;6;27;1935;1;1;1;1;6;128;N 85;M;4480771;595418;380
2,02E+11;18;7;7;2055;1;1;1;1;1;470;N85 lieu dit Les Marcoux;M;4485155;585792;380
2,02E+11;18;8;1;1745;1;2;1;1;6;265;D116;M;4495864;572515;380
2,02E+11;18;8;15;1200;1;2;7;1;6;518;D526A - Parking;M;4489279;590305;380
2,02E+11;18;8;26;1400;1;1;1;1;1;269;N85;M;4489937;580177;380
2,02E+11;18;9;1;1415;1;1;1;1;3;329;N 85;M;4484423;586866;380
2,02E+11;18;9;13;1540;1;1;4;1;3;413;Les Egats;M;4487857;582785;380
2,02E+11;18;9;17;1715;1;2;1;1;1;266;En Bayardiиre;M;4495187;571895;380
2,02E+11;18;9;22;1145;1;1;1;7;7;254;D529 Les Ripeaux;M;4497969;570357;380
2,02E+11;18;9;23;1700;1;2;1;1;6;413;Les Egats;M;4487144;583928;380
2,02E+11;18;10;4;1347;1;2;1;1;1;269;Rue du Pt Maladiиre;M;4491363;578312;380
2,02E+11;18;12;22;1015;1;1;1;5;6;489;D26;M;4491175;583027;380
2,02E+11;18;5;20;1450;1;1;6;1;3;292;intersection D17-D50;M;4544904;551233;380
2,02E+11;18;8;12;1300;1;2;1;1;6;13;310 ROUTE DE CHARAVINES;M;4537531;548932;380
2,02E+11;18;11;6;2035;3;2;1;5;6;296;Chemin du Tramoley;M;4553278;551268;380
2,02E+11;18;12;15;1620;2;2;1;2;2;296;D73K;M;4553252;551215;380
2,02E+11;18;12;28;530;3;1;1;1;6;13;Rue de la Contamine;M;4539386;547449;380
2,02E+11;18;4;3;1320;1;2;3;1;1;1;rue du 11 novembre;M;4554271;560224;380
2,02E+11;18;4;6;1115;1;2;1;1;6;315;RUE ALEXANDRE DUMAS;M;4553645;566983;380
2,02E+11;18;4;13;1445;1;2;3;1;3;1;D1075  rue Aristide BRIA;M;4554114;558236;380
2,02E+11;18;5;5;2050;2;2;5;1;7;372;Intersection D82 et D49C;M;4548054;569097;380
2,02E+11;18;6;24;540;3;1;1;1;6;357;rue Michelet;M;4554730;554112;380
2,02E+11;18;7;27;1956;1;2;1;1;1;386;D28;M;4545592;564727;380
2,02E+11;18;8;12;900;1;1;2;1;3;104;D1516 Route Belmont;M;4558194;558723;380
2,02E+11;18;8;16;1715;1;1;1;1;1;343;D82;M;4557457;561247;380
2,02E+11;18;8;17;1550;1;2;2;1;3;357;Rue Paul Langevin;M;4554360;552228;380
2,02E+11;18;9;20;2050;5;2;1;1;1;315;D1006;M;4553616;566404;380
2,02E+11;18;3;24;50;3;1;1;1;6;483;D244A  route de passins;M;4567780;542352;380
2,02E+11;18;4;1;1630;1;2;6;1;6;297;D517 Route de Lyon;M;4568154;545838;380
2,02E+11;18;4;6;115;5;2;1;1;6;12;D 592 route de BELLEY;M;4559166;560760;380
2,02E+11;18;4;24;1815;1;1;3;1;3;22;D 1075;M;4563545;552182;380
2,02E+11;18;8;29;750;2;2;1;1;6;261;D60A;M;4567570;548806;380
2,02E+11;18;7;25;1540;1;1;2;1;5;543;D1075;M;4566945;547229;380
2,02E+11;18;7;24;1630;1;1;2;7;5;543;Carrefour D19B - D19C;M;4565974;545958;380
2,02E+11;18;9;8;1145;1;2;1;1;5;22;D40 route des Aveniиres;M;4562685;554224;380
2,02E+11;18;9;22;1735;1;2;3;1;3;465;grande rue du bourg;M;4569449;550166;380
2,02E+11;18;9;28;2230;3;1;1;1;3;14;D1075;M;4570792;544425;380
2,02E+11;18;10;14;1330;1;2;6;1;6;22;Route des Sources;M;4562407;553692;380
2,02E+11;18;11;2;825;2;1;1;8;1;546;D143 - Route des balmes;M;4561655;542609;380
2,02E+11;18;11;3;1520;1;1;3;8;1;297;Inter D1075 - D14;M;4570947;544319;380
2,02E+11;18;11;20;1410;1;1;1;2;2;297;D517 route de lyon;M;4568511;544531;380
2,02E+11;18;12;4;855;1;2;1;2;6;22;route de jalйrieu;M;4562979;557618;380
2,02E+11;18;12;9;2045;5;2;1;3;6;543;D19;M;4565174;544772;380
2,02E+11;18;1;12;2230;5;2;4;1;1;126;chemin de  pajot;M;4521609;575444;380
2,02E+11;18;2;11;545;5;1;6;1;2;516;D1090;M;4520043;575892;380
2,02E+11;18;2;18;400;3;2;9;1;6;229;avenue de verdun;M;4521362;577781;380
2,02E+11;18;2;27;1102;1;1;1;1;5;397;Route Dйpartementale 30;M;4524772;584463;380
2,02E+11;18;3;8;2055;5;2;1;1;1;140;Rue Lйo Lagrange;M;4528028;588410;380
2,02E+11;18;3;27;1010;1;2;1;1;6;229;rue des aiguinards;M;4520625;576410;380
2,02E+11;18;4;8;20;5;2;3;1;1;126;Avenue des Pкchers;M;4521170;575581;380
2,02E+11;18;4;9;2330;5;2;1;1;3;229;41  Avenue Plaine fleuri;M;4520333;576094;380
2,02E+11;18;4;25;1735;1;2;3;1;6;140;avenue Ambroize Croizat;M;4527258;588713;380
2,02E+11;18;4;28;1140;1;2;1;1;7;397;D1090 route de Chambйry;M;4524274;582540;380
2,02E+11;18;5;18;1706;1;1;1;1;3;140;Rue des Оles;M;4527869;589501;380
2,02E+11;18;9;20;2010;5;2;1;1;7;249;RUE GENERAL DE GAULLE;M;4522577;580082;380
2,02E+11;18;9;15;1245;1;1;1;1;3;397;D30;M;4524138;584808;380
2,02E+11;18;9;18;630;2;2;1;1;1;229;Avenue de Verdun;M;4520543;576497;380
2,02E+11;18;10;12;1935;5;2;9;1;7;229;avenue de verdun;M;4521362;577781;380
2,02E+11;18;10;17;2209;5;2;1;1;5;229;D1090;M;4522374;579437;380
2,02E+11;18;10;19;1643;1;2;1;1;3;140;rue de belledonne;M;4527091;589218;380
2,02E+11;18;11;4;2050;5;2;2;9;1;397;D1090;M;4524410;582765;380
2,02E+11;18;1;23;1350;1;2;6;1;6;175;boulevard Paul Langevin;M;4526419;591443;380
2,02E+11;18;2;24;1645;1;2;1;1;6;150;3 Rue du GRESIVAUDAN;M;4520582;583617;380
2,02E+11;18;3;2;955;1;1;1;4;1;206;D528;M;4525229;596108;380
2,02E+11;18;3;24;1715;1;1;1;1;7;422;D11 Route de Chamrousse;M;4515352;586812;380
2,02E+11;18;4;10;1228;1;2;9;1;3;538;Avenue Pasteur;M;4521804;586498;380
2,02E+11;18;4;13;2315;5;2;1;1;6;547;D523;M;4525818;590813;380
2,02E+11;18;6;23;1820;1;1;3;1;7;334;lieu dit Les Faures;M;4518247;588024;380
2,02E+11;18;7;8;1100;1;2;1;1;7;422;D524 - Route de Giиres;M;4515645;582354;380
2,02E+11;18;8;6;1730;1;2;1;1;7;547;D523;M;4525025;589942;380
2,02E+11;18;8;25;1445;1;1;1;8;6;422;Route du Replat;M;4515856;585577;380
2,02E+11;18;9;23;830;1;1;1;1;6;547;D165;M;4523349;585826;380
2,02E+11;18;10;12;1520;1;2;1;1;3;175;rue du stade;M;4527167;591552;380
2,02E+11;18;10;12;2250;3;1;9;1;7;271;CHEMIN DE CHANTE GRENOUI;M;4519183;581516;380
2,02E+11;18;10;12;2110;4;2;1;1;6;422;route d'uriage;M;4515391;583929;380
2,02E+11;18;10;23;1510;1;2;1;1;2;422;D524;M;4514206;582915;380
2,02E+11;18;11;21;1645;2;2;1;8;6;538;D523;M;4521716;586403;380
2,02E+11;18;12;2;1130;1;1;1;2;6;422;D524 - Le Sonnant;M;4515838;582022;380
2,02E+11;18;1;20;1950;5;2;2;3;3;466;647 Rue du MONTALIEU;M;4538573;595524;380
2,02E+11;18;1;24;654;3;1;1;1;1;511;D1090;M;4534929;594622;380
2,02E+11;18;5;19;1000;1;2;1;1;6;214;296 route nationale;M;4530653;591174;380
2,02E+11;18;6;5;700;1;2;1;1;7;504;Chapotan;M;4531206;601328;380
2,02E+11;18;6;22;830;1;2;4;1;3;2;Lieu-dit VILLARD BERNARD;M;4527348;597673;380
2,02E+11;18;6;29;1020;1;1;1;1;3;511;D1090;M;4536234;595533;380
2,02E+11;18;9;9;1445;1;1;2;1;3;503;D1090;M;4532352;593346;380
2,02E+11;18;2;1;1750;5;2;1;1;3;314;avenue de la gare;M;4543400;601278;380
2,02E+11;18;4;27;1445;1;2;7;1;7;314;Place du Terrail;M;4543230;602379;380
2,02E+11;18;4;30;1950;2;1;1;1;7;27;Route de Barraux;M;4543340;599095;380
2,02E+11;18;7;9;900;1;2;1;1;3;27;D1090;M;4543551;600222;380
2,02E+11;18;8;3;2000;1;2;1;1;6;6;chemin du jacquemoud;M;4539523;606734;380
2,02E+11;18;9;7;1845;1;2;1;1;6;78;D209;M;4542332;609638;380
2,02E+11;18;10;20;2000;3;1;1;1;1;27;D1090;M;4544658;599956;380
2,02E+11;18;11;15;800;1;2;6;1;3;314;D523A;M;4543463;600841;380
2,02E+11;18;11;24;2123;3;1;1;1;6;426;D9  Les Bretonniиres;M;4543885;605975;380
2,02E+11;18;12;8;1400;1;2;1;2;6;75;D590A Rue de l'Epinette;M;4546724;598974;380
2,02E+11;18;12;9;1650;2;2;1;2;3;75;164 rue du puits;M;4547312;598232;380
2,02E+11;18;12;21;2130;5;2;2;3;1;439;RD 525;M;;;380
2,02E+11;18;3;1;1415;1;1;1;1;3;410;D 1092;M;4508485;521212;380
2,02E+11;18;6;16;1210;1;1;6;1;3;410;Giratoire D1092 et D69;M;4507662;516246;380
2,02E+11;18;7;7;430;2;1;1;1;6;394;D1092;M;4510262;525022;380
2,02E+11;18;9;28;1540;1;1;1;1;1;463;D518;M;4519478;534688;380
2,02E+11;18;10;17;1445;1;1;2;1;3;36;D1532;M;4512476;533682;380
2,02E+11;18;10;24;1735;1;2;6;1;3;394;Giratoire D76 et D21A;M;4506901;524368;380
2,02E+11;18;10;28;1130;1;1;1;1;1;409;DEPARTEMENTALE 1532;M;4506282;526452;380
2,02E+11;18;11;4;1820;3;1;1;1;5;394;D1092;M;4510915;525931;380
2,02E+11;18;3;10;1830;2;1;2;1;3;219;D73-Chemin du Champlard;M;4532805;509316;380
2,02E+11;18;5;16;2030;2;2;1;1;6;457;RUE DE CHAMPLAINE;M;4533715;525627;380
2,02E+11;18;6;28;1735;1;1;3;1;3;561;D130 - Chemin Novelay;M;4532296;521749;380
2,02E+11;18;6;27;1730;1;1;1;1;6;347;D71;M;4527003;525612;380
2,02E+11;18;7;14;1210;1;1;1;1;1;473;D519;M;4534558;523856;380
2,02E+11;18;7;19;925;1;1;1;1;6;457;D71;M;4531473;526728;380
2,02E+11;18;9;4;1813;1;1;1;1;7;387;D518;M;4531049;533734;380
2,02E+11;18;9;7;1745;2;1;4;1;1;219;D73;M;4532513;508522;380
2,02E+11;18;9;9;400;3;1;1;1;7;561;D156D - Rte Montfalcon;M;4530869;519931;380
2,02E+11;18;10;14;330;3;1;4;1;6;379;Route du Grand Serre;M;4526076;513819;380
2,02E+11;18;12;14;1230;1;1;1;1;1;384;Dйpartementale 518;M;4533472;534028;380
2,02E+11;18;2;16;2155;5;2;1;1;6;517;Av. de la gare - D1092;M;4530030;548718;380
2,02E+11;18;2;17;2330;5;2;1;1;3;517;1 bis rue hector BERLIOZ;M;4530824;549635;380
2,02E+11;18;4;25;1400;1;1;1;1;6;117;D1532;M;4519569;542892;380
2,02E+11;18;5;15;650;2;2;1;2;6;517;9 chemin du Salamot;M;4530193;549788;380
2,02E+11;18;5;27;1730;1;1;1;2;6;500;RD 1092;M;4517849;537606;380
2,02E+11;18;6;27;2220;3;1;1;1;6;310;Avenue du Vercors;M;4527106;546898;380
2,02E+11;18;7;6;1630;1;2;3;1;7;517;Rue du Thenevet;M;4530541;549810;380
2,02E+11;18;11;10;1300;1;1;1;1;3;517;Route de POLIENAS;M;4527488;548137;380
2,02E+11;18;11;29;615;3;1;3;1;3;450;RD 45;M;4528355;553331;380
2,02E+11;18;1;7;1140;1;1;1;1;7;473;route de Chвtenay;M;4534350;521683;380
2,02E+11;18;1;30;1930;3;1;1;2;3;134;892 route de vienne;M;4544515;499486;380
2,02E+11;18;2;27;1545;1;1;1;1;6;16;route de beaurepaire;M;4542166;516790;380
2,02E+11;18;3;2;900;1;1;3;2;1;130;D518A;M;4538017;526251;380
2,02E+11;18;3;9;1425;1;1;1;1;7;121;D518;M;4541271;523284;380
2,02E+11;18;3;10;1900;5;2;1;1;6;130;avenue camille rocher;M;4539318;527024;380
2,02E+11;18;3;24;1530;1;2;1;1;2;130;1 avenue camille rocher;M;4539317;527160;380
2,02E+11;18;4;21;1645;1;2;3;1;3;393;1455 route des Alpes;M;4539050;533113;380
2,02E+11;18;4;26;1315;1;1;2;1;3;130;D518;M;4538280;527680;380
2,02E+11;18;4;28;1545;1;1;2;1;3;291;chemin du Chaffaud;M;4536365;512964;380
2,02E+11;18;4;28;1900;1;2;1;1;6;284;25 chemin de bellevue;M;4539789;521901;380
2,02E+11;18;4;29;640;2;2;1;1;6;69;Routes des Alpes;M;4544467;529137;380
2,02E+11;18;6;1;815;1;1;2;1;3;130;chemin de passe farine;M;4537846;527516;380
2,02E+11;18;6;4;835;1;1;2;1;1;274;D71;M;4543345;528127;380
2,02E+11;18;6;15;1250;1;1;2;1;1;267;route de NAPOLEON RD 108;M;4542784;531331;380
2,02E+11;18;6;18;1705;1;2;1;7;6;130;Avenue Camille Rocher;M;4539326;526487;380
2,02E+11;18;6;21;1610;1;2;6;1;6;130;Rue des Cordiers;M;4539437;525707;380
2,02E+11;18;6;23;940;1;1;3;1;1;34;Inter D519D / D519;M;4533173;503357;380
2,02E+11;18;6;30;1940;1;1;2;1;3;37;Inter D51C et D46;M;4535621;495360;380
2,02E+11;18;7;7;430;3;1;1;1;3;134;D538;M;4544544;499426;380
2,02E+11;18;7;12;2000;1;1;2;1;3;311;Lieu dit CHARDON;M;4540297;512934;380
2,02E+11;18;7;11;2135;2;1;1;1;6;473;Chemin de Poinponnier;M;4536422;521618;380
2,02E+11;18;7;15;1230;1;1;4;1;7;69;D1085;M;4543643;529884;380
2,02E+11;18;8;4;2010;1;1;3;1;3;49;Chemin de Chassagne;M;4540582;518778;380
2,02E+11;18;8;12;1730;1;2;1;1;1;161;Chemin de la Croze;M;4539079;516318;380
2,02E+11;18;9;30;1030;1;1;1;1;1;69;D51;M;4543541;531107;380
2,02E+11;18;10;26;250;3;1;1;2;7;284;route d'arzay;M;4540051;535423;380
2,02E+11;18;10;29;1150;1;1;2;3;3;37;Inter D51C et D46;M;4535632;495381;380
2,02E+11;18;11;8;810;1;1;1;1;4;274;D51;M;4543429;526252;380
2,02E+11;18;11;9;1630;1;2;2;1;1;130;chemin de la vie du mule;M;4534855;524640;380
2,02E+11;18;11;12;1420;1;1;1;1;3;300;D157;M;4536417;519681;380
2,02E+11;18;12;16;1415;1;1;1;1;1;130;D119 AXE DE BIИVRE;M;4535048;528265;380
2,02E+11;18;1;2;1310;1;1;1;1;6;288;D75;M;4557318;502660;380
2,02E+11;18;1;20;2020;3;1;1;3;6;408;D36A;M;4561142;501807;380
2,02E+11;18;2;12;1650;1;1;1;1;1;351;lieu dit le moule;M;4554862;525681;380
2,02E+11;18;2;15;1730;1;1;1;1;1;519;D36A;M;4560726;501592;380
2,02E+11;18;3;11;1345;1;1;1;1;1;389;D75;M;4558747;506447;380
2,02E+11;18;3;22;1600;1;2;1;1;6;389;6 chemin du sautaret;M;4555376;507627;380
2,02E+11;18;4;3;735;1;1;2;1;3;346;D 502 - Ch des Glissiere;M;4549989;509912;380
2,02E+11;18;4;7;1330;1;1;2;1;3;389;Intersection CD518 et Ch;M;4555669;509762;380
2,02E+11;18;4;5;945;1;1;1;1;5;144;D75;M;4559355;506959;380
2,02E+11;18;4;16;1510;1;2;1;1;6;408;Route du Stade;M;4557801;500147;380
2,02E+11;18;4;19;950;1;2;1;1;7;15;Rue des guiniиres;M;4553558;516387;380
2,02E+11;18;5;1;1105;1;1;1;1;3;389;RD 518;M;4555977;509742;380
2,02E+11;18;5;5;850;1;2;6;1;3;399;D518;M;4549674;514057;380
2,02E+11;18;5;16;930;1;2;1;1;7;399;chemin des Embouffus;M;4549955;512756;380
2,02E+11;18;5;18;700;1;1;1;1;6;476;RD 502;M;4549682;506328;380
2,02E+11;18;5;18;1700;1;2;3;1;1;399;rue de la barre;M;4550201;515042;380
2,02E+11;18;5;20;1015;1;1;3;1;1;15;Chemin de la verne;M;4554194;519057;380
2,02E+11;18;5;21;45;3;1;1;1;7;476;D502;M;4549575;505546;380
2,02E+11;18;6;10;1130;1;1;2;1;3;389;Intersection Route de la;M;4555246;510419;380
2,02E+11;18;6;28;800;1;2;1;7;6;35;D518;M;4552263;508311;380
2,02E+11;18;7;3;1030;1;2;1;1;5;15;910 route du stade;M;4554017;515512;380
2,02E+11;18;7;4;1400;1;2;2;1;3;189;D53A;M;4563598;506145;380
2,02E+11;18;7;14;1840;2;2;1;3;6;231;D522 rte des gantiиres;M;4551343;519789;380
2,02E+11;18;7;15;1650;1;1;1;1;7;35;D53B;M;4551122;507086;380
2,02E+11;18;7;25;1936;2;2;1;1;3;189;D76;M;4563076;507283;380
2,02E+11;18;7;27;1020;1;2;9;1;3;189;Avenue du 19 mars 1962;M;4563793;504446;380
2,02E+11;18;8;10;1535;1;2;1;1;7;346;lieu dit Laval;M;4550586;509931;380
2,02E+11;18;8;19;2000;2;1;1;1;1;94;route des йtangs;M;4547590;522239;380
2,02E+11;18;9;5;645;1;1;3;1;3;211;D518;M;4545007;519155;380
2,02E+11;18;9;8;240;3;1;1;1;6;389;Chemin du Revoireau;M;4554617;507563;380
2,02E+11;18;10;30;945;1;2;1;2;6;399;D518 - Route de Lyon;M;4549708;514026;380
2,02E+11;18;11;17;1400;1;2;6;1;6;399;GIRATOIRE D518 ET D502;M;4549679;514076;380
2,02E+11;18;11;19;1740;3;1;1;4;3;144;D75;M;4560803;507900;380
2,02E+11;18;2;2;1900;5;2;6;1;3;91;Avenue du Bruguet;M;4372227;141631;310
2,02E+11;18;3;4;1645;1;2;1;1;6;182;68 avenue de paris;M;4368746;140513;310
2,02E+11;18;4;13;1020;1;2;1;1;3;205;"lieu-dit ""lespagnoulet""";M;4370560;137644;310
2,02E+11;18;5;6;2240;3;1;1;1;3;182;route dйpartementale 820;M;4368444;140614;310
2,02E+11;18;6;29;1730;1;2;1;7;3;252;route de montberon;M;4372971;147910;310
2,02E+11;18;7;8;1555;1;1;1;7;1;490;D20;M;4375250;138333;310
2,02E+11;18;7;30;1425;1;1;1;1;1;490;74RD820;M;4374062;135369;310
2,02E+11;18;8;1;1615;1;1;9;1;3;182;RD 820 face au 163 ROUTE;M;4369699;139952;310
2,02E+11;18;8;3;1700;1;1;1;1;4;205;D63  route de Seilh;M;4370025;136578;310
2,02E+11;18;8;26;2330;5;1;1;1;2;182;Route dйpartementale 820;M;4368899;140467;310
2,02E+11;18;9;8;1300;1;1;1;1;3;490;18 route de saint sauveu;M;4374981;137977;310
2,02E+11;18;9;12;745;1;1;1;1;3;293;RD63G;M;4371996;139402;310
2,02E+11;18;10;4;1100;1;2;3;7;3;490;intersection route de Sa;M;4374323;136301;310
2,02E+11;18;10;22;844;1;2;1;1;7;467;145 route de Paris;M;4368899;140458;310
2,02E+11;18;11;17;1540;1;1;1;1;3;293;Route de la Plage;M;4370852;138335;310
2,02E+11;18;11;8;1430;1;1;1;1;7;490;84 route de paris;M;4373641;137411;310
2,02E+11;18;11;28;1640;1;2;1;1;1;230;Rue de Rayssac;M;4371777;142401;310
2,02E+11;18;12;25;1420;1;2;6;1;3;136;route de Toulouse;M;4374842;143195;310
2,02E+11;18;1;5;1030;1;1;1;1;7;311;D32A;M;4380472;152055;310
2,02E+11;18;1;11;745;4;2;1;1;6;202;Avenue de Villaudric;M;4383468;139810;310
2,02E+11;18;2;25;700;2;1;1;1;3;515;D 820;M;4380597;132289;310
2,02E+11;18;4;20;2200;3;1;1;1;1;73;Route de montvalen;M;4384240;154320;310
2,02E+11;18;4;21;1819;1;1;9;1;1;118;CHEMIN DE FLOTIS;M;4379766;137170;310
2,02E+11;18;5;15;1535;1;1;1;2;1;584;Route de Bondigoux;M;4386216;150698;310
2,02E+11;18;9;18;700;3;2;2;1;3;79;Rue Jean Jaurиs;M;4378022;140218;310
2,02E+11;18;10;16;730;3;1;1;2;1;79;route de Fronton;M;4377188;140618;310
2,02E+11;18;10;25;1830;1;1;1;1;1;118;Route de Fronton;M;4380582;136645;310
2,02E+11;18;11;8;1740;2;1;1;1;6;202;ROUTE DE GRISOLLES;M;4384086;134285;310
2,02E+11;18;11;13;640;3;1;1;1;1;587;route de toulouse;M;4378128;144884;310
2,02E+11;18;11;15;900;2;2;1;1;6;118;avenue de montauban;M;4378605;135357;310
2,02E+11;18;1;2;1220;1;1;1;2;3;117;RD 888;M;4368860;154557;310
2,02E+11;18;1;18;1048;1;1;1;1;7;383;PK 61  D15   RTE BESSIER;M;4377030;154686;310
2,02E+11;18;2;16;1215;1;2;3;1;3;561;route de BESSIERES;M;4365105;147146;310
2,02E+11;18;5;23;710;1;2;6;1;3;561;50 route de Bessiиres;M;4365568;147052;310
2,02E+11;18;9;7;245;3;1;1;3;6;358;chemin des Brantes;M;4371270;158442;310
2,02E+11;18;10;21;642;3;1;1;5;6;94;3410 route dйpartemental;M;4375329;161955;310
2,02E+11;18;2;1;1230;1;1;1;9;6;592;lieu-dit engarres;M;4374385;124843;310
2,02E+11;18;3;2;1730;1;1;1;1;1;341;route des platanes;M;4371834;131079;310