Num_Acc;an;mois;jour;hrmn;lum;agg;int;atm;col;com;adr;gps;lat;long;dep
2,02E+11;18;11;15;2100;5;1;1;5;6;335;;M;4719153;551478;390
2,02E+11;18;12;31;1615;1;1;1;1;7;341;RD 292E1;M;4634085;591358;390
2,02E+11;18;1;24;1300;1;2;1;1;2;478;bd de la Rйpublique;M;4639069;586341;390
2,02E+11;18;1;28;1455;1;2;4;1;1;333;5 rue des sports;M;4643484;572636;390
2,02E+11;18;4;2;1700;1;1;1;1;6;118;;M;4653510;579400;390
2,02E+11;18;4;3;1325;1;1;3;1;3;478;Carr. D69/Rte Vaucluse;M;4640426;587843;390
2,02E+11;18;4;13;2205;3;1;1;1;6;562;;M;4648493;590749;390
2,02E+11;18;4;28;1645;1;1;1;1;2;68;carrefour de Dйsertin;M;4628301;579174;390
2,02E+11;18;5;19;1800;1;2;1;1;6;286;21 rue du Caton;M;4638812;578711;390
2,02E+11;18;5;30;1746;1;1;1;1;2;286;;M;4637618;579869;390
2,02E+11;18;6;3;730;1;1;1;1;6;510;;M;4636272;595860;390
2,02E+11;18;6;9;2055;3;1;1;1;6;478;;M;4643527;585466;390
2,02E+11;18;6;14;706;1;1;1;5;1;561;;M;4640175;573381;390
2,02E+11;18;6;20;1850;1;2;1;1;6;478;Rue du Tomachon;M;4638113;586814;390
2,02E+11;18;6;21;1400;1;1;3;1;3;440;;M;4637764;575491;390
2,02E+11;18;7;4;1732;1;1;1;1;6;341;ROUTE LE GROS CRЛT;M;4634705;591398;390
2,02E+11;18;7;13;1820;1;1;1;1;5;413;;M;4630049;587257;390
2,02E+11;18;8;4;1520;1;2;1;3;6;491;;M;4639688;579047;390
2,02E+11;18;9;11;520;3;1;1;1;1;328;;M;4649499;572337;390
2,02E+11;18;10;21;700;5;2;1;1;6;491;8 place de l'йglise;M;4640139;579288;390
2,02E+11;18;11;17;100;3;1;1;2;6;333;;M;4645640;576408;390
2,02E+11;18;12;1;1140;1;1;1;2;1;413;;M;4626777;582218;390
2,02E+11;18;12;24;1800;5;2;1;8;6;491;9 Route de Sainte;M;4640860;579277;390
2,02E+11;18;3;14;45;3;1;1;2;6;470;;M;4648287;604453;390
2,02E+11;18;4;22;1750;1;1;1;1;6;470;;M;4650329;602995;390
2,02E+11;18;5;5;1825;1;1;1;2;1;47;;M;4656347;607515;390
2,02E+11;18;6;22;1510;1;1;1;1;1;131;;M;4660301;590250;390
2,02E+11;18;7;5;1500;1;1;1;8;1;131;;M;4659745;590175;390
2,02E+11;18;7;22;1510;1;2;1;1;5;368;;M;4651789;602726;390
2,02E+11;18;7;29;1645;1;1;1;1;6;367;;M;4654677;601762;390
2,02E+11;18;8;17;1930;1;1;1;1;1;232;;M;4662438;595783;390
2,02E+11;18;9;9;1205;1;2;1;7;1;367;;M;4653537;603441;390
2,02E+11;18;9;15;1835;1;2;1;1;6;368;;M;4651117;602881;390
2,02E+11;18;10;23;1635;1;1;3;1;3;470;;M;4651061;602957;390
2,02E+11;18;10;28;915;1;1;1;2;1;487;;M;4657459;597489;390
2,02E+11;18;12;10;750;2;1;1;4;1;470;;M;4649266;609349;390
2,02E+11;18;12;25;1840;3;1;1;1;1;470;;M;4646903;607566;390
2,02E+11;18;1;12;1250;1;1;1;1;2;55;RD 786;M;4863936;-283549;220
2,02E+11;18;4;21;1120;1;2;3;1;3;232;Rue du parc;M;4863032;-287030;220
2,02E+11;18;4;25;1455;1;2;1;1;6;222;29 rue Charles le Goffic;M;4866815;-291616;220
2,02E+11;18;5;9;1530;1;1;1;1;2;232;02 rue de la Ville Helli;M;4864056;-289458;220
2,02E+11;18;5;22;1955;2;1;1;1;1;7;Route Dйpartementale 786;M;4860396;-283770;220
2,02E+11;18;7;5;1440;1;2;1;1;1;325;rue des merles;M;4864874;-283711;220
2,02E+11;18;7;28;1139;1;2;1;7;6;325;17 bis Jeanne d'Arc;M;4865428;-283576;220
2,02E+11;18;9;1;1500;1;1;1;1;1;55;RD 786 - Boulevard Charl;M;4861968;-282620;220
2,02E+11;18;8;28;1745;1;1;1;1;1;222;kersalic;M;4869608;-290030;220
2,02E+11;18;9;12;1450;1;1;1;2;7;222;cd 21;M;4868628;-298502;220
2,02E+11;18;9;28;2040;3;1;1;1;6;117;CD4;M;4859345;-290619;220
2,02E+11;18;9;30;1035;1;1;1;7;6;251;Rue de Vaudic;M;4858174;-283918;220
2,02E+11;18;10;5;1000;1;1;1;7;6;251;rue de vaudic;M;4858442;-284971;220
2,02E+11;18;10;27;430;3;1;1;3;6;55;RD 786;M;4862377;-282547;220
2,02E+11;18;11;22;1800;3;2;1;1;7;251;rue de la croix rouge;M;4857790;-281672;220
2,02E+11;18;11;24;1100;1;1;1;1;6;251;le quartier;M;4855897;-283065;220
2,02E+11;18;11;15;1929;5;2;2;1;1;222;Rue de l'Amiral Ronarc'h;M;4867339;-293159;220
2,02E+11;18;1;15;1645;1;1;2;1;3;122;lieu-dit le val;M;4818469;-253611;220
2,02E+11;18;1;28;930;1;1;1;8;2;297;lieu dit kerrouet;M;4826139;-253566;220
2,02E+11;18;5;11;1900;1;2;7;1;6;46;place de la cohue;M;4830154;-251930;220
2,02E+11;18;5;24;1215;1;1;1;1;1;147;Lieu-dit Le Grand Quйmйl;M;4816639;-237048;220
2,02E+11;18;7;24;1105;1;2;1;7;6;147;Rue de la gare;M;4819423;-241136;220
2,02E+11;18;9;14;2330;3;1;1;1;7;184;Lieu-dit la brehaudiиre;M;4832033;-262819;220
2,02E+11;18;10;11;1745;1;1;1;1;7;27;lieu-dit GASTRY;M;4807152;-260357;220
2,02E+11;18;12;3;1200;1;1;9;8;1;46;la hautiиre;M;4823756;-262618;220
2,02E+11;18;12;22;1015;1;1;4;1;6;241;lieu-dit la hиche;M;4812295;-259638;220
2,02E+11;18;3;7;1840;2;2;4;2;1;100;rue du capitaine de vais;M;4827990;-266235;220
2,02E+11;18;4;22;830;1;1;1;1;7;15;LA VIGNE;M;4841126;-258851;220
2,02E+11;18;6;6;1212;1;1;1;2;6;258;3 lieu dit la tenue chan;M;4843022;-261755;220
2,02E+11;18;7;17;2115;2;2;1;7;6;79;place saint pierre;M;4838501;-268427;220
2,02E+11;18;7;22;1535;1;1;1;1;3;79;Lieu dit Le Colombier;M;4839947;-267478;220
2,02E+11;18;7;20;1445;1;1;1;1;7;15;la mi-voie;M;4841153;-257414;220
2,02E+11;18;8;4;1905;1;1;1;1;7;60;bossiguel;M;4827585;-277563;220
2,02E+11;18;10;18;330;3;1;1;2;6;203;ROUTE ADAM;M;4835769;-285501;220
2,02E+11;18;3;23;1745;1;1;1;2;6;310;Lieu-dit Palacret;M;4861751;-324291;220
2,02E+11;18;6;10;1915;1;1;8;8;3;358;kerdern;M;4861628;-317590;220
2,02E+11;18;6;16;1905;1;2;6;1;3;4;rond point de la barriиr;M;4862602;-330140;220
2,02E+11;18;6;21;1345;1;2;4;1;1;250;RUE DE L'ЙPERONNERIE;M;4869575;-316822;220
2,02E+11;18;7;10;2130;1;1;1;7;6;4;Lan ru morvan;M;4864502;-327959;220
2,02E+11;18;7;27;1535;1;1;3;1;3;164;kernevez jaudy;M;4858545;-324934;220
2,02E+11;18;8;8;820;1;2;6;1;3;4;carrefour barriиre rouge;M;4862609;-330149;220
2,02E+11;18;11;3;1530;1;2;3;1;3;4;rue saint bernard;M;4863284;-329738;220
2,02E+11;18;12;20;750;3;1;1;2;7;248;Dйpartementale 787;M;4862774;-312988;220
2,02E+11;18;12;30;1640;1;1;1;1;7;18;CROAZ NAVADEN;M;4866064;-321254;220
2,02E+11;18;2;27;1700;1;1;3;1;3;216;LA GARE;M;4845857;-337516;220
2,02E+11;18;3;2;1715;1;1;1;2;1;88;D8 lieu dit botguй;M;4839839;-321454;220
2,02E+11;18;4;16;2310;3;1;1;1;1;31;lieu-dit Kerrunet;M;4834659;-348716;220
2,02E+11;18;6;19;921;1;1;1;1;6;13;lieu dit le korong;M;4844665;-320241;220
2,02E+11;18;7;16;830;1;1;1;1;2;135;bel air;M;4855773;-336147;220
2,02E+11;18;12;5;1045;1;2;1;1;6;25;rue joseph patin;M;4840374;-343625;220
2,02E+11;18;4;13;840;1;2;3;5;6;47;2 rue de plussulien;M;4831667;-305759;220
2,02E+11;18;4;15;305;3;1;1;1;6;158;potinel;M;4819931;-296838;220
2,02E+11;18;4;27;930;1;1;1;2;1;158;N164;M;4821587;-300357;220
2,02E+11;18;5;1;1145;1;1;1;1;6;290;Bon repos;M;4821506;-312934;220
2,02E+11;18;8;19;730;2;2;1;1;6;74;kerjoly;M;4831926;-306927;220
2,02E+11;18;1;24;810;2;2;1;2;6;229;place de l'йglise;M;4829044;-323144;220
2,02E+11;18;4;10;1330;1;2;3;1;3;229;rue Kreizker;M;4828972;-323200;220
2,02E+11;18;4;16;2010;1;1;1;1;6;220;Poull'N Ebeul;M;4821143;-326820;220
2,02E+11;18;4;26;1725;1;1;1;1;3;220;N164;M;4824500;-325496;220
2,02E+11;18;5;31;1505;1;1;1;1;6;202;D83;M;4824994;-352102;220
2,02E+11;18;6;16;1830;1;1;1;1;1;163;ST ELOY;M;4825961;-348178;220
2,02E+11;18;6;18;920;1;1;1;1;6;87;Saint-Guillaume;M;4830757;-336471;220
2,02E+11;18;6;17;1130;1;1;1;1;7;220;Toul An Dol;M;4824027;-322552;220
2,02E+11;18;6;21;1455;1;2;1;1;6;266;rue henri rivoal;M;4823885;-331662;220
2,02E+11;18;7;17;656;1;1;1;1;1;229;Ty Lan;M;4829391;-322437;220
2,02E+11;18;7;25;400;3;1;1;1;6;202;loch coucou;M;4819848;-349878;220
2,02E+11;18;9;10;1210;1;1;2;1;3;266;kerbanel;M;4823866;-332594;220
2,02E+11;18;10;7;1000;1;1;1;7;2;220;Route de Rostrenen;M;4824164;-326870;220
2,02E+11;18;11;1;600;3;1;1;8;7;229;lieu dit l orйe du bois;M;4828783;-324100;220
2,02E+11;18;12;17;1805;4;1;1;8;6;202;lieu-dit saint jean;M;4820813;-349392;220
2,02E+11;18;1;12;1915;5;1;3;1;2;226;D786;M;4869740;-353822;220
2,02E+11;18;1;28;1400;1;1;1;8;7;211;kerauzern;M;4865334;-344555;220
2,02E+11;18;3;31;2200;3;1;1;1;1;226;kerprigent;M;4868106;-350426;220
2,02E+11;18;3;31;1145;1;1;3;3;3;211;La Maison Blanche;M;4868717;-344568;220
2,02E+11;18;4;1;845;1;1;1;1;7;211;rudunes;M;4866153;-346480;220
2,02E+11;18;5;23;1830;1;2;1;1;2;194;SAINT EFFLAM;M;4866889;-360157;220
2,02E+11;18;6;12;1745;1;1;1;1;1;131;porz ar had;M;4850528;-344610;220
2,02E+11;18;6;14;2300;3;2;6;1;7;211;rue paul salaun;M;4870979;-344961;220
2,02E+11;18;8;3;1720;1;1;3;1;3;194;D786;M;4867052;-358523;220
2,02E+11;18;8;5;550;2;1;1;5;3;265;kergoz;M;4874446;-338405;220
2,02E+11;18;8;22;1245;1;1;1;1;3;226;la croix rouge;M;4870135;-351817;220
2,02E+11;18;9;11;1050;1;2;1;1;2;194;D 786 - route de Morlaix;M;4865358;-363477;220
2,02E+11;18;10;7;1355;1;1;4;1;3;245;CD30- Rubunet Sauz;M;4864348;-337769;220
2,02E+11;18;11;14;820;1;1;1;1;6;119;convenant ar clech;M;4859319;-351599;220
2,02E+11;18;12;20;1530;1;1;1;1;1;207;LA GARENNE;M;4859607;-349262;220
2,02E+11;18;1;3;1755;5;2;1;3;6;362;RUE MARCELLIN BERTHELOT;M;4878647;-322353;220
2,02E+11;18;1;6;1640;1;1;1;3;1;218;PARK NEVEZ;M;4882008;-326618;220
2,02E+11;18;1;27;1000;1;1;2;1;3;254;Convenant Romp intersect;M;4868813;-331741;220
2,02E+11;18;2;2;1515;1;1;3;2;6;42;convenant person;M;4876918;-331046;220
2,02E+11;18;2;20;1715;1;2;1;9;6;221;rue des troиnes;M;4879447;-325030;220
2,02E+11;18;3;5;1400;1;2;3;1;7;362;rue marcelin berthelot;M;4878596;-322320;220
2,02E+11;18;4;28;1810;1;1;1;7;7;195;Ty poas;M;4883148;-315724;220
2,02E+11;18;6;4;1430;1;1;2;3;3;141;Les Quatre Vents;M;4871542;-329346;220
2,02E+11;18;5;9;1131;1;2;1;1;3;347;Rue de Goges;M;4878979;-319988;220
2,02E+11;18;6;26;1920;1;1;2;7;3;85;poul Foen;M;4882399;-318723;220
2,02E+11;18;8;8;1850;1;1;1;1;5;199;Route de KERBORS;M;4880498;-316132;220
2,02E+11;18;11;4;940;1;2;2;2;5;362;Boulevard Jean Guehenno;M;4878035;-323026;220
2,02E+11;18;11;29;1630;1;1;2;8;3;381;Lieu dit KERAMBLOU'CH;M;4874985;-335123;220
2,02E+11;18;12;1;1230;1;1;1;1;3;264;CD 6;M;4874706;-325121;220
2,02E+11;18;1;2;1330;1;1;1;1;3;365;route de Rouffach;M;4805092;732767;680
2,02E+11;18;1;13;1600;1;1;4;1;3;134;route du vignoble  chemi;M;4802407;731173;680
2,02E+11;18;1;16;1825;5;2;1;3;6;155;10A place du Gйnйral DE;M;4809402;730624;680
2,02E+11;18;1;20;115;3;1;1;2;6;385;Rte dйpartementale 10;M;4807447;722848;680
2,02E+11;18;2;9;540;3;1;1;1;6;374;route dйpartementale 417;M;4806611;724758;680
2,02E+11;18;3;2;1740;1;1;2;4;2;374;Rte dйpartementale 83;M;4806273;731015;680
2,02E+11;18;4;7;1650;1;1;1;1;7;338;Rte dйpartementale 11;M;4809417;722848;680
2,02E+11;18;4;6;1520;1;1;1;1;3;155;Rte de BENNWIHR;M;4811225;731067;680
2,02E+11;18;5;8;1500;1;2;6;1;3;155;Piste cyclable  passage;M;4809032;731784;680
2,02E+11;18;5;11;1700;1;1;1;1;7;338;Rte dйpartementale 11;M;4809623;723777;680
2,02E+11;18;6;14;225;3;1;6;1;6;155;RdPt du Florimont;M;4810372;730346;680
2,02E+11;18;6;21;1715;1;1;4;1;3;338;Rte dйpartementale 417;M;4807620;725770;680
2,02E+11;18;6;21;1515;1;1;1;1;6;338;Rte dйpartementale 11;M;4809356;722984;680
2,02E+11;18;6;20;1350;1;1;1;1;6;134;Rte dйpartementale 83;M;4802855;731465;680
2,02E+11;18;7;6;1440;1;1;3;1;3;134;Rte de Hattstatt;M;4801478;731128;680
2,02E+11;18;7;15;1140;1;1;1;1;1;365;Chm du Mattenweg;M;4804683;733605;680
2,02E+11;18;8;5;1235;1;2;2;1;3;338;Rte dйpartementale 10;M;4808586;728011;680
2,02E+11;18;8;14;910;1;2;2;1;3;374;44 route de COLMAR;M;4806831;730973;680
2,02E+11;18;8;30;2050;3;1;1;1;6;374;Rte dйpartementale 417;M;4807532;725663;680
2,02E+11;18;9;20;730;1;1;6;1;2;155;Rte dйpartementale 1 bis;M;4809903;730245;680
2,02E+11;18;9;24;1845;2;2;2;1;3;155;Rte dйpartementale 11.2;M;4809589;730229;680
2,02E+11;18;10;9;1335;1;2;4;1;3;374;D83;M;4806593;730917;680
2,02E+11;18;10;5;1335;1;1;1;1;6;134;D83;M;4802084;731551;680
2,02E+11;18;10;13;500;3;1;6;1;7;365;D83/ D1 bis;M;4805420;731062;680
2,02E+11;18;11;27;720;2;2;1;2;3;374;132 ROUTE E COLMAR;M;4808810;732164;680
2,02E+11;18;12;10;15;3;2;1;2;6;365;route de Rouffach;M;4805094;732727;680
2,02E+11;18;12;18;925;1;1;3;9;6;237;D11.2 lieu-dit Hunabuhl;M;4809694;725659;680
2,02E+11;18;1;13;1554;1;1;1;1;3;138;5A rue du roggenberg;M;4759226;725502;680
2,02E+11;18;1;16;750;2;2;1;2;1;4;33 rue des vallons;M;4761924;722569;680
2,02E+11;18;1;24;1045;1;1;2;1;6;187;Route dйpartementale 21;M;4752184;741668;680
2,02E+11;18;1;27;420;5;1;4;1;2;62;route dйpartementale 419;M;4762864;722046;680
2,02E+11;18;2;16;624;3;1;1;2;4;158;RTE DЙPARTEMENTALE 419;M;4759140;740707;680
2,02E+11;18;3;1;544;3;1;1;4;1;96;RTE dйpartementale 419;M;4761138;734760;680
2,02E+11;18;3;18;1730;1;1;3;8;5;96;RD419;M;4760738;736523;680
2,02E+11;18;3;30;1615;1;1;1;3;6;96;Rte dйpartementale 16.1;M;4757632;735784;680
2,02E+11;18;5;19;2215;5;2;1;1;6;75;10 R de Ferrette;M;4752701;733686;680
2,02E+11;18;6;9;1;3;1;1;8;6;333;Rte dйpartementale 19 bi;M;4762198;730703;680
2,02E+11;18;6;15;2115;2;1;3;1;3;138;Rte dйpartementale 432;M;4759674;723862;680
2,02E+11;18;7;25;1135;1;2;1;1;2;4;1 R de l'Ill;M;4762645;723775;680
2,02E+11;18;9;7;1205;1;2;2;1;3;62;Route dйpartementale 432;M;4761261;721698;680
2,02E+11;18;9;12;1520;1;2;4;1;6;4;37 R Gilardoni;M;4762518;724003;680
2,02E+11;18;9;26;540;5;2;4;1;3;138;Rte dйpartementale 432;M;4758627;725552;680
2,02E+11;18;10;13;1734;1;2;6;7;7;4;route de Mulhouse;M;4762952;726002;680
2,02E+11;18;10;22;1500;1;2;1;1;1;355;1 rue Emmanuel lang;M;4754924;731976;680
2,02E+11;18;11;13;1745;2;2;2;1;1;138;Rte dйpartementale 432;M;4758896;725337;680
2,02E+11;18;11;17;600;3;1;1;8;6;371;D16i;M;4757612;735728;680
2,02E+11;18;11;30;1405;1;1;1;2;6;62;D25 PK12;M;4763738;718662;680
2,02E+11;18;12;6;1900;5;2;1;1;6;355;62 rue du 19 novembre;M;4754787;730263;680
2,02E+11;18;1;12;1550;1;2;1;1;3;141;route de didenheim;M;4770166;728186;680
2,02E+11;18;1;15;1605;1;2;1;8;6;152;Route dйpartementale 432;M;4766406;726580;680
2,02E+11;18;2;14;1540;1;1;1;1;6;215;RTE dйpartementale 419;M;4763080;703928;680
2,02E+11;18;2;22;245;3;1;1;1;6;152;Route Dйpartementale 18.;M;4768142;726070;680
2,02E+11;18;4;27;1655;1;2;3;1;3;18;51 R de mulhouse;M;4767157;717600;680
2,02E+11;18;5;8;1600;1;2;1;1;3;2;31 R de la vallйe;M;4760377;711680;680
2,02E+11;18;5;27;1555;1;2;1;1;7;337;20 R des sources;M;4766541;708220;680
2,02E+11;18;6;3;1420;1;1;1;1;6;52;Rte dйpartementale 483;M;4771526;706219;680
2,02E+11;18;6;4;1410;1;2;3;1;3;152;1 Rte de mulhouse;M;4767175;726534;680
2,02E+11;18;6;14;2200;3;1;1;1;6;52;Rte dйpartementale 483;M;4771187;707160;680
2,02E+11;18;7;5;840;1;2;3;8;3;152;16 R de spechbach;M;4767402;726394;680
2,02E+11;18;7;9;1035;1;1;1;1;7;200;RTE DЙPARTEMENTALE 7 BIS;M;4761224;710781;680
2,02E+11;18;7;18;1120;1;1;2;1;3;52;Rte dйpartementale 14 bi;M;4769654;707788;680
2,02E+11;18;9;8;2015;3;2;1;1;6;337;R des Sources;M;4766453;707961;680
2,02E+11;18;9;20;1215;1;2;1;7;2;200;8 rue de L'йglise;M;4761940;710452;680
2,02E+11;18;9;29;1255;1;2;3;1;3;68;42 rue de Belfort;M;4763125;711017;680
2,02E+11;18;9;30;2015;5;2;1;1;6;152;25 rue Burnkirch;M;4766781;726142;680
2,02E+11;18;10;14;1130;1;2;3;1;2;378;rue principale;M;4763669;711291;680
2,02E+11;18;10;21;1630;1;2;1;1;7;337;6 rue principale;M;4766902;709144;680
2,02E+11;18;11;7;900;1;1;1;1;6;282;d103;M;4761015;707155;680
2,02E+11;18;11;6;1910;3;1;1;1;6;282;D 32 1;M;4760461;706646;680
2,02E+11;18;11;17;1000;1;1;1;1;7;52;CD 483;M;4771543;706076;680
2,02E+11;18;11;29;1750;3;1;9;9;1;71;CD 32V;M;4770599;709971;680
2,02E+11;18;4;17;1600;1;1;1;1;7;194;Rte du Blochmont;M;4745387;734832;680
2,02E+11;18;4;20;2220;3;1;1;1;6;240;Rte dйpartementale 463;M;4754769;730193;680
2,02E+11;18;4;30;2045;2;1;1;1;6;25;RTE dйpartementale 42.2;M;4748483;729426;680
2,02E+11;18;6;6;1250;1;2;2;1;3;90;4 R des Habsbourg;M;4749883;730982;680
2,02E+11;18;9;6;1715;1;1;1;1;1;259;dйpartementale 21 bis PK;M;4747080;734868;680
2,02E+11;18;9;10;810;1;2;1;1;6;90;19 R de la 1ere armйe;M;4749919;730774;680
2,02E+11;18;9;14;1615;1;1;1;1;6;67;Rte dйpartementale 473;M;4746787;720714;680
2,02E+11;18;11;11;1455;1;1;1;1;7;373;D432;M;4746677;726934;680
2,02E+11;18;1;1;50;3;1;1;3;3;195;ROUTE NATIONALE 66;M;4776780;724616;680
2,02E+11;18;2;2;620;3;1;1;4;6;195;RN66;M;4776619;725354;680
2,02E+11;18;2;4;230;5;2;1;8;7;93;12 rue du fossй;M;4769510;731546;680
2,02E+11;18;5;29;1710;1;2;6;1;1;195;28 Av du 20 janvier;M;4775892;729024;680
2,02E+11;18;6;10;1810;1;2;3;1;3;129;R de Belfort;M;4772682;721963;680
2,02E+11;18;6;14;1734;1;2;1;1;6;195;2 R de la foret;M;4776290;727874;680
2,02E+11;18;6;27;1745;1;2;3;1;6;267;128 R de mulhouse;M;4775184;724305;680
2,02E+11;18;7;23;1100;1;2;1;7;1;195;1 R de Pfastatt;M;4775905;729076;680
2,02E+11;18;8;17;2235;3;1;1;1;6;101;Rte dйpartementale 18.2;M;4770503;720912;680
2,02E+11;18;9;12;215;5;2;2;1;6;195;R de Thann;M;4775932;727958;680
2,02E+11;18;9;12;1320;1;2;2;1;3;55;55 r principale;M;4769717;735965;680
2,02E+11;18;10;2;1330;1;2;1;1;1;195;Rue de Thann;M;4776007;727350;680
2,02E+11;18;10;14;1500;1;2;3;1;7;384;2 faubourg de Mulhouse;M;4769088;728582;680
2,02E+11;18;11;8;1450;1;2;3;1;3;384;faubourg de mulhouse;M;4769476;730281;680
2,02E+11;18;1;10;1355;1;2;1;2;6;135;15 rue de Saint Louis;M;4757510;752546;680
2,02E+11;18;1;18;1640;2;2;3;6;3;182;1 rue principale;M;4749552;748333;680
2,02E+11;18;1;26;1755;3;1;4;3;1;135;route dйpartementale 105;M;4758911;754725;680
2,02E+11;18;4;9;1500;1;1;2;8;6;264;Rte dйpartementale 21;M;4757561;741253;680
2,02E+11;18;4;24;1310;1;1;3;1;5;135;Rte dйpartementale 473;M;4756708;748954;680
2,02E+11;18;5;5;1150;1;1;3;1;5;135;Rte dйpartementale 105;M;4758080;753019;680
2,02E+11;18;5;11;1545;1;2;2;1;6;135;34 R du Gйnйral de Gaull;M;4757565;752226;680
2,02E+11;18;5;27;2115;2;1;1;1;6;183;Rte dйpartementale 9 bis;M;4750128;745074;680
2,02E+11;18;5;30;1330;1;2;1;1;1;126;08 R du stade;M;4756493;752838;680
2,02E+11;18;6;5;540;1;1;6;1;7;135;Rte dйpartementale 419;M;4757273;750102;680
2,02E+11;18;7;18;1550;1;1;1;1;6;42;Rte dйpartementale 201;M;4761703;749096;680
2,02E+11;18;7;27;1845;1;2;1;1;2;120;21 R de leymen;M;4752166;747956;680
2,02E+11;18;9;24;1630;1;2;1;1;6;349;75  Rue de Michelfelden;M;4759583;756785;680
2,02E+11;18;10;10;1305;1;1;9;1;3;135;D105  йchangeur n°37 de;M;4758918;754727;680
2,02E+11;18;10;13;1000;1;2;1;1;1;42;D201;M;4761069;749198;680
2,02E+11;18;10;17;1005;1;2;1;1;2;349;CD 105;M;4760051;758769;680
2,02E+11;18;10;17;1450;1;2;4;1;3;42;rue du 19 Novembre;M;4760777;750329;680
2,02E+11;18;11;30;1545;1;1;4;2;3;264;CD 21;M;4757125;741038;680
2,02E+11;18;12;10;1140;1;2;1;1;6;349;21 rue de GEAUNE;M;4760705;756786;680
2,02E+11;18;12;28;1015;1;2;1;1;6;349;rue du gйnйral de gaulle;M;4760674;757418;680
2,02E+11;18;3;19;1035;1;1;1;4;2;91;3 rue de l'Europe;M;4791696;756731;680
2,02E+11;18;3;29;1210;1;1;6;8;7;235;route dйpartementale 1 B;M;4799321;737723;680
2,02E+11;18;4;20;220;3;1;1;1;2;82;Rte dйpartementale 20;M;4784907;734654;680
2,02E+11;18;4;20;1541;1;2;1;1;6;258;5 All du Limousin;M;4784048;730878;680
2,02E+11;18;5;7;1840;1;2;3;1;2;82;15 R de Pulversheim;M;4785873;733991;680
2,02E+11;18;5;11;1350;1;1;1;1;1;41;Rte dйpartementale 52;M;4787397;754907;680
2,02E+11;18;6;10;1540;1;1;1;1;2;37;Chm Hardtweg;M;4794510;742842;680
2,02E+11;18;7;9;1110;1;1;1;1;6;234;Rte dйpartementale 18 bi;M;4795230;736572;680
2,02E+11;18;7;26;755;1;1;6;1;2;235;Rte dйpartementale 1 bis;M;4799202;738127;680
2,02E+11;18;8;8;1511;1;1;1;1;1;258;chemin du cimetiиre;M;4783999;729730;680
2,02E+11;18;8;30;2055;3;1;1;1;6;258;piste cyclable;M;4784842;730884;680
2,02E+11;18;9;26;1740;1;2;6;7;2;205;D3 bis;M;4791126;736074;680
2,02E+11;18;10;23;1010;1;1;1;1;3;266;Route dйpartementale 2;M;4787565;738415;680
2,02E+11;18;10;24;1920;3;1;1;1;2;235;RD1bis;M;4800019;735814;680
2,02E+11;18;11;3;900;1;1;2;1;1;258;D429;M;4784454;728422;680
2,02E+11;18;12;4;1905;3;1;1;2;6;234;D 18 Bis;M;4795127;737186;680
2,02E+11;18;12;6;430;5;2;1;1;6;82;1 rue des mirabelliers;M;4786754;734146;680
2,02E+11;18;12;20;1810;3;1;2;2;6;266;Route dйpartementale 2;M;4787549;738362;680
2,02E+11;18;12;23;420;3;1;1;8;6;242;Dйpartemental 8;M;4796365;742041;680
2,02E+11;18;1;1;1650;2;2;1;2;1;201;rue du Gйnйral de GAULLE;M;4777117;700314;680
2,02E+11;18;2;19;1750;2;2;1;1;6;239;39 RUE PRINCIPALE;M;4780813;694068;680
2,02E+11;18;4;4;1630;1;1;1;1;6;313;Rte dйpartementale 483;M;4771761;705680;680
2,02E+11;18;4;21;1230;1;2;1;1;6;201;27 R de Niederbruck;M;4777478;698698;680
2,02E+11;18;6;2;1445;1;1;6;1;2;60;Rte de Guewenheim;M;4774039;714250;680
2,02E+11;18;6;13;1230;1;2;1;1;3;11;20 R de thann;M;4776688;714957;680
2,02E+11;18;8;5;1530;1;2;3;1;3;201;1 R de Mulhouse;M;4777025;700392;680
2,02E+11;18;8;7;1048;1;2;1;7;2;201;13 R Joseph VOGT;M;4778526;696613;680