Num_Acc;an;mois;jour;hrmn;lum;agg;int;atm;col;com;adr;gps;lat;long;dep
2,02E+11;18;10;5;1355;1;1;1;1;6;307;Rte dйpartementale 466;M;4781672;685383;680
2,02E+11;18;10;16;1600;1;1;1;1;1;46;D 37 - route de bourbach;M;4778299;703937;680
2,02E+11;18;10;20;830;2;2;3;5;6;59;D26;M;4771145;715796;680
2,02E+11;18;10;27;2115;3;2;1;2;6;313;1 rue de Diefmatten;M;4771662;709084;680
2,02E+11;18;1;4;1615;1;1;1;6;5;144;D35;M;4371310;321179;340
2,02E+11;18;1;17;2225;3;1;1;1;6;312;CD 35 PK 26+900;M;4364028;316538;340
2,02E+11;18;1;25;1445;1;1;1;2;6;96;Route dйpartementale 13;M;4355188;319740;340
2,02E+11;18;4;28;500;3;1;1;1;6;119;RD 909;M;4358049;313744;340
2,02E+11;18;4;30;2245;3;1;1;3;6;96;D909;M;4355754;318146;340
2,02E+11;18;5;31;2100;3;1;1;9;6;126;D908;M;4358826;309280;340
2,02E+11;18;8;4;730;2;2;1;1;1;28;d908;M;4361861;319859;340
2,02E+11;18;8;6;1015;1;1;1;1;1;144;D138;M;4372524;319909;340
2,02E+11;18;8;7;830;1;1;1;1;2;96;rd 909;M;4355161;318321;340
2,02E+11;18;8;22;1200;1;1;1;1;6;308;LES QUINTES;M;4363356;306800;340
2,02E+11;18;9;8;1800;1;1;3;1;3;200;D908;M;4361852;324875;340
2,02E+11;18;9;9;330;3;1;1;1;6;260;rd 922;M;4366113;306538;340
2,02E+11;18;9;12;1210;1;1;1;1;6;144;D35;M;4371361;322446;340
2,02E+11;18;9;15;1730;1;2;4;1;6;28;Causse de Boussagues;M;4363306;314657;340
2,02E+11;18;9;27;1410;1;1;1;1;3;235;D 922 - PK 12+700;M;4366690;301853;340
2,02E+11;18;10;2;610;5;2;2;1;3;126;rue paul cere;M;4359454;308090;340
2,02E+11;18;10;6;1530;1;1;1;1;7;19;rd 8;M;4376803;309592;340
2,02E+11;18;12;1;930;1;1;1;2;6;312;RD922;M;4365423;311074;340
2,02E+11;18;12;16;1715;2;1;1;3;6;144;dйpartementale 35;M;4371464;322812;340
2,02E+11;18;1;19;1450;1;1;1;1;3;218;D177;M;4346324;297988;340
2,02E+11;18;3;15;820;1;1;1;2;7;74;RD20;M;4344867;302568;340
2,02E+11;18;4;15;715;2;1;9;2;6;178;D36. lieu dit de rйals;M;4343687;310187;340
2,02E+11;18;5;21;1;3;1;1;1;7;201;RD 20;M;4343673;298686;340
2,02E+11;18;7;22;20;3;1;1;1;7;74;RD 36 La moulinette;M;4343258;305504;340
2,02E+11;18;8;18;340;3;1;1;1;6;130;RD136;M;4352091;318582;340
2,02E+11;18;8;18;1100;1;2;1;1;1;70;rd612;M;4340680;296904;340
2,02E+11;18;9;20;1130;1;1;1;1;7;44;D136 hameau de Lenthйric;M;4352266;315342;340
2,02E+11;18;9;25;1740;1;1;1;1;1;130;Dйpartementale 909  PK 1;M;4350690;318972;340
2,02E+11;18;9;30;840;1;1;1;1;1;21;RD612;M;4344879;291394;340
2,02E+11;18;11;24;1735;3;1;4;1;6;74;RD 36;M;4343720;307145;340
2,02E+11;18;2;11;1635;1;1;1;1;3;300;D18 lieu dit la marceill;M;4341909;331929;340
2,02E+11;18;3;4;130;3;1;1;1;7;147;RD 30;M;4347379;323285;340
2,02E+11;18;3;13;700;1;1;2;1;3;214;D146 / D15;M;4348991;327695;340
2,02E+11;18;3;15;1345;1;1;1;1;2;300;D146E2;M;4343522;329322;340
2,02E+11;18;5;2;1744;1;1;1;1;7;214;D15;M;4349021;329304;340
2,02E+11;18;5;21;1330;1;1;1;1;1;237;RD13;M;4350381;331220;340
2,02E+11;18;6;1;2050;2;2;1;1;6;139;route de roujan;M;4342065;324170;340
2,02E+11;18;6;17;1;3;1;1;1;6;139;rd 15;M;4340447;323502;340
2,02E+11;18;7;2;1715;1;2;1;1;6;300;Avenue Mas Viel;M;4342093;331330;340
2,02E+11;18;9;24;1630;1;1;1;1;6;85;D15;M;4345440;326947;340
2,02E+11;18;10;9;950;1;1;1;1;1;181;CD 15;M;4355058;334549;340
2,02E+11;18;12;3;1635;1;1;3;1;3;181;RD15;M;4353313;332976;340
2,02E+11;18;3;21;1000;1;1;1;1;7;250;la salce;M;4354904;283822;340
2,02E+11;18;9;2;1800;1;2;1;1;6;80;23 avenue marcel raynal;M;4357905;300868;340
2,02E+11;18;9;15;835;1;2;1;1;6;284;grand rue;M;4348884;275850;340
2,02E+11;18;10;25;1805;1;2;1;1;7;187;D908;M;4355839;291596;340
2,02E+11;18;11;1;1530;1;1;1;1;6;293;D150;M;4356585;268521;340
2,02E+11;18;12;31;2330;3;1;1;1;6;283;D25  route de saint etie;M;4378518;341531;340
2,02E+11;18;1;7;1420;1;1;1;2;6;142;Route de Montpellier - R;M;4371904;332413;340
2,02E+11;18;3;4;1330;1;1;1;3;7;36;Route de Saint Martin;M;4369885;336723;340
2,02E+11;18;4;4;955;1;1;1;2;7;306;D153;M;4373597;333374;340
2,02E+11;18;5;11;1710;1;1;1;1;7;142;D35;M;4372260;326534;340
2,02E+11;18;5;17;215;5;2;1;1;6;304;quartier du pont;M;4376573;334207;340
2,02E+11;18;6;19;950;1;1;1;1;3;36;RD 144E2;M;4369291;335058;340
2,02E+11;18;7;1;1145;1;2;9;1;7;36;zone les vignes rouges;M;4369600;338706;340
2,02E+11;18;7;12;1800;1;1;1;1;7;142;D35 E2;M;4373374;329935;340
2,02E+11;18;12;27;1400;1;2;3;1;2;142;bd gйnйral de gaulle;M;4372824;332439;340
2,02E+11;18;1;15;1740;3;1;1;1;1;180;D128;M;4358927;342540;340
2,02E+11;18;2;2;2145;3;1;1;1;2;13;D609;M;4358190;346007;340
2,02E+11;18;3;20;1030;1;2;1;1;6;194;2 rue du docteur Cambon;M;4353873;345906;340
2,02E+11;18;4;1;1745;1;1;3;1;3;210;Carrefour D32 / D139;M;4359754;350097;340
2,02E+11;18;4;29;1710;1;1;1;3;7;323;RD 908;M;4361150;329875;340
2,02E+11;18;5;3;1930;1;1;3;1;3;79;D 609 - route de Nйbian;M;4361270;343681;340
2,02E+11;18;6;2;1415;1;1;1;1;1;194;D128;M;4352786;343692;340
2,02E+11;18;7;14;1205;1;1;3;1;1;79;Route de Nebian  D609;M;4361281;343677;340
2,02E+11;18;9;9;1745;1;2;9;1;2;47;avenue de St Pargoire  D;M;4353450;349987;340
2,02E+11;18;10;19;1450;1;1;1;1;6;41;Dйpartementale 2;M;4360880;347090;340
2,02E+11;18;11;30;2025;3;1;1;1;4;79;Route de Canet;M;4361302;346303;340
2,02E+11;18;12;11;2030;3;1;1;1;6;79;route de Brignac;M;4362793;345798;340
2,02E+11;18;4;17;1705;1;1;1;1;1;122;Route de SAINT SATURNIN;M;4368267;347424;340
2,02E+11;18;5;2;1750;1;2;2;1;3;239;route de Lagamas;M;4365386;350886;340
2,02E+11;18;6;3;1040;1;1;1;1;7;221;D 32 PK 12+500;M;4372892;363539;340
2,02E+11;18;8;14;1930;2;1;1;1;7;239;route des Bages;M;4363520;350018;340
2,02E+11;18;9;27;1519;1;1;1;1;6;239;route de lodиve;M;4365175;349475;340
2,02E+11;18;11;15;1808;5;2;3;1;6;239;avenue de Clermont l'Hйr;M;4364675;348896;340
2,02E+11;18;11;16;830;1;2;1;1;6;114;D32;M;4363572;353267;340
2,02E+11;18;12;15;1330;1;1;1;8;7;239;RD 619 - Lieu dit Cousse;M;4365467;348492;340
2,02E+11;18;1;21;1815;5;2;3;2;6;14;PUPILLES DE LA NATION (A;M;;;150
2,02E+11;18;1;28;2240;5;2;1;1;6;14;7  CAMISIERES (RUE DES);M;4491759;243781;150
2,02E+11;18;2;12;955;1;1;1;1;6;12;RN 122 ( LA SABLIERE);M;;;150
2,02E+11;18;3;3;1320;1;2;1;1;6;14;15  SQUARE (PLACE DU);M;4492809;244329;150
2,02E+11;18;3;14;745;1;2;3;1;1;12;JAURES (AVENUE JEAN);M;;;150
2,02E+11;18;5;1;1635;1;2;3;1;3;12;FANGA (LOTISSEMENT LE);M;4488625;241430;150
2,02E+11;18;5;29;1800;1;2;1;1;1;14;REPUBLIQUE (AVENUE DE LA;M;4492630;243600;150
2,02E+11;18;6;5;900;1;2;1;7;6;14;BRAQUE (RUE GEORGES);M;4492895;243337;150
2,02E+11;18;6;16;1750;1;2;1;1;5;14;DAUZIER (BOULEVARD LOUIS;M;4492777;245000;150
2,02E+11;18;6;29;1200;1;2;1;1;3;14;PASCAL (RUE BLAISE);M;4490055;242651;150
2,02E+11;18;9;15;2040;3;1;1;1;1;12;RD 920;M;4489223;244565;150
2,02E+11;18;10;25;1605;1;1;1;1;6;14;DOCTEUR CHANAL (RUE DU);M;4493887;245671;150
2,02E+11;18;11;16;835;2;2;1;1;6;14;LIBERTE (AVENUE DE LA);M;4492107;243017;150
2,02E+11;18;12;9;340;5;2;1;2;6;14;BOUSQUET (CHEMIN DU);M;4490135;243969;150
2,02E+11;18;12;26;820;2;2;1;1;6;14;DOUMER (AVENUE PAUL);M;4492238;244072;150
2,02E+11;18;1;22;1315;1;2;1;1;6;31;RUE DU VENT GREC;M;4337140;342618;340
2,02E+11;18;1;30;2200;3;1;1;1;6;101;d32;M;4337763;347163;340
2,02E+11;18;2;9;2000;5;2;1;2;6;150;86 avenue de SETE;M;4332112;355261;340
2,02E+11;18;6;1;2045;1;2;6;1;7;332;AVENUE DE LA MEDITERRANЙ;M;4330209;341792;340
2,02E+11;18;7;5;945;1;1;1;1;3;203;route de MEZE rd51;M;4340777;354226;340
2,02E+11;18;7;9;1100;1;1;1;1;1;101;PK 60+500 - Route dйpart;M;4337499;347448;340
2,02E+11;18;7;10;15;3;1;1;1;6;31;D28 - Route de BEZIERS;M;4336188;341776;340
2,02E+11;18;7;28;1150;1;1;1;1;5;332;D612A -;M;4331800;342823;340
2,02E+11;18;8;11;1850;1;2;1;1;6;207;13 avenue de Florensac;M;4339177;349895;340
2,02E+11;18;8;15;1945;1;2;1;1;5;150;avenue du soleil;M;4332009;354011;340
2,02E+11;18;9;6;15;3;1;9;2;6;150;D 161 - Avenue de Pomero;M;4337021;352180;340
2,02E+11;18;9;23;100;3;1;1;1;1;332;D612;M;4331469;337482;340
2,02E+11;18;10;4;145;3;2;1;1;6;31;Chemin de l'Allйe;M;4335652;342832;340
2,02E+11;18;11;2;1930;3;1;4;1;2;332;D612 A;M;4332026;342761;340
2,02E+11;18;3;23;1130;1;1;1;1;6;284;roc  fer;M;4644696;49360;860
2,02E+11;18;7;20;1815;1;1;1;1;1;178;Route nationale 147;M;4651707;45760;860
2,02E+11;18;8;12;1025;1;1;1;1;6;97;D29 lieu dit LEPAPAUD;M;4631520;40706;860
2,02E+11;18;9;12;725;2;1;3;1;3;180;Dйpartementale   12;M;4653381;39821;860
2,02E+11;18;9;25;830;1;1;1;1;3;290;RN 741;M;4646292;36719;860
2,02E+11;18;11;3;600;3;1;3;1;6;180;DЙPARTEMENTALE 1;M;4653377;39818;860
2,02E+11;18;1;2;1745;3;1;1;2;1;213;RD  150     PR 08+600;M;4639724;6651;860
2,02E+11;18;1;9;2130;5;2;1;2;3;293;12   avenue de Bordeaux;M;4642485;25671;860
2,02E+11;18;1;19;1930;3;1;1;1;1;113;RD 4  PK26+98;M;4649706;32152;860
2,02E+11;18;2;18;1115;1;1;1;2;1;139;RD 150 - Les Mйriotiиres;M;4642088;10400;860
2,02E+11;18;2;25;630;3;1;1;1;6;68;PK 0+170 de  la D35  axe;M;4622059;12695;860
2,02E+11;18;7;15;610;2;1;1;1;2;39;RN10;M;4625905;16982;860
2,02E+11;18;9;28;920;1;2;1;1;3;139;rue  d'Anjou;M;4643744;13504;860
2,02E+11;18;10;17;1540;1;1;1;1;5;68;Route Nationale 10 - PK;M;4619312;16295;860
2,02E+11;18;12;5;745;5;2;1;1;3;293;D4;M;4640891;27108;860
2,02E+11;18;12;19;1210;1;1;1;2;6;113;Route dйpartementale 4C;M;4649703;30062;860
2,02E+11;18;4;25;900;1;2;1;2;7;76;36 route de  Poitiers;M;4664285;23387;860
2,02E+11;18;4;28;1310;1;2;1;1;3;53;36 rue de  l'йpinellerie;M;4671057;15259;860
2,02E+11;18;5;10;900;1;1;2;1;3;53;Dйpartementale  D30;M;4669261;13939;860
2,02E+11;18;5;28;2045;2;1;1;8;6;30;RD 347 PK11+6 5 sens NEU;M;4672919;21101;860
2,02E+11;18;9;8;415;3;1;1;1;6;160;4 petite rue du verger g;M;4680157;20458;860
2,02E+11;18;9;1;545;3;1;1;1;6;76;RD 149 PK9;M;4663421;23168;860
2,02E+11;18;10;30;1700;1;2;1;1;3;177;rue de la croix Berthon;M;4668422;25793;860
2,02E+11;18;10;31;1830;5;2;1;3;6;160;40 boulevard Foulques Ne;M;4678759;18506;860
2,02E+11;18;11;3;530;3;1;2;1;3;2;D18/D7;M;4675507;16594;860
2,02E+11;18;11;3;1950;3;1;1;1;6;271;La Santerre;M;4678049;32111;860
2,02E+11;18;5;13;1945;1;2;1;1;7;298;rue Jean   Jaurиs;M;4671592;54168;860
2,02E+11;18;6;13;1440;1;1;1;1;3;14;Rue  des  varennes;M;4675935;55414;860
2,02E+11;18;12;4;820;2;1;1;1;5;14;PK 23 +700;M;4674665;55449;860
2,02E+11;18;3;17;600;2;1;1;1;7;225;Rd 15 PR 009+000;M;4685489;9023;860
2,02E+11;18;5;22;630;2;1;2;1;3;154;les fossйs  de bellien;M;4680077;8927;860
2,02E+11;18;6;12;1630;1;1;2;1;3;93;Dйpartementale 14;M;4693891;20267;860
2,02E+11;18;8;21;850;1;1;2;1;3;93;dйpartementale  66;M;4695209;21076;860
2,02E+11;18;1;4;1035;1;2;1;3;6;189;10 rue de la poste;M;4837366;-436887;290
2,02E+11;18;1;29;815;5;2;1;2;6;43;27 route de Brest;M;4836513;-425856;290
2,02E+11;18;3;7;1730;1;1;1;1;6;140;Route de Dirinon;M;4838737;-430262;290
2,02E+11;18;5;9;1700;1;1;1;1;6;137;route de logonna-daoulas;M;4832363;-429437;290
2,02E+11;18;6;14;1500;1;1;1;1;7;43;D 770;M;4837052;-425910;290
2,02E+11;18;6;13;2150;2;1;1;1;6;189;lieu-dit breleiz;M;4835907;-435476;290
2,02E+11;18;9;15;1935;2;1;4;1;3;45;coat mez;M;4837161;-427697;290
2,02E+11;18;9;30;1134;1;2;6;1;2;189;RP Toull Ar Raning;M;4836777;-437190;290
2,02E+11;18;11;5;1830;5;2;6;2;6;189;ROND-POINT DE ROCH-KEREZ;M;4838205;-437782;290
2,02E+11;18;11;8;1725;1;1;2;1;3;45;Lieu-dit Mondragon;M;4842564;-426208;290
2,02E+11;18;12;18;730;3;1;1;2;1;45;KERLAOUENAN;M;4839349;-424281;290
2,02E+11;18;12;18;2000;3;1;1;3;5;45;Lieu-dit Kerverot;M;4838741;-425770;290
2,02E+11;18;1;12;1645;1;2;1;1;6;280;8  avenue du Val de Cher;M;4729255;176960;410
2,02E+11;18;1;22;1400;1;1;1;2;6;38;D922 Lieu dit Les taille;M;4723315;177450;410
2,02E+11;18;1;30;1430;1;1;2;1;3;185;RD 20 PK 20 + 500;M;4733627;166198;410
2,02E+11;18;5;5;1015;1;1;9;1;3;242;Route dйpartementale 956;M;4726560;155254;410
2,02E+11;18;7;21;1720;1;2;1;1;1;280;25 rue de la commanderie;M;4730436;177262;410
2,02E+11;18;7;24;1830;1;1;1;7;7;16;rue de la plotuиre;M;4730915;158440;410
2,02E+11;18;9;18;955;1;2;1;1;6;280;avenue aristide briand;M;4729294;176940;410
2,02E+11;18;11;10;530;3;1;1;2;7;185;"Lieu-dit ""La goinfrerie""";M;4737615;168891;410
2,02E+11;18;11;30;720;5;2;1;1;6;280;32 rue du bois d'ardenne;M;4730430;176549;410
2,02E+11;18;1;2;1800;3;1;1;2;1;51;D176;M;4733620;113725;410
2,02E+11;18;1;13;2000;3;1;1;1;6;170;route dйpartementale 7;M;4747004;131053;410
2,02E+11;18;1;27;1145;1;1;1;5;4;233;D764;M;4743089;128802;410
2,02E+11;18;3;2;130;3;2;1;1;6;146;3 route de Vierzon;M;4733462;128005;410
2,02E+11;18;4;24;1310;1;1;9;1;6;59;la fosse des roches;M;4742733;146064;410
2,02E+11;18;7;3;1925;1;1;1;1;7;146;route de montrichard;M;4734167;125626;410
2,02E+11;18;8;9;1500;1;1;1;1;1;229;Foret de GROS BOIS RD 67;M;4730131;139468;410
2,02E+11;18;9;14;1830;1;2;1;1;3;211;Rue Marcel Bisault;M;4732407;111402;410
2,02E+11;18;9;29;1040;1;1;1;1;2;51;"""La Vaudonnerie"" PK 16 s";M;4735354;113686;410
2,02E+11;18;10;1;1615;1;2;1;1;2;164;rue paul boncour;M;4727285;137633;410
2,02E+11;18;10;13;1910;2;1;2;1;1;59;D30;M;4740802;137546;410
2,02E+11;18;10;21;1850;2;1;1;1;3;59;Devant le 24 Route de Bl;M;4743404;142749;410
2,02E+11;18;10;21;2200;3;1;1;1;6;82;21 rue de Cornilly;M;4743571;135450;410
2,02E+11;18;11;3;1620;1;2;1;1;1;151;quai du cher;M;4734188;118232;410
2,02E+11;18;11;10;1745;3;1;1;1;6;59;Dйpartementale 122  lieu;M;4742364;145667;410
2,02E+11;18;12;2;1936;5;2;1;1;6;59;avenue de la paix;M;4742043;143307;410
2,02E+11;18;12;14;1600;1;2;1;1;7;126;Rue departementale;M;4729754;132312;410
2,02E+11;18;12;28;1200;1;1;1;9;6;54;24 route de sologne;M;4737659;135363;410
2,02E+11;18;1;23;1930;3;1;1;2;6;232;RD 121;M;4744592;199857;410
2,02E+11;18;2;1;740;1;1;1;9;6;241;rd724;M;4738424;190160;410
2,02E+11;18;4;10;1215;1;1;1;1;3;251;Les Gвts;M;4763813;216522;410
2,02E+11;18;5;12;1940;1;2;1;2;6;159;46 rue Henry de Geoffre;M;4753405;180587;410
2,02E+11;18;6;15;1500;1;1;1;1;6;46;RD 923  PK 45+950;M;4757651;194659;410
2,02E+11;18;6;30;2115;2;1;1;1;6;232;d724 pk 20+500;M;4740542;199851;410
2,02E+11;18;6;30;1440;1;1;1;1;6;296;d101;M;4764440;211370;410
2,02E+11;18;7;9;805;1;1;1;1;5;296;RD 101;M;4763168;204999;410
2,02E+11;18;7;15;1915;1;2;1;1;7;106;14 avenue Emile MORIN;M;4760401;202551;410
2,02E+11;18;8;3;1638;1;1;1;7;6;176;RD 126 PR 10;M;4753363;216661;410
2,02E+11;18;8;13;1400;1;1;1;2;6;231;RD 923;M;4756048;189922;410
2,02E+11;18;8;19;1900;1;1;1;1;6;296;D125;M;4766293;208115;410
2,02E+11;18;8;20;1250;1;2;1;1;3;232;rue du 8 mai 1945;M;4742503;205020;410
2,02E+11;18;9;5;620;3;1;1;5;7;296;RD 153;M;4764557;204302;410
2,02E+11;18;9;9;1825;1;2;1;1;7;74;rue de la gare;M;4758651;165590;410
2,02E+11;18;10;8;417;3;2;1;1;6;241;112 RUE DE L'AULNE;M;4738468;190858;410
2,02E+11;18;11;26;1720;3;1;1;1;5;161;Route dйpartementale 923;M;4758308;198709;410
2,02E+11;18;12;17;650;5;2;1;1;6;106;9 avenue Emile Morin;M;4760439;202543;410
2,02E+11;18;2;17;1330;1;1;1;1;7;186;"lieu dit ""le Ripier""";M;4785904;105377;410
2,02E+11;18;6;27;630;1;1;1;1;1;95;RN10;M;4790235;118778;410
2,02E+11;18;7;16;50;3;1;1;1;6;196;Dйpartementale 23;M;4801456;113586;410
2,02E+11;18;8;11;1245;1;1;1;1;7;275;Route dйpartementale 24;M;4796068;113164;410
2,02E+11;18;9;2;1850;1;1;1;1;6;28;12 lieu-dit pont l'ane;M;4788609;113546;410
2,02E+11;18;11;1;358;3;1;1;1;6;248;pk 6+56 D117;M;4803326;87062;410
2,02E+11;18;11;11;1540;1;1;1;3;1;216;RN 10;M;4796822;122561;410
2,02E+11;18;11;30;745;1;1;1;1;7;235;Route de RAHAY;M;4792826;86414;410
2,02E+11;18;12;14;1430;1;1;1;1;7;89;La grande triboulardiиre;M;4804831;104645;410
2,02E+11;18;2;9;2010;4;2;3;2;3;4;SAINTE RADEGONDE;M;4431750;36498;470
2,02E+11;18;3;3;1600;1;2;2;1;3;4;D813 / D666;M;4430430;34237;470
2,02E+11;18;6;12;2310;3;1;1;1;6;4;VINZELLES;M;4430510;35038;470
2,02E+11;18;6;13;1653;1;1;2;1;3;210;LDT PONCHUT;M;4425010;38593;470
2,02E+11;18;6;20;1330;1;1;1;7;6;210;RD 813;M;4425020;40466;470
2,02E+11;18;8;15;630;2;1;1;1;3;196;D813;M;4433080;32636;470
2,02E+11;18;8;31;1100;1;1;1;1;6;4;LIEU DIT POUCHON;M;4428780;33986;470
2,02E+11;18;9;27;1500;1;1;2;1;3;125;D146 / D298;M;4431250;51598;470
2,02E+11;18;9;27;1015;1;1;3;1;3;4;D8 / D642;M;4428950;32456;470
2,02E+11;18;11;14;940;2;1;1;5;5;4;Lieu dit Pinard;M;4427903;33535;470
2,02E+11;18;12;14;1310;1;1;1;1;5;66;la mourasse;M;4424016;42708;470
2,02E+11;18;1;21;2050;3;1;1;2;1;274;LASPEYRES - D813;M;4414450;77632;470
2,02E+11;18;2;11;1130;1;1;1;1;6;138;LIEU DIT BARBUT;M;4426000;73390;470
2,02E+11;18;4;16;1600;1;1;1;1;6;228;RD821 (4.300) EX RN21;M;4434630;70685;470
2,02E+11;18;4;21;1615;1;2;1;1;3;51;1800 ROUTE DE TOULOUSE;M;4417440;68808;470
2,02E+11;18;6;22;750;1;1;3;1;3;128;DЙPARTEMENTALE 813;M;4416320;71268;470
2,02E+11;18;6;23;110;3;1;1;1;4;274;RD 813 - PR 2.050;M;4414520;77375;470
2,02E+11;18;7;22;1815;1;1;1;1;6;217;D16;M;4418940;79663;470
2,02E+11;18;9;9;730;2;1;1;1;1;75;RN 21;M;4429440;68526;470
2,02E+11;18;9;9;1540;1;1;1;1;6;75;RN21 FACE AU NUMЙRO 709;M;4428050;68708;470
2,02E+11;18;10;6;18;5;2;1;1;1;51;Lieu-dit Siailles;M;4417956;67657;470
2,02E+11;18;10;6;730;2;2;1;1;6;228;route de Penne;M;4433400;71845;470
2,02E+11;18;12;7;600;3;1;1;5;1;171;RN 21 Lieu dit Larrichar;M;4431408;72203;470
2,02E+11;18;12;29;800;2;1;6;5;6;228;RN 21 lieu dit Caminol;M;4433692;70947;470
2,02E+11;18;1;12;1100;1;1;3;1;3;86;LIEU DIT LE BOSQUET;M;4467740;17368;470
2,02E+11;18;3;25;2140;3;1;1;1;1;301;D933;M;4454800;30580;470
2,02E+11;18;3;10;40;3;1;1;2;6;3;VC1;M;4463960;39396;470
2,02E+11;18;4;8;902;2;1;1;1;6;218;LIEU DIT AU MONDI;M;4458220;33226;470
2,02E+11;18;4;7;900;1;1;1;1;3;88;RD 132;M;4454940;25377;470
2,02E+11;18;5;22;945;1;1;2;1;3;187;BORIE NEUVE;M;4463140;26444;470
2,02E+11;18;8;3;1745;1;1;1;1;6;14;LIEUDIT GALAND;M;4455030;39950;470
2,02E+11;18;8;13;1915;1;1;1;1;6;147;RD 708 PK 19;M;4461120;19219;470
2,02E+11;18;10;6;1200;1;1;1;1;6;3;ld petit lieu;M;4465245;38458;470
2,02E+11;18;10;10;2030;3;2;1;1;6;264;Avenue de Paris D933;M;4461151;35682;470
2,02E+11;18;12;4;1655;1;1;3;1;3;216;intersection RD 641 / RD;M;4452785;31782;470
2,02E+11;18;12;31;1420;1;1;1;1;7;65;lieu dit Moulin;M;4443735;36502;470
2,02E+11;18;1;25;1820;5;2;1;2;6;310;46 RUE COLISSON;M;4439460;30285;470
2,02E+11;18;4;25;1230;1;1;1;1;6;110;LIEU-DIT BAQUEY - D299;M;4445900;27158;470
2,02E+11;18;5;25;1640;1;1;1;1;1;310;DЙPARTEMENTALE 813;M;4436550;31926;470
2,02E+11;18;7;5;1545;1;1;3;1;1;285;CROISEMENT CD 2 - CD 7;M;4443950;9076;470
2,02E+11;18;7;22;1100;1;1;1;7;3;110;RD 299;M;4445620;28778;470
2,02E+11;18;9;11;1345;1;1;1;1;2;253;LIEU DIT CAILLAOUERE;M;4444220;13252;470
2,02E+11;18;9;15;1800;1;1;1;1;7;285;ROUTE DES MERLES;M;4444520;8827;470
2,02E+11;18;9;17;1340;1;1;2;1;3;127;LIEU DIT TOUZINAS;M;4434710;41512;470
2,02E+11;18;10;2;1415;1;1;9;1;7;65;D 911;M;4436691;39567;470
2,02E+11;18;10;20;300;3;1;1;5;7;130;PK 2.9;M;4439808;26594;470
2,02E+11;18;10;20;2300;3;1;1;1;7;317;Maraud;M;4448034;42674;470
2,02E+11;18;11;22;1055;1;1;1;1;4;285;D933;M;4443431;12977;470
2,02E+11;18;12;17;1020;1;2;6;1;3;310;RD 813;M;4438350;32508;470
2,02E+11;18;12;26;500;2;1;1;1;6;310;ayet;M;4433368;32365;470
2,02E+11;18;1;7;740;2;1;1;2;6;167;LDT REFFY;M;4407230;27486;470
2,02E+11;18;2;17;1745;1;1;1;1;6;134;HILLET;M;4401120;30774;470
2,02E+11;18;2;28;1300;1;1;1;4;6;180;D 656;M;4413870;46138;470
2,02E+11;18;4;4;1500;1;1;2;1;3;98;INTERSECTION D137 / D131;M;4410030;43999;470
2,02E+11;18;6;3;1928;1;1;1;1;1;221;LIEU DIT MONPLAISIR;M;4405910;24252;470
2,02E+11;18;6;9;25;3;1;1;1;6;195;LIEU DIT HOUNSEGUE;M;4414050;36124;470
2,02E+11;18;6;24;1900;1;1;3;1;4;186;D119;M;4420580;44147;470
2,02E+11;18;7;7;2125;2;1;1;1;6;143;D 930;M;4416820;29934;470
2,02E+11;18;9;18;415;5;2;6;1;6;97;RUE DU 1ER FЙVRIER 1944;M;4422180;34671;470
2,02E+11;18;9;21;2045;3;1;1;1;6;172;3370 VOIE ROMAINE;M;4414830;50270;470
2,02E+11;18;10;2;820;2;2;1;1;6;143;rue des cerisiers;M;4417744;30128;470
2,02E+11;18;10;26;1700;1;1;1;1;1;97;lieu-dit La Dagues;M;4422057;37901;470
2,02E+11;18;6;21;1500;1;1;2;1;3;222;CD655 PK14+730;M;4427930;11411;470
2,02E+11;18;6;29;1000;1;1;2;1;3;52;LE LANIN D11;M;4429820;10088;470
2,02E+11;18;7;11;1345;1;2;1;1;2;52;AVENUE JOSEPH TURROQUES;M;4430430;7655;470
2,02E+11;18;9;3;1110;1;1;1;1;1;12;LIEU DIT CARRASSET;M;4427360;18390;470
2,02E+11;18;10;3;900;1;2;1;1;6;52;Boulevard Victor Hugo;M;4431388;8588;470
2,02E+11;18;1;12;1825;5;2;1;1;3;179;39 AVENUE DE LA GARE;M;4448520;94309;470
2,02E+11;18;1;23;1850;5;2;2;1;3;283;LDT LIBOUSSOU;M;4447890;94864;470
2,02E+11;18;2;8;1345;1;1;1;1;1;328;LA PRONQUIERE;M;4444720;92223;470
2,02E+11;18;5;9;1900;1;1;1;1;6;185;ZA LES PORTES DU QUERCY;M;4448440;97928;470