Num_Acc;an;mois;jour;hrmn;lum;agg;int;atm;col;com;adr;gps;lat;long;dep
2,02E+11;18;5;8;1710;1;1;1;1;1;426;PK 20+300  D955;M;4837405;54405;610
2,02E+11;18;5;16;1440;1;1;1;1;1;319;D276;M;4834271;42282;610
2,02E+11;18;5;14;930;1;2;1;1;6;394;9 rue Germaine de Courso;M;4827961;60658;610
2,02E+11;18;7;23;1334;1;1;1;1;6;246;RD 923 - PK 10+600 - MAL;M;4826206;74053;610
2,02E+11;18;8;1;1530;1;2;1;7;6;79;RD 136;M;4823054;74983;610
2,02E+11;18;9;2;1830;1;1;1;1;6;437;Lieu-dit la Brosse;M;4840087;58030;610
2,02E+11;18;12;7;1550;1;2;9;2;3;38;Route de Mamers;M;4837662;55466;610
2,02E+11;18;2;2;1135;1;1;1;1;1;242;"Lieu-dit ""La Tuilerie de";M;4851967;80612;610
2,02E+11;18;2;10;1410;1;1;1;4;6;250;LE MOULIN DU GUЙ HERSANT;M;4857798;80261;610
2,02E+11;18;3;17;315;3;1;1;1;6;429;lieu dit champthierry;M;4862843;73340;610
2,02E+11;18;5;6;1315;1;2;1;7;6;345;La Nouй;M;4841755;79974;610
2,02E+11;18;5;20;2230;3;1;1;1;6;116;Route Dйpartementale 203;M;4836537;89125;610
2,02E+11;18;6;8;1435;1;1;3;1;3;125;RD923;M;4837864;89566;610
2,02E+11;18;7;1;855;1;1;1;1;7;395;RD 622 - PK 05+500;M;4839679;83279;610
2,02E+11;18;7;22;1645;1;1;1;1;7;296;LD MOULIN DES BRUYИRES;M;4855066;77595;610
2,02E+11;18;9;2;1550;1;1;1;1;7;296;RD 289  PK 5.5 sens croi;M;4856650;76625;610
2,02E+11;18;9;4;1645;1;1;2;8;3;429;Route Nationale 12;M;4862369;72702;610
2,02E+11;18;9;11;1930;2;1;1;1;6;116;"Lieu-dit ""Rivray"" - Cond";M;4839565;86635;610
2,02E+11;18;9;13;2040;3;1;1;1;5;335;La guimandiиre - la pote;M;4861912;72033;610
2,02E+11;18;9;24;1215;1;1;4;1;7;242;RD8 PK45;M;4852472;81855;610
2,02E+11;18;11;5;1750;2;1;1;1;5;45;LE COUDRAY;M;4856465;61690;610
2,02E+11;18;11;8;1110;1;1;1;1;1;42;bel air;M;4840966;69557;610
2,02E+11;18;11;20;1245;1;1;1;2;6;116;la fourche - coulonges l;M;4838655;90040;610
2,02E+11;18;11;27;600;5;2;1;5;6;345;25 AVENUE ALBERT DE MUN;M;4843421;77627;610
2,02E+11;18;11;29;1150;1;2;1;1;6;61;rue garreau;M;4843827;88961;610
2,02E+11;18;12;8;2100;3;1;1;3;7;299;RN 12 - PK 0+ 250;M;4867333;79269;610
2,02E+11;18;1;5;1900;2;2;3;1;6;255;chaussйe de Picardie;M;5005225;142146;760
2,02E+11;18;1;13;1805;2;1;3;1;1;255;D925;M;5006193;142440;760
2,02E+11;18;2;7;1745;1;2;1;1;5;422;Rue des tilleuls;M;4995757;147425;760
2,02E+11;18;3;14;1530;1;1;1;1;7;255;ROUTE D ABBEVILLE;M;5006718;144744;760
2,02E+11;18;4;28;1655;1;1;1;1;6;374;rue pasteur;M;5000921;150631;760
2,02E+11;18;5;8;1410;1;1;3;1;3;255;route d'Abbeville D925;M;5006700;144731;760
2,02E+11;18;6;6;1225;1;1;1;1;6;618;rue du chasse marйe hare;M;4996564;130410;760
2,02E+11;18;6;9;1142;1;2;1;1;6;711;quai franзois 1er;M;5006093;137208;760
2,02E+11;18;7;4;2100;1;1;1;1;7;533;D925;M;5006081;141028;800
2,02E+11;18;7;29;945;1;2;6;1;2;618;route de DIEPPE;M;4993970;118413;760
2,02E+11;18;8;12;1815;1;2;1;8;6;533;115  AV PIERRE CURIE;M;5006496;139434;800
2,02E+11;18;9;25;1120;1;2;1;7;6;255;boulevard Gambetta 925C;M;5004968;142440;760
2,02E+11;18;10;5;1700;1;2;1;7;3;255;Boulevard Victor Hugo;M;5004656;141581;760
2,02E+11;18;11;20;730;5;2;1;1;6;533;R DES CANADIENS;M;5006606;138740;800
2,02E+11;18;11;23;1610;2;2;1;5;2;533;AV MARIE ET PIERRE CURIE;M;5006541;139156;800
2,02E+11;18;12;6;1950;3;2;1;2;6;438;rue des canadiens;M;4996761;150124;760
2,02E+11;18;12;14;1715;5;1;2;1;3;618;CD 925 - ST MARTIN EN CA;M;4996251;123693;760
2,02E+11;18;12;20;1830;5;2;1;1;1;533;AV MARIE ET PIERRE CURIE;M;5006375;139935;800
2,02E+11;18;1;19;1800;2;2;1;1;6;453;Jacques DUCLOS;M;4578623;328141;630
2,02E+11;18;3;8;800;2;1;1;9;6;334;D 997 - LIEU DIT PUYCUBE;M;4566386;349334;630
2,02E+11;18;4;23;820;1;1;1;2;4;453;RD 997;M;4576692;330209;630
2,02E+11;18;5;3;1015;1;1;1;1;6;334;Planavel - D 997 - PK 24;M;4568179;346922;630
2,02E+11;18;5;5;1945;1;2;1;1;7;296;"Lieu-dit ""Moulin Rodier""";M;4577501;339322;630
2,02E+11;18;6;8;700;1;2;6;1;7;40;Avenue de la Rйpublique;M;;;630
2,02E+11;18;6;24;830;1;1;1;1;6;239;Route de la beautй;M;4568346;335101;630
2,02E+11;18;9;24;1700;1;1;1;1;7;106;D4;M;4572642;327902;630
2,02E+11;18;12;8;2200;3;1;1;1;3;296;Lieu dit Chez Tareyre -;M;4579124;339275;630
2,02E+11;18;12;19;1800;3;1;1;1;1;40;D212;M;4572452;328864;630
2,02E+11;18;12;21;1445;1;2;2;1;6;40;rue de la tour;M;4572255;333622;630
2,02E+11;18;1;8;1715;2;1;6;1;3;262;D979;M;4571137;317980;630
2,02E+11;18;1;11;1800;2;1;2;2;3;350;D212;M;4572482;327848;630
2,02E+11;18;1;28;1400;1;1;1;1;1;413;CD 792;M;4562971;317535;630
2,02E+11;18;4;6;1635;1;2;1;1;6;214;rue jean zay;M;4569487;319800;630
2,02E+11;18;4;23;1830;1;1;1;1;3;413;RD 978 PK 11+800;M;4565088;316655;630
2,02E+11;18;6;24;1230;1;1;2;1;3;455;CD978;M;4565251;316743;630
2,02E+11;18;7;2;1525;1;2;6;1;3;457;Boulevard du Comtй;M;4566318;320793;630
2,02E+11;18;9;5;2100;3;1;1;2;1;227;D1;M;;;630
2,02E+11;18;9;14;1400;1;2;1;1;1;227;AVENUE DE L'ALLIER;M;4569145;321457;630
2,02E+11;18;10;15;2005;3;1;1;2;1;405;D225;M;4563417;330361;630
2,02E+11;18;11;5;2005;3;1;3;1;2;306;intersection D118/D1 che;M;4571376;322103;630
2,02E+11;18;1;23;1810;5;2;1;1;6;3;48 boulevard Henri IV;M;4554881;374383;630
2,02E+11;18;1;29;1930;5;2;9;1;6;3;45 bd henri 4;M;4554873;374443;630
2,02E+11;18;3;15;1315;1;1;1;2;1;341;la roche;M;4555320;367858;630
2,02E+11;18;3;17;1145;1;1;1;1;7;341;charbaud;M;;;630
2,02E+11;18;4;2;1250;1;1;1;1;7;394;Lieu dit raffiny;M;4548803;390250;630
2,02E+11;18;4;14;1945;2;1;1;2;7;179;La Volpie;M;4560978;375896;630
2,02E+11;18;4;20;2115;4;2;1;1;1;341;Aubignat RD 56;M;;;630
2,02E+11;18;5;5;1115;1;1;1;1;3;179;La chaux;M;;;630
2,02E+11;18;5;5;945;1;1;6;1;7;3;lieu-dit le soldat;M;4557409;374708;630
2,02E+11;18;5;10;1600;1;1;3;1;3;221;RD251 PK 10 + 900;M;4542065;381594;630
2,02E+11;18;6;3;1610;1;1;1;1;7;10;PK 19+400  Rd 300;M;4540745;370291;630
2,02E+11;18;6;8;1255;1;1;1;1;7;3;LIEU DIT BOISSEYRE;M;4554360;370848;630
2,02E+11;18;6;23;1340;1;1;1;7;3;374;Route de Grandrif;M;4552380;380030;630
2,02E+11;18;7;11;1640;1;2;1;1;6;10;8 place charles DE GAULL;M;4541356;372446;630
2,02E+11;18;7;14;2330;3;1;1;1;6;398;RD 265 - PK2;M;4540095;365869;630
2,02E+11;18;7;19;800;1;2;3;1;2;3;rue du docteur Chassaing;M;4554527;374587;630
2,02E+11;18;9;28;1835;1;1;3;1;6;211;lieu-dit Riols;M;4547463;371971;630
2,02E+11;18;10;13;1615;1;1;1;1;7;441;Bois de Birou RD 106;M;4558857;377759;630
2,02E+11;18;10;21;1745;2;1;1;1;7;412;D 251 - pK 18 + 500;M;;;630
2,02E+11;18;12;2;1819;3;1;6;3;1;341;1er ac avec le cond A;M;4553234;372793;630
2,02E+11;18;12;2;1820;3;1;1;3;1;211;2иme ac avec le mк condu;M;4550289;372708;630
2,02E+11;18;12;7;2025;3;1;1;1;3;211;CD 906 PK/PR 16+910;M;4549257;372689;630
2,02E+11;18;12;29;1115;1;2;9;1;1;465;9 route d'Йglisolles;M;4543530;388559;630
2,02E+11;18;7;8;145;3;1;1;1;6;86;Piste forestiиre;M;4562423;360935;630
2,02E+11;18;6;28;1530;1;1;1;1;6;162;D 37 - PK 006.500 - Lieu;M;4550119;358631;630
2,02E+11;18;7;12;1400;1;1;1;1;3;337;D39;M;4556076;357088;630
2,02E+11;18;7;30;1556;1;1;1;1;1;162;dйpartementale 37  lieu-;M;4550352;358894;630
2,02E+11;18;1;4;1635;1;2;3;1;3;178;intersection rue des fou;M;4554283;324900;630
2,02E+11;18;3;2;1;3;1;1;1;7;172;RD 996;M;;;630
2,02E+11;18;6;13;820;1;2;1;1;6;178;68 route de perrier;M;4554354;323773;630
2,02E+11;18;6;27;1900;1;2;1;1;2;178;boulevard JF KENNEDY;M;4554680;324929;630
2,02E+11;18;6;29;2345;5;2;6;1;3;178;Carrefour Marius Courtia;M;4554426;324179;630
2,02E+11;18;7;16;955;1;1;1;1;6;80;D 978;M;4559154;314200;630
2,02E+11;18;8;4;1100;1;1;1;1;1;54;D718;M;;;630
2,02E+11;18;8;21;1755;1;1;3;1;6;109;Intersec CD26 et CD23;M;4555085;316218;630
2,02E+11;18;10;4;755;1;2;1;1;3;178;Rue du 14 juillet;M;4554809;324505;630
2,02E+11;18;10;28;1745;3;1;9;3;1;178;D996 - route de Parentig;M;4554356;327268;630
2,02E+11;18;12;26;1130;1;2;2;1;6;178;boulevard Jules Cibrand;M;4554494;325104;630
2,02E+11;18;2;10;1700;1;1;1;1;6;375;D24;M;4548995;332724;630
2,02E+11;18;6;7;1745;1;2;6;1;3;50;avenue du chateau;M;4540871;332711;630
2,02E+11;18;6;30;1545;1;1;3;1;6;448;D999 - PK 24+500;M;4546880;351544;630
2,02E+11;18;10;27;140;5;2;4;1;6;182;rue du pont d'allier;M;4542838;333377;630
2,02E+11;18;11;3;620;5;1;2;1;6;366;lieu dit ventalon RD214;M;4551335;335222;630
2,02E+11;18;11;24;1015;1;1;1;1;6;444;RD 996 - PK 70;M;;;630
2,02E+11;18;4;6;1840;1;1;2;1;2;114;RD 214;M;4543966;320923;630
2,02E+11;18;7;17;1915;1;1;1;1;1;7;RD28;M;;;630
2,02E+11;18;8;5;40;3;1;1;1;1;352;PK 7+200;M;4546999;323373;630
2,02E+11;18;8;20;1400;1;1;1;1;7;9;D 28;M;;;630
2,02E+11;18;11;3;1;3;1;1;9;7;299;CD 142 PK 7+600;M;4542920;314794;630
2,02E+11;18;11;10;1730;2;1;1;2;7;352;rd 214;M;4544896;322206;630
2,02E+11;18;6;22;1745;1;1;1;1;6;397;D996 - pk 002+700;M;4560057;270959;630
2,02E+11;18;6;23;1855;1;1;1;1;6;236;rd 36 PK 53+900 croissan;M;;;630
2,02E+11;18;8;9;930;1;1;1;8;1;397;cd 996  pk2;M;4559834;271452;630
2,02E+11;18;8;11;1115;1;1;3;1;5;426;RD 922;M;4555248;261749;630
2,02E+11;18;9;11;1330;1;2;4;1;3;236;rue de la saigne;M;4556713;281335;630
2,02E+11;18;12;29;245;3;2;1;1;6;192;rue de la pavade;M;4553307;268959;630
2,02E+11;18;2;11;1730;1;1;1;8;1;332;route du puy de dфme;M;;;630
2,02E+11;18;2;18;1011;1;1;6;1;7;148;D210-D224;M;4589429;323527;630
2,02E+11;18;4;19;1840;1;2;2;1;3;148;route de Clermont;M;4589412;322462;630
2,02E+11;18;4;27;1505;1;2;2;1;3;295;19 rue commerce/rue Riom;M;4601412;335366;630
2,02E+11;18;5;4;2050;3;1;1;1;7;372;CD 224 PK 18+47;M;;;630
2,02E+11;18;5;31;1750;1;2;3;2;3;89;CD 210 E;M;4587003;322100;630
2,02E+11;18;10;27;2245;5;2;1;1;6;332;6ter & 8 ter rue du puy;M;4599575;329353;630
2,02E+11;18;12;17;1355;1;1;2;1;1;362;CD210;M;4591692;324030;630
2,02E+11;18;12;21;2130;5;2;2;1;6;443;3 rue du Marйchal;M;4594232;318471;630
2,02E+11;18;12;31;1815;3;1;1;1;6;424;D91;M;4594081;326790;630
2,02E+11;18;1;16;1815;5;2;3;3;6;55;av des combrailles/Forge;M;4583824;281936;630
2,02E+11;18;2;17;1200;1;1;1;2;7;85;Dйpartementale 62;M;4588557;286828;630
2,02E+11;18;5;15;1000;1;1;1;5;6;290;Route dйpartementale 90;M;4590098;292225;630
2,02E+11;18;6;10;1550;1;1;1;3;1;170;RD 941;M;4584366;276710;630
2,02E+11;18;7;13;900;1;1;1;7;1;237;lieu dit les besses;M;4592735;254785;630
2,02E+11;18;7;18;1715;1;1;1;1;1;320;Beaublange;M;4590479;254645;630
2,02E+11;18;8;4;1520;1;1;1;1;1;85;Rd 62;M;;;630
2,02E+11;18;8;5;1100;1;1;1;1;6;283;lieu dit montglandier;M;;;630
2,02E+11;18;8;7;1220;1;1;2;1;3;290;CD 90 - PK 35 +100;M;4590008;292329;630
2,02E+11;18;10;7;915;1;1;1;2;6;170;D941;M;4583601;273541;630
2,02E+11;18;10;12;1730;1;2;1;1;7;385;lieu dit BONNABEAU;M;4578787;284231;630
2,02E+11;18;10;28;1300;1;1;1;2;6;228;Lieu-dit Grйgotier;M;4590836;270207;630
2,02E+11;18;11;1;1715;2;2;2;1;7;118;Le bourg;M;4585194;256289;630
2,02E+11;18;3;1;750;2;1;1;8;6;281;rd 1089;M;4612610;267817;630
2,02E+11;18;6;30;1210;1;1;1;1;7;67;RD 227  lieu dit le fas;M;;;630
2,02E+11;18;8;1;1955;1;2;1;1;7;391;le bourg;M;;;630
2,02E+11;18;8;12;1800;1;1;1;1;7;391;RD 109 PK 07+100;M;;;630
2,02E+11;18;8;24;1415;1;1;1;2;6;338;Le sucharet;M;4614686;282440;630
2,02E+11;18;8;24;1250;1;1;1;2;6;391;RD16;M;4606887;296502;630
2,02E+11;18;9;15;1755;1;1;1;1;6;344;Route dйpartementale 16;M;4610146;299218;630
2,02E+11;18;12;17;1400;1;1;1;8;6;286;Lieu-dit LA CARRIИRE;M;4609203;295762;630
2,02E+11;18;12;27;2030;3;2;1;1;6;338;rue des brandes;M;4616233;282991;630
2,02E+11;18;1;5;1720;5;2;1;3;6;430;22 avenue du gйnйral DE;M;4584325;351674;630
2,02E+11;18;2;11;1045;1;1;1;2;1;276;Lieu dit Verniиres;M;4583225;348518;630
2,02E+11;18;3;10;615;3;1;1;3;6;138;Lieu-dit MAILLET;M;4589513;349650;630
2,02E+11;18;4;24;740;1;2;1;5;6;430;rue torpilleur sirrocco;M;4583946;351288;630
2,02E+11;18;4;26;700;1;1;2;1;3;276;croisement D335 et D906;M;4583209;346047;630
2,02E+11;18;5;27;1620;1;1;4;3;3;430;D44;M;4586490;350087;630
2,02E+11;18;6;2;1250;1;1;1;1;1;267;Les Pins des Sarraix;M;4589756;363448;630
2,02E+11;18;6;17;820;1;1;1;1;7;72;la goutte du mouchon;M;4587826;368589;630
2,02E+11;18;6;29;830;1;1;2;1;3;430;iloa;M;4587203;348712;630
2,02E+11;18;7;30;1800;1;2;1;1;7;276;44 route de billom;M;4582725;348678;630
2,02E+11;18;8;13;1315;1;1;1;1;1;276;Lieu dit Verniиres;M;;;630
2,02E+11;18;8;13;1440;1;1;9;1;7;430;membrun;M;4650968;265871;630
2,02E+11;18;9;1;1000;1;1;1;1;6;463;Lieu dit Fontbonne;M;4581855;369601;630
2,02E+11;18;9;30;1320;1;2;1;1;7;430;Avenue Joseph Claussat;M;4585553;355177;630
2,02E+11;18;11;8;1745;5;2;3;1;3;430;avenue Lйo Lagrange;M;4584905;353525;630
2,02E+11;18;11;26;1730;5;2;1;2;6;72;rue de Clermont;M;4587849;368696;630
2,02E+11;18;12;18;859;5;1;1;1;1;430;D906- ZI DU FELET;M;4585404;350902;630
2,02E+11;18;2;15;1500;1;1;3;8;1;265;rd 224;M;4588450;344842;630
2,02E+11;18;5;18;1610;1;2;9;1;6;195;Rue des augustins;M;4582704;337718;630
2,02E+11;18;5;19;1530;1;1;1;1;6;298;vialle;M;4573223;370576;630
2,02E+11;18;5;14;1444;1;1;1;3;1;194;D327 PK 8+700;M;4583250;332029;630
2,02E+11;18;7;12;1910;1;1;1;1;1;195;D2089 - PK34;M;4582176;335783;630
2,02E+11;18;7;10;1300;1;2;1;1;6;125;14 rue de Lagat;M;4576354;354125;630
2,02E+11;18;7;27;1715;1;1;1;8;3;58;Les jouberts;M;4588160;339291;630
2,02E+11;18;9;6;1220;1;1;1;2;7;125;D 223;M;4576890;352190;630
2,02E+11;18;9;30;1145;1;1;4;1;3;195;INTERSECTION D115 ET D22;M;4580370;337157;630
2,02E+11;18;12;13;2115;3;1;1;5;6;15;Lieu dit la croix neuve;M;4575592;360438;630
2,02E+11;18;1;5;1730;3;2;1;2;7;291;Rue des caves;M;4596408;347046;630
2,02E+11;18;1;27;543;3;1;1;1;6;210;D 223;M;4591736;336102;630
2,02E+11;18;3;12;1730;1;1;1;2;6;180;D 327  lieu dit Medagues;M;;;630
2,02E+11;18;4;20;1625;1;1;1;1;1;180;ROUTE DE LEMPTY;M;4585074;331674;630
2,02E+11;18;8;15;1445;1;2;4;1;6;271;La chauprillade;M;4590161;351665;630
2,02E+11;18;8;29;1514;1;2;3;1;3;271;D906 PK 83+400;M;4592474;350355;630
2,02E+11;18;9;1;1345;1;1;1;1;6;271;106 route de Thiers  lie;M;4591055;351649;630
2,02E+11;18;10;28;1815;3;1;1;2;7;128;RD 224 - PK 12+400;M;4590557;338785;630
2,02E+11;18;3;1;720;2;1;1;4;4;478;D 606;M;4769074;364895;890
2,02E+11;18;3;9;1900;4;2;1;1;1;478;RD38;M;4770618;363623;890
2,02E+11;18;4;25;2130;3;1;1;9;6;256;Route de Courson;M;4767046;353262;890
2,02E+11;18;5;14;700;2;2;2;3;3;237;CD 950 - AVIGNY;M;4758577;371003;890
2,02E+11;18;5;17;2240;3;1;1;1;1;125;RN 151;M;4760447;350096;890
2,02E+11;18;5;31;655;2;1;1;1;1;155;D606 PK97+680;M;4771736;361556;890
2,02E+11;18;7;5;1500;1;2;1;2;2;233;D606;M;4762927;374436;890
2,02E+11;18;7;23;45;3;1;1;1;6;30;chemin vicinal;M;4764399;360641;890
2,02E+11;18;11;10;130;3;1;1;1;6;478;D100;M;4767917;365567;890
2,02E+11;18;12;13;1126;1;1;1;9;7;283;Dйpartementale 85;M;4764470;339722;890
2,02E+11;18;2;10;520;4;2;3;1;3;382;avenue Colbert;M;4790710;360086;890
2,02E+11;18;2;20;1920;3;1;1;1;7;198;D48;M;4788035;354081;890
2,02E+11;18;3;14;1345;1;2;2;1;3;68;rue du pressoir;M;4781597;378268;890
2,02E+11;18;4;25;1530;1;2;2;1;7;68;RD 62;M;4781315;379659;890
2,02E+11;18;5;18;1730;1;2;3;1;3;382;RD84;M;4789975;359807;890
2,02E+11;18;5;19;1530;1;1;5;1;3;307;INTERSECTION N77/D8;M;4789059;371142;890
2,02E+11;18;5;24;2030;1;1;1;1;7;31;D80 PK 6;M;4791288;355938;890
2,02E+11;18;6;6;2159;3;1;1;1;6;201;RD 91 sens HAUTERIVE / L;M;4792776;363448;890
2,02E+11;18;7;2;1715;1;1;1;1;1;200;D91;M;4793190;358474;890
2,02E+11;18;7;2;1000;1;2;2;1;3;382;Dйpartementale 84;M;4790857;360129;890
2,02E+11;18;7;9;1430;1;1;1;1;6;34;D965;M;4781275;370478;890
2,02E+11;18;7;13;1300;1;1;1;1;1;13;Nationale 6;M;4784749;354754;890
2,02E+11;18;8;1;1145;1;1;1;1;6;263;Avenue de paris;M;4784799;355869;890
2,02E+11;18;8;14;1900;1;1;1;1;7;34;D524;M;4782036;370786;890
2,02E+11;18;8;18;530;2;1;1;1;6;226;N77;M;4788562;370896;890
2,02E+11;18;9;1;1350;1;2;1;1;6;263;3 rue des marronniers -;M;4785789;361632;890
2,02E+11;18;9;13;1815;2;1;1;1;1;198;Route d'Auxerre;M;4787272;358812;890
2,02E+11;18;9;19;1455;1;1;1;1;1;201;RD91;M;4792674;364089;890
2,02E+11;18;11;1;1900;3;1;1;1;6;263;N6;M;4784249;355079;890
2,02E+11;18;12;11;2125;5;2;1;1;6;263;1 bis rue de SEIGNELAY;M;4785082;357879;890
2,02E+11;18;1;15;700;3;2;1;1;6;345;Avenue du 08 mai 1945;M;4800025;371848;890
2,02E+11;18;3;29;630;3;1;1;1;6;101;route dйpartementale 334;M;4796092;375775;890
2,02E+11;18;5;21;1857;1;2;1;1;1;276;Dйpartemental 112 Lieu-d;M;4805309;377284;890
2,02E+11;18;6;4;1450;1;1;1;1;6;276;N 77 Courcelle pk 35;M;4803159;377287;890
2,02E+11;18;8;6;1315;1;1;2;1;3;425;D 220;M;4805882;374635;890
2,02E+11;18;9;1;2000;2;2;1;1;6;436;18 RUE DES ROCHES;M;4801917;371799;890
2,02E+11;18;9;18;845;1;2;1;1;6;436;2 impasse des Parisiens;M;4803681;370841;890
2,02E+11;18;11;7;1745;5;2;3;2;3;345;Place dilo;M;4800252;372935;890
2,02E+11;18;11;9;2000;3;1;1;1;6;345;rue Maurice Nйron - AVRO;M;4799491;367819;890
2,02E+11;18;12;1;1620;1;1;1;8;6;345;avenue de Genиve;M;4799650;375486;890
2,02E+11;18;12;11;1125;1;1;1;1;7;345;RN 77;M;4800616;374124;890
2,02E+11;18;12;11;1610;1;2;1;1;6;398;rue guillot;M;4809052;377047;890
2,02E+11;18;12;12;1440;1;1;1;7;5;219;RN77;M;4806640;381109;890
2,02E+11;18;1;12;2300;3;1;1;5;7;221;D4;M;4769585;338106;890
2,02E+11;18;4;8;1520;1;2;1;1;3;368;ROUTE DES JANETS;M;4761599;321057;890
2,02E+11;18;5;12;1100;1;1;1;1;6;419;les cranзons;M;4772064;330977;890
2,02E+11;18;6;17;1530;1;1;1;1;1;254;RD 965;M;4769521;316584;890
2,02E+11;18;6;20;1630;1;1;1;1;6;221;dйpartementale 1;M;4769596;339855;890
2,02E+11;18;7;22;1150;1;1;3;1;3;273;carrefour chemin communa;M;4760317;320076;890
2,02E+11;18;8;31;2015;5;1;1;1;1;324;rue andrй henriat;M;4773614;289523;890
2,02E+11;18;9;14;1730;1;2;1;1;6;419;8 rue du patis;M;4773367;329542;890
2,02E+11;18;10;11;1010;1;1;1;1;7;352;d90;M;4767584;301639;890
2,02E+11;18;10;12;900;1;1;1;1;6;420;lieu-dit les carriиres -;M;4758901;317247;890
2,02E+11;18;10;27;830;2;1;1;5;7;365;D52;M;4769930;306674;890
2,02E+11;18;12;1;2130;3;1;1;2;6;254;Route dйpartementale 7;M;4768944;317600;890
2,02E+11;18;12;3;15;3;1;1;2;6;420;rue de la maison blanche;M;4754463;317910;890
2,02E+11;18;4;22;1900;1;1;1;1;7;25;PK 2+200;M;4745928;391811;890
2,02E+11;18;5;9;1700;1;1;1;1;7;25;D944;M;4746157;390230;890
2,02E+11;18;5;9;2100;1;1;1;1;7;349;Lieu dit Moulin SIMMONNE;M;4738079;402511;890
2,02E+11;18;6;22;1615;1;2;2;1;3;306;chemin du foulon;M;4749063;386258;890
2,02E+11;18;7;5;955;1;1;1;2;1;203;route dйpartementale 957;M;4747453;383096;890
2,02E+11;18;7;14;1600;1;1;1;1;6;362;RD 606;M;4757207;378237;890
2,02E+11;18;7;21;1800;1;1;1;1;1;364;D 957;M;4746405;375662;890
2,02E+11;18;7;21;1600;1;1;2;1;3;159;champs ravier;M;4751740;390829;890
2,02E+11;18;7;24;345;3;1;1;1;2;159;D944  PR 49+270;M;4752025;390792;890
2,02E+11;18;7;27;850;1;2;1;1;2;25;face au 47 route de lorm;M;4748498;390959;890
2,02E+11;18;7;31;1640;1;1;1;1;1;485;D 950 PK 79+500;M;4755772;378358;890
2,02E+11;18;8;23;1800;1;1;1;7;1;21;D 123;M;4749746;372219;890
2,02E+11;18;9;29;1200;1;2;1;1;3;25;avenue de la morlande;M;4749075;390165;890
2,02E+11;18;2;27;900;1;1;9;1;3;277;Intersection RD 944 et l;M;4765912;387693;890
2,02E+11;18;7;1;1400;1;1;1;1;7;246;dйpartemental 86;M;4764633;397043;890
2,02E+11;18;7;19;1115;1;1;3;1;3;351;Route communale;M;4745300;408717;890
2,02E+11;18;11;11;1555;1;2;1;1;6;379;rue Franзois Magdelaine;M;4749511;406946;890
2,02E+11;18;11;30;830;2;1;1;2;1;339;route dйpartemental 86;M;4756003;397409;890
2,02E+11;18;1;18;1200;1;2;1;2;1;5;rue de l'йglise;M;4777564;416405;890
2,02E+11;18;2;2;1335;1;1;2;1;3;418;D 965 PK 28+195;M;4784336;395588;890
2,02E+11;18;5;18;820;1;1;1;1;6;168;D 965 - PR 34+590;M;4781349;388893;890
2,02E+11;18;6;18;2115;2;2;1;1;7;321;route d'ANCY LE FRANC;M;4773627;422357;890
2,02E+11;18;7;6;1620;1;1;1;1;6;418;route de Paris а Genиve;M;4786220;398648;890
2,02E+11;18;7;24;1455;1;2;6;1;3;418;rond point des ovis;M;4785130;399095;890
2,02E+11;18;8;19;1720;1;1;1;1;6;418;D 944 PR 9 +850;M;4783439;396074;890
2,02E+11;18;10;15;30;3;1;1;1;7;418;D43 - PR43+300;M;4786535;396304;890
2,02E+11;18;11;17;1700;3;1;1;1;6;132;"Lieux dit ""Ferme de Marn";M;4770575;421603;890
2,02E+11;18;1;30;900;1;1;2;1;3;88;RD57;M;4785238;335959;890
2,02E+11;18;6;7;1230;1;1;1;1;1;86;Lieu-dit Les girandes;M;4784978;316433;890
2,02E+11;18;6;23;1150;1;1;1;1;6;86;D 950 - GRANDCHAMP;M;4778823;319237;890
2,02E+11;18;6;24;1100;1;1;3;1;3;397;route dйpartementale D3;M;4783344;324857;890
2,02E+11;18;6;25;1500;1;2;1;1;6;86;route de Saint-Martin;M;4787759;309542;890
2,02E+11;18;7;5;1755;1;1;1;1;6;86;CD18  VILLEFRANCHE;M;4795975;313928;890
2,02E+11;18;7;23;1645;1;1;1;7;1;360;RD4;M;4781636;336189;890
2,02E+11;18;9;12;1740;1;1;1;1;1;103;RD 16 а CHEVILLON PK 15;M;4791891;318675;890