Num_Acc;an;mois;jour;hrmn;lum;agg;int;atm;col;com;adr;gps;lat;long;dep
2,02E+11;18;1;28;910;2;1;1;5;5;160;RN 124 PK 9+967;M;4360220;108322;320
2,02E+11;18;4;26;2030;1;1;1;1;1;120;D39/D116;M;4369150;103902;320
2,02E+11;18;5;9;330;3;1;1;1;6;160;RN 124;M;4359600;111256;320
2,02E+11;18;10;11;1140;1;2;1;1;6;160;Boulevard carnot;M;4361160;108143;320
2,02E+11;18;11;10;1605;1;1;1;1;6;121;1200 ROUTE DE PЙRIGUЙ;M;4354270;104255;320
2,02E+11;18;11;12;2115;3;1;1;1;1;160;115 ROUTE DE SEGOUFIELLE;M;4362310;110975;320
2,02E+11;18;12;2;840;1;1;1;1;1;121;RD 634;M;4356820;103169;320
2,02E+11;18;4;1;545;3;1;1;1;6;297;ROUTE DE CAZAUX SAVES -;M;4351800;96216;320
2,02E+11;18;7;15;1750;1;2;1;1;6;387;LE VILLAGE;M;4343690;99211;320
2,02E+11;18;7;23;1100;1;1;1;1;5;289;CORNEMUZAYRE;M;4337000;99005;320
2,02E+11;18;9;29;1700;1;2;1;1;1;76;RD626  LIEU DIT LOURTAOU;M;4358020;71767;320
2,02E+11;18;2;8;2015;3;1;1;8;1;301;RN 124 - PR 62+550;M;4367070;52918;320
2,02E+11;18;2;20;1310;1;1;1;2;6;29;ROUTE DЙPARTEMENTALE 939;M;4364980;40451;320
2,02E+11;18;3;12;730;2;1;1;1;5;65;D 939;M;4366410;39551;320
2,02E+11;18;5;2;1105;1;1;1;1;6;231;"LIEU-DIT ""TIRET""  PARKIN";M;4376730;31181;320
2,02E+11;18;5;12;105;3;1;1;1;6;54;RD 939 - 22+370;M;4369680;38852;320
2,02E+11;18;5;21;1805;1;1;1;1;1;54;"LIEU-DIT ""LE BOUPAT""  RO";M;4370640;44653;320
2,02E+11;18;6;11;1705;1;2;1;1;3;462;10 CHEMIN DE RONDE;M;4376030;30197;320
2,02E+11;18;5;30;1240;1;2;1;1;1;231;CHEMIN DE MOUSSEIGNE;M;4377690;30997;320
2,02E+11;18;7;16;1430;1;1;1;1;2;462;RN 124;M;4374770;33779;320
2,02E+11;18;8;18;1500;1;1;1;1;7;301;PR 66+500 RN 124;M;4368740;48392;320
2,02E+11;18;12;4;825;1;1;1;8;7;301;ROUTE DU BOIS D' AUCH /;M;4366610;49223;320
2,02E+11;18;4;28;1745;1;1;1;1;6;194;LIEU DIT COUCHET;M;4393670;32843;320
2,02E+11;18;10;4;300;5;2;1;1;7;24;AU VILLAGE;M;4383200;42829;320
2,02E+11;18;10;11;1210;1;2;1;1;6;404;BOULEVARD DE LA PORTE BA;M;4387690;46279;320
2,02E+11;18;1;25;1245;1;1;2;1;3;227;LIEU DIT MALAMINE RN 524;M;4381390;9503;320
2,02E+11;18;7;7;530;3;1;4;1;6;211;INTERSECTION D 30 ET D 3;M;4386540;-6566;320
2,02E+11;18;7;22;1900;1;1;1;1;6;73;RD 30 PK 5+500;M;4386290;-1037;320
2,02E+11;18;7;20;1800;1;2;1;1;1;115;RN 124;M;4376400;17089;320
2,02E+11;18;8;22;2050;2;1;1;1;7;119;DЙPARTEMENTALE 931;M;4387100;12109;320
2,02E+11;18;11;6;750;1;2;3;1;6;119;BOULEVARD SAINT-BLANCAT;M;4386010;10276;320
2,02E+11;18;12;6;715;5;2;3;1;5;96;BOULEVARD DES PYRЙNЙES;M;4393440;-6616;320
2,02E+11;18;7;23;415;3;1;1;1;7;68;VC 5 PK 0+350;M;4382830;76851;320
2,02E+11;18;8;7;1330;1;1;1;1;1;314;RD40 LES CLOUTETS;M;4399270;81402;320
2,02E+11;18;8;20;1815;1;1;2;1;3;208;VOIE COMMUNALE 19;M;4396240;62917;320
2,02E+11;18;8;28;1625;1;1;3;1;7;405;CD 654;M;4384850;58859;320
2,02E+11;18;9;20;930;1;1;1;1;3;457;LIEU DIT LA FERRETTE;M;4386320;73778;320
2,02E+11;18;10;21;1810;1;1;1;1;6;452;7;M;4386740;79413;320
2,02E+11;18;11;1;1415;1;1;1;1;6;405;D123;M;4384060;58888;320
2,02E+11;18;12;10;1120;1;1;1;1;7;442;LIEU DIT BORDE DE TUCO;M;4391750;55516;320
2,02E+11;18;12;23;1010;1;1;1;2;6;457;D953;M;4386210;69098;320
2,02E+11;18;12;24;1245;1;1;4;2;1;208;INTERSECTION D248 ET VC;M;4398140;63270;320
2,02E+11;18;1;28;655;3;1;2;5;3;254;LES TROUETTES;M;4354020;45458;320
2,02E+11;18;2;16;1715;1;2;1;7;6;252;RUE DU ONZE NOVEMBRE;M;4342910;30601;320
2,02E+11;18;2;22;1254;1;2;1;1;6;256;15 AVENUE DES ANCIENS CO;M;4350620;39913;320
2,02E+11;18;3;27;2000;2;1;1;2;6;267;LIEU DIT LIARES;M;4347500;64669;320
2,02E+11;18;3;27;1615;1;1;1;1;6;104;CD 150;M;4348780;52609;320
2,02E+11;18;4;2;1840;1;2;4;1;3;397;CD 939;M;4343130;41451;320
2,02E+11;18;5;18;700;2;1;1;5;7;355;CHEMIN DE LESPIAU;M;4340060;34906;320
2,02E+11;18;6;18;1345;1;2;2;1;1;256;BOULEVARD ALSACE LORRAIN;M;4351510;40737;320
2,02E+11;18;6;18;1435;1;1;1;1;5;254;RN 21;M;4354500;46928;320
2,02E+11;18;6;27;830;1;1;3;1;4;272;PEY CRABЙ;M;4335650;54987;320
2,02E+11;18;8;3;1415;1;1;2;1;2;242;LIEU DIT LE PARQUET CD 9;M;4341780;57581;320
2,02E+11;18;8;11;2315;3;1;1;1;6;250;RD 27;M;4342430;69380;320
2,02E+11;18;8;24;1550;1;1;1;1;3;172;NATIONALE 21 PK 62+160;M;4358180;54059;320
2,02E+11;18;9;15;1015;1;1;1;1;6;397;D237;M;4343170;38716;320
2,02E+11;18;9;27;930;1;2;4;1;3;256;AVENUE DE CHANZY;M;4351150;40432;320
2,02E+11;18;10;7;700;3;2;1;2;6;242;CD 929  LIEU DIT RIBИRE;M;4344310;57894;320
2,02E+11;18;10;13;2330;3;2;3;1;3;281;AU VILLAGE;M;4338300;35883;320
2,02E+11;18;10;21;1815;1;1;1;1;1;156;DЙPARTEMENTALE 2;M;4352060;45958;320
2,02E+11;18;11;21;1745;2;1;1;1;1;169;CD 929;M;4347620;58585;320
2,02E+11;18;12;23;1750;3;1;1;5;6;41;ROUTE DЙPARTEMENTALE N°2;M;4341980;62621;320
2,02E+11;18;6;21;1630;1;1;2;1;5;440;LIEU DIT VERDUN;M;4364280;2108;320
2,02E+11;18;11;8;1930;3;1;3;1;2;36;LIEU DIT DUPEYRON;M;4355710;13091;320
2,02E+11;18;12;29;1630;1;1;1;1;1;109;RD 37;M;4361910;10405;320
2,02E+11;18;3;16;1805;1;1;1;1;6;49;D111;M;4371090;2668;320
2,02E+11;18;3;30;1855;1;2;1;1;7;296;D 147 AVENUE DE L'AUTODR;M;4376170;-3826;320
2,02E+11;18;4;6;1400;1;1;1;1;1;93;ROUTE DЙPARTEMENTALE 935;M;4367660;-11603;320
2,02E+11;18;6;20;730;1;2;1;1;6;296;20 AVENUE DES SPORTS;M;4376480;-3331;320
2,02E+11;18;8;13;1205;1;1;1;2;1;463;D22 - PK 14+915;M;4358910;-15398;320
2,02E+11;18;9;30;100;3;1;1;1;6;170;RD 262;M;4363770;-15114;320
2,02E+11;18;10;31;1530;1;1;1;1;1;5;D25 PK 5 + 530;M;4372310;-4663;320
2,02E+11;18;12;3;635;5;2;1;2;6;378;AU VILLAGE;M;4367980;-14695;320
2,02E+11;18;2;6;2055;3;1;1;2;6;186;RN 88 - 2x2 voies -;M;4407917;225949;810
2,02E+11;18;5;20;1950;1;1;1;1;6;259;la besse;M;4401353;234721;810
2,02E+11;18;10;13;1645;1;1;9;1;6;230;Echangeur de Rosiиres n°;M;4404124;219754;810
2,02E+11;18;6;2;1245;1;1;1;3;7;103;RD 81 - PK 65+900;M;4371260;263438;810
2,02E+11;18;8;30;1529;1;1;1;1;6;193;Lieu-dit Montredon;M;4368067;278717;810
2,02E+11;18;4;28;1745;1;1;1;1;7;182;La Vitarelle;M;4371360;228732;810
2,02E+11;18;6;9;145;3;1;9;1;1;42;Route dйpartementale 622;M;4362188;230627;810
2,02E+11;18;7;29;100;3;1;1;1;6;182;Route dйpartementale D89;M;4371372;229042;810
2,02E+11;18;8;11;1100;1;2;3;1;3;305;intersection Route du si;M;4369026;242493;810
2,02E+11;18;9;14;1715;1;2;9;1;1;128;45 rue du Sidobre;M;4366262;235420;810
2,02E+11;18;12;19;750;3;2;1;2;3;128;D30 - 45 AVENUE DE ROQUE;M;4365993;235825;810
2,02E+11;18;1;5;1415;1;2;1;1;2;45;14 promenade de l'Autan;M;4406650;194170;810
2,02E+11;18;1;18;1840;3;1;1;2;7;64;D 964;M;4395780;183415;810
2,02E+11;18;3;11;1550;1;1;1;1;6;206;"Lieu dit ""Courgnac""";M;4410355;172258;810
2,02E+11;18;7;11;1440;1;1;1;1;7;263;RD.922;M;4412347;196927;810
2,02E+11;18;4;4;2000;1;2;7;1;1;145;place Paul Saissac;M;4385331;181015;810
2,02E+11;18;6;20;740;2;1;1;7;2;220;route de condel;M;4381789;169641;810
2,02E+11;18;7;29;830;1;1;1;1;6;171;la borie neuve;M;4386436;186383;810
2,02E+11;18;9;9;1145;1;1;1;1;5;171;RD 10 PK 11+500;M;4384781;188960;810
2,02E+11;18;10;26;1330;1;1;1;1;6;171;"VC 12 - ""Balsegure""";M;4386311;188790;810
2,02E+11;18;11;20;940;1;1;1;1;6;171;A68 PK46+800;M;4386356;189598;810
2,02E+11;18;12;6;1355;1;1;9;2;6;145;Lastour;M;4387584;184404;810
2,02E+11;18;1;16;1535;1;2;1;2;6;289;chemin de soulet;M;4355968;211722;810
2,02E+11;18;2;8;720;3;1;1;4;1;204;N 112 PR 52+500;M;4356004;232494;810
2,02E+11;18;2;11;1915;5;2;1;2;6;130;Avenue de MAZAMET;M;4358167;227592;810
2,02E+11;18;4;12;1715;1;1;1;1;6;289;route de Dourgne;M;4354216;211939;810
2,02E+11;18;4;14;2225;3;1;1;1;5;288;Lieu Dit LATOUR;M;4346673;203464;810
2,02E+11;18;6;20;1950;2;2;1;1;1;130;10 Avenue de Castres;M;4358153;227601;810
2,02E+11;18;8;1;1830;1;2;3;1;3;204;Avenue de Payrin;M;4351905;235516;810
2,02E+11;18;8;6;1245;1;1;1;1;1;289;D926;M;4355687;211715;810
2,02E+11;18;8;27;1515;1;1;1;1;6;204;RD612 PK30;M;4354585;234562;810
2,02E+11;18;9;15;1050;1;1;3;1;2;312;RD85 PK 14+900;M;4350664;215609;810
2,02E+11;18;11;23;2000;3;1;1;1;1;120;D60;M;4355407;226406;810
2,02E+11;18;1;11;1325;1;2;1;1;3;88;quai lamartine;M;4583330;484561;690
2,02E+11;18;1;20;1250;1;1;1;2;3;292;Montйe du Village;M;4582767;487942;690
2,02E+11;18;3;4;1110;1;2;1;1;6;292;Boulevard de l'Ouest;M;4582534;486800;690
2,02E+11;18;4;12;205;3;1;1;1;6;63;Quai d'Illhaeusern;M;4582903;485038;690
2,02E+11;18;5;5;1715;1;2;9;1;6;292;06 avenue du val de saon;M;4582726;487369;690
2,02E+11;18;5;27;1630;1;2;1;1;6;168;565 chemin de la plage;M;4583627;483547;690
2,02E+11;18;5;31;740;1;2;1;2;6;63;Rue Pierre Pays;M;4582970;484621;690
2,02E+11;18;6;16;730;1;2;1;1;6;88;Avenue des Marronniers;M;4581667;486297;690
2,02E+11;18;7;7;1040;1;2;6;1;3;168;63 chemin des Lones;M;4583591;483824;690
2,02E+11;18;9;19;1035;1;1;6;1;3;63;d51;M;4581476;484638;690
2,02E+11;18;9;27;1900;1;2;9;1;1;63;quai d'illhaeusern;M;4583046;484826;690
2,02E+11;18;10;11;1025;1;2;2;7;6;292;14 av Fйlix Faure;M;4582507;487335;690
2,02E+11;18;12;9;2345;3;1;1;2;6;63;quai d'illaheusern;M;4583046;484826;690
2,02E+11;18;12;12;1735;5;2;6;1;6;292;13 allйe carnot;M;4581878;487134;690
2,02E+11;18;12;20;1710;2;2;6;1;3;63;Quai Illhaeusern;M;4581498;484618;690
2,02E+11;18;2;2;1335;1;2;3;1;3;162;Rue du bourg;M;4611177;461468;690
2,02E+11;18;2;18;410;3;1;1;1;6;109;Route dйpartementale D78;M;4614544;462533;690
2,02E+11;18;3;4;1630;1;1;6;2;1;103;Rond point des tournets;M;4622966;472150;690
2,02E+11;18;4;15;1100;1;1;1;1;2;58;lieu-dit ''les terrasses;M;4618774;462973;690
2,02E+11;18;4;18;900;1;2;7;1;6;18;Place de l'hфtel de vill;M;4615458;458706;690
2,02E+11;18;5;18;1820;1;2;1;1;1;109;Chemin des mыriers;M;4615491;461865;690
2,02E+11;18;7;18;1615;1;1;1;1;7;209;D10;M;4623201;441800;690
2,02E+11;18;8;26;1115;1;1;1;1;5;12;D337 - PK 22+038;M;4617908;453252;690
2,02E+11;18;9;27;1550;1;2;4;7;1;150;D 32;M;4622988;459740;690
2,02E+11;18;10;16;905;1;2;2;1;3;165;intersection D602/D9;M;4613635;464302;690
2,02E+11;18;10;19;1540;1;1;3;1;1;108;D306;M;4617288;474704;690
2,02E+11;18;10;27;1130;1;1;1;2;1;84;D32;M;4619821;469115;690
2,02E+11;18;12;6;1730;3;1;1;1;4;162;D337;M;4613106;462107;690
2,02E+11;18;12;28;40;5;1;6;5;6;162;rond point des samsons;M;4611375;462835;690
2,02E+11;18;1;23;1500;1;1;1;1;3;214;Lieu dit le bancillon;M;4600714;436158;690
2,02E+11;18;2;18;1605;1;2;1;1;3;66;rue de la mairie;M;4609974;432142;690
2,02E+11;18;3;2;1945;5;2;1;1;1;70;15 rue de l'Hotel de Vil;M;4601885;437792;690
2,02E+11;18;4;9;1740;1;2;1;1;6;6;16 Avenue Jean Moos;M;4598492;434093;690
2,02E+11;18;4;18;1700;1;2;1;1;2;70;3 route de Cublize;M;4598204;433633;690
2,02E+11;18;4;20;1510;1;2;1;1;3;66;45 rue Georges Clйmencea;M;4610027;432209;690
2,02E+11;18;7;26;1840;1;2;9;7;3;6;3 route de cublize;M;4598174;433564;690
2,02E+11;18;9;12;1630;1;2;1;1;5;214;RD 308;M;4599824;432505;690
2,02E+11;18;10;9;950;1;1;2;5;6;248;RD 504;M;4603568;428521;690
2,02E+11;18;10;31;1900;5;2;1;1;6;214;avenue victor hugo;M;4600269;432548;690
2,02E+11;18;11;12;1700;5;2;1;2;6;248;rue du moulin dezalaire;M;4603782;429809;690
2,02E+11;18;12;8;300;3;1;1;1;6;248;RD9;M;4602236;428232;690
2,02E+11;18;12;22;1600;1;2;1;1;6;248;13 rue Jean Jaurиs;M;4603079;431234;690
2,02E+11;18;1;25;645;3;1;1;1;5;363;D 14  PK 7+800.;M;4476737;-41680;330
2,02E+11;18;7;25;1835;1;1;1;1;1;83;route de Crйon;M;4481629;-36228;330
2,02E+11;18;12;31;1625;1;1;2;1;2;431;route de Blйsignac;M;4477397;-27802;330
2,02E+11;18;1;23;1720;1;2;1;8;1;11;RD3 PR79+470 rйel;M;4476126;-112806;330
2,02E+11;18;2;2;1500;1;2;2;1;2;236;D106/All Grd Piquey.;M;4471667;-121242;330
2,02E+11;18;4;15;1410;1;1;1;1;3;236;Route Forestiиre du Truc;M;4470585;-124531;330
2,02E+11;18;8;6;2100;2;2;1;1;6;236;RD106E5 PR1+738 rйel;M;4479029;-115795;330
2,02E+11;18;7;30;1125;1;2;1;1;6;11;Route de Bordeaux;M;4477137;-111769;330
2,02E+11;18;8;24;1815;1;2;2;1;3;236;Av Ocйan/Av Mon Salliens;M;4465578;-124610;330
2,02E+11;18;11;10;1625;1;2;1;2;6;236;205 route du Cap Ferret.;M;4469626;-123245;330
2,02E+11;18;12;11;1125;1;2;1;1;6;11;20 avenue de la libйrati;M;4476542;-113754;330
2,02E+11;18;1;25;1800;3;1;1;2;6;382;RD250 PR11+065 rйel.;M;4511966;-52687;330
2,02E+11;18;2;8;1815;2;2;3;1;3;473;Petit Terrier/La Chaise;M;4514122;-43781;330
2,02E+11;18;3;22;1700;1;2;1;1;6;114;886 rue de papon;M;4510235;-38188;330
2,02E+11;18;5;10;1735;1;2;1;1;6;233;D22 PR22+043 rйel;M;4510921;-34712;330
2,02E+11;18;6;23;1420;1;1;2;1;3;233;D22PR21+216/VCMaillerie;M;4511268;-35540;330
2,02E+11;18;6;30;2330;3;2;1;1;1;272;D142 PR11+458 rйel;M;4506760;-38746;330
2,02E+11;18;9;27;1150;1;1;1;1;3;272;RN10 PK13;M;4506066;-39839;330
2,02E+11;18;12;10;2130;3;1;4;5;6;142;ruisseau saint martial;M;4506335;-43489;330
2,02E+11;18;12;29;145;5;2;1;1;6;126;39 Le Bourg;M;4511207;-44312;330
2,02E+11;18;1;20;1430;1;1;1;3;6;195;D655 E5;M;4439735;-2595;330
2,02E+11;18;3;11;730;2;1;1;1;6;144;paysan de la jus;M;4440278;-22815;330
2,02E+11;18;4;1;1705;1;2;2;1;6;36;RD3/Allйe de juillet;M;4443203;-21640;330
2,02E+11;18;4;15;750;1;1;1;1;6;36;D932E9 PR0+325 rйel;M;4441942;-21611;330
2,02E+11;18;6;8;2100;2;1;6;1;6;36;RN524/RD3.;M;4444410;-23665;330
2,02E+11;18;6;24;300;5;2;1;1;6;36;rue jacques de monfort;M;4443952;-20419;330
2,02E+11;18;2;21;2140;3;1;1;1;6;516;D672 PR27+862 rйel;M;4473291;-1502;330
2,02E+11;18;6;14;1130;1;1;9;1;6;150;D15E5 PR1+215 REEL;M;4466576;9043;330
2,02E+11;18;7;19;2005;1;1;2;1;3;404;RD16 14+090/RD124 23+650;M;4461866;7268;330
2,02E+11;18;8;3;1400;1;1;3;1;3;316;RD672/VC La Borne Sud;M;4475635;11777;330
2,02E+11;18;8;25;1900;1;1;1;1;6;277;D128E7 0+960 REEL;M;4476060;8506;330
2,02E+11;18;10;7;400;3;1;1;1;6;277;gouraud - D16;M;4477551;6954;330
2,02E+11;18;10;12;1630;1;1;1;1;6;520;D124E1;M;4464197;16671;330
2,02E+11;18;12;24;945;1;1;1;2;6;289;lieu dit tastet;M;4463441;8912;330
2,02E+11;18;12;31;730;2;1;3;5;6;523;RD671/RD11;M;4475505;-26151;330
2,02E+11;18;5;31;1048;1;1;1;1;1;57;RD17 PR44+470 rйel.;M;4476100;-6703;330
2,02E+11;18;10;6;2330;3;1;1;3;1;464;4 Lieu dit Rouquey;M;4467601;-23408;330
2,02E+11;18;10;20;1420;1;1;2;1;3;361;D232 5+025 / D126 7+765.;M;4478223;-3688;330
2,02E+11;18;3;4;215;3;1;1;2;6;251;RD 219- PR 24 rйel.;M;4453813;-57805;330
2,02E+11;18;4;2;1430;1;2;2;1;3;484;RD220/VC de la Hure;M;4442620;-49080;330
2,02E+11;18;7;26;915;1;2;2;7;2;307;route du Rиche;M;4447743;-34890;330
2,02E+11;18;3;1;945;1;2;1;1;3;314;rue du marechal juin.;M;4519658;-75416;330
2,02E+11;18;3;2;1610;1;2;1;1;2;125;D104 PR2+160rйel;M;4522752;-83178;330
2,02E+11;18;4;10;1630;1;1;3;3;3;412;D1215/VC5 PR54+690 rйel;M;4524397;-89125;330
2,02E+11;18;4;13;755;1;1;5;1;1;314;D205 / D104 E2;M;4521017;-78083;330
2,02E+11;18;5;11;500;3;1;1;1;6;424;RD1215 PR42+720 rйel;M;4514735;-81154;330
2,02E+11;18;6;3;1315;1;1;1;1;6;423;D101E10 PR1+164 REEL;M;4515711;-75636;330
2,02E+11;18;7;27;30;3;2;1;1;6;395;RD2 LD COS 40+284;M;4522980;-77442;330
2,02E+11;18;8;11;2000;1;2;1;1;1;314;RD2 PR41+760 rйel;M;4521810;-76686;330
2,02E+11;18;10;29;1800;3;1;1;1;6;545;RD 204 E3;M;4525323;-82119;330
2,02E+11;18;12;26;2025;3;1;6;1;6;125;rond point la Cardine;M;4521660;-87058;330
2,02E+11;18;1;17;939;1;2;1;8;6;514;D101 PR4+85 rйel;M;4548012;-111911;330
2,02E+11;18;3;4;1410;1;1;1;1;6;521;RD1215 PR86+680 rйel.;M;4548110;-109206;330
2,02E+11;18;6;23;1645;1;1;1;7;6;490;D2 PR2+130 rйel;M;4543935;-101655;330
2,02E+11;18;7;2;1315;1;2;1;1;1;514;46 rue willy signoret.;M;4550802;-111222;330
2,02E+11;18;7;6;1134;1;1;2;1;1;348;R Casteret/Ch Forestier.;M;4534752;-103662;330
2,02E+11;18;7;17;1330;1;2;1;1;6;544;15 rue edouard costes;M;4554546;-106549;330
2,02E+11;18;7;19;1900;1;1;2;1;1;348;RD1215 73+827/RD1E4.;M;4537886;-102596;330
2,02E+11;18;8;29;1840;1;2;1;1;1;514;RD10 PR1+512 REEL;M;4550107;-111545;330
2,02E+11;18;10;5;700;3;1;1;1;6;348;VC Chemin du moulin;M;4535935;-99592;330
2,02E+11;18;10;25;1715;1;2;6;1;6;540;Rue de la Mairie;M;4535615;-106008;330
2,02E+11;18;10;28;745;2;1;1;1;6;193;route de saint-vivien;M;4543819;-105720;330
2,02E+11;18;2;25;1700;1;1;1;1;6;421;RD670 PR37+700 rйel;M;4480734;-14048;330
2,02E+11;18;3;21;100;3;1;1;1;6;296;VC route de boursol;M;4482608;-2647;330
2,02E+11;18;6;8;1940;1;2;2;1;3;185;D18PR59+975/VC Machinot.;M;4486156;-25990;330
2,02E+11;18;8;31;1715;1;1;4;1;4;421;RD670 38+140 / RD18;M;4480779;-13646;330
2,02E+11;18;10;3;1830;1;1;3;1;3;127;Lieu dit Mauvilla;M;4483340;-7474;330
2,02E+11;18;10;11;2000;3;2;1;1;1;185;D 18 PR60+708 rйel;M;4485617;-25569;330
2,02E+11;18;11;11;1155;1;1;1;1;1;194;pey du prat;M;4482830;-19956;330
2,02E+11;18;11;27;1715;2;1;1;1;2;185;RD 1089;M;4486722;-24738;330
2,02E+11;18;1;20;1445;1;1;3;3;1;261;lieu dit le cros.;M;4496368;-10133;330
2,02E+11;18;2;23;1750;1;1;3;1;1;394;D243E1/VC Trotte-Vieille;M;4489522;-14664;330
2,02E+11;18;3;22;1808;1;2;2;1;3;108;RD936/RD936E3;M;4485457;-4223;330
2,02E+11;18;3;24;540;2;2;2;2;3;108;8 avenue Camille Maumey;M;4485541;-4702;330
2,02E+11;18;5;25;830;1;2;1;1;1;394;D122 Ld gaffeliиre;M;4488710;-15533;330
2,02E+11;18;5;31;2000;1;1;1;1;6;394;lieu dit FAURIE;M;4491312;-15485;330
2,02E+11;18;8;19;10;5;1;1;1;1;394;D243 5+305 la Grвce Dieu;M;4490635;-17464;330
2,02E+11;18;9;26;1030;1;1;1;1;3;394;lieu dit la Grвce Dieu;M;4490672;-17536;330
2,02E+11;18;10;23;1730;1;2;1;1;6;459;D936 PR39+400;M;4485551;-10902;330
2,02E+11;18;11;15;1615;1;1;1;7;6;290;lieu dit Baudron;M;4494312;-11518;330
2,02E+11;18;1;4;800;1;1;2;1;3;10;D817 - D305;M;4319702;15647;650
2,02E+11;18;1;9;945;1;2;4;1;1;366;Route de LOURDES;M;4311403;-7442;650
2,02E+11;18;5;3;845;1;1;2;2;3;340;Route Nationale 21;M;4328799;11294;650
2,02E+11;18;5;5;1530;1;1;1;1;7;83;D8 / PK 19+500;M;4317089;10321;650
2,02E+11;18;7;14;510;4;1;1;1;1;221;RD935;M;4313725;9850;650
2,02E+11;18;7;25;1200;1;1;1;7;3;223;03 route du pic du midi;M;4319727;7918;650
2,02E+11;18;8;11;1300;1;2;1;1;1;19;470 chemin du hameau;M;4314840;8260;650
2,02E+11;18;8;22;1650;1;1;2;1;3;340;rn 21 pk 15+180;M;4327868;10924;650
2,02E+11;18;10;23;1725;1;1;1;1;6;281;D937;M;4311813;7207;650
2,02E+11;18;12;5;1540;1;2;1;1;6;339;45 rue des pyrйnйes;M;4312658;3980;650
2,02E+11;18;8;18;1200;1;1;2;1;3;442;D632;M;4329388;62775;650
2,02E+11;18;7;15;1715;1;1;1;1;7;472;D935;M;4350695;-169;650
2,02E+11;18;9;14;1730;1;2;1;1;3;304;allйe larbanes;M;4346629;3497;650
2,02E+11;18;10;4;711;3;1;1;1;1;296;D48 PK 14 + 500;M;4353216;-4196;650
2,02E+11;18;10;9;745;2;2;6;1;3;460;D935 / D934;M;4338701;6692;650
2,02E+11;18;10;24;1750;1;2;3;1;3;304;179 AVENUE DE BORDEAUX;M;4346878;2902;650
2,02E+11;18;12;28;2110;5;2;1;1;6;304;08 avenue marйchal foch;M;4346550;3489;650
2,02E+11;18;2;23;240;5;2;1;1;6;25;RUE DE NЙOUVIELLE;M;4300139;-8922;650
2,02E+11;18;4;24;1900;1;1;1;2;6;360;D937;M;4310401;-11488;650
2,02E+11;18;5;10;1550;1;1;1;1;7;176;RD 126 - PK 4+400;M;4300883;-26535;650
2,02E+11;18;5;19;1615;1;1;1;1;6;473;Route de LUZ - RD921;M;4293990;-5285;650
2,02E+11;18;6;18;1825;1;1;1;1;2;4;D 821  sens LOURDES/ARGE;M;4302910;-6954;650
2,02E+11;18;8;16;1510;1;1;1;1;6;164;D937;M;4310144;2936;650
2,02E+11;18;8;16;1715;1;2;1;1;7;55;D100;M;4300375;-6703;650
2,02E+11;18;12;9;600;3;2;3;1;6;271;RUE DE LA FONTAINE;M;4310028;-1082;650
2,02E+11;18;12;19;1819;3;1;1;1;6;29;RD 918;M;4300079;-10837;650
2,02E+11;18;2;28;1945;3;1;1;1;1;455;RD 938;M;4307173;44489;650
2,02E+11;18;6;18;1700;1;2;3;1;3;258;Rue Georges Clemenceau;M;4312214;37843;650
2,02E+11;18;7;26;1450;1;2;2;1;5;258;rue du tir;M;4311918;38185;650
2,02E+11;18;8;9;1445;1;2;1;1;6;363;Rd 817 - face au n° 01;M;4311668;43156;650
2,02E+11;18;8;17;1030;1;1;3;1;1;363;Rd 817;M;4311098;43869;650
2,02E+11;18;8;19;1845;1;1;2;1;3;363;RD 817;M;4310936;44427;650
2,02E+11;18;8;29;1725;1;2;1;1;1;258;rue Georges Clйmenceau;M;4312242;37882;650
2,02E+11;18;2;21;1000;1;1;1;4;3;31;RD 929;M;4292071;36361;650
2,02E+11;18;3;13;1924;2;2;1;1;6;171;D25;M;4282101;41558;650
2,02E+11;18;4;16;1000;1;1;9;1;6;132;autoroute A.85;M;4731955;144792;410
2,02E+11;18;7;8;1225;1;1;1;1;2;185;PK 0175.950 A85  Voie d';M;4733851;166320;410
2,02E+11;18;1;11;1845;3;2;1;2;7;195;Chemin de  Lestang;M;4407408;128841;820
2,02E+11;18;2;23;530;3;1;1;1;6;148;RD 17;M;4425192;163562;820
2,02E+11;18;3;12;1100;1;2;9;2;6;37;place du gйnйral de GAUL;M;4416246;153665;820
2,02E+11;18;3;25;5;3;1;1;1;6;87;"RD 20 - Lieu dit ""Prats""";M;4413798;124476;820
2,02E+11;18;4;19;1520;1;2;9;1;2;113;SAINT ARTHЙMIE;M;4417769;133841;820
2,02E+11;18;4;20;1025;1;1;1;1;6;37;route de saint vincent;M;4415819;149528;820
2,02E+11;18;5;11;805;1;1;6;1;7;87;Camparnaud;M;4413450;120639;820
2,02E+11;18;5;21;1700;1;1;1;1;7;195;chemin de nauze-longue;M;4407346;129511;820