Num_Acc;an;mois;jour;hrmn;lum;agg;int;atm;col;com;adr;gps;lat;long;dep
2,02E+11;18;5;31;930;1;1;2;2;4;159;RD964 intersection RD95;M;4412296;158603;820
2,02E+11;18;6;16;2322;3;1;1;1;6;113;lieu-dit Le plo;M;4418532;135478;820
2,02E+11;18;6;21;1715;1;1;1;1;6;87;D.2;M;4414252;119663;820
2,02E+11;18;6;22;1715;1;1;1;1;7;90;1401 route de Cos;M;4408707;139496;820
2,02E+11;18;7;9;1738;1;1;1;1;6;162;lieu-dit Bourries;M;4420121;163596;820
2,02E+11;18;7;15;2100;1;1;1;1;1;87;dйpartementale 20;M;4414302;125356;820
2,02E+11;18;7;21;1812;1;1;1;1;2;126;Rd926;M;4416645;156772;820
2,02E+11;18;7;21;1730;1;1;1;1;7;131;D69;M;4421273;144203;820
2,02E+11;18;7;26;1718;1;1;2;1;3;159;D964;M;4412289;158588;820
2,02E+11;18;7;29;1755;1;1;1;1;7;76;RD959;M;4412608;136072;820
2,02E+11;18;9;1;1813;1;1;1;1;1;87;D 927;M;4413453;120703;820
2,02E+11;18;9;9;1410;1;1;1;1;3;87;D 927;M;4412461;123242;820
2,02E+11;18;10;2;1500;1;1;1;1;3;87;avenue du quercy;M;4414396;123035;820
2,02E+11;18;11;13;1300;1;1;2;1;3;159;D964;M;4412303;158599;820
2,02E+11;18;11;23;1740;3;1;1;1;7;144;lieu dit brunet;M;4414951;132257;820
2,02E+11;18;12;10;30;3;1;1;2;6;179;route du causse;M;4417068;158979;820
2,02E+11;18;12;29;500;3;1;1;1;6;87;D927 LE SAULA;M;4409449;126186;820
2,02E+11;18;2;3;2100;3;1;1;1;6;44;1612 route de Reynies;M;4393202;138178;820
2,02E+11;18;2;16;1945;5;2;1;1;6;142;125 route de Montauban;M;4381941;130778;820
2,02E+11;18;3;24;1700;1;1;1;8;6;17;chemin des placettes;M;4388972;126265;820
2,02E+11;18;5;10;1720;1;1;1;1;1;188;RD999;M;4393227;149278;820
2,02E+11;18;5;16;2035;1;2;1;1;6;79;"Lieu dit ""Lespinet""";M;4391208;134208;820
2,02E+11;18;7;3;500;3;2;4;1;6;75;D94 bis;M;4384019;129467;820
2,02E+11;18;7;19;1400;1;1;1;1;6;167;RD999- route d'Albi;M;4395763;143866;820
2,02E+11;18;9;1;1600;1;1;1;1;6;17;Chemin des acacias;M;4389915;127136;820
2,02E+11;18;9;16;230;3;1;1;1;6;27;D6;M;4389834;131976;820
2,02E+11;18;10;28;2010;3;1;1;1;1;79;RD 930  route de Montaub;M;4394132;135567;820
2,02E+11;18;12;5;945;1;1;1;1;1;79;Chemin de berthouly;M;4393571;134536;820
2,02E+11;18;2;6;1400;1;1;1;1;7;23;D 26;M;4396147;116013;820
2,02E+11;18;2;19;1826;3;1;1;2;3;171;D14;M;4401453;117179;820
2,02E+11;18;4;9;40;3;1;1;2;6;125;D928;M;4395356;119352;820
2,02E+11;18;6;17;225;3;1;1;1;7;124;RD42 Bois de la Barraque;M;4401611;122800;820
2,02E+11;18;8;21;1700;1;2;1;1;2;125;d928;M;4395633;122677;820
2,02E+11;18;10;5;1940;3;1;2;1;3;178;Intersection D100/C7;M;4383832;119409;820
2,02E+11;18;10;27;1530;1;1;1;1;2;124;Lieu dit Meauzaguelles;M;4402322;126879;820
2,02E+11;18;11;10;1930;3;1;1;2;6;190;route d'Aucamville;M;4383627;122755;820
2,02E+11;18;2;12;810;1;1;1;1;6;18;lieu dit la tanguine;M;4411490;153138;820
2,02E+11;18;2;18;1512;1;1;1;2;6;134;Route dйpartementale 115;M;4406203;149238;820
2,02E+11;18;3;18;1950;3;1;1;1;3;2;D.820;M;4407890;143257;820
2,02E+11;18;4;29;540;3;1;1;8;6;161;1394 route de la Brive;M;4404965;148598;820
2,02E+11;18;7;18;2130;3;1;6;1;6;39;D820;M;4409482;145174;820
2,02E+11;18;8;11;620;2;1;6;1;6;26;rond point du bugarel;M;4407239;161455;820
2,02E+11;18;8;22;1150;1;1;1;1;2;161;Chemin des Mourets;M;4403410;142659;820
2,02E+11;18;8;26;1645;1;1;1;1;7;134;1557 route de albias;M;4408636;150634;820
2,02E+11;18;10;2;1057;1;1;2;1;3;134;Lieu dit La Vergne;M;4407872;157995;820
2,02E+11;18;10;23;1635;1;1;1;1;2;66;Les Penards;M;4400547;148828;820
2,02E+11;18;11;17;340;3;1;1;1;6;2;D820;M;4408233;143694;820
2,02E+11;18;1;14;5;3;1;1;1;6;38;RD 19;M;4424626;172350;820
2,02E+11;18;1;19;900;1;1;1;2;1;38;D 84;M;4424498;180954;820
2,02E+11;18;5;11;615;2;1;1;1;6;56;d 75;M;4419327;182356;820
2,02E+11;18;7;1;1520;1;1;1;1;6;155;RD115;M;4414753;176166;820
2,02E+11;18;8;1;1220;1;1;1;1;6;155;D926 - avant le croiseme;M;4419754;169342;820
2,02E+11;18;9;11;820;1;1;1;1;6;155;RD19;M;4416513;174901;820
2,02E+11;18;10;11;1600;1;1;1;1;1;147;D926;M;4429350;186937;820
2,02E+11;18;12;22;1250;1;1;1;2;1;82;RD926;M;4426232;182111;820
2,02E+11;18;3;13;730;2;1;1;1;7;13;RD 3;M;4387892;101433;820
2,02E+11;18;4;22;1600;1;1;1;1;3;13;bonnevie;M;4386621;106280;820
2,02E+11;18;4;22;1930;1;1;1;1;6;103;route d'auch;M;4384415;93127;820
2,02E+11;18;5;6;1520;1;1;1;1;6;36;RD18;M;4380267;97382;820
2,02E+11;18;5;28;1705;1;2;1;1;6;13;34 boulevard ouest;M;4388345;98477;820
2,02E+11;18;8;7;1635;1;2;2;1;3;97;Carrefour RD15 - VC.6 ou;M;4395961;92290;820
2,02E+11;18;10;2;1704;1;1;1;1;7;97;D3;M;4392011;94926;820
2,02E+11;18;11;16;1655;1;1;1;1;3;97;la bordette;M;4397349;95169;820
2,02E+11;18;12;5;1415;1;2;1;1;6;13;56 boulevard gйnйral Foc;M;4388333;99186;820
2,02E+11;18;2;15;1130;1;1;1;1;1;42;RD34;M;4421138;124512;820
2,02E+11;18;3;2;2050;3;1;1;1;6;94;"Lieu-dit ""Vignals""";M;4426604;114283;820
2,02E+11;18;4;1;1555;1;1;1;1;6;117;Fillol;M;4433035;102780;820
2,02E+11;18;4;9;1555;1;1;1;1;6;22;Bouyssounet;M;4426381;95391;820
2,02E+11;18;5;30;1230;1;1;2;1;3;111;Miral;M;4420642;105133;820
2,02E+11;18;8;10;910;1;1;1;1;6;51;RD2;M;4418677;115490;820
2,02E+11;18;8;21;1130;1;1;1;1;6;111;Miral;M;4421509;105935;820
2,02E+11;18;9;17;1645;1;1;1;1;6;127;RD 16;M;4416873;111735;820
2,02E+11;18;10;5;1845;2;1;1;7;6;151;Les Alignиs;M;4432731;94920;820
2,02E+11;18;10;18;310;3;1;1;1;6;51;"""les bouzigues""";M;4415518;113809;820
2,02E+11;18;11;18;1450;1;1;1;1;6;151;Route de Roquecor - RD 7;M;4431649;94693;820
2,02E+11;18;1;28;1650;1;1;3;1;3;112;lieu dit  la megere;M;4412208;114592;820
2,02E+11;18;3;30;2010;1;1;1;1;2;12;491 route de CASTELSARRA;M;4407678;118096;820
2,02E+11;18;5;25;1843;1;1;1;1;1;31;D26;M;4404642;103041;820
2,02E+11;18;7;19;1245;1;1;2;1;3;112;D813 VC 113;M;4409091;108749;820
2,02E+11;18;7;21;1635;1;1;1;1;6;152;371 route d'ANGEVILLE;M;4401501;106703;820
2,02E+11;18;9;10;1625;1;2;1;1;2;112;avenue du Chasselas;M;4410860;110020;820
2,02E+11;18;9;22;1135;1;2;7;1;6;112;place des rйcollets;M;4410359;108565;820
2,02E+11;18;9;28;1145;1;1;1;1;6;112;RD927;M;4411680;111574;820
2,02E+11;18;10;26;820;1;2;3;2;3;112;rue de l'innondation 193;M;4410164;108901;820
2,02E+11;18;11;27;1745;3;1;2;1;1;112;Lieu dit Roussel  chemin;M;4414401;105200;820
2,02E+11;18;2;12;915;1;2;1;7;6;72;5   place du Padouen;M;4411406;85097;820
2,02E+11;18;3;17;1640;1;2;1;1;6;89;29 avenue St Michel;M;4412286;82727;820
2,02E+11;18;6;27;940;1;2;1;1;3;72;13 impasse des Chardonne;M;4412084;85445;820
2,02E+11;18;2;13;1920;2;1;1;2;5;463;D1029;M;4987105;256081;800
2,02E+11;18;12;16;1930;3;1;3;5;5;463;D42;M;4986386;258699;800
2,02E+11;18;4;12;1720;1;1;2;5;3;456;D1015/D178;M;4980724;179346;800
2,02E+11;18;4;20;1645;1;1;2;1;1;142;D141/D9;M;4990293;208626;800
2,02E+11;18;4;22;1630;1;2;1;1;3;592;RTE DE SAINT AUBIN;M;4985388;175396;800
2,02E+11;18;9;15;1800;1;1;1;1;7;655;D70;M;4995136;198353;800
2,02E+11;18;9;27;1805;1;1;2;1;3;699;D211;M;4987198;178062;800
2,02E+11;18;12;24;1930;5;1;2;1;1;655;D936;M;4995938;199070;800
2,02E+11;18;1;15;820;1;2;1;1;1;791;4 ROUTE DE BACOUEL;M;4983953;222418;800
2,02E+11;18;1;24;1415;1;1;1;6;7;761;;M;4975888;218574;800
2,02E+11;18;2;23;1200;1;1;1;1;6;317;D100;M;4973217;209071;800
2,02E+11;18;5;4;2140;2;1;1;1;7;424;D1001;M;4982374;226575;800
2,02E+11;18;5;8;130;5;2;4;1;1;630;AV DU GENERAL LECLERC;M;4977466;198567;800
2,02E+11;18;5;14;905;1;1;1;1;3;424;D1001;M;4981593;226262;800
2,02E+11;18;6;4;2130;2;1;2;1;6;352;D138 / D38;M;4978870;211551;800
2,02E+11;18;6;4;1510;1;1;2;1;3;352;D138 / D38;M;4978892;211535;800
2,02E+11;18;6;9;1815;1;2;1;1;3;375;4  R DU VIADUC;M;4978113;175968;800
2,02E+11;18;7;24;800;1;1;1;1;1;273;chemin d Eplessier;M;4978676;194060;800
2,02E+11;18;7;29;1920;1;1;1;1;6;227;D901;M;4978356;198147;800
2,02E+11;18;8;1;1635;1;1;1;1;5;791;D210;M;4983522;223950;800
2,02E+11;18;10;12;2115;3;2;1;1;7;211;RTE DE LUZIERES;M;4973520;215197;800
2,02E+11;18;11;4;2230;3;1;1;2;6;582;D38;M;4979181;210774;800
2,02E+11;18;11;21;1730;2;1;3;1;1;627;D8;M;4980954;221460;800
2,02E+11;18;12;10;1245;1;1;2;3;3;211;D920 / D210;M;4973972;218085;800
2,02E+11;18;12;30;2215;3;1;1;2;6;455;D919;M;4977280;196778;800
2,02E+11;18;12;31;1855;5;2;1;8;6;656;35  CHS THIERS;M;4982294;208541;800
2,02E+11;18;1;8;1920;3;1;1;8;7;639;chemin de Longprй;M;4993988;229571;800
2,02E+11;18;2;11;2215;3;1;1;4;1;650;D929;M;4992927;239792;800
2,02E+11;18;2;21;2055;3;1;2;1;3;202;D11;M;4995461;234086;800
2,02E+11;18;2;24;900;1;1;1;1;6;187;D49;M;4996295;215960;800
2,02E+11;18;3;16;1620;1;2;1;1;1;661;RTE D'AMIENS;M;4997110;235372;800
2,02E+11;18;3;18;1220;1;1;1;1;1;622;D141;M;4993358;213737;800
2,02E+11;18;4;22;1630;1;1;1;1;5;82;D1001;M;4997821;214086;800
2,02E+11;18;4;21;1300;1;1;1;1;4;187;D1001;M;4996385;217376;800
2,02E+11;18;5;4;2000;2;1;2;1;3;704;D919;M;4997073;240720;800
2,02E+11;18;5;30;1815;1;1;1;1;1;137;D1235;M;4993865;216236;800
2,02E+11;18;6;14;930;1;2;6;1;7;639;N25;M;4994544;230958;800
2,02E+11;18;9;1;600;2;1;6;5;6;24;D1001;M;4993601;224375;800
2,02E+11;18;9;7;2130;3;1;1;1;2;639;N25;M;4997899;231568;800
2,02E+11;18;9;23;1500;1;1;1;2;1;718;D1001;M;4995250;220282;800
2,02E+11;18;9;28;2223;5;2;1;1;6;11;D1235;M;4992024;221580;800
2,02E+11;18;1;26;1930;3;1;2;1;6;78;Intersection D183 - D100;M;5008450;192854;800
2,02E+11;18;3;4;600;2;1;1;1;1;328;D3;M;5002447;195789;800
2,02E+11;18;3;31;1430;1;1;1;1;7;830;D153;M;5010896;198683;800
2,02E+11;18;4;15;1845;1;1;1;1;3;716;D12;M;5013351;195596;800
2,02E+11;18;4;17;1857;1;1;2;1;3;19;D936;M;4995802;189912;800
2,02E+11;18;5;3;2255;3;1;1;1;6;779;D1001;M;5009039;188194;800
2,02E+11;18;5;7;1845;1;2;1;1;6;446;D25;M;5002136;177011;800
2,02E+11;18;5;20;2325;3;1;1;1;6;282;D13;M;5003705;183371;800
2,02E+11;18;6;15;300;3;2;1;1;7;488;40  R DE LA REPUBLIQUE;M;5001128;199192;800
2,02E+11;18;6;17;1215;1;1;1;1;7;779;D153;M;5010624;188547;800
2,02E+11;18;7;2;1735;1;1;1;1;3;78;D1001;M;5007973;198483;800
2,02E+11;18;7;12;825;1;1;1;1;5;260;RUE DU BOIS BOULLON;M;5013418;185956;800
2,02E+11;18;7;20;2315;3;1;2;2;3;215;D941 / D108;M;5016713;201191;800
2,02E+11;18;8;13;1515;1;1;1;1;6;262;D901;M;5006104;189393;800
2,02E+11;18;8;29;1315;1;1;1;3;5;163;D925;M;5010425;176289;800
2,02E+11;18;9;15;1745;1;1;2;1;3;78;D1001 / D183;M;5008460;192873;800
2,02E+11;18;9;21;1130;1;1;1;1;6;163;D3;M;5012395;174697;800
2,02E+11;18;9;30;800;1;1;1;1;6;446;ROUTE DE TRINQUIES;M;5003546;174683;800
2,02E+11;18;10;27;1120;1;2;1;1;3;446;D13;M;5002329;175899;800
2,02E+11;18;12;13;1230;1;2;1;1;6;446;21  R DE L'EGLISE;M;5002530;176430;800
2,02E+11;18;12;15;1915;3;1;2;3;3;78;D1001 / D183;M;5008433;192882;800
2,02E+11;18;1;26;1630;1;2;1;7;6;183;13 rue d'Arleux;M;4998016;174939;800
2,02E+11;18;4;14;1800;1;2;1;1;3;714;141  R DU TRINVIL;M;5007306;145914;800
2,02E+11;18;4;18;1055;1;2;1;1;6;63;11  GRANDE RUE;M;5001672;150910;800
2,02E+11;18;5;13;445;3;2;1;1;6;8;R DE VISSE;M;5002958;161908;800
2,02E+11;18;6;20;2000;1;2;1;1;3;760;8  R DE L'EGLISE;M;4999733;157112;800
2,02E+11;18;7;6;1550;1;2;1;1;3;373;112  R CHARLES DE GAULLE;M;4998769;155465;800
2,02E+11;18;7;9;2230;2;2;1;1;3;827;R JEAN JAURES;M;5006453;153664;800
2,02E+11;18;7;21;1655;1;1;1;1;6;368;D925;M;5007348;154298;800
2,02E+11;18;8;22;2140;5;2;1;1;6;368;R JULES VALLES;M;5008954;155212;800
2,02E+11;18;10;9;1145;1;2;2;1;3;770;R DE LA CAVEE DE TULLY;M;5008581;152011;800
2,02E+11;18;10;11;2200;3;1;9;8;6;96;D19;M;5007063;150785;800
2,02E+11;18;11;23;910;1;1;9;7;1;190;D65;M;5006586;164895;800
2,02E+11;18;3;4;930;1;1;1;2;3;633;D940;M;5020835;167915;800
2,02E+11;18;5;20;2230;3;1;1;1;6;250;D928;M;5021313;191088;800
2,02E+11;18;6;17;1740;1;1;1;1;7;167;D928;M;5019561;188016;800
2,02E+11;18;7;12;935;1;2;1;1;6;248;R CRECY GRANGE;M;5026653;189864;800
2,02E+11;18;8;25;2155;5;1;1;1;6;713;RTE DE FOREST-MONTIERS;M;5027083;160098;800
2,02E+11;18;11;1;1510;1;1;1;1;1;303;D940;M;5023648;164488;800
2,02E+11;18;1;4;1240;1;2;1;1;7;122;77  RTE DE SAINT POL;M;5022235;233484;800
2,02E+11;18;2;28;1650;1;1;1;1;1;253;RN25;M;5014498;233780;800
2,02E+11;18;4;15;1115;1;2;1;1;3;253;R JEAN MOULIN;M;5015997;234795;800
2,02E+11;18;5;2;725;1;1;1;1;6;498;D919;M;5007414;259475;800
2,02E+11;18;6;27;1615;1;1;3;1;7;733;CH COMMUNAL / RUE NEUVE;M;5002798;256640;800
2,02E+11;18;7;14;1240;1;1;3;1;3;498;D919 / D176;M;5007489;259512;800
2,02E+11;18;8;19;1250;1;1;2;1;3;431;D60 / D11;M;5003089;239389;800
2,02E+11;18;8;22;5;5;2;1;1;6;253;28  R DU COLLEGE;M;5016042;233621;800
2,02E+11;18;2;17;1700;1;2;9;1;6;86;R DE LA VACQUERIE;M;5012380;216687;800
2,02E+11;18;2;18;1915;3;1;1;1;6;346;D130;M;5008903;211329;800
2,02E+11;18;3;24;1735;1;2;1;1;5;318;RTE DE BOURDON;M;5000512;207489;800
2,02E+11;18;5;26;1605;1;2;1;1;6;466;RTE DE DOMART;M;5008810;214006;800
2,02E+11;18;6;24;1828;1;2;3;1;3;566;12  R DE CANDAS;M;5008710;223301;800
2,02E+11;18;7;13;1122;1;2;3;8;3;711;67  R AMBROISE CROIZAT;M;5003898;212474;800
2,02E+11;18;7;14;2300;5;2;1;1;6;296;44  R JULES VERNE;M;5002253;203891;800
2,02E+11;18;7;27;1550;1;1;1;1;3;86;D933;M;5013069;217220;800
2,02E+11;18;9;14;825;2;1;1;5;7;835;D81;M;4998470;210269;800
2,02E+11;18;1;16;450;3;1;1;3;6;230;RTE DE NESLE;M;4977543;286577;800
2,02E+11;18;2;20;1640;1;2;1;1;6;685;R DE GOYENCOURT;M;4970319;278038;800
2,02E+11;18;3;20;1015;1;1;1;1;1;224;D15;M;4972784;291615;800
2,02E+11;18;4;20;1730;1;1;1;7;1;393;D1017;M;4972795;280407;800
2,02E+11;18;4;21;1120;1;1;9;1;1;541;D26;M;4964670;253120;800
2,02E+11;18;5;11;400;3;1;1;1;6;232;D934;M;4971815;274237;800
2,02E+11;18;5;21;1;3;1;1;1;7;326;D155;M;4966548;252606;800
2,02E+11;18;5;22;2235;5;2;1;1;6;561;R JEAN LABORDERE;M;4963428;256142;800
2,02E+11;18;5;30;815;1;1;1;1;1;292;CH VICINAL;M;4976956;283961;800
2,02E+11;18;5;30;1030;1;1;1;1;7;395;D329;M;4969539;265172;800
2,02E+11;18;8;3;1218;1;2;3;1;3;685;R DU DOCTEUR DUQUESNEL;M;4969806;279058;800
2,02E+11;18;8;13;150;3;2;1;2;6;395;RTE D'ANDECHY;M;4970415;266202;800
2,02E+11;18;8;19;1700;1;2;1;1;6;279;R DU MARTROY;M;4970517;294563;800
2,02E+11;18;8;26;800;2;1;1;1;7;383;D934;M;4971224;275682;800
2,02E+11;18;9;3;1658;1;1;3;1;7;421;D161;M;4976690;279834;800
2,02E+11;18;9;27;939;1;2;1;7;3;279;14  R DE MARTROY;M;4970345;294687;800
2,02E+11;18;10;2;800;1;2;1;1;7;685;RTE DE PARIS;M;4968407;278015;800
2,02E+11;18;10;16;1230;1;2;1;1;1;395;D329;M;4970446;266134;800
2,02E+11;18;10;18;1214;1;1;2;1;2;685;D1017;M;4969656;280659;800
2,02E+11;18;10;24;1300;1;2;1;1;2;541;R SAINT-PIERRE;M;4964225;252099;800
2,02E+11;18;10;25;2030;3;1;1;1;5;676;D934;M;4967967;283482;800
2,02E+11;18;10;26;2250;3;1;1;1;7;386;D935;M;4968192;255986;800
2,02E+11;18;10;30;1955;3;1;1;1;6;293;D329;M;4965949;258751;800
2,02E+11;18;11;9;750;1;1;1;1;1;685;LAUCOURT;M;4967889;277260;800
2,02E+11;18;11;16;440;3;1;2;5;3;685;D1017 / D221;M;4968421;278928;800
2,02E+11;18;11;30;1720;5;1;6;2;3;685;D934 / D34;M;4970858;277607;800
2,02E+11;18;2;15;1705;1;1;2;1;3;752;D935;M;4981659;244449;800
2,02E+11;18;3;17;500;3;1;1;1;7;10;D920;M;4975843;237520;800
2,02E+11;18;4;9;1650;1;1;2;2;3;545;D934/D28;M;4978845;257462;800
2,02E+11;18;4;11;1425;1;2;1;1;6;652;26  R DE CAIX;M;4977921;262647;800
2,02E+11;18;4;11;2150;5;2;1;1;6;570;R DU 8 AOUT 1918;M;4977259;249090;800
2,02E+11;18;5;24;1845;1;1;1;1;6;337;R DE L'AVRE;M;4982878;240620;800
2,02E+11;18;8;10;1855;1;1;1;1;7;10;D116;M;4977120;236783;800
2,02E+11;18;8;12;1825;1;1;1;8;7;213;D75;M;4980639;235484;800
2,02E+11;18;9;7;1645;1;1;2;1;3;545;D934 / D137;M;4979355;255735;800
2,02E+11;18;9;24;1115;1;1;1;7;2;242;D934;M;4981427;248886;800
2,02E+11;18;9;24;2045;3;1;1;1;7;452;D162;M;4976010;233862;800
2,02E+11;18;9;29;1840;1;1;1;1;7;31;D934;M;4975705;264759;800
2,02E+11;18;11;10;745;1;1;1;2;7;246;D90;M;4980034;239510;800
2,02E+11;18;12;20;800;2;2;1;1;6;570;D920;M;4977199;248291;800
2,02E+11;18;12;20;1830;5;2;1;1;6;570;87  R DE LA REPUBLIQUE;M;4977100;247615;800
2,02E+11;18;1;17;2045;5;2;2;2;3;204;R DE LA MONTAGNE;M;5000838;286982;800
2,02E+11;18;1;28;1430;1;1;1;1;6;801;D35;M;4986725;289878;800
2,02E+11;18;2;10;1745;2;1;1;1;3;150;D6;M;4993837;300105;800
2,02E+11;18;3;5;530;2;1;1;8;3;801;D1029;M;4987644;291361;800
2,02E+11;18;3;17;935;1;1;1;4;3;812;D1029;M;4987842;306526;800
2,02E+11;18;4;23;1350;1;2;1;1;6;434;R DE ROISEL;M;4993691;311041;800
2,02E+11;18;5;21;1955;1;1;1;1;6;801;D1017;M;4986567;288785;800
2,02E+11;18;7;8;1800;1;1;1;1;7;490;D20;M;5002771;278508;800
2,02E+11;18;7;16;1505;1;2;3;1;3;271;R RAOUL TROCME;M;5000666;313045;800
2,02E+11;18;8;26;2100;5;2;1;2;6;620;39  FAUBOURG DE PARIS;M;4992108;293330;800
2,02E+11;18;8;28;55;5;2;1;1;6;312;2  R DU PAVE;M;5003243;304128;800
2,02E+11;18;10;18;2230;3;1;1;1;1;271;D24;M;5001193;312628;800
2,02E+11;18;11;8;1315;1;2;1;1;4;557;D1029;M;4987768;300150;800
2,02E+11;18;12;19;1820;3;1;1;1;2;557;D44;M;4988696;303670;800
2,02E+11;18;12;22;1835;3;1;2;2;3;404;D72;M;4998898;307587;800
2,02E+11;18;1;19;1515;1;2;2;1;3;823;Rue de Folies;M;4977590;268424;800
2,02E+11;18;3;16;1535;1;2;3;1;2;353;D1017;M;4985049;287644;800
2,02E+11;18;3;17;2100;3;1;1;1;7;136;D329;M;4995136;271487;800
2,02E+11;18;4;18;200;3;1;1;1;6;192;D1;M;4993523;263609;800
2,02E+11;18;4;24;1025;1;1;2;1;1;644;LA RAPERIE;M;4987361;271143;800
2,02E+11;18;5;11;850;1;1;1;1;1;781;D337;M;4984509;268789;800
2,02E+11;18;5;25;1200;1;1;2;7;3;116;D329 / D934;M;4974444;267070;800
2,02E+11;18;6;5;1112;1;1;2;8;3;572;D1 / D42;M;4993614;262714;800
2,02E+11;18;6;26;2045;2;2;1;1;6;680;18  R DU 14 JUILLET;M;4982052;270909;800
2,02E+11;18;8;7;352;5;2;1;1;6;186;ROUTE D'HALLU  GARE;M;4980775;280133;800
2,02E+11;18;9;4;915;1;2;1;2;6;680;R JEAN JAURES;M;4981520;270490;800
2,02E+11;18;11;12;1205;1;2;1;2;6;136;11  AV GEORGES DUHAMEL;M;4994539;271664;800
2,02E+11;18;11;23;650;3;1;2;5;3;58;D1029;M;4987238;263613;800
2,02E+11;18;11;28;650;5;2;1;3;6;186;73  AV ARISTIDE BRIAND;M;4981061;280307;800
2,02E+11;18;11;28;1900;3;1;1;1;6;191;R DE LIHONS;M;4979682;276679;800
2,02E+11;18;3;12;1715;1;2;1;2;7;410;AV JEAN MOULIN;M;4974966;307662;800
2,02E+11;18;3;13;2215;3;1;1;1;6;585;D930;M;4975073;289148;800
2,02E+11;18;4;19;1150;1;2;1;1;4;410;R SALVADOR ALLENDE;M;4975004;307108;800
2,02E+11;18;5;12;1600;1;2;1;1;3;579;21  RTE DE PARIS;M;4973745;306836;800
2,02E+11;18;6;4;2315;3;1;1;1;1;726;D937;M;4978037;303499;800
2,02E+11;18;6;8;1030;1;2;3;1;3;519;2  R D'OFFOY;M;4979173;301268;800
2,02E+11;18;6;25;2245;3;1;1;1;7;252;D145;M;4978406;304713;800
2,02E+11;18;6;27;1355;1;2;1;1;6;585;42  RTE DE CHAULNES;M;4976243;290353;800
2,02E+11;18;7;1;1;5;2;1;1;6;794;15  R DE ROISEL;M;4979539;297138;800
2,02E+11;18;7;22;1805;1;2;3;1;6;274;R DE LA PAIX;M;4973975;306555;800
2,02E+11;18;8;13;200;3;1;1;2;7;555;R DES VRAIGNES;M;4986082;304874;800
2,02E+11;18;9;7;1150;1;2;2;1;6;410;R DE PERONNE;M;4975302;306608;800
2,02E+11;18;9;19;1505;1;2;1;1;6;410;8  R DE VERDUN;M;4974198;308757;800
2,02E+11;18;11;2;1915;3;2;1;1;3;410;RTE DE CHAUNY;M;4974041;309174;800
2,02E+11;18;12;7;715;3;1;1;2;7;726;D937;M;4976161;305498;800
2,02E+11;18;12;20;1600;1;2;1;1;6;410;R DU GENERAL LECLERC;M;4974476;307515;800
2,02E+11;18;12;22;1840;5;2;1;2;1;579;RTE DE PARIS;M;4973365;306795;800
2,02E+11;18;4;4;720;1;1;1;2;3;539;D200;M;4929589;251535;600
2,02E+11;18;5;1;1445;1;1;1;1;3;36;D75;M;4938638;257889;600
2,02E+11;18;6;19;1614;1;1;1;1;1;36;RN31;M;4939138;258923;600
2,02E+11;18;7;19;1820;1;2;1;1;6;587;Rue de Paris;M;4933521;260402;600
2,02E+11;18;10;1;1825;1;1;1;1;7;78;Rue de Grandfresnoy;M;4938082;262355;600
2,02E+11;18;11;12;725;3;1;1;2;6;102;D29;M;4930706;256609;600
2,02E+11;18;12;9;335;3;1;1;3;7;539;Dйpartementale 200;M;4929680;251719;600
2,02E+11;18;12;18;1500;1;2;7;1;6;587;rue de paris;M;4934165;260619;600
2,02E+11;18;12;18;1615;1;1;2;8;5;102;D 29;M;4930765;256539;600
2,02E+11;18;7;23;954;2;1;1;1;7;166;A89;M;4515828;87773;240
2,02E+11;18;3;28;740;1;2;1;1;6;305;D80  10 route du cap  pi;M;4271999;945451;202
2,02E+11;18;4;7;1000;1;1;1;1;6;152;RD 80 - Santa Severa;M;4288543;947342;202
2,02E+11;18;5;11;1745;1;1;1;1;7;281;RD 80;M;4281714;948855;202
2,02E+11;18;5;18;1350;1;1;1;1;3;152;U Poghju;M;4289815;940137;202
2,02E+11;18;6;25;1150;1;1;1;1;7;261;RD80;M;4296201;942584;202
2,02E+11;18;6;30;1650;1;1;1;1;7;170;d80;M;4293775;936104;202
2,02E+11;18;7;16;300;3;1;1;1;6;327;RD 80;M;4294351;946135;202
2,02E+11;18;7;23;1945;1;1;1;1;6;281;RD 80 - Cap Sagro;M;4279611;948999;202
2,02E+11;18;8;5;710;1;1;1;1;3;224;d 80;M;4283014;948602;202
2,02E+11;18;8;26;15;3;1;1;6;6;224;D80;M;4284298;948298;202
2,02E+11;18;9;6;1415;1;1;1;1;6;30;Marine de Giotanni;M;4286721;934884;202
2,02E+11;18;9;12;1256;1;1;1;1;1;309;route de la mer;M;4274090;946110;202