Num_Acc;an;mois;jour;hrmn;lum;agg;int;atm;col;com;adr;gps;lat;long;dep
2,02E+11;18;10;11;710;2;2;1;1;6;529;RUE PRINCIPALE;M;4944150;601871;570
2,02E+11;18;10;24;2015;3;1;1;2;1;199;RD 58;M;4941737;606522;570
2,02E+11;18;11;16;1950;5;1;9;8;1;41;D906;M;4940587;592826;570
2,02E+11;18;12;8;2150;3;1;1;3;1;678;Route de boulange - CD59;M;4939716;596731;570
2,02E+11;18;4;15;1720;1;1;2;1;3;287;croisement D56 - D654;M;4938438;624782;570
2,02E+11;18;4;17;1800;1;1;3;1;3;465;intersection RD 60/RD 91;M;4931581;630279;570
2,02E+11;18;4;29;1404;1;1;1;1;1;269;Dйpartementale 60;M;4930161;618126;570
2,02E+11;18;5;9;1700;1;2;1;1;6;269;boulevard sous les vigne;M;4930176;620786;570
2,02E+11;18;5;18;1840;1;1;1;1;7;287;D56;M;4937515;625661;570
2,02E+11;18;7;17;2030;1;1;3;1;6;24;lieu dit la victoire;M;4816238;-164735;350
2,02E+11;18;9;21;1650;1;1;2;1;3;193;RD82;M;4824951;-171995;350
2,02E+11;18;10;5;1855;2;1;3;1;3;296;Lieu-Dit Darancel;M;4827841;-166324;350
2,02E+11;18;10;11;1230;1;2;1;1;6;173;rue de rennes;M;4821583;-169722;350
2,02E+11;18;12;6;1945;3;1;1;1;1;251;CD 175 - PK 28+905;M;4826655;-159871;350
2,02E+11;18;3;21;1920;5;2;1;1;1;588;route de Roques;M;4351857;134501;310
2,02E+11;18;6;14;1800;1;2;6;1;3;588;BOULEVARD DES ЙCOLES;M;4352687;133565;310
2,02E+11;18;6;30;1145;1;2;3;1;3;203;11 avenue des Pyrйnйes;M;4351206;132859;310
2,02E+11;18;10;10;1835;2;2;6;1;6;157;avenue du 11 novembre;M;4354497;134809;310
2,02E+11;18;10;31;1720;1;2;1;1;3;157;18 rue du comminges;M;4353002;135331;310
2,02E+11;18;10;31;1719;1;2;3;1;5;203;avenue des pyrйnйes;M;4351439;133070;310
2,02E+11;18;1;11;1855;3;1;6;1;2;9;boulevard de la loire;M;4722344;-147219;440
2,02E+11;18;5;20;15;5;1;6;1;7;71;rd pt de la louйe;M;4718463;-143877;440
2,02E+11;18;5;29;1725;1;1;1;1;4;70;RD 249  PK 11 700  sens;M;4716972;-137818;440
2,02E+11;18;9;29;2058;3;1;1;1;6;71;RN 249 - PK 5.600;M;4719718;-144561;440
2,02E+11;18;2;13;2030;5;2;1;4;1;247;RD 953;M;4658819;314372;30
2,02E+11;18;6;7;1650;1;1;1;1;5;207;rn 79;M;4649448;380078;30
2,02E+11;18;3;28;700;5;2;1;2;1;387;RD10 PR26+751 rйel;M;4503065;-27439;330
2,02E+11;18;1;24;1230;1;1;1;1;6;321;D115 PR29+490 reel.;M;4506169;-43341;330
2,02E+11;18;2;3;1700;1;1;1;1;2;34;D6113;M;4375877;450199;300
2,02E+11;18;2;17;930;1;1;1;2;1;47;Chemin du pont des iles;M;4380950;441941;300
2,02E+11;18;2;18;130;3;1;1;2;1;356;D 135;M;4380583;441064;300
2,02E+11;18;4;26;1020;1;1;1;1;6;47;d6113;M;4377614;446412;300
2,02E+11;18;5;4;2055;3;1;1;1;7;34;RD163 - Route de Bellega;M;4375695;452457;300
2,02E+11;18;5;17;330;3;2;1;1;6;117;40 avenue de beaucaire;M;4370085;460805;300
2,02E+11;18;6;4;1750;1;2;2;1;3;60;CD135;M;4379290;438336;300
2,02E+11;18;6;22;1410;1;1;1;7;1;135;D 999;M;4382710;453410;300
2,02E+11;18;7;11;805;1;2;1;7;6;60;avenue de la laune;M;4379188;438266;300
2,02E+11;18;8;26;2330;3;1;1;1;1;135;RD 999 SORTIE JONQUIERES;M;4383125;457357;300
2,02E+11;18;10;12;830;1;2;1;8;6;34;place carnot;M;4375395;451344;300
2,02E+11;18;10;17;1650;1;1;4;1;3;60;D42  PK 7+500;M;4378707;438981;300
2,02E+11;18;11;19;1215;1;1;1;1;3;117;D6113;M;4370416;456610;300
2,02E+11;18;11;21;1730;3;1;1;1;2;60;D42;M;4380200;437468;300
2,02E+11;18;11;29;745;2;1;6;1;6;34;rond point de la Sita Dй;M;4375695;452457;300
2,02E+11;18;11;30;1405;1;2;1;2;2;60;D42;M;4379413;438416;300
2,02E+11;18;12;3;1750;3;1;1;1;2;117;Route Dйpartementale 611;M;4369466;459156;300
2,02E+11;18;12;22;140;3;1;1;2;6;34;cd6113;M;4375877;450199;300
2,02E+11;18;1;26;1155;1;1;2;1;1;772;Intersection RD 943;M;5076657;221610;620
2,02E+11;18;2;21;1640;1;1;1;8;6;297;rue de la gare;M;5082461;220389;620
2,02E+11;18;9;25;745;1;1;2;1;3;792;rd943;M;5078260;218890;620
2,02E+11;18;12;21;45;3;1;1;1;6;792;Dйpartementale 943;M;5078260;218890;620
2,02E+11;18;1;27;1630;1;2;1;1;3;120;Avenue Gaston de Saporta;M;4338082;570079;830
2,02E+11;18;2;20;1300;1;1;1;1;1;116;route nationale 7;M;4342957;588685;830
2,02E+11;18;3;20;1130;1;2;1;1;2;116;Route de marseille;M;4343515;585424;830
2,02E+11;18;3;22;1931;5;2;1;1;3;87;D280;M;4337179;578214;830
2,02E+11;18;4;28;500;3;1;6;1;7;87;D560 - D1;M;4339276;579822;830
2,02E+11;18;4;27;2330;3;1;1;1;6;125;D560;M;4350210;590820;830
2,02E+11;18;5;5;1230;1;2;9;1;6;21;parking de l'йcole prima;M;4346973;595908;830
2,02E+11;18;5;12;950;1;1;1;1;5;140;DN7;M;4340527;593245;830
2,02E+11;18;6;7;1405;1;2;9;2;6;116;boulevard jean jaurиs;M;4345312;586019;830
2,02E+11;18;6;20;1940;1;2;1;1;1;97;grand rue;M;4350304;573554;830
2,02E+11;18;7;3;855;1;1;1;1;1;87;RD 560;M;4338541;574903;830
2,02E+11;18;7;11;2115;3;1;1;1;1;96;DN7;M;4346723;578897;830
2,02E+11;18;7;16;1400;1;1;1;8;1;116;DN 7;M;4345471;585345;830
2,02E+11;18;7;22;703;2;1;1;7;1;140;DN7;M;4340826;597025;830
2,02E+11;18;8;29;1955;2;2;1;1;3;116;RD 560 A;M;4343995;586297;830
2,02E+11;18;10;4;810;1;2;2;7;3;116;RD 560 A;M;4343990;586308;830
2,02E+11;18;10;7;600;3;1;1;2;7;140;DN7;M;4340838;597737;830
2,02E+11;18;10;19;1645;1;2;1;1;6;120;Rue Jean-Moulin;M;4338186;570728;830
2,02E+11;18;10;26;20;3;1;1;1;6;110;RD1;M;4339483;586549;830
2,02E+11;18;10;31;1900;3;1;1;3;4;96;DN07;M;4346723;578897;830
2,02E+11;18;12;5;1505;1;1;1;1;1;140;Dйpartementale 1 - PR01;M;4340938;590853;830
2,02E+11;18;12;14;400;3;1;1;1;6;140;DN7;M;4340841;596032;830
2,02E+11;18;1;18;1120;1;2;1;6;3;31;avenue de verdun;M;4339245;633791;830
2,02E+11;18;2;1;1245;1;2;1;1;4;73;15 boulevard Charles GAU;M;4339192;631408;830
2,02E+11;18;3;16;745;1;1;1;1;4;31;RD17 - Route du Thoronet;M;4340314;635686;830
2,02E+11;18;3;31;1300;1;1;1;1;6;67;RD97;M;4334991;629601;830
2,02E+11;18;5;27;1130;1;1;1;1;3;31;RD 558;M;4338666;635767;830
2,02E+11;18;5;27;500;5;2;1;1;6;73;Rd97  les basses retrach;M;4338811;630869;830
2,02E+11;18;6;11;1820;1;2;1;1;3;57;Route Nationale 07 - Bor;M;4337648;622170;830
2,02E+11;18;6;14;1320;1;1;1;1;6;73;les Destres Nord;M;4339517;627607;830
2,02E+11;18;7;31;635;1;1;1;1;1;18;Dйpartementale 13;M;4334257;618412;830
2,02E+11;18;8;7;1015;1;2;3;1;3;67;Avenue Gabriel Pйri;M;4332043;628899;830
2,02E+11;18;8;23;750;1;1;1;1;1;75;D75;M;4331791;635818;830
2,02E+11;18;9;2;1845;1;1;6;1;6;57;DN7;M;4336935;621602;830
2,02E+11;18;9;26;730;1;1;1;1;5;31;D558 - PK 9+300;M;4334894;642789;830
2,02E+11;18;10;5;1300;1;1;1;1;1;57;rd 13;M;4335869;619893;830
2,02E+11;18;10;12;1530;1;1;1;1;1;31;D17 route du Thoronet;M;4340314;635686;830
2,02E+11;18;10;18;2100;3;1;1;1;3;92;D97;M;4330571;624515;830
2,02E+11;18;10;21;1530;1;1;1;1;7;26;ancien chemin cabasse lo;M;4342839;623065;830
2,02E+11;18;10;29;1415;1;1;1;3;7;18;D13;M;4334628;617986;830
2,02E+11;18;11;14;510;3;1;1;1;2;73;D33;M;4336872;631561;830
2,02E+11;18;12;17;330;3;1;1;8;6;18;D13;M;4332899;618005;830
2,02E+11;18;12;21;1750;5;2;1;1;6;92;PARKING BOULODROME;M;4329675;625399;830
2,02E+11;18;12;24;945;1;2;9;1;6;73;avenue pablo picasso;M;4339735;630690;830
2,02E+11;18;2;18;1830;5;2;3;1;5;157;Intersection D233 / D35;M;4633389;650528;740
2,02E+11;18;2;20;45;3;1;1;1;6;20;CD 26;M;4635322;650354;740
2,02E+11;18;3;25;300;5;2;1;1;6;180;56 route des repingons;M;4634541;628488;740
2,02E+11;18;4;26;700;1;2;1;1;3;293;Route dйpartementale 100;M;4627567;624597;740
2,02E+11;18;4;29;1650;1;2;1;1;1;180;route de la pointe;M;4634994;628787;740
2,02E+11;18;4;17;1730;1;2;1;1;3;263;CHEMIN DES VOIES;M;4632572;639442;740
2,02E+11;18;5;18;1630;1;2;1;1;3;105;39 avenue de GENEVE;M;4630383;629595;740
2,02E+11;18;5;28;1720;1;1;1;1;1;5;D12 route du Noyer;M;4634840;647865;740
2,02E+11;18;6;25;1830;1;1;1;1;3;263;d1005;M;4633204;637778;740
2,02E+11;18;7;11;1935;1;2;2;1;3;315;route de messery;M;4636767;632118;740
2,02E+11;18;7;23;1715;1;1;1;1;1;157;Route de bellevaux;M;4634149;653511;740
2,02E+11;18;8;12;924;1;2;9;1;2;263;448 ROUTE DE BONNATRAIT;M;4633339;638751;740
2,02E+11;18;8;25;1840;1;1;1;1;7;263;RD25;M;4631977;639580;740
2,02E+11;18;8;26;900;1;2;6;7;3;150;D1206;M;4628031;631078;740
2,02E+11;18;9;18;1814;1;2;1;1;6;105;45 rue du centre;M;4630593;630185;740
2,02E+11;18;9;24;1630;1;2;9;1;6;105;avenue des acacias;M;4630496;630791;740
2,02E+11;18;10;7;1712;1;1;1;1;1;171;Dйpartementale 1005;M;4632201;634248;740
2,02E+11;18;11;16;1650;1;1;1;2;5;43;RD 903 - Avenue du salиv;M;4626085;635138;740
2,02E+11;18;11;23;2245;5;2;1;3;1;105;Avenue de Thonon - D1005;M;4631061;631542;740
2,02E+11;18;11;28;1835;5;1;2;1;3;106;Carrefour D12/D35;M;4630737;647264;740
2,02E+11;18;12;25;50;5;2;4;1;7;150;455 grande rue;M;4629210;630964;740
2,02E+11;18;12;28;400;3;1;1;1;6;150;route des penets;M;4628163;630989;740
2,02E+11;18;1;30;1506;1;1;1;1;1;234;D709;M;4500083;38070;240
2,02E+11;18;3;17;1520;1;1;1;4;5;442;A89 - pk 100.650;M;4512536;52905;240
2,02E+11;18;11;30;900;1;1;1;2;4;312;A89;M;4514131;70107;240
2,02E+11;18;2;20;1157;1;1;6;1;7;169;chemin des sarments;M;4367790;385541;340
2,02E+11;18;2;26;1508;1;1;1;1;7;14;dйpartementale 68;M;4372530;389149;340
2,02E+11;18;4;18;840;1;2;1;1;4;309;RD21;M;4367573;391726;340
2,02E+11;18;4;27;1005;1;1;1;1;3;118;Domaine de la Triballe -;M;4370907;393586;340
2,02E+11;18;4;26;1705;1;1;1;1;3;118;route de Saint Mathieu C;M;4373848;390906;340
2,02E+11;18;5;24;1200;1;2;3;1;1;14;RD 109;M;4370020;389924;340
2,02E+11;18;6;5;1545;1;1;3;1;3;77;RD65;M;4364549;388999;340
2,02E+11;18;6;26;1500;1;2;1;1;6;217;Route de Mende;M;4370104;386270;340
2,02E+11;18;6;26;1200;1;1;1;1;7;77;cd 17;M;4366027;386654;340
2,02E+11;18;7;25;1230;1;2;9;1;3;120;Parking public espace bo;M;4366320;391184;340
2,02E+11;18;8;7;745;1;1;9;1;6;217;CD.17;M;4371168;386695;340
2,02E+11;18;9;13;1335;1;1;6;1;2;309;D109;M;4367781;390113;340
2,02E+11;18;9;14;1830;1;2;1;1;3;120;rue Fernand Soubeyran;M;4366011;391147;340
2,02E+11;18;10;10;1145;1;2;1;3;1;309;DEPARMENTALE 21;M;4369279;392935;340
2,02E+11;18;10;16;1600;1;1;1;1;7;118;D26;M;4373003;391342;340
2,02E+11;18;11;8;1800;5;2;1;1;6;120;Commerce Biocoop;M;4366320;391184;340
2,02E+11;18;12;8;1330;1;2;2;1;3;309;Avenue de Montaud;M;4368833;392750;340
2,02E+11;18;1;24;2100;5;2;3;1;1;154;;M;4567296;17399;160
2,02E+11;18;1;10;1415;1;2;3;1;6;15;BOULEVARD BESSON BEY;M;4565808;16057;160
2,02E+11;18;1;26;1300;1;2;1;1;6;15;;M;4564762;15322;160
2,02E+11;18;1;21;1845;5;2;3;2;1;15;;M;4564983;17025;160
2,02E+11;18;3;31;2220;5;2;1;1;6;154;50 route de VArs;M;4566355;16231;160
2,02E+11;18;4;6;1940;1;2;1;1;6;15;;M;4565827;17208;160
2,02E+11;18;4;20;1710;1;1;9;1;6;113;Deviation la Couronne;M;4561896;10295;160
2,02E+11;18;2;18;2220;5;2;1;1;6;15;AVENUE GAMBETTA;M;4565173;16281;160
2,02E+11;18;4;6;430;3;1;1;1;6;15;VOIE DE L'EUROPE;M;4564226;14885;160
2,02E+11;18;6;2;945;1;2;9;1;6;15;Intermarchй;M;4566081;14040;160
2,02E+11;18;6;14;1730;1;1;1;1;7;341;RN 10 - Saint Michel;M;4563857;11832;160
2,02E+11;18;7;22;745;2;1;1;1;1;15;rue de BASSEAU;M;4565290;10773;160
2,02E+11;18;9;3;1400;1;2;1;1;6;15;rue de MONTMOREAU;M;4564956;16065;160
2,02E+11;18;9;7;1620;1;1;1;1;3;15;BOULEVARD DE BIGORRE;M;4562936;13973;160
2,02E+11;18;9;7;1800;1;2;6;1;2;374;Giratoie des Effamiers;M;4563424;21200;160
2,02E+11;18;7;29;1930;1;1;1;1;1;358;le Clos;M;4569662;9792;160
2,02E+11;18;9;11;1310;1;2;1;1;1;374;ROUTE DE SAINT-MARC;M;4563641;17553;160
2,02E+11;18;9;14;933;1;2;1;1;6;15;Place Victor Hugo;M;4564890;17487;160
2,02E+11;18;9;27;910;1;2;3;1;3;358;rue de ROYAN;M;4566464;12716;160
2,02E+11;18;10;4;2105;5;2;1;1;1;15;rue de BASSEAU;M;4565300;10754;160
2,02E+11;18;10;12;1155;1;2;1;1;2;374;AVENUE DU GAL DE GAULLE;M;4564115;19506;160
2,02E+11;18;10;24;1600;1;2;1;1;6;154;RUE DE PARIS;M;4566767;17201;160
2,02E+11;18;11;5;1215;1;2;3;1;2;374;AVENUE DU Gal DE GAULLE;M;4564174;19266;160
2,02E+11;18;2;12;825;1;2;6;1;7;89;Le Fief du Roy;M;4567479;-30843;160
2,02E+11;18;3;4;630;5;2;2;2;6;102;23 BOULEVARD CHATENAY;M;4569589;-31769;160
2,02E+11;18;3;9;1415;1;2;2;1;3;102;Boulevard de PARIS;M;4568910;-31770;160
2,02E+11;18;3;17;1910;1;2;1;1;6;89;;M;4568109;-31059;160
2,02E+11;18;4;14;140;5;2;2;1;3;102;HUGO (AVENUE VICTOR);M;4569019;-32010;160
2,02E+11;18;4;26;1929;1;2;6;1;3;102;PLACE SAINT-JACQUES;M;4569964;-33375;160
2,02E+11;18;5;9;2310;5;2;6;1;6;89;RUE DU COMMERCE;M;4568286;-31435;160
2,02E+11;18;6;25;740;1;2;2;1;6;102;boulevard de PARIS;M;4568845;-31886;160
2,02E+11;18;7;7;1350;1;2;2;1;3;102;BOULEVARD DE CHATENAY;M;4569668;-31789;160
2,02E+11;18;8;5;1500;1;2;1;1;3;102;Bd DENFERT ROCHEREAU;M;4569754;-32769;160
2,02E+11;18;8;3;1205;1;1;6;1;2;89;Giratoire de la Trвche;M;4568099;-29264;160
2,02E+11;18;8;15;1120;1;2;3;1;1;102;RUE DES MINOTIERS;M;4569956;-33273;160
2,02E+11;18;8;30;1355;1;2;1;1;6;102;boulevard de PARIS;M;4568701;-32150;160
2,02E+11;18;8;31;2200;5;2;3;1;3;102;rue TURNER;M;4569068;-32714;160
2,02E+11;18;9;25;700;5;2;1;1;7;89;GIRATOIRE DE LATRACHE;M;4568124;-29291;160
2,02E+11;18;10;1;1640;1;2;2;1;3;102;;M;4569870;-32084;160
2,02E+11;18;10;13;2030;5;2;6;1;3;89;ZI Le Fief du Roy;M;4568297;-31408;160
2,02E+11;18;10;14;1830;2;2;3;2;3;102;AVENUE VICTO HUGO;M;4569092;-32215;160
2,02E+11;18;10;15;1605;1;2;1;1;3;102;RUE HAUTE DE CROUIN;M;4568975;-34565;160
2,02E+11;18;10;27;1835;2;2;1;1;4;102;;M;4569901;-35385;160
2,02E+11;18;11;6;1710;1;2;1;2;6;102;AVENUE VICTOR HUGO;M;4568849;-31454;160
2,02E+11;18;11;14;1710;1;2;3;1;5;102;AVENUE DE ROYAN;M;4568332;-34112;160
2,02E+11;18;11;27;1530;1;2;2;1;3;89;LD Beauregard;M;4567278;-30681;160
2,02E+11;18;12;3;2050;5;2;1;2;6;102;BOULEVARD DE CHATENAY;M;4569471;-31719;160
2,02E+11;18;12;7;20;5;2;3;2;2;102;AVENUE VICTOR HUGO;M;4568946;-31780;160
2,02E+11;18;12;26;1615;1;2;3;1;3;102;RUE DE PONS;M;4568728;-33587;160
2,02E+11;18;12;30;2030;5;2;2;1;1;102;BD DENFERT ROCHEREAU;M;4569543;-32608;160
2,02E+11;18;9;11;1745;1;2;1;1;7;185;Rue Passeroux;M;4844684;255347;770
2,02E+11;18;10;14;840;2;1;1;1;7;185;lieu dit chalmont;M;4843319;252087;770
2,02E+11;18;11;1;1345;1;1;1;2;6;6;dйpartementale 409 PK 5;M;4841519;259193;770
2,02E+11;18;11;6;1115;1;2;1;1;1;185;50 rue des meuniers;M;4845519;255226;770
2,02E+11;18;11;8;740;1;2;2;1;3;425;D50 X RUE F. BOURGEOIS;M;4843649;256145;770
2,02E+11;18;1;3;1730;5;2;1;2;6;100;rue Baudrand;M;4567527;482282;690
2,02E+11;18;3;9;1730;1;2;1;1;1;133;intersection rue des gel;M;4563686;478016;690
2,02E+11;18;5;3;1030;1;2;7;2;6;133;place du BOUTON;M;4562666;478166;690
2,02E+11;18;6;5;1415;1;2;1;1;3;260;chemin des gaupiиres;M;4565103;480840;690
2,02E+11;18;6;10;45;5;2;3;1;3;46;intersection rue de la f;M;4565188;479660;690
2,02E+11;18;8;31;1230;1;2;3;1;3;260;rue du pont;M;4564413;482344;690
2,02E+11;18;10;2;1710;1;1;1;1;1;46;1545 chemin du bas priva;M;4564886;478484;690
2,02E+11;18;11;7;750;1;2;1;1;1;260;rue de la fйe des eaux;M;4565220;479783;690
2,02E+11;18;11;28;715;2;2;3;1;3;46;angle rue du malpas - ch;M;4565200;479601;690
2,02E+11;18;4;6;2225;5;2;3;1;6;335;1958 route de Tournai;M;5047427;342646;590
2,02E+11;18;5;4;330;5;2;1;1;6;434;970 rue d'en bas;M;5046428;348291;590
2,02E+11;18;5;25;1447;1;2;1;1;6;114;60 rue henri durre;M;5045320;352167;590
2,02E+11;18;1;23;1825;5;2;1;1;6;28;avenue du 19 mars 1962;M;4268122;293416;660
2,02E+11;18;6;28;750;1;1;2;7;3;28;Ancien chemin de Villene;M;4266849;293117;660
2,02E+11;18;10;16;700;2;2;1;8;3;28;avenue Camille Claudel;M;4268910;293667;660
2,02E+11;18;1;19;1520;1;2;1;1;7;299;.  MOUILLEPIED RUE DE;M;4595369;-95911;170
2,02E+11;18;3;28;1345;1;2;6;2;3;299;.  DIERAS AVENUE DU DOCT;M;4594349;-97521;170
2,02E+11;18;5;25;1340;1;2;1;2;1;299;TORRELAVEGA AVENUE DE;M;4592943;-96427;170
2,02E+11;18;6;3;1800;1;2;1;1;6;299;THIERS RUE;M;4593346;-96384;170
2,02E+11;18;6;7;1435;1;2;1;1;1;299;BIGNON BOULEVARD ET ROND;M;4593851;-98499;170
2,02E+11;18;7;3;1900;1;2;3;1;3;449;BRAILLE RUE LOUIS;M;4595509;-88810;170
2,02E+11;18;8;5;2215;5;2;1;1;7;299;TORRELAVEGA AVENUE DE;M;4592929;-96421;170
2,02E+11;18;9;12;950;1;1;1;1;6;299;R.D.733BIS;M;4592330;-96950;170
2,02E+11;18;9;25;1840;1;2;1;1;6;299;SADI CARNOT AVENUE;M;4593816;-96470;170
2,02E+11;18;10;2;955;1;2;1;1;7;449;PONT ROUGE AVENUE DU;M;4595063;-93705;170
2,02E+11;18;10;6;2220;5;1;1;2;6;299;TORRELAVEGA AVENUE DE;M;4592910;-96424;170
2,02E+11;18;10;31;1910;5;2;1;2;7;449;AUNIS AVENUE D';M;4594997;-92453;170
2,02E+11;18;11;9;2340;3;2;1;2;1;449;R.D. 137 (TONNAY CHARENT;M;4595188;-88732;170
2,02E+11;18;11;13;715;3;2;1;2;7;299;DEPORTES ET FUSILLES AVE;M;4593138;-96543;170
2,02E+11;18;11;15;1448;1;1;1;1;2;299;BIGNON BOULEVARD ET ROND;M;4594728;-98801;170
2,02E+11;18;12;7;815;5;2;6;2;3;299;BONNET RUE DU DOCTEUR;M;4594539;-98299;170
2,02E+11;18;12;20;1755;3;1;6;2;3;299;BRILLOUET ROND POINT;M;4595847;-97878;170
2,02E+11;18;1;2;1730;3;2;1;2;1;300;1  QUATORZE JUILLET   AV;M;4615316;-113074;170
2,02E+11;18;1;3;5;5;2;1;2;3;300;SAUTEL  BOULEVARD ANDRE;M;4616919;-112913;170
2,02E+11;18;1;3;1805;5;2;1;3;6;300;0  JOFFRE   BOULEVARD (2;M;4616131;-114008;170
2,02E+11;18;1;9;1505;1;2;6;8;3;300;Lйgion d'honneur;M;4616974;-115196;170
2,02E+11;18;1;10;1245;1;2;1;1;6;300;49  AMERIQUES   AVENUE D;M;4614844;-115444;170
2,02E+11;18;1;12;730;5;2;1;1;6;28;09  EINSTEIN   RUE;M;4612679;-109477;170
2,02E+11;18;1;12;1935;5;2;1;1;1;291;0  MARE   RUE DU FIEF DE;M;4618149;-112410;170
2,02E+11;18;1;15;1345;1;2;1;2;6;291;0  QUATORZE JUILLET   RU;M;4617458;-111532;170
2,02E+11;18;1;16;1830;5;2;1;2;6;300;160  GUITON   AVENUE JEA;M;4616108;-117440;170
2,02E+11;18;1;18;730;2;1;1;1;4;300;05 PK RN237 RE MOULIN JU;M;4617367;-117832;170
2,02E+11;18;1;19;855;1;2;1;1;3;300;5  VIETE   RUE FRANЂOIS;M;4614441;-114128;170
2,02E+11;18;1;23;820;2;1;1;2;4;300;0  118 PK RN137 ROCHEFOR;M;4617177;-112098;170
2,02E+11;18;1;24;646;3;2;6;1;3;200;0  RAYON D'OR   RUE DU;M;4619018;-114696;170
2,02E+11;18;1;26;1220;1;2;1;1;2;300;55  JOFFRE   BOULEVARD (;M;4615814;-114215;170
2,02E+11;18;1;26;1320;1;2;6;1;2;274;REPUBLIQUE   ROND-POINT;M;4615300;111200;170
2,02E+11;18;1;27;1510;1;1;1;7;2;300;117 PK RN137 JUSTICE ROC;M;4616248;-112193;170
2,02E+11;18;1;29;1840;3;1;1;1;7;291;1  LOGIS   RUE DU;M;4618811;-111919;170
2,02E+11;18;1;30;1800;2;1;1;1;1;274;01  Route de Belle Croix;M;4616768;-109527;170
2,02E+11;18;1;31;730;5;2;3;2;3;300;12  LECLERC   AVENUE DU;M;4616272;-116143;170
2,02E+11;18;2;1;1545;1;2;1;1;6;300;1  FOLLETIER  RUE FRANЂO;M;4614086;-115338;170
2,02E+11;18;2;2;1520;1;2;1;1;3;300;SARTRE   AVENUE JEAN-PAU;M;4615451;-113616;170
2,02E+11;18;2;2;1740;2;2;1;1;2;300;00  SAUTEL  BOULEVARD AN;M;4617037;-112542;170
2,02E+11;18;2;4;1200;1;2;1;1;6;300;THIERS   RUE;M;4616144;-114864;170
2,02E+11;18;2;13;1905;5;2;1;1;2;274;24  GRANDE RUE   RUE;M;4615332;-109952;170
2,02E+11;18;2;14;50;5;2;1;8;6;300;08 PK RN237 RE MOULIN JU;M;4617902;-115340;170
2,02E+11;18;2;14;1910;5;2;1;3;3;300;1.000  CENT-VINGT-TROISI;M;4615281;-114862;170
2,02E+11;18;2;16;1030;1;2;1;1;2;274;  POTEAU   RUE DU;M;4616614;-110995;170
2,02E+11;18;2;19;1915;5;2;6;2;3;300;SARTRE   AVENUE JEAN-PAU;M;4615310;111504;170
2,02E+11;18;2;22;1715;1;1;1;1;4;291;35 PK RN11 ROCADE NANTES;M;4617221;-112009;170
2,02E+11;18;2;23;1745;1;2;3;1;3;300;CIMETIERE   AVENUE DU;M;4616530;-111974;170
2,02E+11;18;2;24;1110;1;2;1;1;2;200;1  VENDOME   RUE DU MOUL;M;4617820;-115325;170
2,02E+11;18;2;24;1521;1;1;1;1;2;291;33 PK RN11 ROCADE NANTES;M;4617921;-109665;170
2,02E+11;18;2;25;1230;1;2;3;1;3;300;CORDELIERS  AVENUE DES;M;4616540;-114263;170
2,02E+11;18;2;25;1745;1;2;1;1;2;300;77  COGNEHORS   BOULEVAR;M;4616779;-114137;170
2,02E+11;18;3;9;858;1;2;1;1;2;300;DURAND  QUAI LOUIS;M;4615859;-114937;170
2,02E+11;18;3;9;1430;1;2;3;1;3;300;1  EINSTEIN   AVENUE ALB;M;4614774;-115849;170
2,02E+11;18;3;13;1809;1;2;1;1;3;300;.  CHURCHILL   BOULEVARD;M;4615377;-118705;170
2,02E+11;18;3;14;2015;5;1;1;2;6;300;KENNEDY   AVENUE DU PRES;M;4616736;-117910;170
2,02E+11;18;3;15;300;3;1;1;8;7;28;Chemin Gigas;M;4612690;-113254;170
2,02E+11;18;3;15;1700;1;2;2;3;3;300;91  GRASSET   AVENUE EDM;M;4616314;-116517;170
2,02E+11;18;3;17;115;3;1;1;2;6;28;114 PK RN137 JUSTICE ROC;M;4613728;-110364;170
2,02E+11;18;3;17;1420;1;2;1;1;3;300;1  CREPEAU   AVENUE MICH;M;4615385;-115347;170
2,02E+11;18;3;24;1747;1;2;1;2;2;200;0  04 PK RN237 RE MOULIN;M;4617657;-116600;170
2,02E+11;18;3;24;2205;5;2;3;1;3;300;LECLERC   AVENUE DU GENE;M;4616292;-116339;170
2,02E+11;18;3;29;1205;1;2;6;1;3;291;EUROPE  ROND POINT DE;M;4617608;-111344;170
2,02E+11;18;4;4;1803;1;2;1;1;6;300;DAUPHINE  AVENUE DE LA P;M;4616770;-115032;170
2,02E+11;18;4;6;1600;1;2;3;1;3;300;BAZOGES   RUE;M;4616123;-115299;170
2,02E+11;18;4;6;2330;5;2;1;1;3;300;ECOLES   RUE DES;M;4616346;-115470;170