Num_Acc;an;mois;jour;hrmn;lum;agg;int;atm;col;com;adr;gps;lat;long;dep
2,02E+11;18;12;21;1245;1;1;9;3;6;306;FRESNEL AUGUSTIN;M;4563029;-99456;170
2,02E+11;18;12;28;1505;1;2;1;1;6;306;5 JANVIER 1945 (DU) (BD);M;4562507;-102829;170
2,02E+11;18;1;7;820;2;1;1;1;7;125;autoroute A28 PK 263.700;M;4918564;76322;270
2,02E+11;18;1;16;2240;3;1;1;4;7;680;A28  PK 218.000 Sens Ale;M;4891351;40373;270
2,02E+11;18;1;22;950;1;1;1;3;7;637;Autoroute A28 PK 279.500;M;4930998;81480;270
2,02E+11;18;2;5;835;1;1;1;8;7;637;A 28   PK 279+600;M;4931070;81580;270
2,02E+11;18;4;15;1420;1;1;1;1;7;130;Autoroute A28 - PK 235+2;M;4905729;46331;270
2,02E+11;18;5;23;845;1;1;1;1;6;552;A28 PK 229+200;M;4900790;44440;270
2,02E+11;18;8;6;1430;1;1;1;1;3;654;RD 80  PK 005.500;M;4920682;89050;270
2,02E+11;18;8;21;1210;1;1;2;1;2;524;d840;M;4909901;91657;270
2,02E+11;18;9;12;2100;3;1;1;1;2;131;D613;M;4915485;67892;270
2,02E+11;18;10;4;1620;1;1;1;1;6;626;A28;M;4929030;78550;270
2,02E+11;18;11;17;800;3;1;2;5;6;252;intersection D22/D36;M;4917005;42758;270
2,02E+11;18;1;19;1900;3;1;1;2;1;319;D 834;M;4422983;-75741;400
2,02E+11;18;1;20;2045;3;1;1;2;6;60;Lieu-dit ROBERT SUD;M;4430390;-52484;400
2,02E+11;18;5;9;1652;1;1;1;1;7;246;Lieu-dit Le Lanne;M;4414935;-84359;400
2,02E+11;18;5;11;1605;1;1;3;1;2;200;RD120 PK2+022;M;4437299;-75198;400
2,02E+11;18;6;28;1730;1;1;1;1;6;319;RD45;M;4422326;-71186;400
2,02E+11;18;7;18;210;3;1;1;1;6;227;RD 43 - Pont du pas de N;M;4432021;-73890;400
2,02E+11;18;8;7;2240;3;1;1;1;6;85;RD 626-PK 67;M;4421241;-83020;400
2,02E+11;18;12;10;1337;1;1;1;1;1;165;Route de sabres  lieu di;M;4409993;-72216;400
2,02E+11;18;12;14;1430;1;1;1;1;6;167;lieu dit Pince -RD 651;M;4426893;-56813;400
2,02E+11;18;1;2;2020;3;1;1;2;2;122;A28 PK 201+200;M;4877374;30542;610
2,02E+11;18;2;1;1010;1;1;1;2;7;103;A 28 PK 207+800;M;4882880;35775;610
2,02E+11;18;4;7;1320;1;1;1;1;6;464;A 28  Pr 181+600;M;4862806;19478;610
2,02E+11;18;4;7;1515;1;1;1;8;6;385;autoroute A28 - PK 206.0;M;4881038;34647;610
2,02E+11;18;8;3;1510;1;1;1;7;6;282;autoroute A28 - PK 213+5;M;4887642;38182;610
2,02E+11;18;9;26;850;1;1;1;1;3;301;autoroute A 28 PK 171+10;M;4854106;16676;610
2,02E+11;18;12;15;1400;1;1;1;2;6;464;Autoroute A28 - PK 178+9;M;4860645;19668;610
2,02E+11;18;1;10;1240;1;2;1;1;6;415;1  COTE DE BEAUTE RUE DE;M;4574645;-66934;170
2,02E+11;18;2;28;952;1;2;1;1;6;415;10  GLYCINES RUE DES;M;4573756;-64771;170
2,02E+11;18;2;21;1630;1;1;1;1;1;415;1  ROCADE OUEST;M;4574159;-66098;170
2,02E+11;18;4;21;1930;1;1;1;1;3;415;Route Nationale 150;M;4573962;-60136;170
2,02E+11;18;5;18;1505;1;2;1;1;4;415;KENNEDY AVENUE JOHN FITZ;M;4573175;-64559;170
2,02E+11;18;6;1;1535;1;2;1;1;6;415;ARC DE TRIOMPHE;M;4574569;-62603;170
2,02E+11;18;6;1;1720;1;2;1;1;1;415;TAILLEBOURG RUE DE;M;4575740;-61810;170
2,02E+11;18;8;4;2020;1;2;1;1;6;415;GAUTIER RUE;M;4574215;-62445;170
2,02E+11;18;8;14;2230;3;1;1;1;5;415;Route D‚partementale 728;M;4574692;-70346;170
2,02E+11;18;9;23;1850;1;1;1;1;1;415;ROCADE SUD;M;4572510;-63770;170
2,02E+11;18;10;19;1539;1;2;6;1;6;415;DOUMER ROCADE COTE BEAUT;M;4574583;-65896;170
2,02E+11;18;11;4;1345;1;1;1;1;1;415;route nationale 141;M;4572819;-63329;170
2,02E+11;18;12;2;1920;5;1;1;2;2;415;D‚partementale  137;M;4575475;-65811;170
2,02E+11;18;12;18;810;1;2;2;8;3;415;MARTEL RUE GEOFFROY;M;4574301;-62199;170
2,02E+11;18;2;21;2300;3;1;1;1;6;166;A10 PK 184+500 vers PARI;M;4751703;91224;370
2,02E+11;18;3;8;1605;1;1;1;1;2;10;A 10  PK 181+900  sens P;M;4752557;93730;370
2,02E+11;18;4;14;1645;1;1;1;1;5;229;A10 - Pk 173+500;M;4756904;104743;370
2,02E+11;18;5;28;645;1;1;1;1;2;194;Pk 189+700  A sens BORDE;M;4748638;87199;370
2,02E+11;18;6;29;2230;3;1;1;1;6;160;A10 PK 175+100;M;4755439;101103;370
2,02E+11;18;8;24;730;1;1;1;1;3;160;A10 - PK175 sens TOURS/P;M;4755439;101103;370
2,02E+11;18;9;4;1735;1;1;1;1;2;194;Autoroute A10  Point kil;M;4749900;85091;370
2,02E+11;18;9;5;625;3;1;1;1;6;47;Autoroute A28  Point kil;M;4749082;66529;370
2,02E+11;18;12;17;1750;3;1;1;1;2;10;Autoroute A10  Point kil;M;4753376;95798;370
2,02E+11;18;12;21;1045;1;1;1;3;2;194;A 10 sens PARIS / TOURS ;M;4750144;85850;370
2,02E+11;18;1;25;405;3;1;1;2;6;95;RD.613 lieu dit les troi;M;4355976;379781;340
2,02E+11;18;1;25;1905;5;1;1;2;3;270;route de sиte;M;4356848;384980;340
2,02E+11;18;2;24;1500;1;1;1;2;3;270;D132;M;4359697;382002;340
2,02E+11;18;4;7;1515;1;1;1;1;7;88;Rue des devиzes D102;M;4356949;372077;340
2,02E+11;18;4;22;1030;1;1;1;1;1;95;dйpartementale 613;M;4354016;376371;340
2,02E+11;18;5;11;1400;1;1;1;1;5;95;D114;M;4353112;375940;340
2,02E+11;18;6;9;840;1;2;1;1;6;95;avenue Georges Clйmencea;M;4354374;377260;340
2,02E+11;18;6;23;1625;1;1;3;1;3;95;RD.114;M;4353450;375765;340
2,02E+11;18;7;19;1534;1;1;1;1;5;95;ROUTE DE BЙSIERS-RD613;M;4355840;379659;340
2,02E+11;18;7;27;910;1;1;1;1;3;270;ROUTE DE SИTE;M;4356848;384980;340
2,02E+11;18;8;13;1440;1;1;1;1;1;95;D613;M;4354016;376371;340
2,02E+11;18;8;24;1815;1;1;1;1;3;270;RD132 E2;M;4358745;383414;340
2,02E+11;18;9;12;2015;3;1;1;1;1;88;RD185;M;4356617;374646;340
2,02E+11;18;9;30;1720;1;1;1;1;1;95;RD614;M;4351783;376487;340
2,02E+11;18;9;4;1300;1;1;1;1;6;88;CD 114;M;4357213;367965;340
2,02E+11;18;1;22;1840;5;2;3;1;3;141;2 chemin de la poudriиre;M;4273868;291416;660
2,02E+11;18;8;18;2330;3;1;1;1;3;21;route de CLAIRA - Dйpart;M;4273740;294154;660
2,02E+11;18;10;2;1530;1;2;1;7;6;141;avenue de rivesaltes;M;4274731;291417;660
2,02E+11;18;10;22;1135;1;1;6;1;3;21;ROND POINT DES MOISSONS;M;4272660;294653;660
2,02E+11;18;11;10;1450;1;1;1;1;2;141;RD900;M;;;660
2,02E+11;18;3;14;1200;1;1;1;1;6;225;CD 6 - route d'ALES;M;4416358;456497;300
2,02E+11;18;4;6;2145;3;1;6;1;6;141;CD9;M;4410046;465778;300
2,02E+11;18;4;17;1745;1;1;1;1;3;141;RN 580;M;4410282;466359;300
2,02E+11;18;5;15;1630;1;2;3;1;1;141;Carrefour route d'Alиs e;M;4410139;465414;300
2,02E+11;18;5;25;550;2;1;2;1;3;191;RN 580;M;4414356;466030;300
2,02E+11;18;6;13;500;3;1;1;3;6;225;Route dйpartementale 6;M;4415051;455137;300
2,02E+11;18;6;29;1710;1;1;1;1;6;141;Route dйpartementale 608;M;4410906;461187;300
2,02E+11;18;7;6;645;1;1;1;1;6;81;cd138A;M;4415077;469604;300
2,02E+11;18;10;1;1615;1;1;2;1;3;127;CD 6086;M;4407776;458709;300
2,02E+11;18;10;4;1645;1;1;1;1;1;331;Dйpartementale 6086;M;4411304;461498;300
2,02E+11;18;12;21;50;3;1;1;5;6;141;RN 580;M;4411872;468753;300
2,02E+11;18;1;12;2025;3;2;1;1;2;294;Avenue des Rondaizes;M;4780165;99720;410
2,02E+11;18;3;10;1835;2;1;3;1;3;287;rn 10 pk 31.800;M;4773928;103401;410
2,02E+11;18;4;1;1140;1;2;3;1;3;201;D9  rue de la Garenne;M;4770986;87340;410
2,02E+11;18;4;20;450;3;1;1;1;1;287;Roule nationale 10;M;4775616;103994;410
2,02E+11;18;5;5;1245;1;1;1;1;1;278;ROUTE NATIONALE 10;M;4765101;95489;410
2,02E+11;18;5;18;1345;1;1;1;1;5;287;RN 10- PK 27+530;M;4777268;106013;410
2,02E+11;18;5;30;1545;1;1;1;1;3;7;Route Dйpartementale 9;M;4762250;90871;410
2,02E+11;18;6;28;1940;1;1;3;1;3;103;RN 10;M;4772692;102418;410
2,02E+11;18;6;20;1915;1;2;1;7;6;294;Route Dйpartementale 67;M;4780431;98265;410
2,02E+11;18;7;3;1735;1;2;1;1;7;102;Rue du Haut Bourg;M;4775344;93808;410
2,02E+11;18;7;29;25;3;1;1;1;7;225;Le Ranay;M;4776146;82243;410
2,02E+11;18;10;26;1420;1;1;1;1;1;265;Les buissons - Route Dйp;M;4780132;78028;410
2,02E+11;18;11;10;1850;5;2;1;3;4;149;18 Avenue de la Paix;M;4775886;87584;410
2,02E+11;18;11;22;1845;3;1;1;5;6;70;Le Baumat;M;4775567;66511;410
2,02E+11;18;11;26;1645;1;2;1;1;3;149;Rue du Dr. JEULAIN;M;4775876;87387;410
2,02E+11;18;12;24;1955;5;2;1;1;6;184;03 rue des quatre vents;M;4769377;91539;410
2,02E+11;18;2;16;1100;1;1;1;1;1;162;D19;M;4886949;312527;770
2,02E+11;18;4;10;1000;1;1;1;1;7;182;RD 215;M;4879265;332102;770
2,02E+11;18;5;7;1550;1;1;1;7;1;240;rue de la fertй gaucher;M;4879200;328139;770
2,02E+11;18;5;14;750;2;1;1;3;1;421;dйpartementale 204;M;4874237;328823;770
2,02E+11;18;7;6;1115;1;2;3;1;3;385;Intersection rue St Nico;M;4884848;323189;770
2,02E+11;18;7;26;1530;1;1;1;7;1;240;D934 PK56;M;4878625;325246;770
2,02E+11;18;8;13;1855;1;2;1;1;1;423;1-5 rue de Guillard;M;4877772;332947;770
2,02E+11;18;9;23;150;3;1;1;2;6;405;D31;M;4890578;317223;770
2,02E+11;18;9;29;1838;1;1;3;1;1;423;D934 X RUE DE GUILLARD;M;4877282;332748;770
2,02E+11;18;9;29;1313;1;2;4;1;3;345;D31 -R. DES GRANDS PRES;M;4890575;322598;770
2,02E+11;18;10;4;720;5;2;1;1;6;182;6 rue de sezanne;M;4877949;330805;770
2,02E+11;18;11;18;1800;5;2;1;1;1;423;DEPARTEMENTALE 14;M;4877951;332387;770
2,02E+11;18;3;11;900;1;1;1;1;2;424;D956;M;5021308;294969;620
2,02E+11;18;4;23;1930;1;1;1;1;6;568;d 917;M;5023736;280005;620
2,02E+11;18;7;5;1145;1;2;2;7;3;428;rue Renй Edouard;M;5022541;283516;620
2,02E+11;18;8;12;1805;1;1;3;1;3;582;d 939;M;5026206;288546;620
2,02E+11;18;8;18;1425;1;1;1;1;6;81;Dйpartementale 14;M;5022134;307488;620
2,02E+11;18;9;19;1544;1;1;2;7;3;384;D930;M;5015028;308162;620
2,02E+11;18;9;20;1630;1;1;1;1;7;864;RD 939;M;5025176;292699;620
2,02E+11;18;10;7;10;3;1;1;2;7;839;D956;M;5014913;288723;620
2,02E+11;18;10;8;850;1;1;1;1;3;873;CD34;M;5024975;284200;620
2,02E+11;18;10;11;2200;5;1;3;1;3;873;allйe de BELGIQUE;M;5025737;285957;620
2,02E+11;18;10;27;130;3;1;1;1;6;469;RD 19;M;5020527;305094;620
2,02E+11;18;12;27;1710;3;1;1;9;5;864;D 939;M;5025099;292930;620
2,02E+11;18;1;18;1445;1;1;1;6;7;378;D339 -;M;5030662;263094;620
2,02E+11;18;4;14;510;3;1;1;5;6;279;RD 939;M;5030233;271471;620
2,02E+11;18;4;22;1355;1;2;1;7;1;97;Rue nationale;M;5024163;265945;620
2,02E+11;18;5;5;1645;1;2;1;7;6;649;15 voie notre dame;M;5015551;248673;620
2,02E+11;18;5;6;955;1;1;1;7;2;378;RD 56;M;5030290;264575;620
2,02E+11;18;5;10;1835;1;2;1;1;6;869;Rue des anciens combatta;M;5024509;271837;620
2,02E+11;18;7;2;1140;1;1;1;7;7;672;RD919 SERRE LES PUISIEUX;M;5009741;265264;620
2,02E+11;18;7;4;1725;1;2;3;1;1;422;14 rue de sailly;M;5012553;263307;620
2,02E+11;18;9;5;1755;1;2;2;2;3;689;Route de Monchy;M;5020753;269008;620
2,02E+11;18;10;15;1630;1;2;1;1;6;272;3 rue des processions;M;5017467;271243;620
2,02E+11;18;10;26;1430;1;2;6;1;3;97;intersection D7/D30;M;5024387;265618;620
2,02E+11;18;11;30;900;1;1;2;2;1;465;D1;M;5019110;256525;620
2,02E+11;18;12;3;1520;1;1;2;2;3;332;D919;M;5023514;276363;620
2,02E+11;18;12;7;2000;3;1;3;2;1;147;RD919;M;5021239;275723;620
2,02E+11;18;2;3;1830;3;1;1;1;6;512;Route Dйpartementale 341;M;5056522;234137;620
2,02E+11;18;6;27;1650;1;1;2;1;3;713;D94;M;5059483;254089;620
2,02E+11;18;7;1;1300;1;2;1;1;1;190;1242 rue de St VENANT;M;5059797;252295;620
2,02E+11;18;7;3;740;1;2;1;1;3;195;111 rue de la gare;M;5062412;260878;620
2,02E+11;18;10;30;1915;3;1;1;2;1;516;Route Dйpartementale 188;M;5058391;244874;620
2,02E+11;18;11;2;815;2;1;1;1;1;162;D188;M;5057580;245103;620
2,02E+11;18;11;13;1150;1;1;1;1;3;162;RD 943;M;5057352;243327;620
2,02E+11;18;11;19;1215;1;1;1;8;2;770;rue de Robecq;M;5061324;255084;620
2,02E+11;18;12;14;1645;2;2;1;1;6;500;22 rue de lillers;M;5055177;242347;620
2,02E+11;18;2;10;1830;5;2;1;3;6;670;ROUTE D'HUCQUELIERS - LE;M;5054982;187814;620
2,02E+11;18;2;18;1045;1;2;1;1;4;886;15 rue du catelet;M;5057922;195417;620
2,02E+11;18;4;14;1800;1;1;1;1;7;886;Cd 148;M;5057256;195046;620
2,02E+11;18;4;15;245;3;1;1;1;7;312;D 149;M;5049259;183654;620
2,02E+11;18;4;25;1215;1;2;1;1;6;554;7 rue de la dordogne;M;5052962;173045;620
2,02E+11;18;5;8;1630;1;1;3;1;2;499;D901;M;5038737;172777;620
2,02E+11;18;5;12;1945;1;2;1;8;7;44;32 rue de la Vendйe;M;5048406;174688;620
2,02E+11;18;6;24;1030;1;1;1;1;7;670;Cd 150;M;5057519;188197;620
2,02E+11;18;7;6;2100;1;2;1;1;7;844;D 126 GOURNAY;M;5055492;203948;620
2,02E+11;18;7;12;1715;1;2;1;1;1;602;37 rue Nationale;M;5036694;173107;620
2,02E+11;18;8;4;1340;1;1;1;1;3;134;D128;M;5054911;189119;620
2,02E+11;18;8;13;1415;1;1;1;1;1;870;D901;M;5040483;172520;620
2,02E+11;18;9;9;610;3;2;2;1;3;602;ROUTE NATIONALE;M;5035889;173247;620
2,02E+11;18;11;5;1605;1;1;3;1;3;207;RUE DU MOULIN;M;5045141;174711;620
2,02E+11;18;1;10;1610;1;2;3;1;3;767;intersection rd 941 /rd;M;5038773;235005;620
2,02E+11;18;2;5;1835;3;1;1;1;6;58;D90;M;5050059;240144;620
2,02E+11;18;3;25;600;3;2;1;1;6;344;26 rue de Hurtebise;M;5052359;234058;620
2,02E+11;18;3;24;1820;1;2;1;1;1;668;9 rue d'Heuchin;M;5049931;225721;620
2,02E+11;18;3;28;1615;1;2;2;1;3;749;rue de Watelet;M;5035702;208761;620
2,02E+11;18;5;7;1200;1;1;1;7;2;180;cd941;M;5041395;238803;620
2,02E+11;18;5;10;810;1;1;3;8;3;180;dйpartementale 941;M;5041833;241332;620
2,02E+11;18;5;27;1305;1;1;1;1;6;36;Dйpartementale D343;M;5045300;225512;620
2,02E+11;18;7;8;500;2;1;1;1;6;740;CD 70;M;5047937;236143;620
2,02E+11;18;7;25;1630;1;1;1;1;1;468;cd 939;M;5038488;220793;620
2,02E+11;18;10;28;1140;1;1;1;1;1;686;D102;M;5036356;230586;620
2,02E+11;18;12;13;1330;1;1;3;7;3;647;rue du bas parcq;M;5038403;207609;620
2,02E+11;18;1;9;1100;1;1;2;1;5;198;carrefour des quatre ven;M;5038871;262301;620
2,02E+11;18;1;17;1632;2;1;1;6;5;86;RN 25  PR 13+500;M;5021976;258466;620
2,02E+11;18;1;29;1845;3;1;2;2;1;113;RD 939;M;5035139;251532;620
2,02E+11;18;2;12;1600;1;2;9;1;3;63;Rue de St Pol;M;5027824;252311;620
2,02E+11;18;3;5;545;3;1;1;9;1;477;D54;M;5031633;254847;620
2,02E+11;18;3;5;630;3;1;1;9;7;630;D339;M;5028706;256203;620
2,02E+11;18;3;13;820;1;1;1;1;6;198;RD 75;M;5038769;262186;620
2,02E+11;18;3;20;1655;1;1;6;7;3;45;D939;M;5034277;259209;620
2,02E+11;18;3;30;2155;3;1;1;1;2;399;D61;M;5031618;261707;620
2,02E+11;18;4;10;800;1;1;1;1;1;477;CD 75 E1;M;5032777;252524;620
2,02E+11;18;4;21;1100;1;1;1;1;2;113;RD 939;M;5035061;252304;620
2,02E+11;18;6;8;1050;1;2;1;1;6;63;Grand rue;M;5027840;253334;620
2,02E+11;18;7;5;1745;1;2;2;1;5;860;Route dйpartementale 77;M;5031726;249135;620
2,02E+11;18;7;7;20;3;1;1;1;6;784;route nationale 25;M;5021218;252514;620
2,02E+11;18;7;14;1055;1;1;3;1;4;820;Route dйpartementale 939;M;5035681;247463;620
2,02E+11;18;7;30;1015;1;1;1;1;6;86;RN 25;M;5022340;256462;620
2,02E+11;18;8;9;1430;1;1;2;3;3;804;CD 75;M;5023972;245818;620
2,02E+11;18;9;7;1620;1;1;2;1;3;778;CD 79E1/CD 54;M;5030679;243781;620
2,02E+11;18;9;8;930;1;2;1;1;7;63;rue d'hauteville;M;5027619;253448;620
2,02E+11;18;9;25;1950;2;1;1;1;6;84;D59;M;5024993;253846;620
2,02E+11;18;1;26;2345;4;2;1;1;3;631;18 ROUTE NATIONALE;M;5030339;229058;620
2,02E+11;18;2;8;2130;3;1;1;1;6;182;D102;M;5026833;216259;620
2,02E+11;18;4;29;1050;1;1;2;2;3;631;D111;M;5029902;228023;620
2,02E+11;18;6;9;1939;1;1;1;1;7;859;D114;M;5022900;220761;620
2,02E+11;18;9;16;1610;1;1;1;1;3;337;rue de St pol;M;5032977;227091;620
2,02E+11;18;11;8;630;3;1;1;9;6;345;D124;M;5029437;206232;620
2,02E+11;18;12;5;1746;5;2;1;2;6;361;rue de Doullens;M;5027749;229144;620
2,02E+11;18;6;1;1610;1;2;2;1;3;182;Avenue du cormier;M;4716087;-216851;440
2,02E+11;18;11;14;835;1;1;1;1;1;192;RD 86 PR003+311;M;4724910;-198629;440
2,02E+11;18;7;6;900;1;1;1;1;6;370;A89 ouest 309+751;M;;;630
2,02E+11;18;6;15;1320;1;1;1;1;3;208;A10;M;4736122;71166;370
2,02E+11;18;6;26;1230;1;1;1;1;5;216;AUTOROUTE A 10 - SENS NO;M;4715483;57741;370
2,02E+11;18;7;10;2035;1;1;9;1;6;99;Autoroute A85;M;4730230;54752;370
2,02E+11;18;8;11;920;1;1;1;1;6;141;autoroute A85;M;4728526;105955;370
2,02E+11;18;8;12;2130;3;1;1;1;7;99;A85;M;4730230;54752;370
2,02E+11;18;7;19;1530;1;1;1;1;7;100;A85;M;4729369;111756;370
2,02E+11;18;11;9;1033;1;1;1;1;2;142;A10;M;4704994;58721;370
2,02E+11;18;12;21;630;5;1;1;2;6;261;A10 pk 207+900;M;4738650;70891;370
2,02E+11;18;4;2;1630;1;1;1;1;7;559;D35;M;4729583;481454;210
2,02E+11;18;6;9;55;3;1;1;1;7;478;D10;M;4736789;484148;210
2,02E+11;18;1;17;2030;3;1;1;6;7;130;4280 Chemin de Sauvebonn;M;4316853;607250;830
2,02E+11;18;2;4;1530;1;1;1;1;7;17;RD 554;M;4324000;599627;830
2,02E+11;18;2;7;1845;5;1;1;1;3;54;635 chemin Alphonse Lava;M;4315719;604570;830
2,02E+11;18;3;8;1545;1;1;1;1;3;54;637 CHEMIN Alphonse LAVA;M;4315719;604570;830
2,02E+11;18;3;23;1130;1;2;1;1;1;130;D554;M;4319624;603972;830
2,02E+11;18;4;19;2055;5;2;9;1;6;131;avenue Casabianca;M;4320933;602833;830
2,02E+11;18;4;22;1400;1;1;1;1;3;54;D554 - Route de la Crau;M;4315980;605494;830
2,02E+11;18;6;15;2155;5;1;1;1;3;54;Chemin Alphonse Lavallйe;M;4315719;604570;830
2,02E+11;18;6;27;1845;1;2;6;7;6;130;rond point Antoine PINAY;M;4318120;607949;830
2,02E+11;18;7;25;1350;1;2;9;1;3;54;rd 96;M;4316161;604282;830
2,02E+11;18;8;19;1930;1;1;1;1;1;130;chemin de sauvebonne;M;4317412;606989;830
2,02E+11;18;10;3;700;5;2;1;1;6;17;Rue de la Rйpublique;M;4324358;600110;830
2,02E+11;18;10;6;1149;1;2;9;1;7;17;CD554;M;4324617;599991;830
2,02E+11;18;12;9;610;5;2;1;6;2;132;983 le logis neuf;M;4317933;604581;830
2,02E+11;18;2;13;1420;1;1;1;4;1;107;RN147 LIEU-DIT LA CURE;M;4592280;119918;870
2,02E+11;18;4;1;1150;1;2;1;1;1;177;GRAND'RUE DES BOUCHATS;M;4581230;107441;870
2,02E+11;18;5;16;1645;1;1;1;1;7;152;D28;M;4595290;121544;870
2,02E+11;18;7;14;1545;1;1;1;1;6;185;LA MALAISE;M;4590210;100024;870
2,02E+11;18;9;16;1620;1;1;6;7;7;1;ROND-POINT D2000-D10;M;4580060;110868;870
2,02E+11;18;9;20;2210;3;1;1;1;6;202;ROUTE DЙPARTEMENTALE 9 -;M;4590310;107788;870
2,02E+11;18;11;3;1825;3;1;1;1;6;191;CLOS BARRIANT;M;4573920;103670;870
2,02E+11;18;12;24;1000;1;1;1;1;5;202;RD 101 LE MAS DE GLANE;M;4594100;108422;870
2,02E+11;18;3;2;2000;3;1;1;1;7;9;route du roi Thйodore;M;4211291;953384;202
2,02E+11;18;5;22;1215;1;1;1;1;3;9;RT 10;M;4213096;951001;202
2,02E+11;18;6;11;2000;1;1;1;1;6;143;RT 10 - Bravone;M;4222760;954357;202
2,02E+11;18;7;1;1815;1;1;1;1;6;320;Canicioletto;M;4215732;951533;202
2,02E+11;18;7;24;2200;3;1;1;1;3;9;RT10 - lieudit Arboratel;M;4209835;951497;202
2,02E+11;18;8;3;1250;1;1;1;1;6;320;RD 16;M;4217139;947994;202
2,02E+11;18;8;26;1800;1;2;3;1;2;143;Bravone;M;4220320;953476;202
2,02E+11;18;8;29;1234;1;2;1;1;6;9;Lieu-dit Catteragio;M;4211523;951343;202
2,02E+11;18;10;7;1830;5;2;1;2;6;9;route de Bonifacio;M;4211147;951402;202
2,02E+11;18;12;14;20;3;1;1;3;6;9;RT 10 - PK 95+000;M;4209073;950850;202
2,02E+11;18;2;22;550;3;1;1;1;2;34;LIEU DIT LA GRELE;M;4440470;12478;470
2,02E+11;18;3;2;2230;3;1;1;1;6;165;LIEU DIT BOUZON;M;4452480;1994;470
2,02E+11;18;4;10;230;3;1;1;2;6;165;CAP DE BOSC;M;4451380;2368;470
2,02E+11;18;4;27;1605;1;1;1;1;6;156;LIEU-DIT LES BERNИS;M;4449260;7222;470
2,02E+11;18;11;25;1135;1;1;2;1;3;233;Carrefour RD 239 / VC15;M;4454235;9381;470
2,02E+11;18;12;5;1035;1;1;3;1;4;233;Bordeneuve;M;4454086;8887;470
2,02E+11;18;12;11;750;2;2;2;5;6;165;Avenue de la fontaine d';M;4452181;3259;470
2,02E+11;18;12;12;1750;2;1;3;1;3;233;RD 813 lieu dit Capdevil;M;4452378;10865;470
2,02E+11;18;12;17;1125;1;1;1;7;1;245;la boissiиre;M;4461351;16002;470
2,02E+11;18;5;4;1640;1;1;1;1;6;90;;M;4578597;200538;230
2,02E+11;18;5;5;50;3;1;1;1;6;79;les combes;M;4591186;217344;230
2,02E+11;18;6;28;650;1;1;1;1;6;232;LE COMPEIX  RD08;M;4590777;189690;230
2,02E+11;18;6;30;1945;1;1;9;7;1;227;RD 13 aux abords de l'in;M;4589490;179059;230
2,02E+11;18;8;6;545;2;1;1;1;6;134;Lieu-dit Rigole du Diabl;M;4587444;193194;230
2,02E+11;18;5;26;1100;1;2;1;1;1;176;boulevard Jean Moulin;M;4623355;148608;230
2,02E+11;18;6;8;1740;1;1;6;1;3;75;D913;M;4629888;167768;230
2,02E+11;18;8;8;1755;1;1;1;1;6;219;RN145 PK+R3;M;4621744;142701;230
2,02E+11;18;8;26;1815;1;1;9;1;7;47;D4 - route de Fursac;M;4615960;155279;230
2,02E+11;18;10;13;2000;3;1;9;1;1;176;intersection RD72  RD 95;M;4623672;147581;230
2,02E+11;18;10;28;1550;1;2;1;2;6;207;Le Bourg D951;M;4628306;158734;230
2,02E+11;18;10;31;1815;4;2;1;2;6;176;Route de Dun Le Palestel;M;4623672;147581;230
2,02E+11;18;11;16;1815;5;1;2;1;3;75;Le Puy Brevier;M;4628803;167012;230
2,02E+11;18;12;1;30;3;1;1;2;6;65;Route de La Souterraine;M;4629651;163536;230
2,02E+11;18;2;17;1955;5;2;1;1;6;439;RD 21;;;;500
2,02E+11;18;2;17;2355;3;1;1;1;6;592;;M;4898127;-107839;500
2,02E+11;18;3;16;1210;1;2;1;8;6;393;avenue du Gйnйral Bradle;M;4891734;-119114;500
2,02E+11;18;4;25;1135;1;1;1;1;1;465;PR 65+320 RD999;M;4908019;-112058;500
2,02E+11;18;6;4;953;1;1;1;2;1;214;D975;M;4892640;-107698;500
2,02E+11;18;8;5;1125;1;1;1;1;1;393;le mesnil cocq;M;4892147;-121332;500
2,02E+11;18;9;4;1615;1;1;1;1;1;137;LE BIGNON;M;4887292;-120101;500
2,02E+11;18;9;14;2320;3;1;1;1;1;592;Le Nid de Loup;M;4897386;-106443;500
2,02E+11;18;11;5;2020;3;2;1;1;6;592;rue des anciennes halles;M;4897340;-105905;500
2,02E+11;18;11;9;1850;3;1;3;6;1;363;la vallequerie;M;4899792;-114046;500
2,02E+11;18;11;12;1815;3;1;1;1;1;465;rue du bas chemin;M;4907258;-114214;500
2,02E+11;18;11;22;730;3;1;1;1;6;512;la riviиre de haut;M;4903264;-113776;500