Num_Acc;an;mois;jour;hrmn;lum;agg;int;atm;col;com;adr;gps;lat;long;dep
2,02E+11;18;1;29;945;1;1;1;1;6;305;La Ville Es Michel;M;4825808;-216588;220
2,02E+11;18;6;1;1600;1;1;3;1;3;20;La ville Trema;M;4829662;-222574;220
2,02E+11;18;7;13;1620;1;1;1;1;1;239;rue de Dinan - RD 64;M;4836037;-210268;220
2,02E+11;18;7;21;15;3;1;4;1;3;84;la croix guillaume;M;4842625;-230596;220
2,02E+11;18;8;9;1420;1;1;3;1;3;32;LA BARRE rd 766;M;4830710;-213576;220
2,02E+11;18;9;9;1615;1;1;2;1;3;341;RD 44 - la lande du moul;M;4839930;-237879;220
2,02E+11;18;10;20;1545;1;2;2;1;3;84;D 106 - Bourg de LESCOUE;M;4841209;-231026;220
2,02E+11;18;11;5;1330;1;1;2;1;3;337;lieu dit la croix verte;M;4835818;-233691;220
2,02E+11;18;11;27;1550;1;1;3;3;6;185;Lieu dit Le cloitre;M;4834576;-238811;220
2,02E+11;18;11;28;830;2;1;4;8;6;84;LA TOURELLE;M;4841604;-229980;220
2,02E+11;18;3;26;1445;1;1;1;1;5;67;D982;M;4403772;454495;300
2,02E+11;18;4;13;300;3;1;1;2;6;262;D982;M;4403090;449428;300
2,02E+11;18;4;27;1520;1;2;4;1;1;334;Rue Paul Cezanne;M;4402616;441665;300
2,02E+11;18;5;29;1755;1;1;1;1;1;334;D 981 route de Nimes;M;4432678;437398;300
2,02E+11;18;6;1;2245;3;1;1;1;6;299;D979;M;4402160;445154;300
2,02E+11;18;6;23;1810;1;1;1;1;3;334;avenue Maxime Pascal;M;4401579;442525;300
2,02E+11;18;6;29;1800;1;1;1;7;7;14;route dйpartementale 120;M;4399967;436484;300
2,02E+11;18;7;7;1000;1;2;1;7;6;338;dйpartementale 6;M;4412957;434368;300
2,02E+11;18;7;10;250;3;1;1;1;6;151;D6  PK 25+700;M;4413301;440504;300
2,02E+11;18;7;11;730;1;1;1;1;7;30;D981 lieu-dit fontcouver;M;4405598;427388;300
2,02E+11;18;7;21;125;3;2;1;2;6;14;D 982;M;4400037;436874;300
2,02E+11;18;7;20;1243;1;2;1;1;6;334;D981;M;4400601;441681;300
2,02E+11;18;8;13;845;1;1;2;7;3;113;D37 - D687;M;4416943;431964;300
2,02E+11;18;8;23;1740;1;1;1;1;3;174;D979  montйe de l'arnac;M;4406332;439673;300
2,02E+11;18;9;19;1840;1;2;1;1;6;334;avenue de la libйration;M;4401169;441758;300
2,02E+11;18;9;21;1035;1;1;1;1;3;41;D979;M;4397009;439138;300
2,02E+11;18;9;28;1230;1;1;1;1;5;14;D982 pk 45;M;4400037;436874;300
2,02E+11;18;11;9;700;2;1;1;3;6;308;CD 112;M;4395862;441918;300
2,02E+11;18;11;9;1700;2;1;1;2;1;282;D6;M;4415064;450329;300
2,02E+11;18;11;27;1500;1;1;1;1;1;343;Dйpartementale 23;M;4418870;448159;300
2,02E+11;18;12;16;1520;1;1;1;2;6;174;d981;M;4403273;436822;300
2,02E+11;18;12;31;1615;1;2;1;1;6;295;352 chemin du mas d'Aura;M;4404418;442732;300
2,02E+11;18;2;19;1510;1;2;3;1;3;202;2 avenue Gaston Doumergu;M;4425473;464576;300
2,02E+11;18;3;17;45;3;1;9;1;6;304;D141;M;4425911;452485;300
2,02E+11;18;5;18;1740;1;2;1;7;6;202;rue de la Libertй;M;4425456;464874;300
2,02E+11;18;5;31;1140;1;1;1;2;6;202;route de Carsan;M;4424635;460750;300
2,02E+11;18;6;20;1125;1;2;2;1;1;202;11 Boulevard Gambetta;M;4425651;464754;300
2,02E+11;18;7;14;1812;1;1;1;1;1;288;RN86;M;4421313;463163;300
2,02E+11;18;7;16;1630;1;1;1;7;1;226;Dйpartementale 6086;M;4422678;463361;300
2,02E+11;18;7;22;100;3;1;3;1;1;290;route de barjac;M;4427450;460282;300
2,02E+11;18;9;21;1520;1;1;1;1;6;222;D166 Route de St Laurent;M;4420312;452771;300
2,02E+11;18;11;16;1800;3;1;1;1;4;288;RN86;M;4420067;462633;300
2,02E+11;18;12;1;615;3;1;1;1;6;256;RD 980 PK15+900;M;4418857;455743;300
2,02E+11;18;1;22;1545;1;1;9;1;2;221;N 6580;M;4404042;472731;300
2,02E+11;18;1;31;1220;1;2;9;1;2;217;ROUTE D'ORANGE;M;4398288;470132;300
2,02E+11;18;4;1;850;1;1;1;1;3;209;Route dйpartementale 658;M;4399415;474088;300
2,02E+11;18;5;22;1620;1;1;1;3;1;315;RN100 - Quartier LARGNAC;M;4394903;469842;300
2,02E+11;18;7;7;1855;1;1;1;7;1;315;RN 100;M;4394482;469789;300
2,02E+11;18;7;13;1820;1;1;2;1;3;278;ROUTE NATIONALE 580;M;4405348;470846;300
2,02E+11;18;7;13;1955;1;2;3;1;3;221;avenue de la gare;M;4404961;477568;300
2,02E+11;18;8;5;1600;1;1;1;1;7;278;Dйpartementale 580;M;4405348;470846;300
2,02E+11;18;9;3;1220;1;2;1;1;3;217;D111;M;4396054;472091;300
2,02E+11;18;9;24;2100;3;1;1;1;3;315;Nationale 100;M;4394886;469720;300
2,02E+11;18;11;13;1800;3;1;3;1;3;221;D6580;M;4402830;473689;300
2,02E+11;18;3;23;1620;1;1;4;1;6;429;D1075 et D8A;M;4486758;560574;380
2,02E+11;18;5;5;1230;1;1;1;1;7;456;Route;M;4483850;579753;380
2,02E+11;18;5;14;1220;1;2;1;1;7;208;chemin communal la Chaux;M;4485352;567337;380
2,02E+11;18;5;29;700;1;1;1;1;7;438;D8;M;4494310;561615;380
2,02E+11;18;6;10;1522;1;1;1;1;7;204;RD 1075 PK153;M;4473908;567773;380
2,02E+11;18;7;29;1420;1;1;1;1;6;429;D8A;M;4486947;557600;380
2,02E+11;18;8;6;1820;1;1;1;1;6;90;Chemin du Mas Roux;M;4497602;556290;380
2,02E+11;18;8;9;1740;1;1;1;2;7;419;D1075;M;4484195;561809;380
2,02E+11;18;9;8;1850;1;1;1;1;3;342;D34;M;4487435;564966;380
2,02E+11;18;10;5;2039;3;2;1;1;6;127;le hameau Villard Julien;M;4485019;570746;380
2,02E+11;18;10;6;1430;1;1;1;1;6;204;D1075;M;4473405;568093;380
2,02E+11;18;10;9;2050;3;1;6;1;6;342;RD1075;M;4490733;562605;380
2,02E+11;18;11;4;1510;1;1;1;8;7;204;D1075;M;4474642;567881;380
2,02E+11;18;12;31;1559;1;2;1;2;6;33;REPUBLIQUE (BOULEVARD DE;M;4708833;239662;180
2,02E+11;18;1;15;2353;3;2;1;1;6;33;CHAPPE (CHAUSSEE DE);M;4709385;242104;180
2,02E+11;18;2;12;1130;1;2;2;1;6;33;RIMBAULT (RUE JACQUES);M;;;180
2,02E+11;18;2;16;720;3;1;1;1;3;267;SAINT-AMAND (ROUTE DE);M;4701027;239237;180
2,02E+11;18;4;6;1830;1;2;6;1;6;33;MALRAUX (PLACE ANDRE);M;4707943;239847;180
2,02E+11;18;4;16;1355;1;2;1;1;6;205;PRES LE ROI (AVENUE DES);M;4709000;239000;180
2,02E+11;18;4;18;1346;1;2;3;1;3;33;ORLEANS (AVENUE D');M;4708947;238473;180
2,02E+11;18;4;27;1630;1;2;9;1;3;33;BARBES (RUE);M;4707649;238988;180
2,02E+11;18;4;26;930;1;2;3;1;3;33;PORTE JAUNE (RUE DE LA);M;;;180
2,02E+11;18;5;2;1420;1;2;1;1;1;33;JAURES (AVENUE JEAN);M;4708910;239318;180
2,02E+11;18;5;8;1935;1;2;1;1;2;33;LATTRE DE TASSIGNY (AVEN;M;4709931;241627;180
2,02E+11;18;5;13;100;5;2;1;2;2;33;DE GAULLE (AV DU GENERAL;M;4710433;241008;180
2,02E+11;18;5;31;300;5;2;1;1;6;33;AUTVAL (RUE ADELAIDE);M;4709967;240177;180
2,02E+11;18;6;1;2225;5;2;3;1;2;33;SERAUCOURT (RUE DE);M;4707719;240023;180
2,02E+11;18;6;1;1655;1;2;3;1;3;205;BERRY-BOUY (ROUTE DE);M;4709472;235561;180
2,02E+11;18;6;15;223;5;2;1;1;4;33;HERVET (RUE ALBERT);M;4707354;235846;180
2,02E+11;18;6;14;1155;1;2;9;1;6;33;ROUSSEAU (RUE JEAN-JACQU;M;4707923;238976;180
2,02E+11;18;6;25;930;1;2;1;1;6;33;RENAN (AVENUE ERNEST);M;4708117;240751;180
2,02E+11;18;7;7;1900;1;2;1;1;1;205;BERRY-BOUY (ROUTE DE);M;4709297;238141;180
2,02E+11;18;7;14;1525;1;1;1;1;6;213;SAINTE-SOLANGE (ROUTE DE;M;4711600;251037;180
2,02E+11;18;7;18;1910;1;2;1;1;2;205;GAULLE (AVENUE DU GENERA;M;4709669;237296;180
2,02E+11;18;7;23;1531;1;2;3;7;6;33;RENAN (AVENUE ERNEST);M;4886272;228759;180
2,02E+11;18;7;22;1410;1;2;1;1;6;33;LATTRE DE TASSIGNY (AVEN;M;4710110;241454;180
2,02E+11;18;7;29;150;5;2;1;1;6;267;CABARET (AVENUE DU);M;4701154;235900;180
2,02E+11;18;8;8;440;5;2;1;1;6;33;SEMARD (AVENUE PIERRE);M;4709387;239613;180
2,02E+11;18;8;19;2357;3;1;1;1;2;33;RN 151;M;4705204;234825;180
2,02E+11;18;8;21;9;5;2;1;1;6;205;REPUBLIQUE (AVENUE DE LA;M;4709984;238073;180
2,02E+11;18;8;31;1705;1;2;3;1;5;33;ROBINSON (AVENUE DE);M;4707193;239384;180
2,02E+11;18;8;31;1806;1;2;3;1;3;33;REPUBLIQUE (BD DE LA);M;4708881;239594;180
2,02E+11;18;9;16;105;5;2;2;1;3;33;PAIX (RUE DE LA);M;4705673;239140;180
2,02E+11;18;9;3;1648;1;2;1;1;3;33;INDUSTRIE (BOULEVARD DE;M;4707245;239688;180
2,02E+11;18;9;19;1840;1;2;3;1;3;213;GENERAL DE GAULLE (AVENU;M;4709000;247000;180
2,02E+11;18;9;25;1800;1;2;1;1;1;33;LOUPS (RUE DE LA SENTE A;M;4710145;239934;180
2,02E+11;18;10;30;1505;1;2;9;1;1;33;BOUVREUILS (ALLEE DES);M;4712044;239826;180
2,02E+11;18;11;1;310;5;2;1;8;4;33;DUN-SUR-AURON (AV DE);M;4707122;241225;180
2,02E+11;18;11;2;1330;1;2;3;1;6;33;PRES-LE-ROI (AVENUE DES);M;4709381;239238;180
2,02E+11;18;11;2;1640;1;2;1;1;6;213;CHARITE (ROUTE DE LA);M;4795197;244196;180
2,02E+11;18;11;22;1400;1;2;3;8;3;33;BERANGER (RUE);M;4708095;238697;180
2,02E+11;18;10;5;1210;1;2;1;1;4;33;RENAN (AVENUE ERNEST);M;4708348;241802;180
2,02E+11;18;12;5;1828;5;1;1;1;3;33;BILLANT (RUE LOUIS);M;4705538;231078;180
2,02E+11;18;12;11;155;5;1;1;5;4;33;DUN-SUR-AURON (AVENUE DE;M;4705114;243525;180
2,02E+11;18;12;23;2209;5;2;3;1;1;33;MERY-ES-BOIS (ROUTE DE);M;4711762;240263;180
2,02E+11;18;4;27;640;3;1;1;1;6;270;lieu dit MONCHAUX;M;4795365;142818;410
2,02E+11;18;5;22;900;1;1;1;1;1;105;RD 917;M;4779145;154060;410
2,02E+11;18;5;25;2320;4;2;1;8;7;123;route de beaugency;M;4782065;139485;410
2,02E+11;18;6;18;1510;1;1;1;1;7;221;intersection D110/D156;M;4781521;137482;410
2,02E+11;18;9;16;2000;3;1;1;1;6;273;RD924;M;4785934;132013;410
2,02E+11;18;9;14;1830;2;1;1;1;3;289;D25;M;4788613;153131;410
2,02E+11;18;1;17;1850;3;1;1;1;2;270;A75 PK 188+300 borne 122;M;4434473;308663;120
2,02E+11;18;5;20;1700;1;1;1;3;6;291;A75 - PR 204.700;M;4421611;307191;120
2,02E+11;18;8;11;655;1;1;1;1;2;77;A75;M;4392717;323714;120
2,02E+11;18;8;14;830;1;1;1;1;3;47;A 75 pk 185+291;M;4435854;311528;120
2,02E+11;18;8;21;840;1;1;1;1;7;291;AUTOROUTE A 75 - PK 203.;M;4435697;311265;120
2,02E+11;18;8;25;1245;1;1;1;1;2;47;A75 PK 183+800 sens Nord;M;4438633;311944;120
2,02E+11;18;8;26;810;1;1;1;1;7;291;A75 PK 202+500 dans le s;M;4423304;306260;120
2,02E+11;18;8;28;1725;1;1;1;1;7;291;A75 PR 208+300 sens N/S;M;4418751;305480;120
2,02E+11;18;9;3;1445;1;1;1;1;5;238;D911 PR 19+0240;M;4422625;298804;120
2,02E+11;18;9;18;55;3;1;1;1;6;270;A75 PR 192+645 Sud-Nord;M;4431732;309445;120
2,02E+11;18;11;14;1615;1;1;1;1;2;270;autoroute A 75;M;4434212;308481;120
2,02E+11;18;11;19;1705;2;1;1;8;7;115;A 75;M;4395502;321303;120
2,02E+11;18;5;26;400;3;1;1;1;2;300;A77 - PK 152+728;M;4702245;318920;580
2,02E+11;18;7;4;1700;1;1;1;1;7;238;A77 PK 158.100;M;4698919;320621;580
2,02E+11;18;8;12;1043;1;1;1;1;7;67;A 77;M;4710504;307137;580
2,02E+11;18;9;1;1150;1;1;1;1;2;295;A77 - PK 112+700;M;4732263;293455;580
2,02E+11;18;9;4;1620;1;1;1;1;3;295;A77 PK 111+500;M;4732077;293568;580
2,02E+11;18;9;11;1505;1;1;9;1;1;164;A77;M;4723435;299337;580
2,02E+11;18;9;18;915;1;1;1;1;2;86;A 77 PK 108+892 sens Nev;M;4735036;292458;580
2,02E+11;18;10;31;1915;3;1;1;6;4;207;A77 pr 143+550 sens PARI;M;4708008;312267;580
2,02E+11;18;12;16;1820;3;1;1;2;6;51;RN 7;M;4693845;315818;580
2,02E+11;18;1;6;1325;1;2;1;1;7;456;5 route de Chalon -Perri;M;4681444;505831;710
2,02E+11;18;2;25;540;3;2;1;1;6;566;avenue du prйsident borg;M;4688985;503280;710
2,02E+11;18;5;16;1400;1;1;1;2;1;2;"lieu-dit ""Villargeau""";M;4674891;504388;710
2,02E+11;18;5;21;1500;1;1;1;1;7;189;RD 978 Route de Louhans;M;4673405;492025;710
2,02E+11;18;6;15;1510;1;2;3;1;1;189;Route de chalon;M;4674373;491072;710
2,02E+11;18;6;30;1725;1;2;2;1;3;2;Route de St germain;M;4674993;502027;710
2,02E+11;18;8;14;1600;1;1;1;1;7;578;rd673;M;4696224;518542;710
2,02E+11;18;8;29;1915;1;2;1;1;6;336;27 rue bruchet;M;4672400;495158;710
2,02E+11;18;10;6;515;3;1;1;1;3;167;RD673 - PK12+124;M;4683049;498518;710
2,02E+11;18;10;15;735;1;2;4;1;3;189;Rue du bourg;M;4675090;490081;710
2,02E+11;18;10;30;840;1;1;1;2;1;578;D673;M;4695866;520067;710
2,02E+11;18;10;31;2100;3;1;1;8;7;570;RD 439;M;4687851;497574;710
2,02E+11;18;12;2;1830;3;1;1;2;1;333;PR 2+700;M;4677468;495289;710
2,02E+11;18;12;27;2305;5;2;1;1;6;566;AVENUE VALЙRY GISCARD D';M;4689301;502331;710
2,02E+11;18;2;23;2250;3;1;1;1;2;239;;M;4646574;149713;360
2,02E+11;18;8;16;1900;1;1;1;1;2;101;A20;M;4671325;159434;360
2,02E+11;18;9;28;1850;1;1;1;1;2;219;;M;4664713;155653;360
2,02E+11;18;10;18;1430;1;1;1;1;4;231;A20;M;4672330;160309;360
2,02E+11;18;10;18;1445;1;1;1;1;2;231;;M;4672661;160541;360
2,02E+11;18;10;18;1400;1;1;1;1;2;231;;M;4672650;160585;360
2,02E+11;18;11;11;250;3;1;1;1;3;33;;M;4652670;151482;360
2,02E+11;18;11;27;2230;3;1;1;2;1;6;;M;4657151;150037;360
2,02E+11;18;12;5;1530;1;1;1;1;6;101;;M;4669580;158382;360
2,02E+11;18;12;20;1550;1;1;1;1;6;150;;M;4645661;149801;360
2,02E+11;18;3;24;1200;1;1;1;1;2;191;;M;4535750;327950;430
2,02E+11;18;3;31;405;3;1;9;1;6;207;A75 PK 080.800;M;4514619;314314;150
2,02E+11;18;4;27;1815;1;1;1;1;6;108;Autoroute A75 PK 110.300;M;4493925;320107;150
2,02E+11;18;5;4;1250;1;1;1;1;2;123;;M;4532120;326186;430
2,02E+11;18;8;19;1524;1;1;1;1;6;2;A 75 sens Nord/sud PK 11;M;4488638;325135;480
2,02E+11;18;1;1;332;3;1;1;2;6;54;autoroute A75 sens n/s P;M;4550841;326285;630
2,02E+11;18;3;5;1540;1;1;1;1;7;352;A75;M;4546929;324923;630
2,02E+11;18;3;16;620;2;1;1;1;2;121;A 75 - PK 19+500 - Sens;M;;;630
2,02E+11;18;4;14;955;1;1;1;8;6;352;Autoroute A75 - sens Nor;M;4545867;326048;630
2,02E+11;18;4;21;1630;1;1;1;1;7;411;autoroute A75  PK22+500;M;4559969;321718;630
2,02E+11;18;4;25;1730;1;1;1;1;6;54;Autoroute A 75 - 36-600;M;4549091;324882;630
2,02E+11;18;8;1;1900;1;1;1;1;2;121;A75 - PK 020+800 sens No;M;4561090;321582;630
2,02E+11;18;8;25;945;1;1;1;1;4;54;Autoroute A75 - PK 038.0;M;4548646;324694;630
2,02E+11;18;8;25;1720;1;1;1;1;4;242;Autoroute A75 - PK 048.0;M;4540310;327376;630
2,02E+11;18;12;21;1635;1;1;1;1;6;91;A75 - PK 045+100 - Sens;M;4542815;327271;630
2,02E+11;18;12;21;1900;3;1;1;2;2;52;A75 - PK042+000 - Sens N;M;4545485;326395;630
2,02E+11;18;10;26;1250;1;1;1;1;2;14;A20;M;4606480;136105;870
2,02E+11;18;1;1;1555;1;1;1;2;6;114;A 750  OPK 26+500;M;4363087;358990;340
2,02E+11;18;1;7;1843;3;1;1;2;6;64;A75;M;4386962;331185;340
2,02E+11;18;1;2;1930;3;1;1;2;6;142;A75;M;4375374;332905;340
2,02E+11;18;1;20;2035;3;1;1;1;7;123;RN109;M;4363263;376023;340
2,02E+11;18;2;4;1210;1;1;1;1;6;114;Autoroute A750 PK 24+050;M;4363033;359078;340
2,02E+11;18;2;21;1630;1;1;1;1;6;254;autoroute A750 - PK35+84;M;4365756;346613;340
2,02E+11;18;2;15;220;3;1;1;2;5;163;A750  PK 13+100  sens Mo;M;4363293;372802;340
2,02E+11;18;3;24;335;3;1;1;1;2;163;A750 PK13;M;4363037;371631;340
2,02E+11;18;4;9;1805;1;1;1;1;2;123;RN109;M;4361684;379661;340
2,02E+11;18;4;29;1430;1;1;1;3;3;282;Autoroute A750;M;4363287;373110;340
2,02E+11;18;7;11;940;1;1;1;1;6;180;Autoroute A75;M;4359987;346210;340
2,02E+11;18;7;20;2045;2;1;1;2;6;114;PK 30.500 A750;M;4363886;357881;340
2,02E+11;18;8;5;2145;3;1;9;1;6;36;A75 PK 285+100 (Bretelle;M;4367809;340779;340
2,02E+11;18;8;6;1430;1;1;1;1;6;199;AUTOROUTE A75 PK 314+060;M;4345677;343166;340
2,02E+11;18;8;13;2030;3;1;1;1;5;325;A75 PK 320+835;M;4341264;337587;340
2,02E+11;18;8;17;1530;1;1;1;6;7;239;A750 PK 035.400;M;4365909;348539;340
2,02E+11;18;8;31;1000;1;1;1;1;6;76;A75;M;4365709;344576;340
2,02E+11;18;9;6;830;1;1;1;1;6;253;autoroute A75 - PK 260 +;M;4383846;331024;340
2,02E+11;18;9;9;30;3;1;1;1;6;282;A750  PK 17+500  vers Mi;M;4362697;366614;340
2,02E+11;18;10;5;1140;1;1;1;1;6;163;a750 pk 13+800;M;4363037;371631;340
2,02E+11;18;11;6;830;1;1;1;8;7;114;A750 PK 30 + 000;M;4365091;354010;340
2,02E+11;18;11;8;955;1;1;1;1;6;142;A75;M;4370829;332762;340
2,02E+11;18;11;9;1450;1;1;1;2;6;114;A750 PK 30+570 sens 1;M;4363872;357889;340
2,02E+11;18;11;25;400;3;1;1;1;6;163;A750;M;4363037;371631;340
2,02E+11;18;11;19;2030;3;1;1;3;2;35;A750;M;4362491;364111;340
2,02E+11;18;11;26;2010;3;1;1;1;5;123;RN 109 PR 08.800;M;4362887;378091;340
2,02E+11;18;11;29;1745;3;1;1;1;5;35;Autoroute A/750  PK 21+8;M;4362529;364456;340
2,02E+11;18;11;29;1815;3;1;1;1;6;36;A/75  PK 279+800  sens M;M;4369400;334321;340
2,02E+11;18;12;16;730;3;1;1;2;6;35;A750  PK 21+592  sens MO;M;4362385;363225;340
2,02E+11;18;3;16;1454;1;1;1;4;2;183;Autoroute A75 point kilo;M;4465785;325587;480
2,02E+11;18;7;3;1155;1;1;1;1;2;9;A75 CHAZE DE PEYRE;M;4472350;328174;480
2,02E+11;18;7;18;625;1;1;1;1;7;5;A75 PK153+779;M;4457523;324857;480
2,02E+11;18;8;5;1045;1;1;1;1;6;9;A75 aire de l'Aubrac;M;4474566;328748;480
2,02E+11;18;1;16;900;1;1;1;4;6;395;A34;M;4970370;469705;80
2,02E+11;18;5;14;2230;3;1;1;2;2;503;A34;M;4967681;465858;80
2,02E+11;18;8;7;6;3;1;1;1;5;402;Autoroute A34;M;4959331;449830;80
2,02E+11;18;5;5;1445;1;1;1;1;7;418;rue de Leutenheim;M;4882550;800156;670
2,02E+11;18;5;26;200;3;1;1;1;1;407;RD 29;M;4874957;790372;670
2,02E+11;18;6;28;1500;1;1;6;1;7;472;Giratoire D 37 / D 1063;M;4882188;795906;670
2,02E+11;18;6;30;1345;1;2;2;1;3;418;7 rue de Soufflenheim;M;4882188;800637;670
2,02E+11;18;9;18;1220;1;2;3;1;1;106;105 rue du Gйnйral de G;M;4876089;795166;670
2,02E+11;18;9;26;1520;1;2;1;1;6;106;RUE DU GЙNЙRAL DE GAULLE;M;4876172;795139;670
2,02E+11;18;10;9;1345;1;1;1;1;2;472;RD37;M;4883240;796295;670
2,02E+11;18;11;7;645;2;2;2;1;1;405;17 rue principale;M;4882744;803571;670
2,02E+11;18;11;27;1000;1;2;2;1;7;106;rue beethoven;M;4876171;795125;670
2,02E+11;18;12;2;1730;5;2;1;2;6;472;GRAND RUE;M;4882984;796438;670
2,02E+11;18;12;12;1600;1;2;1;1;6;106;1 rue du collиge;M;4876023;795446;670
2,02E+11;18;3;15;1405;1;1;1;3;3;23;Calan;M;4741178;-191388;440
2,02E+11;18;4;24;2040;2;1;1;1;7;138;N137 - PR 58+110;M;4751490;-163991;440
2,02E+11;18;5;11;1930;1;1;9;1;6;113;Bretelle RN.137 sortie R;M;4757787;-162936;440
2,02E+11;18;5;27;230;3;1;1;1;7;209;rn 137;M;4733156;-165251;440
2,02E+11;18;10;22;225;3;1;1;1;7;149;RN 137 PR053.000;M;4749200;-158157;440
2,02E+11;18;10;22;943;1;1;1;1;1;15;Lieu dit LA RABATELAIS;M;4746135;-181294;440
2,02E+11;18;4;22;1020;1;1;1;1;7;89;La grande noл;M;4734333;-184193;440
2,02E+11;18;5;14;1510;1;1;1;1;7;129;RN 165 PK 50+500;M;4744286;-208025;440
2,02E+11;18;5;27;325;3;1;1;1;2;195;RN 171  P.R 67+292;M;4736932;-193596;440
2,02E+11;18;6;7;2130;2;1;1;1;4;194;N 165  PR 11+900  sens N;M;4726047;-169896;440
2,02E+11;18;6;8;1845;1;1;1;8;5;152;RN 165 - PR 47+600;M;4743694;-207294;440
2,02E+11;18;6;17;1415;1;1;1;1;2;33;N171  PR 68+200  sens NA;M;4736281;-195794;440
2,02E+11;18;6;20;1220;1;1;1;1;2;89;RN 165  PR 25+800;M;4734489;-185802;440
2,02E+11;18;7;8;2020;1;1;1;1;4;89;RN 165 PR 29+200;M;4734898;-187225;440
2,02E+11;18;7;23;1110;1;1;1;1;1;52;RD 773- Lieu dit Hйlй;M;4737630;-209694;440
2,02E+11;18;8;2;1530;1;1;1;1;6;89;RN 165  Point Routier 02;M;4734132;-187094;440
2,02E+11;18;8;30;1910;1;1;1;1;1;196;RD 773;M;4754562;-205966;440
2,02E+11;18;9;14;1520;1;1;1;1;3;217;N165 PK 16+100;M;4730358;-175900;440
2,02E+11;18;10;12;1850;1;2;2;1;1;137;rue de la croix blanche;M;4736354;-201120;440
2,02E+11;18;10;15;445;3;1;1;1;6;52;RN 171  PR 76+615  sens;M;4734845;-207161;440
2,02E+11;18;10;19;1745;1;1;1;1;6;189;N 165  PR 53+240  sens V;M;4745389;-213823;440
2,02E+11;18;11;24;250;3;1;1;2;6;89;Route nationale 165;M;4734755;-186779;440
2,02E+11;18;11;24;1020;1;1;1;9;2;52;RN 171;M;4734118;-209998;440
2,02E+11;18;11;30;1205;1;1;9;1;4;217;N 165  PR 18+100 ;M;4730045;-175407;440
2,02E+11;18;11;30;2006;3;1;1;1;2;210;RN 171;M;4732124;-218953;440
2,02E+11;18;3;24;1950;3;1;1;1;1;144;La Maison neuve;M;4686431;-112770;850
2,02E+11;18;4;6;1530;1;2;1;1;2;215;Rue des Mauges;M;4685546;-117538;850
2,02E+11;18;4;17;1830;1;1;2;1;3;153;Le Deffend;M;4677236;-102739;850
2,02E+11;18;6;25;835;1;1;1;1;1;153;Gravereau;M;4675257;-109602;850
2,02E+11;18;6;25;745;1;1;3;1;3;259;ZA du Charfait;M;4681288;-98595;850
2,02E+11;18;7;3;755;1;1;1;1;1;65;;M;4690480;-123638;850
2,02E+11;18;7;22;1930;1;1;2;7;3;65;Carrefour D137 - D6;M;4690127;-123093;850
2,02E+11;18;8;4;53;3;1;1;1;1;153;;M;4679500;-110354;850
2,02E+11;18;8;10;2015;1;1;1;1;5;109;;M;4684611;-102156;850
2,02E+11;18;8;19;2330;3;1;1;1;6;65;LA PROMENADE;M;4691451;-124206;850
2,02E+11;18;9;5;445;3;1;1;1;6;65;;M;4690480;-123638;850
2,02E+11;18;9;21;845;1;2;3;8;3;109;Rue de Clisson;M;4687389;-101936;850
2,02E+11;18;9;30;1045;1;2;1;1;6;82;RUE DES EGLISES;M;4688358;-89911;850
2,02E+11;18;11;11;1200;1;1;1;2;7;64;Villeneuve;M;4683073;-121084;850
2,02E+11;18;11;20;1840;5;2;1;1;6;109;Avenue des Sables;M;4686734;-102543;850
2,02E+11;18;11;22;2035;5;2;1;1;6;82;14 rue Pierre de Coubert;M;4688120;-90558;850
2,02E+11;18;2;8;2220;3;1;1;1;2;475;A84;M;4911500;-58693;140
2,02E+11;18;3;24;1705;1;1;1;1;6;188;A84  PR237.300;M;4905040;-72129;140
2,02E+11;18;7;17;1610;1;1;1;1;4;449;Autoroute A 84 PK 248.00;M;4910749;-60257;140
2,02E+11;18;9;2;1820;1;1;3;1;2;752;йchangeur 43 A84 interse;M;4906729;-65872;140
2,02E+11;18;12;10;1255;1;1;1;1;2;738;A84;M;4916132;-45432;140
2,02E+11;18;12;15;810;2;1;1;9;6;752;A84 - PR244.670;M;4907823;-64120;140
2,02E+11;18;2;10;620;3;1;1;1;6;112;A84  PR 180+700;M;4876379;-127796;500
2,02E+11;18;4;23;1030;1;1;1;1;3;185;A84  sens CAEN-RENNES  P;M;4884946;-124020;500
2,02E+11;18;4;26;1145;1;1;1;1;6;543;;M;4864015;-134159;500
2,02E+11;18;5;6;1500;1;1;1;1;6;25;PR 042+400  RN 175;M;4868962;-136859;500
2,02E+11;18;6;28;1620;1;1;1;1;6;639;;M;;;500
2,02E+11;18;8;29;842;1;1;2;1;3;554;RUE JEANNE PAISNEL;M;4868165;-132463;500