Num_Acc;an;mois;jour;hrmn;lum;agg;int;atm;col;com;adr;gps;lat;long;dep
2,02E+11;18;9;4;1030;1;1;1;1;6;448;aire du mont st michel;M;4858426;-132843;500
2,02E+11;18;12;21;2350;3;1;1;1;2;407;autoroute A84;M;4862777;-133991;500
2,02E+11;18;1;19;920;1;1;1;1;6;615;RN 13 PR 40+1000 Sens CH;M;4951350;-147560;500
2,02E+11;18;2;8;1110;1;1;1;1;6;458;N13;M;4933734;-126565;500
2,02E+11;18;2;8;1713;1;1;4;1;2;498;N13;M;4953055;-152160;500
2,02E+11;18;2;15;930;1;1;1;1;2;631;Route Nationale 13;M;4930400;-115518;500
2,02E+11;18;3;29;2145;3;1;9;2;3;498;;M;4953014;-152549;500
2,02E+11;18;4;28;1325;1;1;1;2;3;615;RN 13 PK 39+800 SENS CHE;M;4951462;-149560;500
2,02E+11;18;5;9;1905;1;1;1;1;2;99;n13;M;4934702;-127534;500
2,02E+11;18;5;17;1022;1;2;4;1;6;498;D974- LE BOURG;M;4953454;-153081;500
2,02E+11;18;6;9;150;3;1;1;1;7;59;RN 13 Pk 16+500 sens Che;M;4937097;-129086;500
2,02E+11;18;7;17;730;1;1;1;1;6;341;RN 13 Pk 31.5 Sens Cherb;M;4948459;-139431;500
2,02E+11;18;9;3;825;1;1;1;1;6;172;RN 13  PR28+700;M;4946368;-135881;500
2,02E+11;18;9;18;2225;3;1;9;1;1;373;;M;4942401;-132925;500
2,02E+11;18;10;10;1640;1;1;9;1;6;373;;M;4942606;-133096;500
2,02E+11;18;11;2;1445;1;1;9;1;2;461;Route Nationale 13 PR 33;M;4949301;-141030;500
2,02E+11;18;11;3;1800;3;1;1;1;6;59;SENS CHERBOURG CAEN;M;4937204;-128518;500
2,02E+11;18;12;1;230;3;1;1;8;6;498;RN.13;M;4952499;-150895;500
2,02E+11;18;2;23;1710;1;2;2;8;3;279;CD 926;M;4724393;208425;180
2,02E+11;18;3;18;105;5;2;1;1;6;279;13  LABOURBE (AVANT RTE;M;4723168;206007;180
2,02E+11;18;3;27;1740;1;2;3;2;3;279;138  VAILLANT (AVENUE ED;M;4724013;206082;180
2,02E+11;18;4;27;1400;1;2;3;1;3;279;HUIT MAI 1945 (RUE DU (J;M;4722732;207591;180
2,02E+11;18;4;29;1335;1;2;4;2;1;279;MITTERRAND ( RUE FRANCOI;M;4722220;206172;180
2,02E+11;18;5;22;2250;5;2;1;1;2;279;PYAT (RUE .F) (AVANT CAR;M;4722773;208467;180
2,02E+11;18;6;7;1340;1;2;2;1;3;279;MOUTON (RUE DU );M;4723031;208706;180
2,02E+11;18;6;14;1330;1;2;1;1;7;279;VAILLANT (AVENUE EDOUARD;M;4723188;206124;180
2,02E+11;18;6;27;1205;1;2;3;1;4;279;JUILLET (AVENUE DU 14);M;4721463;206449;180
2,02E+11;18;8;3;2035;2;2;6;1;2;279;BONEGUE (ROUTE DE) APRES;M;4724533;207615;180
2,02E+11;18;8;4;2024;1;2;1;1;6;279;VOLTAIRE ( RUE );M;4722156;206774;180
2,02E+11;18;8;21;930;1;2;1;1;6;279;DE LATTRE DE TASSIGNY (A;M;;;180
2,02E+11;18;8;15;2015;1;2;1;7;3;279;BELLON (ROUTE DE) JUSQU';M;4721446;206949;180
2,02E+11;18;8;28;1710;1;1;1;1;7;279;FORET DE VIERZON ROUTE D;M;;;180
2,02E+11;18;9;12;1935;1;2;4;1;3;279;POTTIER ( RUE EUGENE );M;4721876;209920;180
2,02E+11;18;10;9;1620;1;2;6;1;3;279;MITTERRAND ( RUE FRANCOI;M;4722000;206000;180
2,02E+11;18;11;9;1145;1;2;3;1;1;279;RATEAU (ROUTE DU PETIT);M;4723427;204644;180
2,02E+11;18;11;18;1429;1;2;6;1;6;279;RN 76 (ROUTE DE BOURGES);M;4721429;211689;180
2,02E+11;18;11;28;1900;2;2;1;1;1;279;VIEUX DOMAINE (ROUTE DU);M;4721039;209626;180
2,02E+11;18;12;13;815;2;2;2;1;3;279;LIBERTE (BOULEVARD DE LA;M;4722733;206416;180
2,02E+11;18;12;19;1810;5;2;1;1;6;279;RIPARIA ( RUE );M;4721477;206040;180
2,02E+11;18;1;26;1800;3;1;1;1;1;113;lieu dit l'avenir;M;4758719;-160234;440
2,02E+11;18;3;17;840;1;1;1;2;7;214;lieu-dit la riviиre;M;4751306;-173534;440
2,02E+11;18;4;6;1435;1;1;1;1;6;138;LE BOUILLON JAUNE;M;4751658;-163732;440
2,02E+11;18;4;25;2140;3;1;1;1;6;214;BOURRUEN;M;4754624;-169012;440
2,02E+11;18;8;6;1800;1;1;4;1;2;138;le moulin а vent Rd 121;M;4752810;-158884;440
2,02E+11;18;9;27;300;5;2;1;1;1;1;14 rue des йcoles;M;4754984;-153205;440
2,02E+11;18;10;12;1220;1;1;1;1;1;214;D2 Km39;M;4755440;-170750;440
2,02E+11;18;10;25;20;3;2;1;5;1;113;La Chenuhйtiиre;M;4757518;-161385;440
2,02E+11;18;12;8;830;2;2;3;2;3;113;boulevard de la prй Robe;M;4756557;-163055;440
2,02E+11;18;1;8;1820;3;2;1;1;3;58;23 route de l'Epau;M;4799046;24060;720
2,02E+11;18;2;9;1925;3;1;1;1;3;58;lieu dit la croix des fe;M;4797166;25419;720
2,02E+11;18;3;27;700;2;1;1;9;6;58;LE CLOS DU JARRIER;M;4796678;27495;720
2,02E+11;18;4;4;1555;1;1;1;1;5;260;la pointe;M;4795149;25669;720
2,02E+11;18;4;7;1420;1;1;9;2;1;58;Route des Aulnaies;M;4799850;31761;720
2,02E+11;18;4;10;1818;1;1;1;1;1;200;Le Champ de la Lande;M;4790779;19120;720
2,02E+11;18;4;11;1643;1;2;1;1;6;58;Les йpinettes;M;4796358;24415;720
2,02E+11;18;4;24;1945;1;1;1;1;3;200;rue du belinois;M;4789380;21881;720
2,02E+11;18;4;26;900;1;1;9;1;1;287;Route du Lude - D307;M;4786519;19911;720
2,02E+11;18;4;28;1209;1;2;1;1;3;124;3 route de Saint Biez;M;4782440;26290;720
2,02E+11;18;5;3;735;1;1;1;1;6;260;La Guitiиre;M;4794665;28780;720
2,02E+11;18;5;4;1738;1;1;1;1;1;231;le poste avancй;M;4789337;41106;720
2,02E+11;18;5;7;1504;1;2;1;1;6;58;51 Route de Bois Martin;M;4797634;27524;720
2,02E+11;18;5;15;1130;1;1;1;1;2;58;D323;M;4798517;27563;720
2,02E+11;18;5;18;855;1;1;1;1;6;200;la croix de pierre;M;4789280;20975;720
2,02E+11;18;5;20;1540;1;1;1;1;2;58;D323;M;4798517;27563;720
2,02E+11;18;5;20;2320;3;1;1;1;6;231;lieu dit la houssaie;M;4791696;37188;720
2,02E+11;18;6;15;1110;1;2;6;1;2;58;rue du grand pins;M;4798105;27650;720
2,02E+11;18;7;7;2145;1;1;1;1;7;350;lieu-dit la fuie poupйe;M;4788275;29171;720
2,02E+11;18;7;22;606;2;1;1;1;6;124;le neuvilette;M;4780418;31265;720
2,02E+11;18;7;23;1430;1;1;1;1;1;231;lieu dit la planchette;M;4794334;35963;720
2,02E+11;18;7;25;1525;1;2;1;7;5;213;72 bis avenue Franзois M;M;4790664;24457;720
2,02E+11;18;8;21;1815;1;2;1;1;6;124;19 rue de tours;M;4782687;28197;720
2,02E+11;18;8;24;1020;1;1;1;1;2;287;rd 307;M;4787966;19131;720
2,02E+11;18;9;7;1155;1;1;1;1;3;47;maugerie;M;4790296;30967;720
2,02E+11;18;9;27;2100;3;1;1;1;3;124;lieu dit le bordage;M;4785175;25535;720
2,02E+11;18;9;29;100;3;1;1;1;6;187;D140;M;4783489;34843;720
2,02E+11;18;11;8;1330;1;2;1;1;1;299;rue fierbois;M;4787140;32677;720
2,02E+11;18;11;29;2000;5;2;1;2;1;8;Route du Chene;M;4794432;19236;720
2,02E+11;18;11;29;1145;1;1;1;1;6;299;Bois de Vaugottier;M;4789451;34568;720
2,02E+11;18;12;4;930;1;1;1;1;5;231;CD 304;M;4795022;32990;720
2,02E+11;18;12;6;1600;1;1;1;1;1;124;lieu dit le pissot RD 32;M;4784885;29281;720
2,02E+11;18;12;6;1840;5;2;6;2;2;213;route des hunaudiиres;M;4791332;24368;720
2,02E+11;18;12;15;815;1;2;1;2;3;124;ROUTE DES GUЙRINIИRES;M;4780943;28334;720
2,02E+11;18;12;27;1627;2;1;1;5;6;231;La croix aux Guettes;M;4794902;35561;720
2,02E+11;18;12;28;1930;3;1;1;1;6;47;la brebionniиre;M;4792599;32388;720
2,02E+11;18;12;29;1054;1;2;1;1;6;8;41 Avenue Nationale;M;4793196;18695;720
2,02E+11;18;3;30;1330;1;1;1;1;7;332;C2;M;4327162;13336;650
2,02E+11;18;4;18;1430;1;1;2;1;3;375;intersection D5 - D6;M;4337288;15382;650
2,02E+11;18;6;27;1540;1;1;1;1;6;409;route dйpartementale 934;M;4338553;10024;650
2,02E+11;18;7;3;1000;1;1;2;1;3;375;INTERSECTION D5-D206;M;4337287;15384;650
2,02E+11;18;7;4;1215;1;1;2;1;3;369;D 5 - D 632;M;4327445;17433;650
2,02E+11;18;9;22;1530;1;2;1;1;7;324;rue du moulin;M;4322915;23281;650
2,02E+11;18;12;14;1810;3;1;1;1;1;161;RN21 - PK7 +30m;M;4334707;13541;650
2,02E+11;18;3;29;1810;1;2;6;1;3;19;rond point de la baou;M;4313883;635121;830
2,02E+11;18;4;26;1545;1;2;6;1;3;19;rond point de la baou;M;4313883;635121;830
2,02E+11;18;6;3;510;2;2;1;1;3;70;9 bd des hautes collines;M;4314177;637271;830
2,02E+11;18;6;9;1350;1;2;1;1;6;70;503 avenue du gйnйral bo;M;4313229;636494;830
2,02E+11;18;7;7;2240;5;2;1;1;6;19;1565 rte des lavandiиres;M;4314343;635185;830
2,02E+11;18;7;21;1420;1;2;1;1;7;19;1319 boulevard du soleil;M;4314876;634359;830
2,02E+11;18;7;26;845;1;2;1;1;6;70;36 boulevard du levant;M;4314479;638319;830
2,02E+11;18;7;28;1220;1;2;1;1;6;19;bld du front de mer;M;4312424;636088;830
2,02E+11;18;7;24;1600;1;1;1;1;7;19;RD 98;M;4314621;631717;830
2,02E+11;18;8;7;1615;1;1;1;1;5;19;4000 avenue lou mistraou;M;4314961;631732;830
2,02E+11;18;8;2;1150;1;1;1;1;5;19;RD 98;M;4314751;631988;830
2,02E+11;18;8;12;1630;1;2;1;1;6;70;avenue andrй gide;M;4313808;637720;830
2,02E+11;18;8;16;2216;5;1;1;1;5;70;avenue du professeur Pau;M;4314964;641616;830
2,02E+11;18;8;19;1710;1;2;6;1;3;19;avenue Lou Mistraou;M;4313907;635099;830
2,02E+11;18;8;20;1300;1;1;1;1;1;19;RD98 foret du DOM;M;4318106;634567;830
2,02E+11;18;8;25;1850;1;1;1;1;3;19;RD 98 Route de la Foret;M;4314621;631717;830
2,02E+11;18;9;12;1255;1;1;1;1;6;19;937 route du dom;M;4317840;633595;830
2,02E+11;18;10;6;1010;1;1;1;1;3;70;avenue de la 1 ere DFL;M;4314485;638484;830
2,02E+11;18;10;26;1925;5;2;1;1;7;19;boulevard du soleil;M;4314880;634369;830
2,02E+11;18;12;9;1130;1;1;1;1;7;19;RD 98  foret du Dom;M;4316014;632020;830
2,02E+11;18;7;26;1755;1;1;1;1;6;479;dйpartementale 136;M;4919750;284550;600
2,02E+11;18;9;24;1515;1;1;3;1;3;203;D 1324;M;4923526;285248;600
2,02E+11;18;10;17;520;3;1;1;1;1;176;D1324;M;4923387;293412;600
2,02E+11;18;11;26;1830;5;2;1;2;6;430;ROUTE DE PIERREFONDS;M;4929968;292089;600
2,02E+11;18;12;21;740;5;2;1;2;6;380;Rue de Meaux;M;4913235;307607;600
2,02E+11;18;9;8;1333;1;2;1;1;1;377;R DU MARAIS;M;5014580;232088;800
2,02E+11;18;1;7;235;4;2;3;1;7;31;50  COURTELINE (RUE);M;4515518;155396;190
2,02E+11;18;1;9;930;1;2;6;1;2;31;0  MAILLARD (AVENUE);M;4516612;154147;190
2,02E+11;18;1;13;1715;1;2;3;1;3;31;4  RIVET (AVENUE JEAN CH;M;4515164;150203;190
2,02E+11;18;1;17;1230;1;2;1;1;2;31;02  PASCAL (RUE);M;4515955;153393;190
2,02E+11;18;1;17;1835;2;2;1;1;6;31;0  TEINCHURIER (AVENUE D;M;4514944;148203;190
2,02E+11;18;1;17;1935;3;1;1;1;6;31;0  LISSAC (ROUTE DE);M;4513516;147676;190
2,02E+11;18;1;25;1200;1;2;2;1;6;31;0  ROOSEVELT (AVENUE DU;M;4515744;152380;190
2,02E+11;18;1;30;1750;2;2;3;1;3;31;0  MAILLARD (AVENUE);M;4516544;153697;190
2,02E+11;18;2;8;1620;1;2;1;1;6;31;12  LACHAUD (RUE LEOPOLD;M;4515241;153385;190
2,02E+11;18;2;19;1650;1;2;2;1;3;31;172  RIBOT  (AVENUE);M;4516494;150243;190
2,02E+11;18;3;2;1400;1;2;1;1;2;31;61  ALSACE LORRAINE (AVE;M;4515367;153890;190
2,02E+11;18;3;2;1920;3;2;2;1;3;31;0  VOLTAIRE (BOULEVARD);M;4516148;154087;190
2,02E+11;18;3;8;315;5;2;1;1;6;31;78  ILE DU ROI (RUE DE L;M;4516172;151496;190
2,02E+11;18;3;10;1430;1;2;3;1;3;31;1  TEINCHURIER (IMPASSE;M;4514990;148156;190
2,02E+11;18;3;10;1510;1;2;1;2;6;31;7  LACHAUD (BOULEVARD ED;M;4515681;153082;190
2,02E+11;18;3;14;230;5;2;6;1;6;31;00  MALRAUX (AVENUE ANDR;M;4516192;148661;190
2,02E+11;18;3;16;1600;1;2;3;1;3;31;"0  ""MOULIN (BOULEVARD JE";M;4516131;150312;190
2,02E+11;18;3;28;1045;1;2;6;2;3;31;00  VEZERE (ROND POINT D;M;4515955;153393;190
2,02E+11;18;3;31;1745;1;2;1;2;6;31;159  POMPIDOU (AVENUE GE;M;4515815;155673;190
2,02E+11;18;4;1;2015;2;2;4;1;2;31;PARIS (AVENUE DE);M;4516244;153254;190
2,02E+11;18;4;8;2145;5;2;3;2;3;31;FOCH (AVENUE MARECHAL);M;4516317;153753;190
2,02E+11;18;4;9;950;1;2;1;1;2;31;SEMARD (AVENUE PIERRE) J;M;4515565;151713;190
2,02E+11;18;4;12;1430;1;2;1;1;2;31;ROCHE (RUE MARCELIN);M;4516473;152904;190
2,02E+11;18;4;12;1830;1;2;1;1;2;31;RIVET (AVENUE JEAN CHARL;M;4514622;148179;190
2,02E+11;18;4;19;1920;1;2;1;1;3;31;KOENIG (BOULEVARD GENERA;M;4515941;153090;190
2,02E+11;18;4;22;620;5;2;1;1;6;31;DE JOUVENEL (BOULEVARD H;M;4516007;152324;190
2,02E+11;18;4;21;1205;1;2;6;1;3;31;CHAUMEIL (RUE PIERRE);M;4515649;150419;190
2,02E+11;18;4;23;1040;1;2;6;1;6;31;ALVITRE (AVENUE ABBE);M;4515235;150527;190
2,02E+11;18;4;23;1730;1;2;1;1;3;31;BRUNE (BOULEVARD);M;4515335;153639;190
2,02E+11;18;4;24;1835;1;2;3;1;2;31;POMPIDOU (AVENUE GEORGES;M;4515799;155543;190
2,02E+11;18;4;25;1230;1;2;3;1;3;31;NEWTON (RUE);M;4515990;152518;190
2,02E+11;18;5;1;945;1;2;3;1;2;31;GUYNEMER (AVENUE);M;4515304;151907;190
2,02E+11;18;5;4;1305;1;2;1;1;2;31;TEINCHURIER (AVENUE DU);M;4514940;148206;190
2,02E+11;18;5;5;2110;2;2;2;1;3;31;EMERY (AVENUE ANDRE);M;4516057;150327;190
2,02E+11;18;5;8;1710;1;2;2;1;3;31;CHASSAING (RUE VINCENT);M;4516073;154367;190
2,02E+11;18;5;12;1220;1;2;1;1;3;31;KOENIG (BOULEVARD GENERA;M;4515768;152996;190
2,02E+11;18;5;14;1800;1;2;1;2;5;31;ALVITRE (AVENUE ABBE);M;4515221;150426;190
2,02E+11;18;5;17;1710;1;2;1;1;6;31;RIVET (AVENUE JEAN CHARL;M;4514712;148526;190
2,02E+11;18;5;18;1100;1;2;3;1;3;31;POMPIDOU (AVENUE GEORGES;M;4515799;155451;190
2,02E+11;18;5;19;850;1;2;1;1;3;31;HUIT MAI 1945 (AVENUE DU;M;4516303;154815;190
2,02E+11;18;5;20;1120;1;2;2;1;3;31;DE JOUVENEL (BOULEVARD H;M;4515742;152376;190
2,02E+11;18;5;29;1745;1;2;3;1;3;31;"""MOULIN (BOULEVARD JEAN)";M;4516130;150312;190
2,02E+11;18;6;6;1625;1;2;1;1;6;31;ALVITRE (AVENUE ABBE);M;4515280;150649;190
2,02E+11;18;6;8;1625;1;2;3;1;3;31;POMPIDOU (AVENUE GEORGES;M;4515790;155184;190
2,02E+11;18;6;15;1515;1;2;1;1;4;31;ALVITRE (AVENUE ABBE);M;4515275;150623;190
2,02E+11;18;6;19;1215;1;2;3;1;3;31;RIVET (AVENUE JEAN CHARL;M;4514984;149531;190
2,02E+11;18;6;20;1425;1;2;2;1;6;31;HUIT MAI 1945 (AVENUE DU;M;4516338;155057;190
2,02E+11;18;6;24;315;3;2;1;1;7;31;LISSAC (ROUTE DE);M;4513674;148090;190
2,02E+11;18;6;26;1710;1;2;1;1;2;31;FERRY (BOULEVARD JULES);M;4515710;153555;190
2,02E+11;18;6;29;2230;5;2;1;1;7;31;DELON (RUE ANDRE);M;4516251;152322;190
2,02E+11;18;6;30;935;1;2;1;1;1;31;MARBEAU (BOULEVARD DU DO;M;4515471;152867;190
2,02E+11;18;7;3;1930;1;2;3;1;3;31;DEVAUD (RUE ANDRE);M;4515670;151141;190
2,02E+11;18;7;8;2150;2;2;2;1;3;31;DE JOUVENEL (BOULEVARD H;M;4516065;152313;190
2,02E+11;18;7;22;45;5;2;3;1;3;31;TURGOT (AVENUE);M;4516550;152128;190
2,02E+11;18;7;23;1750;1;2;3;1;3;31;LECAT (RUE);M;4513941;147361;190
2,02E+11;18;7;31;1140;1;2;1;1;6;31;TEYSSIER (RUE CHARLES);M;4516039;153356;190
2,02E+11;18;8;3;855;1;2;3;1;3;31;SEMARD (AVENUE PIERRE) J;M;4515715;152268;190
2,02E+11;18;8;3;1230;1;2;9;1;3;31;TEINCHURIER (AVENUE DU);M;4514735;148252;190
2,02E+11;18;8;8;1520;1;2;2;1;3;31;DE JOUVENEL (BOULEVARD H;M;4515742;152379;190
2,02E+11;18;9;15;1255;1;2;1;1;1;31;TONDERIES (CHEMIN DES);M;4518191;154235;190
2,02E+11;18;9;15;1655;1;2;1;1;2;31;MICHELET (BOULEVARD);M;4516495;154108;190
2,02E+11;18;9;16;910;1;2;1;1;6;31;PEGUY (RUE CHARLES);M;4516992;152360;190
2,02E+11;18;9;17;1810;1;2;1;1;5;31;POMPIDOU (AVENUE GEORGES;M;4515796;155356;190
2,02E+11;18;9;20;1235;1;2;2;1;2;31;COURTELINE (RUE);M;4515488;155329;190
2,02E+11;18;9;20;1900;1;2;3;1;3;31;POMPIDOU (AVENUE GEORGES;M;4515794;155468;190
2,02E+11;18;9;21;640;2;2;6;1;3;31;CARIVEN (CARREFOUR);M;4516501;153180;190
2,02E+11;18;9;27;1310;1;2;3;1;3;31;DE JOUVENEL (BOULEVARD H;M;4516137;152301;190
2,02E+11;18;10;2;1530;1;2;1;1;6;31;LAGRANGE (AVENUE LEO);M;4516000;154623;190
2,02E+11;18;10;2;1820;1;2;3;1;3;31;MAILLARD (AVENUE);M;4516532;153527;190
2,02E+11;18;10;5;1725;1;2;1;1;4;31;RIVET (AVENUE JEAN CHARL;M;4514554;147915;190
2,02E+11;18;10;5;2005;2;2;1;1;6;31;LAGRANGE (AVENUE LEO);M;4515979;154511;190
2,02E+11;18;10;6;1740;1;2;1;1;6;31;MARSALES (RUE JEAN);M;4515282;150503;190
2,02E+11;18;10;14;1810;1;2;1;1;2;31;KENNEDY (AVENUE JOHN);M;4516773;155231;190
2,02E+11;18;10;18;1205;1;2;2;1;3;31;SEMARD (AVENUE PIERRE) A;M;4515434;151221;190
2,02E+11;18;10;19;1600;1;2;3;1;4;31;COMTE (RUE ERNEST);M;4515602;147831;190
2,02E+11;18;10;30;1625;1;2;1;1;3;31;DE JOUVENEL (BOULEVARD H;M;4516114;152306;190
2,02E+11;18;11;14;955;1;2;1;1;6;31;BRIGOULEIX (RUE MARTIAL);M;4516806;151669;190
2,02E+11;18;11;17;1420;1;2;2;1;3;31;BRUNE (RUE DU MARECHAL);M;4516196;153108;190
2,02E+11;18;11;19;1905;5;2;1;1;4;31;BRUNE (BOULEVARD);M;4515325;153378;190
2,02E+11;18;11;20;1825;2;2;1;1;2;31;RIVET (AVENUE JEAN CHARL;M;4514794;148811;190
2,02E+11;18;11;21;745;2;2;3;1;6;31;GALLIENI (AVENUE);M;4516167;151828;190
2,02E+11;18;11;22;1610;1;2;1;1;1;31;CHAUMEIL (RUE PIERRE);M;4515695;150566;190
2,02E+11;18;11;25;1820;1;2;1;1;6;31;PARIS (AVENUE DE);M;4516352;153231;190
2,02E+11;18;12;3;1340;1;2;3;3;6;31;DE JOUVENEL (BOULEVARD H;M;4515879;152352;190
2,02E+11;18;12;3;1900;5;2;2;2;2;31;BRUNE (BOULEVARD);M;4515321;153435;190
2,02E+11;18;12;7;1410;1;2;3;1;3;31;ADER (RUE CLEMENT);M;4515951;153926;190
2,02E+11;18;12;13;2025;5;2;6;1;1;31;DELESSERT (RUE BENJAMIN);M;4516244;153792;190
2,02E+11;18;12;20;1405;1;2;3;2;3;31;"""MOULIN (BOULEVARD JEAN)";M;4516131;150314;190
2,02E+11;18;12;21;850;1;2;2;3;1;31;DUBOIS (BOULEVARD CARDIN;M;4516306;154056;190
2,02E+11;18;2;18;1030;1;1;1;7;3;641;Mille Brugghe Straete;M;5097616;250985;590
2,02E+11;18;4;18;1445;1;1;9;1;2;668;Route de furnes;M;5105660;248726;590
2,02E+11;18;7;26;2020;1;1;2;1;1;260;rue Saint Antoine;M;5101987;256802;590
2,02E+11;18;8;25;1850;1;2;1;1;7;668;rue de la rйsistance;M;;;590
2,02E+11;18;9;17;1024;1;1;1;1;7;260;947;M;5100344;255177;590
2,02E+11;18;10;10;739;2;1;2;1;3;668;D601;M;5105904;249475;590
2,02E+11;18;10;10;1207;1;2;2;1;3;107;Rue Pierre Decock;M;5106711;251774;590
2,02E+11;18;1;22;1615;1;2;1;2;7;272;0  Dr Valette (Rue);M;4525383;176003;190
2,02E+11;18;1;30;1250;1;1;1;8;6;272;RD89;M;4528872;180365;190
2,02E+11;18;3;5;1400;1;2;1;1;2;272;30  Rigny (Quai);M;4526415;176290;190
2,02E+11;18;4;21;155;5;2;1;1;6;272;4 septembre(Rue du);M;4525731;175292;190
2,02E+11;18;4;23;740;1;2;1;1;6;272;Winston Churchill (Av);M;4525881;175735;190
2,02E+11;18;6;17;642;2;1;1;1;7;272;RD89;M;4528341;179108;190
2,02E+11;18;8;29;1750;1;1;1;1;7;272;Ventadour (Av);M;4527364;178668;190
2,02E+11;18;9;18;2045;5;2;1;1;6;272;Aristide Briand (Quai);M;4527033;177573;190
2,02E+11;18;9;29;1435;1;2;1;1;1;272;Bastille (Av);M;4527011;177411;190
2,02E+11;18;11;16;1500;1;2;4;1;1;272;Colonel Monteil (Av);M;4526336;177026;190
2,02E+11;18;12;21;1740;5;2;1;2;6;272;Dr Valette (Rue);M;4525793;175290;190
2,02E+11;18;11;7;1215;1;1;1;2;6;272;"Lieu dit ""MATERRE""";M;4526137;178908;190
2,02E+11;18;2;1;1039;1;2;3;3;6;275;GAMBETTA (AVENUE);M;4554507;230885;190
2,02E+11;18;1;31;642;1;2;1;2;1;275;08  TURGOT (AVENUE) Nш P;M;4554508;230359;190
2,02E+11;18;3;7;1600;1;1;1;3;2;275;PONT TABOURG (LE);M;4551986;230536;190
2,02E+11;18;3;8;1715;1;2;1;8;6;275;8  GAULLE (RUE DU GENERA;M;4554861;230822;190
2,02E+11;18;4;5;740;1;2;3;2;6;275;TURGOT (AVENUE) Nш PAIRS;M;4554277;230148;190
2,02E+11;18;4;18;940;1;2;1;1;7;275;CARNOT (AVENUE) Nш PAIRS;M;4555400;231526;190
2,02E+11;18;4;27;1540;1;2;1;1;6;275;TURGOT (AVENUE) Nш PAIRS;M;4554388;230252;190
2,02E+11;18;5;30;735;1;2;2;8;6;275;STADE (RUE DU);M;4554664;231644;190
2,02E+11;18;6;15;1330;1;2;1;1;7;275;SARSONNE (BOULEVARD DE L;M;4555372;231315;190
2,02E+11;18;6;16;1135;1;2;9;1;6;275;TURGOT (AVENUE) Nш PAIRS;M;4554293;230157;190
2,02E+11;18;6;23;1335;1;2;3;1;3;275;LIBERTE (RUE DE LA)L;M;4554695;230941;190
2,02E+11;18;6;28;1425;1;2;1;1;3;275;PONTY (ROUTE DE);M;4554225;229788;190
2,02E+11;18;10;16;1017;1;2;1;7;6;275;TURGOT (AVENUE) Nш PAIRS;M;4554178;230044;190
2,02E+11;18;11;16;1550;1;2;1;1;1;275;RACINE (RUE);M;4555634;232117;190
2,02E+11;18;12;12;1800;5;2;2;2;5;275;BLUM (BOULEVARD LEON);M;4555156;231514;190
2,02E+11;18;12;22;425;5;1;1;2;6;275;R.D. 982 NORD;M;4556698;229864;190
2,02E+11;18;1;4;1755;5;2;2;2;3;54;REON (RUE DE);M;4706766;490935;210
2,02E+11;18;1;20;1925;5;2;1;3;2;54;80  SAINT-NICOLAS (RUE D;M;4703074;484186;210
2,02E+11;18;1;25;800;2;2;1;1;6;54;3  LYONNAIS (AVENUE DES);M;4702249;484758;210
2,02E+11;18;3;5;1635;1;2;1;1;5;54;ROY (RUE DU CLOS DU);M;4703775;484168;210
2,02E+11;18;4;8;2110;5;2;9;1;7;54;MONTEE ROUGE (CHEMIN DE;M;4702799;481966;210
2,02E+11;18;6;9;830;1;2;3;1;3;54;PERPREUIL (RUE DU FAUBOU;M;4702009;483936;210
2,02E+11;18;6;11;1405;1;2;1;1;3;54;NAIGEONS (RUE DES);M;4702242;484348;210
2,02E+11;18;6;19;1050;1;2;1;1;6;54;POMMARD (ROUTE DE);M;4701734;482419;210
2,02E+11;18;6;26;1140;1;2;1;1;4;54;FOCH (BOULEVARD MARECHAL;M;4702543;483386;210
2,02E+11;18;7;21;1535;1;2;3;1;3;54;SEURRE (ROUTE DE);M;4701835;486366;210
2,02E+11;18;9;21;800;1;2;9;1;4;54;DIJON (ROUTE DE);M;4704037;484824;210
2,02E+11;18;10;30;1630;1;2;3;8;3;54;SEURRE (ROUTE DE);M;4701800;486300;210
2,02E+11;18;11;9;1500;1;2;1;1;6;54;SEURRE (ROUTE DE);M;4701000;484000;210
2,02E+11;18;1;5;1157;1;2;3;2;3;231;CHARLES VEQUE (RUE);M;4718588;515052;210
2,02E+11;18;1;6;1427;1;2;3;1;3;231;CHAMPOLLION (AVENUE);M;4720786;534927;210
2,02E+11;18;1;9;710;5;2;1;1;6;231;76  LONGVIC (DE) (RUE);M;4718331;525405;210
2,02E+11;18;1;10;740;5;2;3;8;3;231;.  CHARLES BRIFFAUT (RUE;M;4719282;513817;210
2,02E+11;18;1;11;755;5;2;1;1;6;231;4  DOCTEUR PETITJEAN (BO;M;4718467;544870;210
2,02E+11;18;1;12;1825;5;2;3;1;6;231;GUSTAVE EIFFEL (AVENU;M;4731322;508077;210
2,02E+11;18;1;13;1530;1;2;4;1;3;231;.  REAUMUR (RUE);M;4719593;535252;210
2,02E+11;18;1;24;750;5;2;1;1;3;231;WILSON (PLACE);M;4731543;504263;210
2,02E+11;18;1;25;1514;1;2;1;1;2;617;TROYES (DE) (BOULEVARD);M;4720265;501633;210