Num_Acc;an;mois;jour;hrmn;lum;agg;int;atm;col;com;adr;gps;lat;long;dep
2,02E+11;18;4;22;1750;1;2;1;1;6;19;DOUANE (QUAI DE LA);M;4838243;-448526;290
2,02E+11;18;4;16;1326;1;2;6;1;7;19;CORMORANS;M;4838965;-443850;290
2,02E+11;18;4;22;415;5;2;1;1;6;19;NIEPCE NICEPHORE;M;4842612;-448740;290
2,02E+11;18;4;27;910;1;2;2;8;3;19;JAURES JEAN (DE 44 A 108;M;4839339;-448115;290
2,02E+11;18;4;26;1612;1;2;6;1;3;19;ALBERT 1ER;M;4839757;-448907;290
2,02E+11;18;4;28;1218;1;2;2;1;3;19;GOUESNOU (DE 1 A 29 ET 2;M;4840639;-446780;290
2,02E+11;18;4;30;1535;1;2;1;1;6;19;GAMBETTA (DE 2 A 64 SANS;M;4838834;-448204;290
2,02E+11;18;4;7;2040;1;2;1;1;6;19;FARRERE CLAUDE;M;4841620;-449121;290
2,02E+11;18;5;3;1425;1;2;3;1;3;19;KERANFURUST;M;4841364;-447539;290
2,02E+11;18;5;12;930;1;2;6;1;3;19;RUE GUSTAVE ZEDE;M;4841839;-446312;290
2,02E+11;18;5;9;2314;5;2;2;2;3;19;MONTAIGNE (DE 98 ET 113;M;4839979;-448612;290
2,02E+11;18;5;22;825;1;2;6;1;3;19;VALY HIR (DE 21 A 57 ET;M;4838539;-452817;290
2,02E+11;18;5;22;2328;5;2;1;1;6;19;CHABRIER EMMANUEL;M;4841050;-449978;290
2,02E+11;18;5;24;550;5;2;1;1;6;19;FRANCE ANATOLE (DE 55 A;M;4838299;-451002;290
2,02E+11;18;5;24;1830;1;2;1;1;6;19;PERDRIEL VAISSIERE;M;4841560;-448833;290
2,02E+11;18;5;25;910;1;2;3;1;3;19;ROBESPIERRE (DE 1 A 31 E;M;4841379;-449146;290
2,02E+11;18;5;25;1745;1;2;1;1;2;19;PREMIERE DFL (AVENUE);M;4837742;454642;290
2,02E+11;18;5;25;1750;1;2;1;1;4;19;MONTAIGNE (DE 39 A 111 E;M;4840120;-448377;290
2,02E+11;18;5;26;510;3;2;2;1;3;19;COMMANDANT GROIX;M;4840712;-450160;290
2,02E+11;18;5;30;910;1;1;6;1;2;19;PEN AR CH'LEUZ;M;4841639;-447926;290
2,02E+11;18;5;30;921;1;2;6;1;3;19;PEN AR CH'LEUZ (ROND POI;M;4841426;-447883;290
2,02E+11;18;5;29;1045;1;2;3;1;3;19;KERVERN AUGUSTE;M;4840294;-448870;290
2,02E+11;18;6;3;2028;1;2;6;2;3;19;VALY HIR (DE 1 A 19 ET 2;M;4838536;-452830;290
2,02E+11;18;6;4;1100;1;2;1;2;2;19;rue de KERVAO;M;4842225;-449971;290
2,02E+11;18;6;7;1630;1;2;1;1;6;19;Rue ILE DE SEIN;M;4840315;-446251;290
2,02E+11;18;6;10;1800;1;2;1;1;6;19;MOUCHOTTE (DE 23 ET 36 A;M;4838727;450797;290
2,02E+11;18;6;9;1418;1;2;1;1;2;19;PEN AR CH'LEUZ (ROND POI;M;4841338;-448008;290
2,02E+11;18;6;13;1635;1;2;1;1;3;19;MOZART;M;4839556;-452363;290
2,02E+11;18;6;16;829;1;2;2;2;3;19;VAUBAN (DE 1 A 23 ET 2 A;M;4838608;450125;290
2,02E+11;18;6;18;1759;1;2;1;1;4;19;MONTAIGNE (DE 39 A 111 E;M;4840221;-448248;290
2,02E+11;18;6;20;1940;1;2;1;1;2;19;DESMOULINS CAMILLE;M;4839708;-448686;290
2,02E+11;18;6;23;1222;1;2;6;1;3;19;MELVILLE HERMAN (ROND PO;M;4838671;-447082;290
2,02E+11;18;6;1;2030;1;2;1;1;2;19;JAURES JEAN (DE 1 A 41 E;M;4840050;-466998;290
2,02E+11;18;6;21;342;5;2;1;1;6;19;Edwige FEUILLERE;M;4839093;-453321;290
2,02E+11;18;6;27;1530;1;2;1;1;6;19;PREMIERE DFL (AVENUE);M;4837483;-455739;290
2,02E+11;18;6;21;1639;1;2;4;1;4;19;LE GORGEU (Nш29 (TOTAL)-;M;4841011;-451473;290
2,02E+11;18;6;29;1411;1;2;1;1;6;19;GILLET MAURICE;M;4839510;-447950;290
2,02E+11;18;7;3;1027;1;2;6;1;3;19;LOUPPE ALBERT (DE 1 A 69;M;4840390;-447488;290
2,02E+11;18;7;9;921;1;2;2;1;6;19;VILLENEUVE (RUE);M;4841144;-445736;290
2,02E+11;18;7;4;1625;1;2;1;1;2;19;EUSEN VICTOR;M;4837961;-453534;290
2,02E+11;18;7;10;1850;1;2;1;1;2;19;BROSSOLETTE PIERRE;M;4838343;-449177;290
2,02E+11;18;7;10;2239;5;2;1;1;6;19;DOUANE (QUAI DE LA);M;4838266;-448495;290
2,02E+11;18;7;13;1240;1;1;3;1;1;19;ROCH GLAS (ROUTE ET CHEM;M;4843300;-449069;290
2,02E+11;18;7;12;1935;1;2;2;1;3;19;ALSACE LORAINE;M;4838140;-451536;290
2,02E+11;18;6;29;2113;1;2;1;1;1;19;VILLENEUVE (PONT);M;4840390;-452371;290
2,02E+11;18;7;20;1640;1;2;3;1;6;19;FOULON CHARLES;M;4842570;-448009;290
2,02E+11;18;7;21;1015;1;2;1;1;6;19;FRANCE ANATOLE (DE 55 A;M;4838291;-452024;290
2,02E+11;18;7;13;1446;1;2;1;1;4;19;EUROPE (DE 161 A 199);M;4841290;-450434;290
2,02E+11;18;7;10;2210;5;2;1;1;3;19;RUE ROUSSE EMILE;M;4838586;-452774;290
2,02E+11;18;8;3;1118;1;2;1;1;6;19;PICARDIE;M;4840406;-450481;290
2,02E+11;18;8;5;2051;2;1;1;1;2;19;RN 12 (PEN AR CH'LEUZ A;M;4841523;-447972;290
2,02E+11;18;8;7;2016;2;2;6;1;3;19;ROUSSE EMILE;M;4838537;-452804;290
2,02E+11;18;8;8;1152;1;2;1;1;3;19;HUIT MAI 1945 (DE 2 A 44;M;4841010;-447050;290
2,02E+11;18;8;10;1120;1;2;1;1;2;19;DUVAL MARCELLIN (DE 1 A;M;4841440;-448680;290
2,02E+11;18;8;11;2000;1;2;6;1;2;19;Pen Ar Ch'leuz;M;4841515;-447972;290
2,02E+11;18;8;13;2020;1;2;1;1;3;19;KERMENGUY;M;4840462;-450664;290
2,02E+11;18;8;13;1421;1;2;3;1;3;19;ROUTE DE SAINTE ANNE DU;M;4836799;-454870;290
2,02E+11;18;8;14;950;1;2;2;2;3;19;KERVAO;M;4842236;-449821;290
2,02E+11;18;8;18;210;5;2;1;1;6;19;MOULIN A POUDRE (DE 1 A;M;4839725;-449131;290
2,02E+11;18;8;21;1813;1;2;1;1;2;19;MONTAIGNE (DE 39 A 111 E;M;4840635;-447647;290
2,02E+11;18;8;29;1745;1;2;1;1;5;19;FRANCE ANATOLE (DE 55 A;M;4838292;-451756;290
2,02E+11;18;8;30;1345;1;2;6;1;3;19;ALBERT 1ER;M;4839796;-448921;290
2,02E+11;18;9;8;1440;1;2;1;1;4;19;QUIMPER (DE 1 A 103 ET 2;M;4840200;-446100;290
2,02E+11;18;9;10;1310;1;2;1;1;2;19;ROUSSE EMILE;M;4838503;-452798;290
2,02E+11;18;9;13;1619;1;2;6;1;2;19;ROND POINT DE KERESSEIS;M;4839520;-453864;290
2,02E+11;18;9;24;830;1;2;1;1;3;19;TANGUY DU CHATEL;M;4837980;-453379;290
2,02E+11;18;9;24;1746;1;2;6;1;6;19;ROUSSE EMILE;M;4838530;-452804;290
2,02E+11;18;10;18;1209;1;2;1;1;6;19;FRANCE ANATOLE (DE 1 A 5;M;4838143;-452856;290
2,02E+11;18;10;16;800;2;2;1;1;2;19;SAINT MARC ROUTE DU VIEU;M;4839360;-444540;290
2,02E+11;18;9;29;1735;1;2;1;1;3;19;SEMARD PIERRE;M;4839040;-447012;290
2,02E+11;18;9;30;1300;1;2;1;2;6;19;SALAUN PENQUER;M;4838443;-448369;290
2,02E+11;18;9;27;1553;1;2;3;1;2;19;VALMY;M;4839959;-446596;290
2,02E+11;18;10;2;735;2;2;1;1;6;19;LESVEN JULES (DE 26 A 58;M;4840910;-448042;290
2,02E+11;18;10;4;735;1;2;1;1;3;19;GREBES (ROND POINT);M;4838899;-445832;290
2,02E+11;18;10;5;1333;1;2;3;1;3;19;DONNART MATHIEU (DE 1 A;M;4839940;-448534;290
2,02E+11;18;10;18;1323;1;2;1;1;3;19;GOUESNOU (DE 43 A 219 ET;M;4841270;-446835;290
2,02E+11;18;10;7;20;5;2;1;1;2;19;COLBERT;M;4838730;-448480;290
2,02E+11;18;10;8;1400;1;2;9;1;2;19;PAULET GENERAL (173 ET 2;M;4842350;-447723;290
2,02E+11;18;10;5;851;2;2;1;1;6;19;LE GUEN LOUIS;M;4839091;-447032;290
2,02E+11;18;10;9;845;1;2;1;1;3;19;RUE PAUL DOUMER;M;4839958;-448618;290
2,02E+11;18;10;9;1220;1;2;1;1;1;19;GALLIENI GENERAL (DE 1 A;M;4839090;-450639;290
2,02E+11;18;10;8;2158;4;2;1;1;6;19;JAURES JEAN (DE 105 A 23;M;4839567;-447752;290
2,02E+11;18;10;9;1800;1;2;2;1;6;19;DAUPHINE;M;4840557;-451122;290
2,02E+11;18;10;9;1910;1;2;6;1;3;19;KERVAO;M;4842333;-450518;290
2,02E+11;18;10;11;1015;1;2;1;1;7;19;RUE LEOPOLD SEDAR SENGHO;M;4842130;-450800;290
2,02E+11;18;10;12;1130;1;2;1;1;1;19;CHEVREUL;M;4840729;-449189;290
2,02E+11;18;10;14;645;2;2;1;2;6;19;SALAUN PENQUER;M;4838432;-448404;290
2,02E+11;18;10;14;1800;1;2;1;2;6;19;DE LATTRE DE TASSIGNY MA;M;4838773;-451223;290
2,02E+11;18;10;15;945;1;2;1;1;3;19;DESFOSSES ROMAIN (AMIRAL;M;4842640;-447780;290
2,02E+11;18;10;20;1640;1;2;2;1;3;19;MUSSET ALFRED DE;M;4839020;-447110;290
2,02E+11;18;10;17;840;1;2;2;2;3;19;CASABIANCA;M;4837340;-453745;290
2,02E+11;18;10;18;1815;1;2;2;1;3;19;GOUESNOU (DE 221 ET 214;M;4842468;-446720;290
2,02E+11;18;10;22;650;2;2;6;2;3;19;DUQUESNE (DE 8 ET 13 A 2;M;4839144;-448842;290
2,02E+11;18;10;24;823;1;2;6;1;3;19;LE BRIS JEAN MARIE;M;4838339;-448550;290
2,02E+11;18;10;20;1640;1;2;3;1;3;19;DUPUY DE LOME (DE 1 A 33;M;4838965;-451280;290
2,02E+11;18;10;23;1745;1;2;9;1;4;19;DUPUY DE LOME (DE 34 ET;M;4838852;-451543;290
2,02E+11;18;10;29;1841;2;2;2;1;2;19;EUROPE (DE 201 A 215);M;4841316;-449612;290
2,02E+11;18;10;31;1255;1;2;2;1;3;19;CHATEAU (DE 1 A 35 ET 2;M;4838484;-448915;290
2,02E+11;18;11;1;130;5;2;3;1;6;19;Rue de SIAM;M;4838453;-449360;290
2,02E+11;18;11;4;1806;2;1;6;2;4;19;RN 12 (PEN AR CH'LEUZ A;M;4841497;-447854;290
2,02E+11;18;11;6;855;1;2;1;1;5;19;PRIGENT TANGUY (DE MESNO;M;4839741;-453108;290
2,02E+11;18;11;3;1518;1;2;2;6;1;19;CEZANNE;M;4841228;-447137;290
2,02E+11;18;11;9;1640;2;2;1;3;6;19;MONTAIGNE (DE 39 A 111 E;M;4840287;-448134;290
2,02E+11;18;11;13;725;5;2;1;1;6;19;LE GORGEU (SANS Nш ENTRE;M;4840734;-451035;290
2,02E+11;18;11;20;1850;5;2;6;2;3;19;FOCH MARECHAL;M;4839206;-448760;290
2,02E+11;18;11;23;610;5;2;5;1;3;19;PLYMOUTH (Nш 63);M;4838695;-452779;290
2,02E+11;18;11;24;1230;1;2;1;1;7;19;ROND POINT DU GENERAL KO;M;4837820;-454504;290
2,02E+11;18;11;25;1350;1;2;1;1;2;19;SAINT MARC ROUTE DU VIEU;M;4839284;-445262;290
2,02E+11;18;11;25;1750;5;2;2;1;3;19;DONNART MATHIEU (DE 1 A;M;4839976;-448617;290
2,02E+11;18;11;22;830;1;2;9;1;3;19;ROCH GLAS (ROUTE ET CHEM;M;4843556;-448936;290
2,02E+11;18;11;27;1700;1;1;1;2;4;19;RN 12;M;4842828;-447485;290
2,02E+11;18;11;29;1640;1;2;1;2;2;19;EUROPE (DE 161 A 199);M;4841331;-448534;290
2,02E+11;18;11;29;1820;5;2;1;1;6;19;PAULET GENERAL (DE 1 A 1;M;4841028;-447628;290
2,02E+11;18;12;2;1820;4;2;1;2;2;19;ECOLE NAVALE  (DE 1 A 10;M;4838090;-452710;290
2,02E+11;18;12;5;2015;5;2;1;2;6;19;D'ESTIENNE D'ORVES;M;4839126;-446196;290
2,02E+11;18;12;8;1803;2;2;6;1;3;19;GLASGOW (DE 1 A 9 ET 2 A;M;4839291;-448454;290
2,02E+11;18;12;9;20;5;2;1;8;6;19;VERDUN (DE 53 A 199 ET 7;M;4839898;-445788;290
2,02E+11;18;12;6;1731;2;2;1;2;6;19;PARIS ( 33 ET 42 A FIN);M;4840745;-445975;290
2,02E+11;18;12;10;1700;1;2;6;1;3;19;LESVEN JULES (DE 26 A 58;M;4840924;-448255;290
2,02E+11;18;12;11;1800;4;2;1;1;6;19;MOZART;M;4839555;-452683;290
2,02E+11;18;11;27;1629;2;2;1;3;6;19;MONTAIGNE (DE 39 A 111 E;M;4840112;-448400;290
2,02E+11;18;12;7;900;2;2;1;3;6;19;SEBASTOPOL;M;4839818;-447206;290
2,02E+11;18;12;13;1832;5;2;1;2;6;19;EUROPE (DE 58 A 166 ET 9;M;4841403;-448207;290
2,02E+11;18;12;16;504;5;2;1;2;6;19;SALAUN PENQUER;M;4838530;-448280;290
2,02E+11;18;12;14;2106;5;2;1;1;6;19;SAINT MARC (DE 64 A 112;M;4839745;-447396;290
2,02E+11;18;11;26;1758;5;2;1;1;6;19;DROGOU COMMANDANT (DE 1;M;4840472;-449899;290
2,02E+11;18;12;19;1815;5;2;3;1;3;19;CASANOVA DANIELE;M;4840400;-448000;290
2,02E+11;18;11;13;2107;5;2;3;2;3;19;ROBESPIERRE (DE 1 A 31 E;M;4841005;-449085;290
2,02E+11;18;12;6;1925;5;2;3;2;3;19;PEN AR HOAT (IMPASSE ET;M;4839587;-444183;290
2,02E+11;18;12;20;1730;5;2;3;2;5;19;ROBESPIERRE (DE 1 A 31 E;M;4841580;-449213;290
2,02E+11;18;12;27;1108;1;2;2;1;3;19;EUROPE (DE 58 A 166 ET 9;M;4841615;-446842;290
2,02E+11;18;12;28;855;1;2;2;1;3;19;SAINT MARC (DE 64 A 112;M;4841620;-446819;290
2,02E+11;18;12;28;1245;1;2;1;1;3;19;SEBASTOPOL;M;4840050;-446885;290
2,02E+11;18;1;1;900;1;1;1;8;6;164;autoroute 65 - PK 44.300;M;4412194;-27607;400
2,02E+11;18;6;5;1000;1;1;1;3;7;164;A65  PK 048+000;M;4413406;-27575;400
2,02E+11;18;8;16;1840;1;1;1;1;6;245;Autoroute A 65 PK 060.75;M;4403856;-32879;400
2,02E+11;18;9;4;1428;1;1;1;1;1;158;D933  point routier 08+3;M;4407788;-3719;400
2,02E+11;18;11;23;510;3;1;1;2;3;320;D834;M;4393358;-56897;400
2,02E+11;18;12;21;2245;3;1;1;2;6;164;PK 041.800;M;4412982;-27590;400
2,02E+11;18;1;8;1835;2;2;1;1;1;39;21  GARE (AVENUE DE LA);M;4787565;-391912;290
2,02E+11;18;1;15;2015;3;1;1;2;6;39;RN165 (VE);M;4792700;-389833;290
2,02E+11;18;1;28;1940;5;1;6;2;6;39;RD 783 BEUZEC;M;4787991;-390670;290
2,02E+11;18;1;29;1307;1;2;1;1;7;39;JOSEPH BIGOT;M;4788569;-391419;290
2,02E+11;18;2;6;2027;3;1;1;4;1;39;RD 70 (route d‚partement;M;4791173;-390372;290
2,02E+11;18;2;21;345;5;2;3;1;7;39;MOROS (  QUAI RIVE DROIT;M;4787589;-390853;290
2,02E+11;18;3;4;1905;5;2;4;1;7;39;5  GARE (AVENUE DE LA);M;4787474;-391890;290
2,02E+11;18;3;9;1745;1;1;1;8;6;39;RD 70 (route d‚partement;M;4791872;-390330;290
2,02E+11;18;3;23;1545;1;1;1;8;7;39;RD 44;M;4792100;-390673;290
2,02E+11;18;3;24;1905;2;2;1;8;3;39;STANG AR LIN ( RUE DE);M;4788415;-390613;290
2,02E+11;18;4;24;805;1;1;2;1;3;39;RD 44;M;4792073;-392859;290
2,02E+11;18;4;27;1330;1;2;2;2;2;39;RD 783;M;4788127;-390969;290
2,02E+11;18;5;13;810;1;2;1;1;6;39;JAN (RUE ROBERT);M;4788150;-392226;290
2,02E+11;18;5;15;1705;1;2;1;1;6;39;QUIMPER ( RUE DE);M;4788915;-391774;290
2,02E+11;18;5;22;400;3;2;1;1;6;39;COLGUEN ( RUE DE);M;4790445;-390712;290
2,02E+11;18;5;29;1425;1;1;1;2;7;39;TRICHARD (RUE YVES);M;4787660;-388577;290
2,02E+11;18;6;12;1720;1;2;6;1;2;39;VILLENEUVE ( RUE DE LA);M;4789473;-391396;290
2,02E+11;18;6;14;1215;1;2;1;2;7;39;VILLENEUVE ( RUE DE LA);M;4789579;-391331;290
2,02E+11;18;6;16;1420;1;1;1;2;2;39;VILLENEUVE ( RUE DE LA);M;4789635;-391295;290
2,02E+11;18;6;19;1730;1;2;1;1;3;39;TREGUNC (ROUTE DE);M;4786128;-388523;290
2,02E+11;18;6;25;1530;1;2;9;1;3;39;VIDIE ( RUE LUCIEN);M;4789166;-391653;290
2,02E+11;18;6;26;1545;1;1;1;1;6;39;RN165 (VE);M;4793622;-391110;290
2,02E+11;18;7;7;145;3;1;1;1;7;39;KERGUERES (Route de);M;4789844;-393557;290
2,02E+11;18;7;9;2048;1;1;2;1;3;39;RD 783;M;4787417;-389823;290
2,02E+11;18;7;19;1220;1;1;1;1;7;39;beg menez;M;4789480;-394138;290
2,02E+11;18;7;27;1520;1;2;9;2;3;39;KERIOLET ( RUE DE );M;4788800;-390823;290
2,02E+11;18;7;31;1110;1;1;1;1;5;39;TREGUNC (ROUTE DE);M;4786958;-389549;290
2,02E+11;18;8;10;1135;1;2;1;1;1;39;BONNIER ( RUE GASTON);M;4786877;-390014;290
2,02E+11;18;8;11;140;5;2;3;1;1;39;MOROS ( QUAI RIVE GAUCHE;M;4787593;-390648;290
2,02E+11;18;8;22;1710;1;1;1;1;7;39;RD 783;M;4788111;-390956;290
2,02E+11;18;8;25;1740;1;2;6;1;3;39;maison blanche (rond poi;M;4788839;-391888;290
2,02E+11;18;9;7;1200;1;2;1;1;2;39;RD 783 BEUZEC;M;4787800;-390127;290
2,02E+11;18;9;14;800;1;1;1;1;7;39;KERSIMONOU ( CHEMIN DE );M;4793675;-392071;290
2,02E+11;18;9;19;554;5;2;1;1;6;39;VILLENEUVE ( RUE DE LA);M;4789978;-391309;290
2,02E+11;18;10;22;1400;1;2;1;1;5;39;KERGUERES (Route de);M;4789159;-392302;290
2,02E+11;18;10;25;1040;1;2;6;1;3;39;QUIMPER ( RUE DE);M;4788263;-391921;290
2,02E+11;18;11;7;1150;1;2;1;2;3;39;SAULE ( AVENUE DU );M;4788348;-391793;290
2,02E+11;18;11;15;815;2;2;1;2;7;39;DOLTO Francoise (RUE);M;4789183;-392417;290
2,02E+11;18;11;20;740;3;1;1;1;2;39;RN165 (VE);M;4793927;-391754;290
2,02E+11;18;11;29;1705;1;2;1;8;7;39;CARNOT ( QUAI);M;4787472;-391721;290
2,02E+11;18;11;30;1645;1;2;1;1;7;39;CARNOT ( QUAI);M;4787461;-391715;290
2,02E+11;18;12;13;1910;3;1;1;8;6;39;RD 122;M;4787802;-387902;290
2,02E+11;18;12;27;1520;1;2;1;1;6;39;KERVINIOU ( RUE DE );M;4786293;-388701;290
2,02E+11;18;12;31;1925;3;1;1;1;6;39;RD 783;M;4788459;-391263;290
2,02E+11;18;2;3;2319;3;1;1;2;2;151;RN12;M;4859533;-382514;290
2,02E+11;18;2;16;1725;1;2;1;1;6;151;3  LEON (QUAI DE);M;4858208;-383323;290
2,02E+11;18;5;15;1635;1;1;9;1;6;151;EXPRESS RN 12 (VOIE);M;4859569;-383129;290
2,02E+11;18;6;27;1715;1;1;1;1;7;151;BAS DE LA RIVIERE (ROUTE;M;4862571;-384760;290
2,02E+11;18;7;20;1500;1;1;9;1;7;151;RN12;M;4857512;-371962;290
2,02E+11;18;8;23;1015;1;2;1;1;6;151;COURBET (RUE GUSTAVE);M;4858946;-381472;290
2,02E+11;18;8;23;1215;1;2;1;2;6;151;SERUSIER (RUE PAUL);M;4858264;-381992;290
2,02E+11;18;8;25;1612;1;2;1;1;7;151;JAURES (RUE JEAN);M;4857510;-384275;290
2,02E+11;18;10;8;1230;1;1;1;1;2;151;AERODROME (RUE DE L');M;4860510;-382993;290
2,02E+11;18;10;19;1125;1;2;6;1;3;254;KERELISA (RUE DE );M;4857400;-385655;290
2,02E+11;18;11;3;1720;2;1;3;1;3;151;CD 786 MORLAIX A DINARD;M;4859730;-381152;290
2,02E+11;18;11;18;1330;1;2;6;1;2;151;KERFRAVAL (RUE DE);M;4858747;-381427;290
2,02E+11;18;11;29;1815;2;2;1;1;2;254;PLOUVORN (ROUTE DE);M;4857501;-384627;290
2,02E+11;18;2;3;940;1;1;1;1;2;332;A31 PK 143+100 sens NANC;M;4801944;552931;520
2,02E+11;18;3;15;740;1;1;1;3;7;14;A31  pk 97+900;M;4777190;520293;520
2,02E+11;18;4;5;1505;1;2;1;1;4;14;A31 PK 95+200 sens DIJON;M;4775483;519037;520
2,02E+11;18;4;23;245;3;1;1;1;6;205;A5 PK 215.300;M;4800093;511614;520
2,02E+11;18;5;3;531;2;1;1;1;2;258;AUTOROUTE A5 PK 186+500;M;4810634;479493;520
2,02E+11;18;5;9;2020;2;1;1;3;6;519;A31 PK 88+900;M;4769916;518630;520
2,02E+11;18;6;20;1930;1;1;1;1;2;384;autoroute a31;M;4780824;522418;520
2,02E+11;18;7;8;1020;1;1;6;1;6;114;aire de service de CHATE;M;4805531;495845;520
2,02E+11;18;7;30;540;2;1;1;1;2;189;A31 - PK 90 300 - sens N;M;4768116;517869;520
2,02E+11;18;9;4;1500;1;1;1;1;2;312;A31 PK 110+300;M;4788477;522241;520
2,02E+11;18;1;14;745;1;1;1;1;7;373;route dйpartementale 22;M;4907938;673937;570
2,02E+11;18;1;17;1500;1;2;2;8;3;224;29 rue principale;M;4906926;668441;570
2,02E+11;18;1;22;1355;1;1;1;3;6;224;route dйpartementale 20;M;4906306;667728;570
2,02E+11;18;4;6;1000;1;2;1;1;7;690;Grand rue;M;4908714;670144;570
2,02E+11;18;4;16;740;1;2;1;7;6;224;44 rue calmette;M;4907819;668395;570
2,02E+11;18;7;2;1545;1;1;1;1;1;15;D22;M;4906412;674958;570
2,02E+11;18;9;20;1540;1;1;1;1;1;690;D 910 a;M;4907257;670058;570
2,02E+11;18;10;7;1300;1;2;1;1;6;690;2 Rue du Wenheck;M;4909356;671544;570
2,02E+11;18;3;2;810;1;2;1;2;7;238;rue de la Lйzarde;M;4956369;22710;760
2,02E+11;18;11;2;1520;1;1;1;1;1;534;Rue Renй Coty - Dйpartem;M;4957385;21777;760
2,02E+11;18;1;29;1230;1;1;1;1;5;46;A71 PK 134+600 SENS 1;M;4763939;194834;410
2,02E+11;18;2;20;1745;2;1;1;2;5;106;A71 - PK 137+300;M;4759439;198438;410
2,02E+11;18;2;28;2310;3;1;1;4;7;256;PK 167+300;M;4731913;203949;410
2,02E+11;18;5;12;700;2;1;1;1;7;161;A71  PK 137+600;M;4760121;197636;410
2,02E+11;18;7;9;1150;1;1;1;1;7;232;PK 159.000 sens 2;M;4740051;203443;410
2,02E+11;18;7;17;1301;1;1;1;1;2;161;A71 - PK 144 - sens 2;M;4753002;200370;410
2,02E+11;18;7;25;1150;1;1;1;7;7;46;autoroute A71;M;4766050;193111;410
2,02E+11;18;9;2;1510;1;1;1;1;7;46;A71;M;4762682;195844;410
2,02E+11;18;1;3;1936;5;2;6;2;3;232;GIRONDINS AVENUE DES;M;4798997;-413195;290
2,02E+11;18;1;4;1620;1;1;1;2;2;232;.  MORBIHAN AVENUE DU;M;4797905;-407621;290
2,02E+11;18;1;6;2030;5;2;1;1;3;232;42  LIBERATION AVENUE DE;M;4799298;-408581;290
2,02E+11;18;1;9;1630;1;2;1;3;1;232;.  TY BOS AVENUE DE;M;4797381;-406568;290
2,02E+11;18;1;11;930;1;2;1;1;6;232;18  PARC RUE DU;M;4799452;-410443;290
2,02E+11;18;1;17;2000;3;1;1;1;6;232;ERGUE ARMEL BOULEVARD D';M;4798875;-407470;290
2,02E+11;18;1;18;820;3;2;1;2;6;232;11 BIS  PIVERTS RUE DES;M;4798948;-413094;290
2,02E+11;18;1;15;1247;1;2;1;2;4;232;RUE HAUTE;M;4799026;-411038;290
2,02E+11;18;1;19;915;1;2;1;1;6;232;9  KEROMNES RUE DE;M;4798396;-406924;290
2,02E+11;18;1;23;720;4;2;1;1;6;232;9 bis  HIPPODROME RUE DE;M;4799612;-409559;290
2,02E+11;18;1;22;1425;1;1;1;2;6;232;51  KERVRAHU ROUTE DE;M;4800692;-415918;290
2,02E+11;18;1;24;1750;2;2;1;2;2;232;.  PRESIDENT ALLENDE BOU;M;4799205;-407355;290
2,02E+11;18;1;25;810;2;1;1;2;2;232;.  PLUGUFFAN ROUTE DE;M;4797822;-412971;290
2,02E+11;18;1;6;1915;5;2;1;1;7;232;.  BRETAGNE BOULEVARD DE;M;4798405;-412582;290
2,02E+11;18;1;20;1720;1;2;1;2;7;232;.  POULGUINAN BOULEVARD;M;4798427;-411308;290
2,02E+11;18;2;1;1200;1;2;1;1;2;232;FRANCE LIBRE  AVENUE DE;M;4800548;-409762;290
2,02E+11;18;2;1;1220;1;2;1;1;7;232;19-mars-62;M;4798876;-411114;290
2,02E+11;18;2;1;1530;1;2;6;1;2;232;PRESIDENT ALLENDE BOULEV;M;4799139;-407352;290
2,02E+11;18;2;3;1740;2;2;1;2;6;232;25  COSQUER RUE DU;M;4800207;-411186;290
2,02E+11;18;1;21;1611;1;2;1;3;3;232;.  LOUIS LE GUENNEC;M;4797931;-409564;290
2,02E+11;18;2;4;1520;1;2;1;2;7;232;GOUNOD CHARLES RUE;M;4799948;-409339;290
2,02E+11;18;2;8;2050;5;1;1;1;3;51;.  CORAY ROUTE DE;M;4800066;-404878;290
2,02E+11;18;2;7;1135;1;2;3;1;3;232;27  BAUDELAIRE CHARLES R;M;4800383;-411238;290
2,02E+11;18;2;8;1515;1;1;4;1;7;51;Kersaux Chemin de;M;4803013;-398120;290
2,02E+11;18;2;9;1350;1;2;9;1;2;232;.  LE GUENNEC LOUIS BOUL;M;4797971;-410481;290
2,02E+11;18;2;16;915;1;2;3;1;3;232;57  BLUM  LEON RUE;M;4798636;-408036;290
2,02E+11;18;2;24;1945;2;1;1;1;6;51;.  RN 165;M;4800041;-405173;290
2,02E+11;18;3;1;1445;1;2;1;4;7;232;07  PROVENCE BOULEVARD D;M;4798529;-412718;290
2,02E+11;18;1;1;815;5;2;1;3;3;232;.  POHER RUE DU;M;4798307;-410536;290
2,02E+11;18;3;5;1810;1;2;1;1;1;232;.  GUILLOU YVES RUE;M;4798886;-408910;290
2,02E+11;18;3;6;1115;1;2;1;2;3;232;.  THEPOT YVES AVENUE;M;4798857;-408758;290
2,02E+11;18;3;8;1453;1;2;1;2;6;232;.  GOURVILY AVENUE DE;M;4801533;-408065;290
2,02E+11;18;3;8;1716;1;1;1;1;7;232;RN 165;M;4803471;-408223;290
2,02E+11;18;3;9;1522;1;2;6;8;2;232;.  LEBON PHILIPPE  ROND;M;4799518;-407315;290
2,02E+11;18;3;11;845;1;1;1;2;6;232;.  TY BOS AVENUE DE;M;4797308;-406499;290
2,02E+11;18;3;9;1625;1;2;1;2;7;232;61  BENODET rue de;M;4798530;-410623;290
2,02E+11;18;3;19;2125;4;2;1;2;7;232;BRIAND  ARISTIDE RUE;M;4799509;-409661;290
2,02E+11;18;2;10;2100;5;2;1;1;7;232;.  BARBUSSE HENRI RUE;M;4799084;-407441;290
2,02E+11;18;3;21;2318;5;2;1;1;6;232;1BIS  RUE LE DANTEC;M;4797855;-410378;290
2,02E+11;18;3;23;745;2;2;6;1;7;232;MASSE  ALEXANDRE PLACE;M;4799736;-410032;290