Num_Acc;an;mois;jour;hrmn;lum;agg;int;atm;col;com;adr;gps;lat;long;dep
2,02E+11;18;5;31;2331;5;2;1;1;1;189;ARCHIMEDE (RUE OU IMPASS;M;4383160;432770;300
2,02E+11;18;6;2;1800;1;2;6;1;3;189;ROND POINT DE L'EOLE;M;4386040;440290;300
2,02E+11;18;6;5;900;1;2;2;1;3;189;REPUBLIQUE (RUE);M;4382970;435580;300
2,02E+11;18;6;6;2216;3;1;1;1;6;60;SAINT GILLES (ROUTE);M;4378493;439148;300
2,02E+11;18;6;9;2115;2;2;1;1;3;189;UZES (ROUTE D');M;4386986;437702;300
2,02E+11;18;6;12;1925;1;2;1;1;6;189;LYCEE PHILIPPE L'AMOUR;M;4383290;438530;300
2,02E+11;18;6;14;1655;1;2;2;1;3;189;CLERISSEAU (RUE);M;4384165;435958;300
2,02E+11;18;6;15;615;1;2;2;8;3;189;MARTEL CHARLES (RUE);M;4382950;435870;300
2,02E+11;18;6;16;350;5;2;1;1;6;189;HUGO VICTOR (BOULEVARD);M;4383610;435742;300
2,02E+11;18;6;18;2155;5;2;1;1;2;189;TRIAIRE SERGENT (BOULEVA;M;4382820;435970;300
2,02E+11;18;6;20;2030;1;1;1;1;1;189;SAUVE (ROUTE);M;4384808;429042;300
2,02E+11;18;6;22;840;1;2;9;1;3;189;CIGALE (CHEMIN);M;4384190;434039;300
2,02E+11;18;6;22;248;5;2;3;1;6;189;TALABOT (BOULEVARD);M;4384088;437343;300
2,02E+11;18;6;27;1605;1;1;1;1;2;189;D 135;M;4383700;443040;300
2,02E+11;18;6;26;1125;1;2;1;1;6;189;MARECHAL JUIN (BOULEVARD;M;4382416;436944;300
2,02E+11;18;4;22;2010;1;2;3;1;3;189;MONNET JEAN (COURS);M;4381604;434819;300
2,02E+11;18;6;15;1520;1;2;1;1;3;189;ALLENDE SALVADOR (RUE);M;4383573;438825;300
2,02E+11;18;7;11;1045;1;2;1;1;6;189;SAUVE (RUE);M;4383740;434330;300
2,02E+11;18;7;12;1200;1;2;2;1;5;189;MONTPELLIER (ROUTE DE);M;4381110;433020;300
2,02E+11;18;7;13;1245;1;2;2;1;3;189;DOCTEUR CALMETTE  (RUE O;M;4382929;436696;300
2,02E+11;18;7;17;2135;5;2;9;1;6;189;SAINT ANDRE DE CODOLS (R;M;4383105;435580;300
2,02E+11;18;7;18;2300;5;2;3;1;1;189;DAYAN GEORGES (AVENUE);M;4381518;433091;300
2,02E+11;18;7;19;2340;5;2;2;1;6;189;COURONNE (RUE OU SQUARE);M;4383606;436200;300
2,02E+11;18;7;20;1505;1;2;6;1;3;189;ALLENDE SALVADOR (RUE);M;4381785;434789;300
2,02E+11;18;7;21;1445;1;2;3;1;1;189;BICHE (RUE);M;4384779;436578;300
2,02E+11;18;7;18;1210;1;2;1;1;3;189;MAS DE CHEYLON;M;4381180;432950;300
2,02E+11;18;8;3;1845;1;2;1;1;6;189;MONTPELLIER (ROUTE DE);M;;;300
2,02E+11;18;8;6;2300;5;2;2;1;1;189;KENNEDY (AVENUE);M;;;300
2,02E+11;18;8;10;1500;1;2;1;1;1;189;ANCIENS COMBATTANTS D IN;M;4384122;431910;300
2,02E+11;18;8;14;1801;1;1;1;1;4;189;Route D‚partementale 135;M;4377630;433714;300
2,02E+11;18;8;14;2330;5;2;1;1;1;189;FONTAINE (QUAI);M;4383858;436283;300
2,02E+11;18;8;17;1250;1;2;2;1;3;189;BOIS DE MITTAU (IMPASSE;M;4385250;434327;300
2,02E+11;18;8;28;735;1;2;3;1;3;189;PUECH DU TEIL (RUE OU IM;M;4382609;435085;300
2,02E+11;18;9;1;130;5;2;1;1;1;189;ALES (ROUTE);M;4386126;433489;300
2,02E+11;18;9;3;2205;5;2;1;1;6;189;ARNAVIEILLE (RUE);M;4382450;435170;300
2,02E+11;18;9;6;20;5;2;2;1;3;189;ALLIER EMILE (RUE);M;4382661;436617;300
2,02E+11;18;9;6;751;1;2;1;1;2;189;GAMBETTA (BD);M;4384070;436120;300
2,02E+11;18;9;3;1045;1;2;3;1;6;189;MONSEIGNEUR CLAVERIE;M;4385500;439888;300
2,02E+11;18;9;10;1645;1;2;1;1;6;189;ALLENDE SALVADOR (RUE);M;4382350;436800;300
2,02E+11;18;9;10;2020;5;2;3;1;1;189;MENDES FRANCE PIERRE (AV;M;4382700;437550;300
2,02E+11;18;9;15;1650;1;2;3;1;3;189;AVIGNON (ROUTE);M;4384774;439794;300
2,02E+11;18;9;13;1240;1;2;1;1;1;189;MONTPELLIER (ROUTE DE);M;4381083;432972;300
2,02E+11;18;9;18;1215;1;2;2;1;6;189;MONTPELLIER (ROUTE DE);M;4380760;432490;300
2,02E+11;18;9;20;1920;1;2;1;1;6;189;REINACH SALOMON (RUE);M;4383316;437913;300
2,02E+11;18;9;21;1414;1;2;2;8;2;189;REPUBLIQUE (RUE);M;4382840;435480;300
2,02E+11;18;9;21;2055;5;2;2;1;3;189;TALABOT (BOULEVARD);M;4383670;437160;300
2,02E+11;18;9;21;2220;5;2;2;1;2;189;MONTPELLIER (ROUTE DE);M;4381105;433027;300
2,02E+11;18;9;24;655;3;1;1;1;6;189;ANCIENS COMBATTANTS D IN;M;4384364;431796;300
2,02E+11;18;9;29;1650;1;2;3;1;6;189;MENDES FRANCE PIERRE (AV;M;4382649;437634;300
2,02E+11;18;10;1;700;2;2;1;1;3;189;PAVLOV (AVENUE);M;4381209;432045;300
2,02E+11;18;10;1;1016;1;2;1;1;6;189;SULLY (RUE);M;4384163;437136;300
2,02E+11;18;10;1;2300;5;2;1;1;7;189;MARECHAL JUIN (BOULEVARD;M;4381790;434055;300
2,02E+11;18;10;3;751;1;2;1;1;6;189;LECLERC GENERAL (AVENUE);M;4383270;436825;300
2,02E+11;18;10;9;1000;1;2;1;1;6;189;GAMBETTA (BD);M;4384030;435920;300
2,02E+11;18;10;10;1710;1;2;1;2;6;189;TALABOT (BOULEVARD);M;4383680;437120;300
2,02E+11;18;10;13;1040;1;2;2;1;3;189;KENNEDY (AVENUE);M;4382610;433200;300
2,02E+11;18;10;16;905;1;2;2;8;6;189;POETES (AVENUE);M;4382000;433000;300
2,02E+11;18;10;15;1700;1;1;1;2;1;189;ANCIENS COMBATTANTS D IN;M;4384570;431700;300
2,02E+11;18;11;2;1455;1;2;9;1;1;189;BIR HAKEIM (AVENUE);M;4384275;438241;300
2,02E+11;18;11;7;1745;5;2;1;2;6;189;TRIAIRE SERGENT (BOULEVA;M;4549000;417800;300
2,02E+11;18;11;8;1302;1;2;2;1;3;189;DHUODA (RUE);M;4382840;435480;300
2,02E+11;18;11;13;1145;1;2;1;1;2;189;ALLENDE SALVADOR (RUE);M;4382302;436747;300
2,02E+11;18;11;15;735;1;2;2;1;6;189;MONSEIGNEUR CLAVERIE;M;4385488;439968;300
2,02E+11;18;11;16;1505;1;2;1;1;7;189;KENNEDY (AVENUE);M;4383190;434540;300
2,02E+11;18;11;17;1320;1;2;1;1;7;189;DAYAN GEORGES (AVENUE);M;4382268;434804;300
2,02E+11;18;11;18;30;5;1;1;1;6;189;UZES (ROUTE D');M;4386388;437755;300
2,02E+11;18;11;18;1715;2;2;6;1;6;189;PROUVE JEAN (AVENUE);M;4381409;435143;300
2,02E+11;18;11;28;1249;1;1;1;1;3;189;ALES (ROUTE);M;4389081;429118;300
2,02E+11;18;12;2;300;5;2;1;1;6;189;ALLENDE SALVADOR (RUE);M;4382721;437444;300
2,02E+11;18;12;3;1650;3;1;1;1;6;189;ANCIENS COMBATTANTS D IN;M;4389384;428965;300
2,02E+11;18;12;5;1845;3;1;1;1;3;189;MAS DE CHEYLON;M;4379722;434333;300
2,02E+11;18;12;12;1846;5;2;1;8;2;189;JEAN YVES COUSTEAU ROND;M;4382450;436960;300
2,02E+11;18;12;19;2155;5;2;3;1;3;189;DELON SOUBEYRAN (RUE);M;4383452;435276;300
2,02E+11;18;12;21;730;5;2;3;1;3;189;ARTS (AVENUE);M;4382206;433646;300
2,02E+11;18;12;26;525;5;2;6;1;6;189;PROUVE JEAN (AVENUE);M;4381420;439250;300
2,02E+11;18;12;27;1040;1;2;1;1;6;189;SULLY (RUE);M;4384289;436968;300
2,02E+11;18;12;21;1650;2;1;9;1;5;189;BRETELLE SORTIE RN 106;M;4385861;432410;300
2,02E+11;18;2;13;1319;1;1;1;1;6;358;RD 2144 Pk 17+800;M;4604463;306569;630
2,02E+11;18;2;22;855;1;1;2;1;3;473;Intersection D404 et D15;M;4593845;310228;630
2,02E+11;18;5;13;700;2;1;1;2;1;1;RD 984 route d'EFFIAT;M;4602274;322313;630
2,02E+11;18;5;24;1730;1;2;1;1;2;135;17 rue grand rue;M;4594767;310905;630
2,02E+11;18;6;1;2200;3;1;1;1;7;347;RD 438 route de fusse;M;4606129;322619;630
2,02E+11;18;6;7;825;1;1;1;1;1;116;rd223 pr 41+500;M;4598589;310846;630
2,02E+11;18;6;24;400;3;1;4;1;6;406;Route d'AIGUEPERSE RD 51;M;4596469;321624;630
2,02E+11;18;7;20;1315;1;2;1;3;7;12;Rue neuve;M;4599967;313917;630
2,02E+11;18;8;10;1830;1;2;1;1;2;1;264 grande rue;M;4602920;320767;630
2,02E+11;18;10;15;1810;1;1;1;2;1;108;PK12+100;M;;;630
2,02E+11;18;10;17;730;2;1;3;5;3;143;D984;M;4602839;324840;630
2,02E+11;18;10;27;510;3;1;1;2;7;379;RD 223;M;;;630
2,02E+11;18;11;3;755;1;1;1;1;6;446;D 93;M;4605052;319954;630
2,02E+11;18;11;18;345;3;1;4;1;6;35;d 2144 pk 7;M;4596475;310500;630
2,02E+11;18;11;28;1225;1;1;1;1;1;327;Axe D2144 PR 2+500;M;4592406;311922;630
2,02E+11;18;1;21;1830;5;2;3;2;6;85;lieu dit les les arbres;M;4590427;289655;630
2,02E+11;18;2;19;1630;1;1;1;1;1;388;CD 987;M;4599939;276355;630
2,02E+11;18;2;19;1200;1;1;1;1;6;354;RD 987;M;;;630
2,02E+11;18;3;11;1345;1;2;1;4;1;349;route de la chaine des p;M;;;630
2,02E+11;18;3;23;1440;1;1;3;1;3;206;La roche carrefour CD227;M;4595208;296676;630
2,02E+11;18;4;16;2245;3;1;1;1;6;349;CD 19  le Moulin de la B;M;4596352;291587;630
2,02E+11;18;5;3;1220;1;1;4;1;1;206;pont de la ganne;M;4596164;295681;630
2,02E+11;18;5;6;1120;1;2;1;1;6;354;CD 534;M;4603352;281188;630
2,02E+11;18;8;24;1115;1;2;2;1;3;349;CD19 Avenue Jean COSSON;M;4594080;283928;630
2,02E+11;18;9;7;1200;1;1;1;1;3;94;CD 13;M;;;630
2,02E+11;18;12;5;900;1;1;1;1;2;93;D16 PK 14 + 800;M;4595946;302323;630
2,02E+11;18;2;8;1625;1;1;1;4;7;71;D52;M;4575710;290502;630
2,02E+11;18;6;10;1300;1;1;1;8;7;264;D983  PK 12+200;M;4564156;284420;630
2,02E+11;18;6;27;1710;1;1;2;1;3;189;CD922 - PK32;M;4565648;274621;630
2,02E+11;18;7;13;1630;1;1;3;1;5;189;Carrefour RD 922 / RD 98;M;4564167;272439;630
2,02E+11;18;9;15;2235;3;1;2;1;1;257;Intersection lieu-dit Mo;M;4573076;287717;630
2,02E+11;18;10;28;1520;1;1;1;8;1;20;Randanne;M;4568601;293756;630
2,02E+11;18;11;17;630;2;1;1;8;7;248;D2089  82+500;M;4569940;291424;630
2,02E+11;18;12;21;1838;3;1;1;3;5;189;RD 922;M;4564671;272802;630
2,02E+11;18;1;14;1405;1;1;1;1;1;169;D942 PK 28+200;M;4613303;193424;230
2,02E+11;18;1;17;1200;1;1;1;1;3;154;RN 145 PR 58+250;M;4617038;202650;230
2,02E+11;18;2;8;1030;1;1;1;4;6;101;Le Breuil;M;4628861;192700;230
2,02E+11;18;2;27;1300;1;1;1;1;1;193;lieu dit lavaud;M;4614979;190123;230
2,02E+11;18;4;4;1838;1;1;1;2;1;1;D942;M;4608833;205372;230
2,02E+11;18;5;30;2000;1;1;1;1;6;138;RD 13;M;4609697;206089;230
2,02E+11;18;8;1;1100;1;1;1;1;7;132;lieu dit lachaud;M;4610325;176473;230
2,02E+11;18;8;5;53;3;1;1;1;7;4;chignaroche;M;4624389;186256;230
2,02E+11;18;8;12;920;1;2;1;7;6;193;RD 942;M;4613893;191563;230
2,02E+11;18;8;17;1143;1;1;1;1;7;247;Bretelle de sortie RN145;M;4619894;176192;230
2,02E+11;18;8;27;1945;1;2;3;1;1;245;Claverolles;M;4621499;185474;230
2,02E+11;18;9;9;1730;1;2;3;1;1;68;Etang Communale Route de;M;4613881;211128;230
2,02E+11;18;9;19;1730;1;1;3;1;1;247;Les vergnolles;M;4620764;174883;230
2,02E+11;18;10;3;1645;1;1;1;1;1;33;RD 76;M;4616445;179925;230
2,02E+11;18;12;3;750;1;1;1;1;2;154;D100;M;4620675;202701;230
2,02E+11;18;12;20;1720;3;1;1;2;6;245;D942;M;4618041;184723;230
2,02E+11;18;1;21;1305;1;1;1;1;6;166;A7;M;;;260
2,02E+11;18;1;25;1000;1;1;1;1;2;166;Autoroute A7 (PK 93+700);M;4474833;478951;260
2,02E+11;18;2;2;1245;1;1;1;1;1;85;RN 7;M;;;260
2,02E+11;18;4;22;1640;1;1;1;1;6;339;A 7;M;;;260
2,02E+11;18;4;22;1750;1;1;1;1;3;312;A 7;M;;;260
2,02E+11;18;5;17;1030;1;1;1;1;4;338;A 7;M;;;260
2,02E+11;18;5;20;1545;1;1;1;1;2;85;A 7;M;;;260
2,02E+11;18;7;8;300;3;1;1;1;6;138;A 7;M;;;260
2,02E+11;18;7;11;1820;1;1;1;1;2;339;A 7;M;;;260
2,02E+11;18;9;2;705;1;1;1;1;7;169;A7  PK123.800  SENS S/N;M;4446818;476422;260
2,02E+11;18;9;21;1400;1;1;1;1;6;85;Autoroute 7;M;4450471;475455;260
2,02E+11;18;11;10;1901;3;1;1;2;6;106;A7 - PK 104+000 - sens S;M;4464933;479335;260
2,02E+11;18;1;1;440;3;1;1;1;6;28;route de rasteau;M;4422627;494713;840
2,02E+11;18;1;19;2245;3;1;1;8;7;134;RD 93 limite vitesse aut;M;4419683;490374;840
2,02E+11;18;5;4;100;5;2;1;1;6;106;32 route de bollene;M;4424704;488269;840
2,02E+11;18;6;4;845;1;1;1;1;3;29;D43 ROUTE DE JONQUIERES;M;4416283;487533;840
2,02E+11;18;6;8;2000;1;2;2;1;7;135;Route d'ORANGE;M;4421075;480137;840
2,02E+11;18;11;17;1230;1;1;2;2;3;29;Intersection Chemin de S;M;4417152;485631;840
2,02E+11;18;11;21;1205;1;1;1;8;5;135;2465 route d'orange;M;4420958;480120;840
2,02E+11;18;1;9;1515;1;1;3;1;3;67;D6113 - D 26;M;4321254;284376;110
2,02E+11;18;2;8;730;3;2;1;1;2;203;Avenue des Corbiиres;M;4319308;275564;110
2,02E+11;18;2;27;1;5;2;1;1;6;132;avenue de Lagrasse;M;4313551;269531;110
2,02E+11;18;4;11;1220;1;1;3;3;3;41;CD607;M;4330644;286174;110
2,02E+11;18;4;11;1250;1;2;1;3;6;369;Quai de lorraine;M;4325787;294966;110
2,02E+11;18;5;5;1739;1;2;1;1;6;203;boulevard Lйon CASTEL;M;4319939;274937;110
2,02E+11;18;6;2;1600;1;1;1;1;1;360;rd 607 - pont du somail;M;4329585;286937;110
2,02E+11;18;6;15;1820;1;1;1;1;3;64;RD114;M;4312697;265843;110
2,02E+11;18;6;19;1130;1;1;4;1;1;41;intersection D128 et D26;M;4334870;288363;110
2,02E+11;18;7;9;900;1;1;1;1;6;164;CD 607;M;4326956;289466;110
2,02E+11;18;7;18;830;1;1;1;1;1;296;D5 PK+2.100;M;4328114;281529;110
2,02E+11;18;7;21;1645;1;1;3;1;3;148;RD6113  PK27.900;M;4318064;267968;110
2,02E+11;18;8;31;1702;1;2;1;1;2;353;Avenue de Saint Pons;M;4325333;291306;110
2,02E+11;18;10;5;700;3;1;1;1;6;267;Route Dйpartementale 24;M;4318950;285051;110
2,02E+11;18;10;6;340;3;2;3;1;6;203;rue flora Tristan;M;4319090;274460;110
2,02E+11;18;10;19;1345;1;1;3;1;6;172;RD 610 PK 27.000 / RD 61;M;4326652;272571;110
2,02E+11;18;10;27;1200;1;2;1;2;6;164;D26 - PR 8 500;M;4327585;287209;110
2,02E+11;18;11;3;1400;1;1;1;1;6;132;RD 106  Villerouge la cr;M;4311712;273570;110
2,02E+11;18;11;18;1659;1;2;9;1;7;369;avenue de Gaillousty;M;4325255;295249;110
2,02E+11;18;1;3;1825;3;1;1;2;1;225;Pilleverte D794;M;4843247;-192810;350
2,02E+11;18;4;30;1530;1;1;2;1;3;172;Le Plessis Margat;M;4843522;-180559;350
2,02E+11;18;5;22;830;1;2;1;1;6;337;14 rue de la libйration;M;4832953;-183600;350
2,02E+11;18;5;23;1000;1;1;1;1;6;85;Lieux-dit LA CHASSE;M;4841676;-176581;350
2,02E+11;18;6;2;925;1;1;1;1;1;265;LIEU DIT LA BOUHOURDAIS;M;4834881;-185952;350
2,02E+11;18;6;6;1458;1;1;1;2;2;337;RD 137 PK72+250 Sens Ren;M;4829744;-181790;350
2,02E+11;18;7;8;2015;1;1;1;1;6;85;PK1 RD81;M;4845511;-179333;350
2,02E+11;18;8;26;1030;1;1;1;7;2;29;Ronces Rousses;M;4846420;-174112;350
2,02E+11;18;9;4;902;1;1;2;1;6;29;lieu dit la croix blanch;M;4846146;-172097;350
2,02E+11;18;11;10;245;3;1;3;2;6;29;le pont melin;M;4848751;-173652;350
2,02E+11;18;12;18;1851;3;1;1;2;5;104;lieu dit la bigotiиre;M;4852332;-171619;350
2,02E+11;18;4;9;1130;1;1;3;1;3;421;cd 833;M;4890926;136291;270
2,02E+11;18;4;24;1810;1;1;3;1;2;193;rue d'ezy;M;4885391;138677;270
2,02E+11;18;5;24;750;1;1;2;5;3;278;;M;4891807;140425;270
2,02E+11;18;5;25;2000;1;1;2;2;3;278;Intersection D163 et rue;M;4890931;140764;270
2,02E+11;18;6;17;2000;1;2;1;1;7;478;29 rue Charles de Gaulle;M;4896091;121556;270
2,02E+11;18;7;5;1235;1;2;9;1;7;355;D833;M;4888819;144368;270
2,02E+11;18;8;2;1430;1;1;1;1;6;301;DЙPARTEMENTALE 547;M;4894950;120300;270
2,02E+11;18;8;20;1940;1;2;1;1;5;360;route de saint andrй;M;4891331;122273;270
2,02E+11;18;8;26;1310;1;1;2;1;3;154;D833;M;4889177;119805;270
2,02E+11;18;9;7;1835;1;2;1;1;1;278;12 rue docteur Roux;M;4891095;144341;270
2,02E+11;18;9;26;1925;2;2;3;1;3;355;43 RUE D'ЙZY;M;4888185;145873;270
2,02E+11;18;11;3;1730;2;2;2;1;3;507;42 rue de pacy;M;4891152;127746;270
2,02E+11;18;12;8;1230;1;1;3;6;1;183;D833;M;4889402;142252;270
2,02E+11;18;4;11;815;1;1;1;1;1;57;C 219;M;5088539;207581;620
2,02E+11;18;5;5;740;1;2;1;1;2;621;37 route d'audruicq;M;5087653;202921;620
2,02E+11;18;7;7;1440;1;2;1;1;2;748;140 rue clairmarais;M;5097977;211638;620
2,02E+11;18;8;12;1530;1;1;3;8;3;645;D940;M;5098596;210803;620
2,02E+11;18;8;19;1420;1;2;2;1;3;730;rue Basse du Marais;M;5085666;216137;620
2,02E+11;18;9;14;1810;1;2;1;1;6;634;16 RUE DU VILLAGE;M;5094381;201881;620
2,02E+11;18;10;28;600;3;2;1;1;7;38;rue de la riviиre 1777;M;5089137;197275;620
2,02E+11;18;1;10;1130;1;2;1;1;5;86;dn7;M;4347083;657351;830
2,02E+11;18;2;7;1930;5;2;1;1;1;4;Avenue des treize lorgua;M;4345443;647947;830
2,02E+11;18;2;9;540;3;1;1;1;3;86;RD1555;M;4347265;653930;830
2,02E+11;18;2;15;1800;2;1;1;1;3;4;route de Lorgues D10;M;4345812;641941;830
2,02E+11;18;5;12;2345;3;1;1;1;6;85;route du plateau;M;4352550;654078;830
2,02E+11;18;5;26;2115;2;2;1;1;6;86;Intersection Boulevard d;M;4347285;656114;830
2,02E+11;18;7;25;1140;1;1;1;7;1;148;rte de la garde freinet;M;4337858;644235;830
2,02E+11;18;8;14;1607;1;2;9;1;6;4;DN7;M;4345014;649203;830
2,02E+11;18;8;24;850;1;1;1;1;2;85;Route dйpartementale 155;M;4348136;651097;830
2,02E+11;18;8;30;1930;1;1;1;1;3;86;DN7;M;4346313;653236;830
2,02E+11;18;9;3;1745;1;2;1;1;3;4;16 avenue Jean Jaurиs;M;4345570;647999;830
2,02E+11;18;9;12;1930;2;1;1;1;1;115;PK 50.600;M;4340599;657741;830
2,02E+11;18;9;18;550;3;1;1;1;1;4;RDN7 - chateau du thouar;M;4344144;645945;830
2,02E+11;18;9;29;10;3;1;1;1;7;148;D84 route du Thoronet;M;4345025;633795;830
2,02E+11;18;10;4;2045;3;1;1;1;2;86;D1555;M;4347265;653930;830
2,02E+11;18;10;31;750;1;1;1;3;7;86;Route Dйpartementale 25;M;4340505;657801;830
2,02E+11;18;11;12;1830;3;1;1;1;6;85;D54;M;4351885;652303;830
2,02E+11;18;11;12;330;5;2;1;3;6;86;Avenue de la Libйration;M;4347074;656160;830
2,02E+11;18;12;3;945;1;2;1;1;6;85;Avenue Achille Rouvier;M;4349161;653582;830
2,02E+11;18;12;22;250;3;1;1;1;1;4;RDN7;M;4344209;645944;830
2,02E+11;18;12;27;2145;3;1;1;1;5;4;RD555;M;4346679;648384;830
2,02E+11;18;1;19;1815;3;1;3;2;3;410;D3;M;4907369;381197;510
2,02E+11;18;2;2;1340;1;1;1;1;1;410;D36;M;4905882;378672;510
2,02E+11;18;5;15;2215;3;1;1;1;2;410;D3;M;4907604;379703;510
2,02E+11;18;11;4;2100;5;2;1;1;7;592;25 RUE PRINCIPALE;M;4910485;373517;510
2,02E+11;18;6;4;1445;1;2;7;2;2;161;cd1091 - villeneuve la s;M;4493891;657493;50
2,02E+11;18;6;7;1915;1;2;2;8;3;133;route de Grenoble;M;4493651;658342;50
2,02E+11;18;6;8;1030;1;1;1;1;7;85;RN 94;M;4492680;670735;50
2,02E+11;18;7;4;1715;1;1;4;1;3;79;accиs sud du hameau des;M;4496628;653282;50
2,02E+11;18;8;2;1615;1;1;1;1;6;79;Hameau le Lauzet;M;4501390;646354;50
2,02E+11;18;9;7;1510;1;1;1;1;3;161;RD1091;M;4493802;657830;50
2,02E+11;18;10;24;1515;1;1;1;1;3;161;CD1091;M;4493772;657918;50
2,02E+11;18;2;10;1335;1;1;1;1;6;445;route des romains;M;4830114;736121;670
2,02E+11;18;4;28;850;1;2;1;1;6;426;13 Route du Hohwald;M;4835289;728850;670
2,02E+11;18;6;15;1530;1;2;3;1;1;115;06 rue du Buhl;M;4830536;750300;670
2,02E+11;18;6;21;1750;1;1;1;1;7;362;RD 1083;M;4822647;741137;670
2,02E+11;18;7;3;1325;1;1;1;1;7;73;CD35;M;4828187;740221;670
2,02E+11;18;7;26;1745;1;1;4;1;3;63;rue du stade;M;4836237;729226;670
2,02E+11;18;7;27;830;1;2;6;1;3;115;40 route nationale;M;4830503;749906;670
2,02E+11;18;7;31;1500;1;1;3;1;1;115;CD 210 PR5;M;4830269;749835;670
2,02E+11;18;8;15;715;1;2;1;1;6;116;3 rue du fossй;M;4831010;752488;670
2,02E+11;18;9;30;2150;3;1;1;1;1;477;;M;4836409;722644;670
2,02E+11;18;10;16;1340;1;2;1;1;1;317;7 rue de l'йglise;M;4830636;733763;670
2,02E+11;18;1;9;840;1;2;6;5;4;483;RD921;M;4309488;73564;310
2,02E+11;18;1;22;745;5;1;6;8;6;483;SARAGAT (BD DU PRESIDENT;M;4309492;71723;310
2,02E+11;18;1;25;800;1;2;6;5;3;483;0  CASTEX (PLACE DE L'AM;M;4310912;70906;310
2,02E+11;18;1;31;1710;2;1;4;1;3;483;ROUTE DE LA SERRE DE CAZ;M;4314809;74513;310
2,02E+11;18;3;6;1120;1;2;3;1;3;483;69  LANDORTHE (ROUTE);M;4311410;74283;310
2,02E+11;18;3;14;1225;1;2;1;1;2;483;1  KENNEDY (AVENUE);M;4310511;72625;310
2,02E+11;18;3;26;1650;1;1;1;3;7;344;POINTIS INARD (ROUTE DE);M;4309744;76533;310
2,02E+11;18;3;30;1418;1;2;3;1;3;483;KENNEDY (AVENUE);M;4310460;72742;310
2,02E+11;18;4;18;1620;1;2;9;1;3;483;FRANCOIS MITTERAND ( AVE;M;4311146;74092;310
2,02E+11;18;4;20;1845;1;1;1;1;7;344;POINTIS INARD (ROUTE DE);M;4309722;77179;310
2,02E+11;18;4;16;2000;1;2;2;1;3;483;POMPIDOU GEORGES ( RUE );M;4311286;72091;310
2,02E+11;18;4;28;700;1;2;1;1;6;483;LECONTE DE L'ISLE ( BOUL;M;4310852;74147;310
2,02E+11;18;4;28;2115;5;2;1;2;3;483;HUGO VICTOR (RUE);M;4310713;72194;310
2,02E+11;18;5;9;1650;1;2;6;1;3;483;ISLE (AVENUE DE L');M;4311329;72680;310
2,02E+11;18;5;14;1330;1;2;1;1;2;483;FRANCOIS MITTERAND ( AVE;M;;;310
2,02E+11;18;6;2;1220;1;2;2;1;3;483;BOUERY ANDRE (AVENUE);M;4309346;73000;310
2,02E+11;18;6;3;1928;1;1;3;1;3;483;CAZAUX (ROUTE DE LA SERR;M;4313053;72392;310
2,02E+11;18;6;9;1210;1;1;1;1;2;483;CAZAUX (ROUTE DE LA SERR;M;4313249;72464;310
2,02E+11;18;6;19;800;1;2;9;1;4;483;ROUTE DE LA SERRE DE CAZ;M;4312177;72599;310
2,02E+11;18;8;3;1540;1;2;1;1;3;483;FRANCOIS MITTERAND ( AVE;M;4311012;73629;310
2,02E+11;18;8;17;1955;2;1;1;2;1;483;CAZAUX (ROUTE DE LA SERR;M;4313544;72714;310
2,02E+11;18;8;23;1930;1;1;9;1;5;344;VERDUN (RUE DE);M;4309188;73962;310
2,02E+11;18;8;9;1330;1;2;3;2;6;565;BIELLE (RUE DE LA);M;4309000;70500;310
2,02E+11;18;9;14;1603;1;1;1;1;7;344;POINTIS INARD (ROUTE DE);M;4309725;76100;310
2,02E+11;18;9;20;55;3;1;1;1;7;483;D8;M;4314949;76131;310
2,02E+11;18;10;12;945;1;1;3;1;3;483;D 8;M;4309419;68451;310
2,02E+11;18;10;13;1135;1;2;1;1;1;483;SOMMER RAYMOND (BOULEVAR;M;4310270;71019;310
2,02E+11;18;10;13;1420;1;2;1;1;2;483;GAULLE (BOULEVARD CHARLE;M;4310889;72205;310
2,02E+11;18;10;23;1000;1;2;2;1;6;483;PAPE CLEMENT V (RUE);M;4310854;72189;310
2,02E+11;18;10;19;915;1;2;1;1;7;483;ARRIEU ANSELME (AVENUE);M;4311233;71464;310
2,02E+11;18;11;27;855;1;2;1;7;1;483;CHAPELLE (VOIE DE LA );M;4310553;69849;310
2,02E+11;18;12;9;700;3;2;1;2;7;483;D921;M;4309632;71188;310
2,02E+11;18;12;20;1850;5;2;1;1;6;483;SARAGAT (BD DU PRESIDENT;M;4310033;72340;310
2,02E+11;18;2;13;930;1;2;9;1;3;277;rue Jean Bornicat;M;4572111;500279;690
2,02E+11;18;4;8;1620;1;2;1;1;1;285;42 rue de l'йgalitй;M;4575395;506763;690
2,02E+11;18;4;21;830;1;2;1;7;1;279;ROUTE NATIONALE;M;4579640;504756;690