Num_Acc;an;mois;jour;hrmn;lum;agg;int;atm;col;com;adr;gps;lat;long;dep
2,02E+11;18;4;21;1630;1;2;1;1;7;285;Rue du Repos;M;4574709;507266;690
2,02E+11;18;4;29;1015;1;2;2;1;3;277;rue pierre dupont;M;4572502;500185;690
2,02E+11;18;5;16;830;1;2;1;1;6;285;12 rue de l'йgalitй;M;4575353;506798;690
2,02E+11;18;6;14;1615;1;2;1;1;2;279;72 RUE NATIONALE;M;4580112;502503;690
2,02E+11;18;7;11;1700;1;2;6;1;3;277;route de lyon;M;4573405;499025;690
2,02E+11;18;8;11;930;1;1;1;1;2;277;PR 13 CD147;M;4574002;502393;690
2,02E+11;18;9;20;245;3;1;1;1;2;277;RD 147;M;4572837;502934;690
2,02E+11;18;9;19;815;1;2;6;1;3;277;rue roger salengro;M;4572869;498808;690
2,02E+11;18;10;29;2134;5;2;1;3;6;279;avenue Henri Schneider;M;4577443;503704;690
2,02E+11;18;3;6;1215;1;2;7;3;6;159;PLACE MENDES FRANCE;M;4647081;-102841;850
2,02E+11;18;6;25;730;1;1;1;7;5;223;Gвte-Pic;M;4657209;-109202;850
2,02E+11;18;9;1;1820;1;2;6;1;3;223;ROUTE DE NANTES;M;4656233;-105935;850
2,02E+11;18;9;15;100;3;2;1;1;6;158;LE VIGNEAU;M;4646527;-97583;850
2,02E+11;18;10;16;853;1;1;1;5;4;174;LES CORMIERS;M;4649042;-90650;850
2,02E+11;18;1;1;1855;3;2;1;6;6;555;999  AV DE BIARRITZ;M;4360743;140965;310
2,02E+11;18;12;30;645;5;1;1;1;7;555;R-PT DU GENERAL EISENHOW;M;4354973;141721;310
2,02E+11;18;1;2;930;1;2;1;2;3;555;999  RUE DU FAUBOURG BON;M;4361603;145320;310
2,02E+11;18;12;31;1200;1;2;1;1;3;555;BD DE STRASBOURG;M;4360795;144642;310
2,02E+11;18;1;5;1830;5;2;1;1;3;555;51  ESPAGNE (RTE D) DU 2;M;4357672;142424;310
2,02E+11;18;12;31;1740;5;2;1;1;3;555;CHE DE TUCAUT;M;4354873;138338;310
2,02E+11;18;1;6;1155;1;2;2;2;3;555;999  CHE DE FENOUILLET;M;4364276;141585;310
2,02E+11;18;12;29;1700;2;1;1;1;3;555;VA007331 A620;M;4357228;141062;310
2,02E+11;18;1;6;1255;1;1;1;1;5;555;  VA007553 A61;M;4360264;148689;310
2,02E+11;18;1;7;1910;3;1;1;3;2;555;999  RD916;M;4355277;149703;310
2,02E+11;18;1;8;930;1;1;1;1;6;555;999  21 DEMOISELLES  (PE;M;4357326;146546;310
2,02E+11;18;1;8;740;2;1;1;8;4;555;999  D980;M;4360598;136825;310
2,02E+11;18;1;8;1700;5;2;1;1;6;555;6  RUE LOUIS PLANA;M;4360701;148200;310
2,02E+11;18;1;9;955;1;2;1;1;2;555;999  ZAY (AV JEAN) DU 11;M;4365021;142876;310
2,02E+11;18;1;9;1930;5;2;1;1;3;555;45  AV DE LOMBEZ;M;4359534;141723;310
2,02E+11;18;1;10;850;1;2;2;2;5;555;999  AV DE GRANDE BRETAG;M;4360581;140166;310
2,02E+11;18;1;10;1005;1;2;1;2;7;555;50  RUE MATHALY;M;4362853;142824;310
2,02E+11;18;1;10;1137;1;2;1;1;2;555;999  AV JEAN ZAY;M;4364890;143332;310
2,02E+11;18;1;10;1230;1;2;1;1;6;555;999  BD DE LA GARE;M;4360943;145439;310
2,02E+11;18;1;10;1305;1;2;1;1;6;555;20  SAINT SAUVEUR (PORT);M;4359612;145673;310
2,02E+11;18;1;11;1750;2;2;3;1;7;555;160  FAUBOURG BONNEFOY (;M;4362633;145907;310
2,02E+11;18;1;10;1734;2;1;1;1;5;69;999  A621;M;4362217;139191;310
2,02E+11;18;1;12;350;5;2;1;1;2;555;999  PONT RIQUET;M;4360940;145431;310
2,02E+11;18;1;12;725;5;2;1;1;6;555;6  RUE ALAIN FOURNIER;M;4360735;136658;310
2,02E+11;18;1;11;1610;1;2;1;1;6;149;10  PYRENEES (ALLEE DES);M;4361261;132664;310
2,02E+11;18;1;13;1115;1;2;1;1;6;555;48  BD DES MINIMES;M;4361596;144085;310
2,02E+11;18;1;13;130;5;2;1;8;1;557;3  AV JEAN JAURES;M;4358854;135922;310
2,02E+11;18;1;15;1550;1;2;1;1;3;555;77  RTE DE SEYSSES;M;4355192;139544;310
2,02E+11;18;1;16;935;1;2;1;1;6;555;53  AV HONORE SERRES;M;4361392;143788;310
2,02E+11;18;1;16;2055;5;2;1;2;3;555;999  AV DE FRONTON;M;4363465;143320;310
2,02E+11;18;1;17;1850;5;2;1;2;6;555;166  BAYONNE (ROUTE DE );M;4360914;138028;310
2,02E+11;18;1;18;1430;1;2;1;1;6;555;25  RUE DES PARADOUX;M;4359881;144275;310
2,02E+11;18;1;18;2240;4;1;1;1;2;555;VA007331 A620;M;4358341;140402;310
2,02E+11;18;1;19;1830;5;1;1;2;4;69;A621;M;4362300;139007;310
2,02E+11;18;1;19;1715;1;2;3;1;1;69;999  GARROS (RUE ROLAND);M;4364308;136490;310
2,02E+11;18;1;20;5;5;1;1;1;2;555;VA007306 A64;M;4356343;141858;310
2,02E+11;18;1;20;15;5;2;1;2;1;555;999  BOULINGRIN (ROND PO;M;;;310
2,02E+11;18;1;20;1235;1;1;1;1;2;555;37B  VA007306 A64;M;4353912;139458;310
2,02E+11;18;1;22;1130;1;2;1;1;2;555;999  ELCHE (AVENUE D');M;4362318;142158;310
2,02E+11;18;1;22;2000;5;2;1;2;3;149;999  BRUNAUD (AVENUE YVE;M;4361543;134297;310
2,02E+11;18;1;22;2100;5;2;1;2;3;149;999  SELERY (BOULEVARD D;M;4361790;132681;310
2,02E+11;18;1;24;150;5;1;1;1;7;555;VA007553 A61;M;4355971;148960;310
2,02E+11;18;1;24;925;1;2;1;1;6;555;23  AV DE GRANDE BRETAGN;M;4359722;142157;310
2,02E+11;18;1;24;1845;5;1;1;1;4;555;999  VA008482 A624;M;4360921;135796;310
2,02E+11;18;1;24;1945;5;1;1;1;2;555;VA007331 A620;M;4360910;141234;310
2,02E+11;18;1;24;1945;5;1;1;1;2;555;VA007331 A620;M;4360910;141234;310
2,02E+11;18;1;25;840;1;1;1;1;2;555;VA007473 A62;M;4364707;144302;310
2,02E+11;18;1;26;815;1;2;2;2;3;149;999  RONSARD (ALLEE PIER;M;4361670;131218;310
2,02E+11;18;1;26;935;1;1;1;2;4;555;VA007306 A64;M;4355776;141280;310
2,02E+11;18;1;26;1410;1;2;1;1;2;149;999  MONNET (AVENUE JEAN;M;4362417;134669;310
2,02E+11;18;1;27;2110;3;2;1;1;3;555;163  RTE DE SEYSSES;M;4356493;141011;310
2,02E+11;18;1;28;1730;2;2;1;1;3;555;77  RTE D ESPAGNE;M;4357391;142429;310
2,02E+11;18;1;29;745;2;2;1;1;6;557;999  TARBES (ROUTE DE);M;4357571;132211;310
2,02E+11;18;1;30;740;5;2;1;2;6;555;1  AV JOLIOT CURIE;M;4355393;143139;310
2,02E+11;18;1;30;1130;1;2;1;1;2;555;999  BD DES MINIMES;M;4361417;145085;310
2,02E+11;18;1;30;1555;1;2;1;1;6;555;34  AV HONORE SERRES;M;4361425;143782;310
2,02E+11;18;2;1;2240;4;1;1;1;6;555;999  AV DU GENERAL EISEN;M;4356816;137608;310
2,02E+11;18;2;2;315;5;2;1;1;7;555;6  BD DE BONREPOS;M;4361018;145297;310
2,02E+11;18;2;1;929;1;2;1;1;6;555;999  RUE DU FAUBOURG BON;M;4362131;145796;310
2,02E+11;18;2;2;1725;1;2;1;1;3;555;999  ROND POINT DREYFUS;M;4361538;146502;310
2,02E+11;18;2;3;320;3;2;1;3;6;555;999  AV PIERRE G LATECOE;M;4355644;148544;310
2,02E+11;18;2;4;730;3;1;1;1;4;149;999  RN124;M;4360521;134324;310
2,02E+11;18;2;5;1740;5;2;1;1;2;555;48  RUE LOUIS PLANA;M;4361130;147796;310
2,02E+11;18;2;5;1110;1;2;1;2;6;555;999  AV LOUIS BAZERQUE;M;4358010;139545;310
2,02E+11;18;2;8;20;5;1;1;1;2;555;999  VA007331 A620;M;4361737;141863;310
2,02E+11;18;2;9;435;4;1;1;1;2;555;VA008482 A624;M;4360542;139615;310
2,02E+11;18;2;9;1527;1;2;1;8;6;555;113  JULIEN (AV JULES) D;M;4357819;145012;310
2,02E+11;18;2;9;1140;1;2;1;1;3;555;84  RTE D AGDE;M;4362604;147622;310
2,02E+11;18;2;10;715;2;1;1;1;2;555;999  VA007313 LE CHAPITR;M;4355767;141280;310
2,02E+11;18;2;10;2200;5;2;1;1;3;555;999  AV JEAN RIEUX;M;4358066;148190;310
2,02E+11;18;2;11;1330;1;2;1;2;7;555;3  RUE ELLA MAILLART;M;4359522;140965;310
2,02E+11;18;2;11;2145;3;1;1;3;7;555;999  AV DU GENERAL EISEN;M;4355743;140433;310
2,02E+11;18;2;12;748;1;2;1;1;4;555;VA007473 A62;M;4364728;145829;310
2,02E+11;18;2;12;1125;1;2;1;1;6;555;19  PL ETIENNE ESQUIROL;M;4360028;144525;310
2,02E+11;18;2;12;1940;3;2;1;1;3;555;RUE DE NEGOGOUSSES;M;4359300;141295;310
2,02E+11;18;2;13;1320;1;2;3;1;3;555;37  SAINTE FAMILLE (RUE;M;4361741;143323;310
2,02E+11;18;2;13;1525;1;2;1;3;6;557;22  AURIOL (BD VINCENT);M;4358250;139507;310
2,02E+11;18;2;13;1940;5;2;1;2;6;555;44  RUE DU FAUBOURG BONN;M;4362342;145895;310
2,02E+11;18;2;14;745;2;1;1;1;2;555;VA007331 A620;M;4360055;139803;310
2,02E+11;18;2;15;900;1;2;1;2;3;555;19  BD GRIFFOUL DORVAL;M;4352274;145866;310
2,02E+11;18;2;15;1130;1;2;1;1;1;555;23  BD DE STRASBOURG;M;4360715;144714;310
2,02E+11;18;2;16;1745;1;2;3;1;3;555;999  RUE ANDRE VASSEUR;M;4363810;147627;310
2,02E+11;18;2;19;1422;1;2;1;1;6;555;176  AV JEAN CHAUBET;M;4360650;148317;310
2,02E+11;18;2;22;840;1;2;1;1;3;555;29  BD DEODAT DE SEVERAC;M;4358676;142591;310
2,02E+11;18;2;25;30;5;2;3;1;3;555;999  RUE CROIX BARAGNON;M;4359974;144704;310
2,02E+11;18;2;26;1545;1;2;6;1;5;69;999  COMPANS (AV DU GENE;M;4362493;139901;310
2,02E+11;18;2;27;1;3;1;1;9;6;555;999  VA007604 DEMOISELLE;M;4357428;146709;310
2,02E+11;18;2;27;1630;1;2;1;1;6;555;3  CHE DE GABARDIE;M;4362964;148233;310
2,02E+11;18;3;1;750;1;2;3;1;3;557;999  LARDENNE (AV DE);M;4358994;136633;310
2,02E+11;18;3;1;1735;1;2;1;6;1;555;60  RUE DE NEGRENEYS;M;4361948;144104;310
2,02E+11;18;3;2;1;4;2;1;1;3;555;293  AV JEAN RIEUX;M;4358190;148024;310
2,02E+11;18;3;2;1510;1;1;1;1;2;555;VA007331 A620;M;4357400;143902;310
2,02E+11;18;3;2;2330;5;2;1;1;7;555;999  RTE D ESPAGNE;M;4355537;142360;310
2,02E+11;18;3;3;1800;1;2;1;1;6;555;999  RUE D AURIOL;M;4357632;147443;310
2,02E+11;18;3;1;310;3;1;1;6;7;69;FIL D'ARIANE;M;4365267;136499;310
2,02E+11;18;3;5;855;1;2;1;1;3;555;999  CHE DU RAMELET MOUN;M;4358018;136208;310
2,02E+11;18;3;5;1240;1;2;1;1;3;555;55  RTE DE BLAGNAC;M;4361374;141172;310
2,02E+11;18;3;5;2112;3;1;1;1;5;555;VA007331 A620;M;4363116;147830;310
2,02E+11;18;3;6;1250;1;2;6;7;5;555;999  CHE D AUDIBERT;M;4363678;143939;310
2,02E+11;18;3;6;1600;1;2;1;1;6;555;52  PORT SAINT SAUVEUR;M;4359767;145663;310
2,02E+11;18;3;7;1320;1;2;1;1;6;555;46  RUE DU LANGUEDOC;M;4359882;144564;310
2,02E+11;18;3;7;2100;3;2;1;1;3;555;327  AV DES ETATS UNIS;M;4365452;142283;310
2,02E+11;18;3;8;2345;4;2;6;2;7;555;999  AV D ELCHE;M;4362375;141965;310
2,02E+11;18;3;7;1415;1;2;1;1;3;555;12  IMP BOUDEVILLE;M;4354776;139615;310
2,02E+11;18;3;8;2145;5;2;1;1;3;555;999  NETWILLER (BOULEVAR;M;4364190;145423;310
2,02E+11;18;3;9;120;5;2;1;1;3;555;999  AV LOUIS BAZERQUE;M;4357414;139588;310
2,02E+11;18;3;10;1845;2;2;6;1;3;149;999  COLOMBE (Rd Point);M;4361783;132739;310
2,02E+11;18;3;11;555;4;1;1;1;6;555;VA007331 A620;M;4357257;147284;310
2,02E+11;18;3;11;1530;1;2;2;1;3;555;163  RUE DE NEGRENEYS;M;4362672;144432;310
2,02E+11;18;3;11;255;4;1;1;1;1;555;VA007331 A620;M;4355471;149368;310
2,02E+11;18;3;12;425;4;1;1;1;1;555;VA007495 A62;M;4365337;142530;310
2,02E+11;18;3;8;1830;2;2;6;1;7;555;999  RUE DES COSMONAUTES;M;4355879;149597;310
2,02E+11;18;3;12;1036;1;2;1;1;6;555;147  AV DES ARENES ROMAI;M;4361874;139675;310
2,02E+11;18;3;13;735;2;1;1;1;6;557;D980;M;4357020;137343;310
2,02E+11;18;3;13;1235;1;2;1;1;2;555;10  RUE JOSEPH JACQUARD;M;4362183;142774;310
2,02E+11;18;3;13;820;1;2;1;1;6;69;999  L'EUROPE (BD);M;4365430;137381;310
2,02E+11;18;3;13;1715;1;1;1;1;4;69;A621;M;4363009;138240;310
2,02E+11;18;3;13;2230;5;2;1;1;3;555;8  RUE DU FAUBOURG BONNE;M;4361652;145370;310
2,02E+11;18;3;13;1640;1;2;3;1;3;555;999  CHE DE LA SALADE PO;M;4356228;145624;310
2,02E+11;18;3;14;1130;1;2;1;1;3;555;999  AV MAURICE HAURIOU;M;4359340;144418;310
2,02E+11;18;3;14;1305;1;2;1;1;6;555;36  RUE DE METZ;M;4360054;144700;310
2,02E+11;18;3;15;820;1;2;1;1;6;555;999  RUE DE LA DALBADE;M;4359779;144213;310
2,02E+11;18;3;15;1730;1;1;1;1;2;555;23 RANGUEIL  (PERIPH OUE;M;4357248;145977;310
2,02E+11;18;3;15;2000;5;2;1;1;1;555;29  GRANDE BRETAGNE (AV;M;4959730;142110;310
2,02E+11;18;3;15;1715;1;1;1;1;4;555;999  VA008482 A624;M;4360900;136420;310
2,02E+11;18;3;15;1957;4;1;1;1;5;555;VA007331 A620;M;4361513;141823;310
2,02E+11;18;3;16;1620;1;2;2;1;3;555;158  AV JEAN CHAUBET;M;4360639;148252;310
2,02E+11;18;3;17;1515;1;2;1;1;1;555;AV YVES BRUNAUD;M;4361932;146856;310
2,02E+11;18;3;18;703;2;2;1;2;6;557;DOUMERGUE (RUE GASTON);M;4558840;135856;310
2,02E+11;18;3;19;635;2;2;1;1;3;555;63  BD SILVIO TRENTIN;M;4362550;143086;310
2,02E+11;18;3;19;1945;5;2;1;2;4;555;13  CURIE (BD PIERRE) DU;M;4362395;144466;310
2,02E+11;18;3;20;805;1;1;1;8;2;555;VA007331 A620;M;4356973;141322;310
2,02E+11;18;3;19;1900;5;2;1;2;3;557;PLATANES (ALL DES);M;4558141;135045;310
2,02E+11;18;3;20;1817;1;2;3;1;5;555;RTE D ESPAGNE;M;4355792;142424;310
2,02E+11;18;3;21;200;5;2;1;1;6;555;BD DES CRETES;M;4361052;146920;310
2,02E+11;18;3;21;1245;1;2;1;1;6;149;NAUROUZE (ALLEE DE);M;4360901;134293;310
2,02E+11;18;3;22;815;1;1;1;1;4;555;VA007331 A620;M;4358371;140356;310
2,02E+11;18;3;23;745;1;2;1;7;6;555;12Bis  CHE DE RISPET;M;4364802;144115;310
2,02E+11;18;3;23;1310;1;2;1;1;1;555;22  MESANGES (RUE DES);M;4366153;141185;310
2,02E+11;18;3;23;1630;1;2;1;7;6;555;9  RUE ALAIN FOURNIER;M;4360676;136928;310
2,02E+11;18;3;24;1133;1;2;1;2;2;557;face au 8  TARBES (ROUTE;M;4358414;134290;310
2,02E+11;18;3;18;820;1;2;1;1;6;555;BD DE LA MEDITERRANEE;M;4358753;146080;310
2,02E+11;18;3;27;1600;1;2;1;2;3;555;105  AV DES MINIMES;M;4362336;143438;310
2,02E+11;18;3;28;1525;1;2;1;1;6;555;BD DE STRASBOURG;M;4360863;144565;310
2,02E+11;18;3;27;1750;1;2;1;1;2;149;999  MITTERAND (ESPLANAD;M;4360698;133528;310
2,02E+11;18;3;29;1815;1;1;1;1;6;555;A624 (PURPAN);M;4360769;138990;310
2,02E+11;18;3;29;1047;1;2;1;1;3;555;999  BD LASCROSSES;M;4361097;143691;310
2,02E+11;18;3;29;1427;1;2;3;1;3;555;999  AV DE FRONTON;M;4364683;143310;310
2,02E+11;18;3;30;449;5;2;1;1;6;555;999  VA008482 A624;M;4360600;139392;310
2,02E+11;18;3;30;1600;1;2;3;1;6;557;FOURNOLIS (CH DE);M;4359023;131678;310
2,02E+11;18;3;30;1140;1;2;1;1;3;555;SAINT MICHEL (GRANDE RUE;M;4358831;144621;310
2,02E+11;18;3;31;705;5;2;1;1;2;555;23  RUE DE BAYARD;M;4360941;144861;310
2,02E+11;18;4;1;1350;1;2;1;1;6;555;AV DU GENERAL EISENHOWER;M;4356427;138584;310
2,02E+11;18;4;1;1530;1;1;1;1;2;555;VA007440 LES MINIMES A62;M;4362058;141829;310
2,02E+11;18;4;2;615;5;1;1;1;4;555;VA007331 A620;M;4357072;143297;310
2,02E+11;18;4;2;1155;1;2;1;1;6;555;ALL DE BARCELONE;M;4360893;142436;310
2,02E+11;18;4;1;1800;1;1;1;1;2;555;VA007331 A620;M;4359447;139750;310
2,02E+11;18;4;2;1925;1;2;1;1;3;555;AV DE GRANDE BRETAGNE;M;4360605;140161;310
2,02E+11;18;4;3;1415;1;1;1;1;2;555;VA007306 A64;M;4356465;141847;310
2,02E+11;18;4;4;801;1;2;1;1;6;555;RUE DES COSMONAUTES;M;4355995;149620;310
2,02E+11;18;4;4;900;1;2;1;1;6;555;RTE DE SAINT SIMON;M;4358633;140573;310
2,02E+11;18;4;4;1110;1;2;1;1;3;555;CHE CASSAING;M;4361679;147758;310
2,02E+11;18;4;5;835;1;2;1;1;6;557;TOUCH (CH DU);M;4359098;136488;310
2,02E+11;18;4;5;825;1;1;1;1;4;555;VA007331 A620;M;4358296;140409;310
2,02E+11;18;4;6;1815;1;1;1;1;3;555;VA007553 A61;M;4360430;148572;310
2,02E+11;18;4;6;1630;1;2;1;1;5;149;PIBRAC (ROUTE DE);M;4361504;129792;310
2,02E+11;18;4;8;2110;5;2;1;2;6;555;All‚e Serge RAVANEL;M;4359411;145249;310
2,02E+11;18;4;9;800;1;2;1;1;2;555;AV DE REYNERIE;M;4356744;140573;310
2,02E+11;18;4;1;615;5;1;1;1;6;555;VA007331 A620;M;4357343;141017;310
2,02E+11;18;4;10;1215;1;2;1;1;4;555;AV DU GENERAL EISENHOWER;M;4356335;138746;310
2,02E+11;18;4;11;1530;1;2;3;1;3;555;NARBONNE (ROUTE DE);M;4356990;145557;310
2,02E+11;18;4;11;2250;5;1;1;1;3;555;VA007342 LA CEPIERE  A62;M;4358682;140130;310
2,02E+11;18;4;13;1400;1;1;1;1;2;555;VA007355 PURPAN A620 Sor;M;4360299;140008;310
2,02E+11;18;4;13;615;3;1;1;1;5;555;VA007331 A620;M;4357570;144124;310
2,02E+11;18;4;13;1750;1;2;1;1;3;555;RTE D AGDE;M;4361233;147036;310
2,02E+11;18;4;16;850;1;1;1;1;5;149;RN124;M;4360562;129821;310
2,02E+11;18;4;17;1740;1;1;1;1;5;555;VA007342 LA CEPIERE  A62;M;4358341;140382;310
2,02E+11;18;4;17;1916;1;1;1;1;5;555;VA008482 A624;M;4360469;139856;310
2,02E+11;18;4;18;1810;1;2;1;1;5;555;BOULINGRIN (ROND POINT D;M;4359604;145391;310
2,02E+11;18;4;19;1810;1;2;1;1;2;555;AV LOUIS BAZERQUE;M;4357947;139500;310
2,02E+11;18;4;20;1120;1;2;1;1;3;555;BD DE STRASBOURG;M;4361006;144406;310
2,02E+11;18;4;21;645;1;2;1;1;6;555;BRIENNE (ALL DE) DU 1AU;M;4360937;142149;310
2,02E+11;18;4;23;1920;1;2;1;1;3;555;AV CRAMPEL;M;4358624;145703;310
2,02E+11;18;4;26;615;2;2;6;1;3;555;CHE D AUDIBERT;M;4363674;143909;310
2,02E+11;18;4;26;800;1;2;2;1;3;555;RUE BERTRAND DE BORN;M;4360930;145115;310
2,02E+11;18;4;26;1010;1;2;1;1;5;555;AV DE FRONTON;M;4364603;143325;310
2,02E+11;18;4;26;1541;1;2;1;1;6;69;FIL D'ARIANE (RD902);M;4364493;137624;310
2,02E+11;18;4;26;1710;1;2;1;1;4;555;CHE DE LESTANG;M;4356258;139508;310
2,02E+11;18;4;26;1840;1;2;1;1;3;149;SELERY (CHEMIN DE);M;4362136;131041;310
2,02E+11;18;4;27;450;5;2;1;1;3;555;AV CAMILLE PUJOL;M;4360071;146799;310
2,02E+11;18;4;17;710;1;2;1;1;3;555;RD PT JEAN LLANTE;M;4356384;140302;310
2,02E+11;18;4;27;945;1;2;9;1;6;555;STRASBOURG (BD DE) DU 2A;M;4360835;144582;310
2,02E+11;18;4;27;1200;1;2;1;1;6;555;RUE ALAIN FOURNIER;M;4360749;136692;310
2,02E+11;18;4;28;1625;1;2;1;1;3;555;AV D ELCHE;M;4362383;141944;310
2,02E+11;18;4;29;1630;1;1;1;3;3;555;VA007331 A620;M;4356863;141606;310
2,02E+11;18;4;30;1040;1;2;1;1;6;69;GUIMBAUD (RUE DU DOCTEUR;M;4363160;139733;310
2,02E+11;18;5;1;1630;1;2;1;1;6;555;ALL JULES GUESDE;M;4359438;144817;310
2,02E+11;18;5;2;910;1;1;1;1;3;555;VA007473 A62;M;4365041;143190;310
2,02E+11;18;5;4;1205;1;1;1;1;2;555;VA007331 A620;M;4358132;140480;310
2,02E+11;18;5;4;1220;1;2;1;1;1;555;CHE DE RIVALSUPERVIC;M;4354741;145146;310
2,02E+11;18;5;5;2015;1;2;1;1;5;555;MINIMES (AV DES) DU 1AU;M;4362099;143577;310
2,02E+11;18;5;7;1620;1;2;1;1;6;555;AV DE FRONTON;M;4362815;143379;310
2,02E+11;18;5;8;30;5;2;1;2;2;555;AV DES ETATS UNIS;M;4363624;143033;310
2,02E+11;18;5;8;725;1;2;1;1;6;149;PIBRAC (ROUTE DE);M;4361223;131839;310
2,02E+11;18;5;8;1420;1;2;1;1;6;555;RUE ROMIGUIERES;M;4360482;144231;310
2,02E+11;18;5;8;1720;1;2;1;1;6;555;AV DIDIER DAURAT;M;4357298;149313;310
2,02E+11;18;5;9;1500;1;2;1;1;6;555;RTE D ESPAGNE;M;4354716;141940;310
2,02E+11;18;5;11;1210;1;2;1;1;3;555;AV DE FRONTON;M;4363650;143332;310
2,02E+11;18;5;12;1110;1;2;1;1;6;555;ALL DU PRESIDENT ROOSEVE;M;4360545;144860;310
2,02E+11;18;5;12;1330;1;2;1;1;6;555;BD LAZARE CARNOT;M;4360481;144932;310
2,02E+11;18;5;13;2235;5;2;3;3;3;555;RUE ROLAND GARROS;M;4361242;142517;310
2,02E+11;18;5;13;1540;1;2;1;1;6;555;IMP VITRY;M;4363470;144214;310
2,02E+11;18;5;14;1730;1;1;1;2;2;555;VA007331 A620;M;4359190;139881;310
2,02E+11;18;5;14;1610;1;2;6;2;3;149;RD POINT GASCOGNE;M;4360930;132717;310
2,02E+11;18;5;15;1015;1;2;1;1;6;555;BD DE STRASBOURG;M;4360953;144499;310
2,02E+11;18;5;15;1735;1;2;3;2;3;149;Maurice Grynfogel (Bd);M;4361825;133889;310
2,02E+11;18;5;15;1730;1;2;1;2;4;555;AV DE CASTRES;M;4360064;147657;310
2,02E+11;18;5;17;1030;1;2;3;1;3;555;BD RICHARD WAGNER;M;4360334;142310;310
2,02E+11;18;5;17;1535;1;2;1;1;4;555;RTE DE SAINT SIMON;M;4358840;141108;310
2,02E+11;18;5;17;1945;3;2;2;1;3;555;PL ARMAND LEYGUE;M;4359321;146449;310
2,02E+11;18;5;18;720;1;2;1;1;3;555;BD DE LA MEDITERRANEE;M;4358482;146179;310
2,02E+11;18;5;18;600;5;2;1;1;6;555;BD GRIFFOUL DORVAL;M;4359128;145997;310
2,02E+11;18;5;18;1730;1;1;1;1;4;555;D980;M;4359939;136453;310
2,02E+11;18;5;18;1740;1;2;1;1;3;555;RUE DE BIGORRE;M;4357546;141141;310
2,02E+11;18;5;18;1850;1;2;1;1;3;69;RAYMONDIS (RUE LEON);M;4362267;139352;310
2,02E+11;18;5;20;240;5;2;1;1;7;555;RTE DE REVEL;M;4357387;149138;310
2,02E+11;18;5;20;1530;1;1;1;1;5;555;VA007553 A61;M;4359178;149406;310
2,02E+11;18;5;22;910;1;2;1;1;6;555;AV CAMILLE PUJOL;M;4360056;146418;310
2,02E+11;18;5;22;1445;1;2;1;1;2;557;MONTJOIE (RUE DE LA);M;4359007;134694;310
2,02E+11;18;5;23;855;1;2;3;1;3;555;RTE DE NARBONNE;M;4355710;146516;310
2,02E+11;18;5;23;1635;1;2;1;1;2;555;AV HONORE SERRES;M;4361448;143764;310
2,02E+11;18;5;24;815;1;2;1;1;6;555;PONT DU HALAGE DE TOUNIS;M;4359321;144077;310
2,02E+11;18;5;24;1000;1;2;6;1;3;555;RD PT GRIFFON;M;4355882;149607;310
2,02E+11;18;5;24;1535;1;2;1;1;2;555;RUE LOUIS PLANA;M;4360858;148034;310
2,02E+11;18;5;25;1449;1;2;1;1;2;555;RTE DE SEYSSES;M;4356834;141348;310
2,02E+11;18;5;26;1200;1;1;1;1;2;557;D980;M;4358902;136043;310
2,02E+11;18;5;27;1640;1;2;1;1;6;149;BD DU 14 EME REGIMENT IN;M;4361401;133139;310
2,02E+11;18;5;28;1900;1;2;1;1;6;555;BD DE LA MARQUETTE;M;4361458;143345;310
2,02E+11;18;5;28;1840;1;2;1;1;3;149;Maurice Grynfogel (Bd);M;4361817;133898;310
2,02E+11;18;5;29;1630;1;2;1;1;6;555;AV JEAN RIEUX;M;4358890;147173;310
2,02E+11;18;5;30;230;4;2;1;1;6;555;RUE VESTREPAIN;M;4358557;141284;310
2,02E+11;18;6;2;10;4;1;1;1;5;555;VA007553 A61;M;4361282;148420;310
2,02E+11;18;6;2;822;1;2;1;1;1;557;CHEMIN DES PAHINS;M;4359040;132394;310
2,02E+11;18;6;3;600;2;2;1;1;1;555;BD DE L EMBOUCHURE;M;4361109;141507;310
2,02E+11;18;6;3;1752;1;2;1;1;3;555;RUE DE METZ;M;4360058;144786;310
2,02E+11;18;6;4;1128;1;2;1;1;3;555;RTE DE NARBONNE;M;4357071;145434;310
2,02E+11;18;6;4;1630;1;2;1;1;6;555;ALL CHARLES DE FITTE;M;4359954;142967;310
2,02E+11;18;6;5;1330;1;2;9;1;3;555;ECHANGEUR PALAYS;M;4355785;149274;310
2,02E+11;18;6;5;1700;1;2;1;3;6;555;RTE D AGDE;M;4362949;148298;310
2,02E+11;18;6;6;1815;1;1;1;1;4;555;VA007331 A620;M;4356166;148885;310
2,02E+11;18;6;6;2000;1;2;1;1;3;555;RTE DE SEYSSES;M;4356675;141173;310
2,02E+11;18;6;6;1325;1;2;1;1;3;149;CHASSE (CHEMIN DE LA);M;4360409;131379;310
2,02E+11;18;6;7;805;1;2;1;1;2;555;RUE LOUIS PLANA;M;4361014;147922;310