Num_Acc;an;mois;jour;hrmn;lum;agg;int;atm;col;com;adr;gps;lat;long;dep
2,02E+11;18;10;4;1530;1;2;1;1;6;172;MARES (AVENUE HENRI);M;4362024;385555;340
2,02E+11;18;10;4;1720;1;2;1;1;6;172;VIEILLE POSTE (RUE DE LA;M;4361392;390604;340
2,02E+11;18;10;4;1830;1;2;1;1;3;172;GUIRAUD (RUE LOUISE);M;4360520;387350;340
2,02E+11;18;10;5;830;1;2;1;1;6;172;GARRATS (AVENUE DES);M;4361227;383888;340
2,02E+11;18;10;5;1900;1;2;1;1;3;172;RAYMOND DUGRAND (AVENUE);M;4360469;389941;340
2,02E+11;18;10;5;1745;1;2;1;1;3;172;RIMBAUD (RUE PAUL);M;4361789;383926;340
2,02E+11;18;10;5;1720;1;2;1;1;6;172;LAVERUNE (ROUTE DE;M;4360199;385350;340
2,02E+11;18;10;5;1150;1;2;1;1;2;172;LODEVE (AVENUE DE;M;4361456;383526;340
2,02E+11;18;10;7;2110;3;2;1;1;7;172;JOUHAUX (AVENUE LEON);M;4360457;381981;340
2,02E+11;18;10;8;1000;1;2;1;1;6;172;RIMBAUD (RUE PAUL);M;4361830;384442;340
2,02E+11;18;10;8;1040;1;2;1;8;3;172;GANGES (ROUTE DE;M;4362820;385797;340
2,02E+11;18;10;9;933;1;2;1;1;6;172;EUROPE (AVENUE DE L');M;4363712;382285;340
2,02E+11;18;10;2;1730;1;2;3;1;3;129;PITTOSPORES (RUE DES);M;4356664;386993;340
2,02E+11;18;10;10;1710;1;2;1;3;2;198;PAGNOL (AVENUE MARCEL);M;4355285;396841;340
2,02E+11;18;10;10;1815;2;2;1;3;6;172;JANVIER (RUE GUILLAUME);M;4359631;386559;340
2,02E+11;18;10;10;1900;4;2;3;2;2;172;CHOLET (RUE DE);M;4358359;386638;340
2,02E+11;18;10;10;1240;1;2;1;1;3;172;FLANDRES-DUNKERQUE (PLAC;M;4359047;385586;340
2,02E+11;18;10;11;1630;1;2;1;8;3;172;LIBERTE (AVENUE DE LA;M;4361176;382596;340
2,02E+11;18;10;11;2010;5;2;1;8;3;172;JUSTICE DE CASTELNAU (AV;M;4362709;389009;340
2,02E+11;18;10;13;1330;1;2;1;1;2;172;NERUDA (AVENUE PABLO);M;4361360;382226;340
2,02E+11;18;10;13;2005;5;2;1;1;3;172;ARCEAUX (BOULEVARD DES);M;4361195;386238;340
2,02E+11;18;10;16;1730;1;2;1;8;6;172;FERMAUD ENCLOS;M;4360203;387313;340
2,02E+11;18;10;17;2;5;2;1;1;2;172;LODEVE (AVENUE DE;M;4360990;386250;340
2,02E+11;18;10;17;720;1;2;3;1;3;172;LODEVE (AVENUE DE;M;4361156;384634;340
2,02E+11;18;10;17;745;1;2;1;1;2;172;LIBERTE (AVENUE DE LA;M;4361177;382585;340
2,02E+11;18;10;17;1215;1;2;1;1;3;172;ROC DE PEZENAS (RUE DU);M;4360310;385486;340
2,02E+11;18;10;18;1555;1;2;1;1;5;129;CLAIR (RUE RENE);M;4358378;393401;340
2,02E+11;18;10;18;2030;5;2;1;1;7;172;JANVIER (RUE GUILLAUME);M;4359597;386584;340
2,02E+11;18;10;19;1800;1;2;1;1;3;172;FLAHAULT (AVENUE CHARLES;M;4361999;386530;340
2,02E+11;18;10;20;2127;5;2;1;1;3;172;TOULOUSE (AVENUE DE;M;4360007;386713;340
2,02E+11;18;10;22;1630;1;2;1;1;6;172;RENOUVIER (BOULEVARD);M;4360286;386779;340
2,02E+11;18;10;22;1720;1;2;9;7;6;172;MARCHE GARE (AVENUE DU);M;4358457;388404;340
2,02E+11;18;10;23;1155;1;2;1;1;6;172;LAURAGAIS (AVENUE DU);M;4363113;382102;340
2,02E+11;18;10;26;2040;1;2;1;1;6;172;ANTIGONE (BOULEVARD D');M;4360913;388872;340
2,02E+11;18;10;23;1555;1;2;3;1;3;172;PONT JUVENAL (AVENUE DU);M;4360593;389424;340
2,02E+11;18;10;23;1800;1;2;2;1;6;129;D21 E1;M;4359094;390852;340
2,02E+11;18;10;23;1905;2;2;1;1;2;172;LIBERTE (AVENUE DE LA;M;4360962;383774;340
2,02E+11;18;10;24;930;1;2;1;1;6;172;CATALPAS (RUE DES);M;4359221;388463;340
2,02E+11;18;10;26;1010;1;2;3;7;5;172;LODEVE (AVENUE DE;M;4361238;384519;340
2,02E+11;18;10;26;1840;5;2;1;1;6;129;CARNON (ROUTE DE  D21);M;4358227;392646;340
2,02E+11;18;10;25;2015;5;2;1;1;6;172;MONTPELLIER (AVENUE MARI;M;4360174;390041;340
2,02E+11;18;10;29;1445;1;2;1;2;6;172;LEVAT (RUE);M;4360475;387891;340
2,02E+11;18;10;29;1700;5;2;1;2;6;172;TOULOUSE (AVENUE DE;M;4359744;386433;340
2,02E+11;18;10;29;640;2;2;1;2;3;172;SOULAS (AVENUE DU PERE;M;4362805;384609;340
2,02E+11;18;10;30;1350;1;2;1;1;7;172;TANNEURS (QUAI DES);M;4361560;387617;340
2,02E+11;18;10;30;1825;3;1;1;1;3;172;LAVERUNE (ROUTE DE;M;4359265;382821;340
2,02E+11;18;11;2;910;1;2;6;1;3;172;CHATEAU D'O (ROND-POINT;M;4363086;384174;340
2,02E+11;18;11;3;630;5;2;1;1;7;172;VANIERES (AVENUE DE);M;4359520;384818;340
2,02E+11;18;11;3;650;2;2;2;1;3;172;GRAND SAINT JEAN (RUE DU;M;4360475;387679;340
2,02E+11;18;11;4;630;5;2;1;1;7;172;DUBOUT (AVENUE ALBERT);M;4359702;388568;340
2,02E+11;18;11;5;1400;1;2;1;8;2;172;BADIE (PONT VINCENT);M;4363063;382227;340
2,02E+11;18;11;5;1705;2;2;1;2;4;172;CHASSEURS (RUE DES);M;4360161;385773;340
2,02E+11;18;11;6;930;1;2;3;1;3;172;RIMBAUD (RUE PAUL);M;4361806;384395;340
2,02E+11;18;11;6;2340;5;2;1;1;7;172;RAYMOND DUGRAND (AVENUE);M;4359550;390521;340
2,02E+11;18;11;7;1200;1;2;1;8;3;172;PALAVAS (AVENUE DE);M;4359941;388517;340
2,02E+11;18;11;7;2240;5;2;2;2;3;172;DUBOUT (AVENUE ALBERT);M;4359692;387777;340
2,02E+11;18;11;9;1630;1;2;1;2;1;172;ARCEAUX (BOULEVARD DES);M;4361180;386583;340
2,02E+11;18;11;9;2035;5;2;1;1;2;172;LIBERTE (AVENUE DE LA;M;4360729;386375;340
2,02E+11;18;11;10;715;1;2;1;1;3;172;PORTALIERE DES MASQUES (;M;4361513;386626;340
2,02E+11;18;11;10;1745;5;2;2;2;3;172;TOULOUSE (AVENUE DE;M;4359734;386424;340
2,02E+11;18;11;13;1508;1;1;2;1;3;129;CARNON (ROUTE DE  D21);M;4358647;392930;340
2,02E+11;18;11;14;1215;1;2;6;8;3;172;FRANKLIN (ROND POINT BEN;M;4361831;391272;340
2,02E+11;18;11;15;1750;3;2;1;1;2;129;EUROPE (AVENUE DE L');M;4357148;389610;340
2,02E+11;18;11;15;945;1;2;9;1;3;172;PIC SAINT LOUP (AVENUE D;M;4363920;385403;340
2,02E+11;18;11;15;1130;1;2;3;1;3;172;DOMITIENNE (VOIE);M;4362370;386180;340
2,02E+11;18;11;16;935;1;2;1;1;7;172;NOUVEAU MONDE (ALLEE DU);M;4360727;388625;340
2,02E+11;18;11;18;308;3;1;1;1;6;129;PALAVAS D986 (ROUTE DE);M;4357740;389749;340
2,02E+11;18;11;17;2030;5;2;1;1;2;172;LIBERTE (AVENUE DE LA;M;4360891;384184;340
2,02E+11;18;11;21;605;3;2;1;8;7;172;RIEUCOULON (ROND-POINT D;M;4358329;384838;340
2,02E+11;18;11;21;935;1;2;1;1;3;172;NERUDA (AVENUE PABLO);M;4361219;382395;340
2,02E+11;18;11;22;1820;5;2;1;1;6;172;CASTELNAU (AVENUE DE);M;4361887;387928;340
2,02E+11;18;11;23;1655;2;2;1;2;3;172;LECLERC (AVENUE DU MAREC;M;4359422;388535;340
2,02E+11;18;11;24;1525;1;2;3;1;6;172;HIRONDELLE (RUE DE L');M;4362620;388522;340
2,02E+11;18;11;24;2240;5;2;2;1;6;172;BRINGUIER (AVENUE PAUL);M;4361618;384086;340
2,02E+11;18;11;25;1800;5;2;1;2;6;172;EUROPE (AVENUE DE L');M;4363871;382248;340
2,02E+11;18;11;26;830;1;2;1;1;6;172;SOPHORAS (ALLEE DES);M;4360084;386816;340
2,02E+11;18;11;26;1205;1;2;1;1;3;172;MARES (AVENUE HENRI);M;4362052;385703;340
2,02E+11;18;11;28;1020;1;2;1;1;6;172;GARRATS (AVENUE DES);M;4361214;383889;340
2,02E+11;18;11;30;313;5;2;1;2;6;172;MONTASINOS (RUE DE;M;4362292;388012;340
2,02E+11;18;11;28;1010;1;2;1;1;6;129;PONT DE GUERRE;M;4357560;387272;340
2,02E+11;18;12;2;2050;5;2;1;1;6;172;TRIOLET (RUE DU);M;4362447;386267;340
2,02E+11;18;12;3;400;5;2;1;1;6;172;BRAILLE (RUE LOUIS);M;4360894;386423;340
2,02E+11;18;12;4;2200;5;2;3;1;3;172;DOMITIENNE (VOIE);M;4362438;386271;340
2,02E+11;18;11;30;2010;5;2;2;1;3;172;LODEVE (AVENUE DE;M;4361451;383562;340
2,02E+11;18;12;5;1845;2;2;2;1;6;172;MOUSSERON (RUE MAX);M;4362088;388389;340
2,02E+11;18;12;6;1810;5;2;2;1;3;172;JUSTICE DE CASTELNAU (AV;M;4362612;387729;340
2,02E+11;18;12;7;1650;2;2;1;1;6;172;MIQUEL (ALLEE JEAN);M;4359807;388718;340
2,02E+11;18;12;8;1920;5;2;1;1;4;172;DUBOUT (AVENUE ALBERT);M;4359942;389314;340
2,02E+11;18;12;9;255;5;2;2;1;6;172;ZAMENHOF (RUE LEJZER);M;4361607;382595;340
2,02E+11;18;12;6;1610;1;2;1;7;6;172;CLEMENCEAU (AVENUE GEORG;M;4360261;387060;340
2,02E+11;18;12;9;1320;1;2;2;8;3;172;EINSTEIN (AVENUE ALBERT;M;4360837;390660;340
2,02E+11;18;12;9;1705;2;2;1;1;6;172;LIBERTE (AVENUE DE LA;M;4360884;384350;340
2,02E+11;18;12;10;1520;1;2;1;1;6;172;PALAVAS (AVENUE DE);M;4359635;388741;340
2,02E+11;18;12;11;900;1;2;2;1;1;172;PAVELET (AVENUE DU COLON;M;4358170;386451;340
2,02E+11;18;12;12;1520;1;2;2;8;6;172;MAS DE MERLE (RUE DU);M;4360508;385934;340
2,02E+11;18;12;16;552;5;2;3;9;6;172;FRANQUE (RUE FRANCOIS);M;4361116;387186;340
2,02E+11;18;12;16;600;5;2;2;2;3;172;TOULOUSE (AVENUE DE;M;4359743;386421;340
2,02E+11;18;12;18;500;5;2;1;1;1;172;LIBERTE (AVENUE DE LA;M;4360073;386876;340
2,02E+11;18;12;17;1430;1;2;1;1;2;172;JUSTICE DE CASTELNAU (AV;M;4362621;388322;340
2,02E+11;18;12;16;1850;5;2;1;2;1;129;D172;M;4357264;391868;340
2,02E+11;18;12;17;1740;5;2;1;1;6;172;MAURIN (AVENUE DE;M;4359546;387461;340
2,02E+11;18;12;22;1710;2;2;1;1;6;172;LAVERUNE (ROUTE DE;M;4360252;385446;340
2,02E+11;18;12;23;1600;1;2;1;1;6;172;SCHUMAN (PLACE ROBERT);M;4361763;381900;340
2,02E+11;18;12;24;2340;5;2;3;1;3;172;LAVERUNE (ROUTE DE;M;4360098;385032;340
2,02E+11;18;12;26;1320;1;2;1;1;2;172;SAINT LAZARE (AVENUE DE);M;4361790;388640;340
2,02E+11;18;12;26;1350;1;2;1;1;3;172;TOULOUSE (AVENUE DE;M;4359950;386650;340
2,02E+11;18;12;26;1657;2;2;9;1;3;172;LAVERUNE (ROUTE DE;M;4360202;385340;340
2,02E+11;18;12;27;1720;5;2;1;1;2;172;JEUNE PARQUE (RUE DE LA);M;4358220;386814;340
2,02E+11;18;12;31;1550;1;2;1;1;3;172;CROIX DE FIGUEROLLES (RU;M;4360471;384922;340
2,02E+11;18;10;7;2120;3;1;1;1;1;108;RD 600;M;4344427;371415;340
2,02E+11;18;1;24;1400;1;2;3;1;3;108;0  CARAMUS (QUAI DE);M;4344478;376145;340
2,02E+11;18;2;5;1830;4;2;1;3;7;301;50  BOSC (QUAI DE);M;4340919;369424;340
2,02E+11;18;2;6;2125;3;1;1;2;1;108;RD 612;M;4342774;375208;340
2,02E+11;18;3;23;1620;1;1;1;7;6;108;RD 612;M;4342311;374331;340
2,02E+11;18;3;26;1935;1;1;1;7;6;301;RD 612;M;4337766;363202;340
2,02E+11;18;4;1;1818;1;2;4;1;5;301;CORMORANS (RUE DES);M;4342009;367324;340
2,02E+11;18;4;13;800;1;2;9;1;1;301;PIERRES BLANCHES (MONTEE;M;4340043;366833;340
2,02E+11;18;4;20;850;1;2;1;1;6;301;VERDUN (BOULEVARD DE);M;4341252;368329;340
2,02E+11;18;5;7;2025;2;2;3;1;3;301;BLANC CAMILLE (BOULEVARD;M;4340759;366598;340
2,02E+11;18;4;1;1810;1;1;1;1;7;108;81иme R.I. (AVENUE DU);M;4344036;375926;340
2,02E+11;18;6;6;1945;1;2;4;1;1;108;BALARUC (ROUTE DE);M;4344172;371433;340
2,02E+11;18;6;21;1100;1;2;1;1;3;301;RD2E2 Route de Balaruc;M;4341452;369908;340
2,02E+11;18;7;4;921;1;1;1;1;5;108;RD 600;M;4343041;372136;340
2,02E+11;18;7;29;1405;1;2;2;1;1;301;CURIE (BOULEVARD JOLIOT);M;4339764;366511;340
2,02E+11;18;6;6;10;5;2;3;1;3;301;BOSC (QUAI DE);M;4340681;369605;340
2,02E+11;18;8;24;1105;1;1;1;1;5;301;RD2 Route de Balaruc;M;4341373;369573;340
2,02E+11;18;9;14;2015;1;2;3;1;3;301;NEUBURG (CORNICHE DE);M;4339385;366512;340
2,02E+11;18;10;5;2105;3;1;1;1;2;108;RD 600;M;4343180;372094;340
2,02E+11;18;11;1;1215;1;1;1;1;5;301;AGDE (ROUTE DE);M;4334266;357781;340
2,02E+11;18;11;13;1940;3;1;3;1;3;108;SETE (ROUTE DE);M;4343330;370248;340
2,02E+11;18;10;5;1240;1;2;6;1;3;301;LECLERC PHILIPPE MARECHA;M;4339384;367999;340
2,02E+11;18;1;5;1355;1;2;2;1;1;115;21  ROUERIE (RUE DE LA);M;4820380;-119970;350
2,02E+11;18;1;9;1710;2;2;2;2;6;115;74  ROUSSIN (BOULEVARD E;M;4834555;-119608;350
2,02E+11;18;2;2;1215;1;2;1;3;6;115;8  LECLERC (Bd Marйchal);M;4835383;-119916;350
2,02E+11;18;2;11;1845;5;2;1;8;6;115;JEANNE D'ARC (RUE);M;4835456;-119610;350
2,02E+11;18;5;5;1045;1;2;1;1;2;115;GORRON (ROUTE DE);M;4836560;-118354;350
2,02E+11;18;6;1;1640;1;2;2;1;3;115;ROUSSIN (BOULEVARD EDMON;M;4834508;-119268;350
2,02E+11;18;6;21;920;1;2;1;1;1;115;GUE MAHEU (PROMENADE DU);M;4833917;-120826;350
2,02E+11;18;7;20;1710;1;2;9;1;6;115;FRANCAIS LIBRES (RUE DES;M;4834679;-118090;350
2,02E+11;18;8;26;1740;1;2;1;1;6;115;FORET (RUE DE LA);M;4835758;-119472;350
2,02E+11;18;8;30;750;1;2;6;1;3;115;GROSLAY (BD DE JUSQU'AU;M;4835113;-118504;350
2,02E+11;18;10;4;1928;2;2;1;1;6;115;FORET (RUE DE LA);M;4835699;-119727;350
2,02E+11;18;10;24;740;3;1;1;1;6;150;MONET (BD JEAN DE LA);M;4836887;-119807;350
2,02E+11;18;1;1;2000;5;2;2;1;6;238;149 rue D'Antrain;M;4812481;-166706;350
2,02E+11;18;1;2;1848;5;2;1;2;6;238;41  JANVIER (AVENUE JEAN;M;4810640;-167311;350
2,02E+11;18;1;2;2110;5;2;1;8;3;238;114  LORIENT (DE);M;4810713;-172283;350
2,02E+11;18;1;3;1532;1;2;1;1;6;238;15  LAMARTINE (QUAI);M;4811016;-167855;350
2,02E+11;18;1;4;1915;5;1;1;1;2;238;ROCADE 15-16;M;4811737;-171945;350
2,02E+11;18;1;3;718;5;2;6;6;7;51;00  ALLIES (BOULEVARD DE;M;4812290;-162082;350
2,02E+11;18;1;10;1219;1;2;1;1;3;281;BENOIT (RUE FREDERIC);M;4808693;-170847;350
2,02E+11;18;1;5;1705;1;2;1;1;6;238;01  SAXE (CARRE DE);M;4808956;-165180;350
2,02E+11;18;1;6;1645;1;2;2;1;3;238;03  MOUNIER (BD EMMANUEL;M;4812544;-166426;350
2,02E+11;18;1;7;900;4;2;2;2;3;238;01  LAMENNAIS (QUAI);M;4810984;-168020;350
2,02E+11;18;1;7;1955;3;1;1;1;4;278;RD 137;M;4817376;-171624;350
2,02E+11;18;1;8;1030;1;2;1;8;6;238;4  CANADA (AVENUE DU);M;4808895;-168235;350
2,02E+11;18;1;9;926;1;2;1;1;6;238;4  LEFAS (ALEXANDRE);M;4813025;-165797;350
2,02E+11;18;1;10;1330;1;2;2;7;7;238;70  BERNARD (CLAUDE);M;4809873;-169452;350
2,02E+11;18;1;7;1955;3;1;1;1;7;278;RD 137;M;4817376;-171625;350
2,02E+11;18;1;11;1224;1;2;2;1;3;238;00  LEROUX (BD OSCAR);M;4809135;-166602;350
2,02E+11;18;1;12;830;5;2;2;1;3;238;00  GROS MALHON (AVENUE);M;4812787;-168341;350
2,02E+11;18;1;12;1820;3;1;1;1;4;51;RN157;M;4811383;-155425;350
2,02E+11;18;1;12;1830;5;2;2;1;4;238;00  BRETAGNE (PLACE DE);M;4811019;-168521;350
2,02E+11;18;1;12;2045;3;1;1;1;2;278;RN136;M;4813992;-169545;350
2,02E+11;18;1;14;1820;5;2;6;1;7;238;1  ROBERT MERLE (MAIL);M;4808392;-167765;350
2,02E+11;18;1;15;750;5;2;2;2;3;238;1  AMYS (PIERRE);M;4810992;-165638;350
2,02E+11;18;1;16;1200;1;1;1;1;2;238;RN136;M;4813006;-171076;350
2,02E+11;18;1;17;1535;1;2;1;1;2;238;243  CHATEAUGIRON (DE);M;4809297;-163094;350
2,02E+11;18;1;17;1930;5;2;2;1;3;238;50  LEGRAVEREND;M;4811784;-168553;350
2,02E+11;18;1;18;1255;1;1;6;2;2;51;BEAULIEU (PORTE DE);M;4810238;-161012;350
2,02E+11;18;1;18;2000;5;2;2;1;6;238;00  POINCARE (BD RAYMOND;M;4812532;-165290;350
2,02E+11;18;1;18;1040;1;2;3;2;6;238;00  COLOMBIER (BD DU);M;4810232;-168080;350
2,02E+11;18;1;20;1600;1;2;1;2;2;206;RN136;M;4807991;-168312;350
2,02E+11;18;1;20;2100;5;2;2;2;3;238;327  PATTON (AVENUE DU G;M;4813851;-165857;350
2,02E+11;18;1;22;810;5;1;2;2;3;281;00  PATIS-DES-COUASNES (;M;4808119;-172729;350
2,02E+11;18;1;23;1930;5;2;1;1;2;238;50  ALMA (DE L');M;4810136;-167621;350
2,02E+11;18;1;24;1842;5;2;1;2;6;238;118  ALMA (DE L');M;4809666;-167493;350
2,02E+11;18;1;24;1700;3;2;2;2;3;278;00  BERTAICHE  (LIEU DIT;M;4816520;-168196;350
2,02E+11;18;1;23;1840;3;2;3;1;3;238;00  GAMBETTA;M;4811133;-167479;350
2,02E+11;18;1;25;650;5;2;6;1;3;51;00  ALLIES (BOULEVARD DE;M;4811382;-162063;350
2,02E+11;18;1;25;820;5;2;1;2;3;238;256  SAINT-MALO (RUE DE);M;4812637;-168603;350
2,02E+11;18;1;26;915;1;2;1;1;6;238;77  VOLCLAIR (BD LOUIS);M;4808851;-166343;350
2,02E+11;18;1;26;2115;5;2;2;1;3;238;63  MITTERAND (MAIL FRAN;M;4810901;-169092;350
2,02E+11;18;1;28;1400;1;2;1;1;6;238;30  TREMBLAIE (DE LA);M;4809980;-162760;350
2,02E+11;18;1;29;1635;1;2;1;1;3;51;15  BRAY (RUE DE);M;4810614;-162562;350
2,02E+11;18;1;30;730;3;1;1;2;6;51;RN157;M;4811717;-156860;350
2,02E+11;18;1;31;1405;1;2;2;2;3;238;3  GAYEULLES (AVENUE DES;M;4812861;-165218;350
2,02E+11;18;1;31;1645;1;1;1;8;4;238;RN 136;M;4811014;-171787;350
2,02E+11;18;1;31;1905;5;2;2;2;6;238;2  MENDES FRANCE (BD PIE;M;4809472;-169030;350
2,02E+11;18;1;31;2210;3;1;1;2;2;238;RN136;M;4811465;-171897;350
2,02E+11;18;2;1;840;2;2;3;2;6;238;32  ALBERT 1ER (BD);M;4808918;-168064;350
2,02E+11;18;2;2;1120;1;1;1;1;2;278;RD 137;M;4815728;-170380;350
2,02E+11;18;2;2;1405;1;2;6;1;6;238;356  NANTES (DE);M;4808342;-169695;350
2,02E+11;18;2;2;2108;5;2;3;2;3;238;47  CAPITAINE MAIGNANT (;M;4810385;-168083;350
2,02E+11;18;2;4;1830;3;1;1;1;1;278;RD 29;M;4815962;-169566;350
2,02E+11;18;2;5;1145;1;1;1;1;4;51;RN157;M;4811406;-155619;350
2,02E+11;18;2;5;1705;1;2;1;1;6;238;2  TARRIERE (JACQUES);M;4809224;-165485;350
2,02E+11;18;2;5;1800;2;2;1;1;6;238;24  SAINT-HELIER;M;4810732;-167187;350
2,02E+11;18;2;6;1455;1;2;1;1;2;238;MONTS D'ARREE (AVENUE DE;M;4813619;-166083;350
2,02E+11;18;2;7;2030;5;2;1;1;3;238;259  CHATEAUGIRON (DE);M;4809352;-163253;350
2,02E+11;18;2;8;1124;1;2;1;7;7;238;00  VERN (DE);M;4808881;-164478;350
2,02E+11;18;2;9;1914;5;2;1;2;6;238;12  ESPAGNE (D');M;4808661;-167209;350
2,02E+11;18;2;10;1104;1;2;1;1;1;238;00  ROPARTZ (GUY);M;4812911;-165672;350
2,02E+11;18;2;10;2038;5;2;2;8;3;238;83  DE LATTRE DE TASSIGN;M;4811799;-168614;350
2,02E+11;18;2;11;1238;1;1;1;1;2;278;PORTE DE ST MALO;M;4813819;-169394;350
2,02E+11;18;2;12;1201;1;2;1;1;2;238;BREST (DE);M;4811266;-169371;350
2,02E+11;18;2;13;1410;1;1;1;2;2;238;PORTE ALMA;M;4808048;-167937;350
2,02E+11;18;2;13;1932;5;2;1;1;6;281;DODIN (AVENUE ROGER);M;4808075;-171229;350
2,02E+11;18;2;14;1916;3;1;1;1;2;238;PORTE DE VILLEJEAN;M;4811909;-172014;350
2,02E+11;18;2;14;2055;5;2;1;2;1;238;00  UKRAINE (ALLEE D');M;4808219;-167555;350
2,02E+11;18;2;15;130;5;2;2;2;7;238;PAPU;M;4811148;-169077;350
2,02E+11;18;2;15;1850;5;2;2;1;3;238;BOSPHORE (DU);M;4808561;-167507;350
2,02E+11;18;2;17;941;1;2;1;1;1;55;9  DE BEAUVOIR SIMONE;M;4809237;-160792;350
2,02E+11;18;2;17;1556;1;2;3;1;3;238;2  CHURCHILL (AVENUE SIR;M;4811755;-170798;350
2,02E+11;18;2;18;1619;1;2;2;8;3;238;6  BUFERON (DE);M;4809998;-168670;350
2,02E+11;18;2;19;745;2;2;1;1;3;238;9BIS  VOLNEY (BD);M;4812389;-166569;350
2,02E+11;18;2;19;1928;5;2;1;2;7;238;1  DANTON;M;4811484;-165688;350
2,02E+11;18;2;19;2240;5;2;1;8;7;238;2  JANVIER (AVENUE JEAN);M;4810887;-167381;350
2,02E+11;18;2;20;325;5;2;2;1;3;238;  DUJARDIN (QUAI);M;4811020;-167421;350
2,02E+11;18;2;20;1415;1;2;3;8;3;238;216  LORIENT (DE);M;4810700;-172805;350
2,02E+11;18;2;21;1406;1;1;1;1;4;238;PORTE DE CLEUNAY;M;4810746;-171728;350
2,02E+11;18;2;25;1313;1;2;6;1;7;51;ALLIES (BOULEVARD DES);M;4811372;-162092;350
2,02E+11;18;2;21;1430;1;2;2;1;3;238;00  FREVILLE (AVENUE HEN;M;4808375;-167453;350
2,02E+11;18;2;21;1310;1;2;3;1;6;238;222  LORIENT (DE);M;4810652;-173106;350
2,02E+11;18;2;22;1228;1;2;3;1;3;238;99  ANTRAIN (D') DE 43 E;M;4812128;-167117;350
2,02E+11;18;2;22;1008;1;2;4;1;2;206;PORTE ALMA;M;4808042;-167960;350
2,02E+11;18;2;23;1047;1;1;1;1;2;238;ROCADE 13-14;M;4810043;-171504;350
2,02E+11;18;2;23;1408;1;2;1;1;4;238;1  AVENUE DES PREALES;M;4811284;-163929;350
2,02E+11;18;2;25;1720;1;2;7;1;6;278;00  DUCHESSE ANNE (RUE D;M;4815173;-168475;350
2,02E+11;18;2;26;1343;1;2;3;1;1;238;26  LORIENT (DE);M;4810805;-170064;350
2,02E+11;18;2;27;1122;1;2;1;1;6;278;00  CHATEAUBRIAND (RUE);M;4815388;-168338;350
2,02E+11;18;2;22;1430;1;1;1;1;2;278;RD 137;M;4815812;-170468;350
2,02E+11;18;2;28;730;1;2;6;1;6;238;00  GERARD (MICHEL);M;4809284;-163985;350
2,02E+11;18;2;28;850;1;2;1;7;6;238;59-56  SAINT-HELIER;M;4810643;-166821;350
2,02E+11;18;2;28;1247;1;1;1;1;6;238;00  PREVALAYE (CHEMIN DE;M;4808711;-173583;350
2,02E+11;18;2;28;1919;3;2;1;1;6;51;12  PARIS (RUE DE);M;4811434;-160279;350
2,02E+11;18;3;1;1334;1;1;1;2;7;278;RD 91;M;4816394;-168240;350
2,02E+11;18;3;4;1749;1;2;1;1;2;238;79  BRIAND (AVENUE ARIST;M;4811020;-166252;350
2,02E+11;18;3;5;1712;1;2;1;2;6;238;00  BERNANOS (PLACE GEOR;M;4812384;-166028;350
2,02E+11;18;3;6;2059;3;2;4;2;2;238;6  VERN (DE);M;4810161;-165971;350
2,02E+11;18;3;7;1748;1;1;1;2;4;51;EST (ROCADE);M;4811276;-158248;350
2,02E+11;18;3;9;1815;1;2;3;1;4;238;31  PAVIE (AUGUSTE);M;4810397;-163622;350
2,02E+11;18;3;10;1600;1;1;9;1;7;51;A84;M;4814847;-159540;350
2,02E+11;18;3;18;200;5;2;3;8;2;238;  AVENUE DES PREALES;M;4811289;-163966;350
2,02E+11;18;3;11;2211;5;2;6;8;7;238;00  BERGER (AVENUE GASTO;M;4812131;-170427;350
2,02E+11;18;11;15;1500;1;2;1;1;6;238;POLOGNE (AVENUE DE);M;4808979;-165066;350
2,02E+11;18;3;12;949;1;2;1;1;2;238;10  KENNEDY (COURS JOHN-;M;4812141;-170599;350
2,02E+11;18;7;25;1500;1;2;1;2;6;238;LECLERC (AVENUE DU GENER;M;4811460;-165066;350
2,02E+11;18;3;12;1953;5;2;2;2;3;238;00  LORIENT (DE);M;4810893;-171015;350
2,02E+11;18;3;13;934;1;1;1;1;2;51;BEAULIEU (PORTE DE);M;4810559;-160184;350
2,02E+11;18;3;13;1259;1;2;1;1;6;238;00  LORIENT (DE);M;4810716;-172347;350
2,02E+11;18;3;14;835;1;1;1;1;2;278;RD 137;M;4814020;-169076;350
2,02E+11;18;3;15;2109;5;2;3;8;3;238;17  VERN (DE);M;4810075;-165889;350
2,02E+11;18;3;14;931;1;1;1;1;5;51;40.100  PORTE DE LA RIGO;M;4811402;-155486;350
2,02E+11;18;3;16;1217;1;1;1;2;2;206;PORTE ALMA;M;4808082;-167876;350
2,02E+11;18;3;16;1420;1;2;1;3;7;238;86  SAINT-HELIER;M;4810623;-166745;350
2,02E+11;18;3;16;1506;1;2;3;1;3;238;00  HENRY (RECTEUR PAUL);M;4812498;-170014;350
2,02E+11;18;3;16;1544;1;2;1;1;2;238;19  BOURGEOIS (BOULEVARD;M;4809878;-165395;350
2,02E+11;18;3;16;1630;1;2;1;1;6;238;13  TREGAIN (DE);M;4812572;-166042;350
2,02E+11;18;3;18;1320;1;1;1;1;7;278;PORTE DE ST MALO;M;4813991;-169674;350
2,02E+11;18;3;19;2058;5;2;2;1;3;238;00  FREVILLE (AVENUE HEN;M;4809374;-167425;350