Num_Acc;an;mois;jour;hrmn;lum;agg;int;atm;col;com;adr;gps;lat;long;dep
2,02E+11;18;3;20;841;1;2;2;7;3;238;SEVIGNE (BD DE);M;4811628;-166617;350
2,02E+11;18;3;23;615;5;2;6;2;7;278;00  MELESSE (ROND POINT;M;4816135;-168988;350
2,02E+11;18;3;23;850;1;2;2;1;3;238;  MONNAIE ( DE LA);M;4811020;-168460;350
2,02E+11;18;3;24;1704;1;1;1;1;7;278;00  RD 91;M;4816581;-168178;350
2,02E+11;18;3;25;1303;1;1;1;1;7;238;00  PORTE DE VILLEJEAN;M;4812525;-171801;350
2,02E+11;18;3;28;801;1;2;3;2;6;281;rue du Patis des Couasne;M;4807464;-171432;350
2,02E+11;18;3;28;1830;1;2;1;1;6;238;  YOUGOSLAVIE (BD DE);M;4808758;-165439;350
2,02E+11;18;3;28;1845;1;2;6;1;2;51;00  FONTAINE (AVENUE DE;M;4812709;-161381;350
2,02E+11;18;3;29;857;1;1;2;2;3;238;00  PREVALAYE (CHEMIN DE;M;4809807;-172705;350
2,02E+11;18;3;29;1200;1;2;3;3;6;238;00  BELLEVILLE (DE);M;4810144;-165968;350
2,02E+11;18;3;31;10;5;2;1;1;6;238;41  JANVIER (AVENUE JEAN;M;4810564;-167289;350
2,02E+11;18;4;2;1610;1;2;1;2;6;238;SEPT (7ш) D'ARTILLERIE (;M;4810338;-167912;350
2,02E+11;18;4;10;2056;5;2;2;1;3;238;CHATEAUGIRON (DE);M;4809525;-163774;350
2,02E+11;18;4;12;1640;1;1;1;1;2;238;ROCADE 13-14;M;4812333;-171828;350
2,02E+11;18;4;14;1324;1;2;1;1;6;238;MOINE (LOUIS ET RENE);M;4809206;-168196;350
2,02E+11;18;4;19;900;1;1;1;1;2;51;LONGCHAMPS (PORTE DES);M;4814858;-161233;350
2,02E+11;18;4;19;1740;1;2;1;1;6;238;BRIAND (AVENUE ARISTIDE);M;4811009;-166332;350
2,02E+11;18;4;19;2220;3;1;9;1;7;278;RD 137;M;4814547;-169835;350
2,02E+11;18;4;23;1930;1;2;6;1;2;238;FREVILLE (AVENUE HENRI);M;4808195;-167507;350
2,02E+11;18;4;24;830;1;1;1;1;4;51;ARGENTRE (BOULEVARD BERT;M;4813518;-159235;350
2,02E+11;18;3;25;739;5;2;3;2;3;238;00  POMPIDOU ( BD GEORGE;M;4809736;-168884;350
2,02E+11;18;4;24;1255;1;2;1;1;6;238;GUILLAUDOT ( DU GENERAL;M;4811583;-167420;350
2,02E+11;18;4;4;1151;1;2;2;2;3;238;BERNARD (CLAUDE);M;4810354;-169395;350
2,02E+11;18;4;6;1505;1;2;1;1;2;238;DUCHESSE ANNE (BLD DE LA;M;4811883;-166724;350
2,02E+11;18;4;24;2230;3;1;1;1;7;51;;M;4811920;-157255;350
2,02E+11;18;4;7;2013;2;2;2;3;7;238;CHATEAU (AVENUE FRANCOIS;M;4811029;-165549;350
2,02E+11;18;4;7;1805;1;1;1;2;4;238;PORTE ALMA;M;4808138;-166059;350
2,02E+11;18;4;7;2105;5;2;2;2;3;238;AUBRY (ALBERT);M;4810568;-167399;350
2,02E+11;18;4;8;1814;2;2;2;2;3;238;VANEAU;M;4810859;-169297;350
2,02E+11;18;4;10;819;1;1;1;2;3;55;RD 463;M;4809978;-160345;350
2,02E+11;18;4;10;1357;1;2;1;1;6;55;BONNIN ANDRE (AVENUE);M;4808819;-161538;350
2,02E+11;18;4;10;2038;2;2;2;1;3;238;MOTTE BRULON (DE LA);M;4812489;-166713;350
2,02E+11;18;4;12;1812;1;1;1;1;2;238;PORTE ALMA;M;4808115;-167061;350
2,02E+11;18;4;29;2200;5;2;1;2;6;238;GUILLOUX (LOUIS);M;4811112;-170085;350
2,02E+11;18;4;12;1840;1;2;1;1;3;238;TILLON (AVENUE CHARLES);M;4812430;-171303;350
2,02E+11;18;4;16;1233;1;2;1;1;6;238;CARTIER (BD JACQUES);M;4809715;-168705;350
2,02E+11;18;4;30;1345;1;2;3;8;3;238;STRASBOURG (BOULEVARD DE;M;4811165;-165622;350
2,02E+11;18;4;17;1343;1;2;1;1;6;238;BEAUMONT (BD DE);M;4810375;-167464;350
2,02E+11;18;4;17;1631;1;2;1;1;6;238;SAINT-MALO (RUE DE);M;4811733;-168091;350
2,02E+11;18;4;17;1855;1;1;1;1;4;238;ROCADE 13-14;M;4809007;-170480;350
2,02E+11;18;4;19;2325;3;1;1;1;7;51;EST (ROCADE);M;4812687;-157431;350
2,02E+11;18;4;19;1737;1;1;1;1;4;206;RN 137;M;4807132;-167625;350
2,02E+11;18;4;20;1812;2;2;1;1;6;281;RABLAIS (RUE DE LA);M;4808502;-170219;350
2,02E+11;18;4;23;1430;1;2;1;1;7;238;VOLTAIRE (BD);M;4810521;-170137;350
2,02E+11;18;4;23;1748;1;1;1;1;4;206;PORTE ALMA;M;4807953;-169365;350
2,02E+11;18;4;25;1005;1;1;1;1;3;55;MOULIN (RUE DU);M;4808929;-162572;350
2,02E+11;18;4;25;1800;1;2;1;1;6;238;MAGENTA (BD);M;4810525;-167385;350
2,02E+11;18;5;2;1420;1;2;1;2;2;238;PORTE DE CLEUNAY;M;4810307;-171619;350
2,02E+11;18;5;4;1139;1;2;1;1;6;238;BOURGEOIS (BOULEVARD LEO;M;4809902;-165329;350
2,02E+11;18;5;4;1232;1;1;1;1;2;238;ROCADE 10-11;M;4808531;-169951;350
2,02E+11;18;5;5;525;5;2;1;1;7;238;SUEDE (DE);M;4808661;-167544;350
2,02E+11;18;5;5;1953;2;1;1;1;2;278;PORTE DE ST MALO;M;4814065;-168963;350
2,02E+11;18;5;6;1853;1;2;1;1;2;238;MITTERAND (MAIL FRANCOIS;M;4810922;-169012;350
2,02E+11;18;5;6;1659;1;2;1;1;3;238;MALAKOFF;M;4810573;-169337;350
2,02E+11;18;5;6;1225;1;2;1;1;3;238;MARTENOT;M;4811312;-167402;350
2,02E+11;18;5;7;1305;1;2;1;1;6;51;PARIS (RUE DE);M;4811431;-160072;350
2,02E+11;18;5;10;2340;5;2;2;1;3;238;MITTERAND (MAIL FRANCOIS;M;4810978;-168917;350
2,02E+11;18;5;11;1341;1;2;3;1;3;238;DUVAL (ALEXANDRE);M;4810353;-169378;350
2,02E+11;18;5;11;2305;5;2;1;1;6;238;SEVIGNE (BD DE);M;4811633;-166852;350
2,02E+11;18;5;13;2020;1;2;1;1;6;238;SAINT-BRIEUC (DE);M;4811101;-170061;350
2,02E+11;18;5;14;1120;1;2;9;1;2;238;TILLON (AVENUE CHARLES);M;4812679;-168771;350
2,02E+11;18;5;9;928;1;2;2;1;3;238;FREVILLE (AVENUE HENRI);M;4808376;-167447;350
2,02E+11;18;5;9;1245;1;2;1;1;4;206;PORTE ALMA;M;4808016;-168116;350
2,02E+11;18;5;10;1630;1;2;1;1;2;238;LEMIRE (DE L'ABBE);M;4812519;-166206;350
2,02E+11;18;5;14;1640;1;2;1;1;3;238;ROPARTZ (GUY);M;4813072;-165683;350
2,02E+11;18;5;14;1712;1;2;3;1;2;238;LORIENT (DE);M;4810767;-171576;350
2,02E+11;18;5;15;1915;1;1;1;1;7;55;HALLERAIS (ROND-POINT);M;4807842;-163289;350
2,02E+11;18;5;16;1755;1;1;9;1;2;55;RD 463;M;4807711;-158979;350
2,02E+11;18;5;16;2302;5;2;1;1;6;238;TOUR D'AUVERGNE (BD DE L;M;4810203;-168432;350
2,02E+11;18;5;17;1600;1;2;1;1;3;238;CHEZY (BD DE);M;4811305;-168703;350
2,02E+11;18;5;18;850;1;1;6;1;3;238;PORTE DE NANTES;M;4808132;-167531;350
2,02E+11;18;5;23;720;1;2;9;1;6;281;GAITE (ROND-POINT);M;4808702;-170757;350
2,02E+11;18;5;23;1225;1;2;1;1;6;238;VERN (DE);M;4808891;-164463;350
2,02E+11;18;5;24;320;3;1;1;1;2;51;BEAULIEU (PORTE DE);M;4810217;-160887;350
2,02E+11;18;5;25;1840;1;2;1;1;2;51;MESLIERS (RUE DES);M;4810570;-161758;350
2,02E+11;18;5;28;2340;5;2;6;1;7;281;DODIN (AVENUE ROGER);M;4808233;-171155;350
2,02E+11;18;5;29;904;1;2;6;1;3;238;BERGER (AVENUE GASTON);M;4811745;-170460;350
2,02E+11;18;5;29;1709;1;2;6;3;3;238;BIGNON (DU);M;4809683;-163532;350
2,02E+11;18;5;27;812;1;2;9;1;3;238;CLEMENCEAU (BD GEORGES);M;4809411;-167945;350
2,02E+11;18;5;30;1650;1;2;6;1;3;238;GAYEULLES (ROND POINT);M;4812781;-165191;350
2,02E+11;18;5;31;740;1;2;6;1;3;278;MELESSE (ROND POINT DE);M;4816127;-168971;350
2,02E+11;18;5;31;1405;1;2;3;2;3;51;FOUGERES (ROUTE DE);M;4813497;-162715;350
2,02E+11;18;6;4;1933;1;1;1;2;3;281;ROCADE;M;4809286;-170802;350
2,02E+11;18;6;4;1930;1;2;1;2;3;238;MITTERAND (MAIL FRANCOIS;M;4810998;-168677;350
2,02E+11;18;6;5;1110;1;2;6;2;2;238;FREVILLE (AVENUE HENRI);M;4808194;-167509;350
2,02E+11;18;6;5;1520;1;2;9;1;2;238;SUISSE (DE);M;4808655;-166670;350
2,02E+11;18;6;5;1830;1;2;6;1;3;238;ROCADE 4-5;M;4808462;-164055;350
2,02E+11;18;6;5;2155;2;2;3;1;3;238;PAYS-BAS (AVENUE DES);M;4808529;-166103;350
2,02E+11;18;6;6;1845;1;2;2;2;3;238;VERN (DE);M;4809652;-165264;350
2,02E+11;18;6;6;2230;5;2;6;2;7;281;DODIN (AVENUE ROGER);M;4808220;-171164;350
2,02E+11;18;6;7;933;1;2;3;1;3;238;ROUTE DE ST MALO;M;4812781;-168686;350
2,02E+11;18;6;7;1235;1;2;1;1;3;238;VANEAU;M;4811073;-169295;350
2,02E+11;18;6;7;2210;5;2;1;1;6;238;LIBERTE (BD DE LA);M;4810797;-168221;350
2,02E+11;18;6;8;830;1;2;2;1;3;238;CHATILLON (DE);M;4808836;-167217;350
2,02E+11;18;6;10;515;5;2;3;5;2;238;SAINT-HELIER;M;4810270;-166138;350
2,02E+11;18;6;10;2000;1;2;3;1;3;238;BULGARIE (BD DE);M;4808468;-165394;350
2,02E+11;18;6;13;1210;1;2;1;1;6;238;REPUBLIQUE (PLACE DE LA);M;4810984;-167933;350
2,02E+11;18;6;13;2055;1;1;1;1;6;238;FOULON (AVENUE PROFESSEU;M;4812394;-164134;350
2,02E+11;18;6;13;2215;1;2;6;1;3;238;POLOGNE (AVENUE DE);M;4808768;-165100;350
2,02E+11;18;6;15;1407;1;2;3;1;3;238;LERAY (ADOLPHE);M;4810274;-166140;350
2,02E+11;18;5;23;1915;1;2;1;1;2;238;CHEZY (BD DE);M;4811674;-168622;350
2,02E+11;18;6;19;25;5;2;1;1;1;51;ALLIES (BOULEVARD DES);M;4811204;-162005;350
2,02E+11;18;6;19;1430;1;1;1;1;2;238;PORTE DE CLEUNAY;M;4810545;-171689;350
2,02E+11;18;6;20;1540;1;2;1;7;6;238;BRETAGNE (PLACE DE);M;4810876;-168444;350
2,02E+11;18;6;21;1355;1;1;1;1;2;238;ROCADE 15-16;M;4811507;-171901;350
2,02E+11;18;6;21;1600;1;2;1;1;6;238;BREST (DE);M;4811277;-169426;350
2,02E+11;18;6;23;2150;1;2;1;1;6;238;GACET (ALLEE DU);M;4808540;-166115;350
2,02E+11;18;6;26;2345;3;1;1;1;2;206;RN136;M;4807980;-168426;350
2,02E+11;18;6;27;1610;1;2;1;1;4;238;TOUR D'AUVERGNE (BD DE L;M;4810575;-168465;350
2,02E+11;18;6;28;2025;1;2;1;7;6;281;BENOIT (RUE FREDERIC);M;4808700;-170794;350
2,02E+11;18;6;28;2239;1;2;1;1;6;238;GUILLAUDOT ( DU GENERAL;M;4811500;-167444;350
2,02E+11;18;6;29;1900;1;2;2;1;6;238;TOUR D'AUVERGNE (BD DE L;M;4810673;-168457;350
2,02E+11;18;7;2;750;1;2;2;2;3;281;MERMOZ (BOULEVARD JEAN);M;4809635;-169268;350
2,02E+11;18;7;2;1245;1;2;1;2;6;238;JUGAN (JEANNE);M;4811570;-164944;350
2,02E+11;18;7;2;2200;2;2;2;2;1;238;CARTIER (BD JACQUES);M;4809773;-166861;350
2,02E+11;18;7;3;1000;1;2;1;1;6;51;CLOS COURTEL (DU);M;4813125;-163226;350
2,02E+11;18;6;3;1850;1;2;3;1;2;238;MAINE (DU);M;4812316;-171136;350
2,02E+11;18;7;3;1505;1;2;1;1;6;238;BRETAGNE (PLACE DE);M;4810952;-168433;350
2,02E+11;18;7;6;2245;5;2;2;2;6;238;KERVILER;M;4810886;-170591;350
2,02E+11;18;7;7;1100;1;1;1;1;4;206;RN136;M;4807964;-168503;350
2,02E+11;18;7;9;745;1;2;2;1;2;238;SAINT-HELIER;M;4810349;-166268;350
2,02E+11;18;7;9;1310;1;1;6;1;6;51;CUCE (LIEU-DIT CHATEAU D;M;4809370;-160699;350
2,02E+11;18;7;9;2350;5;2;1;1;3;278;LIBERATION (AVENUE DE LA;M;4814809;-165671;350
2,02E+11;18;1;31;1810;5;2;3;1;3;238;rue de Fougиres;M;4812793;-164930;350
2,02E+11;18;7;10;1340;1;2;2;1;2;238;MONTS D'ARREE (AVENUE DE;M;4813525;-165959;350
2,02E+11;18;7;11;1050;1;2;1;1;1;51;BOULAIS (AVENUE DE LA);M;4812000;-162200;350
2,02E+11;18;7;11;1325;1;2;2;1;3;55;LOGES (RUE DES);M;4807893;-163181;350
2,02E+11;18;5;31;1840;1;1;1;2;2;51;PORTE DE LA RIGOURDIERE;M;4811630;-157377;350
2,02E+11;18;7;14;10;5;2;4;1;2;238;ALMA (DE L');M;4810436;-167723;350
2,02E+11;18;7;14;955;1;2;1;7;6;238;SEVIGNE (BD DE);M;4811616;-166223;350
2,02E+11;18;5;18;930;1;2;3;1;7;238;BOIS LABBE (AVENUE DU);M;4812620;-170308;350
2,02E+11;18;7;18;923;1;2;5;1;6;238;BRETAGNE (PLACE DE);M;4810978;-168470;350
2,02E+11;18;6;17;720;1;2;2;1;3;238;VERN (DE);M;4809814;-165575;350
2,02E+11;18;5;23;1723;1;2;3;1;4;238;VOLCLAIR (BD LOUIS);M;4808850;-167056;350
2,02E+11;18;7;19;1730;1;1;2;1;2;281;RD 837;M;4806984;-169747;350
2,02E+11;18;5;20;1151;1;1;1;1;2;278;RD 137;M;4818418;-172039;350
2,02E+11;18;7;19;2015;2;2;2;1;3;238;MENDES FRANCE (BD PIERRE;M;4809865;-169462;350
2,02E+11;18;5;28;1208;1;2;2;1;3;238;PATTON (AVENUE DU GENERA;M;4812489;-166715;350
2,02E+11;18;7;20;1700;1;2;3;1;3;238;LORIENT (DE);M;4810661;-173063;350
2,02E+11;18;7;21;1655;1;2;2;1;3;238;PORTUGAL (BD DU);M;4808375;-167457;350
2,02E+11;18;7;21;1855;1;2;6;1;3;238;VALLES (JULES);M;4810338;-171269;350
2,02E+11;18;7;22;1640;1;2;2;1;3;238;CHATEAUGIRON (DE);M;4810039;-164988;350
2,02E+11;18;7;23;1130;1;2;1;1;6;238;LE GUILLOUX (HENRI);M;4811997;-169129;350
2,02E+11;18;7;24;1330;1;2;1;1;3;238;VERDUN (BD DE);M;4811950;-168818;350
2,02E+11;18;7;24;1920;1;1;6;1;3;278;D 175;M;4815494;-162418;350
2,02E+11;18;7;24;2245;5;2;2;1;3;238;JANVIER (AVENUE JEAN);M;4810780;-167350;350
2,02E+11;18;7;23;1445;1;1;1;1;5;238;PORTE ALMA;M;4808082;-167204;350
2,02E+11;18;6;21;1745;1;2;2;1;3;51;LAURIERS (RUE DES);M;4811805;-161409;350
2,02E+11;18;7;25;2130;1;2;6;1;3;238;VALLES (JULES);M;4810496;-170876;350
2,02E+11;18;7;27;1700;1;2;1;1;2;238;LORIENT (DE);M;4810795;-171415;350
2,02E+11;18;7;30;1050;1;2;1;1;2;238;SAINT-BRIEUC (DE);M;4811679;-171084;350
2,02E+11;18;7;30;1905;1;1;1;1;3;55;LOGETTES (RUE DES);M;4808350;162223;350
2,02E+11;18;7;31;1810;1;2;2;1;3;238;TOUR D'AUVERGNE (BD DE L;M;4810541;-168463;350
2,02E+11;18;8;2;1810;1;1;1;1;4;238;RN136;M;4814230;-165836;350
2,02E+11;18;5;19;1200;1;2;3;7;2;281;POTTIER (RUE EUGENE);M;4806748;-171530;350
2,02E+11;18;8;3;1100;1;1;1;1;2;238;ROCADE 10-11;M;4808181;-169669;350
2,02E+11;18;8;3;1130;1;2;2;1;3;238;FREVILLE (AVENUE HENRI);M;4808366;-167512;350
2,02E+11;18;8;4;745;1;2;6;1;3;238;PAYS-BAS (AVENUE DES);M;4808814;-166082;350
2,02E+11;18;8;4;1450;1;2;3;1;3;238;PAYS-BAS (AVENUE DES);M;4808452;-166098;350
2,02E+11;18;8;5;124;5;2;3;1;3;238;TOUR D'AUVERGNE (BD DE L;M;4810448;-168435;350
2,02E+11;18;8;8;936;1;2;2;1;3;238;SAINT-BRIEUC (DE);M;4811634;-170983;350
2,02E+11;18;9;27;730;2;1;6;1;7;192;ROCADE EST (RD 932 E);M;4387454;-46877;400
2,02E+11;18;10;1;1625;1;2;1;1;6;192;BASTIAT (RUE FREDERIC);M;4389018;-50190;400
2,02E+11;18;11;14;1815;5;2;2;1;1;192;VERT (BD DU CHEMIN);M;4388832;-47728;400
2,02E+11;18;11;19;340;5;2;3;1;3;192;KENNEDY (AV DU PRESIDENT;M;4388546;-49898;400
2,02E+11;18;11;17;1120;1;2;3;1;3;192;VIGNAU (AV DU);M;4388059;-46171;400
2,02E+11;18;1;1;630;5;2;1;1;6;18;16 bis  RIFFAULT (RUE EU;M;4759145;134186;410
2,02E+11;18;1;9;1656;1;1;1;2;1;18;RD 952;M;4755462;129191;410
2,02E+11;18;1;14;2000;5;2;1;1;6;18;45  LECLERC (AVENUE DU M;M;4759436;133334;410
2,02E+11;18;1;20;1710;5;2;1;2;7;18;HUBERT BRUCKER (ROND POI;M;4756661;132647;410
2,02E+11;18;1;18;1930;5;2;1;2;7;18;MAUNOURY (AVENUE DE MARE;M;4759746;134301;410
2,02E+11;18;1;20;1730;5;2;1;2;3;18;PERVENCHES (RUE DES);M;4758715;129364;410
2,02E+11;18;1;22;930;1;2;1;2;3;295;RUE PIERRE GILLES DE GEN;M;4757162;137319;410
2,02E+11;18;2;5;1615;1;1;1;8;7;295;D951;M;4759249;135896;410
2,02E+11;18;2;5;830;1;2;1;1;6;18;111  MAUNOURY (AVENUE DE;M;4759817;134399;410
2,02E+11;18;1;23;1855;5;2;1;2;1;18;BEGON (RUE MICHEL )  SAU;M;4759510;130890;410
2,02E+11;18;2;14;735;2;2;1;1;3;18;19  SAINT LUBIN (ROUTE);M;4759992;129631;410
2,02E+11;18;3;3;1940;5;2;1;1;3;18;96  FRANCE (AVENUE DE);M;4759015;131185;410
2,02E+11;18;3;17;1520;1;2;1;1;3;18;JOSEPH PAUL BONCOUR (RON;M;4757469;132419;410
2,02E+11;18;3;13;1006;1;2;1;1;2;18;MAUNOURY (AVENUE DE MARE;M;4759706;134270;410
2,02E+11;18;3;29;1440;1;2;1;1;3;18;DUPUIS (BOULEVARD DANIEL;M;4757920;132000;410
2,02E+11;18;4;1;1020;1;2;1;1;7;18;MEDICIS (ROND POINT);M;4758485;131839;410
2,02E+11;18;4;3;1540;1;2;1;1;6;18;VALIN DE LA VAISSIERE (S;M;4758529;133418;410
2,02E+11;18;4;16;1755;1;2;1;1;2;18;INDUSTRIE (BOULEVARD DE;M;4760164;132151;410
2,02E+11;18;4;17;1315;1;2;1;1;3;18;BOULLE (RUE ANDRE);M;4760773;131969;410
2,02E+11;18;4;19;1450;1;2;6;1;3;18;WILSON (ROND POINT PRESI;M;4757796;134840;410
2,02E+11;18;4;22;2130;3;2;1;1;6;18;BRANLY (RUE EDOUARD);M;4758834;131322;410
2,02E+11;18;4;30;1730;1;2;1;1;1;18;BESNARD (QUAI ULYSSE);M;4757666;131854;410
2,02E+11;18;5;3;1710;1;2;3;1;3;18;VERDUN (AVENUE DE);M;4758998;134206;410
2,02E+11;18;5;4;1340;1;2;1;1;4;47;CHAMPLOUET (RUE DE);M;4761557;134915;410
2,02E+11;18;5;12;1920;1;1;3;3;2;18;CHAILLES (LEVEE DE);M;4757277;132023;410
2,02E+11;18;5;17;550;2;2;1;1;7;18;MAUNOURY (AVENUE DE MARE;M;4759899;134485;410
2,02E+11;18;5;16;1620;1;2;1;1;6;18;BEGON (RUE MICHEL)  Nш I;M;4759343;131090;410
2,02E+11;18;5;22;820;1;2;1;1;6;18;CHATEAU-RENAULT (ROUTE D;M;4758450;131750;410
2,02E+11;18;5;25;1728;1;2;1;3;6;47;N152;M;4760864;135578;410
2,02E+11;18;5;31;5;3;1;1;1;6;212;RD 923;M;4756170;138148;410
2,02E+11;18;6;1;955;1;2;6;1;3;47;RD 2152;M;4760923;135652;410
2,02E+11;18;6;6;1745;1;2;1;1;2;18;SCHUMAN (AVENUE ROBERT);M;4760507;132808;410
2,02E+11;18;6;9;1310;1;2;1;1;3;295;MONTESQUIEU (RUE);M;4758406;137093;410
2,02E+11;18;6;21;1505;1;2;1;1;5;295;CHEMIN DES ROCHES;M;4750684;138348;410
2,02E+11;18;6;29;1500;1;2;6;1;7;212;PATTE D'OIE (rond point);M;4756182;137288;410
2,02E+11;18;7;3;1805;1;1;1;1;2;212;RD 956;M;4756737;137099;410
2,02E+11;18;7;5;1405;1;2;1;1;2;18;RD 956;M;4759147;135694;410
2,02E+11;18;7;6;1;3;2;1;2;7;212;SEUR (ALLEE DE);M;4755909;137140;410
2,02E+11;18;7;10;1447;1;2;1;1;6;18;PAPIN (RUE DENIS);M;4758663;133530;410
2,02E+11;18;7;17;1420;1;2;1;1;6;212;FOUGERETS (RUE DES);M;4756629;137024;410
2,02E+11;18;8;9;1010;1;2;1;2;7;18;BRETAGNE (RUE ANNE DE);M;4758531;133317;410
2,02E+11;18;8;20;1855;1;2;1;1;2;18;VENDOME (AVENUE DE);M;4759660;132614;410
2,02E+11;18;8;23;1820;1;2;1;1;2;18;GAMBETTA (AVENUE);M;4758471;131863;410
2,02E+11;18;8;25;620;2;2;2;1;3;18;VENDOME (AVENUE DE);M;4760017;131975;410
2,02E+11;18;9;10;635;5;2;1;1;3;18;MAUNOURY (AVENUE DE MARE;M;4759834;134407;410
2,02E+11;18;9;10;1940;1;2;1;1;2;18;TOURVILLE (RUE DU MARECH;M;4759087;130689;410
2,02E+11;18;9;20;1900;1;2;1;1;7;18;RD 956;M;4759443;135324;410
2,02E+11;18;9;22;1930;2;2;1;1;6;47;POSTE (RUE DE LA);M;4761343;136488;410
2,02E+11;18;9;27;1730;1;2;9;1;6;18;VENDOME (AVENUE DE);M;4759932;132123;410
2,02E+11;18;9;28;2130;3;2;1;1;7;18;GENTIL (BOULEVARD RENE);M;4757883;134989;410
2,02E+11;18;10;8;1325;1;2;1;1;6;18;VERDUN (AVENUE DE);M;4759086;134339;410
2,02E+11;18;10;12;1725;1;2;1;1;1;295;VALERY (avenue Paul);M;4758466;137527;410
2,02E+11;18;10;17;2230;5;2;1;1;6;18;PONT JACQUES GABRIEL;M;4758599;133624;410
2,02E+11;18;10;23;1810;1;2;3;1;2;212;RD 956;M;4757181;135744;410
2,02E+11;18;10;30;725;2;1;1;2;7;18;ROND POINT CROIX AUX ALO;M;4760168;129251;410
2,02E+11;18;11;7;1255;1;2;1;2;2;18;GALLOIS (RUE);M;4758788;133011;410
2,02E+11;18;11;12;1425;1;2;3;2;1;18;CLOUSEAU (MAIL);M;4758960;133642;410
2,02E+11;18;11;10;1440;1;2;1;2;1;295;rue (Paul) Verlaine;M;4758165;137186;410
2,02E+11;18;11;18;1700;1;2;1;1;6;47;RD 2152;M;4760559;135246;410
2,02E+11;18;11;20;1908;5;2;1;1;3;18;BOURG NEUF (RUE DU);M;4759432;132939;410
2,02E+11;18;11;29;1210;1;2;1;1;6;18;PIGELEE (RUE) Nш PAIRS;M;4759905;130519;410
2,02E+11;18;12;6;1450;1;2;1;2;2;18;MOULIN (RUE JEAN);M;4758652;132681;410
2,02E+11;18;12;19;800;2;2;1;2;7;18;VEZIN (RUE ALEXANDRE);M;4760782;131750;410
2,02E+11;18;12;22;1900;3;2;1;1;4;18;BRIAND (QUAI ARISTIDE);M;4757674;132828;410
2,02E+11;18;1;12;2025;3;2;1;1;6;269;19  TOURS (ROUTE DE);M;4778192;106395;410
2,02E+11;18;4;26;835;1;1;1;1;2;269;BLOIS (ROUTE DE);M;4776116;110097;410
2,02E+11;18;6;2;1420;1;2;3;1;3;269;MAILLETTES (RUE DES);M;4781053;106552;410
2,02E+11;18;7;24;1120;1;2;1;1;3;269;TUILERIE (ENTRE MAILLETT;M;4780677;106939;410
2,02E+11;18;7;15;735;1;2;1;1;6;158;MONTAIGU (RUE DE);M;4778154;104221;410
2,02E+11;18;3;9;1230;1;2;1;1;6;95;24  JAURES (RUE JEAN);M;4539125;428982;420
2,02E+11;18;7;28;1400;1;2;1;9;6;99;GIRARDS (ROUTE DES);M;4539373;425674;420
2,02E+11;18;8;8;915;1;2;3;1;3;44;REPUBLIQUE (RUE DE LA);M;4539599;432115;420
2,02E+11;18;8;20;1810;1;2;9;1;3;183;GAMBETTA (RUE);M;4540512;437553;420
2,02E+11;18;9;1;2114;5;2;9;1;3;95;RD 88;M;4539291;429303;420
2,02E+11;18;8;4;1600;1;2;1;1;2;316;RD3;M;4540601;424143;420
2,02E+11;18;10;11;1458;1;2;1;1;6;95;VERDIE (RUE);M;4538991;428396;420
2,02E+11;18;10;16;640;3;2;4;1;6;44;DASSAULT (RUE MARCEL);M;4539452;430640;420
2,02E+11;18;10;16;1515;1;1;9;1;3;183;BERAUDIERE (RUE DE LA);M;4540800;437858;420
2,02E+11;18;10;18;1600;1;2;1;1;6;270;PEPINIERES (ALLEE DES);M;4539320;423620;420
2,02E+11;18;10;3;1920;2;2;6;1;6;95;;M;4538595;428276;420
2,02E+11;18;10;30;1640;1;2;1;1;3;95;ALCAZAR (RUE DE L');M;4539555;429279;420
2,02E+11;18;11;5;2230;5;2;1;1;6;95;ALCAZAR (RUE DE L');M;4539557;429290;420
2,02E+11;18;11;8;1920;5;2;1;1;6;44;FRACHON RUE BENOIT;M;4540039;435398;420
2,02E+11;18;11;23;1630;1;2;1;1;7;31;RD 3;M;4540503;423791;420
2,02E+11;18;11;30;1000;1;1;1;2;7;316;RD25-1;M;4541210;428581;420
2,02E+11;18;12;7;1530;1;2;1;1;6;95;JAURES (RUE JEAN);M;4539110;428946;420
2,02E+11;18;12;10;1255;1;2;1;8;2;95;GARE AVENUE DE LA;M;4539041;428677;420
2,02E+11;18;12;17;725;2;2;3;2;3;183;FRACHON (RUE BENOIT);M;4540025;435354;420
2,02E+11;18;12;20;1500;1;2;1;2;3;316;RD 3;M;4539724;425961;420
2,02E+11;18;12;21;1930;5;2;3;1;3;316;RD 25;M;4540133;426046;420
2,02E+11;18;1;18;830;2;1;1;8;7;170;R.D 504;M;4604071;415156;420
2,02E+11;18;1;22;1813;5;2;3;1;6;71;GUERINS (RUE DES);M;4601352;409661;420
2,02E+11;18;1;24;935;1;1;1;1;5;127;0  CHARLES DE GAULLE(AV;M;4608031;406659;420
2,02E+11;18;1;25;1315;1;2;7;1;6;187;24  SALENGRO (RUE ROGER);M;4603859;407320;420
2,02E+11;18;1;26;1030;1;2;1;2;3;71;0  PINAY (RUE ANTOINE);M;4600903;409944;420
2,02E+11;18;1;26;1645;1;2;1;2;4;127;2  CHARLES DE GAULLE(AV);M;4608183;406815;420
2,02E+11;18;1;29;1100;1;2;1;2;6;187;104  MULSANT (RUE);M;4603895;405666;420
2,02E+11;18;1;30;755;2;1;1;8;4;127;Route nationale 7;M;4607329;404261;420
2,02E+11;18;2;1;1700;1;2;1;2;3;187;0  CHARLIEU (RUE DE );M;4606686;409072;420
2,02E+11;18;2;3;1950;5;2;2;8;3;187;RUE ROUSSEAU/BERANGER;M;4603844;406169;420
2,02E+11;18;2;5;805;1;2;2;4;3;71;0  VAUBAN (RUE);M;4602549;409344;420