Num_Acc;an;mois;jour;hrmn;lum;agg;int;atm;col;com;adr;gps;lat;long;dep
2,02E+11;18;2;6;1634;1;1;1;4;6;187;73  VERDUN (PLACE DE );M;4603875;407317;420
2,02E+11;18;2;7;1225;1;2;1;4;2;71;CARNOT (RUE);M;4603155;408270;420
2,02E+11;18;1;1;147;5;2;1;2;6;184;362  CALMETTE DOCTEUR (R;M;4605316;405963;420
2,02E+11;18;1;3;1720;5;2;3;3;3;187;0  PLASSE (RUE GEORGES);M;4603049;406259;420
2,02E+11;18;1;4;810;2;2;3;2;6;71;6  CARNOT (RUE);M;4603138;408357;420
2,02E+11;18;1;6;1747;5;2;3;1;6;187;0  CHARLIEU (RUE DE );M;4604873;408303;420
2,02E+11;18;1;15;1835;5;1;1;2;4;127;0  Route nationale 7;M;4606400;405970;420
2,02E+11;18;2;22;1600;1;2;2;8;3;187;159 bis  PARIS (AVENUE D;M;4605056;406668;420
2,02E+11;18;2;22;1640;1;2;1;8;6;187;0  REPUBLIQUE (COUR DE L;M;4603953;406362;420
2,02E+11;18;2;28;835;1;2;1;1;6;71;34  LIBERATION (AVENUE D;M;4603000;408000;420
2,02E+11;18;3;1;835;1;2;1;4;2;187;90  QUINET (BOULEVARD ED;M;4604914;407451;420
2,02E+11;18;3;1;1005;1;2;6;1;2;184;39  ADER CLEMENT (RUE);M;4606132;404762;420
2,02E+11;18;1;18;800;2;2;3;1;3;187;0  MOULIN PAILLASSON (RU;M;4603614;406372;420
2,02E+11;18;1;19;1312;1;2;1;1;6;71;0  SAINT-VINCENT (ROUTE;M;4600573;410246;420
2,02E+11;18;3;5;732;1;2;1;1;2;187;84  THOMAS (RUE ALBERT);M;4604726;407418;420
2,02E+11;18;3;12;1630;1;2;1;2;6;127;0  MAUPASSANT (RUE GUY D;M;4606600;405758;420
2,02E+11;18;3;14;1445;1;2;1;1;6;187;0  BARGE (all‚e Claude);M;4602850;408240;420
2,02E+11;18;3;16;1748;1;2;3;8;1;187;23  BOCHARD RUE CLAUDE;M;4602851;406792;420
2,02E+11;18;3;16;800;1;2;6;1;2;127;0  CORNEILLE PIERRE (RUE;M;4606635;406301;420
2,02E+11;18;3;22;548;3;1;1;1;6;170;R.D 504;M;4604094;415277;420
2,02E+11;18;3;22;2015;5;2;3;2;3;187;1  CLERMONT (RUE DE );M;4603117;406733;420
2,02E+11;18;3;29;1428;1;2;1;1;2;184;18  BRANLY (RUE);M;4605361;406423;420
2,02E+11;18;4;5;1540;1;2;2;1;2;187;OUEST (BOULEVARD);M;4605066;406667;420
2,02E+11;18;4;6;1750;1;2;9;1;3;187;MARENGO (RUE);M;4603714;407538;420
2,02E+11;18;4;12;1728;1;2;9;1;5;127;Route nationale 7;M;4606340;406140;420
2,02E+11;18;4;12;1500;1;2;1;1;2;71;LIBERATION (AVENUE DE LA;M;4602512;408652;420
2,02E+11;18;4;23;1350;1;2;1;1;2;187;PARIS AVENUE DE;M;4604687;406937;420
2,02E+11;18;4;29;1800;1;2;1;2;5;187;DESROCHE (RUE HENRI);M;4603338;404945;420
2,02E+11;18;5;1;1130;1;2;2;1;3;184;CHARLES DE GAULLE(AV);M;4605051;406677;420
2,02E+11;18;5;7;1540;1;2;1;1;6;187;OUEST (BOULEVARD);M;4604870;406290;420
2,02E+11;18;5;18;945;1;2;1;1;6;187;DOURDEIN (RUE AUGUSTE );M;4604044;405365;420
2,02E+11;18;5;24;1035;1;1;2;1;3;184;;M;4602719;402539;420
2,02E+11;18;5;24;1439;1;2;6;1;3;71;REPUBLIQUE (AVENUE DE LA;M;4602601;409593;420
2,02E+11;18;5;25;803;1;2;1;1;6;71;ETINES (BOULEVARD DES);M;4602405;409091;420
2,02E+11;18;5;23;1140;1;1;9;1;7;127;CORNEILLE PIERRE (RUE);M;4607825;406689;420
2,02E+11;18;5;30;730;1;2;3;1;3;71;LIBERATION (AVENUE DE LA;M;4602431;408704;420
2,02E+11;18;6;1;1615;1;2;9;1;6;187;JAURES (RUE JEAN);M;4603516;407273;420
2,02E+11;18;6;1;1830;1;2;1;1;3;187;LYON (AVENUE DE);M;4603823;407739;420
2,02E+11;18;6;3;845;1;2;9;1;6;184;NOBILE (RT DE);M;4605448;404082;420
2,02E+11;18;6;18;1711;1;2;1;1;6;187;DESROCHE (RUE HENRI);M;4603380;405090;420
2,02E+11;18;6;22;1525;1;2;3;1;3;187;MARNE (AVENUE DE LA );M;4605763;408355;420
2,02E+11;18;6;23;2140;2;2;1;1;1;71;LIBERATION (AVENUE DE LA;M;4603135;408284;420
2,02E+11;18;6;28;2052;2;2;1;1;3;187;SEMARD (RUE PIERRE );M;4603850;406250;420
2,02E+11;18;7;1;445;5;2;1;1;6;127;Route nationale 7;M;4607138;404594;420
2,02E+11;18;7;4;1455;1;2;2;1;3;184;SAINT-ROMAIN (RUE DE);M;4604931;403477;420
2,02E+11;18;7;7;1835;1;2;1;1;1;127;VICTOR  HUGO (RUE);M;4605854;407233;420
2,02E+11;18;7;10;1022;1;2;6;1;6;187;DOURDEIN (RUE AUGUSTE );M;4603996;405252;420
2,02E+11;18;7;11;830;1;2;2;1;6;187;AUGE (RUE JOANNY);M;4603575;405212;420
2,02E+11;18;7;13;650;1;2;1;1;6;187;MARECHAL JOFFRE (BOULEVA;M;4605263;407674;420
2,02E+11;18;7;14;945;1;2;1;1;3;187;PARIS (AVENUE DE);M;4604659;406956;420
2,02E+11;18;7;16;120;5;2;1;1;6;187;JAURES (RUE JEAN);M;4603520;407286;420
2,02E+11;18;7;11;1440;1;2;1;1;4;71;DE GAULLE (BOULEVARD CHA;M;4602498;409656;420
2,02E+11;18;7;19;2000;1;2;2;1;3;187;CARNOT (AVENUE);M;4604048;406771;420
2,02E+11;18;7;23;1415;1;2;1;1;6;187;ARISTIDE BRIAND ( PLACE;M;4603315;407843;420
2,02E+11;18;8;3;2035;1;2;9;1;6;184;CHARLES DE GAULLE(AV);M;4605636;406252;420
2,02E+11;18;8;5;24;4;1;1;1;6;187;EST (ROCADE);M;4605686;407409;420
2,02E+11;18;8;2;1150;1;1;1;1;1;127;V.C 10;M;4609566;403178;420
2,02E+11;18;8;8;1630;1;2;1;1;6;187;PROMENADES POPULLE (PLAC;M;4603525;406600;420
2,02E+11;18;8;11;2120;5;2;2;1;1;187;VILLEMONTAIS (RUE DE );M;4602299;405367;420
2,02E+11;18;8;16;1100;1;2;3;7;1;184;LIBERTE (ALLEE);M;4604076;405124;420
2,02E+11;18;8;18;1445;1;2;1;1;3;187;JAURES (RUE JEAN);M;4603523;407289;420
2,02E+11;18;8;18;2119;5;2;3;1;3;187;CLERMONT (RUE DE );M;4602735;406371;420
2,02E+11;18;9;9;511;5;2;2;1;3;187;SAINT-ALBAN (RUE DE );M;4603572;405223;420
2,02E+11;18;9;11;750;1;2;2;7;3;187;RABELAIS (RUE FRANCOIS );M;4604077;405728;420
2,02E+11;18;9;11;1105;1;2;1;1;6;187;RAFFIN (RUE ALEXANDRE);M;4603429;406672;420
2,02E+11;18;9;16;1725;1;2;1;1;5;187;BRIENNON (ROUTE DE );M;4608701;407498;420
2,02E+11;18;9;17;1930;2;1;1;1;6;170;CHERVET (LIEU DIT);M;4602431;410717;420
2,02E+11;18;9;18;1632;1;2;1;1;6;71;LIBERATION (AVENUE DE LA;M;4601802;409094;420
2,02E+11;18;9;21;1840;1;1;1;2;1;170;RD 17;M;4604659;413009;420
2,02E+11;18;9;22;1927;1;2;1;1;6;187;BOCHARD (RUE CLAUDE);M;4602963;406723;420
2,02E+11;18;9;24;1805;1;2;2;1;6;187;RABELAIS (RUE FRANCOIS );M;4606704;406963;420
2,02E+11;18;9;25;1820;1;2;2;7;3;127;BOURGET PAUL (RUE);M;4606704;406963;420
2,02E+11;18;9;27;1700;1;2;9;1;6;187;CHARLIEU (RUE DE );M;4605590;408647;420
2,02E+11;18;9;28;1020;1;2;1;1;6;187;MULSANT (RUE);M;4603930;405545;420
2,02E+11;18;9;30;1835;1;2;1;1;2;187;REPUBLIQUE (COUR DE LA );M;4603795;406446;420
2,02E+11;18;10;8;2032;3;1;1;1;3;170;LES HEURES (LIEU DIT);M;4604462;412577;420
2,02E+11;18;10;9;1725;1;2;9;1;6;187;MULSANT (RUE);M;4603856;405825;420
2,02E+11;18;10;12;740;1;2;2;1;3;187;DEPIERRE (RUE PIERRE);M;4603189;407637;420
2,02E+11;18;10;12;1220;1;1;1;1;3;187;EST (ROCADE);M;4605108;408303;420
2,02E+11;18;10;16;1150;1;2;1;1;3;187;MULSANT (RUE);M;4603965;405382;420
2,02E+11;18;10;16;2100;5;2;6;1;3;187;(RUE DE ) CLERMONT;M;4602905;406575;420
2,02E+11;18;10;19;1852;2;2;3;1;7;184;SAINT-ROMAIN (RUE DE);M;4604164;404990;420
2,02E+11;18;10;23;1650;1;2;3;7;3;187;MATEL (RUE DE );M;4605003;409008;420
2,02E+11;18;10;23;1625;1;1;1;1;1;170;RD 17;M;4606145;412431;420
2,02E+11;18;10;29;1800;5;2;1;3;4;71;Pont de la LOIRE;M;4603215;408093;420
2,02E+11;18;11;7;2100;5;2;2;2;3;71;Pont de la LOIRE;M;4603169;408233;420
2,02E+11;18;11;17;1743;5;2;1;1;2;187;LYON (AVENUE DE);M;4604085;407517;420
2,02E+11;18;11;19;2105;5;2;6;1;3;184;MICHEL LOUISE  (RUE);M;4605718;404617;420
2,02E+11;18;11;21;940;1;2;3;8;3;187;GIRAUD (RUE DU GENERAL);M;4603215;406468;420
2,02E+11;18;11;23;1645;2;2;3;2;3;187;(CHEMIN DU) HALAGE;M;4602148;406449;420
2,02E+11;18;11;27;745;2;2;1;2;3;71;LIBERATION (AVENUE DE LA;M;4603156;408258;420
2,02E+11;18;11;28;1521;1;2;1;1;6;127;BRIENNON (RT DE);M;4606931;407380;420
2,02E+11;18;11;29;900;1;1;1;1;1;170;R.D 504;M;4603598;413192;420
2,02E+11;18;12;3;605;4;2;5;2;6;187;RECLUS (RUE ELISEE);M;4604353;406761;420
2,02E+11;18;12;4;1215;1;2;9;1;3;187;RABELAIS (RUE FRANCOIS );M;4604077;405637;420
2,02E+11;18;12;7;1720;3;2;1;1;7;187;HALAGE (CHEMIN DU);M;4604852;409544;420
2,02E+11;18;12;10;645;5;2;2;2;3;187;SAINT-ALBAN (RUE DE);M;4603570;405459;420
2,02E+11;18;1;7;233;5;2;1;1;7;218;55  MOLINA (DE);M;4546571;440168;420
2,02E+11;18;1;6;1710;2;1;1;1;5;223;TREMOLIN (LIEU DIT);M;4546055;432896;420
2,02E+11;18;12;24;1123;1;2;1;1;6;218;VACHER;M;4544793;440877;420
2,02E+11;18;1;16;1635;1;2;3;1;3;218;14  RICHELANDIERE (DE LA;M;4543884;440022;420
2,02E+11;18;12;24;1601;1;2;2;2;3;218;PALLE (DE LA) A PARTIR N;M;4542513;442049;420
2,02E+11;18;1;18;1650;1;2;1;1;1;218;rue SERMENT DU JEU DE;M;4544791;440980;420
2,02E+11;18;1;13;1434;1;2;1;1;6;218;5  ONZE NOVEMBRE JUSQU'A;M;4542978;438989;420
2,02E+11;18;1;19;1405;1;2;2;1;6;218;01 VERDUN (AVENUE DE);M;4546311;438054;420
2,02E+11;18;1;22;2200;5;2;3;1;3;218;01  MIMARD ETIENNE JUSQU;M;4543768;439551;420
2,02E+11;18;1;24;7;5;2;6;1;3;218;ROOSEVELT FRANKLIN (SQUA;M;4542120;441165;420
2,02E+11;18;10;9;1202;1;1;1;1;7;218;BARBANCHE (CHEMIN DE LA);M;4538920;447886;420
2,02E+11;18;1;11;1710;2;2;1;1;6;218;1  QUATRE SEPTEMBRE 1870;M;4544123;438450;420
2,02E+11;18;1;19;1115;1;2;1;2;6;218;97  BERGSON A PARTIR N›;M;4545542;438241;420
2,02E+11;18;1;11;1600;1;2;1;1;6;305;0  MENDES FRANCE PIERRE;M;4548365;442311;420
2,02E+11;18;1;17;925;1;2;1;1;6;218;7  RENAN ERNEST;M;4542190;441286;420
2,02E+11;18;7;31;1830;2;2;3;2;7;218;RESISTANCE (DE LA);M;4543969;438716;420
2,02E+11;18;1;25;2235;5;2;3;1;3;218;84  CHARCOT DOCTEURS A P;M;4542254;439187;420
2,02E+11;18;1;27;1400;1;2;1;1;3;218;sans  MEONS (DE);M;4545987;441368;420
2,02E+11;18;2;4;330;4;2;3;1;3;218;100  ACIERIES (DES);M;4545875;439534;420
2,02E+11;18;2;4;1854;5;2;2;1;3;218;52  MUSSET ALFRED DE (BD;M;4544346;437944;420
2,02E+11;18;1;28;1900;5;2;1;2;6;218;53  MOLINA (DE);M;4546603;440164;420
2,02E+11;18;1;31;830;1;2;1;1;6;218;102  MONTAT (DE LA) A PA;M;4544256;441062;420
2,02E+11;18;2;7;1015;1;2;3;8;6;218;01  MIMARD ETIENNE JUSQU;M;4543658;439399;420
2,02E+11;18;2;10;2100;5;2;1;2;1;218;nc  MENDES FRANCE PIERRE;M;4543938;437865;420
2,02E+11;18;2;10;925;1;2;1;1;6;305;22  REPUBLIQUE;M;4548195;443412;420
2,02E+11;18;2;16;1215;1;2;1;8;2;218;02 bis  BARROUIN JUSQU'A;M;4545400;438371;420
2,02E+11;18;2;17;1855;5;2;3;1;3;218;73  PERI GABRIEL A PARTI;M;4541084;438551;420
2,02E+11;18;3;21;1100;1;2;3;1;2;330;sans  BREUIL;M;4547061;435910;420
2,02E+11;18;3;25;830;2;2;2;1;3;305;HUGO VICTOR;M;4548116;443478;420
2,02E+11;18;3;30;1750;1;2;3;1;2;218;01  CUGNOT;M;4544305;439735;420
2,02E+11;18;3;30;1830;1;2;3;1;3;218;41  MARTEL EDOUARD JUSQU;M;4542151;437735;420
2,02E+11;18;4;6;446;5;2;2;1;6;218;BALAY JUSQU'AUX N› 51-58;M;4544327;438674;420
2,02E+11;18;4;7;1007;1;2;1;1;6;218;POURCEL ALEXANDRE JUSQU';M;4542375;439520;420
2,02E+11;18;4;17;2130;5;2;3;1;6;218;TARDY (DE);M;4543237;438117;420
2,02E+11;18;4;16;1345;1;2;3;1;3;218;MARENGO JUSQU'AUX N_E53-;M;4544479;438433;420
2,02E+11;18;4;19;645;5;2;3;1;3;218;TERRENOIRE (DE) DES N_E6;M;4543450;442082;420
2,02E+11;18;4;20;1055;1;2;3;1;3;218;VILLEBOEUF (PLACE);M;4543284;439506;420
2,02E+11;18;4;25;1823;1;2;1;1;4;218;2 RUE PROUST MARCEL;M;4540664;438285;420
2,02E+11;18;5;1;730;1;2;1;2;6;218;MONTAT (DE LA) JUSQU'AUX;M;4544197;440781;420
2,02E+11;18;4;25;1844;1;2;3;8;2;218;DELAROA CLAUDE JUSQU'AUX;M;4542842;438591;420
2,02E+11;18;5;5;1415;1;2;1;1;3;218;ROCHE DU GEAI (DE LA);M;4544091;436547;420
2,02E+11;18;5;13;725;1;2;2;2;3;218;BOURGNEUF;M;4544559;438298;420
2,02E+11;18;5;15;1310;1;2;3;8;3;218;MAURICE ROBERT (BOULEVAR;M;4542768;438318;420
2,02E+11;18;5;22;1806;1;2;3;1;2;218;CHOLAT CHARLES;M;4546275;439766;420
2,02E+11;18;5;23;1927;1;2;1;1;6;218;LOUBET (AVENUE PRESIDENT;M;4543554;438295;420
2,02E+11;18;5;23;1524;1;2;1;1;6;218;LAMARTINE;M;4544903;438086;420
2,02E+11;18;5;26;1010;1;2;1;1;6;218;CHAIZE NICOLAS RUE;M;4541826;439672;420
2,02E+11;18;5;31;1938;1;2;2;8;7;218;bd FAURIAT;M;4544209;440826;420
2,02E+11;18;5;24;1428;1;2;6;1;5;218;NEYRET JEAN;M;4545812;440534;420
2,02E+11;18;5;25;1802;1;2;1;1;4;218;MONTAT (DE LA) JUSQU'AUX;M;4544085;440313;420
2,02E+11;18;5;29;1715;1;2;1;8;6;218;BUARD CLAUDIUS;M;4542243;439552;420
2,02E+11;18;5;24;1652;1;2;1;1;6;218;PLACE DU PEUPLE;M;4543656;438827;420
2,02E+11;18;5;28;1147;1;2;1;1;6;218;ROCHETAILLEE (AVENUE) JU;M;4541754;440032;420
2,02E+11;18;6;1;142;5;2;1;1;7;218;MONTAT (DE LA) JUSQU'AUX;M;4544110;440426;420
2,02E+11;18;6;8;1000;1;2;3;8;2;218;DESTRE DOCTEUR LOUIS JUS;M;4543987;442725;420
2,02E+11;18;6;7;1809;1;2;6;2;7;218;POMPIDOU GEORGES (BOULEV;M;4545901;440778;420
2,02E+11;18;6;13;1400;1;2;3;8;3;305;CAMUS ALBERT;M;4546600;442193;420
2,02E+11;18;5;26;1603;1;2;1;1;6;218;SEMARD PIERRE;M;4543334;437939;420
2,02E+11;18;5;27;1421;1;2;2;1;3;218;DURAFOUR ANTOINE A PARTI;M;4542392;439615;420
2,02E+11;18;6;10;1153;1;2;2;1;3;218;DURAFOUR ANTOINE JUSQU'A;M;4542577;439539;420
2,02E+11;18;6;23;2339;5;2;1;1;6;218;EVRARD FLORENT A PARTIR;M;4542201;437515;420
2,02E+11;18;6;26;921;1;2;1;1;6;218;FOCH MARECHAL (PLACE);M;4545210;438236;420
2,02E+11;18;7;1;1932;1;2;2;1;3;218;PUPIER JOSEPH;M;4541578;439495;420
2,02E+11;18;7;1;1100;1;2;1;1;2;218;DUPONT PIERRE rue;M;4544649;439411;420
2,02E+11;18;5;6;1325;1;2;1;1;2;218;TARDY (DE);M;4542820;438327;420
2,02E+11;18;6;23;1430;1;1;6;1;2;189;D3;M;4543305;434658;420
2,02E+11;18;6;29;950;1;2;3;1;3;218;JOMAYERE;M;4541242;438483;420
2,02E+11;18;7;23;905;1;2;3;1;6;218;LITTRE EMILE JUSQU'AUX N;M;4543130;438783;420
2,02E+11;18;7;7;1645;1;1;1;1;1;218;GOUFFRE D'ENFER (ROUTE);M;4540835;444290;420
2,02E+11;18;7;11;1707;1;2;1;1;6;218;CONVENTION (DE LA);M;4542505;440817;420
2,02E+11;18;7;25;1135;1;2;1;1;3;218;VERNEY CARRON CLAUDE;M;4546248;438255;420
2,02E+11;18;7;12;547;2;2;2;1;3;218;VERNEY CARRON CLAUDE;M;4546363;438232;420
2,02E+11;18;7;19;702;1;2;1;1;6;218;MIMARD ETIENNE JUSQU'AUX;M;4543584;439351;420
2,02E+11;18;7;28;1740;1;2;3;1;3;218;JEU DE L'ARC;M;4543911;439142;420
2,02E+11;18;8;2;1000;1;2;3;1;3;275;MENDES FRANCE PIERRE (AV;M;4547106;437358;420
2,02E+11;18;8;7;1630;1;2;1;1;2;189;HUGO VICTOR;M;4544110;432023;420
2,02E+11;18;8;14;2120;4;2;1;1;3;218;C.C. MONTHIEU;M;4544207;442127;420
2,02E+11;18;8;18;1944;1;2;1;1;7;218;PEYRET-LALLIER;M;4543190;440911;420
2,02E+11;18;9;6;2057;5;2;2;2;6;218;FRACHON BENOIT;M;4544717;436887;420
2,02E+11;18;9;11;1620;1;2;1;1;6;218;PERI GABRIEL A PARTIR N›;M;4540968;438349;420
2,02E+11;18;9;13;1603;1;2;2;1;3;218;VERNEY CARRON CLAUDE;M;4546248;438255;420
2,02E+11;18;9;22;1428;1;2;1;1;6;218;LIBERATION (AVENUE);M;4543728;439064;420
2,02E+11;18;9;30;1700;1;2;1;1;6;218;JANIN JULES (BD) JUSQU'A;M;4544804;438877;420
2,02E+11;18;10;2;800;2;2;3;1;6;218;ROCHETAILLEE (AVENUE) JU;M;4541840;439987;420
2,02E+11;18;10;14;1122;1;2;2;1;6;275;VOLTAIRE;M;4547413;437805;420
2,02E+11;18;10;11;1125;1;2;2;1;6;218;FAURIEL (COURS);M;4542292;440930;420
2,02E+11;18;10;15;726;2;2;6;1;3;189;D3;M;4543226;432089;420
2,02E+11;18;10;27;1415;1;2;9;9;3;218;rue Ampиre;M;4544861;438851;420
2,02E+11;18;11;11;2256;5;2;2;1;3;218;DUCHAMP VICTOR;M;4544262;437920;420
2,02E+11;18;11;13;846;1;2;1;1;6;218;VISITATION (DE LA);M;4544904;437972;420
2,02E+11;18;11;15;420;5;2;1;5;6;218;LILAS;M;4543521;442115;420
2,02E+11;18;11;15;711;2;2;3;5;3;305;ROSTAND JEAN (BOULEVARD);M;4545787;442285;420
2,02E+11;18;11;22;545;5;1;1;5;7;218;POMPIDOU GEORGES (BOULEV;M;4545991;440899;420
2,02E+11;18;11;24;1755;5;2;1;1;6;218;PARE AMBROISE JUSQU'AUX;M;4541261;439140;420
2,02E+11;18;11;25;652;2;2;3;1;6;218;BERGSON A PARTIR N› 18-5;M;4545682;438217;420
2,02E+11;18;11;23;1900;5;2;9;3;6;218;BERGSON A PARTIR N› 18-5;M;4545677;438223;420
2,02E+11;18;11;30;657;5;2;1;1;6;218;FAURIEL (COURS);M;4542703;440366;420
2,02E+11;18;8;15;1818;1;2;4;1;3;218;THIERS BOULEVARD;M;4545531;438767;420
2,02E+11;18;12;15;1915;5;2;1;2;6;218;VIVALDI ANTONIO BOULEVAR;M;4547139;439581;420
2,02E+11;18;12;8;1858;5;2;2;1;3;218;MONTAT (DE LA) A PARTIR;M;4544279;441142;420
2,02E+11;18;12;14;927;1;1;1;1;1;218;RD 8;M;4538555;445848;420
2,02E+11;18;1;4;1750;5;2;3;9;7;123;GREZIEUX PLAINE DE;M;4551727;459185;420
2,02E+11;18;11;17;1755;2;2;1;1;4;186;MAI 1945 COURS DU 8;M;4552992;462155;420
2,02E+11;18;1;13;1420;1;1;1;7;1;53;1466  LONGES ROUTE DE;M;4552864;463926;420
2,02E+11;18;1;17;1425;1;1;1;1;6;259;1  SEYTRE RUE ANTOINE;M;4554804;458355;420
2,02E+11;18;1;13;1305;1;2;3;1;3;110;GARAT   RUE;M;4548284;453000;420
2,02E+11;18;1;6;1140;1;2;8;1;6;186;4  FLEURDELIX QUAI;M;4552869;461652;420
2,02E+11;18;2;26;1550;1;2;7;1;6;186;LIBERATION PLACE DE LA;M;4552882;461658;420
2,02E+11;18;3;10;1233;1;2;3;1;3;207;9  DUCLOS JULES RUE;M;4547454;450837;420
2,02E+11;18;3;18;1845;5;2;1;1;3;186;51  EDOUARD VAILLANT RUE;M;4552416;460666;420
2,02E+11;18;4;6;1400;1;2;1;1;2;207;GAMBETTA RUE;M;4547331;451064;420
2,02E+11;18;3;22;855;1;2;1;1;6;207;2  D'ARC JEANNE SQUARE;M;4547645;450862;420
2,02E+11;18;4;13;1645;1;2;3;1;6;207;CHAMBOVET RICHARD RUE;M;4547401;451534;420
2,02E+11;18;4;13;1854;1;2;1;1;2;207;CITE GILLET RUE DE LA;M;4545776;450309;420
2,02E+11;18;4;20;1625;1;2;1;1;3;207;WALDECK ROUSSEAU BOULEVA;M;4547491;450502;420
2,02E+11;18;4;20;1710;1;2;9;1;6;207;CONDAMIN JAMES RUE;M;4547619;450664;420
2,02E+11;18;4;26;823;1;2;1;1;6;207;RUE DUGAS MONTBEL;M;4547677;451433;420
2,02E+11;18;5;7;1729;1;2;9;1;2;186;RUE RICHARME PETRUS;M;4552569;461152;420
2,02E+11;18;5;8;1620;1;2;9;1;6;186;RD88;M;4552012;459580;420
2,02E+11;18;5;9;1015;1;1;1;1;3;259;MUNAT ROUTE DU;M;4553670;459490;420
2,02E+11;18;5;19;855;1;2;1;1;3;186;ZOLA RUE EMILE;M;4553541;463293;420
2,02E+11;18;6;6;1655;1;2;1;1;3;123;JAURES RUE JEAN;M;4551288;458147;420
2,02E+11;18;6;11;1740;1;2;1;3;4;207;LYON ROUTE DE;M;4547900;452600;420
2,02E+11;18;6;12;1920;1;2;2;2;6;207;REPUBLIQUE RUE DE LA;M;4547784;451574;420
2,02E+11;18;6;25;1756;1;2;3;1;3;123;JAURES  RUE JEAN;M;4551138;457800;420
2,02E+11;18;6;25;1630;1;2;3;1;3;110;PASTEUR  AVENUE;M;4548812;454687;420
2,02E+11;18;7;1;2200;2;2;1;1;6;207;DELAY FRANCOIS BOULEVARD;M;4547664;450959;420
2,02E+11;18;7;3;1210;1;1;4;1;3;259;SAINT MARTIN ROUTE DE;M;4554109;461694;420
2,02E+11;18;7;10;918;1;1;1;1;6;225;MUNAT ROUTE DU;M;4553585;459263;420
2,02E+11;18;7;24;1700;1;1;1;1;3;103;CELLIEU ROUTE DE;M;4550676;456690;420
2,02E+11;18;7;24;1940;1;2;1;1;2;103;PASTEUR RUE LOUIS;M;4550035;456657;420
2,02E+11;18;8;1;1055;1;2;1;1;6;207;LANGONNAND  ROUTE DE;M;4547185;449386;420
2,02E+11;18;7;26;1220;1;2;1;1;3;186;EDOUARD VAILLANT RUE;M;4552390;460638;420
2,02E+11;18;8;21;1815;1;2;1;1;2;186;FOREZ AVENUE DU;M;4551831;459913;420
2,02E+11;18;9;16;1920;1;2;3;1;5;207;CHABURE ROUTE DE LA;M;4546250;450055;420
2,02E+11;18;9;28;1150;1;2;1;1;2;225;FLEURS RUE DES;M;4553159;459501;420
2,02E+11;18;9;29;2130;5;2;1;1;3;186;EDOUARD VAILLANT RUE;M;4552456;460811;420
2,02E+11;18;10;23;2100;5;2;1;1;4;123;JAURES RUE JEAN;M;4551385;458374;420
2,02E+11;18;10;24;1150;1;2;1;1;6;207;DAUPHINE COURS DU;M;4547651;453439;420
2,02E+11;18;11;2;1000;1;2;1;1;1;225;MANISSOL ROUTE DE;M;4552211;459307;420
2,02E+11;18;11;24;1025;1;1;1;1;1;225;TAREVIEUX ROUTE DE;M;4554211;456163;420
2,02E+11;18;12;7;2020;5;2;9;1;3;186;JUIN AVENUE DU MARECHAL;M;4553309;462995;420
2,02E+11;18;11;16;1915;5;2;1;1;6;207;ETERNITE RUE DE L';M;4548072;451505;420
2,02E+11;18;3;3;2025;5;2;1;1;6;157;ST FRANCOIS REGIS;;;;430
2,02E+11;18;4;7;1400;1;2;1;1;6;157;ST-JEAN (RUE DU FG) (55-;;;;430
2,02E+11;18;4;9;1235;1;2;1;1;6;157;BELGES (AV. DES);M;4504700;389401;430
2,02E+11;18;3;8;810;1;2;1;1;6;89;15  CITADELLE (CHEMIN DE;;;;430
2,02E+11;18;3;22;1750;1;2;1;1;6;157;CLAIR (BD A.);M;4503940;388198;430
2,02E+11;18;5;1;1725;1;2;9;1;3;157;97 AV FOCH;M;4503300;388613;430
2,02E+11;18;5;3;750;1;2;1;1;6;157;BD PHILIPPE JOURDE;;;;430
2,02E+11;18;5;7;1540;1;2;2;1;3;157;REPUBLIQUE (BD DE LA);M;4504361;388997;430
2,02E+11;18;6;1;1715;1;2;1;8;2;157;ST-JEAN (RUE DU FG) (55-;M;4504630;389162;430
2,02E+11;18;6;9;955;1;2;1;1;6;46;CURIE;M;4506093;390206;430
2,02E+11;18;6;16;150;5;2;2;1;3;157;MICHELET (PLACE);M;4504079;388523;430
2,02E+11;18;6;19;1510;1;2;1;1;6;41;DUPUY (AVENUE CHARLES);M;4504979;391445;430
2,02E+11;18;6;21;1400;1;2;1;1;3;89;ST MARCEL (RUE);M;4504922;386899;430
2,02E+11;18;6;29;825;1;2;1;1;6;157;ST-LOUIS (BD);M;4504280;388042;430
2,02E+11;18;7;13;740;1;2;2;1;3;157;AV  VAL VERT- R LOUCHEUR;;;;430
2,02E+11;18;7;27;1710;1;2;2;1;6;2;JARDINS (RUE DES);M;4505177;388755;430
2,02E+11;18;9;4;1540;1;2;1;1;3;157;MONTREDON (ROUTE DE);;;;430
2,02E+11;18;9;16;920;1;2;1;1;6;41;SPORTS (AVENUE DES);M;4504186;393614;430
2,02E+11;18;9;20;2015;1;1;3;1;1;89;BERNARDE (AVENUE DE LA);M;4504963;384797;430
2,02E+11;18;9;13;1322;1;2;3;1;2;89;RTE DE SAUGUES;M;4504310;386826;430
2,02E+11;18;9;28;1150;1;2;6;1;6;251;AIELO (ROND-POINT);M;4502750;388097;430
2,02E+11;18;10;11;1715;1;2;1;1;6;157;BREUIL (PLACE DU);M;;;430
2,02E+11;18;10;25;1630;1;2;1;1;6;251;MASSOT (RUE CHARLES);;;;430
2,02E+11;18;11;1;1810;3;1;1;5;1;41;COUBON (AVENUE DE);M;4503790;393362;430