Num_Acc;an;mois;jour;hrmn;lum;agg;int;atm;col;com;adr;gps;lat;long;dep
2,02E+11;18;11;6;1725;2;2;1;8;2;157;CLAIR (BD. A);M;4503720;388174;430
2,02E+11;18;11;11;1735;5;2;1;1;6;157;BACCARAT (CARREFOUR DE);;;;430
2,02E+11;18;12;18;1825;5;2;2;1;3;157;8 MAI 1945 (AVENUE DU);M;4501650;389579;430
2,02E+11;18;12;21;2300;5;2;7;8;6;157;LAINES (PLACE AUX);M;4504181;388227;430
2,02E+11;18;12;26;945;1;2;1;1;6;157;ST-LOUIS (BD);M;4504305;388045;430
2,02E+11;18;1;6;1030;1;2;1;8;3;132;SAINT NAZAIRE (BOULEVARD;M;4725782;-232417;440
2,02E+11;18;1;29;1030;1;1;2;2;3;132;GUERANDE (ROUTE DE);M;4727975;-230251;440
2,02E+11;18;2;20;1120;1;2;3;7;3;132;29  PRIEUX (AVENUE DE);M;4725822;-233556;440
2,02E+11;18;3;23;1120;1;2;3;1;3;132;152  GAULLE (AVENUE DU G;M;4728651;-239163;440
2,02E+11;18;4;13;1921;1;2;2;1;3;55;OCEAN ( BOULEVARD DE L';M;4727779;-236995;440
2,02E+11;18;4;22;130;3;2;1;9;6;132;RENARDEAUX (CHEMIN DES);M;4726141;-231853;440
2,02E+11;18;4;23;1635;1;2;1;1;7;132;SAINT NAZAIRE (BOULEVARD;M;4725955;-228967;440
2,02E+11;18;5;4;800;1;2;6;1;2;132;REPUBLIQUE (BOULEVARD DE;M;4725955;-233892;440
2,02E+11;18;5;19;1740;1;2;1;1;6;132;SAINT NAZAIRE (BOULEVARD;M;4725974;-233086;440
2,02E+11;18;6;23;1627;1;2;3;1;3;55;VERNE ( AVENUE JULES );M;4727331;-234486;440
2,02E+11;18;7;13;1505;1;2;9;1;6;55;LATTRE DE TASSIGNY ( AVE;M;4728560;-239704;440
2,02E+11;18;7;20;1915;1;2;4;1;6;55;GRANDE DUNE ( AVENUE DE;M;4727996;-236811;440
2,02E+11;18;7;28;940;1;2;1;1;6;132;BECQUEREL (AVENUE DES);M;4725756;-233831;440
2,02E+11;18;8;7;1230;1;2;1;1;6;132;OCEANIDES (BOULEVARD DES;M;4726224;-233629;440
2,02E+11;18;8;11;1125;1;2;1;1;6;132;FLAMMARION (AVENUE CAMIL;M;4726572;-233646;440
2,02E+11;18;9;11;1756;1;2;1;1;6;132;FLAUBERT (AVENUE GUSTAVE;M;4725807;-233578;440
2,02E+11;18;9;14;1705;1;2;6;1;3;135;SANDEAU ( QUAI JULES );M;4727670;-242793;440
2,02E+11;18;10;1;915;1;1;1;1;3;55;RD 213;M;4729109;-233581;440
2,02E+11;18;10;24;1724;1;1;1;1;2;132;D 392;M;4727702;-230955;440
2,02E+11;18;1;7;250;5;2;1;1;1;109;3bis  RUE JEAN LOUIS DE;M;4722587;-158545;440
2,02E+11;18;9;26;1440;1;2;1;1;6;109;ALLEE ALAIN GERBAULT;M;4720966;-152568;440
2,02E+11;18;1;4;200;5;2;1;2;6;109;BD GL PIERRE KOENIG;M;4719603;-161115;440
2,02E+11;18;1;15;1945;5;2;1;9;3;109;RUE GAMBETTA;M;4722048;-154599;440
2,02E+11;18;1;5;1845;5;2;1;2;6;109;54  BOULEVARD AUGUSTE PE;M;4723289;-150612;440
2,02E+11;18;1;5;2105;4;2;1;2;2;109;PONT DE CHEVIRE;M;4719302;-161372;440
2,02E+11;18;1;15;745;5;2;1;2;6;109;CASSIN ( BD RENE );M;4726342;-157946;440
2,02E+11;18;1;9;920;1;2;1;1;6;190;65  RUE DES BIGNONS;M;4719900;149300;440
2,02E+11;18;1;29;730;5;2;1;2;6;109;29  RUE DE FLEURUS;M;4721155;-154295;440
2,02E+11;18;1;13;1615;1;2;1;8;6;109;BOULEVARD LEON BUREAU;M;4720500;-156300;440
2,02E+11;18;1;28;45;5;1;1;3;1;162;BD CHARLES DE GAULLE;M;4721200;-163300;440
2,02E+11;18;1;4;920;1;2;3;2;3;109;2  RUE MATHURIN BRISSONN;M;4720863;-156937;440
2,02E+11;18;1;29;1744;1;2;1;1;6;190;AVENUE DE LA MARTELLIERE;M;4719900;-152000;440
2,02E+11;18;1;27;30;5;2;1;1;1;162;AVENUE LOUIS GUILLOUX;M;4723405;-161761;440
2,02E+11;18;1;26;1540;1;2;2;1;6;109;ROUTE DE SAINT JOSEPH;M;4723836;-153881;440
2,02E+11;18;1;28;2030;2;2;2;1;1;190;RUE DU DOUET;M;4719899;-150807;440
2,02E+11;18;1;20;1530;1;2;2;1;6;109;BOULEVARD ROBERT SCHUMAN;M;4723800;-157000;440
2,02E+11;18;1;10;1635;1;1;1;1;1;162;Avenue de la syonniиre;M;4725552;-164325;440
2,02E+11;18;1;10;1715;1;2;1;1;3;109;150  BUAT ( RUE GENERAL;M;4722600;-154200;440
2,02E+11;18;1;28;45;3;1;1;2;4;162;PERIPHERIQUE;M;4720600;-162500;440
2,02E+11;18;2;8;1935;5;2;1;1;5;109;1  BOULEVARD DU TERTRE;M;4722000;-160300;440
2,02E+11;18;2;10;1815;5;2;1;1;6;109;AVENUE DE LA PETITE BARA;M;4724894;-152183;440
2,02E+11;18;2;3;1115;1;2;1;1;1;109;7  RUE GARIBALDI;M;4720100;-158938;440
2,02E+11;18;2;6;1815;3;1;3;2;5;114;Route de Chatillon;M;4728900;-165600;440
2,02E+11;18;2;8;850;1;2;1;1;6;109;66  BOULEVARD DES POILUS;M;4723061;-152910;440
2,02E+11;18;2;5;1545;1;2;7;1;6;114;296  ROUTE DE VANNES;M;4725092;-161822;440
2,02E+11;18;2;13;755;2;2;6;3;6;109;ROND-POINT DES COMBATTAN;M;4724256;-153400;440
2,02E+11;18;2;20;225;5;2;1;1;6;143;10  RUE DE LA ROBINIERE;M;4716277;-153717;440
2,02E+11;18;2;7;1730;1;2;1;1;3;109;BOULEVARD LELASSEUR;M;4723182;-156835;440
2,02E+11;18;2;13;1635;1;2;1;1;2;109;13  BD BATONNIER CHOLET;M;4719830;-160754;440
2,02E+11;18;2;20;1714;1;2;1;1;3;143;50  RUE CHARLES RIVIERE;M;4717400;154449;440
2,02E+11;18;2;16;910;1;2;1;2;3;109;RUE DE STRASBOURG;M;4721717;-155225;440
2,02E+11;18;1;15;5;5;2;3;1;5;109;ROUTE DE SAINTE LUCE;M;4724600;-150000;440
2,02E+11;18;1;19;1000;1;2;1;1;1;162;BOULEVARD PROFESSEUR JAC;M;4723600;-164200;440
2,02E+11;18;1;24;1800;1;2;1;1;6;162;RUE  LIEUTENANT MOUILLE;M;4721135;-165330;440
2,02E+11;18;1;26;825;1;2;1;1;1;109;BOULEVARD JULES VERNE;M;4724029;-153065;440
2,02E+11;18;2;24;1910;1;2;1;1;2;109;RUE DE CONCARNEAU;M;4726528;-157865;440
2,02E+11;18;2;28;730;1;2;2;1;6;109;RUE DES PLANTES;M;4723108;-158896;440
2,02E+11;18;3;3;1545;1;2;2;1;1;190;RUE MAURICE DANIEL;M;4720709;-150435;440
2,02E+11;18;2;21;857;1;2;4;1;1;109;PLACE ALEXIS RICORDEAU;M;4721229;-155439;440
2,02E+11;18;2;16;1100;1;2;1;1;6;143;RUE DE LA GARE;M;4719349;154923;440
2,02E+11;18;2;25;1330;1;2;3;1;3;114;RUE FRANCIS PICABIA;M;4725546;-157739;440
2,02E+11;18;3;2;1915;5;2;1;1;1;109;61  BOULEVARD DE L'EGALI;M;4720996;-158706;440
2,02E+11;18;3;4;2250;3;1;1;1;6;114;PERIPHERIQUE ROUTIER;M;4726327;-160712;440
2,02E+11;18;3;5;1050;1;2;1;1;6;162;53  AVENUE DE LA BOUVARD;M;4723824;-159593;440
2,02E+11;18;2;17;49;3;1;1;2;2;114;PERIPHERIQUE ROUTIER;M;4726137;-161349;440
2,02E+11;18;3;13;2120;3;1;1;1;6;162;PERIPHERIQUE;M;4720900;-162700;440
2,02E+11;18;3;13;2220;5;2;1;9;6;109;CHAUSSEE DE LA MADELEINE;M;4721129;-155274;440
2,02E+11;18;3;14;815;1;2;1;1;6;109;ALLEE DE L'ILE GLORIETTE;M;4721100;-155800;440
2,02E+11;18;3;22;1145;1;2;1;1;2;109;ROND-POINT DE RENNES;M;4723331;-156591;440
2,02E+11;18;3;24;300;5;2;1;1;1;109;QUAI DE VERSAILLES;M;4722600;-155500;440
2,02E+11;18;3;22;1040;1;2;1;1;6;109;BOULEVARD GUY MOLLET;M;4724796;-155497;440
2,02E+11;18;3;20;815;1;1;1;1;4;143;PERIPHERIQUE;M;4715900;154600;440
2,02E+11;18;3;20;1630;1;2;2;1;5;162;BOULEVARD DU MASSACRE;M;4723300;-159000;440
2,02E+11;18;4;1;415;5;2;1;1;6;190;RUE DES FOUGERES;M;4719400;-148100;440
2,02E+11;18;3;12;1444;1;2;1;1;6;109;3  RUE GUILLAUME GROOTAE;M;4723839;-158591;440
2,02E+11;18;3;28;1515;1;2;1;1;3;162;PERIPHERIQUE;M;4720174;-162103;440
2,02E+11;18;3;28;1410;1;2;1;1;6;109;14  RUE COLONEL DESGREES;M;4721546;-157477;440
2,02E+11;18;3;30;915;1;2;1;2;6;109;10  RUE FELIX LEMOINE;M;4723600;-154600;440
2,02E+11;18;4;4;2010;1;2;1;1;6;109;RANZAI  ( RUE DU );M;4725187;-152729;440
2,02E+11;18;4;8;2150;5;2;1;2;1;109;ROUTE DE LA CHAPELLE;M;4725902;-157493;440
2,02E+11;18;3;27;2130;5;2;1;1;1;109;ROUTE DE SAINT JOSEPH;M;4724099;-153557;440
2,02E+11;18;4;7;910;1;2;2;1;3;109;RUE NICOLAS APPERT;M;4721294;157724;440
2,02E+11;18;4;11;1405;1;2;1;1;6;162;AVENUE DES LIONS;M;4724810;-161961;440
2,02E+11;18;4;17;1110;1;2;1;7;6;109;DERVALLIERES ( RUE DES );M;4722171;-158626;440
2,02E+11;18;4;3;2353;5;2;2;2;6;109;QUAI DE LA FOSSE;M;4720968;-156700;440
2,02E+11;18;4;14;2300;5;2;1;1;6;109;BOULEVARD GUSTAVE ROCH;M;4720183;-155511;440
2,02E+11;18;4;20;1400;1;2;1;1;1;109;BOULEVARD DES ANGLAIS;M;4722619;-158321;440
2,02E+11;18;4;22;35;3;1;1;1;6;162;La Buse;M;4720000;-161800;440
2,02E+11;18;4;19;915;1;1;1;1;4;20;ROUTE DE PORNIC;M;4718684;-159655;440
2,02E+11;18;4;16;1720;1;2;1;1;2;162;BD SALVADOR ALLENDE;M;4721992;-162482;440
2,02E+11;18;4;26;2255;5;2;1;1;6;162;PLACE MAGELLAN;M;4722394;-162556;440
2,02E+11;18;5;1;600;3;1;1;1;2;162;RD 107;M;4719900;-165200;440
2,02E+11;18;5;4;720;1;2;1;1;3;109;BOULEVARD DES ANGLAIS;M;4722800;-158072;440
2,02E+11;18;3;16;830;1;2;2;1;3;109;RUE BERTRAND GESLIN;M;4721606;-156586;440
2,02E+11;18;5;4;1740;1;2;1;1;6;109;RUE FULTON;M;4720965;-157700;440
2,02E+11;18;4;22;310;5;2;9;2;7;109;PONT DES BATAILLONS FFI;M;4719570;-154430;440
2,02E+11;18;5;3;815;1;1;1;1;4;109;PONT DE CHEVIRE;M;4718963;-161355;440
2,02E+11;18;5;9;1800;1;2;9;1;3;143;BOULEVARD PAUL HENRI SPA;M;4716651;-155369;440
2,02E+11;18;3;31;2020;2;2;1;1;6;109;10  RUE DU MARAIS;M;4721822;-155660;440
2,02E+11;18;5;5;1250;1;2;1;1;3;190;ROUTE DE CLISSON;M;4718800;-150300;440
2,02E+11;18;5;16;655;1;2;1;1;1;109;BOULEVARD DE LONGCHAMP;M;4723695;-157623;440
2,02E+11;18;5;13;200;5;2;1;1;2;109;RUE GAETAN RONDEAU;M;4720669;-153382;440
2,02E+11;18;4;13;30;5;2;1;1;2;109;RUE DE STRASBOURG;M;4721877;-155374;440
2,02E+11;18;4;20;100;5;2;1;1;7;109;RUE PAUL DUBOIS;M;4721541;-155124;440
2,02E+11;18;4;23;1205;1;2;1;1;6;109;ROTONDE ( PONT DE LA );M;4721543;-154672;440
2,02E+11;18;5;7;1845;1;2;1;1;6;109;MARSEILLAISE ( RUE DE LA;M;4720742;-159097;440
2,02E+11;18;5;8;1430;1;2;1;1;6;109;AVENUE JEAN CLAUDE BONDU;M;4721190;-154380;440
2,02E+11;18;4;9;750;1;2;1;1;6;109;RUE ALFRED RIOM;M;4721362;-157318;440
2,02E+11;18;5;22;820;1;2;1;1;2;109;BOULEVARD DES BELGES;M;4723500;-154600;440
2,02E+11;18;3;30;2005;5;2;1;3;6;109;CASSIN ( BD RENE );M;4726280;-158148;440
2,02E+11;18;3;21;1600;1;2;1;1;6;109;RUE FOURE;M;4721400;-154600;440
2,02E+11;18;3;31;630;5;2;1;1;6;109;BOULEVARD ROBERT SCHUMAN;M;4723800;-157000;440
2,02E+11;18;3;25;940;1;2;1;1;2;190;9  RUE DE BIARRITZ;M;4719500;-152900;440
2,02E+11;18;3;31;2130;2;2;1;1;3;109;1  RUE PAUL BELLAMY;M;4723315;-156572;440
2,02E+11;18;4;27;1410;1;2;1;1;3;114;PLACE DE LA LIBERTE;M;4725200;-159400;440
2,02E+11;18;5;17;1405;1;2;1;1;3;190;RUE DU PATIS BRULE;M;4719924;-150485;440
2,02E+11;18;5;26;1035;1;2;1;1;3;143;RUE JEAN JAURES;M;4718512;-154628;440
2,02E+11;18;5;21;2335;5;2;1;1;6;109;BOULEVARD RENE CASSIN;M;4726280;-158066;440
2,02E+11;18;6;19;1745;1;2;1;1;3;162;PLACE OCEANE;M;4722486;-162844;440
2,02E+11;18;6;19;2337;5;2;1;1;6;109;RUE GASTON MICHEL;M;4721005;-156277;440
2,02E+11;18;6;24;2105;1;2;1;1;3;162;BOULEVARD WINSTON CHURCH;M;4721033;-161003;440
2,02E+11;18;6;26;1350;1;2;1;1;2;109;POILUS ( BD DES );M;4723382;-153539;440
2,02E+11;18;6;26;815;1;2;1;1;3;162;RUE ROBERT SCHUMAN;M;4720280;-162796;440
2,02E+11;18;6;27;720;1;2;9;1;6;162;BOULEVARD DU MASSACRE;M;4723162;-159257;440
2,02E+11;18;6;28;840;1;1;1;1;5;114;;M;4726260;-160918;440
2,02E+11;18;6;4;1504;1;2;1;1;3;190;ROUTE DE CLISSON;M;4718860;-150096;440
2,02E+11;18;7;13;1335;1;2;9;1;3;109;FELTRE ( RUE DE );M;4721598;-155785;440
2,02E+11;18;4;28;810;1;2;1;1;3;162;BOULEVARD PROFESSEUR JAC;M;4724869;-163425;440
2,02E+11;18;7;10;1715;1;2;1;1;6;109;RUE DE LA MARSEILLAISE;M;4720702;-158885;440
2,02E+11;18;6;16;2027;2;2;1;1;6;109;RUE DE STRASBOURG;M;4721759;-155267;440
2,02E+11;18;7;9;1645;1;2;1;1;6;162;IMPASSE DU BOURRELIER;M;4722196;-164224;440
2,02E+11;18;7;18;1900;1;2;1;1;3;109;BOULEVARD DES BELGES;M;4723520;-154552;440
2,02E+11;18;6;18;1600;1;1;1;1;4;114;821;M;4725274;-163521;440
2,02E+11;18;7;20;1800;1;2;1;1;3;109;BD DE LA PRAIRIE DE MAUV;M;4722500;-149755;440
2,02E+11;18;7;22;1800;1;2;1;1;1;109;BOULEVARD DES ANGLAIS;M;4722409;-158446;440
2,02E+11;18;6;6;1130;1;2;6;1;6;109;BOULEVARD JULES VERNE;M;4724263;-152824;440
2,02E+11;18;6;22;100;5;2;1;1;6;109;BOULEVARD JEAN INGRES;M;4722151;-160216;440
2,02E+11;18;6;10;235;5;1;1;1;4;162;PERIPHERIQUE;M;4720966;-162680;440
2,02E+11;18;7;23;1850;1;2;1;1;1;109;ROUTE DE SAINT JOSEPH;M;4726605;-152524;440
2,02E+11;18;5;18;1650;1;2;1;1;6;109;BOULEVARD DE LA BEAUJOIR;M;4727855;-151827;440
2,02E+11;18;5;28;800;1;2;1;1;6;109;BOULEVARD DE SEATTLE;M;4721831;-151564;440
2,02E+11;18;6;12;755;1;2;1;1;6;109;BOULEVARD AMIRAL COURBET;M;4722876;-155337;440
2,02E+11;18;7;2;1855;1;2;1;1;6;143;RUE JEAN JAURES;M;4718562;-154644;440
2,02E+11;18;6;7;1700;1;2;1;1;2;109;QUAI ANDRE MORICE;M;4720891;-154847;440
2,02E+11;18;5;11;2330;5;2;2;1;6;109;BOULEVARD DE DOULON;M;4722423;-152034;440
2,02E+11;18;7;27;1355;1;2;1;1;3;162;BOULEVARD MARCEL PAUL;M;4724470;-161831;440
2,02E+11;18;5;27;1900;1;2;1;1;6;109;PLACE DE LA REPUBLIQUE;M;4722685;-160102;440
2,02E+11;18;8;3;945;1;2;4;1;2;109;POILUS ( BD DES );M;4722798;-152562;440
2,02E+11;18;7;25;1900;1;2;1;1;6;109;ROUTE DE VANNES;M;4723947;-158974;440
2,02E+11;18;8;4;1135;1;2;1;1;3;114;BD MENDES FRANCE;M;4726093;-158812;440
2,02E+11;18;8;6;805;1;1;1;1;2;114;RD 965;M;4725670;-163828;440
2,02E+11;18;7;27;6;5;2;1;1;7;109;RUE ALBERT LONDRES;M;4724659;-150230;440
2,02E+11;18;7;21;1110;1;2;1;1;6;109;ANJOU ( PORTE PERIPH INT;M;4723968;-148655;440
2,02E+11;18;7;23;1355;1;2;1;1;6;109;ROND-POINT ABEL DURAND;M;4722147;-160276;440
2,02E+11;18;7;19;1050;1;2;1;1;6;109;BOULEVARD JEAN PHILIPPOT;M;4721169;-155698;440
2,02E+11;18;7;27;1615;1;2;1;1;6;109;RUE GAETAN RONDEAU;M;4720630;-153630;440
2,02E+11;18;8;6;1520;1;2;1;1;3;109;RUE DE LA BASSE CHENAIE;M;4723990;-150800;440
2,02E+11;18;7;25;1745;1;2;1;1;4;114;ROUTE DE VANNES;M;4725674;-163837;440
2,02E+11;18;8;1;1810;1;2;1;1;6;109;PONT DE CHEVIRE;M;4719410;-161352;440
2,02E+11;18;8;10;445;5;2;1;1;6;109;BOULEVARD DE LA PRAIRIE;M;4720508;-155656;440
2,02E+11;18;8;4;1215;1;2;1;1;4;114;RENNES (RTE DE) RN 137;M;4726381;-158480;440
2,02E+11;18;8;16;1720;1;2;1;1;4;162;BOULEVARD PROFESSEUR JAC;M;4725257;-163127;440
2,02E+11;18;8;17;802;1;2;9;1;2;109;CHEMIN DU PRE HERVE;M;4724513;-151834;440
2,02E+11;18;6;28;925;1;2;1;1;3;109;BOULEVARD GUSTAVE ROCH;M;4720218;-155389;440
2,02E+11;18;6;20;1840;1;2;1;1;2;109;PONT DE CHEVIRE;M;4719233;-161366;440
2,02E+11;18;8;19;1130;1;1;1;1;2;215;PERIPHERIQUE SUD;M;4717743;-150647;440
2,02E+11;18;8;25;1635;1;1;1;1;2;162;PERIPHERIQUE;M;4721504;-162558;440
2,02E+11;18;8;5;2220;5;2;2;1;6;109;BOULEVARD ERNEST DALBY;M;4722845;-152630;440
2,02E+11;18;8;28;1740;1;2;1;1;6;109;BOULEVARD VAN ISEGHEM;M;4722974;-155167;440
2,02E+11;18;5;27;1835;1;2;1;1;4;114;PERIPHERIQUE ROUTIER;M;4725925;-162382;440
2,02E+11;18;5;25;2000;1;1;1;1;3;109;GAULLE  ( BD GAL DE );M;4720660;-153890;440
2,02E+11;18;9;9;1500;1;2;1;1;6;109;ALLENDE  ( BD SALVADOR );M;4720693;-157367;440
2,02E+11;18;9;11;1105;1;2;1;1;6;162;BOULEVARD SALVADOR ALLEN;M;4721980;-160848;440
2,02E+11;18;9;13;900;1;2;1;2;3;109;JOSEPH ( RTE DE ST );M;4724367;-153383;440
2,02E+11;18;8;18;1010;1;2;1;1;4;215;PERIPHERIQUE SUD;M;4718166;-150194;440
2,02E+11;18;8;8;1400;1;2;1;1;6;109;BRETAGNE ( PONT ANNE DE;M;4720790;-156555;440
2,02E+11;18;9;19;2209;5;2;1;1;3;109;BOULEVARD JULES VERNE;M;4724130;-152959;440
2,02E+11;18;9;22;1410;1;2;1;1;3;109;BOULEVARD DU MASSACRE;M;4722983;-159631;440
2,02E+11;18;9;25;1800;1;2;1;1;1;162;ALLEE DE LA BOURGONNIERE;M;4720511;-165668;440
2,02E+11;18;5;24;2140;2;2;1;1;6;109;RUE GEOFFROY DROUET;M;4722199;-154867;440
2,02E+11;18;9;25;1730;1;1;9;1;2;162;165;M;4722552;-162245;440
2,02E+11;18;6;16;1430;2;2;1;1;6;109;ROUTE DE LA JONELIERE;M;4725002;-155000;440
2,02E+11;18;9;28;920;1;2;1;1;6;162;AVENUE DES NAUDIERES;M;4723960;-160179;440
2,02E+11;18;9;22;1415;1;2;1;1;6;190;RUE DE LA NOE COTTEE;M;4719251;-148027;440
2,02E+11;18;9;30;2114;3;1;1;1;1;162;RD 201;M;4723476;-165232;440
2,02E+11;18;10;1;900;1;2;1;1;2;109;AVENUE CARNOT;M;4721461;-154565;440
2,02E+11;18;10;2;920;1;2;1;1;6;109;LONDRES ( RUE ALBERT );M;4724737;-150372;440
2,02E+11;18;10;4;1830;1;2;1;1;6;109;RUE DE LA BASTILLE;M;4721880;-156846;440
2,02E+11;18;9;24;1220;1;2;1;1;3;109;BOULEVARD DE DOULON;M;4722470;-152108;440
2,02E+11;18;9;6;1825;1;1;1;1;5;109;BOULEVARD JOSEPH BOURCY;M;4724970;-150750;440
2,02E+11;18;9;11;2110;5;2;1;1;6;109;RUE DU STADE DE LA NOUE;M;4724680;-153560;440
2,02E+11;18;8;31;1700;1;2;4;1;1;143;RUE DE LA CALIFORNIE;M;4719107;-158501;440
2,02E+11;18;9;4;1558;1;2;1;1;6;109;ORIEUX ( BD EUGENE );M;4723520;-154940;440
2,02E+11;18;10;6;1440;1;2;1;3;2;114;ROUTE DE RENNES;M;4726267;-158398;440
2,02E+11;18;10;7;230;5;2;1;2;6;109;RUE DU BOIS BRIAND;M;4725290;-150101;440
2,02E+11;18;10;7;500;5;2;1;2;6;109;BOULEVARD DE SARREBRUCK;M;4721520;-152290;440
2,02E+11;18;7;5;250;5;2;2;1;6;109;RUE GASTON VEIL;M;4720991;-155567;440
2,02E+11;18;9;8;1745;1;2;1;1;5;162;RUE OCEANE;M;4722663;-163433;440
2,02E+11;18;10;5;1810;1;2;1;1;6;190;RUE JEAN MERMOZ;M;4719738;-151317;440
2,02E+11;18;10;9;1720;1;1;1;1;5;114;82;M;4725769;-163190;440
2,02E+11;18;10;9;1909;1;2;1;1;3;109;PLACE DE LA REPUBLIQUE;M;4720531;-155422;440
2,02E+11;18;10;12;1005;1;2;1;1;3;109;BOULEVARD VINCENT GACHE;M;4720665;-154078;440
2,02E+11;18;10;11;1210;1;2;1;1;2;109;BOULEVARD DES BELGES;M;4723467;-154119;440
2,02E+11;18;10;17;1350;1;2;1;1;;109;BOULEVARD LELASSEUR;M;4723304;-156637;440
2,02E+11;18;5;14;840;1;2;1;1;6;109;RUE DES RENARDS;M;4725357;-156174;440
2,02E+11;18;10;19;2130;5;2;1;1;1;162;Bd Charles GAUTIER;M;4722151;-160399;440
2,02E+11;18;6;25;1845;1;2;1;1;2;114;PERIPHERIQUE ROUTIER;M;4726245;-161056;440
2,02E+11;18;10;21;1050;1;1;1;1;2;109;PARIS ( ROUTE DE );M;4725474;-151306;440
2,02E+11;18;10;22;1555;1;2;1;1;4;114;PERIPHERIQUE ROUTIER;M;4726533;-158895;440
2,02E+11;18;10;23;1650;1;2;1;7;1;109;RUE VULCAIN;M;4722543;-150481;440
2,02E+11;18;10;26;1305;1;2;1;1;3;162;BOULEVARD DU TERTRE;M;4721983;-160352;440
2,02E+11;18;9;19;1650;1;2;1;1;2;109;ROUTE DE CLISSON;M;4719095;-152247;440
2,02E+11;18;10;28;205;5;2;1;1;4;109;RUE GENERAL BUAT;M;4723121;-153848;440
2,02E+11;18;10;29;1710;1;2;1;1;6;109;RUE ROMAIN ROLLAND;M;4720528;-160625;440
2,02E+11;18;10;31;800;1;2;1;1;3;190;RUE DE LA COMMUNE DE 187;M;4719921;-150021;440
2,02E+11;18;10;7;1045;1;2;1;1;6;109;BRETAGNE ( PONT ANNE DE;M;4720840;-156595;440
2,02E+11;18;10;31;1500;1;2;1;1;3;143;RUE DE LA BAUCHE THIRAUD;M;4716200;-154883;440
2,02E+11;18;11;1;1915;5;2;1;1;4;162;RUE DE SAINT NAZAIRE;M;4721149;-161660;440
2,02E+11;18;5;26;1540;1;2;1;1;6;109;ROUTE DE LA JONELIERE;M;4725217;-154460;440
2,02E+11;18;11;6;2050;5;2;1;1;7;109;RUE DU POITOU;M;4722405;-156509;440
2,02E+11;18;11;7;745;5;2;6;1;3;162;AVENUE DE LA BOUVARDIERE;M;4723830;-159584;440
2,02E+11;18;10;25;1930;2;2;1;1;6;109;BOULEVARD A. MILLERAND;M;4720903;-153101;440
2,02E+11;18;10;23;1930;2;2;1;1;6;109;BD MARTYRS N. DE LA RESI;M;4720601;-154803;440
2,02E+11;18;10;12;850;1;2;1;1;6;109;RUE FERDINAND BUISSON;M;4720422;-158176;440
2,02E+11;18;11;11;10;5;1;1;1;6;172;PERIPHERIQUE EST;M;4724084;-148873;440
2,02E+11;18;9;28;820;2;2;1;1;6;190;RUE EDOUARD HERVE;M;4719040;-151874;440
2,02E+11;18;9;10;1900;1;2;1;1;6;109;RUE FREDERIC CAILLIAUD;M;4721947;-154099;440
2,02E+11;18;11;3;1725;1;2;1;1;6;109;AVENUE DE WATTIGNIES;M;4720362;-154626;440
2,02E+11;18;11;6;830;1;1;1;1;6;162;75;M;4720615;-166692;440
2,02E+11;18;9;6;725;1;2;3;1;6;109;QUAI DE VERSAILLES;M;4722661;-155571;440
2,02E+11;18;9;19;1743;1;2;1;1;6;109;RUE FREDERIC MISTRAL;M;4724661;-151223;440
2,02E+11;18;9;25;1035;1;2;1;1;6;109;RUE PAUL BELLAMY;M;4722084;-155562;440
2,02E+11;18;9;2;2100;5;2;1;1;6;109;QUAI DE LA FOSSE;M;4720991;-156413;440
2,02E+11;18;11;6;1335;1;2;1;1;6;143;RUE ARISTIDE BRIAND;M;4718306;-154568;440
2,02E+11;18;11;7;1710;2;2;1;1;6;109;RUE COPERNIC;M;4721472;-156568;440
2,02E+11;18;11;7;1445;1;1;9;1;6;162;PLACE OCEANE;M;4722455;-162916;440
2,02E+11;18;11;15;1600;1;2;1;1;6;109;RUE MARECHAL JOFFRE;M;4722060;-154873;440
2,02E+11;18;11;16;2050;3;2;1;5;1;162;BOULEVARD CHARLES DE GAU;M;4721144;-163075;440
2,02E+11;18;11;18;1230;1;2;6;1;1;109;RUE DE LA PETITE NOE;M;4724508;-153322;440
2,02E+11;18;11;21;800;1;2;1;1;2;114;AVENUE DU BOIS RAGUENET;M;4726948;-159297;440
2,02E+11;18;11;16;1549;1;2;1;1;7;143;AVENUE DES TREILLES;M;4719057;-156874;440
2,02E+11;18;7;20;1202;1;2;1;1;3;109;BOULEVARD DE STALINGRAD;M;4721925;-153571;440
2,02E+11;18;11;15;900;1;2;1;1;6;143;RUE DE LA ROBINIERE;M;4716601;-153295;440
2,02E+11;18;11;22;1945;3;1;1;1;2;162;PERIPHERIQUE;M;4722217;-162231;440
2,02E+11;18;11;12;615;2;2;1;1;6;109;MELLINET ( PL GENERAL );M;4721096;-157659;440
2,02E+11;18;11;28;145;5;1;1;2;6;114;;M;4727744;-159814;440
2,02E+11;18;9;25;937;1;2;1;1;6;109;BOULEVARD HENRY ORRION;M;4723348;-156009;440
2,02E+11;18;11;29;1119;1;2;1;1;6;162;BOULEVARD SALVADOR ALLEN;M;4721848;-161804;440
2,02E+11;18;11;30;910;1;1;6;1;6;162;PORTE DE SAUTRON;M;4725089;-162118;440
2,02E+11;18;11;30;1640;1;2;1;1;6;109;BOULEVARD JEAN PHILIPPOT;M;4721219;-155482;440
2,02E+11;18;11;28;1210;1;2;1;1;6;109;RUE JACQUES DUCLOS;M;4723894;-154344;440
2,02E+11;18;11;27;1915;2;2;9;1;6;109;FELTRE ( RUE DE );M;4721597;-155764;440
2,02E+11;18;11;15;1400;1;2;1;1;6;109;AVENUE CARNOT;M;4721528;-154622;440
2,02E+11;18;12;5;1710;2;2;1;2;1;114;RUE DE LA VIGNE;M;4727128;-162843;440