Num_Acc;an;mois;jour;hrmn;lum;agg;int;atm;col;com;adr;gps;lat;long;dep
2,02E+11;18;3;23;820;1;2;1;1;3;232;AV R Secrйtain;M;4786930;191185;450
2,02E+11;18;3;23;909;1;2;9;1;6;232;AVENUE DE SOLOGNE;M;4785730;191289;450
2,02E+11;18;3;24;1010;1;2;2;1;6;234;R TOUR NEUVE/R DES AFRIC;M;4789901;191360;450
2,02E+11;18;3;22;1155;1;2;1;1;6;234;RUE FERNAND RABIER;M;4790385;190978;450
2,02E+11;18;3;27;740;1;2;1;2;6;232;RUE DE LA SOURCE;M;4785686;191712;450
2,02E+11;18;3;27;1315;1;1;1;2;2;302;ORMES (ROUTE D');M;4795256;184454;450
2,02E+11;18;3;29;730;2;2;1;1;7;234;12  AVENUE DE LA MARNE;M;4791566;192988;450
2,02E+11;18;3;30;700;1;2;1;1;6;284;51  AV DU G LECLERC;M;4791533;196947;450
2,02E+11;18;3;30;1245;1;2;3;1;3;284;AVENUE DE VERDUN;M;4791715;197814;450
2,02E+11;18;3;30;1450;1;2;1;2;1;169;RUE LAVOISIER;M;4790207;849648;450
2,02E+11;18;4;2;2108;5;2;9;2;3;234;3 rue de la cholerie;M;4789961;190643;450
2,02E+11;18;4;3;1810;1;2;3;1;3;234;RUE EUGENE TURBAT;M;4788807;190856;450
2,02E+11;18;4;8;1825;1;2;2;1;3;234;CHARRETIERS/ANGLETERRE;M;4790052;189929;450
2,02E+11;18;4;9;1850;1;2;1;1;3;284;AVENUE DENIS  PAPIN;M;4791719;195098;450
2,02E+11;18;4;12;1615;1;2;1;2;3;285;RUE CHARLES BEAUHAIRE;M;4791472;188333;450
2,02E+11;18;4;12;1835;1;2;1;1;2;234;AV DES DROITS DE L'HOMME;M;4791222;192305;450
2,02E+11;18;4;14;745;1;2;2;8;3;234;MURLINS/M DUBOIS;M;4792210;189150;450
2,02E+11;18;4;14;1055;1;2;1;1;6;234;RECHERCHE SCIENTIFIQUE (;M;4784192;194426;450
2,02E+11;18;4;15;730;1;2;1;1;6;75;RUE DE VAUSSOUDUN;M;4788131;182440;450
2,02E+11;18;4;15;1405;1;2;3;1;1;285;RUE CHARLES BEAUHAIRE;M;4791613;186479;450
2,02E+11;18;4;13;2033;1;2;1;1;1;302;RUE DES BRUERES;M;4794779;190412;450
2,02E+11;18;4;17;830;1;2;1;1;6;234;BOULEVARD MARIE STUART;M;4791027;192083;450
2,02E+11;18;4;17;1515;1;1;1;1;3;232;RD 2271;M;4784121;189014;450
2,02E+11;18;4;17;1640;1;2;3;1;3;147;PLACE JEAN ZAY/P SEMART;M;4793433;190327;450
2,02E+11;18;3;28;2345;5;2;1;1;6;234;AV DES DROITS DE L'HOMME;M;4792424;193479;450
2,02E+11;18;4;18;1715;1;2;3;1;3;234;AV de SAINT MESMIN/Abbe;M;4788759;189245;450
2,02E+11;18;4;20;1320;1;2;3;1;6;234;Bd de QUEBEC/R VIERZON;M;4791429;190518;450
2,02E+11;18;4;21;1936;1;2;3;1;3;234;RTE D'OLIVET/MOREAU;M;4788122;190340;450
2,02E+11;18;4;23;730;2;2;1;1;6;285;RUE DE BAGNEAUX;M;4791000;188000;450
2,02E+11;18;4;23;1645;1;2;1;1;2;285;D9520-bretelle raccord;M;4790743;186937;450
2,02E+11;18;4;23;1915;1;2;2;1;3;234;AV DROIT L'HOMME/NECOTIN;M;4792378;193760;450
2,02E+11;18;4;23;815;1;2;1;1;3;75;RUE DES BAS CHAMPS;M;4790050;185350;450
2,02E+11;18;2;21;1400;1;2;2;1;3;234;quai de prague;M;4789470;190453;450
2,02E+11;18;4;26;1720;1;2;2;1;3;234;Q DES TOURELLE/DAUPHINE;M;4789479;190472;450
2,02E+11;18;4;26;1955;1;2;2;1;3;147;R  M BERTHELOT/SANGNIER;M;4292155;191437;450
2,02E+11;18;4;28;340;5;2;1;1;6;284;AV LOUIS JOSEPH SOULAS;M;4790774;196149;450
2,02E+11;18;4;29;1120;1;2;8;2;2;234;AVENUE DE PARIS;M;4791636;190158;450
2,02E+11;18;4;29;1425;1;2;2;8;2;234;AV SECRETAIN/B MOUILLERE;M;4778946;190900;450
2,02E+11;18;4;29;1605;1;2;1;8;6;298;AV DE SAINT MESMIN-RD951;M;4788353;187495;450
2,02E+11;18;5;1;925;1;2;1;1;3;232;AVENUE VICTOR HUGO;M;4785888;191178;450
2,02E+11;18;5;2;1343;1;2;1;1;1;284;BOULEVARD MARIE STUART;M;4790965;194785;450
2,02E+11;18;5;4;1030;1;1;1;1;6;147;115 R MARCELIN BERTHELOT;M;4792574;191533;450
2,02E+11;18;5;4;2140;5;2;1;1;6;234;10 QUAI SAINT LAURENT;M;4789796;189372;450
2,02E+11;18;5;5;855;1;2;2;1;3;234;RUE PORTE DUNOISE;M;4790192;188108;450
2,02E+11;18;5;5;915;1;2;6;1;3;75;RTE D'ORLEANS-G BIZET;M;4789151;184278;450
2,02E+11;18;5;9;1630;1;2;6;1;3;235;AVENUE CHARLES DE GAULLE;M;4795257;184303;450
2,02E+11;18;5;11;1810;1;2;1;1;6;298;RUE DES HAUTES LEVEES;M;4789095;186948;450
2,02E+11;18;5;12;937;1;2;1;1;6;234;AVENUE DE PARIS;M;4790864;190410;450
2,02E+11;18;5;13;1430;1;2;1;1;6;234;AVENUE MONTESQUIEU;M;4783653;193342;450
2,02E+11;18;5;13;1756;1;2;4;1;6;232;RD 2271;M;4784674;191020;450
2,02E+11;18;5;14;1240;1;2;1;3;5;302;Rocade D520;M;4794132;188840;450
2,02E+11;18;5;14;1800;1;2;9;8;2;234;PONT DU MARECHAL JOFFRE;M;4789795;189530;450
2,02E+11;18;5;15;1240;1;2;3;1;3;234;Q CYPIERRE/R L'ECU D'OR;M;4789820;190128;450
2,02E+11;18;5;17;1402;1;2;6;1;3;232;RUE DE L'ARDOUX/MOULIN;M;4784641;192255;450
2,02E+11;18;5;18;500;5;2;1;1;2;234;ROUTE D'OLIVET;M;4788284;190384;450
2,02E+11;18;5;20;1645;1;2;9;1;3;286;ROUTE DE SAINT CYR;M;4787908;193337;450
2,02E+11;18;5;20;1715;1;2;3;7;1;235;R NATIONALE-PARKING MAIR;M;4794236;181828;450
2,02E+11;18;5;22;830;1;2;2;1;3;234;R COLOMBIER/GRAND CHAMPS;M;4790359;189974;450
2,02E+11;18;5;22;1310;1;2;2;1;3;234;R DES MURLINS/R DU PARC;M;4791637;189460;450
2,02E+11;18;5;22;2250;5;2;1;1;7;298;AV DU TRAITE DE ROME;M;4788843;186273;450
2,02E+11;18;5;24;1535;1;2;2;1;3;234;AV PARC FLORAL/H BERGSON;M;4784626;194097;450
2,02E+11;18;5;24;1520;1;2;6;1;3;284;R  FRERES LUMIERE/AMPERE;M;4791719;194632;450
2,02E+11;18;5;24;1845;1;2;3;1;3;234;R C BEAUHAIRE/V GAMBETTA;M;4790911;188332;450
2,02E+11;18;5;25;1048;1;1;1;1;3;302;Rocade D520;M;4794055;188849;450
2,02E+11;18;5;28;1200;1;2;1;1;2;234;1 RUE EUGENE VIGNAT;M;4790594;190983;450
2,02E+11;18;5;29;940;1;2;1;1;6;285;56 RUE RAYMOND GAUDRY;M;4790714;187229;450
2,02E+11;18;5;29;1415;1;2;1;1;3;274;RUE DE LA LEVEE;M;4789585;194955;450
2,02E+11;18;6;1;1620;1;2;3;8;6;234;FG BANNIER/ 3 CROISSANTS;M;4792509;189674;450
2,02E+11;18;6;2;1305;1;2;1;1;7;232;AV VICTOR HUGO;M;4785869;188904;450
2,02E+11;18;6;2;1515;1;2;1;1;6;234;104 FG DE BOURGOGNE;M;4790292;193022;450
2,02E+11;18;6;5;830;1;2;1;2;3;169;14 RUE DE DARVOY;M;4790889;184482;450
2,02E+11;18;6;6;850;1;1;2;8;2;232;RD 2271/R PAULIN LABARRE;M;4784019;187643;450
2,02E+11;18;6;4;1750;1;2;6;2;7;298;R DES MOINES/R ST PRYVE;M;4788728;187663;450
2,02E+11;18;6;7;1455;1;2;9;7;3;232;345 RUE DU COUASNON;M;4787259;190103;450
2,02E+11;18;6;7;1800;1;2;1;1;4;234;AVENUE ROGER SECRETAIN;M;4789156;189551;450
2,02E+11;18;6;7;2330;5;2;9;1;3;234;AVENUE ROGER SECRETAIN;M;4789329;189565;450
2,02E+11;18;6;8;750;1;2;2;1;3;234;R PRESSOIR NEUF/R BORDE;M;4790962;192394;450
2,02E+11;18;6;8;1950;1;1;1;1;2;169;RUE DE LA DRIOTTE;M;4792194;184575;450
2,02E+11;18;6;9;1015;1;2;2;1;3;234;R COLOMBIER/GRAND CHAMPS;M;4790362;189977;450
2,02E+11;18;6;9;1145;1;2;1;1;2;234;24 RUE JOUSSELIN;M;4790270;193138;450
2,02E+11;18;6;10;1410;1;2;1;1;3;234;AVENUE ROGER SECRETAIN;M;4787040;191210;450
2,02E+11;18;6;11;1245;1;2;2;1;2;285;Rocade D520/R P DOUMER;M;4791108;186713;450
2,02E+11;18;6;12;850;1;2;1;1;2;75;ROUTE D'ORLEANS;M;4789419;185212;450
2,02E+11;18;6;12;1415;1;1;1;1;6;232;RTE de JOUY-D 15;M;4783735;187424;450
2,02E+11;18;6;14;1730;1;2;9;8;3;75;RUE DE LA CHISTERA;M;4789823;185423;450
2,02E+11;18;6;14;1205;1;2;2;1;6;234;ROYALE (RUE);M;4789990;190409;450
2,02E+11;18;6;14;2040;1;2;1;1;6;234;20 RUE HENRI TROYAT;M;4784014;192956;450
2,02E+11;18;6;18;643;1;2;5;1;7;234;DROITS DE L'HOMME (AVENU;M;4792394;193759;450
2,02E+11;18;6;16;1700;1;2;2;1;6;232;AVENUE DE VERDUN;M;4786842;191174;450
2,02E+11;18;6;20;1713;1;2;3;1;4;234;QU DU CHATELET/TANNEURS;M;4789803;191083;450
2,02E+11;18;6;21;1755;1;2;1;1;2;285;76 RUE CROIX BAUDU;M;4792124;188533;450
2,02E+11;18;6;21;2015;1;2;1;1;6;75;RUE DES HAUTS CHAMPS;M;4789905;184787;450
2,02E+11;18;6;22;1630;1;2;1;1;6;232;Parking AUCHAN;M;4786794;191138;450
2,02E+11;18;6;22;2315;5;2;1;1;2;234;PONT GEORGE V;M;4789572;190439;450
2,02E+11;18;6;25;745;1;2;6;1;2;284;Rond point Dior;M;4792456;199303;450
2,02E+11;18;6;25;1230;1;2;1;1;6;302;2864 ANC RTE DE CHARTRES;M;4795495;187852;450
2,02E+11;18;6;26;1710;1;2;1;1;6;234;489 RUE DU FG BANNIER;M;4793251;189511;450
2,02E+11;18;6;27;630;2;2;1;1;1;302;RUE DU CHAMP ROUGE;M;4795727;184771;450
2,02E+11;18;6;27;1150;1;2;1;1;6;298;27 R DES 4 TOURELLES;M;4788822;188300;450
2,02E+11;18;6;28;1800;1;2;1;1;6;234;28 AV DE SAINT MESMIN;M;4788735;189151;450
2,02E+11;18;6;30;1320;1;2;1;1;4;234;AV R SECRETAIN;M;4788533;189745;450
2,02E+11;18;7;1;1120;1;2;6;1;1;285;R R GAUDRY/PL GAMBETTA;M;4790677;187812;450
2,02E+11;18;7;1;2250;4;2;2;1;1;284;AV VERDUN/P M FRANCE;M;4791693;197748;450
2,02E+11;18;7;2;1555;1;2;1;1;7;169;RUE DE LA GARE;M;4793529;183740;450
2,02E+11;18;7;2;1938;1;2;1;1;3;284;AV LOUIS JOSEPH SOULAS;M;4790840;197277;450
2,02E+11;18;7;3;905;1;2;6;1;6;147;RUE DE MONTARAN;M;4794329;192038;450
2,02E+11;18;7;3;1822;1;2;9;1;2;234;AVENUE ROGER SECRETAIN;M;4789011;189519;450
2,02E+11;18;7;3;2019;1;2;2;1;3;234;R la Barriиre Saint-Marc;M;4793226;193582;450
2,02E+11;18;7;4;1135;1;2;2;1;1;234;R DES MURLINS/RUE CABAN;M;4791019;189854;450
2,02E+11;18;7;6;1358;1;1;1;1;6;169;ROUTE D'ORLEANS;M;4791451;184871;450
2,02E+11;18;7;6;1720;1;2;1;1;4;147;RUE DU 11 OCTOBRE;M;4793412;189894;450
2,02E+11;18;7;8;635;1;2;1;1;6;286;ROUTE DE SANDILLON;M;4788837;192546;450
2,02E+11;18;7;9;1040;1;2;1;1;2;234;AVENUE ROGER SECRETAIN;M;4788004;190762;450
2,02E+11;18;7;9;2110;1;2;2;1;5;234;AVENUE ROGER SECRETAIN;M;4788559;189704;450
2,02E+11;18;7;10;840;1;2;1;1;6;234;AVENUE EDMOND MICHELET;M;4789193;191049;450
2,02E+11;18;7;11;1520;1;2;3;1;2;75;RUE D'INGRE/MANSARD;M;4789505;183820;450
2,02E+11;18;7;11;1810;1;2;2;1;3;274;CASSINES/CHATEAU D EAU;M;4787742;194364;450
2,02E+11;18;7;12;2100;1;1;1;1;7;274;D951-RTE DE SANDILLON;M;4786132;197831;450
2,02E+11;18;7;14;1630;1;2;5;1;3;234;BD G M RIOBE/R E ZOLA;M;4791347;190980;450
2,02E+11;18;7;15;315;5;2;1;1;7;234;AV DE SOLOGNE;M;4785503;191267;450
2,02E+11;18;7;16;2050;1;2;1;1;3;234;RUE DU FAUBOURG BANNIER;M;4790000;190000;450
2,02E+11;18;7;17;2100;1;2;1;1;6;232;R DE LA BERGERESSE(MCDO);M;4784582;191802;450
2,02E+11;18;7;18;2140;2;2;9;1;7;302;Rocade;M;4792583;187478;450
2,02E+11;18;7;19;935;1;2;9;1;2;286;AVENUE GASTON GALLOUX;M;4788401;192446;450
2,02E+11;18;7;19;1630;1;1;1;1;3;75;D2152-pr67+250;M;4787969;181021;450
2,02E+11;18;7;20;1605;1;2;6;1;3;234;SQ C PEGUY/FB BOURGOGNE;M;4790089;192020;450
2,02E+11;18;7;25;1852;1;2;9;1;3;298;PONT DE L'EUROPE;M;4789333;187626;450
2,02E+11;18;7;26;1500;1;2;2;1;2;234;BD A MARTIN/R F RABIER;M;4790919;190919;450
2,02E+11;18;7;29;10;5;2;1;1;6;286;LEVEE DE LA CHEVAUCHEE;M;4789341;192160;450
2,02E+11;18;7;31;715;1;2;1;1;6;234;AVENUE ROGER SECRETAIN;M;4787586;191251;450
2,02E+11;18;7;31;2115;1;2;9;1;3;302;627 RUE NATIONALE 20;M;4794335;189258;450
2,02E+11;18;8;1;710;1;2;1;1;3;75;ROUTE DE BLOIS;M;4788653;182818;450
2,02E+11;18;8;4;915;1;2;2;1;3;234;DR DE L'HOMME/PETIT PONT;M;4792261;192966;450
2,02E+11;18;8;5;1325;1;2;2;1;3;75;RTE D'ORLEANS/R ENFER;M;4789277;184694;450
2,02E+11;18;8;6;1550;1;2;6;1;6;234;Rond Point Novotel-D9020;M;4781424;192829;450
2,02E+11;18;8;7;1325;1;2;1;1;4;232;AV ROGER SECRETAIN;M;4786894;191178;450
2,02E+11;18;8;9;540;3;2;1;1;7;286;RUE DES BALLETIERES;M;4787080;193020;450
2,02E+11;18;8;10;1630;1;2;3;1;3;285;RUE DU 11 OCTOBRE;M;4791381;188202;450
2,02E+11;18;8;11;700;2;2;1;1;2;234;66 AVENUE DAUPHINE;M;4789040;190478;450
2,02E+11;18;8;11;1640;1;2;1;1;6;234;BD ALEXANDRE MARTIN;M;4790553;190946;450
2,02E+11;18;8;11;455;5;2;7;1;6;234;PLACE SAINTE CROIX;M;4790169;190908;450
2,02E+11;18;8;12;1250;1;2;1;1;2;234;AVENUE ROGER SECRETAIN;M;4787967;190852;450
2,02E+11;18;8;14;2342;5;2;2;1;3;147;R G ROLAND/R KLEBER;M;4792874;190890;450
2,02E+11;18;8;15;1943;1;2;1;1;3;232;750 AVENUE DU LOIRET;M;4787678;190229;450
2,02E+11;18;8;20;1645;1;2;1;1;4;302;339 RUE NATIONALE 20;M;4794084;189324;450
2,02E+11;18;8;20;1640;1;2;2;1;3;147;RUE P SEMARD/R G ROLLAND;M;4792872;190603;450
2,02E+11;18;8;23;2215;5;2;2;1;6;284;R JEAN ZAY/R VERVILLE;M;4791099;195930;450
2,02E+11;18;8;25;1350;1;2;1;1;7;234;AVENUE DE LA LIBERATION;M;4791940;190232;450
2,02E+11;18;8;27;1255;1;1;1;2;5;147;RN 60;M;4794062;191093;450
2,02E+11;18;8;27;1545;1;2;1;1;3;147;38 BD DE LAMBALLE;M;4792279;191946;450
2,02E+11;18;8;28;1320;1;2;1;1;6;308;ROUTE ST JEAN DE BRAYE;M;4792494;195763;450
2,02E+11;18;8;28;1730;1;1;9;1;4;302;D2701-;M;4794791;187122;450
2,02E+11;18;8;30;643;2;2;1;1;7;234;24 RUE JEANNE D'ARC;M;4790161;190596;450
2,02E+11;18;8;31;1715;1;1;1;1;1;298;D951-RTE DE SAINT MESMIN;M;4787382;184285;450
2,02E+11;18;9;3;752;1;1;9;1;7;284;D2060-PR90+800;M;4792505;198911;450
2,02E+11;18;9;3;910;1;2;3;1;3;232;AV DU LOIRET/R L LE VAUX;M;4787800;190261;450
2,02E+11;18;9;3;1830;1;2;2;1;3;234;R LANDRELOUP/R B D'INGRE;M;4790660;188240;450
2,02E+11;18;9;5;1500;1;2;3;1;7;232;19 RUE HEME;M;4786675;190182;450
2,02E+11;18;9;6;840;1;2;1;1;4;75;ROUTE D'ORLEANS;M;4789558;185835;450
2,02E+11;18;9;8;1623;1;2;3;1;1;286;RTE SANDILLON/RTE ST CYR;M;4788005;193459;450
2,02E+11;18;9;10;900;1;2;4;7;2;234;QU CYPIERRE/R G TEMPLIER;M;4789822;190368;450
2,02E+11;18;9;10;1340;1;2;2;1;2;285;R AGATHES/R TURQUOISES;M;4792338;187827;450
2,02E+11;18;9;11;825;1;2;3;7;3;302;R D JONQUILLES/M GENEVOI;M;4795398;188647;450
2,02E+11;18;9;11;1540;1;2;3;1;2;274;RTE DE SANDILLON/R MOULI;M;4787177;194966;450
2,02E+11;18;9;12;1311;1;2;1;1;7;169;76 RUE DU CHATEAU D'EAU;M;4792726;183176;450
2,02E+11;18;9;12;1725;1;2;1;1;4;234;AVENUE DE L'HOPITAL;M;4783360;192153;450
2,02E+11;18;9;14;900;1;2;2;1;3;234;AV PARC FLORAL/R GOBSON;M;4784625;194093;450
2,02E+11;18;9;15;1830;1;2;1;1;3;234;14 AVENUE JEAN ZAY;M;4790527;192027;450
2,02E+11;18;9;15;1721;1;2;3;1;2;286;RUE BALLETIERES/HEROULT;M;4787058;193578;450
2,02E+11;18;9;17;1350;1;2;1;1;4;234;22 QUAI SAINT LAURENT;M;4789798;189174;450
2,02E+11;18;9;20;1458;1;2;3;1;3;234;AV PRESIDENT KENNEDY;M;4783815;193815;450
2,02E+11;18;9;21;905;1;1;1;2;6;302;D9701-bretelle raccordem;M;4794176;188840;450
2,02E+11;18;9;21;2230;5;2;2;1;3;234;AV D DE L'HOMME/M STUART;M;4791186;192324;450
2,02E+11;18;9;22;30;5;2;2;1;1;302;RD2020/R DE LA MONTJOIE;M;4795181;189148;450
2,02E+11;18;9;23;845;2;2;1;2;6;285;108 R CHARLES BEAUHAIRE;M;4791379;187224;450
2,02E+11;18;9;23;1650;1;2;1;2;7;234;RUE DU GROS RAISIN;M;4789159;188663;450
2,02E+11;18;9;24;650;5;2;9;1;3;147;RUE MARC SANGNIER;M;4792100;191200;450
2,02E+11;18;9;24;1615;1;2;1;7;6;234;AV ALAIN SAVARY;M;4788895;190542;450
2,02E+11;18;9;25;1350;1;2;1;1;3;232;421 AVENUE DULOIRET;M;4787451;190452;450
2,02E+11;18;9;25;1859;1;2;1;1;6;234;R PIERRE ET MARIE CURIE;M;4791082;192934;450
2,02E+11;18;9;26;1250;1;2;3;1;6;232;R DE CHATEAUROUX/R LA SO;M;4785004;192949;450
2,02E+11;18;9;28;745;1;2;7;1;3;285;PLACE PAUL BERT;M;4789874;187375;450
2,02E+11;18;9;30;900;1;2;1;1;6;234;PLACE SAINTE CROIX;M;4790186;190879;450
2,02E+11;18;9;30;620;3;1;1;1;7;302;D9520-rocade;M;4794179;188808;450
2,02E+11;18;9;30;1520;1;2;6;1;3;302;RUE DES FRERES LUMIERE;M;4796145;188274;450
2,02E+11;18;10;1;1350;1;2;1;1;1;274;RUE DE DINETARD;M;4786880;196632;450
2,02E+11;18;10;1;2005;5;2;3;1;3;234;R PORTE DUNOISE/M SANGNI;M;4790249;188080;450
2,02E+11;18;10;2;1645;1;2;1;1;3;234;R DU FAUBOURG MADELEINE;M;4790048;188552;450
2,02E+11;18;10;2;1750;1;2;1;1;6;298;PONT DE L'EUROPE;M;4789333;187761;450
2,02E+11;18;10;4;1210;1;2;1;1;2;302;RUE NATIONALE 20;M;4795433;189113;450
2,02E+11;18;9;29;1130;1;2;1;1;2;234;RUE DE BARBOTTE;M;4787970;189399;450
2,02E+11;18;10;5;1605;1;2;1;1;3;234;AVENUE DE TREVISE;M;4789450;189952;450
2,02E+11;18;10;5;1830;1;2;1;1;2;234;AV ROGER SECRETAIN;M;4788664;189635;450
2,02E+11;18;10;5;2320;5;2;9;1;3;234;101 RUE BASSE D'INGRE;M;4790605;188385;450
2,02E+11;18;10;8;1800;1;2;3;1;3;298;RTE ST MESMIN/R ST PRYVE;M;4788469;187796;450
2,02E+11;18;10;10;1015;1;2;1;1;6;234;89 FB SAINT JEAN;M;4790798;188611;450
2,02E+11;18;10;10;1540;1;2;1;1;2;302;620 RUE NATIONALE 20;M;4794397;189258;450
2,02E+11;18;10;11;955;1;2;9;1;2;302;1485 RUE NATIONALE 20;M;4795104;189163;450
2,02E+11;18;10;11;1820;1;2;9;2;3;234;DROI DE L'HOMME/M STUART;M;4791170;192310;450
2,02E+11;18;10;11;1910;3;2;6;2;7;298;PONT DE L'EUROPE;M;4789305;187599;450
2,02E+11;18;10;13;920;1;2;1;1;3;284;12 R DU FG DE BOURGOGNE;M;4790110;192120;450
2,02E+11;18;10;13;1925;2;1;1;1;3;234;D2020-PR39+190;M;4781516;192764;450
2,02E+11;18;10;15;1215;1;2;6;1;7;234;AV DE LA LIBERATION;M;4791796;190120;450
2,02E+11;18;10;16;750;2;2;6;1;6;232;AVENUE DU LOIRET;M;4787070;190383;450
2,02E+11;18;10;16;940;1;2;6;1;3;234;AVRECHERCHE SCIENTIFIQUE;M;4783961;194289;450
2,02E+11;18;10;17;1115;1;2;1;1;5;298;RUE DES QUATRE TOURELLES;M;4788758;187874;450
2,02E+11;18;10;18;1105;1;2;2;1;4;285;D520/R P DOUMER;M;4791126;186703;450
2,02E+11;18;10;19;800;2;2;3;1;3;234;R CHARTRES/L DE VINCI;M;4784556;194065;450
2,02E+11;18;10;19;730;5;2;6;1;3;302;RUE MARCEL PAUL;M;4794570;190840;450
2,02E+11;18;10;19;1554;1;2;2;1;3;234;R P LAROQUE/R GUIGNEGAUL;M;4789047;188944;450
2,02E+11;18;10;21;920;1;2;4;1;1;286;RTE SANDILLON/RTE ST CYR;M;4788003;193453;450
2,02E+11;18;10;22;1815;1;2;1;1;4;234;260 RUE DU FG BANNIER;M;4792394;189725;450
2,02E+11;18;10;24;1515;1;2;1;1;6;232;D9020.35-bretelle raccor;M;4784487;191353;450
2,02E+11;18;10;25;1215;1;2;9;1;2;234;AVENUE DE L'HOPITAL;M;4783738;192413;450
2,02E+11;18;10;20;1900;2;2;1;1;6;234;MUNSTER (AVENUE DE);M;4791258;190607;450
2,02E+11;18;10;26;1634;1;2;3;1;3;234;AVENUE DE L'HOPITAL;M;4783154;191967;450
2,02E+11;18;10;26;1850;5;2;1;8;4;302;FAUCHEUX (RUE ANATOLE);M;4793537;187320;450
2,02E+11;18;10;26;2150;5;2;1;2;6;298;RUE DES HAUTES LEVEES;M;4789278;187994;450
2,02E+11;18;10;27;835;1;2;3;1;6;232;R SOURCE/R S VOUET;M;4785091;192722;450
2,02E+11;18;10;27;935;1;2;3;1;6;234;R DU FAUBOURG MADELEINE;M;4790001;188154;450
2,02E+11;18;10;28;1425;1;2;1;2;6;232;Giratoire D15-D2271;M;4784040;187633;450
2,02E+11;18;10;28;1430;1;2;3;2;6;234;Bd A MARTIN/R ST VINCEN;M;4790438;191314;450
2,02E+11;18;10;28;2050;5;2;1;2;3;147;412 RUE DU FG BANNIER;M;4793450;189470;450
2,02E+11;18;10;28;200;5;2;6;1;7;234;RUE DE LA BOLIERE;M;4783041;192788;450
2,02E+11;18;10;29;1835;5;2;2;2;3;234;AV DES DROITS DE L'HOMME;M;4791473;192371;450
2,02E+11;18;11;2;1720;2;2;1;1;3;274;RUE DE BEAULIEU;M;4787661;195997;450
2,02E+11;18;11;3;1300;1;2;1;1;6;169;33 RUE DU CHATEAU D'EAU;M;4792111;182916;450
2,02E+11;18;11;3;1500;1;2;1;1;2;234;AV ROGER SECRETAIN;M;4787188;191256;450
2,02E+11;18;11;4;1813;5;2;2;1;6;234;R LEOPOLD SEDAR SENGHOR;M;4783964;193126;450
2,02E+11;18;11;5;750;1;2;2;1;3;232;R DU PRESSOIR TONNEAU;M;4786396;189506;450
2,02E+11;18;11;6;1400;1;2;2;1;6;234;R DES MURLINS/R M DUBOIS;M;4792215;189146;450
2,02E+11;18;11;6;1750;5;1;1;1;3;232;AVENUE DE SOLOGNE;M;4785849;191271;450
2,02E+11;18;11;7;1714;1;1;9;1;6;308;ROUTE ST JEAN DE BRAYE;M;4792363;195300;450
2,02E+11;18;11;10;700;5;2;2;2;5;234;BD ALEXANDRE MARTIN;M;4790542;191105;450
2,02E+11;18;11;10;715;5;1;9;2;7;234;D2060-rocade;M;4792506;193988;450
2,02E+11;18;11;10;955;1;2;1;2;1;234;PONT JOFFRE;M;4789636;189553;450
2,02E+11;18;10;11;1450;1;1;1;2;6;232;D9020.3-bretelle raccord;M;4784447;191218;450
2,02E+11;18;11;13;1650;1;2;9;1;3;302;rocade D520;M;4793973;188860;450
2,02E+11;18;11;15;745;2;2;3;5;3;234;AV DE SAINT MESMIN;M;4788713;189031;450
2,02E+11;18;11;16;1700;2;2;3;5;6;285;R DES RUBIS/TRUQUOISES;M;4792152;187953;450
2,02E+11;18;11;17;550;5;2;1;8;1;302;1297 R PASSE DEBOUT;M;4793501;187737;450
2,02E+11;18;11;17;1736;3;1;1;1;5;284;D2060;M;4792476;197079;450
2,02E+11;18;11;18;30;5;2;2;1;3;234;AV SECRETAIN/ B MOUILLE;M;4787952;190879;450
2,02E+11;18;11;18;1735;5;2;2;1;3;234;RUE MAURICE DUBOIS;M;4792250;189380;450
2,02E+11;18;11;19;1400;1;2;1;1;2;302;rocade D520;M;4793979;188860;450
2,02E+11;18;11;20;730;3;2;1;1;5;284;D2060;M;4792483;197029;450
2,02E+11;18;11;20;735;1;2;1;8;7;234;AVENUE ROGER SECRETAIN;M;4788047;190656;450
2,02E+11;18;11;21;820;1;2;2;1;3;234;BD CHATEAUDUN/R MURLINS;M;4791414;189582;450
2,02E+11;18;11;21;1335;1;2;2;1;3;234;Bd A MARTIN/R E VIGNAT;M;4790580;190970;450
2,02E+11;18;11;28;727;5;2;1;2;2;298;ROUTE DE SAINT MESMIN;M;4787866;185883;450
2,02E+11;18;11;28;1940;5;2;9;2;3;234;AVENUE DE L'HOPITAL;M;4783154;191967;450
2,02E+11;18;11;16;1845;5;2;6;1;3;234;AV DR DE L'HOMME/BRUNET;M;4792244;192691;450
2,02E+11;18;11;29;1542;1;2;6;2;7;298;RD POINT PONT DE L'EUROP;M;4789300;187637;450
2,02E+11;18;11;29;1803;5;2;2;1;7;234;R XAINTRAILLES/R COULMIE;M;4790671;189291;450
2,02E+11;18;12;1;100;3;2;6;1;6;284;PEGUY (AVENUE CHARLES);M;4790509;194552;450
2,02E+11;18;12;1;1250;1;2;1;2;5;147;1 RUE MARCELIN BERTHELOT;M;4791979;191783;450
2,02E+11;18;12;2;1525;1;1;1;3;7;284;D2060;M;4792072;199812;450
2,02E+11;18;12;2;1535;1;1;1;3;7;302;ECHANGEUR D9701-02;M;4794167;188696;450
2,02E+11;18;12;3;1545;1;2;1;2;3;284;29 AV DU GENERAL LECLERC;M;4791492;196774;450
2,02E+11;18;12;4;1125;1;2;6;1;3;232;AV SOLOGNE-AV VERDUN;M;4786852;191149;450