Num_Acc;an;mois;jour;hrmn;lum;agg;int;atm;col;com;adr;gps;lat;long;dep
2,02E+11;18;12;21;2000;5;2;1;1;3;7;BIRGE BOULEVARD;M;4747399;-51956;490
2,02E+11;18;12;20;1027;1;2;1;1;3;246;GALLIENI AVENUE;M;4743703;-51487;490
2,02E+11;18;12;24;2310;3;1;1;2;7;267;A87N;M;4746649;-51720;490
2,02E+11;18;12;26;1935;5;2;1;1;6;353;JEAN JAURES RUE;M;4744743;-50915;490
2,02E+11;18;12;27;1945;2;2;1;5;3;7;BEAUREPAIRE;M;4747443;-56031;490
2,02E+11;18;12;28;1203;1;2;1;1;3;267;COROT;M;4747223;-49326;490
2,02E+11;18;1;2;1530;1;2;1;8;6;99;MARNE (AVENUE DE LA);M;4705161;-88613;490
2,02E+11;18;1;14;1215;1;2;3;1;3;99;SAINT CHRISTOPHE (RUE DE;M;4705446;-89912;490
2,02E+11;18;2;14;1145;1;2;1;3;6;99;1  PINSONS (ALLEE DES);M;4704364;-90013;490
2,02E+11;18;2;22;1355;1;2;6;1;3;99;TURBAUDIERES (BOULEVARD;M;4704857;-89733;490
2,02E+11;18;2;23;1640;1;2;6;1;3;99;ITALIE (RUE D');M;4704430;-87108;490
2,02E+11;18;3;19;1000;1;2;1;1;2;99;5  SOMME (RUE DE LA);M;4705682;-86132;490
2,02E+11;18;3;29;2000;1;1;1;3;1;99;RD 752;M;4699047;-89026;490
2,02E+11;18;4;14;1635;1;2;1;1;6;99;MUTUALITE (RUE DE LA);M;4705727;-89238;490
2,02E+11;18;4;19;1055;1;2;1;1;2;99;RICHELIEU (BOULEVARD DE);M;4704423;-88475;490
2,02E+11;18;4;28;1430;1;2;1;1;3;99;VENDEE (RUE DE LA );M;4705253;-89071;490
2,02E+11;18;4;29;2020;1;2;6;3;3;99;MALLERAY (RUE DU LT COLO;M;4705630;-86386;490
2,02E+11;18;4;30;1315;1;1;2;2;1;99;RICHELIEU (BOULEVARD DE);M;4704411;-88557;490
2,02E+11;18;5;1;1740;1;2;1;1;1;99;MOCRAT(AVENUE DE);M;4706206;-89588;490
2,02E+11;18;5;18;1805;1;2;1;1;3;99;MANCEAU (AVENUE ANATOLE);M;4705143;-87843;490
2,02E+11;18;5;21;1845;1;1;1;1;6;99;HIPPODROME (AVENUE DE L';M;4701971;-88320;490
2,02E+11;18;5;24;1735;1;2;3;1;6;99;ETOILE (RUE DE L');M;4706660;-89177;490
2,02E+11;18;5;27;1745;1;2;2;1;2;99;DOUMER (RUE DU PRESIDENT;M;4706688;-86635;490
2,02E+11;18;6;13;1740;1;2;1;1;7;99;TOURAINE (BOULEVARD DE);M;4707271;-85817;490
2,02E+11;18;6;23;1938;1;2;1;1;2;99;POITOU (BOULEVARD DU);M;4706864;-85129;490
2,02E+11;18;6;25;1130;1;2;2;1;3;99;BERTHELOT (RUE MARCELIN);M;4705800;-90069;490
2,02E+11;18;6;29;1900;1;2;3;1;3;99;NANTES (AVENUE DE);M;4706110;-89201;490
2,02E+11;18;7;15;1750;1;2;1;1;7;99;TUILERIE (RUE DE LA );M;4706693;-89046;490
2,02E+11;18;7;12;1328;1;2;1;1;3;99;TOUTLEMONDE (RUE DE);M;4706630;-83974;490
2,02E+11;18;7;21;1950;1;1;1;1;7;99;RD 157;M;4699757;-88466;490
2,02E+11;18;7;23;1330;1;2;3;1;3;99;JOFFRE (BOULEVARD DU MAR;M;4706746;-88306;490
2,02E+11;18;7;26;1930;1;2;1;1;7;99;NATIONALE (RUE);M;4706222;-87684;490
2,02E+11;18;8;4;1000;1;2;6;1;3;99;LEGION D'HONNEUR (PLACE);M;4704648;-87618;490
2,02E+11;18;8;8;800;1;1;1;1;6;99;HIPPODROME (AVENUE DE L';M;4702016;-88327;490
2,02E+11;18;8;8;1700;1;2;2;1;4;99;TOURAINE (BOULEVARD DE);M;4707232;-85552;490
2,02E+11;18;8;11;1530;1;2;1;1;6;99;DARMAILLACQ (RUE ALPHONS;M;4706668;-87347;490
2,02E+11;18;8;19;2220;5;2;1;1;7;99;SARDINERIE (RUE DE LA);M;4706110;-88268;490
2,02E+11;18;8;27;1625;1;2;1;1;7;99;PERCHE (RUE DU);M;4707523;-87438;490
2,02E+11;18;9;7;1325;1;1;1;1;7;99;RUISSEAUX (RUE DES );M;4700602;-90352;490
2,02E+11;18;9;25;2250;3;1;6;1;6;99;RD 752;M;4701713;-88261;490
2,02E+11;18;10;21;720;3;1;3;1;7;99;CHATEAU (ALLEE DU);M;4702516;-91688;490
2,02E+11;18;10;28;200;5;2;2;8;7;99;CALINS (AVENUE DES);M;4705950;-87394;490
2,02E+11;18;11;20;1830;5;2;3;1;3;99;LORRAINE (RUE DE);M;4705172;-85288;490
2,02E+11;18;11;21;1915;5;2;1;1;6;99;BORDAGE MARC (RUE DU);M;4705614;-87503;490
2,02E+11;18;12;2;1840;5;2;2;3;6;99;HOTEL DE VILLE (RUE DE L;M;4705796;-87932;490
2,02E+11;18;12;10;1945;5;2;3;1;6;99;ARCOLE (RUE D');M;4704694;-89663;490
2,02E+11;18;12;30;1440;1;2;2;5;3;99;RICHELIEU (BOULEVARD DE);M;4704409;-88546;490
2,02E+11;18;1;19;805;2;2;1;1;3;328;KLEBER (PLACE);M;4726286;-7963;490
2,02E+11;18;2;1;1430;1;1;1;1;2;328;ROCADE D 347;M;4727675;-7514;490
2,02E+11;18;2;19;1925;4;2;6;2;6;328;DELESSERT (BOULEVARD BEN;M;4725380;-8561;490
2,02E+11;18;2;15;1650;1;2;6;1;6;328;DELESSERT (BOULEVARD BEN;M;4725377;-8570;490
2,02E+11;18;2;27;725;3;1;3;1;3;328;ANGERS (ROUTE D') D 952;M;4727478;-8160;490
2,02E+11;18;3;7;1815;1;1;1;1;7;328;VIEUX VIVY (ROUTE DU);M;4729610;-7093;490
2,02E+11;18;3;8;1145;1;2;2;1;3;328;FIDELITE (RUE DE LA);M;4726137;-7837;490
2,02E+11;18;3;20;1220;1;2;6;1;3;328;rond point du general ar;M;4726266;-9028;490
2,02E+11;18;3;28;750;2;2;6;1;3;328;RESISTANCE (PLACE DE LA);M;4726713;-6994;490
2,02E+11;18;3;28;1730;1;2;2;1;3;328;PRESSOIR (RUE DU);M;4725160;-7745;490
2,02E+11;18;4;6;1555;1;2;1;1;2;328;ROCADE N 347;M;4726684;-9149;490
2,02E+11;18;4;12;1645;1;2;2;2;6;328;MOUTON (RUE DU);M;4725310;-7922;490
2,02E+11;18;4;17;1840;1;2;1;1;6;328;PONT FOUCHARD (RUE DU);M;4725120;-8828;490
2,02E+11;18;4;23;1200;1;2;6;1;3;328;MUSEE DU MOTEUR (ROND-PO;M;4725206;-8741;490
2,02E+11;18;4;23;1330;1;2;2;1;3;328;BOUJU (RUE);M;4727085;-7033;490
2,02E+11;18;5;17;1800;1;2;2;1;6;328;ROUEN (RUE DE);M;4726865;-6813;490
2,02E+11;18;5;29;830;1;2;2;1;3;328;CHANTEMERLE (RUE DE);M;4723614;-9893;490
2,02E+11;18;5;29;1755;1;2;1;6;7;328;AMY (RUE ROBERT);M;4724921;-7723;490
2,02E+11;18;5;30;1540;1;2;1;1;2;328;DELESSERT (BOULEVARD BEN;M;4725958;-8876;490
2,02E+11;18;6;27;855;1;1;6;1;6;328;VIEUX VIVY (ROUTE DU);M;4728106;-6904;490
2,02E+11;18;6;28;800;1;2;2;1;6;328;LOUCHEUR (RUE);M;4724609;-7041;490
2,02E+11;18;7;17;1435;1;2;1;1;6;328;ROUEN (RUE DE);M;4726875;-6827;490
2,02E+11;18;8;4;2030;1;2;1;1;1;328;CADRE NOIR (PONT DU) N 3;M;4727443;-7924;490
2,02E+11;18;8;9;1730;1;2;1;1;4;328;CHANZY (RUE);M;4726039;-8163;490
2,02E+11;18;8;11;1335;1;1;1;1;3;328;GENNES (ROUTE DE) D 751;M;4728316;-12343;490
2,02E+11;18;8;11;2225;5;2;1;1;6;328;REPUBLIQUE (PLACE DE LA);M;4726021;-7504;490
2,02E+11;18;8;14;1450;1;2;7;1;3;328;KLEBER (PLACE);M;4726290;-7965;490
2,02E+11;18;8;17;1725;1;1;1;1;1;328;VERRIE D 161 (ROUTE DE);M;4727367;-13758;490
2,02E+11;18;8;17;1750;1;2;1;1;7;328;ROCADE N 347;M;4725014;-10241;490
2,02E+11;18;8;31;2300;5;2;1;1;1;328;FOUQUET (RUE);M;4725440;-9413;490
2,02E+11;18;9;5;30;5;2;2;1;3;328;CHANZY (RUE);M;4726038;-8164;490
2,02E+11;18;9;11;1430;1;2;1;1;2;328;FUSILLES (AVENUE DES) N;M;4727997;-5527;490
2,02E+11;18;9;19;1845;1;2;2;1;3;328;BOUJU (RUE);M;4727002;-7062;490
2,02E+11;18;9;21;740;2;2;2;2;6;328;DELESSERT (BOULEVARD BEN;M;4725604;-8720;490
2,02E+11;18;9;20;2100;4;2;3;1;3;328;POMPIDOU (AVENUE GEORGES;M;4726487;-9898;490
2,02E+11;18;9;25;750;2;2;2;1;3;328;RESISTANCE (PLACE DE LA);M;4726730;-7000;490
2,02E+11;18;10;12;1200;1;1;1;1;5;328;ANGERS (ROUTE D') D 952;M;4727083;-7645;490
2,02E+11;18;11;5;1840;5;2;1;8;2;328;CADETS (PONT DES);M;4726697;-7010;490
2,02E+11;18;11;6;1410;1;2;1;1;1;328;LAMARTINE (RUE);M;4725499;-7180;490
2,02E+11;18;11;22;735;5;2;1;5;3;328;DE GAULLE (AVENUE DU GEN;M;4726496;-7250;490
2,02E+11;18;11;21;1000;1;2;6;1;3;328;CHUMEAU (ROND-POINT);M;4724920;-9058;490
2,02E+11;18;12;3;1815;3;1;1;1;4;328;ROCADE N 347;M;4725586;-9891;490
2,02E+11;18;12;3;915;1;2;2;1;3;328;BEAUREPAIRE (RUE);M;4726040;-8165;490
2,02E+11;18;12;5;815;5;2;6;1;3;328;RESISTANCE (PLACE DE LA);M;4726726;-7002;490
2,02E+11;18;1;4;1815;5;2;3;1;3;129;00  CALIGNY (QUAI DE);M;4964015;-162145;500
2,02E+11;18;1;7;1400;1;1;3;2;7;602;000  RN 13;M;4963402;-156146;500
2,02E+11;18;1;6;1915;5;2;1;3;2;416;24  BRETON (RUE DU);M;4965026;-169900;500
2,02E+11;18;1;8;1920;5;2;2;1;1;129;00  SCHUMAN (BOULEVARD R;M;4963832;-162529;500
2,02E+11;18;1;9;1800;5;2;3;1;7;129;QUAI ALEXANDRE III;M;4963835;-162156;500
2,02E+11;18;1;10;1230;1;2;2;1;7;129;000  NAPOLEON (PLACE);M;4964390;-162603;500
2,02E+11;18;1;15;1045;1;2;2;3;3;129;00  CONQUERANT (BOULEVAR;M;4964226;-163700;500
2,02E+11;18;1;16;815;1;1;1;8;7;203;AXE NORD SUD;M;4959638;-159501;500
2,02E+11;18;1;15;830;5;2;3;2;7;129;000  LECLERC (RUE DU MAR;M;4963549;-163182;500
2,02E+11;18;1;17;1240;1;2;4;1;2;416;00  CD 901;M;4965600;-169923;500
2,02E+11;18;1;19;2020;5;2;2;1;1;129;00  RAVENEL (PLACE MARIE;M;4963879;-161648;500
2,02E+11;18;1;23;1225;1;2;3;3;3;129;000  CALIGNY (QUAI DE);M;4964209;-162230;500
2,02E+11;18;1;25;1035;1;1;4;1;7;602;00  BREQUECAL (RUE DE);M;4962703;-154908;500
2,02E+11;18;1;28;850;1;2;6;1;3;173;000  QUERQUEVILLE (ROND;M;4966130;-168142;500
2,02E+11;18;1;26;1820;5;2;2;1;3;602;00  HUIT MAI 1945 (RUE D;M;4964951;-157000;500
2,02E+11;18;2;1;915;1;2;1;1;7;129;23  MENDES FRANCE (BOULE;M;4963492;-162747;500
2,02E+11;18;2;2;1915;5;2;4;1;3;173;70  GAMBETTA (RUE);M;4964765;-164810;500
2,02E+11;18;2;7;230;5;2;1;1;6;129;109  LECLERC (RUE DU MAR;M;4963573;-163428;500
2,02E+11;18;1;28;1500;1;2;3;8;6;129;000  COURBET (RUE AMIRAL;M;4964171;-163269;500
2,02E+11;18;2;7;1215;1;2;1;1;7;173;RESISTANTS (RUE DES);M;4964834;-165362;500
2,02E+11;18;2;9;1150;1;2;1;1;2;203;1315  LES ROUGES TERRES;M;4961061;-160050;500
2,02E+11;18;2;10;1805;5;2;1;2;7;129;000  NORMANDIE (AVENUE);M;4962651;-163198;500
2,02E+11;18;2;10;1915;5;2;1;3;1;129;00  THIVET (AVENUE);M;4963472;-166302;500
2,02E+11;18;2;9;955;1;2;3;1;2;129;00  BOEL MESLIN (RUE);M;4964079;-162380;500
2,02E+11;18;2;13;1045;1;2;2;2;5;602;126  COTENTIN (BOULEVARD;M;4963898;-157354;500
2,02E+11;18;2;10;1815;5;2;2;3;3;129;00  GUYNEMER (RUE GEORGE;M;4963622;-160472;500
2,02E+11;18;2;17;1220;1;2;1;1;6;173;60  BERT (RUE PAUL);M;4965059;-165333;500
2,02E+11;18;2;18;420;5;2;6;2;7;416;00  QUERQUEVILLE (ROND P;M;4966135;-168164;500
2,02E+11;18;2;20;1235;1;2;1;1;3;602;000  POMMIERS (RUE DES);M;4963484;-158335;500
2,02E+11;18;2;22;115;5;2;1;1;7;602;95  EAUX (CHASSE A);M;4963709;-157448;500
2,02E+11;18;2;22;1450;1;1;1;1;1;602;00  BREQUECAL (RUE DE);M;4962941;-155761;500
2,02E+11;18;2;22;1525;1;2;3;1;7;129;000  VINTRAS (RUE);M;4963599;-161343;500
2,02E+11;18;2;27;1500;1;2;6;1;2;602;00  EST (BOULEVARD DE L';M;4963642;-159631;500
2,02E+11;18;3;4;915;1;2;2;1;3;129;00  ATLANTIQUE (BOULEVAR;M;4962085;-164238;500
2,02E+11;18;3;9;710;2;2;6;2;3;602;RD PT ST JEAN MOULIN;M;4963531;-159142;500
2,02E+11;18;3;9;2215;5;2;4;1;3;203;00  ROUGES TERRES (LES);M;4960893;-159995;500
2,02E+11;18;3;10;115;5;2;1;1;6;203;2215  BANQUE A GENETS (C;M;4960326;-159821;500
2,02E+11;18;3;14;1720;1;2;2;1;3;129;BD GUILLAUME CONQUERANT;M;4964218;-163703;500
2,02E+11;18;3;15;1430;1;2;1;1;7;173;00  MANGON (RUE HERVE);M;4964918;-165247;500
2,02E+11;18;3;17;110;5;2;1;1;6;602;130  LECLERC (RUE DU GEN;M;4964043;-159837;500
2,02E+11;18;3;16;750;2;2;4;1;3;129;00  Quai Lawton COLLINS;M;4964208;-161747;500
2,02E+11;18;3;21;1125;1;2;1;1;7;129;00  CHANTEREYNE (PORT);M;4964753;-162580;500
2,02E+11;18;3;26;1810;1;2;3;1;2;129;0  HUGO (RUE VICTOR);M;4962122;-165524;500
2,02E+11;18;3;25;25;5;2;3;1;7;129;07  Quai Lawton COLLINS;M;4963978;-161855;500
2,02E+11;18;3;27;825;1;1;1;2;2;203;R N 13;M;4958444;-159279;500
2,02E+11;18;3;28;1030;1;2;2;2;3;129;00  ABBAYE (RUE DE L');M;4964654;-164304;500
2,02E+11;18;3;28;1730;1;2;3;1;6;602;000  LECLERC (RUE DU GEN;M;4964113;-159425;500
2,02E+11;18;3;30;1740;1;2;3;1;7;129;00  MILLET (AVENUE JEAN-;M;4963350;-161756;500
2,02E+11;18;4;2;1915;1;2;1;1;7;129;ATLANTIQUE (BOULEVARD DE;M;4962973;-163252;500
2,02E+11;18;4;5;1055;1;2;7;1;6;129;JAURES (PLACE JEAN);M;4963382;-162196;500
2,02E+11;18;4;10;745;1;2;1;1;2;129;ABBAYE (RUE DE L');M;4964676;-164260;500
2,02E+11;18;4;14;1700;1;2;3;1;6;129;TRIBUNAUX (RUE DES);M;4963811;-162396;500
2,02E+11;18;4;16;1600;1;2;1;1;6;129;CHAMPAGNE (RUE DE);M;4962773;-162922;500
2,02E+11;18;4;17;1625;1;2;1;1;1;203;LANSONNEUR (RUE LOUIS);M;4962368;-161776;500
2,02E+11;18;4;25;2250;5;2;2;1;3;129;BUCAILLE (RUE DE LA);M;4964135;-163191;500
2,02E+11;18;4;26;1325;1;2;1;1;3;129;QUAI DE CALIGNY;M;4964132;-162128;500
2,02E+11;18;4;27;740;1;2;1;1;2;129;MILLET (AVENUE JEAN-FRAN;M;4963355;-161715;500
2,02E+11;18;4;28;230;3;2;6;1;6;602;FLAMANDS (ROND POINT);M;4965335;-157928;500
2,02E+11;18;5;1;20;5;2;2;1;3;129;RUE DE SENNECEY;M;4963753;-160562;500
2,02E+11;18;5;6;1215;1;2;1;1;2;602;LAUBEUF (RUE MAXIME);M;4965307;-155266;500
2,02E+11;18;5;5;1820;1;2;1;1;3;602;BOUIN (RUE JEAN);M;4962820;-158560;500
2,02E+11;18;5;11;1720;1;2;4;1;6;129;CHRISTINE (RUE);M;4964000;-162612;500
2,02E+11;18;5;14;1745;1;2;1;1;6;129;GUYNEMER (RUE GEORGES);M;4963594;-160715;500
2,02E+11;18;5;14;1010;1;2;1;1;6;173;BD DE LA MER;M;4965973;-167548;500
2,02E+11;18;5;16;1715;1;2;3;1;6;173;THIVET ( avenue du );M;4963539;-165681;500
2,02E+11;18;5;16;1310;1;2;3;1;1;129;SALENGRO (RUE ROGER);M;4962734;-164267;500
2,02E+11;18;5;17;1620;1;2;1;1;6;602;FONDERIE (RUE DE LA);M;4964363;-158433;500
2,02E+11;18;5;21;1930;1;2;1;1;7;602;PYROTECHNIE (rue de la );M;4964693;-159930;500
2,02E+11;18;5;18;1210;1;2;1;1;6;602;MEDERIC (RUE);M;4964157;-159172;500
2,02E+11;18;5;19;1125;1;1;1;1;6;602;RN 13;M;4964457;-156315;500
2,02E+11;18;5;23;1700;1;2;1;1;6;129;ILE DE FRANCE (RUE DE L';M;4962750;-163440;500
2,02E+11;18;5;23;1435;1;2;1;1;2;129;PARIS (AVENUE DE);M;4963001;-161794;500
2,02E+11;18;5;27;1310;1;2;1;1;6;129;BECQUEREL (RUE);M;4962760;-163839;500
2,02E+11;18;5;26;1140;1;2;2;8;6;129;SCHUMAN (BOULEVARD ROBER;M;4963808;-162526;500
2,02E+11;18;5;28;1000;1;2;3;1;6;129;LAVIEILLE (RUE FRANCOIS);M;4964004;-162040;500
2,02E+11;18;5;29;735;1;2;2;1;3;602;RUE DES SAUXMARAIS;M;4963101;-158944;500
2,02E+11;18;6;6;120;5;2;2;1;6;129;TANNERIES (RUE DES);M;4963229;-162354;500
2,02E+11;18;6;13;1520;1;1;1;1;1;203;PR 53+2;M;4960514;-159400;500
2,02E+11;18;6;19;1810;1;2;1;8;2;129;PARIS (AVENUE DE);M;4963079;161778;500
2,02E+11;18;6;20;740;1;2;1;1;3;129;NAPOLEON (PLACE);M;4964236;-162259;500
2,02E+11;18;6;23;1710;1;2;1;1;2;173;SALINE (BOULEVARD DE LA);M;4965780;-166463;500
2,02E+11;18;7;5;940;1;2;1;1;3;129;Quai Lawton COLLINS;M;4964155;-161800;500
2,02E+11;18;7;6;2325;5;2;1;1;3;129;MACONS (RUE DES);M;4964624;-164311;500
2,02E+11;18;7;9;910;1;2;3;1;6;129;CURIE (RUE);M;4963899;-160633;500
2,02E+11;18;7;10;1950;1;2;6;1;7;602;PENESME (ROND POINT);M;4963551;-157600;500
2,02E+11;18;7;16;730;1;1;3;1;3;173;;M;4964574;-169227;500
2,02E+11;18;7;23;1410;1;2;3;1;6;129;VINTRAS (RUE);M;4963606;-161359;500
2,02E+11;18;7;23;1625;1;2;2;1;3;129;CONQUERANT (BOULEVARD GU;M;4964218;-163701;500
2,02E+11;18;7;24;1935;1;2;3;1;1;129;DELAVILLE ( AVENUE);M;4963577;-162435;500
2,02E+11;18;7;25;1500;1;2;1;1;3;129;MENDES FRANCE (BOULEVARD;M;4963402;-162314;500
2,02E+11;18;7;25;1825;1;2;2;1;2;203;ROUGES TERRES (LES);M;4961224;-160111;500
2,02E+11;18;7;29;1600;1;2;2;2;3;173;ARAGO (RUE);M;4965467;-165825;500
2,02E+11;18;8;16;1750;1;2;1;2;6;173;MER (Bld de la );M;4966197;-168040;500
2,02E+11;18;8;20;740;1;2;6;1;6;416;FOUQUET (RUE RENE);M;4966167;-168152;500
2,02E+11;18;8;20;1630;1;2;1;1;7;173;LANGLOIS (HAMEAU);M;4965558;-169484;500
2,02E+11;18;8;26;2255;5;2;2;2;3;602;MANCHE (BOULEVARD DE LA);M;4964760;-157824;500
2,02E+11;18;8;28;1450;1;2;1;1;2;129;LAVIEILLE (RUE FRANCOIS);M;4964114;-162564;500
2,02E+11;18;8;30;1745;1;2;3;1;3;129;BECQUEREL (RUE);M;4962844;-163964;500
2,02E+11;18;9;2;2145;5;2;2;1;3;129;RUE ABBAYE;M;4964534;-163779;500
2,02E+11;18;9;3;830;1;1;1;1;1;203;BEL AIR  (RUE DE);M;4961034;-161235;500
2,02E+11;18;9;7;120;5;2;3;1;6;129;BUCAILLE (RUE DE LA);M;4964163;-163305;500
2,02E+11;18;9;12;1615;1;1;1;1;2;203;PARC DES ACTIVITES;M;4960304;-160373;500
2,02E+11;18;9;14;930;1;1;2;1;1;173;D 409;M;4962760;-167295;500
2,02E+11;18;9;16;1125;1;2;1;1;6;602;GRAND PRE (RUE DU);M;4963933;-159563;500
2,02E+11;18;9;20;1845;1;2;2;1;3;416;SEMBAT (RUE MARCEL);M;4965744;-169472;500
2,02E+11;18;9;21;825;1;2;3;1;7;129;NORMANDIE (AVENUE DE);M;4962693;-163537;500
2,02E+11;18;9;24;1830;1;2;1;1;6;173;MER (Bld de la );M;4965953;-167526;500
2,02E+11;18;9;26;740;2;2;3;1;3;173;TROIS HANGARS (RUE DES);M;4964897;-164370;500
2,02E+11;18;9;26;1615;1;2;3;1;4;129;RUE ABBAYE;M;4964552;-163865;500
2,02E+11;18;10;1;845;1;2;1;1;6;602;JEAN ZAY (RUE);M;4964126;-158060;500
2,02E+11;18;10;2;745;2;2;4;2;6;129;CALIGNY (QUAI DE);M;4963919;-162107;500
2,02E+11;18;10;4;610;5;2;1;1;6;203;LUCET (RUE);M;4962417;-161612;500
2,02E+11;18;10;8;50;5;2;3;1;3;129;CALIGNY (QUAI DE);M;4964012;-162152;500
2,02E+11;18;10;8;805;1;2;3;1;3;129;JOLIOT CURIE (RUE);M;4963012;-164346;500
2,02E+11;18;10;11;1600;1;1;1;1;2;203;NATIONALE 13;M;4959763;-159677;500
2,02E+11;18;10;13;1605;1;1;1;1;6;416;;M;4964932;-171600;500
2,02E+11;18;10;13;1250;1;2;1;1;3;129;DIX DECEMBRE 1848 (RUE D;M;4963029;-164656;500
2,02E+11;18;10;12;1220;1;2;1;1;1;173;MER (Bld de la );M;4966135;-167866;500
2,02E+11;18;10;14;45;5;2;1;1;7;602;EAUX (CHASSE A);M;4963636;-157259;500
2,02E+11;18;10;15;1910;1;2;1;1;3;129;FOURCHES (ROUTE DES);M;4963771;-164949;500
2,02E+11;18;10;17;1725;1;2;3;1;2;129;BECQUEREL (RUE);M;4962841;-163959;500
2,02E+11;18;10;17;750;2;2;1;1;2;129;ABBAYE (RUE DE L');M;4964436;-163215;500
2,02E+11;18;10;19;1055;1;2;1;1;6;602;BROSSOLETTE (RUE PIERRE);M;4963457;-159116;500
2,02E+11;18;10;19;2040;5;2;1;1;3;129;AVENUE DE PARIS;M;4963161;-161763;500
2,02E+11;18;10;20;2105;5;2;3;1;1;203;LANSONNEUR (RUE LOUIS);M;4962060;-161869;500
2,02E+11;18;10;20;315;5;2;1;1;6;129;NAPOLEON (PLACE);M;4964279;-162138;500
2,02E+11;18;10;23;1405;1;2;2;1;2;173;SEMBAT (RUE MARCEL);M;4965857;-169098;500
2,02E+11;18;10;24;1805;1;2;6;7;6;173;MER (Bld de la );M;4966176;-168096;500
2,02E+11;18;10;25;2115;5;2;6;1;6;129;MILLET (AVENUE JEAN-FRAN;M;4963418;-161447;500
2,02E+11;18;10;30;1850;3;2;3;1;2;129;NORMANDIE (AVENUE DE);M;4962623;-162920;500
2,02E+11;18;11;1;2050;5;2;3;8;3;173;SALINE (BOULEVARD DE LA);M;4965391;-164924;500
2,02E+11;18;11;6;1705;1;2;3;1;6;129;CONQUERANT (BOULEVARD GU;M;4964531;-163812;500
2,02E+11;18;11;7;1730;2;2;1;2;6;416;AVENUE DE COUVILLE;M;4966130;-169848;500
2,02E+11;18;11;8;1315;1;2;1;1;6;129;CONQUERANT (BOULEVARD GU;M;4963616;-163210;500
2,02E+11;18;11;10;30;5;2;1;2;6;129;LAVIEILLE (RUE FRANCOIS);M;4964190;-162536;500
2,02E+11;18;11;10;2325;5;2;1;1;6;129;CESSART (AVENUE DE);M;4964489;-162962;500
2,02E+11;18;11;14;745;2;2;6;1;3;129;THIVET (AVENUE);M;4963562;-165335;500
2,02E+11;18;11;14;930;1;2;3;1;6;129;AMIOT (BOULEVARD FELIX);M;4964312;-160474;500
2,02E+11;18;11;17;1645;1;2;1;1;6;129;LECLERC (RUE DU MARECHAL;M;4963463;-163554;500
2,02E+11;18;11;17;1750;5;2;6;1;6;129;THEMIS (ROND POINT DE);M;4963417;-161396;500
2,02E+11;18;11;17;2220;5;2;1;1;6;129;CONQUERANT (BOULEVARD GU;M;4963734;-163340;500
2,02E+11;18;11;17;1055;1;2;4;1;6;129;ALEXANDRE III (QUAI);M;4963426;-162219;500
2,02E+11;18;11;19;1025;1;2;1;6;3;173;MER (Bld de la );M;4966019;-167660;500
2,02E+11;18;11;21;730;5;2;2;1;3;129;POLLE (RUE DE LA);M;4964044;-164067;500
2,02E+11;18;11;21;1425;1;2;3;1;3;129;CALIGNY (QUAI DE);M;4963977;-162138;500
2,02E+11;18;11;22;1640;1;2;1;1;1;129;VOSGES (RUE DES);M;4962908;-162005;500
2,02E+11;18;11;24;210;5;2;1;2;6;129;AVENUE DE CESSART;M;4964486;-162963;500
2,02E+11;18;11;25;145;5;2;1;1;6;129;CALIGNY (QUAI DE);M;4964108;-162132;500
2,02E+11;18;11;26;800;2;2;3;8;3;129;Robert LECOUVEY;M;4963083;-160456;500
2,02E+11;18;11;29;1330;1;2;1;1;7;129;MENUT (ALLEE DU PRESIDEN;M;4964602;-161822;500
2,02E+11;18;11;29;1240;1;2;2;2;3;173;SEMBAT (RUE MARCEL);M;4965739;-169481;500
2,02E+11;18;11;30;1700;1;2;1;1;2;602;BOUIN (RUE JEAN);M;4963295;-158606;500
2,02E+11;18;11;30;1700;1;2;1;1;3;129;LEMONNIER (AVENUE AMIRAL;M;4963390;-160780;500
2,02E+11;18;11;30;1800;5;2;1;1;4;203;ROUGES TERRES (LES);M;4961887;-161131;500
2,02E+11;18;12;1;1725;2;2;6;2;7;129;AMIOT (BOULEVARD FELIX);M;4964255;-161514;500
2,02E+11;18;12;5;1545;1;2;6;3;2;203;RD PT ANDRE MALRAUX;M;4959976;-159674;500
2,02E+11;18;12;9;1000;1;2;6;6;6;602;FLAMANDS (ROND POINT);M;4965326;-157871;500
2,02E+11;18;12;8;1930;5;2;6;1;6;602;PENESME (ROND POINT);M;4963590;-157663;500
2,02E+11;18;12;10;750;5;2;3;1;6;173;COURBET (RUE AMIRAL);M;4964882;-165882;500
2,02E+11;18;12;10;1745;3;2;1;1;6;203;CREVECOEUR (CHEMIN DE);M;4961595;-161332;500
2,02E+11;18;12;12;1010;1;1;3;1;3;602;BECQUET (RUE DU);M;4965165;-155880;500
2,02E+11;18;12;12;1120;1;2;1;1;4;129;MENDES FRANCE (BOULEVARD;M;4963418;-162443;500
2,02E+11;18;12;14;615;3;1;1;1;6;203;hameau La Roquette;M;4961315;-155216;500
2,02E+11;18;12;14;800;2;2;2;1;6;129;VAL DE SAIRE (RUE DU);M;4963868;-161441;500
2,02E+11;18;12;16;1935;5;2;3;2;3;129;PONT FRANCOIS 1ER;M;4962963;-161810;500
2,02E+11;18;12;19;1600;1;2;1;1;3;129;COUBERTIN (RUE PIERRE DE;M;4964235;-163908;500
2,02E+11;18;12;21;1115;1;2;2;1;3;129;PLACE NAPOLEON;M;4964397;-162571;500
2,02E+11;18;12;21;1820;5;2;4;1;6;129;NORMANDIE (AVENUE);M;4962620;-162819;500