Num_Acc;an;mois;jour;hrmn;lum;agg;int;atm;col;com;adr;gps;lat;long;dep
2,02E+11;18;12;28;1750;5;2;3;8;6;129;FRANCOIS 1ER (PONT);M;4962788;-161808;500
2,02E+11;18;12;24;1145;1;1;1;8;7;416;CD 901;M;4965495;-170295;500
2,02E+11;18;12;30;1800;5;2;3;2;7;602;PRAIRIES (AVENUE DES);M;4964038;-158041;500
2,02E+11;18;2;10;1850;5;2;6;2;3;147;MISSION;M;4904598;-144163;500
2,02E+11;18;4;8;730;3;1;1;5;6;147;LA MARE;M;4906774;-141655;500
2,02E+11;18;6;27;1620;1;2;1;1;2;147;DIVISION LECLERC;M;4906325;-143347;500
2,02E+11;18;8;17;1730;1;1;1;1;3;147;ROCADE NORD;M;4906811;-141996;500
2,02E+11;18;10;25;1745;1;2;1;1;7;147;RUE DES CARRIERES ST MIC;M;4903283;-144633;500
2,02E+11;18;11;5;750;2;2;9;1;3;147;VERDUN (AVENUE DE);M;4904093;-144841;500
2,02E+11;18;12;20;835;1;2;6;1;3;147;DE LA CROUTE;M;4904594;-144163;500
2,02E+11;18;12;21;1845;4;2;2;2;6;147;VERJUSIERE (RUE DE LA);M;4905156;-144239;500
2,02E+11;18;1;4;2015;3;1;1;2;6;218;VOIE DE LIASON OUEST -;M;4882500;-154640;500
2,02E+11;18;1;9;1515;1;1;1;1;7;218;VOIE DE LIASON OUEST (D9;M;4883137;153942;500
2,02E+11;18;1;17;920;1;2;3;2;3;165;90  COUTANCES (ROUTE DE);M;4884734;-157929;500
2,02E+11;18;1;17;1850;5;2;1;2;6;218;1287  MATIGNON (AV DES);M;4883790;-156782;500
2,02E+11;18;1;23;2240;5;2;1;1;6;218;25  MARECHAL LECLERC (AV;M;4884217;-157209;500
2,02E+11;18;1;23;1340;1;1;1;2;2;218;ROUTE D'AVRANCHES;M;;;500
2,02E+11;18;1;29;1910;5;2;1;8;2;218;30  MARECHAL LECLERC (AV;M;4883783;-158770;500
2,02E+11;18;2;22;2110;5;2;1;1;6;647;0  NORMANDIE (RUE DE);M;4884973;-155705;500
2,02E+11;18;3;10;110;3;1;1;1;7;218;VOIE DE LIASON OUEST (D9;M;4882845;-154315;500
2,02E+11;18;4;11;2330;3;1;1;1;6;647;VOIE DE LIASON OUEST;M;4884834;-154223;500
2,02E+11;18;4;24;815;1;1;2;1;3;218;AVRANCHES (ROUTE D');M;4882472;-155826;500
2,02E+11;18;5;10;1145;1;2;1;1;6;647;ROUTE DE VILLEDIEU;M;4883778;-155729;500
2,02E+11;18;5;10;1922;1;2;1;1;7;165;COUTANCES (ROUTE DE);M;4884930;-157518;500
2,02E+11;18;5;12;1125;1;2;1;1;6;218;AVENUE GARE;M;4884007;-158630;500
2,02E+11;18;5;23;1635;1;2;1;1;6;218;VAUFLEURY (BD);M;4883433;-161040;500
2,02E+11;18;6;22;1700;1;1;1;1;1;532;CHESNAY (ROUTE DU);M;4878468;-153329;500
2,02E+11;18;7;2;1535;1;2;6;1;3;532;MAIRIE (RUE DE LA);M;4881290;156605;500
2,02E+11;18;8;1;245;4;2;1;1;6;532;RUE TOMBELAINE;M;4879066;-156439;500
2,02E+11;18;9;28;1700;1;2;1;1;5;218;MATIGNON (AV DES);M;4883789;-157239;500
2,02E+11;18;10;27;1355;1;2;2;2;3;165;SOUVENIR (RUE DU);M;4885030;-157917;500
2,02E+11;18;11;23;1734;5;2;1;3;7;218;VIEUX MOULIN (RUE DU);M;4884188;-157831;500
2,02E+11;18;11;28;1800;5;2;1;1;6;218;ARISTIDE BRIAND (AVENUE);M;4883728;-158313;500
2,02E+11;18;12;3;1440;1;1;6;8;3;532;;M;4880956;-153702;500
2,02E+11;18;12;6;1730;5;2;1;2;2;218;ARMATEURS (RUE DES);M;4883693;-155177;500
2,02E+11;18;12;10;1610;1;2;6;1;6;218;PORT (RUE DU);M;4883698;-160160;500
2,02E+11;18;12;18;1758;5;2;1;2;6;218;AV MARECHAL LECLERC;M;4883804;-158561;500
2,02E+11;18;1;3;2045;5;2;6;3;2;502;D 972;M;4910724;-106010;500
2,02E+11;18;1;10;945;1;2;1;1;6;502;39  ALSACE LORRAINE;M;4911604;-110098;500
2,02E+11;18;1;19;2120;5;2;6;8;7;502;01 RUE DE CARENTAN;M;4911680;-109421;500
2,02E+11;18;1;23;1340;1;2;1;1;6;502;EXODE;M;4810810;-108980;500
2,02E+11;18;2;8;755;1;2;1;9;6;502;70  GRIMOUVILLE;M;4911081;-108903;500
2,02E+11;18;2;12;1235;1;2;3;1;3;502;HETRES;M;4911141;-106339;500
2,02E+11;18;3;15;1545;1;2;1;1;6;2;60  COUTANCES (route de);M;4911682;111128;500
2,02E+11;18;3;23;1215;1;2;3;1;3;502;64  NEUFBOURG;M;4911570;-108574;500
2,02E+11;18;4;4;1625;1;2;1;1;6;502;EXODE;M;4910491;-108606;500
2,02E+11;18;5;24;1235;1;1;6;1;3;502;RD POINT DE BAUDRE;M;4909777;-107662;500
2,02E+11;18;6;8;820;1;2;2;1;3;502;80EME ET 136EME TERRITOR;M;4964011;152430;500
2,02E+11;18;6;11;1530;1;2;1;3;6;502;18 pl CHAMPS DE MARS;M;4911625;-108768;500
2,02E+11;18;9;16;2235;3;1;1;1;6;502;;M;4909543;-105632;500
2,02E+11;18;11;8;1900;5;2;1;1;6;502;RUE DE TORIGNI;M;4910892;107296;500
2,02E+11;18;11;25;1200;1;2;6;1;3;502;RUE HAVIN;M;4911488;-109182;500
2,02E+11;18;11;30;1315;1;2;1;1;3;502;LATTRE DE TASSIGNY (rue;M;4911036;-107520;500
2,02E+11;18;1;18;1819;2;2;1;2;6;242;ROUTE D'EPERNAY;M;4896031;431772;510
2,02E+11;18;2;2;1935;5;2;1;2;5;108;AVENUE DES ALLIES;M;4893787;438368;510
2,02E+11;18;2;12;2010;5;2;3;1;3;108;AVENUE GENERAL SARRAIL;M;4896520;436560;510
2,02E+11;18;2;15;1705;1;1;1;2;1;108;D977;M;4899115;438932;510
2,02E+11;18;3;16;1310;1;2;6;1;6;108;RUE ANNE DE MERICOURT;M;4897886;435784;510
2,02E+11;18;4;21;2050;1;2;7;1;3;108;PLACE SAINT JEAN;M;4895575;437375;510
2,02E+11;18;5;6;15;5;2;2;1;7;108;PLACE DE VERDUN;M;4896343;436679;510
2,02E+11;18;5;14;1420;1;1;1;8;5;160;D977;M;4892316;432003;510
2,02E+11;18;5;26;1830;1;2;1;1;5;108;RUE LOUIS GRIGNON;M;4895511;437691;510
2,02E+11;18;6;16;1530;1;2;9;1;3;506;RUE EUGENE FREYSSINET;M;4894440;439567;510
2,02E+11;18;7;24;1748;1;1;1;1;7;168;ROUTE DE BLACY;M;4891704;435608;510
2,02E+11;18;7;29;2140;1;2;1;1;6;108;ROUTE D'EPERNAY;M;4895515;432879;510
2,02E+11;18;8;9;2041;1;2;2;1;3;108;RUE D'ALSACE;M;4894655;437159;510
2,02E+11;18;9;5;1320;1;2;1;1;6;108;RUE SAINT ELOI;M;4895406;436958;510
2,02E+11;18;9;20;1110;1;2;6;1;1;108;RUE DE LA MALTERIE;M;4895510;433967;510
2,02E+11;18;10;8;1555;1;2;1;1;6;108;RUE MAURICE COLIN;M;4894742;434096;510
2,02E+11;18;10;9;1930;2;2;2;1;3;108;RUE PAUL VERLAINE;M;4893943;439081;510
2,02E+11;18;10;18;1625;1;2;1;1;6;108;CHEMIN DE ST THIEBAULT;M;4893868;440501;510
2,02E+11;18;11;26;1850;5;2;1;1;6;108;AVENUE WINSTON CHURCHILL;M;4894032;438628;510
2,02E+11;18;11;29;345;5;2;1;1;6;504;RUE DE L'ILET;M;4897700;434931;510
2,02E+11;18;11;29;1128;1;2;1;9;3;108;AVENUE ROOSEVELT;M;4894336;438611;510
2,02E+11;18;12;8;1019;1;2;1;1;6;108;AV PRESIDENT ROOSEVELT;M;4894326;438573;510
2,02E+11;18;1;4;1745;5;2;6;1;7;230;1 RUE GALLICE;M;4904117;395349;510
2,02E+11;18;1;24;750;5;2;1;2;6;230;AVENUE MARECHAL FOCH;M;4903233;394812;510
2,02E+11;18;1;27;1520;1;2;1;1;6;230;4 REMPART PERRIER;M;4904605;395525;510
2,02E+11;18;2;11;1415;1;2;1;1;6;230;ALLEE DE LA FORET;M;4903185;394151;510
2,02E+11;18;2;19;1731;1;2;1;1;6;230;AVENUE DU MARECHAL FOCH;M;4903792;394914;510
2,02E+11;18;2;27;1655;1;2;1;1;6;230;15 AVENUE D'ETTLINGEN;M;4903569;396486;510
2,02E+11;18;3;5;825;1;2;1;1;2;230;RUE DE L'HOPITAL AUBAN;M;4903507;395396;510
2,02E+11;18;4;6;2255;5;2;2;1;3;230;AVENUE MARECHAL FOCH;M;4903967;394980;510
2,02E+11;18;4;13;1415;1;2;1;1;6;230;AVENUE DE CHAMPAGNE;M;4904204;396559;510
2,02E+11;18;5;5;1607;1;2;1;1;6;230;RUE DES TANNEURS;M;4904601;395366;510
2,02E+11;18;5;16;1615;1;2;2;1;6;230;RUE DE VERDUN;M;4904549;396184;510
2,02E+11;18;5;11;1340;1;2;6;1;6;230;RUE GALLICE;M;4904117;395340;510
2,02E+11;18;8;23;1715;1;2;1;1;3;230;RUE EDOUARD VAILLANT;M;4904810;397177;510
2,02E+11;18;9;8;2055;5;2;3;1;1;230;RUE HENRY DUNANT;M;4904818;395482;510
2,02E+11;18;10;13;1220;1;2;3;1;3;230;RUE LOUISE AUBAN MOET;M;4903245;395675;510
2,02E+11;18;10;27;1045;1;2;1;1;6;230;AVENUE DE MARDEUIL;M;4905317;395056;510
2,02E+11;18;11;9;1427;1;2;1;1;2;230;RUE EDOUARD FLEURICOURT;M;4904287;395761;510
2,02E+11;18;11;25;1;5;2;1;2;6;230;RUE DE VERDUN;M;4904293;396834;510
2,02E+11;18;1;1;1750;5;2;3;3;3;454;RUE DU GENERAL KOENIG;M;4922592;402121;510
2,02E+11;18;1;3;1740;5;2;2;1;6;172;RUE CHANZY;M;4922331;405124;510
2,02E+11;18;1;8;1530;1;2;1;1;2;55;55 ROUTE DE BETHENY;M;4927250;405156;510
2,02E+11;18;1;8;1730;2;2;3;1;3;454;BOULEVARD HENRI HENROT;M;4924449;403299;510
2,02E+11;18;1;9;750;2;2;1;1;4;573;AVENUE PAUL VAILLANT;M;4924753;400394;510
2,02E+11;18;1;10;1300;1;2;1;2;6;454;AVENUE BONAPARTE;M;4922876;400939;510
2,02E+11;18;1;11;1745;5;2;9;8;6;454;4 RUE GERBERT;M;4925032;403908;510
2,02E+11;18;1;13;1530;1;2;1;1;2;454;AVENUE NATIONALE;M;4928406;401029;510
2,02E+11;18;1;16;1810;5;2;1;8;2;454;RUE CLOVIS CHEZEL;M;4923985;403190;510
2,02E+11;18;1;17;1215;1;2;1;8;6;454;RUE PIERRE TAITTINGER;M;4923694;400469;510
2,02E+11;18;1;19;1730;1;2;2;1;6;454;BOULEVARD WILSON;M;4923997;402080;510
2,02E+11;18;1;20;1950;5;2;3;2;1;474;RUE DE LA NEUVILLETTE;M;4926594;399345;510
2,02E+11;18;1;23;1330;1;2;3;1;3;454;ROUTE DE WITRY;M;4926779;406744;510
2,02E+11;18;1;25;640;5;2;4;2;2;454;VOIE JEAN TAITTINGER;M;4924535;402975;510
2,02E+11;18;1;25;1215;1;2;2;2;6;454;AVENUE JEAN JAURES;M;4926048;404802;510
2,02E+11;18;1;25;1945;5;2;1;1;6;454;AVENUE D'EPERNAY;M;4922923;401423;510
2,02E+11;18;1;30;800;2;2;3;1;5;454;RUE VAILLANT COUTURIER;M;4927243;401602;510
2,02E+11;18;1;30;1325;1;2;1;1;2;454;BOULEVARD WILSON;M;4923998;402081;510
2,02E+11;18;1;30;2345;5;2;1;2;6;454;25 AVENUE D'EPERNAY;M;4923800;401383;510
2,02E+11;18;2;2;1330;1;2;4;8;4;454;AVENUE DE CHAMPAGNE;M;4923511;404143;510
2,02E+11;18;2;2;1940;5;2;2;1;6;454;RUE D'ESTIENNE D'ORVES;M;4923494;402829;510
2,02E+11;18;2;5;1015;1;2;1;4;2;454;RUE LANSON;M;4924611;405911;510
2,02E+11;18;2;7;2000;5;2;1;9;7;454;AVENUE D'EPERNAY;M;4923980;401370;510
2,02E+11;18;2;10;1420;1;2;7;4;2;454;4 PLACE DES ARGONAUTES;M;4922723;403538;510
2,02E+11;18;2;12;1030;1;2;1;1;6;454;13 PLACE DU FORUM;M;4925652;403282;510
2,02E+11;18;2;12;1920;5;2;1;1;2;454;RUE DU CARDINAL LORRAINE;M;4925304;403442;510
2,02E+11;18;2;13;840;1;2;1;1;7;474;RUE SCHWEITZER;M;4928184;402092;510
2,02E+11;18;2;13;1135;1;2;1;7;6;454;80 BOULEVARD LUNDY;M;4926141;403102;510
2,02E+11;18;2;16;1220;1;2;1;1;6;454;RUE VAILLANT COUTURIER;M;4927710;401111;510
2,02E+11;18;2;17;1600;1;2;3;1;3;454;1 RUE ROGER SALENGRO;M;4927580;402299;510
2,02E+11;18;2;17;1845;5;2;1;1;3;573;AVENUE 29 AOUT 1944;M;4924875;399390;510
2,02E+11;18;2;23;2330;5;2;1;1;6;454;RUE FRANCIS GARNIER;M;4928809;402169;510
2,02E+11;18;3;7;1220;1;2;2;2;1;454;BOULEVARD POMMERY;M;4925790;405607;510
2,02E+11;18;3;9;1145;1;2;1;2;2;454;39 BOULEVARD DE LA PAIX;M;4925214;404164;510
2,02E+11;18;3;9;2010;5;2;2;2;6;454;40 BOULEVARD DE LA PAIX;M;4925155;404195;510
2,02E+11;18;3;10;955;1;2;3;2;6;454;19 RUE LESAGE;M;4926452;402955;510
2,02E+11;18;3;12;1930;5;2;2;2;3;454;ALLEE DU VIGNOBLE;M;4922256;401413;510
2,02E+11;18;3;14;1440;1;2;2;1;3;454;110 RUE DE NEUFCHATEL;M;4928002;402710;510
2,02E+11;18;3;14;1745;1;2;3;1;6;454;RUE JANKEL SEGAL;M;4924297;405833;510
2,02E+11;18;3;15;2050;5;2;3;8;3;454;VOIE JEAN TAITTINGER;M;4923403;403980;510
2,02E+11;18;3;16;325;5;2;2;2;3;454;BOULEVARD WILSON;M;4923628;402637;510
2,02E+11;18;3;17;1840;5;2;1;2;3;454;4 RUE ANDRE PINGAT;M;4925839;402179;510
2,02E+11;18;3;19;920;1;2;1;4;2;454;AVENUE JEAN JAURES;M;4926182;405145;510
2,02E+11;18;3;19;1800;1;2;1;1;3;454;CHEMIN DE VRILLY;M;4923074;407249;510
2,02E+11;18;3;19;1945;5;2;2;1;3;454;RUE RAYMOND POINCARE;M;4927999;401893;510
2,02E+11;18;3;21;1750;1;2;1;1;6;454;RUE MODESTE GOULET;M;4927283;406130;510
2,02E+11;18;3;22;2042;5;2;1;2;6;474;RUE PASTEUR;M;4925735;399223;510
2,02E+11;18;3;24;2315;5;2;1;1;3;454;BOULEVARD LECLERC;M;4925519;402248;510
2,02E+11;18;3;21;1120;1;2;2;1;6;454;RUE ERNEST LEFEVRE;M;4926600;405294;510
2,02E+11;18;3;25;1102;1;2;6;1;7;454;AVENUE NATIONALE;M;4929619;399851;510
2,02E+11;18;3;27;1130;1;2;2;3;6;454;RUE OLIVIER METRA;M;4926087;403291;510
2,02E+11;18;3;28;1315;1;2;1;2;2;454;88 RUE MAISON BLANCHE;M;4923608;402606;510
2,02E+11;18;3;28;1505;1;2;3;2;3;454;RUE CHARLIER;M;4926536;404485;510
2,02E+11;18;3;28;2235;5;2;3;1;3;454;RUE DU COLONNEL FABIEN;M;4924914;401661;510
2,02E+11;18;3;29;745;1;2;7;1;2;454;PLACE JEAN DONATINI;M;4922732;401470;510
2,02E+11;18;4;3;820;1;2;1;1;4;454;AVENUE DE CHAMPAGNE;M;4924031;404476;510
2,02E+11;18;4;3;1135;1;2;1;1;6;172;PLACE DE LA REPUBLIQUE;M;4922400;405300;510
2,02E+11;18;4;4;1745;1;2;3;8;3;454;BD DE LATTRE DE TASSIGNY;M;4925693;406259;510
2,02E+11;18;4;6;1630;1;2;2;1;6;454;RUE VERRIER;M;4925253;405792;510
2,02E+11;18;4;7;1210;1;2;1;1;6;454;BOULEVARD DU GEN LECLERC;M;4925591;402399;510
2,02E+11;18;4;13;839;1;2;3;1;3;172;RUE ROGER SALENGRO;M;4922276;405264;510
2,02E+11;18;4;15;1655;1;2;1;1;3;454;AVENUE JEAN JAURES;M;4926209;405198;510
2,02E+11;18;4;17;1020;1;2;1;1;4;454;BOULEVARD POMMERY;M;4925048;405269;510
2,02E+11;18;4;18;745;1;2;3;1;6;454;RUE DE SACY;M;4923917;402970;510
2,02E+11;18;4;18;1300;1;2;1;1;6;454;RUE JULES STAAT;M;4926664;406156;510
2,02E+11;18;4;19;1850;1;2;3;1;3;454;RUE EMILE ZOLA;M;4926820;402650;510
2,02E+11;18;4;20;800;1;2;2;1;3;454;RUE DE MAGNEUX;M;4926286;401366;510
2,02E+11;18;4;20;1340;1;2;1;1;2;55;CHEMIN DE SAINT ETIENNE;M;4927753;404074;510
2,02E+11;18;4;20;2200;5;2;9;1;6;454;RUE EMILE DRUART;M;4926998;400024;510
2,02E+11;18;4;23;1710;1;2;1;1;3;454;RUE DU CHAMP DE MARS;M;4926401;404347;510
2,02E+11;18;4;24;1325;1;2;2;1;3;454;RUE JULES STAAT;M;4926527;405999;510
2,02E+11;18;4;24;1915;1;2;1;1;2;454;BOULEVARD DAUPHINOT;M;4925837;405607;510
2,02E+11;18;4;26;1715;1;2;6;7;3;454;CHAUSSEE BOCQUAINE;M;4924472;402702;510
2,02E+11;18;4;27;2254;5;2;1;1;6;454;RUE CLOVIS CHEZEL;M;4924024;403245;510
2,02E+11;18;4;28;2015;1;2;2;1;3;454;RUE DU COLONEL FABIEN;M;4925025;401992;510
2,02E+11;18;4;29;1820;1;2;2;3;3;454;RUE VERNOUILLET;M;4925937;402049;510
2,02E+11;18;4;30;1140;1;2;4;1;1;454;RUE DU COLONEL FABIEN;M;4924913;401661;510
2,02E+11;18;5;6;110;5;2;2;1;3;454;RUE DE LA MAGDELEINE;M;4925256;402237;510
2,02E+11;18;5;9;2040;1;2;1;1;2;454;RUE EMILE ZOLA;M;4926569;402676;510
2,02E+11;18;5;11;915;1;2;3;1;6;454;BOULEVARD DAUPHINOT;M;4926391;405750;510
2,02E+11;18;5;11;2035;1;2;1;1;1;454;RUE GUTENBERG;M;4927492;400232;510
2,02E+11;18;5;14;909;1;2;2;3;6;454;AVENUE CLEMENCEAU;M;4925202;404410;510
2,02E+11;18;5;14;920;1;2;6;3;6;172;ROUTE DE LOUVOIS;M;4921187;405084;510
2,02E+11;18;5;16;1250;1;2;2;1;1;454;BOULEVARD DU GEN LECLERC;M;4925722;402564;510
2,02E+11;18;5;17;1330;1;2;1;1;2;454;BOULEVARD LOUIS ROEDERER;M;4925591;402170;510
2,02E+11;18;5;18;1730;1;2;2;1;3;454;RUE DE NEUFCHATEL;M;4928445;402747;510
2,02E+11;18;5;18;1935;1;2;1;1;6;454;RUE LABORI;M;4925361;404476;510
2,02E+11;18;5;19;1048;1;2;1;1;6;454;RUE PERIN;M;4926511;402604;510
2,02E+11;18;5;23;1115;1;2;1;1;6;454;AVENUE JOHN KENNEDY;M;4928251;400666;510
2,02E+11;18;5;25;1250;1;2;1;1;5;454;RUE LANSON;M;4924570;405785;510
2,02E+11;18;5;25;1710;1;2;1;1;4;454;AVENUE NATIONALE;M;4928490;400950;510
2,02E+11;18;5;25;1900;1;2;2;1;1;454;ALLEE DU VIGNOBLE;M;4922249;401417;510
2,02E+11;18;5;26;1405;1;2;6;1;2;474;RUE DU MONT CESAR;M;4928120;400460;510
2,02E+11;18;5;27;1850;1;2;9;1;3;454;PONT DE VENISE;M;4924527;402952;510
2,02E+11;18;5;28;1830;1;2;3;2;3;454;RUE ROOSEVELT;M;4926160;402480;510
2,02E+11;18;5;29;755;1;2;6;1;1;454;AVENUE BONAPARTE;M;4923293;400695;510
2,02E+11;18;5;30;1030;1;2;1;1;6;454;BOULEVARD POMMERY;M;4925203;405330;510
2,02E+11;18;5;31;900;1;2;6;1;3;573;AVENUE BONAPARTE;M;4924836;399103;510
2,02E+11;18;5;31;1145;1;2;1;1;3;454;PLACE MAX ROUSSEAU;M;4926472;400999;510
2,02E+11;18;5;31;1545;1;2;2;1;6;454;AVENUE DE GAULLE;M;4924841;402172;510
2,02E+11;18;6;5;1630;1;2;2;1;3;454;AVENUE CLEMENCEAU;M;4925120;404900;510
2,02E+11;18;6;8;1015;1;2;1;1;6;454;RUE ANATOLE BARTHELEMY;M;4927818;401029;510
2,02E+11;18;6;9;1215;1;2;1;1;2;474;RUE DE BERNEX;M;4928069;400488;510
2,02E+11;18;6;10;1940;1;2;9;1;3;454;RUE CHABAUD;M;4925027;402681;510
2,02E+11;18;6;11;1920;1;2;3;8;2;454;BOULEVARD DAUPHINOT;M;4925956;405632;510
2,02E+11;18;6;11;1900;1;2;3;2;3;454;AVENUE JEAN JAURES;M;4926161;405097;510
2,02E+11;18;6;14;850;1;2;3;1;6;454;BOULEVARD JAMIN;M;4926300;404499;510
2,02E+11;18;6;15;1828;1;2;2;1;6;454;RUE DE VESLE;M;4925321;402811;510
2,02E+11;18;6;17;1330;1;2;1;1;3;454;BOULEVARD DU GEN LECLERC;M;4925693;402524;510
2,02E+11;18;6;17;2340;4;2;3;1;3;454;RUE DES ESSILLARDS;M;4923490;405097;510
2,02E+11;18;6;18;730;1;2;1;1;3;55;RUE HONORE GANTEAUME;M;4927323;404521;510
2,02E+11;18;6;18;1559;1;2;9;1;2;454;RUE DE LOUVOIS;M;4923375;403336;510
2,02E+11;18;6;19;2100;2;2;1;7;6;454;BOULEVARD LOUIS BARTHOU;M;4923376;403025;510
2,02E+11;18;6;20;1040;1;2;2;1;3;454;RUE SAINT THIERRY;M;4927146;401366;510
2,02E+11;18;6;20;1800;1;2;3;1;3;454;RUE DU COLONEL FABIEN;M;4924917;401659;510
2,02E+11;18;6;21;1635;1;2;4;1;3;454;RUE DU CHAMP DE MARS;M;4926414;403929;510
2,02E+11;18;6;22;815;1;2;6;7;3;454;BOULEVARD VAL DE VESLE;M;4923020;407214;510
2,02E+11;18;6;25;945;1;2;6;1;3;454;CHRETIEN DE TROYES (RUE);M;4921290;401621;510
2,02E+11;18;6;27;1740;1;2;1;1;6;454;PLACE DES ARGONAUTES;M;4922683;403640;510
2,02E+11;18;6;27;1655;1;2;1;1;3;454;AVENUE NATIONALE;M;4928332;401091;510
2,02E+11;18;6;27;1755;1;2;1;1;2;573;RUE KLEBER;M;4924843;399057;510
2,02E+11;18;6;27;1935;1;2;3;1;3;454;RUE ROOSEVELT;M;4926201;402597;510
2,02E+11;18;6;28;1015;1;2;2;1;3;454;BOULEVARD WILSON;M;4923986;402097;510
2,02E+11;18;6;29;1530;1;2;1;1;6;454;RUE ROUSSEAU;M;4925760;403815;510
2,02E+11;18;6;30;1025;1;2;9;1;6;474;RUE DU MONT CESAR;M;4928174;400415;510
2,02E+11;18;6;29;1730;1;2;1;1;6;454;AVENUE DE PARIS;M;4924900;401539;510
2,02E+11;18;7;1;1450;1;2;7;1;1;454;PLACE COLIN;M;4925060;402015;510
2,02E+11;18;7;2;1230;1;2;2;1;3;454;BOULEVARD DE LA PAIX;M;4925507;404030;510
2,02E+11;18;7;2;1700;1;2;2;1;1;454;RUE COURMEAUX;M;4925813;403821;510
2,02E+11;18;7;4;1120;1;2;1;1;6;454;RUE RUISSELET;M;4924520;403910;510
2,02E+11;18;7;5;1545;1;1;1;3;5;474;ZONE COMMERCIAL LECLERC;M;4928232;399675;510
2,02E+11;18;7;5;1740;1;2;1;2;1;454;RUE DU GENERAL KOENIG;M;4922744;402672;510
2,02E+11;18;7;5;1830;1;2;1;1;2;172;RUE DE LA SENTELLE;M;4921483;404901;510
2,02E+11;18;7;7;155;5;2;1;1;6;454;BOULEVARD LECLERC;M;4925413;402226;510
2,02E+11;18;7;8;210;5;2;3;1;3;454;BOULEVARD MAURICE NOIROT;M;4925374;401818;510
2,02E+11;18;7;8;1555;1;2;3;1;3;454;AVENUE DU MARECHAL JUIN;M;4922121;401828;510
2,02E+11;18;7;9;730;1;2;1;1;2;454;AVENUE BREBANT;M;4925966;400920;510
2,02E+11;18;7;10;2310;5;2;2;1;3;454;RUE DE VESLE;M;4925373;402681;510
2,02E+11;18;7;13;1645;1;2;1;1;4;454;AVENUE DE CHAMPAGNE;M;4922923;403219;510
2,02E+11;18;7;15;1115;1;2;1;1;3;454;AVENUE DE L'EUROPE;M;4925440;406158;510
2,02E+11;18;7;15;1950;1;2;1;1;6;454;BOULEVARD HENRI VASNIER;M;4924471;404873;510
2,02E+11;18;7;17;1135;1;2;1;1;6;454;RUE CADRAN SAINT PIERRE;M;4925620;403052;510
2,02E+11;18;7;18;850;1;2;7;1;3;454;PLACE ESTOURNELLES;M;4923232;403324;510
2,02E+11;18;7;20;840;1;2;1;1;2;454;BOULEVARD LUNDY;M;4926132;403132;510
2,02E+11;18;7;23;1730;1;2;2;1;1;454;BOULEVARD WILSON;M;4923624;402627;510
2,02E+11;18;7;24;1450;1;2;1;1;6;454;RUE RUINART DE BRIMONT;M;4925766;404490;510
2,02E+11;18;7;24;1645;1;2;1;7;6;172;RUE DE LA SENTELLE;M;4921420;404831;510
2,02E+11;18;7;26;1430;1;2;2;1;3;454;ALLEE DU VIGNOBLE;M;4922255;401422;510
2,02E+11;18;8;2;1315;1;2;1;1;6;454;RUE PONSARDIN;M;4925022;404131;510
2,02E+11;18;8;3;1210;1;2;9;1;3;55;RUE DU COMMERCE;M;4928675;405966;510
2,02E+11;18;8;3;1645;1;2;3;1;3;454;ROUTE DE WITRY;M;4926708;406555;510
2,02E+11;18;8;3;1210;1;2;4;1;3;454;BOULEVARD HENRI HENROT;M;4924520;403174;510
2,02E+11;18;8;5;835;1;2;2;1;3;454;RUE GUSTAVE LAURENT;M;4925460;404821;510
2,02E+11;18;8;5;2150;5;2;1;1;2;454;AVENUE EISENHOWER;M;4923987;400858;510
2,02E+11;18;8;7;730;1;2;1;1;3;454;RUE GOIOT;M;4924540;404518;510
2,02E+11;18;8;8;40;5;2;1;1;6;454;RUE HERDUIN;M;4924936;403723;510
2,02E+11;18;8;8;1735;1;2;3;1;3;454;RUE GENERAL PATTON;M;4925016;405658;510
2,02E+11;18;8;11;255;5;2;2;1;3;454;RUE PIERRE BROSSOLETTE;M;4926582;401729;510
2,02E+11;18;8;15;1730;1;2;1;1;6;573;RUE GABRIEL PERI;M;4924144;399148;510
2,02E+11;18;8;22;1740;1;1;1;1;2;454;AVENUE HENRI FARMAN;M;4923703;406848;510
2,02E+11;18;8;23;1400;1;2;1;1;2;454;AVENUE DE CHAMPAGNE;M;4922767;402962;510
2,02E+11;18;8;24;1010;1;2;3;1;2;454;RUE GABRIEL VOISIN;M;4922951;406386;510
2,02E+11;18;8;24;1720;1;2;9;1;2;573;ROUTE DE SOISSONS;M;4925470;397810;510
2,02E+11;18;8;26;340;5;2;1;1;6;454;RUE DES MARMOUZETS;M;4925609;403660;510
2,02E+11;18;8;26;1135;1;2;1;7;2;454;AVENUE DE LAON;M;4928062;401301;510
2,02E+11;18;8;27;1835;1;2;1;1;2;454;RUE ERNEST RENAN;M;4926202;401283;510
2,02E+11;18;8;29;825;1;2;1;3;4;454;RUE LANSON;M;4924545;405708;510
2,02E+11;18;8;30;1705;1;2;1;1;2;454;RUE DE LA JUSTICE;M;4926187;403629;510
2,02E+11;18;8;31;1730;1;2;1;1;6;454;RUE SIMONIN;M;4927481;401096;510
2,02E+11;18;9;2;605;5;2;1;1;6;454;RUE DU GENERAL KOENIG;M;4922660;402399;510
2,02E+11;18;9;2;1200;1;2;1;1;5;454;RUE LEON FAUCHER;M;4926959;404397;510
2,02E+11;18;9;4;1812;1;2;3;1;3;454;RUE GABRIEL VOISIN;M;4923299;406712;510
2,02E+11;18;9;5;815;1;2;6;1;2;454;PLACE DROITS DE L'HOMME;M;4924132;404559;510
2,02E+11;18;9;6;1715;1;2;2;8;3;172;RUE CHANZY;M;4922430;405178;510
2,02E+11;18;9;6;1720;1;2;1;8;6;454;AVENUE DE L'EUROPE;M;4925437;406161;510