Num_Acc;an;mois;jour;hrmn;lum;agg;int;atm;col;com;adr;gps;lat;long;dep
2,02E+11;18;4;29;150;5;2;4;2;6;528;ALBERT DENIS;M;4866840;588231;540
2,02E+11;18;5;9;1719;1;2;3;1;1;580;VERDUN (RUE DE);M;4946686;593266;540
2,02E+11;18;6;14;950;1;2;1;1;1;580;ONZE NOVEMBRE 1918 (RUE;M;4946246;593383;540
2,02E+11;18;6;14;1915;1;2;3;2;1;181;CRUNES (ROUTE DE);M;4941847;590624;540
2,02E+11;18;6;20;2000;1;1;1;1;3;575;MONNET JEAN (AVENUE);M;4946000;585000;540
2,02E+11;18;11;3;1400;1;2;3;1;2;580;ROOSEVELT FRANKLIN (RUE);M;4947088;592768;540
2,02E+11;18;1;19;1505;1;2;1;2;3;29;WEISS ( RUE LOUISE );M;4876291;518258;550
2,02E+11;18;3;22;1640;1;2;1;1;6;29;AVENUE DE LA GRANDE TERR;M;4875000;519000;550
2,02E+11;18;4;5;1215;1;2;1;1;6;29;ALLENDE ( RUE SALVATOR );M;4877408;516517;550
2,02E+11;18;4;24;1310;1;2;1;1;6;29;ROSIERS ( ALLEE DES );M;4877296;517745;550
2,02E+11;18;6;7;850;1;2;2;1;7;29;MAGINOT ( RUE ANDREE );M;4877476;515990;550
2,02E+11;18;6;8;916;1;1;1;1;7;29;PAS LE VACHE ( CHEMIN DU;M;4876279;519315;550
2,02E+11;18;8;3;2315;5;2;1;1;6;186;GARE ( RUE DE LA );M;4879348;512659;550
2,02E+11;18;10;5;830;2;2;1;7;6;29;BRADFER ( RUE ERNEST );M;4876906;517229;550
2,02E+11;18;1;26;1300;1;2;6;1;3;545;DOCTEUR SCHWEITZER ( DU;M;4915800;539500;550
2,02E+11;18;5;16;1945;1;1;1;1;6;545;DUGNY ( ROUTE DE );M;4914255;536115;550
2,02E+11;18;6;21;2025;1;2;6;1;6;545;GENERAL MANGIN;M;4916100;539000;550
2,02E+11;18;7;21;1700;1;2;1;1;6;545;MAUBERT;M;4915536;539197;550
2,02E+11;18;8;11;2300;5;2;6;1;3;545;LUXEMBOURG ( AVENUE DU );M;4916392;538850;550
2,02E+11;18;10;15;1815;1;2;1;1;7;545;EPARGES ( AVENUE DES );M;4915257;539626;550
2,02E+11;18;12;3;1825;5;2;1;1;7;545;DE GAULLE (AV DU GENERAL;M;4916499;538091;550
2,02E+11;18;12;6;2005;3;1;1;1;2;505;VARENNES (ROUTE DE );M;4918000;534000;550
2,02E+11;18;12;21;1545;1;2;1;2;2;545;TROYON ( AVENUE DE );M;4957618;539490;550
2,02E+11;18;1;1;2035;5;2;1;1;3;121;10  MONISTROL (RUE);M;4773849;-338139;560
2,02E+11;18;1;2;1745;5;2;3;1;3;121;6-8  QUERO (RUE  RAYMOND;M;4776708;-338656;560
2,02E+11;18;1;5;1500;1;2;1;1;3;83;33  POMPIDOU ( AVENUE GE;M;4780033;-326150;560
2,02E+11;18;1;6;1825;5;2;6;1;6;121;1  SVOB ( BOULEVARD EMMA;M;4775012;-336662;560
2,02E+11;18;1;7;200;5;2;1;2;6;121;0  ORADOUR SUR GLANE ( B;M;4775422;-337125;560
2,02E+11;18;1;7;1230;1;2;6;3;3;162;24  FORT BLOQUE (RUE DU);M;4773653;343251;560
2,02E+11;18;1;8;1215;1;2;1;1;3;121;10  PLOEMEUR ( ET IMP DE;M;4776120;-338984;560
2,02E+11;18;1;8;1547;1;2;1;1;2;121;13  NORMANDIE ( BD ET IM;M;4775933;-336810;560
2,02E+11;18;1;8;1630;1;2;4;8;3;83;0  PAPIN (RUE  DENIS );M;4779643;-328408;560
2,02E+11;18;1;9;1955;5;2;1;2;6;121;6  TURENNE (RUE DU COMTE;M;4774976;-336071;560
2,02E+11;18;1;10;1600;1;2;1;1;6;121;TOULLEC (RUE  FRANCOIS );M;4773309;-338390;560
2,02E+11;18;1;11;2222;5;2;4;1;3;98;46  KESLER-DEVILLERS ( A;M;4776858;-334486;560
2,02E+11;18;1;13;1240;1;2;2;1;3;121;0  JOFFRE ( BD MARECHAL;M;4775225;-336295;560
2,02E+11;18;1;16;840;1;2;1;1;6;121;17  VERRIERE (RUE  INGEN;M;4773269;-337094;560
2,02E+11;18;1;16;1710;1;2;1;1;7;98;GAGARINE (RUE  YOURI );M;4777597;-334695;560
2,02E+11;18;1;17;1822;5;2;1;1;6;121;16  MICOCOULIERS (RUE  D;M;4775793;-339289;560
2,02E+11;18;1;17;1855;5;2;1;2;1;98;NERUDA (AVENUE  PABLO );M;4777096;-333186;560
2,02E+11;18;1;18;1202;1;2;4;6;1;98;PONT Rte NATIONALE 165;M;4777949;-334610;560
2,02E+11;18;1;21;615;5;2;6;2;6;107;ROUTE DEPARTEMENTALE 29;M;4771779;-338369;560
2,02E+11;18;1;22;755;5;2;1;2;6;121;86  COSMAO-DUMANOIR ( BD;M;4775311;-337517;560
2,02E+11;18;1;22;1830;5;2;1;1;6;121;8  QUEUDET ( AV RAYMOND;M;4775947;-339208;560
2,02E+11;18;1;23;749;5;2;1;2;2;121;14  QUEUDET ( AV RAYMOND;M;4776017;-339312;560
2,02E+11;18;1;24;1720;2;2;4;8;3;121;32  BELGIQUE (RUE  DE );M;4775868;-337769;560
2,02E+11;18;1;24;2045;5;2;1;8;7;107;KERMELO (PONT);M;4773062;-338621;560
2,02E+11;18;1;24;2225;5;2;4;8;3;121;34 bis  BELGIQUE (RUE  D;M;4775868;-337769;560
2,02E+11;18;1;25;815;2;2;1;1;6;121;167  MULLER ( DU COLONEL;M;4776710;-340253;560
2,02E+11;18;1;25;1005;1;2;6;1;7;98;0  PEN MANE (RUE DE);M;4775944;-332649;560
2,02E+11;18;1;25;1808;5;2;2;1;3;121;8  CARNEL (RUE  DE );M;4774024;-336873;560
2,02E+11;18;1;26;930;1;1;1;1;4;98;0  RN 165;M;4777587;-336443;560
2,02E+11;18;1;29;750;5;2;2;1;3;121;14  PERRIERE ( AV DE LA;M;4773553;-336617;560
2,02E+11;18;2;1;1245;1;1;1;1;5;162;QUEVEN (ROUTE DE);M;4774744;-341978;560
2,02E+11;18;2;2;1230;1;2;6;1;2;121;0  KERYADO ( RD-PT DE );M;4776381;-339510;560
2,02E+11;18;2;3;1414;1;2;1;2;2;121;121  BELGIQUE (RUE  DE );M;4776033;-338368;560
2,02E+11;18;2;13;833;2;2;3;1;2;121;126  BLUM ( BD LEON );M;4774614;-337949;560
2,02E+11;18;2;13;955;1;2;1;1;6;121;RD 465 (DESSERTE PORTUAI;M;4775867;-338452;560
2,02E+11;18;2;14;1115;1;2;6;2;6;121;14  LECLERC ( BD GENERAL;M;4774986;-336647;560
2,02E+11;18;2;17;2322;5;2;1;2;2;121;0  TOULLEC (RUE  FRANCOI;M;4773315;-338384;560
2,02E+11;18;2;18;615;5;2;1;2;6;162;MOULIN DU TER (RUE DU );M;4773314;-340371;560
2,02E+11;18;2;27;1230;1;2;1;1;7;98;0  LANN-SEVELIN (ROND PO;M;4777847;-334433;560
2,02E+11;18;2;27;1725;1;2;1;1;6;121;0  INTERMARCHE (LANVEUR);M;4774694;-338843;560
2,02E+11;18;3;2;1000;1;1;1;1;5;98;RN 165 (PATINOIRE);M;4777835;-335378;560
2,02E+11;18;3;3;1710;1;2;6;1;2;83;232  ALLENDE ( AV. PRES.;M;4781545;-324397;560
2,02E+11;18;3;6;445;5;2;1;1;7;121;0  BLUM ( BD LEON );M;4774471;-338131;560
2,02E+11;18;3;6;1640;1;2;3;1;6;121;0  MITTERAND ( PL. FRANC;M;4775428;-336615;560
2,02E+11;18;3;8;1405;1;2;1;1;6;121;0  MARQUET (RUE  MARY );M;4775843;-338500;560
2,02E+11;18;3;9;1225;1;2;6;1;3;121;0  BIR-HAKEIM ( RD-PT );M;4773945;-337959;560
2,02E+11;18;3;11;1230;1;2;1;1;7;121;0  LE MAUX ( BD JEAN );M;4775711;-338723;560
2,02E+11;18;3;13;1700;1;2;1;1;6;98;13  GRANDE LANDE ( ROUTE;M;4775562;-333538;560
2,02E+11;18;3;18;1450;1;2;1;1;3;83;56  RESISTANCE (AVENUE;M;4782214;-324707;560
2,02E+11;18;3;16;932;1;2;1;1;7;98;221  JAURES (RUE  JEAN );M;4777021;-335001;560
2,02E+11;18;3;21;1140;1;1;6;1;3;98;0  MALACHAPPE (LIEU-DIT);M;4776785;-331456;560
2,02E+11;18;3;24;1438;1;2;6;1;6;98;71  KESLER-DEVILLERS ( A;M;4776725;-333983;560
2,02E+11;18;3;25;1303;1;2;6;1;3;121;3  FRANCE ( AVE ANATOLE;M;4774675;-336631;560
2,02E+11;18;3;29;924;1;2;3;3;3;121;JEGOU Francois;M;4775951;-336746;560
2,02E+11;18;3;29;1656;1;1;1;1;3;83;0  RN 165;M;4778860;-328628;560
2,02E+11;18;3;31;1710;1;2;1;1;6;83;0  JOFFRE (RUE  DU MAREC;M;4780666;-327619;560
2,02E+11;18;4;1;1800;1;2;3;1;3;83;LIBERATION ( AV. DE LA );M;4780414;-327829;560
2,02E+11;18;4;3;1515;1;2;6;1;6;121;PLOEMEUR ( ET IMP DE );M;4776198;-338994;560
2,02E+11;18;4;4;1640;1;2;1;1;6;121;LE POULICHET (RUE  JOSEP;M;4775293;-336124;560
2,02E+11;18;4;4;2250;5;2;6;1;1;121;BLUM ( BD LEON );M;4774680;-337743;560
2,02E+11;18;4;5;525;5;2;1;1;6;121;SAINT-MARCEL (RUE);M;4774702;-338212;560
2,02E+11;18;4;5;835;1;2;6;1;3;121;KERGUESTENEN (RUE  DE );M;4775255;-339119;560
2,02E+11;18;4;5;1340;1;2;1;1;3;121;DRONNEAU (RUE  CLAIRE );M;4774490;-337451;560
2,02E+11;18;4;5;1735;1;2;1;1;6;121;BELGIQUE (RUE  DE );M;4776220;-339041;560
2,02E+11;18;4;6;1705;1;1;1;1;4;121;DESSERTE PORT (RD 465);M;4776382;-338009;560
2,02E+11;18;4;8;1410;1;2;1;1;3;83;PORT LOUIS ( ROUTE);M;4780194;-327693;560
2,02E+11;18;4;10;1030;1;2;1;1;6;162;PRESBYTERE (RUE DU);M;4773567;-342855;560
2,02E+11;18;4;14;1635;1;2;1;1;6;107;MOULIN (RUE DU VIEUX);M;4772017;-338417;560
2,02E+11;18;4;16;1400;1;2;1;1;3;121;TOULLEC (RUE  FRANCOIS );M;4773240;-337977;560
2,02E+11;18;4;18;130;5;2;1;1;6;162;BRUYERE ( IMP. LA );M;4773787;-343743;560
2,02E+11;18;4;18;1255;1;2;1;1;7;83;4 rue H. Tazieff;M;4780038;-325719;560
2,02E+11;18;4;18;1415;1;2;1;1;2;121;BELGIQUE (RUE  DE );M;4776042;-338393;560
2,02E+11;18;4;18;1455;1;2;3;1;6;98;DUCLOS (RUE  JACQUES );M;4777524;-334030;560
2,02E+11;18;4;18;1820;1;2;6;1;3;98;GAGARINE (RUE  YOURI );M;4777451;-334247;560
2,02E+11;18;4;20;1735;1;2;6;1;6;162;SAVOIE (AVENUE DE);M;4773239;-343151;560
2,02E+11;18;4;21;1753;1;2;2;1;6;121;BOVE ( COURS DE LA );M;4774641;-335974;560
2,02E+11;18;4;25;1955;1;2;1;1;6;121;CARNEL (RUE  DE );M;4773891;-336892;560
2,02E+11;18;4;25;2025;1;2;2;1;3;98;MAURICE (RUE  JEAN-MARIE;M;4775616;-334061;560
2,02E+11;18;4;27;910;1;2;1;3;6;83;LOCHRIST (ROUTE DE );M;4781395;-325982;560
2,02E+11;18;4;28;1840;1;2;6;7;6;121;STEPHANT (RUE  JEAN );M;4776187;-338026;560
2,02E+11;18;5;2;1520;1;2;1;1;7;121;KERGUILLETTE (RUE  DE );M;4776476;-339190;560
2,02E+11;18;5;7;1440;1;2;3;1;3;162;KERVAM;M;4771722;-342325;560
2,02E+11;18;5;7;2330;3;1;1;1;6;162;COUREGANT (ROUTE DU);M;4770549;-346090;560
2,02E+11;18;5;8;639;2;1;1;1;6;98;RN 165;M;4779152;-330323;560
2,02E+11;18;5;8;1545;1;1;4;1;6;162;RD 152;M;4772327;-348447;560
2,02E+11;18;5;8;1800;1;2;1;1;2;162;GRAZU (RUE DU);M;4770333;-343208;560
2,02E+11;18;5;9;1110;1;2;6;1;3;121;RD 162 rue de Lanveur;M;4774436;-339527;560
2,02E+11;18;5;10;2020;1;2;1;1;6;83;JOFFRE (RUE  DU MARECHAL;M;4780986;-326716;560
2,02E+11;18;5;10;2025;1;2;3;1;3;121;BELGIQUE (RUE  DE );M;4776035;-338389;560
2,02E+11;18;5;15;1112;1;2;6;1;6;98;Rue  Jean le Couteller;M;4775978;-333097;560
2,02E+11;18;5;17;1810;1;2;2;1;3;83;REPUBLIQUE ( AV. DE LA );M;4779878;-329365;560
2,02E+11;18;5;20;1542;1;2;3;1;3;83;RD 724 PR 96;M;4779994;-328859;560
2,02E+11;18;5;20;1615;1;1;1;1;1;98;ARAGO (RUE  DOMINIQUE );M;4778350;-333903;560
2,02E+11;18;5;24;1305;1;1;3;1;5;83;AV Georges HILLION;M;4781617;-323471;560
2,02E+11;18;5;25;1700;1;2;1;1;4;121;ROUTE DEPARTEMENTALE 465;M;4776270;-338109;560
2,02E+11;18;5;25;1830;1;2;3;1;7;121;PERRIERE ( AV DE LA );M;4773443;-336534;560
2,02E+11;18;5;26;1405;1;2;2;1;4;121;CHAZELLES ( COURS LOUIS;M;4775288;-336187;560
2,02E+11;18;6;3;1108;1;2;2;1;6;121;LE GRAND (RUE  JULES );M;4774624;-335618;560
2,02E+11;18;6;14;840;1;2;1;8;6;121;GUIEYSSE (RUE  PAUL );M;4775732;-336927;560
2,02E+11;18;6;15;2205;5;2;2;1;3;98;JAURES (RUE  JEAN );M;4777004;-335027;560
2,02E+11;18;6;16;1850;1;2;2;1;3;121;CESAR (RUE);M;4774341;-337458;560
2,02E+11;18;6;18;2005;1;2;6;1;6;98;NERUDA (AVENUE  PABLO );M;4776607;-332943;560
2,02E+11;18;6;20;1945;1;2;3;1;2;162;SAINT BIEUZY (RUE DE);M;4773516;-342947;560
2,02E+11;18;6;21;1810;1;2;1;1;6;98;JAURES (RUE  JEAN );M;4776422;-336030;560
2,02E+11;18;6;23;2110;1;2;1;1;7;121;FERRY ( PL. JULES );M;4774636;-336490;560
2,02E+11;18;6;23;1725;1;2;6;1;7;162;Rond Point du 19/03/1962;M;4773820;-343125;560
2,02E+11;18;6;23;1225;1;2;4;1;4;121;ROUTE DEPARTEMENTALE 465;M;4776258;-338104;560
2,02E+11;18;6;24;317;3;1;1;1;6;162;RD 163-rue de Quйven;M;4774481;-342060;560
2,02E+11;18;6;27;1243;1;2;1;1;3;121;MULLER ( DU COLONEL JEAN;M;4776535;-339935;560
2,02E+11;18;6;28;940;1;2;1;1;6;121;Av du Gal de Gaulle;M;4774247;-336920;560
2,02E+11;18;6;29;2215;2;2;1;1;7;121;CHAIGNEAU (RUE);M;4775556;-335811;560
2,02E+11;18;7;5;1223;1;2;2;1;3;121;KERJULAUDE ( RUE DE );M;4774375;-338114;560
2,02E+11;18;7;6;1425;1;2;4;1;3;162;ORMES (RUE DES);M;4775321;-339476;560
2,02E+11;18;7;7;952;1;2;1;1;3;162;CHASSEURS (RUE DES);M;4771765;-343616;560
2,02E+11;18;7;7;1810;1;2;2;1;3;121;COMBES (RUE  EMILE );M;4777094;-334599;560
2,02E+11;18;7;7;1330;1;2;1;1;6;107;ROUTE DEPARTEMENTALE 29;M;4771546;-338464;560
2,02E+11;18;7;10;1755;1;2;1;1;2;98;CROIZAT ( AVE AMBROISE );M;4777454;-334658;560
2,02E+11;18;7;11;1305;1;2;6;1;3;98;KESLER-DEVILLERS ( AV. );M;4776711;-333946;560
2,02E+11;18;7;16;1600;1;2;1;1;6;121;ROUTE DEPARTEMENTALE 465;M;4774317;-338449;560
2,02E+11;18;7;17;1020;1;1;4;1;3;162;RD 162E;M;4773372;-347689;560
2,02E+11;18;7;19;1230;1;2;6;1;3;121;AV du FAOUEDIC;M;4774683;-336618;560
2,02E+11;18;7;19;1442;1;1;1;1;7;162;RD 162E;M;4773469;-347417;560
2,02E+11;18;7;21;1850;1;1;1;1;1;83;VILLENEUVE ST-CARADEC (L;M;4782176;-328295;560
2,02E+11;18;7;22;1400;1;2;1;1;2;98;KESLER-DEVILLERS ( AV. );M;4776768;-334140;560
2,02E+11;18;7;23;1500;1;1;4;1;5;83;PASTEUR ( AVENUE );M;4781250;-329412;560
2,02E+11;18;7;24;1025;1;2;1;1;6;121;COURS DE CHAZELLES;M;4775544;-336359;560
2,02E+11;18;7;27;2020;1;1;1;1;6;83;TOUL DOUAR (LIEU-DIT);M;4779590;-330145;560
2,02E+11;18;7;29;1105;1;1;1;1;6;107;RD 152 LD Kerlavret;M;4771043;-343126;560
2,02E+11;18;8;4;130;5;2;6;1;7;121;ROUTE DEPARTEMENTALE 29;M;4773344;-338500;560
2,02E+11;18;8;4;550;5;2;1;1;6;121;RD 465;M;4775980;-338342;560
2,02E+11;18;8;6;2005;1;1;1;1;4;162;SABLES BLANCS (BD DES);M;4772800;-349400;560
2,02E+11;18;8;7;1217;1;2;6;1;6;83;AV. DES FRERES LUMIERE;M;4779935;-326044;560
2,02E+11;18;8;9;1500;1;2;1;1;4;121;COSMAO-DUMANOIR ( BD );M;4775365;-336981;560
2,02E+11;18;8;15;1810;1;2;1;1;4;98;JAURES (RUE  JEAN );M;4776713;-335556;560
2,02E+11;18;8;21;1022;1;1;1;1;7;83;RN 165;M;4778811;-327886;560
2,02E+11;18;8;23;855;1;2;3;1;2;121;CHAZELLES ( COURS LOUIS;M;4775293;-336191;560
2,02E+11;18;8;23;1428;1;2;1;1;4;121;LECLERC ( BD GENERAL );M;4774935;-336591;560
2,02E+11;18;8;24;1240;1;2;1;1;7;83;rue de la Rйsistance;M;4782214;-324705;560
2,02E+11;18;8;25;1245;1;2;3;1;3;98;Av KESLER DEVILLERS;M;4776800;-334264;560
2,02E+11;18;8;26;1255;1;2;1;2;3;121;FOCH (RUE  MARECHAL );M;4774796;-335848;560
2,02E+11;18;8;28;1640;1;2;4;1;3;121;PERAULT Etienne (RUE );M;4774402;-336157;560
2,02E+11;18;9;1;1825;1;2;2;1;6;121;JOFFRE ( BD MARECHAL );M;4775283;-336197;560
2,02E+11;18;9;2;1900;1;1;2;1;3;162;RD 152;M;4770912;-344395;560
2,02E+11;18;9;2;140;5;2;6;1;7;121;CHAZELLES ( COURS LOUIS;M;4775705;-336459;560
2,02E+11;18;9;3;1242;1;2;6;1;3;98;Rond-point du Plessis;M;4775949;-332657;560
2,02E+11;18;9;3;1830;1;2;1;1;6;121;FAURE (RUE  GABRIEL );M;4776563;-337394;560
2,02E+11;18;9;4;830;1;2;1;1;6;162;LAITERIE (CHEMIN DE LA );M;4773357;-341664;560
2,02E+11;18;9;4;1935;1;2;2;1;1;121;MARNE ( AV DE LA );M;4774280;-336832;560
2,02E+11;18;9;4;1610;1;2;6;1;6;107;LE GUEN (RUE  JULES );M;4770965;-338453;560
2,02E+11;18;9;6;845;1;2;1;7;6;121;JAURES ( AVE JEAN );M;4774530;-336983;560
2,02E+11;18;9;6;1405;1;2;1;1;6;98;AV PRESIDENT ALLENDE;M;4775928;-332617;560
2,02E+11;18;9;7;2200;2;2;1;1;1;107;KERDONIS (RUE DE);M;4771816;-339214;560
2,02E+11;18;9;8;810;1;2;6;1;3;121;MARIENNE ( AV CAPITAINE;M;4774422;-339538;560
2,02E+11;18;9;9;1945;1;1;1;1;6;83;RN 165;M;4779097;-330117;560
2,02E+11;18;9;12;1540;1;2;6;1;3;121;Rue du Colonel Muller;M;4776366;-339563;560
2,02E+11;18;9;13;1359;1;2;1;1;3;121;BLUM ( BD LEON );M;4774790;-337519;560
2,02E+11;18;9;14;1230;1;2;3;1;2;121;AV CHENAILLER COL MORICE;M;4773660;-339034;560
2,02E+11;18;9;14;1335;1;2;1;1;3;121;BLUM ( BD LEON );M;4774767;-337558;560
2,02E+11;18;9;16;1710;1;1;1;1;6;121;ROUTE DEPARTEMENTALE 465;M;4776378;-338026;560
2,02E+11;18;9;17;205;5;2;1;1;6;107;AV DU PRESIDENT KENNEDY;M;4771009;-338471;560
2,02E+11;18;9;18;2250;5;2;2;1;3;98;FABIEN ( AV. COLONEL);M;4776217;-333747;560
2,02E+11;18;9;20;830;1;2;1;1;6;121;BLUM ( BD LEON );M;4774866;-337413;560
2,02E+11;18;9;21;2245;3;1;1;1;6;162;FORT BLOQUE (RUE DU);M;4773832;-344207;560
2,02E+11;18;9;22;1345;1;2;3;2;7;121;BOVE ( COURS DE LA );M;4774594;-336005;560
2,02E+11;18;9;22;1340;1;2;6;2;3;121;MONISTROL (RUE);M;4773644;-338297;560
2,02E+11;18;9;23;1225;1;1;1;2;6;83;RD 724;M;4779208;-331019;560
2,02E+11;18;9;24;1810;1;2;6;1;6;121;JAURES ( AVE JEAN );M;4774546;-336828;560
2,02E+11;18;9;25;1755;1;1;1;1;6;162;RD 163 KERHOAT;M;4776264;-342453;560
2,02E+11;18;9;27;2105;5;2;1;1;6;121;BELGIQUE (RUE  DE );M;4775859;-337745;560
2,02E+11;18;9;28;905;1;2;6;1;3;98;NORMANDIE NIEMEN ( BD );M;4776077;-335395;560
2,02E+11;18;9;28;2135;2;2;1;1;2;83;LIBERATION ( AV. DE LA );M;4780408;-327844;560
2,02E+11;18;9;30;448;5;2;6;1;7;121;NORMANDIE ( BD DE);M;4775991;-336628;560
2,02E+11;18;9;30;2220;5;2;1;1;6;83;ALLENDE ( AV. PRES. SALV;M;4781347;-324787;560
2,02E+11;18;10;1;1715;1;2;3;1;3;121;KERLIN (RUE  DE );M;4774793;-337928;560
2,02E+11;18;10;2;845;1;2;1;7;6;98;MITTERAND ( AV. FRANCOIS;M;4776687;-333783;560
2,02E+11;18;10;2;1340;1;2;3;1;7;83;TREGUIER (RUE  MARCEL );M;4781135;-326078;560
2,02E+11;18;10;2;2110;5;2;1;1;1;83;PASTEUR ( AVENUE );M;4780533;-328707;560
2,02E+11;18;10;3;1800;1;2;1;1;6;121;ROHAN ( Q DE );M;4774533;-336180;560
2,02E+11;18;10;5;1853;1;2;2;1;3;83;8 MAI 1945 ( AV. DU );M;4780241;-329045;560
2,02E+11;18;10;6;1108;1;1;6;1;7;107;Giratoire de Kergalant;M;4770763;-341451;560
2,02E+11;18;10;6;1330;1;2;6;2;3;121;JOFFRE ( BD MARECHAL );M;4775178;-336515;560
2,02E+11;18;10;7;15;5;2;2;1;6;83;VAILLANT ( AV. EDOUARD );M;4782362;-324947;560
2,02E+11;18;10;7;635;5;2;2;1;6;98;Av Commune de Paris;M;4776916;-333885;560
2,02E+11;18;10;9;735;5;2;1;1;6;83;TROTTIER (RUE);M;4780511;-327855;560
2,02E+11;18;10;9;1535;1;2;6;1;3;121;RP du PT KENNEDY;M;4776381;-337965;560
2,02E+11;18;10;11;1017;1;2;6;8;7;121;JACOB ( RP. MAX );M;4775416;-338379;560
2,02E+11;18;10;15;2245;5;2;6;1;7;83;LA FLAMME (PONT JEHANNE);M;4780325;-327860;560
2,02E+11;18;10;11;1955;5;2;2;1;3;121;ASSEMBLEE-NATIONALE (RUE;M;4774881;-336297;560
2,02E+11;18;10;11;2111;5;2;1;1;6;83;PASTEUR ( AVENUE );M;4780169;-328276;560
2,02E+11;18;10;21;1220;1;1;2;7;3;83;ALLENDE (Av Pt Salvador);M;4781063;-325234;560
2,02E+11;18;10;21;1638;1;1;1;1;1;98;MALACHAPPE (LIEU-DIT);M;4777933;-330966;560
2,02E+11;18;10;21;1700;1;2;1;1;6;121;KERGUILLETTE (RUE  DE );M;4776475;-339188;560
2,02E+11;18;10;22;105;5;2;1;1;6;83;REPUBLIQUE ( AV. DE LA );M;4780035;-328671;560
2,02E+11;18;10;23;1608;1;1;1;1;6;162;RD 152;M;4770803;-341927;560
2,02E+11;18;10;25;1425;1;2;6;1;4;83;MITTERAND ( AV. DU PRES.;M;4780623;-325964;560
2,02E+11;18;10;30;840;1;2;6;1;4;83;REPUBLIQUE ( AV. DE LA );M;4779656;-330092;560
2,02E+11;18;10;30;1520;1;2;6;1;6;121;JOFFRE ( BD MARECHAL );M;4775174;-336525;560
2,02E+11;18;10;31;1225;1;2;1;1;7;121;MEHEUT (RUE  DOCTEUR );M;4774955;-338530;560
2,02E+11;18;10;31;1645;1;2;1;1;7;98;PEN MANE (RUE DE);M;4775943;-332594;560
2,02E+11;18;11;3;2335;5;2;1;1;7;162;BRIAND ( AV. ARISTIDE );M;4773977;-342910;560
2,02E+11;18;11;5;2040;5;2;6;1;3;121;DUGUAY-TROUIN (RUE RENE);M;4774304;-336591;560
2,02E+11;18;11;6;940;1;1;1;2;7;121;ROUTE DEPARTEMENTALE 465;M;4774958;-338726;560
2,02E+11;18;11;6;1430;1;2;3;2;3;121;CHAIGNEAU (RUE);M;4775536;-335834;560
2,02E+11;18;11;8;1210;1;2;6;1;3;121;SAINT-ARMEL (RUE  DE );M;4776308;-338378;560
2,02E+11;18;11;10;1730;2;2;3;1;5;83;ALLENDE ( AV. PRES. SALV;M;4780849;-325582;560
2,02E+11;18;11;11;928;1;2;2;1;3;121;Rue Louis Guiguen;M;4775572;-335478;560
2,02E+11;18;11;12;1840;5;2;1;1;1;121;SAINT-ARMEL (RUE  DE );M;4776258;-338388;560
2,02E+11;18;11;13;900;2;2;6;1;3;98;KESLER-DEVILLERS ( AV. );M;4776719;-333968;560
2,02E+11;18;11;15;1050;1;2;1;1;2;98;CROIZAT ( AVE AMBROISE );M;4777146;-334872;560
2,02E+11;18;11;16;1015;1;2;3;1;2;121;KERFORN (RUE ET PLACE  D;M;4775368;-339175;560
2,02E+11;18;11;18;1510;1;2;2;1;3;121;62ш R.I. ( DU );M;4775371;-336380;560
2,02E+11;18;11;19;2140;3;1;9;1;3;121;RD 465 (DESSERTE PORTUAI;M;4775876;-338413;560
2,02E+11;18;11;20;1135;1;2;3;1;6;121;MARINE (RUE  DE LA );M;4773962;-336085;560
2,02E+11;18;11;20;1500;1;2;2;8;6;83;8 MAI 1945 ( AV. DU );M;4780241;-329061;560
2,02E+11;18;11;20;1730;2;1;1;1;4;98;RN 165;M;4777846;-335205;560
2,02E+11;18;11;22;1240;1;2;6;1;7;121;BASE DE SOUS-MARINS ( RD;M;4773536;-337401;560
2,02E+11;18;11;23;1855;5;2;1;2;2;98;JAURES (RUE  JEAN );M;4776845;-335321;560
2,02E+11;18;11;24;800;2;1;1;2;6;121;RD 465;M;4777099;-337814;560
2,02E+11;18;11;25;1745;2;2;6;2;7;121;TOULLEC (RUE  FRANCOIS );M;4773236;-337866;560
2,02E+11;18;11;26;830;2;2;1;1;2;83;REPUBLIQUE ( AVE DE LA );M;4780027;-328683;560
2,02E+11;18;11;27;1735;5;1;1;3;4;121;RD 465;M;4774623;-338650;560
2,02E+11;18;11;28;1545;1;2;1;2;6;98;CROIZAT ( AVE AMBROISE );M;4777584;-334567;560
2,02E+11;18;12;1;5;3;1;1;8;6;98;RN 165;M;4778112;-334268;560
2,02E+11;18;12;1;1735;5;2;1;2;6;121;MONISTROL (RUE);M;4773376;-338510;560
2,02E+11;18;12;3;1315;1;2;6;8;3;121;BLUM ( BD LEON );M;4774920;-337356;560
2,02E+11;18;12;3;1805;5;2;2;2;3;121;CHAZELLES (COURS LOUIS);M;4775370;-336230;560
2,02E+11;18;12;4;840;5;2;2;8;6;162;FORT BLOQUE (RUE DU);M;4773667;-343518;560
2,02E+11;18;12;4;1655;1;2;2;2;3;121;BELGIQUE (RUE  DE );M;4775976;-338144;560
2,02E+11;18;12;4;2225;5;2;1;2;6;83;LIBERATION ( AV. DE LA );M;4780449;-327760;560
2,02E+11;18;12;6;1925;5;2;3;2;3;98;SEMBAT (RUE MARCEL);M;4776549;-334532;560
2,02E+11;18;12;10;750;5;2;6;1;6;121;MONISTROL (RUE);M;4773929;-338032;560
2,02E+11;18;12;11;1058;1;2;1;1;1;121;CARNOT (RUE  LAZARE );M;4774083;-336786;560