Num_Acc;an;mois;jour;hrmn;lum;agg;int;atm;col;com;adr;gps;lat;long;dep
2,02E+11;18;5;24;830;1;2;1;1;4;155;LIBERATION - AVENUE;M;5102968;240060;590
2,02E+11;18;5;9;1550;1;2;1;1;6;183;TURENNE - PLACE;M;5103010;235322;590
2,02E+11;18;6;1;1630;1;2;1;1;6;155;GUESDE JULES;M;5102242;238595;590
2,02E+11;18;6;12;1815;1;2;1;1;3;359;DE GAULLE (RUE DU GЗ?NЗ?;M;5099420;221674;590
2,02E+11;18;6;21;750;1;2;2;1;1;183;GIRONDE - AVENUE;M;5100610;234410;590
2,02E+11;18;7;11;840;1;1;1;8;1;588;32EME DI;M;5102625;243609;590
2,02E+11;18;7;12;1500;1;2;3;1;3;271;RUE CAREME;M;5101278;230110;590
2,02E+11;18;7;16;750;1;1;1;1;1;588;FURNES - ROUTE NATIONALE;M;5104300;243900;590
2,02E+11;18;7;17;2200;2;2;2;1;3;183;VILLETTE - AVENUE;M;5102665;235975;590
2,02E+11;18;7;23;2210;2;2;1;1;6;273;BROSSOLETTE (RUE PIERRE);M;5099680;211708;590
2,02E+11;18;5;10;1005;1;2;1;1;6;271;MITTERRAND FRANCOIS - PL;M;5101314;230286;590
2,02E+11;18;8;8;1545;1;2;2;1;6;155;BERGUES CD 916 - ROUTE;M;5101503;237820;590
2,02E+11;18;8;4;1640;1;2;2;1;3;540;HUGO VICTOR;M;5103100;234800;590
2,02E+11;18;8;18;310;5;2;4;1;6;183;CARTOUCHERIE;M;5121553;222366;590
2,02E+11;18;8;22;1730;1;2;2;1;3;183;LIBERATION - AVENUE;M;5104120;238895;590
2,02E+11;18;9;4;1805;1;2;2;2;3;271;ALLENDE SALVADOR;M;5101806;230591;590
2,02E+11;18;9;27;1905;2;2;2;7;1;273;LAMARTINE (BOULEVARD);M;5099110;212347;590
2,02E+11;18;10;1;816;1;2;3;8;3;183;SOEURS BLANCHES;M;5103678;237882;590
2,02E+11;18;10;2;1650;1;2;6;1;3;271;PETITE-SYNTHE - AVENUE;M;5101733;232086;590
2,02E+11;18;10;16;1240;1;2;3;1;1;540;RUE DE LA REPUBLIQUE;M;5102809;234704;590
2,02E+11;18;10;21;1245;1;1;2;1;3;248;FOSSE DEFENSIF - ROUTE;M;5102862;231755;590
2,02E+11;18;10;29;525;3;1;1;2;6;271;RD 601;M;5100367;225995;590
2,02E+11;18;10;13;1330;1;2;3;1;3;540;DOLET ETIENNE;M;5103073;235433;590
2,02E+11;18;11;17;720;5;2;1;1;2;540;REPUBLIQUE;M;5102690;233651;590
2,02E+11;18;11;23;2055;5;2;9;9;6;183;LIBERATION - AVENUE;M;5104360;238900;590
2,02E+11;18;12;8;1230;1;2;1;1;6;155;JAURES JEAN - BOULEVARD;M;5102185;237905;590
2,02E+11;18;12;15;50;5;2;1;1;6;183;FAIDHERBE - AVENUE;M;5104672;239161;590
2,02E+11;18;12;17;750;2;1;2;1;1;588;32EME DI;M;5103000;243000;590
2,02E+11;18;12;12;1900;3;1;6;1;6;183;DARSES - CHAUSSEE;M;5103882;236232;590
2,02E+11;18;1;12;1305;1;2;4;8;6;295;NOTRE DAME;M;5073051;254343;590
2,02E+11;18;6;19;1645;1;2;3;1;3;295;D'HONDEGHEM;M;5072505;253413;590
2,02E+11;18;7;12;220;3;1;1;1;1;295;RD642;M;;;590
2,02E+11;18;7;12;1640;1;2;1;1;6;295;PLACE DU GENERAL DE GAUL;M;5072270;253549;590
2,02E+11;18;7;16;140;3;1;9;1;1;295;DE VIEUX BERQUIN (ROUTE);M;5071200;255880;590
2,02E+11;18;7;18;1500;1;2;3;1;2;295;AVENUE JEAN BART;M;5072898;253682;590
2,02E+11;18;11;16;1555;1;1;1;5;1;295;CD 916;M;5074885;255207;590
2,02E+11;18;1;1;25;5;2;1;2;5;378;950  REPUBLIQUE AV DE LA;M;5066246;309777;590
2,02E+11;18;1;6;840;2;2;2;8;3;350;MONTEBELLO  METRO;M;5062625;304013;590
2,02E+11;18;1;18;820;2;2;1;6;6;328;448  DUNKERQUE AVENUE DE;M;5064296;301613;590
2,02E+11;18;1;11;440;3;1;1;5;6;328;ALLIANCE NORD OUEST BVD;M;5065576;302821;590
2,02E+11;18;1;5;1730;5;2;1;2;2;343;ENCHEMONT BOULEVARD DU B;M;5058129;311236;590
2,02E+11;18;1;25;1810;2;2;1;1;6;328;DELESCAUX HENRI AVENUE;M;5064476;303366;590
2,02E+11;18;1;20;1745;2;2;1;2;6;350;6  HUGO VICTOR  BVD NшIM;M;5062439;306810;590
2,02E+11;18;1;12;1640;1;1;1;1;6;386;ABBAYE RUE DU PONT DE L;M;5066588;306303;590
2,02E+11;18;1;12;1730;3;2;4;2;7;9;CANTELEU AVENUE DE;M;5064017;315254;590
2,02E+11;18;1;31;1305;1;2;1;2;6;350;31  WAGNER RICHARD RUE;M;5060462;305542;590
2,02E+11;18;2;4;1330;1;2;2;1;3;9;BREUCQ BOULEVARD DU;M;5063802;314226;590
2,02E+11;18;1;10;1710;5;2;1;1;6;527;GAMBETTA LEON RUE;M;5065530;305063;590
2,02E+11;18;1;29;2000;5;2;1;3;6;350;COURBET GUSTAVE  RUE;M;5060871;304017;590
2,02E+11;18;2;14;945;1;2;1;1;6;350;CARREL ARMAND RUE;M;5061723;307391;590
2,02E+11;18;2;1;2003;5;2;2;2;3;350;REPUBLIQUE AVENUE DE LA;M;5063981;301460;590
2,02E+11;18;1;9;1400;1;1;1;1;3;560;NOYELLES ROUTE DE;M;5056266;302766;590
2,02E+11;18;2;10;1925;5;2;1;2;6;350;31  PEUPLE BELGE AVENUE;M;5064400;306100;590
2,02E+11;18;1;24;1100;1;2;1;1;2;360;4  FOCH RUE DU MARECHAL;M;5061527;301868;590
2,02E+11;18;2;14;930;1;2;1;1;6;350;151  HOOVER AVENUE DU PR;M;5062975;307797;590
2,02E+11;18;2;22;620;4;1;2;1;6;193;GUSTAVE DELORY  RUE;M;5059656;300573;590
2,02E+11;18;2;23;1510;1;2;1;1;6;378;107  GUESDE JULES RUE;M;5067250;309157;590
2,02E+11;18;2;23;1710;1;1;1;1;6;648;Rue de wattignies;M;5058429;305978;590
2,02E+11;18;1;16;1800;5;2;1;3;6;350;25 bis  CANNES RUE DE;M;5060600;304600;590
2,02E+11;18;2;25;545;5;2;1;2;6;378;921  REPUBLIQUE AV DE LA;M;5066138;309538;590
2,02E+11;18;3;7;30;5;2;1;1;6;9;113  BRIGODE AVENUE DE;M;5063285;316621;590
2,02E+11;18;3;24;2035;5;2;3;1;3;350;HOOVER AVENUE DU PRESIDE;M;5063115;307727;590
2,02E+11;18;2;15;1540;1;2;1;1;6;350;60  TURIN BOULEVARD;M;5063898;307636;590
2,02E+11;18;3;25;2100;5;2;2;1;3;350;STATIONS RUE Nш RESTE;M;5062957;304883;590
2,02E+11;18;3;26;1550;1;2;2;1;1;350;592  DUNKERQUE AVENUE;M;5064671;300795;590
2,02E+11;18;3;7;1800;1;2;1;1;6;350;133  DUNKERQUE AVENUE DE;M;5063456;303025;590
2,02E+11;18;4;13;610;2;2;2;8;3;350;TURENNE RUE;M;5062709;303911;590
2,02E+11;18;4;13;1615;1;1;9;1;7;9;D‚partemental 700;M;5065049;317067;590
2,02E+11;18;4;7;1100;1;2;9;1;3;9;MONS BOULEVARD DE;M;5064372;314335;590
2,02E+11;18;4;3;825;2;2;1;1;6;566;CARNOT SADI RUE;M;5062404;298789;590
2,02E+11;18;4;12;845;1;2;1;1;6;350;CHOPIN FREDERIC SQUARE;M;5061770;304530;590
2,02E+11;18;4;11;2105;5;2;9;1;3;350;MONTEBELLO BD PAIRS DE 7;M;5062187;304576;590
2,02E+11;18;4;18;1050;1;2;9;1;3;9;DE VALMY BOULEVARD;M;5061559;312819;590
2,02E+11;18;4;22;725;2;2;1;1;7;470;DE GAULLE CHARLES RUE;M;5065194;295055;590
2,02E+11;18;4;26;2245;5;2;2;1;3;316;LEBAS JEAN BAPTISTE RUE;M;5056191;300323;590
2,02E+11;18;4;26;2140;2;2;2;1;3;9;BREUCQ BOULEVARD DU;M;5061624;313531;590
2,02E+11;18;4;13;1715;1;2;1;1;6;378;EGALITE RUE DE L;M;5066397;310338;590
2,02E+11;18;4;25;1135;1;2;1;1;6;368;GAMBETTA LEON RUE;M;;;590
2,02E+11;18;3;31;1845;1;2;3;1;6;350;ARBRISSEAU RUE DE L;M;5060346;305091;590
2,02E+11;18;4;8;2130;5;2;3;1;3;350;ESPLANADE FACADE;M;5064527;305083;590
2,02E+11;18;5;1;1830;1;2;3;1;6;328;DUNKERQUE AVENUE DE;M;5064138;301805;590
2,02E+11;18;5;3;1455;1;2;1;1;6;350;BONDUES DESIRE RUE;M;5060536;305573;590
2,02E+11;18;5;4;1840;1;2;3;1;6;410;DE GAULLE RUE DU GENERAL;M;5064779;311437;590
2,02E+11;18;5;5;330;5;2;9;1;3;350;SOLFERINO RUE Nш110 - 20;M;5063000;305000;590
2,02E+11;18;5;9;1740;1;2;2;1;3;378;REPUBLIQUE AV DE LA (Nш8;M;5066667;308330;590
2,02E+11;18;5;5;1500;1;2;1;1;2;350;FAUBOURG D'ARRAS RUE;M;5060469;307171;590
2,02E+11;18;5;2;800;1;2;1;1;7;470;DE GAULLE CHARLES RUE;M;5065720;295810;590
2,02E+11;18;5;7;1735;1;1;1;1;6;9;ROUBAIX AVNUE DE;M;5064877;314967;590
2,02E+11;18;5;15;2000;1;2;1;1;7;350;LORRAINE BOULEVARD;M;5063225;303715;590
2,02E+11;18;5;17;315;5;2;9;1;6;350;RAMPONNEAU SQUARE DU;M;5063933;305391;590
2,02E+11;18;5;14;750;1;2;2;1;6;328;BONTE AUGUSTE RUE;M;5064592;301782;590
2,02E+11;18;5;18;820;1;2;1;1;3;128;ZAMIN RUE DE LA;M;5064252;297157;590
2,02E+11;18;5;17;2044;1;2;3;1;3;386;MENIN RUE DE;M;5067680;308090;590
2,02E+11;18;5;18;1050;1;2;9;1;6;9;DE VALMY BOULEVARD;M;5061586;312927;590
2,02E+11;18;4;22;1809;1;2;1;1;1;636;COMINES CHEMIN DE;M;5069544;304221;590
2,02E+11;18;5;20;2030;1;2;2;1;3;350;LIBERTE BVD Nш147 A FIN-;M;5063164;306211;590
2,02E+11;18;5;21;1700;1;2;1;1;6;350;NATIONALE RUE Nш2 - 178B;M;5063674;306205;590
2,02E+11;18;5;18;1135;1;2;1;1;6;386;MAERTENS GEORGES RUE;M;5066591;304398;590
2,02E+11;18;4;24;1800;1;2;1;1;6;507;JAURES JEAN AVENUE;M;5060965;307552;590
2,02E+11;18;5;25;2110;1;2;9;1;1;636;DISTILLERIE RUE;M;5068840;305430;590
2,02E+11;18;5;26;2130;1;2;1;1;5;350;FAUBOURG D'ARRAS RUE;M;5060692;305890;590
2,02E+11;18;5;27;1430;1;2;1;1;6;378;BERLIOZ HECTOR RUE;M;5066564;308469;590
2,02E+11;18;5;30;50;5;2;2;1;3;350;NOIRS RUE;M;5063000;309000;590
2,02E+11;18;5;30;2215;5;2;7;1;6;350;LEBON PHILLIPE PLACE;M;;;590
2,02E+11;18;5;31;1435;1;2;1;1;6;360;DANTON RUE;M;5061228;301470;590
2,02E+11;18;5;31;2035;1;2;2;1;3;9;BOIS AVENUE DU PONT DE;M;5062621;313657;590
2,02E+11;18;6;2;1555;1;2;2;1;3;193;D.952;M;5058312;301265;590
2,02E+11;18;6;5;720;1;2;1;8;6;328;MERMOZ JEAN RUE;M;5065379;303751;590
2,02E+11;18;6;4;1320;1;2;2;1;6;378;BONPAIN RUE DE L'ABBE;M;5065766;308374;590
2,02E+11;18;6;6;400;5;2;3;1;3;360;FOCH RUE DU MARECHAL;M;5061429;301097;590
2,02E+11;18;6;6;2215;5;2;9;1;1;350;MONT A CAMP AVENUE DE;M;5063900;300840;590
2,02E+11;18;6;8;1620;1;2;3;1;3;286;DAME RUE DU GENERAL;M;5060000;298000;590
2,02E+11;18;6;8;1930;1;2;3;1;3;457;SAINT LEGER CITE/RUE GEN;M;5066223;297967;590
2,02E+11;18;6;10;2130;1;2;3;1;3;350;LORRAINE BOULEVARD;M;5063374;303884;590
2,02E+11;18;6;3;325;5;2;3;1;3;350;JACQUET EUGENE RUE NшIMP;M;5063736;308515;590
2,02E+11;18;6;18;1800;1;2;3;1;1;350;SAMAIN ALBERT RUE;M;5034693;326843;590
2,02E+11;18;6;20;1840;1;2;3;1;3;360;FLEURS RUE DES;M;5061861;301972;590
2,02E+11;18;6;20;2025;1;2;2;7;3;9;CREATIVITE AVENUE DE LA;M;5064077;314607;590
2,02E+11;18;6;13;1720;1;2;1;1;1;648;DE LATTRE DE TASSIGNY RU;M;5057883;303377;590
2,02E+11;18;6;22;820;1;2;1;1;6;350;SALENGRO ROGER RUE;M;5062774;310752;590
2,02E+11;18;6;22;850;1;1;1;1;3;193;D. 341;M;5060109;301035;590
2,02E+11;18;6;22;2310;5;2;4;1;3;328;BOIS RUE DU;M;5064980;304478;590
2,02E+11;18;6;25;1948;1;2;1;1;2;350;GRAND BUT RUE DU;M;5064512;297450;590
2,02E+11;18;6;26;1225;1;2;1;1;3;9;DOUMER PAUL RUE DU PRESI;M;5060711;315015;590
2,02E+11;18;6;26;1930;1;2;2;1;3;386;MAERTENS GEORGES RUE;M;5066571;304423;590
2,02E+11;18;6;30;1800;1;2;2;1;1;350;LIBERTE BVD Nш147 A FIN-;M;5063450;305674;590
2,02E+11;18;6;29;718;1;2;1;1;4;350;CORBUSIER AVENUE LE;M;5063933;307523;590
2,02E+11;18;7;5;643;1;2;1;1;6;350;ALSACE BOULEVARD D;M;5061762;306951;590
2,02E+11;18;6;26;1015;1;2;2;1;3;360;CLEMENCEAU RUE;M;5061596;301019;590
2,02E+11;18;7;6;1315;1;2;3;1;6;328;DUNKERQUE AVENUE DE;M;5064163;301799;590
2,02E+11;18;6;14;1845;1;2;1;1;3;220;FERRER RUE;M;5061087;306443;590
2,02E+11;18;7;6;1110;1;2;1;1;1;350;CHAUDE RIVIERE RUE DE;M;5063442;308164;590
2,02E+11;18;7;7;1525;1;2;2;1;3;350;SANS PEUR RUE JEAN Nш1-6;M;5063100;305602;590
2,02E+11;18;7;16;2110;1;2;3;1;3;350;FAUBOURG D'ARRAS RUE;M;5060410;305682;590
2,02E+11;18;6;25;1815;1;2;1;1;6;350;PLAINE RUE;M;5062086;306804;590
2,02E+11;18;7;18;1500;1;2;6;1;6;560;EPINETTE ROND POINT DE L;M;5054910;305098;590
2,02E+11;18;7;18;1550;1;2;1;1;3;368;DE COUBERTIN PIERRE  BOU;M;5064831;307013;590
2,02E+11;18;7;20;1030;1;2;9;1;6;350;BEETHOVEN AVENUE;M;5061879;303351;590
2,02E+11;18;7;21;5;5;2;1;1;1;350;HEGEL RUE;M;5063000;301000;590
2,02E+11;18;7;20;2310;3;1;6;1;2;343;JAURES JEAN RUE;M;5058152;309584;590
2,02E+11;18;7;21;2105;1;1;6;1;3;9;ROUBAIX AVENUE DE;M;5065000;316000;590
2,02E+11;18;6;22;1730;1;2;1;1;6;507;EUROPE  Boulevard de;M;5059852;310231;590
2,02E+11;18;7;24;940;1;2;1;1;6;350;WAZEMMES RUE DE Nш63-78;M;5062280;306252;590
2,02E+11;18;7;25;1800;1;2;1;1;5;378;REPUBLIQUE AV DE LA (Nш5;M;5065276;308345;590
2,02E+11;18;7;26;745;1;2;1;1;1;410;PASCAL BLAISE RUE;M;5063533;310225;590
2,02E+11;18;7;26;832;1;1;1;1;7;648;REIMS RUE DE;M;5058494;306351;590
2,02E+11;18;7;27;1655;1;2;4;1;6;286;JACQUART COU/PLACE JEAN;M;5060536;298956;590
2,02E+11;18;7;13;1500;1;2;1;1;6;507;SALENGRO ROGER RUE;M;5060390;309457;590
2,02E+11;18;8;2;1720;1;2;1;1;6;350;COURMONT RUE;M;5061947;306643;590
2,02E+11;18;8;2;1650;1;2;2;1;3;350;ESQUERMES RUE  Nш PAIRS;M;5062270;304060;590
2,02E+11;18;8;4;2250;5;2;1;1;4;350;SALENGRO ROGER RUE;M;5062690;310962;590
2,02E+11;18;8;6;920;1;2;1;1;6;378;PERI GABRIEL RUE;M;5067495;308748;590
2,02E+11;18;8;6;1015;1;2;3;1;3;350;BALLON RUE DU;M;5064560;307890;590
2,02E+11;18;8;7;2300;5;2;1;2;3;350;SALENGRO ROGER AVENUE;M;5062735;310864;590
2,02E+11;18;8;7;2058;5;2;2;8;3;350;PARIS RUE Nш RESTE;M;5063222;306833;590
2,02E+11;18;8;19;1535;1;2;1;1;2;350;VAUBAN BOULEVARD Nш REST;M;5063435;304851;590
2,02E+11;18;8;22;2300;5;2;2;1;1;410;SCHUMAN ROBERT AVENUE;M;5063333;310000;590
2,02E+11;18;7;26;1400;1;2;1;1;6;350;DECOULX PIERRE RUE;M;5060703;303447;590
2,02E+11;18;8;25;2118;5;2;1;1;3;350;SAINT AMAND RUE;M;5062440;309178;590
2,02E+11;18;8;28;2140;5;2;1;1;3;648;SCHWIETZER RUE DU DOCTEU;M;5088727;304221;590
2,02E+11;18;8;30;1000;1;2;2;1;6;350;COURBET RUE DE L'AMIRAL;M;5063050;308531;590
2,02E+11;18;9;1;240;5;2;1;1;6;648;DE GAULLE RUE DU GENERAL;M;5058647;305186;590
2,02E+11;18;9;1;1755;1;2;3;1;1;128;FUSILLES RUE DES;M;5063986;297054;590
2,02E+11;18;9;1;2020;5;2;2;1;3;9;TOURNAI BOULEVARD DE;M;5061538;312178;590
2,02E+11;18;8;17;2200;5;2;1;1;3;350;LEGRAND PIERRE RUE;M;5063232;308725;590
2,02E+11;18;9;4;1555;1;2;1;1;6;9;CHEVALERIE RUE DE LA;M;5063620;313071;590
2,02E+11;18;9;4;230;5;2;1;1;6;350;LAMBRET OSCAR AVENUE;M;5061040;303850;590
2,02E+11;18;9;5;1540;1;2;1;1;6;9;JAURES JEAN RUE    Nш5 A;M;5065103;312525;590
2,02E+11;18;9;5;1718;1;2;1;1;3;648;CLEMENCEAU RUE;M;5059355;305096;590
2,02E+11;18;9;7;1810;1;2;1;1;6;328;DELESCAUX HENRI AVENUE;M;5064470;303393;590
2,02E+11;18;9;8;1305;1;2;9;1;5;350;HOOVER AVENUE DU PRESIDE;M;5062616;307963;590
2,02E+11;18;9;11;1405;1;2;1;1;6;9;HALLEY  Avenue;M;5060511;314920;590
2,02E+11;18;9;15;27;5;2;1;1;3;350;FAUBOURG DE BETHUNE RUE;M;5061773;302760;590
2,02E+11;18;9;16;535;5;2;2;1;3;350;ARC RUE JEANNE D;M;5062432;303515;590
2,02E+11;18;9;16;730;1;2;1;1;4;560;MULLIER JEAN BAPTISTE RU;M;5052943;305356;590
2,02E+11;18;9;20;2025;3;1;1;1;5;585;D 952;M;5056443;305463;590
2,02E+11;18;9;21;1545;1;2;3;1;6;507;JAURES JEAN AVENUE.;M;5059147;308488;590
2,02E+11;18;9;22;745;1;2;2;1;3;350;STATIONS RUE Nш RESTE;M;5062676;304325;590
2,02E+11;18;9;18;1940;2;2;1;1;6;360;REPUBLIQUE BOULEVARD DE;M;5061083;301302;590
2,02E+11;18;9;24;1710;1;2;9;1;3;350;FAIDHERBE RUE;M;5063676;306870;590
2,02E+11;18;9;24;1635;1;2;1;1;3;350;SOLFERINO RUE Nш208-FIN-;M;5062595;306473;590
2,02E+11;18;9;22;2015;5;2;9;2;3;350;LIBERTE BVD Nш147 A FIN-;M;5063021;306469;590
2,02E+11;18;9;27;655;2;2;2;1;1;350;LANNOY RUE;M;5063410;309559;590
2,02E+11;18;9;16;2235;5;2;1;1;2;350;POSTES RUE Nш RESTE;M;5062132;305247;590
2,02E+11;18;9;8;1850;1;2;6;1;2;566;COMMERCE BOULEVARD DU;M;5063748;296729;590
2,02E+11;18;9;2;1900;1;2;6;1;3;648;CHARLES GUILLAIN AVENUE;M;5058912;304857;590
2,02E+11;18;10;3;810;1;2;3;1;3;350;ISLY RUE;M;;;590
2,02E+11;18;9;21;1325;1;2;6;1;1;350;MONTEBELLO BOULEVARD Nш;M;5061868;304959;590
2,02E+11;18;10;4;1635;1;2;1;1;3;410;VOLTAIRE RUE;M;5063436;310774;590
2,02E+11;18;7;21;1130;1;2;9;1;6;350;CAULIER MADELEINE PLACE;M;5063684;308698;590
2,02E+11;18;9;14;1700;1;2;3;1;3;457;PREVOTE RUE DE LA;M;5066970;297159;590
2,02E+11;18;10;10;1150;1;2;1;1;6;378;BRIQUETERIE RUE DE LA;M;5066779;308031;590
2,02E+11;18;10;10;1805;1;2;9;1;6;286;CARNOT SADI RUE;M;5061066;298344;590
2,02E+11;18;10;13;1720;1;2;9;1;5;350;FAUBOURG D'ARRAS RUE;M;5061667;306314;590
2,02E+11;18;10;14;1615;1;2;1;1;3;560;EPINETTE RUE DE L;M;5055508;305844;590
2,02E+11;18;10;8;1820;1;2;3;1;3;507;DESCARTES RENE AVENUE;M;5059421;309677;590
2,02E+11;18;7;20;1240;1;2;1;1;2;507;LECLERC RUE DU GENERAL;M;5058719;308814;590
2,02E+11;18;10;1;1750;1;2;2;1;3;350;COURBET RUE DE L'AMIRAL;M;5063054;308529;590
2,02E+11;18;10;19;2310;5;2;1;1;6;343;GAMAND RUE DE;M;5034000;307000;590
2,02E+11;18;9;24;1700;1;2;1;1;3;350;MARAIS DE LOMME RUE;M;;;590
2,02E+11;18;10;21;425;5;2;1;1;6;350;ARC RUE JEANNE D;M;5000000;300000;590
2,02E+11;18;10;10;1200;1;2;3;1;2;410;DE GAULLE RUE DU GENERAL;M;5064256;309365;590
2,02E+11;18;9;7;1705;1;2;1;1;6;560;BOUVRY ROGER RUE;M;5054908;302929;590
2,02E+11;18;10;23;1630;1;2;1;1;6;220;FERRER RUE;M;5061214;306250;590
2,02E+11;18;10;24;1740;1;2;1;1;3;350;CORDONNIER DENIS AVENUE;M;5062389;308035;590
2,02E+11;18;9;28;1800;1;2;1;1;3;350;CHATEAU D'ISENGHEIN RUE;M;5065044;298399;590
2,02E+11;18;10;28;900;1;2;2;1;1;386;PASTEUR RUE;M;5067356;305534;590
2,02E+11;18;10;31;1840;5;2;1;2;6;9;TICLENI RUE DE;M;5060958;315281;590
2,02E+11;18;11;2;2100;5;2;2;1;3;378;MARNE AVENUE DE LA;M;5067658;311112;590
2,02E+11;18;11;4;116;5;2;2;1;3;350;CHANZY RUE;M;5062459;309826;590
2,02E+11;18;11;3;2020;5;2;1;1;3;350;TOURNAI PONT DE;M;5062150;308741;590
2,02E+11;18;10;30;2017;5;2;1;8;1;410;DE GAULLE RUE DU GENERAL;M;5064539;310183;590
2,02E+11;18;10;11;1000;1;2;1;1;6;350;FAIDHERBE RUE;M;5063680;306740;590
2,02E+11;18;8;3;1850;1;2;9;1;6;350;WERNIERS GUILLAUME  RUE;M;5063469;308860;590
2,02E+11;18;11;10;415;5;2;2;2;3;350;GUTENBERG RUE;M;5063700;309742;590
2,02E+11;18;11;11;1225;1;2;2;1;6;328;HIPPODROME AV DE L Nш134;M;5063929;303313;590
2,02E+11;18;11;15;825;1;2;3;1;3;378;ROUGES BARRES RUE DE;M;5065168;309031;590
2,02E+11;18;11;15;1820;2;2;1;1;6;360;FOCH RUE DU MARECHAL;M;5061597;302127;590
2,02E+11;18;10;31;330;3;1;9;2;3;356;LILLE RUE DE;M;;;590
2,02E+11;18;11;18;1625;1;1;1;1;6;350;OUEST BOULEVARD DE L;M;5062307;311969;590
2,02E+11;18;11;9;2230;5;2;1;1;3;507;JAURES JEAN AVENUE.;M;5060694;307666;590
2,02E+11;18;11;22;200;5;2;3;1;6;378;VERDUN AVENUE DE;M;5067025;310415;590
2,02E+11;18;11;25;1725;5;2;1;1;2;220;EGALITE RUE DE L;M;5058028;308207;590
2,02E+11;18;11;24;1815;5;2;6;2;6;350;GUESDE JULES Nш27 - 175;M;5064537;300094;590
2,02E+11;18;11;6;1420;1;2;1;1;6;350;SOLFERINO RUE Nш208-FIN-;M;5062400;306700;590
2,02E+11;18;11;8;1730;2;2;1;1;6;220;KLEBER RUE;M;5058921;307687;590
2,02E+11;18;11;23;1910;5;2;9;1;7;350;MONTEBELLO BOULEVARD Nш;M;5062266;304482;590
2,02E+11;18;12;9;1200;1;2;2;2;6;350;DUNKERQUE AVENUE DE;M;5064571;298778;590
2,02E+11;18;12;11;1550;1;2;7;8;6;350;TOURNAI RUE DE;M;5063480;307230;590
2,02E+11;18;11;2;1106;1;2;1;1;6;9;DE VALMY BOULEVARD;M;5061600;313190;590
2,02E+11;18;12;15;2010;5;2;1;3;3;636;QUESNOY RUE DE;M;5069310;305205;590
2,02E+11;18;12;12;1035;1;2;1;1;1;360;REPUBLIQUE BOULEVARD DE;M;5061087;301316;590
2,02E+11;18;11;20;1855;4;2;3;1;6;350;VERHAEREN AVENUE;M;5061918;303240;590
2,02E+11;18;12;17;1750;5;2;9;1;3;356;RUE DE LILLE;M;5065514;299950;590
2,02E+11;18;12;17;2250;5;2;1;1;6;378;CLEMENCEAU BLVD (Nш2-138;M;5066488;308007;590
2,02E+11;18;12;5;1130;1;2;2;2;6;350;REPUBLIQUE AVENUE DE LA;M;5064007;301555;590
2,02E+11;18;12;11;1300;1;2;1;1;6;350;ARRAS RUE D;M;5061984;306501;590
2,02E+11;18;12;20;1540;1;2;2;2;3;350;DUNKERQUE AVENUE DE;M;5063051;303461;590
2,02E+11;18;12;22;915;2;2;1;8;3;350;NATIONALE RUE Nш2 - 178B;M;5063588;305982;590
2,02E+11;18;12;26;900;1;2;9;1;3;9;BREUCQ BOULEVARD DU;M;5063705;314266;590
2,02E+11;18;12;28;835;1;2;2;8;3;350;COURBET GUSTAVE  RUE;M;5060790;304100;590
2,02E+11;18;3;11;2310;5;2;6;1;6;33;41bis Rue Roger Salengro;M;5020293;382278;590
2,02E+11;18;4;27;1950;1;2;1;1;3;230;CLEMENCEAU (AVENUE);M;5026008;400874;590
2,02E+11;18;2;27;1250;1;2;1;1;7;392;ANDRE CHAUSSON (AVENUE);M;5027111;392311;590
2,02E+11;18;5;13;1510;1;2;1;8;6;104;ANATOLE France (RUE);M;5028912;404316;590
2,02E+11;18;9;8;1350;1;2;1;1;3;230;ALPHONSE SPLINGARD (RUE);M;5025504;398188;590
2,02E+11;18;10;16;2110;5;2;1;1;5;225;MAIRIE;M;5029573;394687;590
2,02E+11;18;12;12;935;1;2;1;7;7;392;HAUTMONT (RUE D');M;5026820;394880;590
2,02E+11;18;12;23;1900;5;2;1;2;6;392;JEAN JAURES (AVENUE);M;5028080;393246;590
2,02E+11;18;1;9;800;2;1;1;8;6;650;EUROPE (ROND POINT DE L';M;5069956;323095;590
2,02E+11;18;1;12;1930;5;2;3;1;3;646;14  CROIX (RUE DE);M;5067726;313645;590
2,02E+11;18;1;21;1817;4;2;3;2;6;512;GAMBETTA ( BOULEVARD);M;5069234;318491;590
2,02E+11;18;1;24;1700;2;2;1;1;6;512;27  BLANCHEMAILLE (RUE D;M;5069539;316598;590
2,02E+11;18;1;25;535;2;2;1;1;2;512;TOURCOING (RUE DE);M;5070336;317166;590
2,02E+11;18;1;27;1900;4;2;3;2;3;512;BEAUREPAIRE (BOULEVARD);M;5069106;319144;590
2,02E+11;18;1;28;2038;5;2;1;1;6;339;Rue Victor Hugo;M;5068100;324300;590
2,02E+11;18;2;3;10;5;2;1;1;5;650;20  LIBERTE (BOULEVARD D;M;5070978;319151;590
2,02E+11;18;2;3;445;5;2;2;2;3;646;FLANDRE (AVENUE DE);M;5066383;313019;590
2,02E+11;18;2;14;1245;1;2;1;1;6;512;CARETTE (RUE HENRI);M;5069924;317360;590
2,02E+11;18;2;16;1330;1;2;1;1;6;646;GAMBETTA (PLACE);M;5067340;312900;590
2,02E+11;18;2;18;300;5;2;2;1;3;163;HOLDEN CROTHERS(RUE);M;5067601;314425;590
2,02E+11;18;2;23;1755;1;2;2;1;1;512;PIERRE DE ROUBAIX (RUE);M;5068315;319385;590
2,02E+11;18;3;2;1220;1;2;3;9;3;650;TILLEUL (RUE DU);M;5071730;318140;590
2,02E+11;18;3;14;2105;5;2;3;1;3;650;SERPENTINE (RUE);M;5071600;317997;590