Num_Acc;an;mois;jour;hrmn;lum;agg;int;atm;col;com;adr;gps;lat;long;dep
2,02E+11;18;6;14;1650;1;1;1;1;1;545;ROUTE DE LA CORNICHE;M;4339030;-170323;640
2,02E+11;18;6;16;1740;1;2;1;1;3;483;AVENUE ANDRE ITHURRALDE;M;4339540;-164788;640
2,02E+11;18;6;18;1310;1;2;1;1;3;260;RUE D'IRANDATZ;M;4335360;-177364;640
2,02E+11;18;6;22;4;4;2;1;1;1;483;VIEILLE ROUTE SAINT PEE;M;4339220;-163438;640
2,02E+11;18;6;22;1120;1;2;1;1;3;260;RUE DE BEHOBIE;M;4334960;-177442;640
2,02E+11;18;6;22;1715;1;1;1;1;4;483;AVENUE DE CHANTACO;M;4336870;-163671;640
2,02E+11;18;6;23;2040;1;2;1;1;3;260;BOULEVARD DU GE. LECLERC;M;4336880;-177127;640
2,02E+11;18;6;26;945;1;2;1;1;6;545;ROUTE DE CIBOURE;M;4333870;-166769;640
2,02E+11;18;6;29;1840;1;2;1;1;3;189;PONT CHARLES DE GAULLE;M;4338480;-166436;640
2,02E+11;18;7;4;1930;1;2;9;8;3;483;AVENUE ANDRE ITHURRALDE;M;4339170;-165470;640
2,02E+11;18;7;7;1620;1;1;1;1;6;260;RUE DE L'INDUSTRIE;M;4334640;-177095;640
2,02E+11;18;7;11;1130;1;1;1;1;2;545;ROUTE DE LA CORNICHE;M;4338650;-171479;640
2,02E+11;18;7;11;2330;5;2;1;1;3;260;BEHOBIE (RUE DE);M;4334920;-176948;640
2,02E+11;18;7;12;1900;1;2;1;1;3;260;RUE DES ALLEES;M;4335560;-177434;640
2,02E+11;18;7;13;1740;1;2;1;1;3;483;RUE JEAN OLAZABAL;M;4338950;-165101;640
2,02E+11;18;7;14;210;5;2;1;2;6;260;JOLIOT CURIE (RUE);M;;;640
2,02E+11;18;7;14;1050;1;2;1;1;2;260;BOUL GENERAL DE GAULLE;M;4336230;-177176;640
2,02E+11;18;7;15;1335;1;2;1;1;6;260;ROUTE DE LA CORNICHE;M;4339140;-168610;640
2,02E+11;18;7;25;1845;1;2;1;1;3;260;ROUTE DE BEHOBIE;M;4334960;-177789;640
2,02E+11;18;7;28;1130;1;2;1;1;6;483;AVENUE DE JALDAY;M;4340540;-162485;640
2,02E+11;18;7;28;1205;1;2;1;1;3;260;ROUTE DE BEHOBIE;M;4334770;-176668;640
2,02E+11;18;7;28;1845;1;2;1;1;2;545;RUE CHARLES PUCHEU;M;4334640;-175122;640
2,02E+11;18;7;31;1040;1;2;1;1;3;130;RUE SAN MARTIAL;M;4335430;-176888;640
2,02E+11;18;8;3;1330;1;1;1;1;2;483;VIEILLE ROUTE SAINT PEE;M;4338830;-164338;640
2,02E+11;18;8;4;1030;1;2;1;1;2;545;RD 810;M;4337340;-168012;640
2,02E+11;18;8;4;1445;1;2;1;1;3;260;PARKING DE LA GARE;M;4335290;-178145;640
2,02E+11;18;8;6;1825;1;2;1;1;2;545;RD810;M;4336960;-168310;640
2,02E+11;18;8;7;1015;1;2;1;1;6;189;BOUL PIERRE BENOIT;M;4338850;-167941;640
2,02E+11;18;8;7;1725;1;2;1;3;6;260;AVENUE DES ALLEES;M;4335560;-177431;640
2,02E+11;18;8;9;1800;1;2;1;2;4;545;RD810;M;4336370;-169128;640
2,02E+11;18;8;11;1515;1;2;1;1;2;249;AVENUE GETARIA;M;4342400;-160488;640
2,02E+11;18;8;10;1740;1;2;1;1;4;260;ROUTE DE BEHOBIE;M;4334880;-176810;640
2,02E+11;18;8;13;1235;1;2;1;8;1;545;ROUTE D'ORIO;M;4335510;-174898;640
2,02E+11;18;8;13;1500;1;2;1;1;2;483;PYRENEES (AVENUE DES);M;4338740;-165669;640
2,02E+11;18;8;11;1;5;2;1;1;1;260;BOULEVARD DE EMPEREUR;M;4336470;-176067;640
2,02E+11;18;8;19;1150;1;2;1;1;6;483;RD 810;M;4340220;-163583;640
2,02E+11;18;8;21;1025;1;2;1;1;2;249;AVENUE GETARIA;M;4342090;-163582;640
2,02E+11;18;8;22;1130;1;2;1;1;1;189;PICHERIT FRANCIS  (AVENU;M;4337690;-166060;640
2,02E+11;18;8;24;1440;1;2;1;1;3;545;ROUTE DE LA CORNICHE;M;4338630;-171528;640
2,02E+11;18;8;25;1420;1;2;1;1;7;545;ROUTE D'IBARDIN;M;4333610;-169046;640
2,02E+11;18;8;25;2045;1;2;1;1;6;130;HERRI ALDE;M;4333340;-174336;640
2,02E+11;18;8;30;1640;1;2;1;1;2;483;BD JEAN MARTIN PASSICOT;M;4338620;-166003;640
2,02E+11;18;9;1;1330;1;2;1;1;6;483;BOULEVARD ADOLPHE THIERS;M;4339040;-165914;640
2,02E+11;18;9;1;600;2;2;1;1;6;545;OLHETTE (ROUTE D');M;4333410;-168255;640
2,02E+11;18;9;2;1015;1;2;1;1;6;545;ROUTE D' IBARDIN;M;4332890;-168221;640
2,02E+11;18;9;3;1815;1;2;1;1;1;249;AVENUE GETARIA;M;4341725;-160937;640
2,02E+11;18;9;12;830;1;2;1;1;3;483;ROUTE D'ASCAIN;M;4337540;-163788;640
2,02E+11;18;9;13;1815;1;2;1;1;3;483;ERROMARDIE (CHEMIN D');M;4340670;-164130;640
2,02E+11;18;9;15;1810;1;2;1;1;3;483;AVENUE ANDRE ITHURRALDE;M;4339430;-164979;640
2,02E+11;18;9;16;1938;1;2;1;1;3;483;CHEMIN D'ERROMARDIE;M;4340360;-164243;640
2,02E+11;18;9;18;950;1;2;1;1;3;189;ROUTE DE LA CORNICHE;M;4338640;-171491;640
2,02E+11;18;9;18;1515;1;2;1;1;2;483;AVENUE ANDRE ITHURRALDE;M;4339330;-165142;640
2,02E+11;18;9;19;1129;1;1;1;1;7;545;RD810;M;4334660;-175707;640
2,02E+11;18;9;20;855;1;2;1;1;2;483;AVENUE ANDRE ITHURRALDE;M;4339420;-164985;640
2,02E+11;18;9;28;1435;1;2;1;7;6;483;PROME. JACQUES THIBAUD;M;4338890;-166464;640
2,02E+11;18;9;30;1840;2;2;1;1;4;545;RD810;M;4336690;-168700;640
2,02E+11;18;9;22;2200;5;2;1;1;3;483;AVENUE ANDRE ITHURRALDE;M;4339730;-164438;640
2,02E+11;18;9;21;1734;1;2;1;1;1;260;ROUTE DE LA CORNICHE;M;4337370;-175319;640
2,02E+11;18;9;22;1645;1;2;1;1;2;483;AVENUE ANDRE ITHURRALDE;M;4339580;-164700;640
2,02E+11;18;10;3;2045;3;2;1;1;6;260;SAINT JACQUES (ACCES AU;M;4335030;-178351;640
2,02E+11;18;10;4;1725;1;2;1;1;2;249;AVENUE GETARIA;M;4342300;-160517;640
2,02E+11;18;10;5;1045;1;2;1;1;4;483;AVENUE ANDRE ITHURRALDE;M;4339670;-164535;640
2,02E+11;18;10;5;1850;1;2;1;7;2;545;RD810;M;4335980;-172726;640
2,02E+11;18;10;5;1905;1;1;1;1;1;130;ROUTE DE KURLEKU;M;4334180;-172871;640
2,02E+11;18;10;8;815;1;1;1;1;4;545;ROUTE DE LA CORNICHE;M;4338590;-171679;640
2,02E+11;18;10;8;1005;1;2;2;7;1;483;A BERNARD JAUREGUIBERRY;M;4338710;-165897;640
2,02E+11;18;10;9;1448;1;1;1;1;6;545;CHEMIN D'AGORRETA;M;4337460;-168628;640
2,02E+11;18;10;11;1655;1;1;1;1;4;545;RD810;M;4336530;-168875;640
2,02E+11;18;10;15;1755;1;2;1;1;6;483;AVENUE DE LAYATS;M;4339630;-164024;640
2,02E+11;18;10;27;1135;1;1;1;2;7;545;ROUTE DE LA CORNICHE;M;4338050;-173232;640
2,02E+11;18;10;31;1450;1;2;1;2;4;483;ITHURRALDE ANDRE (AVENUE;M;4339480;-164886;640
2,02E+11;18;11;3;1400;1;2;1;1;3;483;AV DU COL JEAN COULOMME;M;4339510;-164250;640
2,02E+11;18;11;7;1823;5;2;1;2;6;260;AVENUE D' ESPAGNE;M;4335030;-178348;640
2,02E+11;18;11;16;1630;1;2;1;1;2;260;BOUL GENERAL DE GAULE;M;4335270;-178172;640
2,02E+11;18;11;24;1105;1;1;1;1;7;545;ROUTE DE LA CORNICHE;M;4338680;-171312;640
2,02E+11;18;12;1;1910;3;2;1;2;3;483;RD 810;M;4340480;-163127;640
2,02E+11;18;12;2;1830;5;2;1;1;1;483;AVENUE ANDRE ITHURRALDE;M;4339680;-164539;640
2,02E+11;18;12;2;1838;5;2;1;1;3;483;AVENUE DE CHANTACO;M;4338250;-164955;640
2,02E+11;18;12;7;1825;3;1;1;3;3;483;AVENUE DE CHANTACO;M;4337200;-163801;640
2,02E+11;18;12;10;1450;1;1;1;1;6;545;CHEMIN DE TOMASENEA;M;4334390;-170594;640
2,02E+11;18;12;10;715;5;2;3;1;3;260;BOULEVARD DE EMPEREUR;M;4336230;-176191;640
2,02E+11;18;12;12;825;5;2;1;2;6;260;ACCES PONT ST JACQUES;M;4335030;-178346;640
2,02E+11;18;12;15;1630;1;1;1;1;6;249;RD810;M;4341780;-160859;640
2,02E+11;18;12;13;120;5;2;1;1;1;545;RD 810;M;4336190;-171734;640
2,02E+11;18;12;20;2130;5;2;1;1;2;189;AVENUE JEAN JAURES;M;4338060;-166850;640
2,02E+11;18;12;21;1710;1;2;1;1;2;483;AVENUE ANDRE ITHURRALDE;M;4339980;-164013;640
2,02E+11;18;12;25;1515;1;2;1;1;3;545;RUE PAUL GELOS;M;4337840;-167086;640
2,02E+11;18;1;2;1205;1;2;3;3;4;286;0  JEAN PRAT(AVENUE);M;4310938;-6989;650
2,02E+11;18;1;10;1445;1;2;1;1;6;286;7 place du CHAMP COMMUN;M;4309385;-4629;650
2,02E+11;18;2;1;1415;1;2;1;2;3;286;0  LAGARDERE (AVENUE FRA;M;4308355;-4582;650
2,02E+11;18;2;20;2000;5;2;1;2;2;286;68  MARQUI (AVENUE ALEXA;M;4310407;-4235;650
2,02E+11;18;6;15;1325;1;2;9;1;6;286;ESPAGNE (BOULEVARD D');M;4308946;-4281;650
2,02E+11;18;6;25;1725;1;2;1;1;6;286;ESPAGNE (BOULEVARD D');M;4309279;-3999;650
2,02E+11;18;7;12;1023;1;2;1;1;6;286;BASSE (RUE);M;4309684;-4667;650
2,02E+11;18;8;8;1615;1;2;1;1;6;286;PAU (ROUTE DE);M;4310048;-6464;650
2,02E+11;18;8;22;1807;1;2;1;1;3;286;ABADIE (Avenue Fran‡ois);M;4311198;-3596;650
2,02E+11;18;8;28;1135;1;2;3;1;2;286;MARQUI (AVENUE ALEXANDRE;M;4310441;-4194;650
2,02E+11;18;9;26;1048;1;2;3;1;3;286;VIZENS (AVENUE DE);M;4309914;-7663;650
2,02E+11;18;11;28;1055;1;2;1;1;6;286;ESPAGNE (BOULEVARD D');M;4308546;-4368;650
2,02E+11;18;11;28;1830;5;2;1;1;2;286;FOCH (AVENUE MARECHAL);M;4309059;-4613;650
2,02E+11;18;12;22;1315;1;2;1;1;3;286;DUPIERRIS (BOULEVARD GEO;M;4308862;-4920;650
2,02E+11;18;12;24;1520;1;1;1;1;2;286;ROUTE NATIONALE 21;M;4311700;-3222;650
2,02E+11;18;12;27;1520;1;2;1;7;6;286;MARQUI (AVENUE ALEXANDRE;M;4310216;-4371;650
2,02E+11;18;1;14;510;3;2;1;2;6;440;108  MARQUES (RUE FRANCO;M;4323165;4595;650
2,02E+11;18;1;28;1815;2;2;2;1;3;440;.  LATTRE DE TASSIGNY(BO;M;4322801;5645;650
2,02E+11;18;2;7;1455;1;2;2;1;3;417;4  GAUTIER (RUE TEOPHILE;M;4323034;10558;650
2,02E+11;18;3;5;1818;1;2;1;1;6;440;ARDENNES (BOULEVARD DES);M;4324960;7190;650
2,02E+11;18;5;25;1540;1;2;2;1;3;440;DIDEROT (RUE);M;4324537;7436;650
2,02E+11;18;6;5;1600;1;2;1;1;3;440;CORPS FRANC POMMIES (IMP;M;4323590;6060;650
2,02E+11;18;6;9;107;5;2;1;1;3;440;LACAUSSADE (BOULEVARD);M;4323325;5460;650
2,02E+11;18;6;17;319;3;1;1;1;6;433;MAUMUS (RUE JEAN);M;4320350;8778;650
2,02E+11;18;6;26;930;1;2;1;7;6;417;MITTERRAND (AVENUE FRANC;M;4323279;9236;650
2,02E+11;18;6;29;1515;1;2;9;1;6;440;BOIS (PLACE AU);M;4322970;8020;650
2,02E+11;18;7;4;1810;1;2;6;1;5;440;BRIAND (AVENUE ARISTIDE);M;4322090;6070;650
2,02E+11;18;7;6;2030;1;2;1;1;6;440;BASTILLAC (ROND POINT);M;4322958;4405;650
2,02E+11;18;7;15;10;5;2;1;3;6;433;MAUMUS (RUE JEAN);M;4320420;9690;650
2,02E+11;18;7;18;930;1;2;1;1;1;440;JOFFRE (AVENUE DU MARECH;M;4323940;6870;650
2,02E+11;18;7;23;2255;5;2;2;1;3;440;ALSACE LORRAINE (AVENUE);M;4324961;7280;650
2,02E+11;18;7;28;2250;5;2;5;1;1;440;HARMONIE (RUE DE L');M;4323194;7236;650
2,02E+11;18;8;2;1110;1;2;1;1;4;440;HOCHE (AVENUE);M;4322983;8581;650
2,02E+11;18;8;7;1030;1;2;3;1;3;440;MAQUIS DE PAYOLLE (RUE D;M;4322190;8470;650
2,02E+11;18;9;19;1915;1;2;2;1;3;440;SEPTEMBRE (RUE DU IV);M;4322880;8310;650
2,02E+11;18;9;25;1045;1;2;3;1;3;47;JAURES (AVE JEAN);M;4323400;9210;650
2,02E+11;18;10;1;722;2;2;3;1;1;440;CORPS FRANC POMMIES (RUE;M;4323682;5267;650
2,02E+11;18;10;3;1020;1;2;1;1;6;440;VERDUN (PLACE DE);M;4323370;7391;650
2,02E+11;18;10;3;1910;1;2;1;1;2;440;ALSACE LORRAINE (AVENUE);M;4324111;7367;650
2,02E+11;18;10;7;505;3;2;1;1;6;440;ALSACE LORRAINE (AVENUE);M;4326050;7180;650
2,02E+11;18;10;14;445;3;2;1;2;6;440;FORGES (AVENUE DES);M;4324010;8180;650
2,02E+11;18;10;20;1949;3;1;1;1;1;100;BORDEAUX (ROUTE DE) CD 9;M;4326433;7138;650
2,02E+11;18;10;23;1730;1;1;9;1;2;226;OURSBELILLE (ROUTE D');M;4325260;2240;650
2,02E+11;18;11;6;2154;5;2;1;8;1;440;AMPERE (RUE);M;4322300;8840;650
2,02E+11;18;11;10;200;5;2;2;1;3;440;FOURCADE (RUE ANDRE);M;4323570;7790;650
2,02E+11;18;11;17;1133;1;2;4;1;6;440;REGIMENT DE BIGORRE (AVE;M;4323077;7034;650
2,02E+11;18;11;24;1400;1;2;2;1;3;440;CARREROTS (CR DIT DE);M;4324910;6550;650
2,02E+11;18;11;25;1051;1;2;1;8;6;440;HENRI IV (BOULEVARD);M;4323342;5995;650
2,02E+11;18;11;28;1920;5;2;2;1;6;440;ALSACE LORRAINE (AVENUE);M;4324461;7335;650
2,02E+11;18;11;24;615;5;2;1;1;6;417;MITTERRAND (AVENUE FRANC;M;4322590;9980;650
2,02E+11;18;12;19;4;3;1;1;1;6;226;PAU (ROUTE DE);M;4323990;-2380;650
2,02E+11;18;1;1;1615;1;1;1;6;6;167;D 626 LES MOTTES;M;4327235;132651;90
2,02E+11;18;2;15;1905;3;1;1;1;6;123;d 628;M;4317113;126169;90
2,02E+11;18;3;6;940;1;1;1;1;2;167;le casteras;M;4329005;134334;90
2,02E+11;18;5;14;1730;1;1;1;2;1;167;RD 919;M;4330328;133292;90
2,02E+11;18;5;27;1750;1;1;1;1;1;124;D 14 PR 26;M;4318231;145055;90
2,02E+11;18;5;28;1330;1;1;1;8;7;342;RD 919;M;4320286;138748;90
2,02E+11;18;6;26;1000;1;2;6;1;7;75;D628 ROND POINT Avenue d;M;4312813;133872;90
2,02E+11;18;7;27;1715;1;1;1;1;3;19;route de Toulouse D919;M;4314310;143495;90
2,02E+11;18;8;20;1800;1;1;1;1;3;167;"Lieu dit "" Ferrery d'en";M;4330480;133161;90
2,02E+11;18;8;30;1225;1;1;1;1;6;79;D14;M;4314092;135054;90
2,02E+11;18;9;13;1350;1;1;1;1;6;19;lieu-dit Fourteau;M;4312797;144181;90
2,02E+11;18;9;30;1400;1;1;1;1;1;342;D919;M;4320923;138292;90
2,02E+11;18;10;21;2200;3;1;1;1;3;97;D119;M;4303344;129774;90
2,02E+11;18;11;3;1230;1;2;1;1;6;105;RD 628 Rue du Barry;M;4314395;130724;90
2,02E+11;18;4;15;1620;1;1;1;1;7;85;Route de Portout;M;4580678;582374;730
2,02E+11;18;4;21;1515;1;1;2;1;3;180;cd 991;M;4591895;584474;730
2,02E+11;18;5;12;1215;1;1;1;1;7;149;Route du Haut Rhone;M;4575764;578619;730
2,02E+11;18;5;27;835;1;1;1;1;1;299;le Cornet;M;4566555;576223;730
2,02E+11;18;6;25;815;1;1;1;1;1;286;le Platet;M;4589673;584869;730
2,02E+11;18;6;27;1700;1;1;1;1;7;245;"lieu dit ""Au Grand Terre";M;4571285;583359;730
2,02E+11;18;7;2;1320;1;2;4;1;1;286;route de lapeyrouse;M;4588255;584468;730
2,02E+11;18;7;18;820;1;1;1;1;2;218;d904;M;4585071;583413;730
2,02E+11;18;9;9;1030;1;1;1;1;4;218;dйpartementale 991;M;4585719;584072;730
2,02E+11;18;12;16;1740;3;1;1;1;6;149;RD921;M;4574951;579031;730
2,02E+11;18;1;3;1115;1;2;1;1;6;136;Av.joseph Rous;M;4270036;288668;660
2,02E+11;18;1;3;1645;1;2;1;1;6;136;189  TORREILLES (AV DU D;M;4269034;287269;660
2,02E+11;18;1;7;2030;5;2;1;3;6;136;129  JOFFRE (AVENUE DU M;M;4271185;288968;660
2,02E+11;18;1;8;750;2;2;3;2;3;136;.  AGASSE PASCAL MARIE;M;4269420;287153;660
2,02E+11;18;1;9;1255;1;2;3;1;3;136;10  JULIEN PANCHOT (AVEN;M;4269372;288737;660
2,02E+11;18;1;9;1459;1;2;1;1;7;136;.  NEGUEBOUS (CHEMIN DE);M;4270738;288204;660
2,02E+11;18;1;12;1130;1;2;1;1;6;136;JULIEN PANCHOT (AVENUE);M;4269116;288186;660
2,02E+11;18;1;15;1050;1;2;1;1;6;136;124  DALBIEZ (AVENUE VIC;M;4268366;288194;660
2,02E+11;18;1;14;1800;5;1;1;2;6;136;.  COPENHAGUE (ROND POIN;M;4269121;285199;660
2,02E+11;18;1;16;1550;1;2;1;1;6;136;R D 900;M;4270162;288574;660
2,02E+11;18;1;17;1750;1;2;1;1;6;136;.  GAUGUIN (AVENUE PAUL);M;4271640;289072;660
2,02E+11;18;1;25;1320;1;2;1;1;6;136;ROUGET-DE-L'ISLE (CLAUDE;M;4270063;289258;660
2,02E+11;18;1;30;740;1;1;1;1;5;136;;M;4268258;287661;660
2,02E+11;18;1;30;1900;3;2;1;1;6;136;.  SAINT CHARLES (ROCADE;M;4267208;285724;660
2,02E+11;18;2;2;1746;2;2;1;2;6;136;SAINT-ASSISCLE (BOULEVAR;M;4269110;287540;660
2,02E+11;18;2;3;1925;5;2;1;2;6;136;ARGELES SUR MER AVENUE D;M;4268350;290930;660
2,02E+11;18;2;5;830;1;2;1;2;2;136;58  MERCADER (BOULEVARD;M;4269261;289181;660
2,02E+11;18;2;7;1610;1;1;1;1;4;136;R D 900;M;4267380;286230;660
2,02E+11;18;2;8;1810;1;2;1;1;3;136;SAINT-ROCH (CHEMIN DE);M;4268860;291010;660
2,02E+11;18;2;8;1656;1;2;1;1;2;136;MAUREILLAS (DE);M;4269120;288970;660
2,02E+11;18;2;9;850;1;2;1;1;6;136;27  KENNEDY (BD JOHN-FIT;M;4268801;290504;660
2,02E+11;18;2;10;1352;1;1;1;1;3;136;MAS-DONAT (DU);M;4270916;290583;660
2,02E+11;18;2;12;750;1;2;1;1;6;136;.  CLAIR (RENE);M;4269403;293593;660
2,02E+11;18;2;13;2025;3;1;1;1;1;136;.  JEAN JACQUES ROCADE;M;4269960;290866;660
2,02E+11;18;2;15;1015;1;1;1;1;1;136;R D 900;M;4265870;288290;660
2,02E+11;18;2;16;2330;5;2;1;1;1;136;132  LANGUEDOC (AVENUE D;M;4273500;289020;660
2,02E+11;18;2;20;1645;1;1;6;1;3;136;ARCADES (RD POINT);M;4267400;288820;660
2,02E+11;18;2;21;1207;1;2;1;1;2;136;DALBIEZ (AVENUE VICTOR);M;4268360;288350;660
2,02E+11;18;2;22;1248;1;2;1;1;3;136;POUSSIN (NICOLAS);M;4269150;289100;660
2,02E+11;18;2;28;1620;1;2;1;1;6;136;10  ROC-DU-MIDI (DU);M;4269145;288919;660
2,02E+11;18;3;1;1250;1;2;1;1;6;136;28  POINCARE (BOULEVARD;M;4269131;289533;660
2,02E+11;18;3;2;2000;3;1;1;1;2;136;R D 900;M;4267694;289039;660
2,02E+11;18;3;2;1640;1;2;2;1;6;136;Av.LANGUEDOC - Talbot La;M;4273276;288969;660
2,02E+11;18;3;5;925;1;2;1;1;6;136;11  BARCELONE QUAI DE;M;4269708;288923;660
2,02E+11;18;3;5;1110;1;2;1;1;2;136;35  AVE ARGELES-MER perp;M;4268219;291144;660
2,02E+11;18;3;5;1550;1;2;1;1;6;136;1499  LANGUEDOC (AVENUE;M;4273562;289553;660
2,02E+11;18;3;6;1815;1;2;1;1;6;136;.  VIVES (CHEMIN DEL);M;4271015;289729;660
2,02E+11;18;3;7;1800;1;2;1;1;6;136;01  GRANDE BRETAGNE (AVE;M;4269883;287786;660
2,02E+11;18;3;8;530;4;1;1;1;6;136;.  R D 900;M;4271742;287350;660
2,02E+11;18;3;8;1350;1;2;1;1;6;136;  GAULLE (AVENUE GENERAL;M;4269771;288524;660
2,02E+11;18;3;12;1045;1;2;1;1;6;136;.  LANGUEDOC (AVENUE DU;M;4272270;288732;660
2,02E+11;18;3;19;1420;1;2;2;1;6;136;.  AERODROME AVENUE DE L;M;4272473;288188;660
2,02E+11;18;3;19;1710;1;2;1;1;6;136;.  PASSIO-VELLA (CHEMIN;M;4268655;289960;660
2,02E+11;18;3;22;630;5;2;1;1;6;136;129  JOFFRE (AVENUE DU M;M;4271184;288970;660
2,02E+11;18;3;23;850;1;1;1;1;6;136;D‚partementale 914;M;4266541;291947;660
2,02E+11;18;3;23;1521;1;2;1;1;6;136;.  JOFFRE (AVENUE DU MAR;M;4270500;289246;660
2,02E+11;18;3;23;1800;1;2;1;1;6;136;225  PASSIO-VELLA (CHEMI;M;4267507;289160;660
2,02E+11;18;4;1;1540;1;2;1;1;3;136;NUNGESSER-ET-COLI (BOULE;M;4268660;288770;660
2,02E+11;18;4;1;1840;1;2;1;1;6;136;BOURRAT BOULEVARD JEAN;M;4270052;290256;660
2,02E+11;18;4;2;1900;1;2;1;1;2;136;DEGAS (EDGARD);M;4269370;291300;660
2,02E+11;18;4;7;1220;1;1;1;1;2;136;D‚partementale 914;M;4266890;289760;660
2,02E+11;18;4;7;1225;1;1;1;1;2;136;PANCHOT (AVENUE JULIEN);M;4268410;286450;660
2,02E+11;18;4;6;1800;1;2;3;1;3;136;COUSIN (JEAN);M;4270400;288800;660
2,02E+11;18;4;12;1215;1;2;1;1;6;136;ARAGO FRANCOIS PLACE RUE;M;4269850;289200;660
2,02E+11;18;4;14;1905;1;2;6;1;3;136;COQUELICOTS (DES);M;4270530;290180;660
2,02E+11;18;4;15;1927;1;2;2;1;3;136;MESANGES (DES);M;4271365;288581;660
2,02E+11;18;4;15;1945;1;2;1;1;3;136;FLANDRES/DUNKERQUE (CARR;M;4268630;290671;660
2,02E+11;18;4;17;1843;1;1;1;1;3;136;R D 900;M;4266060;288310;660
2,02E+11;18;4;19;1655;1;2;1;1;2;136;PRADES (AVENUE DE);M;4269010;283610;660
2,02E+11;18;4;19;2354;5;2;2;1;3;136;PYRENEES (BOULEVARD DES);M;4269660;288720;660
2,02E+11;18;4;24;1905;1;2;1;1;3;136;JUIN (AVENUE DU MARECHAL;M;4268780;289950;660
2,02E+11;18;4;26;1353;1;2;1;1;2;136;ARGELES SUR MER AVENUE D;M;4268310;291100;660
2,02E+11;18;4;27;1320;1;2;1;1;2;136;JOFFRE (AVENUE DU MARECH;M;4271750;288748;660
2,02E+11;18;4;28;30;5;2;1;1;3;136;GAULLE (AVENUE GENERAL D;M;4269722;288326;660
2,02E+11;18;5;2;850;1;2;1;1;6;136;BLANC AVENUE ROSETTE;M;4269945;291718;660
2,02E+11;18;5;11;850;1;2;1;1;6;136;PANCHOT (AVENUE JULIEN);M;4269163;288283;660
2,02E+11;18;5;11;1710;1;1;1;1;3;136;FAUCEILLE (CHEMIN DE LA);M;4266970;289790;660
2,02E+11;18;5;11;1945;1;2;1;1;2;136;ARGELES SUR MER AVENUE D;M;4268140;291040;660
2,02E+11;18;5;18;308;5;2;3;1;3;136;JOFFRE (AVENUE DU MARECH;M;4271914;288682;660
2,02E+11;18;5;18;937;1;2;1;1;6;136;BRIAND BOULEVARD ARISTID;M;4269460;290150;660
2,02E+11;18;5;18;1813;1;1;1;1;2;136;AERODROME AVENUE DE L'(C;M;4272891;287746;660
2,02E+11;18;5;20;1333;1;1;6;1;3;136;COQUELICOTS (DES);M;4270530;290180;660
2,02E+11;18;5;22;800;1;2;1;1;6;136;COURTELINE (GEORGES);M;4269401;288144;660
2,02E+11;18;5;23;1150;1;2;1;1;3;136;ALDUY (Paul);M;4268090;290270;660
2,02E+11;18;5;28;1050;1;2;1;1;6;136;PYRENEES (BOULEVARD DES);M;4269675;288816;660
2,02E+11;18;5;29;1003;1;2;1;1;6;136;PALMAROLE (COURS FRANCOI;M;4270311;289773;660
2,02E+11;18;5;31;1150;1;2;1;1;3;136;ALDUY (Paul);M;4267914;290436;660
2,02E+11;18;6;1;737;1;1;1;1;3;136;JULIEN PANCHOT (AVENUE);M;4268802;287375;660
2,02E+11;18;6;2;2343;5;1;1;1;2;136;R D 900;M;;;660
2,02E+11;18;6;6;1705;1;1;1;1;2;136;D‚partementale  617;M;4271450;293260;660
2,02E+11;18;6;7;805;1;1;1;1;2;136;D‚partementale  617;M;;;660
2,02E+11;18;6;8;1835;1;2;1;1;3;136;BELFORT AVENUE DE;M;4268930;288121;660
2,02E+11;18;6;10;1240;1;2;1;1;6;136;CATALOGNE (PLACE DE);M;4269821;288823;660
2,02E+11;18;6;12;723;1;2;1;1;7;136;PRADES (AVENUE DE);M;4269681;286531;660
2,02E+11;18;6;11;1600;1;2;1;1;6;136;CASSANYES (PLACE JOSEPH);M;4269680;290350;660
2,02E+11;18;6;12;1615;1;2;1;1;2;136;ESPAGNE (ROUTE D');M;4267480;288850;660
2,02E+11;18;6;14;1033;1;1;1;1;3;136;AERODROME AVENUE DE L'(C;M;4273180;287960;660
2,02E+11;18;6;14;1155;1;2;1;1;3;136;POINCARE (BOULEVARD HENR;M;4269132;289590;660
2,02E+11;18;6;16;1155;1;2;1;1;2;136;POINCARE (BOULEVARD HENR;M;4269130;289540;660
2,02E+11;18;6;17;1835;1;2;6;1;3;136;SAUVY (EUGENE);M;4268093;289643;660
2,02E+11;18;6;17;1020;1;2;1;1;4;136;FLANDRES/DUNKERQUE (CARR;M;4268630;290670;660
2,02E+11;18;6;18;710;1;1;1;1;3;136;MAILLOLES (CHEMIN);M;4268303;287606;660
2,02E+11;18;6;18;755;1;2;1;1;3;136;EUROPE (PLACE DE L');M;4268007;290965;660
2,02E+11;18;6;18;730;1;1;1;1;6;136;D 616;M;4271042;287399;660
2,02E+11;18;6;19;925;1;2;1;1;6;136;ZOLA (EMILE);M;4269808;289817;660
2,02E+11;18;6;22;757;1;1;6;1;2;136;PONT-TRENCAT (CAMI DEL);M;4267112;285635;660
2,02E+11;18;6;23;1212;1;2;1;1;4;136;ESPAGNE (ROUTE D');M;4268290;289500;660
2,02E+11;18;6;23;1702;1;2;1;1;6;136;CLEMENCEAU (BOULEVARD);M;4270080;289167;660
2,02E+11;18;6;25;1337;1;1;1;1;7;136;ESPAGNE (ROUTE D');M;4267335;288736;660
2,02E+11;18;6;25;1455;1;2;1;1;6;136;ARGELES SUR MER AVENUE D;M;4267982;291148;660
2,02E+11;18;6;25;925;1;2;1;1;6;136;SULLY (MAXIMILIEN DE);M;4269790;288930;660
2,02E+11;18;6;25;1950;1;2;1;1;6;136;CASSANYES (PLACE JOSEPH);M;4269540;290200;660