Num_Acc;an;mois;jour;hrmn;lum;agg;int;atm;col;com;adr;gps;lat;long;dep
2,02E+11;18;6;27;920;1;1;1;1;6;136;GUYNEMER (AVENUE GEORGES;M;4268882;290702;660
2,02E+11;18;6;27;1410;1;2;1;1;6;136;WILSON (BOULEVARD THOMAS;M;4270202;289583;660
2,02E+11;18;6;28;1757;1;2;1;1;6;136;SALANQUE (AVENUE DE);M;4272800;290799;660
2,02E+11;18;6;30;1525;1;2;1;1;2;136;CLEMENCEAU (BOULEVARD);M;4270095;289183;660
2,02E+11;18;7;1;1910;1;2;2;1;3;136;JOFFRE (AVENUE DU MARECH;M;4270444;289274;660
2,02E+11;18;7;5;1252;1;2;1;1;2;136;LEVY (MAURICE);M;4269420;286570;660
2,02E+11;18;7;8;614;2;1;1;1;6;136;D‚partementale  617;M;4270816;291107;660
2,02E+11;18;7;10;405;5;2;1;1;6;136;ROUDAYRE (AVENUE EMILE);M;4271020;289770;660
2,02E+11;18;7;10;1805;1;1;1;1;5;136;R D 900;M;4270520;288368;660
2,02E+11;18;7;10;2342;5;2;1;1;3;136;JOFFRE (AVENUE DU MARECH;M;4270680;289170;660
2,02E+11;18;7;12;2153;5;2;1;1;6;136;POTIER (PLACE);M;4269660;290180;660
2,02E+11;18;7;13;1056;1;2;1;1;3;136;KENNEDY (BD JOHN-FITZGER;M;4268960;290280;660
2,02E+11;18;7;13;1135;1;2;1;1;6;136;CLEMENCEAU (BOULEVARD);M;4270043;289031;660
2,02E+11;18;7;13;1750;1;2;1;1;6;136;LECLERC (AVENUE DU GENER;M;4270171;289140;660
2,02E+11;18;7;17;1840;1;2;1;1;3;136;ISABEY;M;4269212;291214;660
2,02E+11;18;7;18;1117;1;2;3;1;3;136;DIAZ (NARCISSE VIRGILE);M;4271753;288930;660
2,02E+11;18;7;20;1545;1;2;2;1;6;136;PANCHOT (AVENUE JULIEN);M;4268567;286789;660
2,02E+11;18;7;25;530;2;2;1;1;7;136;CASALS Pau (Av);M;4271763;288520;660
2,02E+11;18;7;25;354;3;2;1;1;6;136;BONHEUR ROSA;M;4272450;288370;660
2,02E+11;18;7;27;942;1;1;6;1;3;136;D‚partementale 914;M;4266560;291920;660
2,02E+11;18;7;27;1400;1;2;1;1;6;136;KENNEDY (BD JOHN-FITZGER;M;4268670;290650;660
2,02E+11;18;7;30;1515;1;1;1;1;2;136;D‚partementale 914;M;4267384;288842;660
2,02E+11;18;8;8;1812;1;2;1;1;2;136;ESPAGNE (ROUTE D');M;4268402;289598;660
2,02E+11;18;8;8;2320;5;2;9;1;6;136;LECLERC (AVENUE DU GENER;M;4270120;289010;660
2,02E+11;18;8;11;1908;1;2;1;1;6;136;CLEMENCEAU (BOULEVARD);M;4269983;288916;660
2,02E+11;18;8;11;144;5;1;1;1;3;136;FAUCEILLE (CHEMIN DE LA);M;4267238;299535;660
2,02E+11;18;8;17;1230;1;2;1;1;6;136;FOCH (MARECHAL);M;4269410;288810;660
2,02E+11;18;8;17;1602;1;2;1;1;3;136;SALANQUE (AVENUE DE);M;4272759;290424;660
2,02E+11;18;8;22;1940;1;2;1;1;4;136;DEPARTEMENTALE  612  A;M;4267300;286120;660
2,02E+11;18;8;24;1546;1;1;1;1;2;136;ROTTERDAM (ROND POINT DE;M;4269430;285120;660
2,02E+11;18;8;28;1145;1;1;2;1;3;136;BERGES ARISTIDE;M;4273026;289411;660
2,02E+11;18;8;28;1700;1;2;1;1;3;136;FRANCE (BOULEVARD ANATOL;M;4269720;290370;660
2,02E+11;18;8;29;1220;1;1;1;1;6;136;VERTEFEUILLE (RAMBLA DE);M;4267899;290846;660
2,02E+11;18;8;29;1345;1;2;1;1;2;136;TORREILLES (AV DU DOCTEU;M;4268572;287481;660
2,02E+11;18;8;29;1800;1;1;3;1;3;136;NUNGESSER-ET-COLI (BOULE;M;4268506;288901;660
2,02E+11;18;9;3;1900;1;2;1;1;6;136;MAS-DONAT (DU);M;4270975;290365;660
2,02E+11;18;9;11;1235;1;2;1;1;2;136;LESAGE (ALAIN);M;4269018;288599;660
2,02E+11;18;9;14;1150;1;2;1;1;6;136;MARMONTEL (JEAN-FRANCOIS;M;4268863;288570;660
2,02E+11;18;9;14;2208;5;2;1;1;7;136;ARCADES (RD POINT);M;4267005;290507;660
2,02E+11;18;9;14;1825;1;1;1;1;6;136;ARGELES SUR MER AVENUE D;M;4267804;291265;660
2,02E+11;18;9;17;850;1;2;1;1;2;136;R D 900;M;4269808;286630;660
2,02E+11;18;9;17;2230;5;2;1;1;6;136;PYRENEES (BOULEVARD DES);M;4269580;288873;660
2,02E+11;18;9;20;750;1;2;1;1;6;136;POU-DE-LES-COULOBRES (CH;M;4267964;291952;660
2,02E+11;18;9;23;1700;1;2;1;1;1;136;COTE RADIEUSE (DE LA);M;4267440;290626;660
2,02E+11;18;9;25;1132;1;2;1;1;2;136;FAUCEILLE (CHEMIN DE LA);M;4266559;291870;660
2,02E+11;18;9;25;1420;1;1;1;1;2;136;R D 900;M;;;660
2,02E+11;18;10;1;1035;1;2;2;1;3;136;MERCADER (BOULEVARD FELI;M;4269363;289057;660
2,02E+11;18;10;1;1810;1;2;1;1;6;136;ALDUY (Paul);M;4268038;290320;660
2,02E+11;18;10;1;1855;1;2;1;1;6;136;RUBENS (PAUL);M;4269603;291474;660
2,02E+11;18;10;1;1050;1;2;1;1;6;136;FLANDRES/DUNKERQUE (CARR;M;4268667;290682;660
2,02E+11;18;10;1;1155;1;2;1;1;6;136;SAUVY (ALFRED);M;4267891;290125;660
2,02E+11;18;10;1;1810;1;2;1;1;6;136;SAUVY (ALFRED);M;4267900;290073;660
2,02E+11;18;10;2;900;1;2;1;1;2;136;R D 900;M;;;660
2,02E+11;18;10;2;1410;1;2;1;1;1;136;CLEMENCEAU (BOULEVARD);M;4270008;288941;660
2,02E+11;18;10;3;1215;1;2;1;1;4;136;BOURRAT BOULEVARD JEAN;M;4269900;290300;660
2,02E+11;18;10;7;12;5;1;1;1;7;136;PRADES (AVENUE DE ) ST C;M;;;660
2,02E+11;18;10;3;1529;1;2;1;1;6;136;POUDRIERE (CHEMIN DE LA);M;4271714;289569;660
2,02E+11;18;10;7;1110;1;2;1;1;2;136;MERCADER (BOULEVARD FELI;M;4269420;288978;660
2,02E+11;18;10;10;811;1;2;2;2;3;136;MARAGALL (JOAN);M;4272180;288156;660
2,02E+11;18;10;10;1405;1;1;1;1;2;136;D82;M;4270908;290580;660
2,02E+11;18;10;12;806;1;2;4;1;3;136;GUYNEMER (AVENUE GEORGES;M;4268707;290794;660
2,02E+11;18;10;12;800;2;2;1;1;6;136;GUYNEMER (AVENUE GEORGES;M;4268791;290820;660
2,02E+11;18;10;15;932;1;2;1;2;2;136;PANCHOT (AVENUE JULIEN);M;4269231;288484;660
2,02E+11;18;10;18;700;5;1;1;2;2;136;R D 900;M;4269779;286494;660
2,02E+11;18;10;21;1840;2;2;1;1;6;136;GIRAL (ALLEE AIME);M;4271504;289250;660
2,02E+11;18;10;21;1716;1;2;1;1;6;136;FLANDRES/DUNKERQUE (CARR;M;4268625;290640;660
2,02E+11;18;10;23;1726;1;1;1;1;2;136;D‚partementale  617;M;4270600;295300;660
2,02E+11;18;10;23;1950;2;1;1;1;6;136;ESPAGNE (ROUTE D');M;4267687;289021;660
2,02E+11;18;10;25;745;2;1;1;1;3;136;POU-DE-LES-COULOBRES (CH;M;4266515;291962;660
2,02E+11;18;10;26;755;2;1;6;1;5;136;D‚partementale  617;M;4270714;290876;660
2,02E+11;18;10;26;1740;1;1;1;1;6;136;BLANC AVENUE ROSETTE;M;4270039;292200;660
2,02E+11;18;11;4;1059;1;1;1;1;6;136;D‚partementale  617;M;4271437;293452;660
2,02E+11;18;11;1;225;5;2;2;1;3;136;ALDUY (Paul);M;4268700;290100;660
2,02E+11;18;11;5;1537;1;1;1;1;2;136;ESPAGNE (ROUTE D');M;4267761;289094;660
2,02E+11;18;11;6;907;1;1;1;1;6;136;CASSIN (AVENUE RENE);M;4268121;289445;660
2,02E+11;18;11;6;2010;5;2;1;1;6;136;JUIN (AVENUE DU MARECHAL;M;4268750;290050;660
2,02E+11;18;11;7;620;5;2;1;1;2;136;BOURRAT BOULEVARD JEAN;M;4270000;290200;660
2,02E+11;18;11;8;1135;1;2;1;1;6;136;BATLLO QUAI FRANCOIS;M;4270189;289378;660
2,02E+11;18;11;12;1902;2;1;1;1;4;136;R D 900;M;4267500;286500;660
2,02E+11;18;11;14;753;1;2;1;1;6;136;PASSIO-VELLA (CHEMIN DE;M;4268600;289900;660
2,02E+11;18;11;14;803;1;1;1;1;4;136;R D 900;M;4267800;287200;660
2,02E+11;18;11;14;2005;5;2;1;1;3;136;GRANDE BRETAGNE (AVENUE;M;4269900;288200;660
2,02E+11;18;11;15;1732;1;2;1;1;6;136;RODIN (AUGUSTE);M;4269000;288700;660
2,02E+11;18;11;15;1835;1;1;1;1;2;136;R D 900;M;4270300;288499;660
2,02E+11;18;11;21;1132;1;2;1;1;6;136;POINCARE (BOULEVARD HENR;M;4269144;289489;660
2,02E+11;18;11;22;1648;1;2;2;1;3;136;OCCITANIE (RAMBLA DE L');M;4268012;290957;660
2,02E+11;18;11;22;1901;5;1;1;1;2;136;R D 900;M;4267261;285663;660
2,02E+11;18;11;23;1043;1;2;1;1;6;136;LANGUEDOC (AVENUE DU CD;M;4272228;288651;660
2,02E+11;18;11;22;958;1;2;1;1;3;136;DESNOYE (BOULEVARD DR. J;M;4270923;288562;660
2,02E+11;18;11;26;1000;1;2;1;1;6;136;VALETTE (FREDERIC);M;4269694;288055;660
2,02E+11;18;11;23;1903;5;1;1;1;3;136;FAUCEILLE (CHEMIN DE LA);M;4267139;289511;660
2,02E+11;18;11;27;2145;5;2;1;1;3;136;ALDUY (Paul);M;4268400;290100;660
2,02E+11;18;12;2;730;5;1;1;1;1;136;R D 900;M;;;660
2,02E+11;18;12;3;740;2;2;1;1;6;136;POINCARE (BOULEVARD HENR;M;4269158;289352;660
2,02E+11;18;12;6;1510;1;2;1;1;2;136;BRIAND BOULEVARD ARISTID;M;4269430;290122;660
2,02E+11;18;12;8;1555;1;2;1;1;6;136;BRIAND BOULEVARD ARISTID;M;4269214;289912;660
2,02E+11;18;12;10;1205;1;2;1;1;6;136;PYRENEES (BOULEVARD DES);M;4269673;288811;660
2,02E+11;18;12;12;1330;1;2;1;1;6;136;PERVENCHES (AVENUE DES);M;4270234;290411;660
2,02E+11;18;12;13;745;2;2;1;1;3;136;SALANQUE (AVENUE DE);M;4272685;289935;660
2,02E+11;18;12;13;1750;1;2;1;1;6;136;CANIGOU PLACE DU;M;4268482;290223;660
2,02E+11;18;12;14;1932;5;2;1;1;6;136;RIVES (DOCTEUR ALFRED);M;4269222;289150;660
2,02E+11;18;12;15;500;5;2;2;1;6;136;CATALOGNE (PLACE DE);M;4269789;288770;660
2,02E+11;18;12;15;1550;1;2;1;1;6;136;ARCADES (RD POINT);M;4267401;288738;660
2,02E+11;18;12;15;1000;1;2;1;1;2;136;DALBIEZ (AVENUE VICTOR);M;4268469;288207;660
2,02E+11;18;12;19;527;5;2;1;1;1;136;PASCOT (AVENUE PAUL);M;4267525;284869;660
2,02E+11;18;12;19;1733;2;2;1;1;3;136;MERCADER (BOULEVARD FELI;M;4269454;288929;660
2,02E+11;18;12;20;1005;1;2;1;1;6;136;ARGELES SUR MER AVENUE D;M;4268238;290992;660
2,02E+11;18;12;20;1511;1;1;1;1;2;136;ESPAGNE (ROUTE D');M;4267450;288840;660
2,02E+11;18;12;20;1916;4;1;1;1;1;136;BLANC AVENUE ROSETTE;M;4270067;292418;660
2,02E+11;18;12;20;2110;5;2;1;1;6;136;ESCARGUEL (LAZARE);M;4269866;288733;660
2,02E+11;18;12;20;2239;5;2;1;1;2;136;MERCADER (BOULEVARD FELI;M;4269376;289039;660
2,02E+11;18;12;21;2315;5;1;1;1;2;136;R D 900;M;4267135;285788;660
2,02E+11;18;12;22;1100;1;2;1;1;3;136;LANGUEDOC (AVENUE DU CD;M;4274281;289262;660
2,02E+11;18;12;25;1310;1;1;1;1;3;136;R D 900;M;4271798;287354;660
2,02E+11;18;12;21;1518;1;2;1;1;6;136;MERCADER (BOULEVARD FELI;M;4269283;289157;660
2,02E+11;18;12;29;1855;3;2;1;1;2;136;PONT-TRENCAT (CAMI DEL);M;4267101;285661;660
2,02E+11;18;12;28;1415;1;2;1;1;6;136;BRIAND BOULEVARD ARISTID;M;4269291;289996;660
2,02E+11;18;1;13;1250;1;1;1;1;7;114;RD107  virage а gauche;M;4802001;502889;520
2,02E+11;18;1;14;1415;1;1;1;1;7;349;D143 PR6+900;M;4803575;516003;520
2,02E+11;18;4;12;1730;1;2;2;1;3;422;RD107;M;4802070;505746;520
2,02E+11;18;5;20;540;2;1;1;1;7;151;RD3 - PK25+500;M;4795924;499089;520
2,02E+11;18;6;3;1945;1;1;1;1;7;274;PK 5+300  145;M;4798682;484327;520
2,02E+11;18;6;17;1700;1;1;1;1;7;282;CHEMIN COMMUNAL;M;4796927;515190;520
2,02E+11;18;6;29;500;2;1;1;1;6;365;RD105 PK 12+200;M;4807829;493362;520
2,02E+11;18;7;13;2030;1;1;1;1;7;114;RD 6 - PK 42+700;M;4806292;489377;520
2,02E+11;18;7;29;500;2;2;4;1;6;114;Rue St-Simйon;M;4806875;488118;520
2,02E+11;18;8;24;1615;1;1;1;1;7;258;RD 396  Pk3+250;M;4808190;477907;520
2,02E+11;18;2;24;1554;1;2;6;2;3;149;rond point des Amis de l;M;4374123;731126;60
2,02E+11;18;3;17;1400;1;2;9;1;3;149;Boulevard du Gйnйral de;M;4374060;731094;60
2,02E+11;18;6;13;1230;1;2;1;1;1;149;boulevard riba rossa;M;4373471;730456;60
2,02E+11;18;8;13;1542;1;2;1;1;7;149;2100 vieux chemin de lag;M;4374685;732254;60
2,02E+11;18;9;11;1420;1;2;3;1;3;149;49 Boulevard Franзois Su;M;4374247;731468;60
2,02E+11;18;9;19;2035;5;2;1;1;3;19;route dйpartementale 220;M;4376955;733237;60
2,02E+11;18;10;13;1545;1;2;1;1;6;149;PARKING AUCHAN LA TRINIT;M;4374124;731138;60
2,02E+11;18;3;17;2000;3;1;1;4;1;371;D9;M;4886426;730906;670
2,02E+11;18;4;1;1425;1;1;9;2;4;103;;M;4880393;740653;670
2,02E+11;18;4;15;1500;1;1;1;1;6;538;D919 A HAUTEUR DU PK 42+;M;4891802;738194;670
2,02E+11;18;4;17;1055;1;2;1;1;3;347;D24;M;4885694;755399;670
2,02E+11;18;4;21;1710;1;2;4;1;7;392;2 rue de  Wimmenau;M;4893162;746399;670
2,02E+11;18;4;27;1258;1;1;1;1;7;265;Route dйpartementale 181;M;4890671;745938;670
2,02E+11;18;5;7;1005;1;2;1;1;6;222;30 rue de l'asile;M;4887022;747823;670
2,02E+11;18;5;12;1650;1;2;1;1;7;371;7 rue principale;M;4885742;731998;670
2,02E+11;18;5;21;2330;3;1;1;1;2;535;D919 - point kilomйtriqu;M;4890819;742520;670
2,02E+11;18;6;3;1535;1;1;1;1;7;322;rue d'Ingwiller;M;4882925;742116;670
2,02E+11;18;8;11;1750;1;2;1;1;1;371;route d'Ingwiller;M;4885800;732162;670
2,02E+11;18;8;12;30;3;1;1;9;6;265;;M;4892667;750482;670
2,02E+11;18;8;22;1630;1;1;1;1;7;475;Dйpartementale 7;M;4886117;737245;670
2,02E+11;18;9;25;1145;1;2;1;1;6;333;3 rue de l'йglise;M;4884980;746723;670
2,02E+11;18;10;7;1555;1;1;1;1;7;347;chemin agricole;M;4885115;754231;670
2,02E+11;18;10;21;1630;1;1;1;1;7;225;;M;4880401;753174;670
2,02E+11;18;12;4;1215;1;1;1;8;1;371;D135;M;4887617;732319;670
2,02E+11;18;12;10;1320;1;1;1;2;1;538;RD 919 - PR 41+918.1;M;4892545;737034;670
2,02E+11;18;1;6;1425;1;1;1;1;6;34;;M;4661755;-114228;850
2,02E+11;18;2;22;1538;1;1;2;1;3;216;D137;M;4647115;-110992;850
2,02E+11;18;3;23;1400;1;1;6;2;3;233;Z.I du Vignaud;M;4652503;-108169;850
2,02E+11;18;4;10;1415;1;1;1;2;1;128;RD949;M;4646865;-115461;850
2,02E+11;18;4;16;1751;1;1;1;1;1;254;;M;4680385;-71690;850
2,02E+11;18;4;20;2346;4;2;1;1;1;188;LA MOTTE;M;4658874;-104143;850
2,02E+11;18;5;16;1650;1;2;1;1;3;42;rue de l'an VI;M;4639416;-102427;850
2,02E+11;18;5;22;1003;1;1;1;1;1;67;;M;4666730;-77294;850
2,02E+11;18;6;1;2130;2;1;1;1;6;181;LA CROIX;M;4650346;-93961;850
2,02E+11;18;2;16;1757;2;2;1;1;1;345;R DE L'EGLISE;M;5009757;163975;800
2,02E+11;18;3;2;1630;1;1;1;1;6;332;A16;M;5023708;175161;800
2,02E+11;18;3;6;845;1;1;9;1;6;385;A16;M;5014064;180738;800
2,02E+11;18;3;22;905;1;1;1;1;7;385;A16;M;5013920;180825;800
2,02E+11;18;4;20;2345;3;1;1;1;6;9;A16;M;5006957;197823;800
2,02E+11;18;4;27;240;3;1;1;1;6;444;A28;M;5006318;178926;800
2,02E+11;18;5;4;1430;1;1;1;1;2;637;A16;M;5015877;178180;800
2,02E+11;18;9;4;1130;1;1;1;2;2;388;A28;M;5001983;172152;800
2,02E+11;18;11;8;2005;3;1;1;1;2;1;A16;M;5013261;183801;800
2,02E+11;18;11;10;950;1;1;1;2;6;344;A16;M;5008137;194055;800
2,02E+11;18;12;10;315;3;1;1;2;6;117;A16;M;5003691;204117;800
2,02E+11;18;3;1;1945;3;1;1;2;6;517;Autoroute A28 _ PK 94;M;4951632;119450;760
2,02E+11;18;6;22;2150;2;1;9;1;2;410;Autoroute A150 PK 004+40;M;4947398;102586;760
2,02E+11;18;6;29;1845;1;1;1;1;6;245;A151;M;4954635;103811;760
2,02E+11;18;7;2;1105;1;1;9;1;2;594;A 150 PK 007.655;M;4949482;99731;760
2,02E+11;18;10;14;2330;3;1;1;1;7;541;A151;M;4951234;99157;760
2,02E+11;18;5;5;2305;4;2;1;1;6;280;ROUTE DЙPARTEMENTALE 119;M;4582138;-72544;170
2,02E+11;18;5;23;1130;1;1;1;1;3;185;Le cerisier;M;4574921;-94819;170
2,02E+11;18;7;11;2020;2;1;4;1;3;330;D728 PK18+010;M;4575101;-91503;170
2,02E+11;18;7;22;1930;1;1;2;1;3;262;Carrefour RD728/RD125;M;4574597;-71037;170
2,02E+11;18;8;16;745;1;1;1;1;6;120;Rue du vieux chai;M;4574651;-80540;170
2,02E+11;18;9;17;930;1;2;3;1;3;284;Avenue Bernard Chambenoi;M;4582556;-86432;170
2,02E+11;18;9;17;1500;1;1;1;1;1;214;AXE N2150 - PR 55+400;M;4570366;-77379;170
2,02E+11;18;9;25;1445;1;1;3;1;3;453;RD 238;M;4588248;-88888;170
2,02E+11;18;10;6;530;3;1;1;1;7;408;5 route des carriиres;M;4584015;-80649;170
2,02E+11;18;10;21;1520;1;2;4;1;3;285;Rue de la mairie;M;4583517;-68207;170
2,02E+11;18;2;23;930;1;2;1;1;6;4;27 Avenue lйon blum;M;4595993;534806;10
2,02E+11;18;5;20;1900;1;2;3;1;3;149;Carrefour route d'Ambйri;M;4598951;537523;10
2,02E+11;18;6;26;1350;1;1;1;1;4;7;Lieu dit Coutelieu;M;4599034;534369;10
2,02E+11;18;7;31;1710;1;1;1;9;1;4;RD 1075;M;4596699;533720;10
2,02E+11;18;8;17;2215;5;2;1;1;6;384;41  Avenue de Savoie;M;4595111;544719;10
2,02E+11;18;8;26;1730;1;1;3;1;6;345;D1075;M;4594803;531979;10
2,02E+11;18;9;19;1515;1;1;1;1;6;7;le bellaton;M;4601531;534537;10
2,02E+11;18;9;28;2110;3;1;1;1;2;89;D 904;M;4596042;531562;10
2,02E+11;18;10;2;1615;1;1;1;1;7;4;Route Dйpartementale 107;M;4600960;534122;10
2,02E+11;18;10;8;830;1;1;1;8;5;4;avenue Jules Pellaudin;M;4595318;535612;10
2,02E+11;18;10;13;1940;5;2;9;1;7;379;Rue de la libйration;M;4595901;527578;10
2,02E+11;18;10;13;2240;5;2;2;1;3;4;AVENUE DE VERDUN;M;4596118;535697;10
2,02E+11;18;1;9;1545;1;1;1;1;3;164;AUTOROUTE A9 - PK 242+60;M;4277897;289447;660
2,02E+11;18;2;3;730;1;1;1;1;2;172;A9 PK 250.650;M;;;660
2,02E+11;18;2;16;1620;1;1;1;1;4;190;PK 228+500  Autoroute A9;M;;;660
2,02E+11;18;4;20;1710;1;1;1;1;2;24;A9 gare de pйage le pert;M;4252497;282017;660
2,02E+11;18;4;23;1315;1;1;1;1;6;144;autoroute A9;M;4264226;286094;660
2,02E+11;18;5;11;2140;5;1;1;1;3;24;A9 bretelle d'entrйe dir;M;4253229;282683;660
2,02E+11;18;5;14;1630;1;1;1;1;2;63;A9;M;4248427;284440;660
2,02E+11;18;6;3;2045;3;1;1;3;7;190;autoroute A9;M;;;660
2,02E+11;18;7;1;1115;1;1;1;1;4;136;A9 PK 253+500 sens Narbo;M;4270897;286822;660
2,02E+11;18;7;9;40;3;1;1;1;3;136;PK 254+700 - AUTOROUTE A;M;4270897;286822;660
2,02E+11;18;8;3;1130;1;1;1;1;6;226;A9 PK 262+800;M;4259224;284985;660
2,02E+11;18;8;5;1130;1;1;1;1;2;214;A9 PK 266.000;M;4255704;284749;660
2,02E+11;18;8;7;1830;1;1;1;1;6;136;A9 PK 249+600 Sens 1;M;4270934;286828;660
2,02E+11;18;8;25;1010;1;1;1;1;2;15;Autoroute A9 PK 266 sens;M;;;660
2,02E+11;18;8;29;135;3;1;1;1;4;164;Autoroute A9 PK 243 sens;M;;;660
2,02E+11;18;9;23;1700;1;1;1;1;4;190;Autoroute A9 PK 234+600;M;4284043;291135;660
2,02E+11;18;10;9;1645;1;1;1;3;4;15;autoroute A9 PK265+000 s;M;;;660
2,02E+11;18;10;14;325;3;1;1;1;6;145;autoroute A9 PK 259+600;M;;;660
2,02E+11;18;11;22;934;1;1;1;1;2;145;A9 PK 260.500;M;4262626;285832;660
2,02E+11;18;12;11;515;3;1;1;1;6;164;A9 PK 241+500 ESPAGNE -;M;;;660
2,02E+11;18;1;7;1730;1;2;1;1;6;331;Rue du Clos Bailly;M;4848246;477253;520
2,02E+11;18;1;13;2225;3;1;1;1;2;182;CD 24 - PK 04+700;M;4859331;484982;520
2,02E+11;18;1;23;1540;1;1;1;1;7;182;CD 384 PK 19 +900;M;4854492;483186;520
2,02E+11;18;2;14;1545;1;2;3;1;1;500;rue des Lilas;M;4861856;490059;520
2,02E+11;18;5;1;1510;1;1;1;1;7;500;D384;M;4860774;491289;520
2,02E+11;18;5;8;1245;1;1;9;1;3;235;RN4;M;4864651;487592;520
2,02E+11;18;6;4;2050;2;1;1;8;6;386;rue de SAINT EULIEN;M;4867095;484283;520
2,02E+11;18;6;18;840;1;2;1;1;6;182;;M;4858637;486357;520
2,02E+11;18;8;25;630;2;1;1;2;7;391;CD 384;M;4851046;480144;520
2,02E+11;18;9;27;815;1;1;1;1;1;500;CD384;M;4860410;490707;520
2,02E+11;18;10;3;1530;1;1;9;1;1;235;RN4 Station totale DER s;M;4864699;486730;520
2,02E+11;18;10;4;1520;1;1;1;1;2;182;CD384a;M;4861021;488551;520
2,02E+11;18;10;5;1435;1;1;1;1;6;88;Dйpartementale 173 - PK;M;4848667;474047;520
2,02E+11;18;8;10;2015;2;2;1;1;6;205;AV DU BICENTENAIRE;M;4903060;237150;950
2,02E+11;18;1;16;1826;3;1;1;2;1;410;Rn 57 les Mercureaux;M;4722120;607288;250
2,02E+11;18;3;17;2146;3;1;1;2;1;181;axe RD50  point kilomйtr;M;4749069;640374;250
2,02E+11;18;4;7;651;2;1;1;1;7;518;A36 PK 103+500;M;4734193;623952;250
2,02E+11;18;4;7;1420;1;1;1;1;1;527;RD 673;M;4718547;582071;250
2,02E+11;18;5;4;923;1;1;1;1;1;197;RD 683  PR 052.100;M;4731029;620087;250
2,02E+11;18;6;13;1500;1;1;1;1;1;181;RD 50 - PR 002+900;M;4750187;641582;250
2,02E+11;18;7;7;650;1;1;1;1;7;47;A36 PK 96.450;M;4735367;631670;250
2,02E+11;18;7;22;1330;1;1;1;1;3;354;A 36 PK 93.600 SENS 1;M;4737173;633869;250
2,02E+11;18;8;23;1915;1;1;1;1;3;47;A36 - pk 095.400 - sens;M;4736079;632073;250
2,02E+11;18;9;6;1730;1;1;1;3;6;467;Autoroute A36  PK 126+40;M;4726723;592489;250
2,02E+11;18;9;11;925;1;1;1;1;3;132;A.36;M;4733759;617379;250
2,02E+11;18;9;14;1530;1;1;6;1;3;103;RN 83;M;4717598;596395;250
2,02E+11;18;12;26;2150;3;1;1;1;6;150;RD 14;M;4729161;583306;250
2,02E+11;18;1;19;955;1;1;9;1;2;180;RD263;M;4878684;775097;670
2,02E+11;18;1;20;2050;3;2;1;3;6;180;RD 1062;M;4882670;775898;670
2,02E+11;18;1;25;800;1;2;1;1;6;180;102  STRASBOURG (ROUTE D;M;4880140;776718;670
2,02E+11;18;2;8;1215;1;2;1;1;6;180;57  STRASBOURG (ROUTE DE;M;4880682;777550;670
2,02E+11;18;2;18;1200;1;2;2;1;2;180;REDOUTE (RUE DE LA);M;4881060;779230;670
2,02E+11;18;1;16;1830;5;2;6;3;6;180;ROBERT SCHUMAN (PLACE);M;4881240;779470;670
2,02E+11;18;3;11;154;3;1;1;5;6;180;FERME STRITTEN (RUE DE L;M;4881583;781916;670
2,02E+11;18;2;15;1412;1;2;4;1;2;180;NOTRE DAME (RUE);M;4878057;781617;670
2,02E+11;18;3;19;1250;1;2;1;1;1;180;GARANCE (RUE DE LA);M;4881140;779855;670
2,02E+11;18;3;13;1331;1;1;1;2;7;180;;M;4885870;765750;670
2,02E+11;18;4;9;1815;1;1;1;1;7;180;RD 72;M;4888079;776325;670
2,02E+11;18;4;6;1550;1;2;1;1;3;180;GARE (RUE DE LA);M;4878272;782369;670
2,02E+11;18;4;20;1513;1;2;2;7;3;180;KLEBER (RUE);M;4880545;777944;670
2,02E+11;18;5;9;1545;1;2;1;1;2;180;MARECHAL FOCH (RUE DU);M;4881238;779443;670
2,02E+11;18;5;22;1540;1;2;3;3;3;180;PREFET LEZAY-MARNEZIA (R;M;4880187;778317;670
2,02E+11;18;5;31;850;1;2;1;1;1;180;LERCHENBERG (RUE);M;4881620;776820;670
2,02E+11;18;6;19;525;2;1;1;1;6;180;RD263;M;4887140;782710;670
2,02E+11;18;7;17;1916;1;2;1;1;2;345;KALTENHOUSE (RUE DE);M;4879332;785095;670
2,02E+11;18;7;23;1210;1;2;1;1;6;180;CANAL (RUE DU);M;4881302;779873;670
2,02E+11;18;9;7;1623;1;2;1;1;3;180;CHEMIN LONG;M;4882203;777994;670
2,02E+11;18;9;27;858;1;1;6;1;2;180;RD 29;M;4881430;781921;670
2,02E+11;18;10;10;1725;1;1;3;1;1;180;RD263;M;4878667;775104;670
2,02E+11;18;9;14;1815;1;1;9;1;6;180;STRASBOURG (ROUTE DE);M;4879734;776174;670
2,02E+11;18;10;13;1344;1;2;4;1;2;180;WOERTH (ROUTE DE);M;4882609;779264;670
2,02E+11;18;11;22;640;3;1;3;1;2;180;RD263;M;4878671;775092;670
2,02E+11;18;11;26;1220;1;2;3;1;3;180;BISCHWILLER (ROUTE DE);M;4880726;780275;670