Num_Acc;an;mois;jour;hrmn;lum;agg;int;atm;col;com;adr;gps;lat;long;dep
2,02E+11;18;7;4;1750;1;2;3;1;2;482;LA ROCHELLE (RUE DE);M;4853321;778231;670
2,02E+11;18;7;4;1820;1;2;1;1;6;482;SOULTZ (RUE DE);M;4856885;777709;670
2,02E+11;18;7;4;2350;5;2;1;1;6;447;PIERRE MENDES FRANCE (AV;M;4860489;775925;670
2,02E+11;18;7;6;1605;1;2;1;1;3;482;PAPETERIE (RUE DE LA);M;4861002;778396;670
2,02E+11;18;7;6;1835;1;2;1;2;4;482;HAGUENAU (PLACE DE);M;4859374;774200;670
2,02E+11;18;7;6;2120;1;1;1;1;6;482;HAVRE (RUE DU);M;4855469;779589;670
2,02E+11;18;7;7;1200;1;2;3;1;3;482;LA ROCHELLE (RUE DE);M;4851887;777663;670
2,02E+11;18;7;8;525;2;2;1;1;2;482;RHIN (AVENUE DU);M;4856899;777713;670
2,02E+11;18;7;8;1430;1;2;6;1;3;482;CONSEIL DES QUINZE (RUE;M;4858950;778158;670
2,02E+11;18;7;9;630;1;2;3;1;3;482;ALFRED KASTLER (RUE);M;4857440;776726;670
2,02E+11;18;7;7;1800;1;2;1;1;4;482;LOUIS PASTEUR (QUAI);M;4857414;774084;670
2,02E+11;18;7;7;1940;1;2;3;1;3;482;SCHIRMECK (ROUTE DE);M;4859374;779535;670
2,02E+11;18;7;9;1355;1;2;1;1;1;482;PAUL DOPFF (RUE);M;4855554;776988;670
2,02E+11;18;7;12;845;1;2;1;1;3;218;ALFRED KASTLER (ROUTE);M;4854163;774018;670
2,02E+11;18;7;12;1210;1;2;1;1;2;267;SPORTS (RUE DES);M;4856842;768749;670
2,02E+11;18;7;12;1810;1;2;1;1;6;482;ROMAINS (ROUTE DES);M;4857866;771060;670
2,02E+11;18;7;13;1115;1;2;1;1;3;482;EUROPE (PONT DE L );M;4857349;780107;670
2,02E+11;18;7;13;1245;1;2;3;1;3;43;BISCHWILLER (ROUTE DE);M;4861410;775212;670
2,02E+11;18;7;13;2000;1;2;3;1;6;43;FOSSE NEUF (RUE DU);M;4861608;775021;670
2,02E+11;18;7;6;600;1;2;1;1;6;482;CHARLES FREY (QUAI);M;4857847;774690;670
2,02E+11;18;7;14;645;1;2;1;1;6;482;JEAN MERMOZ (RUE);M;4854754;776978;670
2,02E+11;18;7;14;1229;1;2;1;1;3;482;SCHUTZENBERGER (AVENUE);M;4859514;775831;670
2,02E+11;18;7;14;1846;1;2;3;1;3;482;ROMAINS (ROUTE DES);M;4857830;770735;670
2,02E+11;18;7;16;1640;1;2;1;1;3;482;JACQUES KABLE (RUE);M;4859220;774413;670
2,02E+11;18;7;16;2330;5;2;1;1;1;482;RACINE (AVENUE);M;4859440;770007;670
2,02E+11;18;7;13;2335;5;2;2;1;3;43;BRUMATH (ROUTE DE);M;4861900;773158;670
2,02E+11;18;7;17;1900;1;2;1;1;6;482;ROUGET DE L ISLE (QUAI);M;4859118;776627;670
2,02E+11;18;7;17;2128;2;2;1;1;6;43;PERIGUEUX (AVENUE DE);M;4861457;774395;670
2,02E+11;18;7;18;1605;1;2;1;1;6;482;MARAIS VERT (RUE DU);M;4858609;774053;670
2,02E+11;18;7;18;1810;1;2;1;1;1;482;COURSE (PETITE RUE DE LA;M;4858364;773547;670
2,02E+11;18;7;19;1820;1;2;1;1;3;482;SCHIRMECK (ROUTE DE);M;4857450;772494;670
2,02E+11;18;7;19;2000;1;2;3;1;3;43;ROBERTSAU (RUE DE LA);M;4861372;776623;670
2,02E+11;18;7;20;1610;1;2;1;1;3;482;VIENNE (ROUTE DE);M;4857493;775447;670
2,02E+11;18;7;24;945;1;2;1;1;3;482;VOSGES (AVENUE DES);M;4858776;775775;670
2,02E+11;18;7;24;1110;1;2;3;1;3;482;VOSGES (AVENUE DES);M;4859093;774660;670
2,02E+11;18;7;24;1145;1;2;1;1;1;482;GENERAL OFFENSTEIN (RUE;M;4855492;775397;670
2,02E+11;18;7;25;1030;1;2;1;1;3;482;FRERES EBERTS (RUE DES);M;4855482;773950;670
2,02E+11;18;7;26;1145;1;2;1;1;6;482;BOURGOGNE (RUE DE);M;4855102;775104;670
2,02E+11;18;7;26;1600;1;1;1;1;3;204;MARAIS (RUE DU);M;4861962;776900;670
2,02E+11;18;7;26;2000;1;2;1;1;2;482;VOSGES (AVENUE DES);M;4858900;775355;670
2,02E+11;18;7;28;620;2;2;2;1;3;482;AVERROES;M;4857449;773802;670
2,02E+11;18;7;29;1630;1;2;1;1;6;204;WANTZENAU (ROUTE DE LA);M;4862762;775926;670
2,02E+11;18;7;29;1635;1;2;3;1;3;482;POLYGONE (ROUTE DU);M;4856458;776049;670
2,02E+11;18;7;30;2210;5;2;1;1;3;482;REUSS (ALLEE);M;4854270;777364;670
2,02E+11;18;7;31;1205;1;2;3;1;6;447;VOSGES (RUE DES);M;4860999;775045;670
2,02E+11;18;7;31;1435;1;2;3;1;3;482;GENERAL OFFENSTEIN (RUE;M;4855430;775976;670
2,02E+11;18;8;1;2145;5;2;1;2;6;43;BRUMATH (ROUTE DE);M;4861891;773165;670
2,02E+11;18;8;2;940;1;2;3;1;6;482;HOPITAL MILITAIRE (RUE D;M;4857116;775647;670
2,02E+11;18;8;4;1315;1;2;1;1;2;267;SCHUMANN (AVENUE);M;4855691;769260;670
2,02E+11;18;8;4;1535;1;2;1;1;3;482;EUROPE (PONT DE L );M;4857348;780107;670
2,02E+11;18;8;4;1620;1;2;1;1;2;482;PIERRE DE COUBERTIN (RUE;M;4860093;776875;670
2,02E+11;18;8;4;2230;4;2;1;1;3;482;CERF BERR (RUE);M;4858438;769228;670
2,02E+11;18;8;4;2300;5;2;1;1;6;482;SCHULZENFELD (CHEMIN);M;4853731;777297;670
2,02E+11;18;8;8;1235;1;2;1;1;3;482;LA FONTAINE (BOULEVARD);M;4859117;770327;670
2,02E+11;18;8;8;1745;1;2;1;1;4;43;PERIGUEUX (AVENUE DE);M;4861426;774628;670
2,02E+11;18;8;9;1300;1;2;3;1;3;482;ETUDIANTS (RUE DES);M;4858407;774721;670
2,02E+11;18;8;10;1440;1;2;3;1;3;482;VICTOIRE (BOULEVARD DE L;M;4858097;776980;670
2,02E+11;18;8;10;1600;1;2;3;1;3;482;AUBERGE DE JEUNESSE (RUE;M;4857385;771945;670
2,02E+11;18;8;10;2325;5;2;1;1;3;482;OSTWALD (RUE D );M;4856426;770768;670
2,02E+11;18;8;11;1730;1;2;1;1;3;482;ORBEY (RUE D );M;4856631;777314;670
2,02E+11;18;8;12;1036;1;2;3;1;3;482;MITTELHAUSBERGEN (ROUTE;M;4859784;771454;670
2,02E+11;18;8;12;1915;1;2;1;1;6;482;LOUISE MICHEL (RUE);M;4856902;773492;670
2,02E+11;18;8;15;1110;1;2;1;1;6;482;DROITS DE L HOMME (ALLEE;M;4859678;777669;670
2,02E+11;18;8;16;1830;1;2;1;1;2;482;NANCY (BOULEVARD DE);M;4858059;773117;670
2,02E+11;18;8;17;30;5;2;3;1;3;482;RHIN TORTU (RUE DU);M;4854824;775791;670
2,02E+11;18;8;17;1305;1;2;3;1;1;204;BRUMATH (ROUTE DE);M;4862016;773131;670
2,02E+11;18;8;18;450;5;2;1;1;3;482;RACINE (AVENUE);M;4859108;770961;670
2,02E+11;18;8;18;1008;1;2;3;1;6;482;YPRES (RUE D );M;4858536;778018;670
2,02E+11;18;8;18;1750;1;2;1;1;6;482;ANDRE MAUROIS (PLACE);M;4859062;769701;670
2,02E+11;18;8;19;1635;1;2;3;1;3;365;FORET (RUE DE LA);M;4855689;771355;670
2,02E+11;18;8;20;20;5;2;1;1;6;482;OBERHAUSBERGEN (ROUTE D;M;4859245;771676;670
2,02E+11;18;8;20;1725;1;2;1;1;6;482;MAIRE KUSS (RUE DU);M;4858381;773756;670
2,02E+11;18;8;21;40;3;2;1;1;6;365;ERASMUS GERBER (RUE);M;4855734;770851;670
2,02E+11;18;8;21;100;5;2;1;1;6;482;MONSWILLER (RUE DE);M;4860177;770187;670
2,02E+11;18;8;22;1635;1;2;1;1;2;482;PLAINE DES BOUCHERS (RUE;M;4856569;773865;670
2,02E+11;18;8;22;1830;1;2;1;1;6;482;ROMAINS (ROUTE DES);M;4857818;770696;670
2,02E+11;18;8;23;1920;1;2;3;8;3;482;HAGUENAU (PLACE DE);M;4859173;774383;670
2,02E+11;18;8;25;1450;1;2;1;1;2;482;SCHIRMECK (ROUTE DE);M;4856944;771052;670
2,02E+11;18;8;26;550;2;2;1;1;6;482;FORET NOIRE (AVENUE DE L;M;4858337;777178;670
2,02E+11;18;8;26;2000;2;2;1;1;2;482;COMMANDANT FRANCOIS (RUE;M;4854899;777078;670
2,02E+11;18;8;27;1725;1;2;2;1;3;482;MITTELHAUSBERGEN (ROUTE;M;4859037;772875;670
2,02E+11;18;8;27;2350;5;2;3;1;3;43;BRUMATH (ROUTE DE);M;4861613;773209;670
2,02E+11;18;8;28;730;1;2;3;1;3;267;MARECHAL FOCH (RUE DU);M;4855702;768216;670
2,02E+11;18;8;28;500;5;2;3;1;3;482;NEUHOF (ROUTE);M;4855463;776645;670
2,02E+11;18;8;28;1710;1;2;1;1;3;482;DOUANE (RUE DE LA);M;4857985;775033;670
2,02E+11;18;8;29;1050;1;2;1;1;4;482;HEYRITZ (TUNNEL DU);M;4857221;775211;670
2,02E+11;18;8;29;1610;1;1;1;1;6;218;ALFRED KASTLER (ROUTE);M;4852972;774119;670
2,02E+11;18;8;29;2000;2;1;1;2;6;204;TROIS MAIRES (RUE DES);M;4862484;777459;670
2,02E+11;18;7;31;1401;1;2;1;2;3;482;ROBERTSAU (ALLEE DE LA);M;4859004;776739;670
2,02E+11;18;7;31;1730;1;2;3;2;3;482;MOLIERE (AVENUE);M;4860022;769635;670
2,02E+11;18;7;31;2135;5;2;1;2;6;482;VOSGES (AVENUE DES);M;4859105;774630;670
2,02E+11;18;7;31;2205;5;2;1;2;6;482;ROETHIG (RUE DU);M;4856625;770141;670
2,02E+11;18;9;1;1120;1;1;1;1;6;218;FORT UHRICH (ROUTE DU);M;4851249;771843;670
2,02E+11;18;9;1;1810;1;2;1;1;6;482;ANDRE MAUROIS (PLACE);M;4859050;769699;670
2,02E+11;18;9;2;1510;1;2;1;2;1;482;HOCHFELDEN (RUE DE);M;4860333;772122;670
2,02E+11;18;9;2;1735;1;2;1;2;6;482;LOTHAIRE (RUE);M;4857949;771260;670
2,02E+11;18;9;3;1900;1;2;1;1;3;267;MARECHAL FOCH (RUE DU);M;4855456;767712;670
2,02E+11;18;9;4;2000;2;2;3;1;3;482;MITTELHAUSBERGEN (ROUTE;M;4859959;771237;670
2,02E+11;18;9;5;737;1;2;3;1;3;482;ALPES (QUAI DES);M;4857491;776264;670
2,02E+11;18;9;5;1145;1;2;1;1;6;482;METZ (BOULEVARD DE);M;4858273;773298;670
2,02E+11;18;9;5;1420;1;2;9;1;4;482;VILLETTE (RUE DE LA);M;4859803;772563;670
2,02E+11;18;9;5;2315;5;2;1;1;2;447;PIERRE MENDES FRANCE (AV;M;4860956;776522;670
2,02E+11;18;9;6;835;1;2;3;1;3;482;ISAAC HAFFNER (RUE);M;4861097;778427;670
2,02E+11;18;9;7;1605;1;2;3;1;3;447;BISCHWILLER (ROUTE DE);M;4860138;773886;670
2,02E+11;18;9;7;1820;1;2;3;1;3;447;BITCHE (RUE DE);M;4860950;775365;670
2,02E+11;18;9;8;115;5;1;1;1;6;482;PAUL DOPFF (RUE);M;4855618;777319;670
2,02E+11;18;9;8;1650;1;2;3;1;3;482;RHIN TORTU (RUE DU);M;4854790;775797;670
2,02E+11;18;9;8;2110;5;2;3;1;3;267;MARECHAL FOCH (RUE DU);M;4858938;774923;670
2,02E+11;18;9;9;2035;5;2;1;1;6;482;REUSS (ALLEE);M;4854510;776810;670
2,02E+11;18;9;10;757;1;2;1;1;3;267;OSTWALD (RUE D );M;4855113;769020;670
2,02E+11;18;9;10;2000;2;2;1;1;6;482;GARE (PLACE DE LA);M;4858394;773424;670
2,02E+11;18;9;11;755;1;2;1;1;3;482;MASSENET (RUE);M;4858832;777210;670
2,02E+11;18;9;11;827;1;2;1;7;6;482;SOLIGNAC (RUE DE);M;4855176;776226;670
2,02E+11;18;9;11;1215;1;2;1;1;6;482;LA FONTAINE (BOULEVARD);M;4859071;770303;670
2,02E+11;18;9;11;1745;2;2;1;1;3;482;LA FONTAINE (BOULEVARD);M;4859098;770293;670
2,02E+11;18;9;13;1415;1;2;3;1;3;482;LA ROCHELLE (RUE DE);M;4853556;778638;670
2,02E+11;18;9;15;1413;1;2;3;1;3;482;ROME (RUE DE);M;4857745;776647;670
2,02E+11;18;9;15;1630;1;2;3;1;6;43;CYGNE (RUE DU);M;4861215;775516;670
2,02E+11;18;9;16;940;1;2;1;7;1;482;PRINTEMPS (ALLEE DU);M;4859775;776631;670
2,02E+11;18;9;17;1800;1;2;1;1;2;482;RHIN (AVENUE DU);M;4856967;777849;670
2,02E+11;18;9;18;830;1;2;1;1;6;447;GLACIERE (RUE DE LA);M;4860600;775376;670
2,02E+11;18;9;18;855;1;2;3;1;3;482;SAINT ETIENNE (QUAI);M;4858386;775608;670
2,02E+11;18;9;20;750;1;2;3;1;3;482;MOZART (RUE);M;4858649;777478;670
2,02E+11;18;9;20;910;1;2;3;1;3;482;HOCHFELDEN (RUE DE);M;4860293;772122;670
2,02E+11;18;9;20;940;1;2;3;1;3;482;RACINE (AVENUE);M;4859459;769990;670
2,02E+11;18;9;20;1820;1;2;1;1;6;447;DEUXIEME DIVISION BLINDE;M;4861005;772957;670
2,02E+11;18;9;20;2210;5;2;1;1;7;482;SCHACH (RUE);M;4854518;777240;670
2,02E+11;18;9;21;1105;1;2;1;1;2;447;CHATEAU (SQUARE DU);M;4329509;550371;670
2,02E+11;18;9;21;1605;1;2;1;2;6;365;GENERAL LECLERC (RUE DU);M;4855003;771017;670
2,02E+11;18;9;21;1620;1;2;1;2;3;482;SAINTE MARGUERITE (RUE);M;4858108;773437;670
2,02E+11;18;9;23;230;5;2;3;1;3;482;OSTWALD (RUE D );M;4856426;770774;670
2,02E+11;18;9;24;948;1;2;1;1;6;482;GENERAL DE GAULLE (AVENU;M;4857948;776965;670
2,02E+11;18;9;24;1530;1;2;1;1;3;482;JEAN JAURES (AVENUE);M;4856922;776374;670
2,02E+11;18;9;24;1745;1;2;3;1;3;482;PRESIDENT WILSON (BOULEV;M;4858549;773592;670
2,02E+11;18;9;25;845;1;2;3;1;1;482;FRANЂOIS MITTERRAND (AVE;M;4858389;769258;670
2,02E+11;18;9;25;1450;1;2;1;1;3;482;GENERAL KOENIG (QUAI DU);M;4857519;775440;670
2,02E+11;18;9;26;1450;1;2;1;1;3;482;SCHIRMECK (ROUTE DE);M;4856171;769709;670
2,02E+11;18;9;26;1730;1;2;3;1;2;267;MARECHAL FOCH (RUE DU);M;4855437;767724;670
2,02E+11;18;9;27;1720;1;2;1;7;3;447;MADRID (RUE DE);M;4860832;770958;670
2,02E+11;18;9;27;1740;1;2;1;1;6;482;FRANЂOIS MITTERRAND (AVE;M;4858676;769646;670
2,02E+11;18;9;28;750;1;2;3;1;3;482;CARPE HAUTE (RUE DE LA);M;4859562;778650;670
2,02E+11;18;9;28;1500;1;2;1;1;6;482;FINKMATT (QUAI);M;4858740;774786;670
2,02E+11;18;9;29;938;1;2;3;1;6;482;JEAN JAURES (AVENUE);M;4856929;776379;670
2,02E+11;18;9;29;1845;2;1;1;1;2;204;WANTZENAU (ROUTE DE LA);M;4863095;776454;670
2,02E+11;18;10;1;720;1;2;3;1;3;482;RACINE (AVENUE);M;4859146;771178;670
2,02E+11;18;9;28;1600;1;2;3;1;6;482;GENERAL GOURAUD (RUE DU);M;4858811;775709;670
2,02E+11;18;10;1;1210;1;2;1;1;6;267;SCHUMAN (AVENUE);M;4856360;768940;670
2,02E+11;18;10;3;830;1;2;1;8;6;482;JACQUES KABLE (RUE);M;4859319;775268;670
2,02E+11;18;10;3;1000;1;2;3;8;3;482;VOSGES (AVENUE DES);M;4859096;774627;670
2,02E+11;18;10;3;2107;5;2;3;1;6;482;MENAGERIE (RUE DE LA);M;4856878;777059;670
2,02E+11;18;10;3;2030;4;2;1;1;4;482;HERRENSCHMIDT (AVENUE);M;4859790;775432;670
2,02E+11;18;10;4;1000;1;2;1;1;1;482;GEORGES WODLI (RUE);M;4858788;773778;670
2,02E+11;18;10;4;1617;1;2;1;1;2;447;BISCHWILLER (ROUTE DE);M;4860685;774906;670
2,02E+11;18;10;4;1850;2;2;9;1;6;482;HAGUENAU (PLACE DE);M;4859139;774388;670
2,02E+11;18;10;4;1833;2;2;3;1;6;218;BURKEL (ROUTE);M;4853033;771982;670
2,02E+11;18;10;5;215;5;2;1;1;6;447;BISCHWILLER (ROUTE DE);M;4859665;774162;670
2,02E+11;18;10;5;935;1;2;3;1;6;482;DUNTZENHEIM (RUE DE);M;4860067;770525;670
2,02E+11;18;10;5;1815;1;2;3;1;3;482;JOSEPH WEYDMANN (RUE);M;4854669;775541;670
2,02E+11;18;10;6;1645;1;2;1;1;6;482;COLMAR (AVENUE DE);M;4856690;775195;670
2,02E+11;18;10;8;816;1;2;1;8;6;482;FINKWILLER (RUE);M;4857883;774211;670
2,02E+11;18;10;8;1150;1;2;3;1;2;482;ALPES (QUAI DES);M;4857492;776251;670
2,02E+11;18;10;9;1835;2;2;1;1;7;482;SCHIRMECK (ROUTE DE);M;4857337;771935;670
2,02E+11;18;10;10;840;1;2;1;5;2;482;JEAN PIERRE LEVY (ALLEE);M;4857476;776707;670
2,02E+11;18;10;10;1540;1;2;1;1;6;482;SALLUSTE (RUE);M;4858354;769442;670
2,02E+11;18;10;10;1610;1;2;1;1;3;482;SCHUTZENBERGER (AVENUE);M;4859516;775831;670
2,02E+11;18;10;10;1800;2;2;1;1;6;482;PIERRE CORNEILLE (AVENUE;M;4859327;769637;670
2,02E+11;18;10;11;840;1;2;6;5;1;204;DURANCE (RUE DE LA);M;4862413;776969;670
2,02E+11;18;10;11;1830;2;2;3;1;3;43;EUROPE (CARREFOUR DE L );M;4861593;772044;670
2,02E+11;18;10;12;1140;1;2;1;1;3;482;PEUPLIERS (PLACE DES);M;4861019;777728;670
2,02E+11;18;10;12;1300;1;2;3;7;6;482;OBERHAUSBERGEN (ROUTE D;M;4859491;771030;670
2,02E+11;18;10;12;1230;1;2;3;1;3;482;SELESTAT (RUE DE);M;4856578;776272;670
2,02E+11;18;10;13;1515;1;2;3;1;3;482;JESUITES (RUE DES);M;4853940;776362;670
2,02E+11;18;10;15;1625;1;2;1;1;2;365;ETTORE BUGATTI (RUE);M;4854829;770056;670
2,02E+11;18;10;16;1730;2;2;1;1;6;447;23 NOVEMBRE (AVENUE DU);M;4860832;773123;670
2,02E+11;18;10;17;950;1;2;1;1;2;482;COLMAR (AVENUE DE);M;4855858;774878;670
2,02E+11;18;10;17;1610;1;2;3;1;6;43;PHILIPPE RUEFF (RUE);M;4861096;776569;670
2,02E+11;18;10;18;850;1;2;1;1;2;482;LAUSANNE (RUE DE);M;4857578;775631;670
2,02E+11;18;10;18;1745;1;1;1;1;6;267;RIVIERE (ROUTE DE LA);M;4855590;769309;670
2,02E+11;18;10;19;1615;1;2;1;1;6;43;BISCHWILLER (ROUTE DE);M;4861653;775350;670
2,02E+11;18;10;19;1943;5;2;3;1;3;482;DOUBS (RUE DU);M;4855530;773356;670
2,02E+11;18;10;23;2215;5;2;3;1;3;482;OBERHAUSBERGEN (ROUTE D;M;4859408;771196;670
2,02E+11;18;10;24;510;5;1;1;1;6;482;LA ROCHELLE (RUE DE);M;4851849;777500;670
2,02E+11;18;10;24;1530;1;2;1;1;6;447;BISCHWILLER (ROUTE DE);M;4860277;774587;670
2,02E+11;18;10;25;1530;1;2;9;1;3;482;HAGUENAU (PLACE DE);M;4859210;774408;670
2,02E+11;18;10;27;50;5;2;1;1;2;482;RIBEAUVILLE (RUE DE);M;4856540;777131;670
2,02E+11;18;10;27;1000;1;2;3;8;2;447;HAUSBERGEN (ROUTE DE);M;4860553;773457;670
2,02E+11;18;10;28;245;5;2;1;2;2;482;LOUIS PASTEUR (QUAI);M;4857435;773936;670
2,02E+11;18;10;29;1015;1;2;6;8;3;267;MARECHAL FOCH (RUE DU);M;4855443;767726;670
2,02E+11;18;10;30;1140;1;2;1;2;6;43;NATIONALE (RUE);M;4861388;775434;670
2,02E+11;18;10;30;1930;5;2;3;1;6;218;CEINTURE (RUE DE LA);M;4852665;772127;670
2,02E+11;18;10;31;1215;1;2;1;1;3;482;WANTZENAU (RTE DE LA);M;4861179;778186;670
2,02E+11;18;10;31;1630;2;2;1;1;3;482;SCHIRMECK (ROUTE DE);M;4856891;771026;670
2,02E+11;18;11;1;950;1;2;1;8;6;43;BRUCHE (RUE DE LA);M;4861436;775854;670
2,02E+11;18;11;2;1210;1;2;1;1;3;482;LAUSANNE (RUE DE);M;4857721;775821;670
2,02E+11;18;11;2;1740;5;2;1;1;6;482;FRANЂOIS MITTERRAND (AVE;M;4858393;769260;670
2,02E+11;18;11;2;2115;5;2;3;1;3;482;FUSTEL DE COULANGES (QUA;M;4857469;774993;670
2,02E+11;18;11;3;1450;1;2;3;1;3;482;MUSAU (RUE DE LA);M;4855705;778263;670
2,02E+11;18;11;3;2155;5;2;1;1;6;482;ABREUVOIR (RUE DE L );M;4857906;776025;670
2,02E+11;18;11;5;1915;5;2;3;1;3;218;LYON (RTE DE);M;4852983;771124;670
2,02E+11;18;11;6;1345;1;2;1;1;6;482;HALLES (RUE DES);M;4858788;774074;670
2,02E+11;18;11;7;810;1;2;1;7;6;482;FORET NOIRE (AVENUE DE L;M;4858065;777681;670
2,02E+11;18;11;7;1630;2;2;3;1;3;482;GENERAL OFFENSTEIN (RUE;M;4855469;775591;670
2,02E+11;18;11;8;1855;5;2;1;1;6;482;DANTE (AVENUE);M;4859038;770205;670
2,02E+11;18;11;9;1206;1;2;1;1;6;482;JEAN PIERRE LEVY (ALLEE);M;4857491;776720;670
2,02E+11;18;11;10;1800;5;2;3;8;3;482;BRIGADE ALSACE LORRAINE;M;4857756;775314;670
2,02E+11;18;11;13;730;2;2;1;3;6;365;VINGT TROIS NOVEMBRE (RU;M;4853273;770378;670
2,02E+11;18;11;13;1600;2;2;1;1;6;482;FRANЂOIS MITTERRAND (AVE;M;4858375;769242;670
2,02E+11;18;11;13;1555;1;2;3;1;1;482;HOPITAL (ROUTE DE L );M;4857321;775007;670
2,02E+11;18;11;13;1840;5;2;3;8;3;43;PIGEONS (RUE DES);M;4861301;775790;670
2,02E+11;18;11;14;1540;1;2;3;8;3;482;VOSGES (AVENUE DES);M;4858895;775085;670
2,02E+11;18;11;15;840;1;2;3;8;1;218;FOOTBALL (RUE DU);M;4858291;771328;670
2,02E+11;18;11;16;2245;5;2;1;1;6;482;FORET NOIRE (AVENUE DE L;M;4858564;776534;670
2,02E+11;18;11;17;1515;1;2;3;1;3;482;COLMAR (AVENUE DE);M;4855365;774475;670
2,02E+11;18;11;18;1545;1;2;3;1;2;482;FUSTEL DE COULANGES (QUA;M;4857520;775350;670
2,02E+11;18;11;18;1740;5;2;1;1;6;482;CANONNIERS (RUE DES);M;4855430;776168;670
2,02E+11;18;11;21;1700;5;2;1;1;6;365;CHAPELLE (RUE DE LA);M;4855461;770935;670
2,02E+11;18;11;22;1140;1;2;1;1;3;482;HAGUENAU (PLACE DE);M;4859175;774382;670
2,02E+11;18;11;24;900;1;2;1;1;6;218;LYON (RTE DE);M;4853257;771983;670
2,02E+11;18;11;24;1950;5;2;1;1;3;482;COLMAR (AVENUE DE);M;4856405;775248;670
2,02E+11;18;11;25;1200;1;2;3;1;6;482;SAINTE MARGUERITE (RUE);M;4858112;773437;670
2,02E+11;18;11;26;1341;1;2;1;8;6;482;MARSEILLAISE (AVENUE DE;M;4858565;775549;670
2,02E+11;18;11;26;1808;5;2;1;2;2;365;PIERRE PFLIMLIN (ALLEE);M;4855340;769319;670
2,02E+11;18;11;27;1730;5;2;3;2;3;204;BRUMATH (ROUTE DE);M;4862016;773133;670
2,02E+11;18;11;29;1320;1;2;1;8;6;482;JEAN PAUL DE DADELSEN (R;M;4858760;769488;670
2,02E+11;18;11;30;855;1;2;3;2;3;482;GLOXIN (RUE);M;4858950;774521;670
2,02E+11;18;11;30;1750;5;2;1;1;6;218;LIXENBUHL (RUE);M;4853163;770851;670
2,02E+11;18;12;1;930;1;2;1;1;3;482;MELANIE (RUE);M;4860292;779298;670
2,02E+11;18;12;3;645;5;2;1;2;6;482;RHEINFELD (RUE DE);M;4852460;777893;670
2,02E+11;18;12;3;1656;2;1;1;3;6;482;RIETH (RUE DU);M;4860078;771583;670
2,02E+11;18;12;4;915;1;2;1;2;2;43;LONGCHAMPS (RUE DE);M;4861022;776222;670
2,02E+11;18;12;6;1530;2;2;1;8;6;482;HOPITAL (PLACE DE L );M;4857499;774065;670
2,02E+11;18;12;6;1800;5;2;1;2;2;365;LINGOLSHEIM (RUE DE);M;4854872;770628;670
2,02E+11;18;12;8;200;5;2;1;1;3;447;WISSEMBOURG (RUE DE);M;4860811;774803;670
2,02E+11;18;12;8;1835;5;2;4;2;1;447;BERLIN (AVENUE DE);M;4861039;771759;670
2,02E+11;18;12;8;2055;5;2;1;1;3;482;PAUL DOPFF (RUE);M;4855801;777401;670
2,02E+11;18;12;6;2050;5;2;3;1;3;365;ETTORE BUGATTI (RUE);M;4854863;770501;670
2,02E+11;18;12;10;1450;1;2;3;8;3;482;NEUHOF (ROUTE);M;4855452;776632;670
2,02E+11;18;12;10;1750;5;2;1;1;6;482;SCHIRMECK (ROUTE DE);M;4857112;771179;670
2,02E+11;18;12;11;1913;5;2;1;1;2;482;PAPETERIE (RUE DE LA);M;4861111;778125;670
2,02E+11;18;12;12;1115;1;2;1;1;2;482;RHIN TORTU (RUE DU);M;4854812;775794;670
2,02E+11;18;12;12;2050;5;2;3;1;3;482;Edmond Michelet (rue);M;4857448;776714;670
2,02E+11;18;12;14;1515;1;2;1;1;6;447;EUROPE (AVENUE DE L );M;4861219;771466;670
2,02E+11;18;12;15;1145;1;2;3;8;3;482;COPENHAGUE (RUE DE);M;4857977;776978;670
2,02E+11;18;12;17;1731;5;2;1;8;6;218;SEBASTIEN BRANT (RUE);M;4851996;774040;670
2,02E+11;18;12;17;1800;5;2;1;2;6;482;ILL (RUE DE L );M;4861286;777350;670
2,02E+11;18;12;18;1550;1;2;3;5;6;482;ORMES (RUE DES);M;4859465;771912;670
2,02E+11;18;12;18;1935;5;2;1;5;1;267;USINE (RUE DE L );M;4856423;769341;670
2,02E+11;18;12;19;1645;5;2;1;2;6;482;RHIN TORTU (RUE DU);M;4855372;775782;670
2,02E+11;18;12;20;1900;5;2;3;2;3;482;DETTWILLER (RUE DE);M;4859587;772146;670
2,02E+11;18;12;22;1350;1;2;1;8;2;267;SCHUMANN (AVENUE);M;4856024;769306;670
2,02E+11;18;12;23;1135;1;2;1;2;6;482;SEBASTOPOL (RUE DE);M;4858671;774294;670
2,02E+11;18;12;28;1120;1;2;1;1;6;482;MEINAU (ROUTE DE LA);M;4855290;774825;670
2,02E+11;18;3;20;1709;1;2;1;1;6;82;1 rue de castroville;M;4786355;734161;680
2,02E+11;18;2;8;1730;1;1;1;1;1;323;RD 92N;M;4506297;511249;260
2,02E+11;18;4;3;1735;1;1;1;1;6;323;RD 92 N;M;4507327;514573;260
2,02E+11;18;4;19;1700;1;1;1;1;5;139;RD 52;M;4508540;508620;260
2,02E+11;18;6;10;1225;1;1;1;1;1;28;RD 884;M;;;260
2,02E+11;18;6;17;615;1;1;1;1;7;140;RD 52;M;;;260
2,02E+11;18;6;22;1715;1;2;1;1;7;139;85 RTE DES CHASSES;M;4507945;508659;260
2,02E+11;18;6;30;1220;1;1;2;1;5;323;ROUTE DE GENISSIEUX;M;4506956;511799;260