Num_Acc;an;mois;jour;hrmn;lum;agg;int;atm;col;com;adr;gps;lat;long;dep
2,02E+11;18;8;25;5;5;2;3;1;3;266;JEAN JAURES      (Rue);M;4575678;488056;690
2,02E+11;18;1;11;740;2;2;3;1;6;266;91  POUDRETTE     (Rue d;M;4575400;492100;690
2,02E+11;18;1;13;745;2;2;2;5;6;290;JULES FERRY;M;4569429;494642;690
2,02E+11;18;1;15;2155;5;2;2;8;3;290;JULIETTE RECAMIER;M;4569511;493382;690
2,02E+11;18;1;15;2150;5;2;1;2;1;266;147  LEON BLUM      (Rue;M;4576048;490372;690
2,02E+11;18;1;16;1110;1;2;1;2;6;266;.  LAURENT BONNEVAY    (;M;4578700;488500;690
2,02E+11;18;1;16;2010;5;2;1;2;3;271;3  REPUBLIQUE (DE LA);M;4573841;496937;690
2,02E+11;18;1;17;1410;1;2;1;1;6;266;20  PIERRE CACARD     (R;M;4576553;489301;690
2,02E+11;18;1;17;1840;5;2;1;1;6;266;40  CHEVREUL   (Rue);M;4576321;490022;690
2,02E+11;18;1;18;1105;1;2;2;1;3;266;11 NOVEMBRE 1918    (Bou;M;4577907;486851;690
2,02E+11;18;1;17;730;1;2;1;1;3;29;378  GENAS (DE);M;4574635;492582;690
2,02E+11;18;1;19;805;2;2;2;1;2;290;94  JEAN JAURES;M;4569773;492833;690
2,02E+11;18;1;19;1435;1;2;3;1;6;266;EMILE ZOLA     (Cours);M;4576697;489290;690
2,02E+11;18;1;21;1400;1;2;1;2;7;256;GASTON MONMOUSSEAU;M;4578000;490700;690
2,02E+11;18;1;21;2345;5;2;2;2;6;275;JEAN JAURES;M;4577175;496797;690
2,02E+11;18;1;23;745;2;2;2;8;3;290;TEMPS MODERNES (DES);M;4570860;491920;690
2,02E+11;18;1;22;1708;2;2;6;2;3;290;1  AVIATION (DE L');M;4570651;494025;690
2,02E+11;18;1;21;2035;5;2;1;8;6;29;7  MARECHAL DE LATTRE DE;M;4573124;491764;690
2,02E+11;18;1;25;1300;1;2;2;1;3;256;DROITS DE L'HOMME (DES);M;4576350;493320;690
2,02E+11;18;1;25;1610;1;2;3;8;3;282;99  POMMIER (DE);M;4577903;502202;690
2,02E+11;18;1;25;1205;1;2;1;1;6;266;55  EUGENE REGUILLON;M;4576196;489794;690
2,02E+11;18;1;26;815;1;2;2;2;5;266;ALLIES    (Rue des);M;4577784;488155;690
2,02E+11;18;1;31;850;1;2;2;1;3;266;55  LOUIS GUERIN     (Ru;M;4577296;485975;690
2,02E+11;18;2;1;725;5;2;1;2;6;282;115  LUCIEN BUISSON;M;4576467;499885;690
2,02E+11;18;2;1;830;1;2;3;2;6;275;.  SILVIN;M;4577089;496277;690
2,02E+11;18;1;29;1345;1;2;1;1;3;290;87  REVAISON (DE);M;4570507;491857;690
2,02E+11;18;2;2;820;1;2;1;1;6;275;19  MARAT;M;4576905;495767;690
2,02E+11;18;2;5;845;1;2;1;4;6;290;590  TROISIEME MILLENAIR;M;4571297;493314;690
2,02E+11;18;2;6;635;5;2;1;8;1;29;32  FRANKLIN ROOSEVELT;M;4573758;489635;690
2,02E+11;18;2;6;835;1;2;4;1;6;266;8  PIATON        (Avenue;M;4577410;486722;690
2,02E+11;18;2;6;1905;5;2;6;2;3;282;.  18 JUIN 40 (DU);M;4577034;499287;690
2,02E+11;18;2;6;1820;5;2;4;2;6;275;.  VERDUN (DE);M;4576344;496644;690
2,02E+11;18;2;8;1640;1;2;1;8;6;290;ANDRE BOULLOCHE;M;4572100;492544;690
2,02E+11;18;2;11;530;5;2;1;1;6;29;269  PINEL;M;4572541;488711;690
2,02E+11;18;2;13;835;1;2;1;1;6;29;06  DOYEN JEAN LEPINE (D;M;4575008;489829;690
2,02E+11;18;2;15;710;5;2;1;2;2;29;UNIVERSITE  (DE L');M;4572544;492560;690
2,02E+11;18;2;15;1230;1;2;6;1;3;29;PIERRE MENDES FRANCE;M;4572472;491527;690
2,02E+11;18;2;17;1835;5;2;1;8;3;29;.  PIERRE MENDES FRANCE;M;4572445;491485;690
2,02E+11;18;2;23;1650;1;2;1;1;6;266;416  EMILE ZOLA     (Cou;M;4576385;490907;690
2,02E+11;18;2;23;1855;5;2;1;1;6;266;229  ROGER SALENGRO;M;4578278;489022;690
2,02E+11;18;2;23;2015;5;2;2;1;3;275;.  EMILE ZOLA;M;4576402;495811;690
2,02E+11;18;2;25;250;4;2;1;8;1;282;.  VERDUN (DE);M;4577960;499714;690
2,02E+11;18;2;26;1325;1;2;1;1;6;256;24  GEORGES DIMITROV;M;4577741;492554;690
2,02E+11;18;2;26;1810;2;2;3;1;3;266;32  JEAN JAURES      (Ru;M;4575700;488000;690
2,02E+11;18;2;26;1900;5;2;1;1;2;290;EGALITE (DE L');M;4569099;494655;690
2,02E+11;18;2;26;1405;1;2;1;1;6;256;.  MAURICE THOREZ;M;4578462;491132;690
2,02E+11;18;2;28;1220;1;2;1;8;4;266;84  EMILE ZOLA     (Cour;M;4577091;487126;690
2,02E+11;18;3;1;20;5;2;2;4;3;266;336  EMILE ZOLA     (Cou;M;4576613;489783;690
2,02E+11;18;1;26;726;5;2;1;2;6;275;112  JEAN JAURES;M;4576925;494673;690
2,02E+11;18;3;3;30;5;2;1;1;6;29;.  PIERRE MENDES FRANCE;M;4572083;491342;690
2,02E+11;18;3;4;2100;5;2;3;2;3;290;1  JULES FERRY;M;4569617;494764;690
2,02E+11;18;3;7;740;1;2;1;1;6;266;02  SEVERINE       (Rue);M;4575384;491227;690
2,02E+11;18;3;8;2350;5;2;1;1;6;266;0  LAURENT BONNEVAY (Gar;M;4576487;490851;690
2,02E+11;18;3;9;2335;5;2;3;2;3;282;REPUBLIQUE (DE);M;4576625;500554;690
2,02E+11;18;3;9;1015;1;2;1;1;2;290;PETROLES (DES);M;4568859;491492;690
2,02E+11;18;3;10;1115;1;2;1;1;3;282;9  CLAUDE MONET;M;4576783;498950;690
2,02E+11;18;3;12;1410;1;2;4;1;3;290;COMMANDANT CHARCOT;M;4568601;493474;690
2,02E+11;18;2;15;350;5;2;2;2;6;266;.  GABRIEL PERI;M;4577000;486482;690
2,02E+11;18;3;15;1550;1;2;3;2;3;266;.  CANAL    (Rue du);M;4578411;489422;690
2,02E+11;18;3;15;2105;5;2;2;1;3;275;.  JEAN JAURES;M;4577000;495000;690
2,02E+11;18;3;15;1940;5;2;1;1;2;282;1  RAMBION (DU);M;4576074;499949;690
2,02E+11;18;3;16;1950;2;2;1;2;6;290;33  PIERRE MENDES FRANCE;M;4569451;495730;690
2,02E+11;18;3;19;525;3;2;1;1;6;290;LYONNAIS (DU);M;4569759;490805;690
2,02E+11;18;3;19;1600;1;2;8;1;3;275;15  FRATERNITE (DE LA);M;4577242;495693;690
2,02E+11;18;3;6;1200;1;2;1;1;6;290;32  ARISTIDE BRIAND (D 5;M;4569194;493416;690
2,02E+11;18;3;23;1615;1;2;1;1;1;266;POUDRETTE     (Rue de la;M;4575659;492124;690
2,02E+11;18;3;23;2210;5;2;1;1;2;266;.  TOLSTOI    (Cours);M;4576166;488208;690
2,02E+11;18;3;24;1210;1;2;3;1;6;266;.  HONORE DE BALZAC   (B;M;4575573;489018;690
2,02E+11;18;3;23;1545;1;2;1;1;6;282;10  CROTTAY (DU);M;4575871;502354;690
2,02E+11;18;3;24;1740;1;1;1;1;6;266;31  EMILE ZOLA     (Cour;M;4577093;486538;690
2,02E+11;18;2;27;1745;2;2;1;2;6;256;C2  JEAN MOULIN;M;4578900;491543;690
2,02E+11;18;3;28;1700;1;2;3;1;6;256;GABRIEL PERI;M;4578027;492777;690
2,02E+11;18;3;25;1900;2;2;1;1;3;282;80  VERDUN (DE);M;4577781;499385;690
2,02E+11;18;3;30;1845;2;2;1;8;2;282;PAUL CEZANNE;M;4576621;499025;690
2,02E+11;18;3;30;2340;5;2;4;1;6;29;PARC (DU);M;4573182;489188;690
2,02E+11;18;4;3;1545;1;2;3;1;3;290;ALSACE (D');M;4571825;491012;690
2,02E+11;18;4;3;2125;4;2;9;1;6;290;JULIETTE RECAMIER;M;4569509;493398;690
2,02E+11;18;4;4;1630;1;2;6;1;3;266;POUDRETTE     (Rue de la;M;4575832;492117;690
2,02E+11;18;4;6;710;1;2;1;1;3;266;GENAS    (Route de);M;4575185;490373;690
2,02E+11;18;3;26;1925;2;2;2;2;3;290;211  GRENOBLE (DE)  -  R;M;4571574;496173;690
2,02E+11;18;4;6;1940;1;2;1;1;3;256;FULGENCIO GIMENEZ;M;4575182;492285;690
2,02E+11;18;4;7;1640;1;2;9;1;2;29;DROITS DE L'HOMME (DES);M;4572776;492762;690
2,02E+11;18;4;8;925;1;2;1;1;6;266;EMILE ZOLA     (Cours);M;4576581;489979;690
2,02E+11;18;4;8;2230;5;2;1;1;1;256;TITTA COIS;M;4577120;490461;690
2,02E+11;18;4;1;1625;1;2;1;1;2;256;JEAN MOULIN;M;4578896;491473;690
2,02E+11;18;4;10;1630;1;2;9;1;6;275;SULLY;M;4577123;497519;690
2,02E+11;18;4;11;1735;1;2;2;1;1;266;EMILE ZOLA     (Cours);M;4577057;487378;690
2,02E+11;18;4;13;1830;1;2;1;1;1;266;4 AOUT 1789    (Rue du);M;4576600;489800;690
2,02E+11;18;4;14;940;1;2;1;2;6;271;GENAS (DE);M;4574856;491992;690
2,02E+11;18;4;15;1450;1;2;1;1;6;256;LOUIS DUCLOS PROLONGEE;M;4579704;492574;690
2,02E+11;18;4;15;1610;1;2;2;1;1;271;CHARLES DE GAULLE;M;4574330;493720;690
2,02E+11;18;4;16;1906;1;2;1;1;6;256;GABRIEL PERI;M;4577622;491495;690
2,02E+11;18;4;17;1725;1;2;2;1;1;266;PAUL KRUGER      (Avenue;M;4575511;489936;690
2,02E+11;18;4;18;1205;1;2;1;1;5;290;JEAN ZAY;M;4570558;491341;690
2,02E+11;18;4;21;1315;1;2;2;7;3;256;HENRI BARBUSSE;M;4578523;491714;690
2,02E+11;18;4;20;1940;1;2;1;1;7;29;PIERRE BROSSOLETTE;M;4574472;491916;690
2,02E+11;18;4;17;800;1;2;2;1;3;256;DROITS DE L'HOMME (DES);M;4575350;493230;690
2,02E+11;18;4;19;1530;1;2;1;1;3;290;ST BONNET DE MURE (DE);M;4573938;495458;690
2,02E+11;18;4;19;1140;1;2;2;1;3;256;BOLHEN   (DE);M;4576457;491919;690
2,02E+11;18;4;25;830;1;2;1;1;3;275;CHARLES DE GAULLE;M;4574682;493663;690
2,02E+11;18;4;25;840;1;2;1;1;6;266;PIERRE JOSEPH PROUDHON;M;4577383;489054;690
2,02E+11;18;4;23;1840;1;2;2;1;3;282;POMMIER (DE);M;4577809;501468;690
2,02E+11;18;4;26;820;1;2;3;1;3;266;EMILE ZOLA     (Cours);M;4576593;489880;690
2,02E+11;18;4;21;1840;1;2;3;1;2;275;SULLY;M;4576856;497832;690
2,02E+11;18;4;27;1355;1;2;3;1;3;256;PABLO PICASSO;M;4577398;492302;690
2,02E+11;18;4;27;2335;5;2;1;1;2;271;LYON (DE);M;4574188;494405;690
2,02E+11;18;4;28;1430;1;2;5;1;3;256;DROITS DE L'HOMME (DES);M;4575350;493238;690
2,02E+11;18;5;5;1030;1;2;2;1;6;266;DEDIEU     (Rue);M;4576965;486990;690
2,02E+11;18;5;9;1540;1;2;2;1;3;266;GENAS    (Route de);M;4574844;491768;690
2,02E+11;18;5;13;300;5;2;1;3;6;256;BOLHEN   (DE);M;4576605;492824;690
2,02E+11;18;5;14;1231;1;2;1;8;6;266;POUDRETTE     (Rue de la;M;4575659;492124;690
2,02E+11;18;5;15;1845;1;2;2;1;3;256;GENAS (DE);M;4574846;491789;690
2,02E+11;18;5;15;1615;1;2;1;1;3;29;DOYEN JEAN LEPINE (DU);M;4574699;490072;690
2,02E+11;18;5;16;500;5;2;2;1;3;275;FRATERNITE (DE LA);M;4577276;495642;690
2,02E+11;18;5;16;1655;1;2;1;1;6;282;MELINA MERCOURI;M;4576626;501236;690
2,02E+11;18;5;17;2000;2;1;1;1;7;256;MORLET (DU);M;4580050;493669;690
2,02E+11;18;5;21;1820;1;2;2;1;3;266;BOURGCHANIN     (Rue);M;4576600;490254;690
2,02E+11;18;5;21;2225;5;2;9;1;3;256;GARIBALDI;M;4576711;493286;690
2,02E+11;18;5;18;1415;1;2;9;1;6;290;ST BONNET DE MURE (DE);M;4568965;498206;690
2,02E+11;18;5;16;1700;1;2;1;1;7;256;GRANDCLEMENT;M;4577261;493224;690
2,02E+11;18;5;22;1650;1;2;6;1;6;290;ROSES (DES);M;4568542;494667;690
2,02E+11;18;5;25;1945;1;2;3;7;7;29;GENAS (DE);M;4575013;491140;690
2,02E+11;18;5;28;1425;1;2;1;1;2;266;JEAN JAURES      (Rue);M;4575701;488076;690
2,02E+11;18;5;28;1730;1;2;1;8;2;271;LYON (DE);M;4573898;495828;690
2,02E+11;18;5;28;1230;1;2;1;1;1;266;BEL AIR   (Avenue de);M;4575810;491056;690
2,02E+11;18;5;30;2055;2;2;1;2;6;256;GABRIEL PERI;M;4577188;490998;690
2,02E+11;18;5;26;1950;1;2;2;1;1;282;VERDUN (DE)     RD6;M;4578194;500538;690
2,02E+11;18;5;31;2050;2;2;1;1;6;282;LIBERATION (DE LA);M;4577720;499780;690
2,02E+11;18;6;2;1740;1;2;1;1;3;266;GENAS    (Route de);M;4574991;491252;690
2,02E+11;18;5;31;1930;2;1;1;1;1;290;DAUPHINE (DU);M;4571251;491936;690
2,02E+11;18;6;2;1755;1;2;1;1;3;256;GEORGES DIMITROV;M;4577686;472294;690
2,02E+11;18;6;4;2140;2;2;3;2;3;290;GARE (DE LA);M;4568931;493645;690
2,02E+11;18;6;5;855;1;2;2;1;6;266;STALINGRAD    (Boulevard;M;4577947;485963;690
2,02E+11;18;6;6;1724;1;2;2;1;1;266;JEAN JAURES      (Rue);M;4575808;488516;690
2,02E+11;18;6;7;1610;1;2;1;1;6;266;ROGER SALENGRO     (Aven;M;4577639;487290;690
2,02E+11;18;6;7;1715;1;1;1;8;7;256;HALAGE (DE) NORD;M;4577478;494142;690
2,02E+11;18;6;9;1730;1;2;3;1;3;266;COLIN     (Rue);M;4577326;487412;690
2,02E+11;18;6;10;1055;1;2;2;1;6;266;ROGER SALENGRO     (Aven;M;4577839;487941;690
2,02E+11;18;6;9;1850;1;2;9;1;3;282;CLAUDE MONET;M;4576797;498909;690
2,02E+11;18;6;12;650;1;2;1;1;6;29;35EME REGIMENT D'AVIATIO;M;4573611;493027;690
2,02E+11;18;6;12;1909;1;2;1;3;6;266;GREUZE    (Rue);M;4576705;489354;690
2,02E+11;18;6;13;1840;1;2;2;1;3;266;EDOUARD VAILLANT      (R;M;4577818;487944;690
2,02E+11;18;6;17;125;5;2;2;1;3;266;TOLSTOI    (Cours);M;4576163;488206;690
2,02E+11;18;6;18;1220;1;2;1;1;6;266;8 MAI 1945   (Rue du);M;4577881;489188;690
2,02E+11;18;6;19;1318;1;2;3;1;6;266;ROULET     (Petite rue d;M;4577000;490000;690
2,02E+11;18;6;20;700;1;2;1;1;6;266;MAISONS NEUVES   (Place;M;4575578;487640;690
2,02E+11;18;6;19;1710;1;2;1;1;6;275;EMILE ZOLA;M;4576402;495733;690
2,02E+11;18;6;20;1620;1;2;3;1;3;266;ANTONIN PERRIN     (Rue);M;4575936;488498;690
2,02E+11;18;6;19;1720;1;2;2;1;3;266;EMILE ZOLA     (Cours);M;4576949;487955;690
2,02E+11;18;6;20;2000;1;2;1;1;6;266;SEVERINE       (Rue);M;4575173;491450;690
2,02E+11;18;6;22;1630;1;2;1;1;6;256;GEORGES DIMITROV;M;4577801;492773;690
2,02E+11;18;6;22;1905;1;2;2;1;3;282;JOSEPH DESBOIS;M;4578000;500523;690
2,02E+11;18;6;22;1955;1;2;1;1;7;256;BOLHEN   (DE);M;4576592;492720;690
2,02E+11;18;6;24;2051;2;2;1;1;6;290;AMBROISE PARE;M;4571111;497722;690
2,02E+11;18;6;25;735;1;2;2;1;3;266;GENAS    (Route de);M;4575435;488581;690
2,02E+11;18;6;26;1345;1;2;1;1;1;256;CHARLES DE GAULLE;M;4578188;493604;690
2,02E+11;18;6;26;1945;1;2;1;1;3;266;GENAS    (Route de);M;4575494;487913;690
2,02E+11;18;6;28;1645;1;2;4;7;3;29;8 MAI 1945 (DU);M;4572563;491520;690
2,02E+11;18;6;30;1200;1;2;1;1;6;29;PARC (DU);M;4573400;489200;690
2,02E+11;18;7;1;2215;5;2;3;1;3;29;LIONEL TERRAY;M;4572571;491320;690
2,02E+11;18;6;29;720;2;2;2;1;3;256;DROITS DE L'HOMME (DES);M;4574979;493388;690
2,02E+11;18;7;2;2000;1;2;1;1;6;29;DROITS DE L'HOMME (DES);M;4572966;492943;690
2,02E+11;18;6;17;1900;2;2;3;1;3;282;JEAN JAURES;M;4577763;502088;690
2,02E+11;18;7;4;1850;1;2;6;1;2;290;JEAN MONNET;M;4572435;493536;690
2,02E+11;18;7;8;1020;1;1;1;1;3;275;ELISEE RECLUS;M;4575500;495200;690
2,02E+11;18;7;9;1035;1;2;1;1;6;266;ALEXIS PERRONCEL     (Ru;M;4577631;488533;690
2,02E+11;18;7;10;2225;5;2;2;1;6;266;JEAN JAURES      (Rue);M;4575660;487908;690
2,02E+11;18;7;11;2145;2;2;1;1;3;290;ARISTIDE BRIAND (D 518);M;4569257;493267;690
2,02E+11;18;7;12;735;1;2;1;1;3;266;ROGER SALENGRO     (Aven;M;4578282;488997;690
2,02E+11;18;7;12;930;1;2;2;1;3;290;GRENOBLE (DE)  -  RN 6;M;4571572;496177;690
2,02E+11;18;7;12;1415;1;2;5;1;3;266;EMILE ZOLA     (Cours);M;4576335;491337;690
2,02E+11;18;7;14;330;5;2;1;1;1;290;8 MAI 1945 (DU);M;4569093;495108;690
2,02E+11;18;7;16;2145;5;2;2;1;2;29;PIERRE BROSSOLETTE;M;4574524;491864;690
2,02E+11;18;7;18;930;1;2;1;1;4;290;MIONS (DE);M;4568097;494511;690
2,02E+11;18;7;17;1955;1;2;9;1;3;256;FRANKLIN ROOSEVELT;M;4575862;493632;690
2,02E+11;18;7;19;630;1;2;5;1;3;282;LIBERATION (DE LA);M;4577625;499829;690
2,02E+11;18;7;19;750;1;2;3;1;6;266;BRUXELLES   (Rue de);M;4577737;486980;690
2,02E+11;18;7;17;830;1;2;1;1;3;256;PAUL TESTE;M;4577377;491378;690
2,02E+11;18;7;19;2305;5;2;1;1;6;290;INDUSTRIE (DE L');M;4568919;492799;690
2,02E+11;18;7;25;1400;1;2;2;1;3;256;EMILE ZOLA;M;4577779;491842;690
2,02E+11;18;7;25;1705;1;2;1;7;6;266;MAISONS NEUVES   (Place;M;4575599;487698;690
2,02E+11;18;7;27;1710;1;2;1;1;6;29;MARCEL BRAMET;M;4574521;492471;690
2,02E+11;18;7;29;1200;1;2;2;7;3;266;GENAS    (Route de);M;4574929;491427;690
2,02E+11;18;7;27;1620;1;2;1;1;5;256;EGALITE (DE L');M;4578356;492388;690
2,02E+11;18;8;3;1425;1;2;1;1;2;266;EUGENE REGUILLON     (Bo;M;4576004;489288;690
2,02E+11;18;8;3;1710;1;2;2;1;3;266;GENAS    (Route de);M;4575113;490773;690
2,02E+11;18;8;3;2000;1;2;2;1;1;290;CONDORCET;M;4570480;491553;690
2,02E+11;18;8;4;1155;1;2;1;1;6;282;REPUBLIQUE (DE);M;4576660;499997;690
2,02E+11;18;8;8;1300;1;2;4;1;3;266;8 MAI 1945   (Rue du);M;4578204;489102;690
2,02E+11;18;8;11;1830;1;2;2;1;3;266;ALSACE   (Rue d');M;4576958;486992;690
2,02E+11;18;8;11;1830;1;2;2;1;3;266;EMILE ZOLA     (Cours);M;4577058;487373;690
2,02E+11;18;8;12;440;5;2;1;1;6;256;MARCEL CACHIN;M;4578234;494227;690
2,02E+11;18;8;13;2227;5;2;1;1;3;29;BOUTASSE;M;4573483;490512;690
2,02E+11;18;8;15;2300;5;2;2;1;1;256;8 MAI 1945 (DU);M;4578685;491983;690
2,02E+11;18;8;20;830;1;2;2;1;3;266;ANTONIN PERRIN     (Rue);M;4575435;488567;690
2,02E+11;18;8;21;815;1;2;1;1;6;290;DOCTEUR GALLAVARDIN (DU);M;4569111;493728;690
2,02E+11;18;8;22;1805;2;2;1;1;2;256;GARIBALDI;M;4576632;492871;690
2,02E+11;18;8;25;1600;1;2;1;1;6;290;CHARLES OTTINA;M;4569451;493734;690
2,02E+11;18;8;25;2200;5;2;3;1;6;290;CHARLIE CHAPLIN;M;4571137;491244;690
2,02E+11;18;8;26;910;1;2;2;1;6;256;ROBERT SABY;M;4578543;492619;690
2,02E+11;18;8;24;900;1;2;6;1;2;271;DAUPHINE (DU);M;4573436;496584;690
2,02E+11;18;8;31;1315;1;1;3;1;3;290;ST BONNET DE MURE (DE);M;4569192;496713;690
2,02E+11;18;9;2;1115;1;2;1;1;6;266;8 MAI 1945   (Rue du);M;4578180;489102;690
2,02E+11;18;9;1;1210;1;2;2;1;3;256;FRANKLIN ROOSEVELT;M;4574975;493388;690
2,02E+11;18;9;3;1830;1;1;1;1;3;275;GRAVIER BLANC (DU);M;4579784;496997;690
2,02E+11;18;9;4;1830;1;2;1;1;3;256;PAUL TESTE;M;4577300;491300;690
2,02E+11;18;9;6;829;1;2;1;8;1;256;MARIUS GROSSO;M;4576359;493439;690
2,02E+11;18;9;6;1400;1;2;1;8;7;29;GENAS (DE);M;4574956;491320;690
2,02E+11;18;9;7;40;5;2;1;1;3;256;BOLHEN   (DE);M;4576566;492509;690
2,02E+11;18;9;7;720;1;2;1;1;6;271;ORESTE ZENEZINI;M;4574674;496494;690
2,02E+11;18;9;8;1935;2;2;3;1;3;266;GENAS    (Route de);M;4575426;488570;690
2,02E+11;18;9;9;1650;1;2;1;1;4;266;PAUL KRUGER      (Avenue;M;4575504;490017;690
2,02E+11;18;9;11;715;1;2;2;1;3;266;TOLSTOI    (Cours);M;4576267;487824;690
2,02E+11;18;9;11;800;1;2;1;1;6;29;GENAS (DE);M;4574839;491790;690
2,02E+11;18;9;11;650;1;2;1;1;6;282;VERDUN (DE);M;4578650;502350;690
2,02E+11;18;9;11;1715;1;2;1;1;1;256;DROITS DE L'HOMME (DES);M;4577129;493237;690
2,02E+11;18;9;10;1615;1;2;3;1;3;282;RAMBION (DU);M;4576061;499792;690
2,02E+11;18;9;12;1430;1;2;2;1;3;266;LOUIS BECKER        (Rue;M;4576524;486989;690
2,02E+11;18;9;13;735;1;2;1;7;3;271;;M;4573400;496727;690
2,02E+11;18;9;12;1212;1;2;1;1;4;290;GRENOBLE (DE)  -  RN 6;M;4571467;496474;690
2,02E+11;18;9;13;1750;1;2;2;2;3;29;REIMS (DE);M;4573903;490859;690
2,02E+11;18;9;9;1800;1;2;2;1;1;290;CHAVORLAY (DU);M;4570640;493517;690
2,02E+11;18;9;15;1730;1;2;2;1;6;266;DOUA      (Rue de la);M;4577857;487460;690
2,02E+11;18;9;16;1320;1;2;2;1;5;290;JEAN JAURES;M;4569740;493309;690
2,02E+11;18;9;16;1945;2;2;1;1;3;266;HENRI BARBUSSE   (Avenue;M;4576760;487960;690
2,02E+11;18;9;17;1640;1;2;1;1;3;266;MENS      (All‚e du);M;4578074;490774;690
2,02E+11;18;9;18;1650;1;2;1;1;4;282;JEAN JAURES;M;4577123;501514;690
2,02E+11;18;9;18;1810;1;2;9;1;3;256;BOLHEN   (DE);M;4576560;492493;690
2,02E+11;18;9;19;2040;5;2;3;1;3;275;EMILE ZOLA;M;4576344;494085;690
2,02E+11;18;9;20;105;5;2;2;1;3;266;ALSACE   (Rue d');M;4576523;486992;690
2,02E+11;18;9;20;735;1;2;1;1;6;290;LYON (DE) (D 518);M;4570750;490800;690
2,02E+11;18;9;21;740;1;2;2;1;6;266;FRANCIS DE PRESSENSE;M;4576624;489791;690
2,02E+11;18;9;21;2030;5;2;6;2;6;266;CHARMETTES    (Rue des);M;4577217;486606;690
2,02E+11;18;9;23;1440;1;2;1;1;6;29;GENERAL DE GAULLE;M;4572583;493182;690
2,02E+11;18;9;23;2100;2;1;2;1;3;29;DROITS DE L'HOMME (DES);M;4572739;492735;690
2,02E+11;18;9;25;815;1;2;1;1;3;271;FRERES MONTGOLFIER (DES);M;4572502;497227;690
2,02E+11;18;9;25;1910;5;2;1;1;2;266;LEON BLUM      (Rue);M;4576424;491748;690
2,02E+11;18;9;26;1850;1;2;1;1;6;256;GABRIEL PERI;M;4577135;490811;690
2,02E+11;18;9;27;800;1;2;3;1;6;271;ROBERDIERES (DES);M;4574685;496070;690
2,02E+11;18;9;28;815;1;2;1;1;6;266;8 MAI 1945   (Rue du);M;4577685;489243;690
2,02E+11;18;9;27;845;1;2;1;7;3;282;POMMIER (DE);M;4577857;501862;690
2,02E+11;18;9;28;1520;1;2;7;1;6;275;FRATERNITE (DE LA);M;4577147;495833;690
2,02E+11;18;9;28;1600;1;2;2;1;6;266;RICHELIEU     (Rue);M;4576092;487781;690
2,02E+11;18;9;28;1835;1;2;1;7;6;266;11 NOVEMBRE 1918    (Bou;M;4577933;487387;690
2,02E+11;18;9;27;1715;1;2;3;1;3;275;JEAN JAURES;M;4577195;497084;690
2,02E+11;18;9;26;1820;1;2;9;1;3;266;POUDRETTE     (Rue de la;M;4575999;492077;690
2,02E+11;18;10;2;1400;1;2;3;1;3;290;PARILLY (DE);M;4571472;490590;690
2,02E+11;18;10;3;555;5;2;1;1;6;29;LIONEL TERRAY;M;4572500;491200;690
2,02E+11;18;10;4;1320;1;2;3;1;6;266;8 MAI 1945   (Rue du);M;4577580;489300;690
2,02E+11;18;10;4;1850;1;2;1;1;6;282;VERDUN (DE);M;4577940;499680;690
2,02E+11;18;10;7;705;5;2;2;3;3;271;CHARLES DE GAULLE;M;4574486;493694;690
2,02E+11;18;10;5;1520;1;2;1;1;6;282;JEAN JAURES;M;4577039;501355;690
2,02E+11;18;9;29;1545;1;2;1;1;3;275;VAUCANSON;M;4575370;494149;690
2,02E+11;18;10;9;2125;5;2;2;1;3;266;EMILE ZOLA     (Cours);M;4577235;487280;690
2,02E+11;18;10;11;640;5;2;6;2;3;266;MARENGO    (Place);M;4575973;487562;690
2,02E+11;18;10;11;1855;2;2;1;1;6;282;MELINA MERCOURI;M;4576667;501121;690
2,02E+11;18;10;12;1850;2;2;7;1;3;266;ROGER SALENGRO     (Aven;M;4578098;488414;690
2,02E+11;18;10;13;1540;1;2;2;1;6;266;PIERRE BARATIN     (Rue);M;4576547;490113;690
2,02E+11;18;10;14;430;4;2;2;1;6;290;JEAN ZAY;M;4570838;490883;690
2,02E+11;18;10;15;1700;1;2;3;1;3;29;PIERRE BROSSOLETTE;M;4574194;492000;690
2,02E+11;18;9;25;1915;1;2;2;1;6;266;VENISE   (Rue de);M;4576699;490052;690
2,02E+11;18;10;16;1345;1;2;1;1;6;266;GENERAL LECLERC    (Aven;M;4575933;489071;690
2,02E+11;18;10;16;1445;1;2;2;1;3;266;ROGER SALENGRO     (Aven;M;4577681;487650;690
2,02E+11;18;10;16;1740;1;2;3;1;2;275;JEAN JAURES;M;4577105;496208;690
2,02E+11;18;10;16;1755;1;2;2;1;6;266;ALEXIS PERRONCEL     (Ru;M;4577609;488414;690
2,02E+11;18;10;16;1330;1;2;9;1;6;290;LYON (DE) (D 518);M;4570468;491281;690
2,02E+11;18;10;17;730;2;2;3;1;3;29;FRANKLIN ROOSEVELT;M;4573759;489637;690
2,02E+11;18;10;18;2330;5;2;2;1;3;290;JEAN ZAY;M;4570850;490847;690