Num_Acc;an;mois;jour;hrmn;lum;agg;int;atm;col;com;adr;gps;lat;long;dep
2,02E+11;18;8;7;1030;1;2;1;1;6;181;BONNETABLE (RTE) Nш IMP;M;4801809;21986;720
2,02E+11;18;8;10;1540;1;2;6;1;3;95;VIGNES (RUE DES);M;4802564;21135;720
2,02E+11;18;8;14;1125;1;2;1;1;6;181;JAURES JEAN (AV) Nш PAIR;M;4798550;20933;720
2,02E+11;18;8;21;2010;1;2;6;1;3;181;MUTUEL (BD);M;4800554;21776;720
2,02E+11;18;8;22;1420;1;2;1;1;2;181;VOLTAIRE (RUE) Nш PAIRS;M;4801299;18903;720
2,02E+11;18;8;22;2350;5;2;1;1;7;95;SAINT MICHEL (BD);M;4802186;20168;720
2,02E+11;18;8;27;1015;1;2;1;2;6;181;CUGNOT NICOLAS (BD);M;4798463;22317;720
2,02E+11;18;8;29;1715;1;1;1;1;5;181;LAVAL (RTE DE) PAIRS;M;4801649;14603;720
2,02E+11;18;9;3;1215;1;2;1;1;4;181;BROSSOLETTE PIERRE (BD);M;4797888;20495;720
2,02E+11;18;9;4;1220;1;2;1;1;1;3;19 MARS 1962 (AV);M;4795581;16579;720
2,02E+11;18;9;10;2135;5;2;1;1;3;181;CUGNOT NICOLAS (BD);M;4798453;22280;720
2,02E+11;18;9;13;1140;1;2;2;2;6;181;BROSSOLETTE PIERRE (BD);M;4797797;20775;720
2,02E+11;18;9;13;657;5;2;9;2;1;181;HOPITAL (PARKING DE L');M;4801683;17643;720
2,02E+11;18;9;15;1445;1;2;1;1;3;181;RHIN ET DANUBE (AV) Nш I;M;4801760;18519;720
2,02E+11;18;9;17;1330;1;2;3;1;3;181;EINSTEIN ALBERT (RUE);M;4802866;17224;720
2,02E+11;18;9;18;1900;1;2;3;1;3;181;Robert Jarry (Bd);M;4799600;19288;720
2,02E+11;18;9;21;1711;1;2;1;1;6;181;BRUXELLES (AV) Nш IMP;M;4802221;21137;720
2,02E+11;18;9;22;1555;1;1;1;1;4;181;ALENCON (RTE D');M;4803287;17793;720
2,02E+11;18;9;24;1815;1;2;1;1;4;181;BOLLEE (AV) Nш PAIRS 224;M;4799860;23369;720
2,02E+11;18;9;28;1815;1;2;1;1;3;181;JAURES JEAN (AV) Nш IMP;M;4798816;20796;720
2,02E+11;18;9;28;2230;5;1;1;1;3;181;PATTON GENERAL RTE ST-AU;M;4802143;16922;720
2,02E+11;18;9;28;2300;5;1;1;1;2;181;PATTON GENERAL RTE ST-AU;M;4802110;16951;720
2,02E+11;18;10;1;1410;1;2;2;1;6;181;BROSSOLETTE PIERRE (BD);M;4797788;23369;720
2,02E+11;18;10;1;2000;1;2;6;1;3;181;BONNETABLE STOC (RTE);M;4801759;21866;720
2,02E+11;18;10;4;1242;1;2;1;1;2;181;LOUIS BLANC (QUAI);M;4800949;19563;720
2,02E+11;18;10;4;1725;1;2;2;1;3;181;ROUSSEAU JJ  BD Nш PAIRS;M;4798159;20856;720
2,02E+11;18;10;10;1135;1;2;3;1;2;181;ANATOLE FRANCE (BD );M;4800108;18895;720
2,02E+11;18;10;12;1730;1;2;1;1;6;181;CHAMPION HENRI (RUE) Nш;M;4798244;22817;720
2,02E+11;18;10;13;2155;5;2;3;1;3;181;BOLLEE (AV) Nш PAIRS 64;M;4800112;21083;720
2,02E+11;18;10;14;1340;1;2;3;1;3;181;LAIGNE RUE DE Nш IMP 229;M;4797160;21086;720
2,02E+11;18;10;15;1730;1;1;1;1;7;3;VC 3 (CHE);M;4796410;12315;720
2,02E+11;18;10;15;1925;5;2;1;1;3;181;BOLLEE (AV) Nш IMP 65 A;M;4799874;21352;720
2,02E+11;18;10;18;1200;1;2;1;1;3;181;PREMARTINE (RUE) Nш IMP;M;4801150;22890;720
2,02E+11;18;10;19;1340;1;2;1;1;6;181;LOUIS BLANC (QUAI);M;4800945;19563;720
2,02E+11;18;10;21;330;5;2;1;1;6;181;ZAMENHOF DOCTEUR (AV DU);M;4801746;21863;720
2,02E+11;18;10;22;1440;1;2;1;1;3;181;DEMORIEUX PAIRS-ROCADE A;M;4798363;17697;720
2,02E+11;18;10;24;800;2;2;1;1;3;181;ANGEVINIERE (RUE DE L');M;4798236;17236;720
2,02E+11;18;10;27;1910;2;2;1;1;6;181;EDISON THOMAS (RUE);M;4802498;17929;720
2,02E+11;18;11;3;1030;1;2;1;1;1;181;CLEMENCEAU GEORGES ( BD);M;4797944;21526;720
2,02E+11;18;11;3;420;5;2;1;1;6;181;LEDRU ROLLIN QUAI Nш 1 A;M;4800679;19157;720
2,02E+11;18;11;6;1820;5;2;2;8;3;181;BOLLEE (AV) Nш IMP 347 E;M;4799744;22317;720
2,02E+11;18;11;7;1730;5;2;3;2;2;181;COPENHAGUE (RUE DE);M;4801948;20634;720
2,02E+11;18;11;7;1800;5;2;1;2;6;181;BOURG BELE (RUE DU)  Nш;M;4799760;19785;720
2,02E+11;18;11;8;720;5;2;1;1;6;181;BERTINIERE (RUE DE LA) N;M;4799245;21652;720
2,02E+11;18;11;8;1340;1;2;1;1;6;3;ANJOU (BD D');M;4796557;16161;720
2,02E+11;18;11;8;1930;3;1;1;1;7;3;RD 23 (RTE);M;4795993;12950;720
2,02E+11;18;11;9;2130;5;2;1;3;6;181;KLOTZ HENRI-PIERRE (AV);M;4802006;16322;720
2,02E+11;18;11;10;1550;1;2;3;2;3;181;HEUZE OLIVIER AV Nш PAIR;M;4799469;17710;720
2,02E+11;18;11;13;1950;5;2;2;1;3;181;CARNOT (BD);M;4800874;18085;720
2,02E+11;18;11;14;835;1;2;1;1;6;181;LYAUTEY MARECHAL (AV) Nш;M;4801664;21928;720
2,02E+11;18;11;15;855;1;2;1;5;6;181;PRAIRIES DE FUNAY (ALLEE;M;4798663;22149;720
2,02E+11;18;11;16;755;2;2;3;5;3;181;JAURES JEAN (AV) Nш IMP;M;4799151;20572;720
2,02E+11;18;11;19;1700;1;2;3;1;3;181;ISAAC (RUE) Nш IMP 241 E;M;4801717;24269;720
2,02E+11;18;11;20;1010;1;1;1;2;2;181;ALENCON (RTE D');M;4802991;17964;720
2,02E+11;18;11;20;755;2;2;6;2;3;95;SAINT MICHEL (BD);M;4802426;20155;720
2,02E+11;18;11;20;1818;5;2;2;1;1;181;SIEYES (RUE);M;4801080;19072;720
2,02E+11;18;11;22;2025;3;1;1;1;1;3;SUZE (RTE DE LA);M;4796664;13564;720
2,02E+11;18;11;23;1110;1;2;1;1;2;181;CUGNOT NICOLAS (BD);M;4798158;21787;720
2,02E+11;18;11;24;1632;1;2;1;7;2;181;PADERBORN (AV) CONTRE AL;M;4800885;20008;720
2,02E+11;18;11;26;1410;1;2;1;1;6;181;JAURES JEAN (AV) Nш IMP;M;4799294;20454;720
2,02E+11;18;11;28;1130;1;2;1;1;2;181;CHATEAU D'EAU (RUE DU);M;4797009;20113;720
2,02E+11;18;11;29;1700;5;2;1;1;3;181;CHAMPION HENRI (RUE) Nш;M;4798260;22938;720
2,02E+11;18;11;30;1150;1;2;3;1;3;181;19 MARS 1962 (PL);M;4798157;20856;720
2,02E+11;18;12;1;745;5;2;1;9;2;181;DURAND GEORGES (AV) Nш I;M;4796353;22086;720
2,02E+11;18;12;2;1230;1;1;1;1;2;181;LEFAUCHEUX PIERRE (BD);M;4795452;18005;720
2,02E+11;18;12;2;2040;5;2;2;1;3;181;NATIONALE (RUE);M;4799941;19961;720
2,02E+11;18;12;3;1830;5;2;1;2;6;3;ANJOU (BD D');M;4996698;16055;720
2,02E+11;18;12;7;925;1;2;1;2;2;181;BOLLEE (AV) Nш PAIRS 154;M;4799731;21703;720
2,02E+11;18;12;9;1930;5;2;3;1;3;181;ARNAGE (RUE D') Nш PAIRS;M;4798981;19263;720
2,02E+11;18;12;10;855;1;2;6;1;3;181;GOUGEARD (RUE) Nш PAIRS;M;4800394;20245;720
2,02E+11;18;12;14;1455;1;2;1;1;6;181;JAURES JEAN (AV) Nш IMP;M;4799279;20449;720
2,02E+11;18;12;23;1800;5;1;1;3;5;181;PATTON GENERAL RTE ST-AU;M;4799597;20726;720
2,02E+11;18;12;29;1525;1;2;1;1;6;181;KEPLER (RUE);M;4798803;21992;720
2,02E+11;18;12;31;1920;5;2;2;1;3;181;RHIN ET DANUBE (AV) Nш I;M;4802122;18350;720
2,02E+11;18;5;20;1010;1;1;1;2;1;43;dйpartementale 14;M;4323983;634946;830
2,02E+11;18;10;21;1700;1;1;1;1;7;43;route dйpartementale 39;M;4324435;633541;830
2,02E+11;18;4;7;1747;1;1;1;1;6;320;D613 - PK 97+100;M;4282872;198747;110
2,02E+11;18;6;28;1145;1;1;1;1;6;36;RD 613 PR89+880;M;4284574;206904;110
2,02E+11;18;10;14;1100;1;1;9;3;3;168;RD991;M;4402728;329707;120
2,02E+11;18;1;3;2015;3;1;1;2;6;153;;M;4748838;77312;370
2,02E+11;18;1;13;1650;1;1;1;7;6;229;RD 766;M;4758728;101955;370
2,02E+11;18;3;24;1530;1;2;3;1;3;63;Intersection Rue des Amй;M;4758565;90338;370
2,02E+11;18;4;18;1850;1;1;9;1;5;116;Lieu-dit La Martiniиre;M;4768372;77603;370
2,02E+11;18;5;15;1555;1;1;1;1;6;224;Lieu dit les forestiиres;M;4759385;75975;370
2,02E+11;18;5;15;1630;1;1;1;1;3;92;RD 910 - Les Raberies;M;4752727;83149;370
2,02E+11;18;5;20;900;1;1;1;1;6;175;Les Perrets;M;4753742;73322;370
2,02E+11;18;6;2;1620;1;1;1;1;6;95;D55;M;4755518;104777;370
2,02E+11;18;7;15;900;1;1;1;1;6;153;"RD 910 ; PK 017.853";M;4749887;78670;370
2,02E+11;18;8;10;1900;1;1;1;1;6;155;lieu-dit les Landes;M;4763962;79976;370
2,02E+11;18;8;10;2030;2;2;4;1;6;194;RUE DE BALZAC;M;4747804;87505;370
2,02E+11;18;8;16;930;1;2;1;1;6;63;88 rue de la rйpublique;M;4759193;91086;370
2,02E+11;18;9;15;1350;1;2;1;1;6;175;La Guinaudrie;M;4754988;74619;370
2,02E+11;18;10;6;2050;3;1;1;8;1;153;LA FONTAINE;M;4750536;79894;370
2,02E+11;18;10;26;1515;1;1;1;1;7;175;le charentais;M;4755394;74673;370
2,02E+11;18;10;29;1550;1;1;1;8;5;92;D910;M;4752688;83085;370
2,02E+11;18;12;14;1810;3;1;1;2;4;153;D 910;M;4749947;78606;370
2,02E+11;18;12;21;1335;1;1;2;3;3;276;D 910;M;4755809;87140;370
2,02E+11;18;12;26;1725;2;2;2;1;6;8;MERMOZ JEAN RUE;M;4569635;590215;730
2,02E+11;18;1;20;1315;1;2;6;2;3;8;HOPITAUX CARREFOUR DES;M;4569660;590752;730
2,02E+11;18;12;7;1930;5;2;1;2;6;8;GEORGES 1ER RUE;M;4568781;591593;730
2,02E+11;18;1;24;950;1;2;1;1;3;8;555  WILSON BOULEVARD;M;4568649;590989;730
2,02E+11;18;2;27;1545;1;2;1;1;6;8;ROOSEVELT FRANKLIN AVENU;M;4569948;590844;730
2,02E+11;18;3;26;2040;5;2;4;2;3;8;PETIT PORT  AVENUE DU;M;4569471;589753;730
2,02E+11;18;3;27;1735;2;2;6;2;3;8;GARE PLACE DE LA;M;4568811;590973;730
2,02E+11;18;5;6;1555;1;2;3;1;3;8;PETITS PAINS RUE DES;M;4570884;591190;730
2,02E+11;18;8;4;1736;1;2;1;1;3;8;LEPIC BOULEVARD;M;4568902;590399;730
2,02E+11;18;7;12;930;1;2;1;1;3;8;LATTRE DE TASSIGNY BD;M;4569457;590152;730
2,02E+11;18;1;26;1820;5;2;1;2;6;11;91  DE GAULLE (AV);M;4566769;637250;730
2,02E+11;18;3;25;1015;1;2;2;1;3;11;AIDIER (CHEMIN D');M;4566390;636414;730
2,02E+11;18;3;23;1735;1;2;6;7;6;11;JEUX OLYMPIQUES (AVENUE;M;4565839;637612;730
2,02E+11;18;4;26;1450;1;2;1;1;3;11;TOURS (ROUTE DE);M;4566711;641218;730
2,02E+11;18;6;21;836;1;2;3;1;3;11;DE GAULLE (AV) GILLY A W;M;4566386;636415;730
2,02E+11;18;7;9;750;1;2;6;1;3;11;CHARRETTE (CHEMIN DE LA);M;4565986;636820;730
2,02E+11;18;7;15;1600;1;2;3;1;5;11;Rue Pasteur;M;4566714;638536;730
2,02E+11;18;7;26;915;1;2;2;1;3;11;CHARRETTE (CHEMIN DE LA);M;4566387;636414;730
2,02E+11;18;9;10;1110;1;2;5;9;1;11;TARENTAISE (AVENUE DE);M;4566831;639466;730
2,02E+11;18;10;6;1312;1;1;1;8;2;11;R.N. 90 DE PT PIERRE DU;M;4566310;639630;730
2,02E+11;18;11;11;140;3;1;1;2;6;11;BEAUFORT (ROUTE DE);M;4567833;639622;730
2,02E+11;18;12;21;1135;1;2;4;2;3;11;BEAUFORT (ROUTE DE);M;4567711;639585;730
2,02E+11;18;12;12;1040;1;2;3;1;1;222;EPINE (AVENUE DE L');M;4557933;595065;730
2,02E+11;18;12;24;230;5;2;6;1;7;65;HOUILLE BLANCHE (AVENUE;M;4558468;589280;730
2,02E+11;18;12;23;1755;5;2;3;1;3;65;BOISSE (AVENUE DE LA);M;4557374;591730;730
2,02E+11;18;1;4;500;5;2;2;3;3;65;0  JAURES JEAN (AVENUE);M;4556806;591394;730
2,02E+11;18;1;14;1945;3;2;4;9;6;65;35  FOLLAZ (AVENUE DES);M;4557896;590423;730
2,02E+11;18;1;6;1510;1;2;1;1;6;31;20  CENTRALE (RUE);M;4557373;594466;730
2,02E+11;18;1;16;1555;1;2;1;3;6;65;0  LANDIERS (AVENUE DES);M;4559376;590022;730
2,02E+11;18;1;17;850;1;2;6;8;6;65;0  ROPS DANIEL (AVENUE);M;4558996;592040;730
2,02E+11;18;1;17;1910;5;2;1;1;3;65;PIERRE MENDES F (AVENUE);M;4559266;591408;730
2,02E+11;18;2;16;1830;5;2;6;1;6;65;24  ROPS DANIEL (AVENUE);M;4559004;592038;730
2,02E+11;18;2;7;750;1;2;6;8;6;31;0  CENTRALE (RUE);M;4557362;594639;730
2,02E+11;18;2;8;815;1;2;4;8;1;65;0 ONZE NOVEMBRE ( QUAI;M;4556765;593787;730
2,02E+11;18;2;12;2215;4;1;1;1;2;31;0  ROUTE NATIONALE 201 (;M;4559219;589689;730
2,02E+11;18;2;14;1910;5;2;3;1;3;65;BOURG (RUE DU);M;4559265;590222;730
2,02E+11;18;2;15;855;1;1;1;2;6;31;0  SAINT SATURNIN (ROUTE;M;4557752;593445;730
2,02E+11;18;2;17;1200;1;2;4;2;6;65;Jean Jaures (AVENUE);M;4556675;591487;730
2,02E+11;18;3;3;220;3;2;1;4;6;31;17  ROUTE NATIONALE 201;M;4557243;593573;730
2,02E+11;18;3;22;845;1;2;1;1;6;87;2  rue du pont vieux;M;4556149;589896;730
2,02E+11;18;3;23;2130;3;1;1;1;1;222;0  FECLAZ (ROUTE DE LA);M;4558202;597546;730
2,02E+11;18;3;23;2130;5;2;1;1;3;65;0  CROIX D'OR (RUE);M;4556486;592408;730
2,02E+11;18;3;24;1035;1;2;1;1;6;65;114  FREIZIER (RUE);M;4556893;591993;730
2,02E+11;18;3;27;1215;1;2;1;1;6;87;53  LYON (ROUTE DE);M;4555797;589516;730
2,02E+11;18;3;30;1640;1;2;3;2;6;65;48  ROISSARD CHARLES (QU;M;4556923;591934;730
2,02E+11;18;4;4;1215;1;2;3;1;3;29;avenue du Stade;M;4556382;594348;730
2,02E+11;18;3;31;1500;1;2;1;1;2;31;BASSENS (AVENUE DE);M;4557492;593777;730
2,02E+11;18;4;9;1630;1;2;4;1;3;65;Chemin de la rotonde;M;4557685;591888;730
2,02E+11;18;4;12;910;1;1;1;1;6;65;SAINT SATURNIN (ROUTE DE;M;4559851;593094;730
2,02E+11;18;4;14;1205;1;2;2;1;3;65;JAURES JEAN (AVENUE);M;4556802;591385;730
2,02E+11;18;4;19;1925;1;2;1;1;3;65;VOIE RAPIDE URBAINE;M;4560062;589257;730
2,02E+11;18;4;20;1720;1;2;6;1;3;65;STADE (PLACE DU);M;4557225;591022;730
2,02E+11;18;4;29;2135;5;2;1;3;6;65;VEYRAT JEAN PIERRE (RUE);M;4556694;591837;730
2,02E+11;18;5;5;1945;2;2;1;1;1;65;GRAND ARIETAZ (AVENUE DU;M;4558235;589149;730
2,02E+11;18;5;3;820;1;2;1;8;1;65;RIZE (QUAI DE LA);M;4556755;593312;730
2,02E+11;18;5;11;1610;1;2;3;1;3;87;BORDEAUX HENRY (AVENUE);M;4556502;589349;730
2,02E+11;18;4;23;1840;1;2;4;1;5;65;LEMENC (BOULEVARD);M;4556925;592472;730
2,02E+11;18;5;30;1430;1;2;3;1;3;29;VILETTE(ROUTE DE LA);M;4555109;594187;730
2,02E+11;18;6;9;430;5;2;1;1;6;65;RECLUS  (FAUBOURG);M;4556879;592160;730
2,02E+11;18;6;9;1330;1;2;1;1;6;65;JACQUES ANDRE (RUE);M;4556238;592684;730
2,02E+11;18;6;13;1030;1;2;1;2;6;65;DUCS DE SAVOIE (AVENUE D;M;4556822;592155;730
2,02E+11;18;6;15;830;1;2;1;1;3;65;NANT BRUYANT (RUE DU);M;4559705;589625;730
2,02E+11;18;6;22;1715;1;2;6;1;3;65;Chemin de Jacob;M;4556046;590785;730
2,02E+11;18;6;23;1430;1;1;1;1;2;65;VOIE RAPIDE URBAINE;M;4557282;593441;730
2,02E+11;18;6;25;930;1;2;3;1;2;29;CLOS (MONTEE DU);M;4556051;594230;730
2,02E+11;18;6;25;1935;1;1;1;1;3;65;VOIE RAPIDE URBAINE;M;4556395;594774;730
2,02E+11;18;6;26;850;1;2;1;1;1;222;BATHIE ET DES CORNIOLLES;M;4557603;597926;730
2,02E+11;18;6;27;1840;1;1;1;1;4;65;VOIE RAPIDE URBAINE;M;4558741;590343;730
2,02E+11;18;6;28;2245;5;2;4;1;7;65;MONTMELIAN (FAUFOURG);M;4556775;593830;730
2,02E+11;18;6;28;1825;1;2;3;1;3;29;CHALLES (ROUTE DE);M;4557004;594672;730
2,02E+11;18;7;4;1245;1;2;1;1;4;65;FOLLAZ (AVENUE DES);M;4558389;590107;730
2,02E+11;18;7;4;1400;1;2;1;1;4;31;BASSENS (AVENUE DE);M;4557748;593976;730
2,02E+11;18;7;7;2110;2;2;2;1;2;65;LYON (AVENUE DE);M;4556292;590827;730
2,02E+11;18;7;10;1240;1;1;1;1;3;65;VOIE RAPIDE URBAINE;M;4557693;592142;730
2,02E+11;18;7;11;1820;1;1;1;1;2;65;VOIE RAPIDE URBAINE;M;4557887;591659;730
2,02E+11;18;7;16;855;1;2;1;1;6;65;LYON (AVENUE DE);M;4556382;591702;730
2,02E+11;18;7;21;2200;5;1;1;1;6;65;VOIE RAPIDE URBAINE;M;4557352;593292;730
2,02E+11;18;7;7;1250;1;2;1;1;6;65;DESFRANCOIS (AVENUE DU;M;4556864;592701;730
2,02E+11;18;8;8;1920;1;1;1;1;6;65;VOIE RAPIDE URBAINE;M;4557536;592868;730
2,02E+11;18;8;18;1820;1;2;4;1;1;87;Rue Maurice Ravel;M;4557052;588879;730
2,02E+11;18;8;16;1230;1;2;3;1;3;31;SAINT ALBAN LEYSSE (ROUT;M;4558180;594606;730
2,02E+11;18;8;27;1255;1;2;3;1;1;137;RICHARD JEAN BAPTISTE (R;M;4555604;591266;730
2,02E+11;18;8;31;2125;5;2;4;1;6;65;REVARD (RUE DU);M;4557838;590432;730
2,02E+11;18;9;11;1150;1;2;1;1;6;65;GAULLE (AVENUE GENERAL D;M;4556694;592138;730
2,02E+11;18;9;21;1225;1;2;3;1;6;65;VEYRAT JEAN PIERRE (RUE);M;4556782;591910;730
2,02E+11;18;9;22;1850;1;2;1;1;6;29;APREMONT (ROUTE D');M;4556349;594558;730
2,02E+11;18;9;28;2100;5;2;4;1;2;65;TURIN (AVENUE);M;4557027;593634;730
2,02E+11;18;10;2;2150;5;2;4;1;3;29;CHALLES (ROUTE DE);M;4556760;593778;730
2,02E+11;18;10;5;745;2;2;2;1;3;65;MONTS (BOULEVARD DES);M;4557507;593113;730
2,02E+11;18;10;5;910;1;2;2;1;3;65;LYON (AVENUE DE);M;4556294;590819;730
2,02E+11;18;10;6;2340;5;2;2;1;3;31;TURIN (AVENUE DE);M;4557146;594092;730
2,02E+11;18;10;19;1805;1;2;4;1;6;222;FECLAZ (ROUTE DE LA);M;4557906;596764;730
2,02E+11;18;10;12;2245;5;2;4;1;3;65;BERROIR MARIUS (av);M;4556464;593280;730
2,02E+11;18;10;31;755;2;2;2;8;3;31;SAINT SATURNIN (ROUTE DE;M;4558170;593630;730
2,02E+11;18;10;31;1640;1;2;3;1;3;222;MAROCAZ (RUE DU);M;4557388;594974;730
2,02E+11;18;11;1;1930;3;2;3;2;6;222;MARTINIERE ( RUE DE LA );M;4557103;594118;730
2,02E+11;18;10;27;425;5;2;1;3;6;65;LYON (AVENUE DE);M;4556261;591049;730
2,02E+11;18;11;23;1510;1;2;1;2;6;65;CASSINE (CHEMIN DE LA);M;4557088;592077;730
2,02E+11;18;11;23;1520;1;1;6;2;3;65;VOIE RAPIDE URBAINE;M;4559523;589344;730
2,02E+11;18;11;27;758;1;2;6;8;6;65;BERROIR MARIUS (RUE);M;4556388;593207;730
2,02E+11;18;11;24;300;5;2;3;2;6;65;LABIAZ (ROUTE DE);M;4557747;588748;730
2,02E+11;18;12;8;2330;5;2;3;8;6;87;DIGUE (RUE DE LA);M;4557238;590422;730
2,02E+11;18;12;9;1550;1;2;1;3;1;65;GRAND VERGER (AVENUE DU);M;4558460;590846;730
2,02E+11;18;12;9;1900;3;2;1;9;6;65;FOLLAZ (AVENUE DES);M;4558379;590114;730
2,02E+11;18;8;20;1520;1;1;3;1;1;31;route du tapis;M;4727477;17707;370
2,02E+11;18;10;11;1355;1;1;1;1;7;24;CD 69 - VALLЙE DE CHANRI;M;4733149;24201;370
2,02E+11;18;9;2;330;5;2;4;1;6;196;rue de la lisiиre;M;4701070;31857;370
2,02E+11;18;10;30;1615;1;1;1;1;6;12;RD 757 au PK 11+200;M;4715872;43477;370
2,02E+11;18;11;8;1145;1;2;3;1;6;196;Place du marchй;M;4701223;32364;370
2,02E+11;18;12;7;1945;3;1;1;1;1;51;Route Dйpartementale 749;M;4705188;32320;370
2,02E+11;18;1;3;1720;5;2;4;3;6;10;AVENUE DE LOVERCHY;M;4585476;611892;740
2,02E+11;18;1;14;745;2;2;6;1;6;10;45  NOVEL (AVENUE DE);M;4591476;612952;740
2,02E+11;18;1;19;740;2;2;4;2;3;10;AVENUE DE BROGNY;M;4591945;612564;740
2,02E+11;18;1;21;1440;1;2;2;2;6;93;9  REPUBLIQUE (AVENUE DE;M;4590695;611033;740
2,02E+11;18;2;2;745;1;2;4;1;7;10;BOULEVARD CORNICHE;M;4589412;612994;740
2,02E+11;18;2;4;610;5;2;2;1;5;10;BOULEVARD DE LA  ROCADE;M;4590916;611700;740
2,02E+11;18;2;7;1340;1;2;1;2;6;10;134  AVENUE DE GENEVE;M;4592511;612451;740
2,02E+11;18;2;7;1625;2;2;1;2;6;10;46  NOVEL (AVENUE DE);M;4591662;613207;740
2,02E+11;18;2;8;1800;5;2;4;1;5;10;RUE JACQUELINE AURIOL;M;4592433;612711;740
2,02E+11;18;2;11;1630;1;2;3;2;6;10;11-13  ALBIGNY (AVE);M;4590410;613830;740
2,02E+11;18;3;13;1826;2;2;1;8;6;10;28  RUE SOMMEILLER;M;4590215;612512;740
2,02E+11;18;3;31;2100;4;2;1;1;3;93;BOULEVARD OUEST;M;;;740
2,02E+11;18;4;3;700;1;2;1;1;1;10;MARQUISATS (AVENUE DES);M;4589073;614072;740
2,02E+11;18;4;9;1345;1;2;4;1;6;93;GEVRIER (DE);M;4590664;609767;740
2,02E+11;18;4;10;1125;1;2;3;1;6;10;MAX BRUCHET;M;4591168;612400;740
2,02E+11;18;1;16;2110;5;2;2;2;3;10;BD DE LA  ROCADE;M;4590916;611733;740
2,02E+11;18;4;10;1530;1;2;2;1;3;10;ROCADE (BOULEVARD DE LA);M;4591160;612145;740
2,02E+11;18;4;16;1740;1;2;3;1;3;10;CHAMBERY;M;4589835;611677;740
2,02E+11;18;4;18;1408;1;2;6;1;3;10;MAQUIS (CHEMIN DU);M;4592134;613332;740
2,02E+11;18;4;26;1805;1;2;2;1;6;10;FIER (BOULEVARD DU));M;4591200;611350;740
2,02E+11;18;5;5;2315;5;2;1;1;2;10;MARQUISATS (AVENUE DES);M;4589460;613425;740
2,02E+11;18;5;6;1445;1;2;1;1;3;10;BALMETTES (FAUBOURG DES);M;4589477;612354;740
2,02E+11;18;5;14;1400;1;2;1;1;6;93;BERGES (Chemin des);M;4590635;610465;740
2,02E+11;18;5;18;1140;1;2;3;1;3;10;MAVERIA;M;4590930;614180;740
2,02E+11;18;5;20;1;5;2;1;1;7;10;PRESIDENT FAVRE;M;;;740
2,02E+11;18;5;22;1153;1;2;1;1;5;10;BROGNY (AVENUE DE) (SECT;M;4592183;612562;740
2,02E+11;18;5;24;1704;1;2;1;1;3;10;MARQUISATS (AVENUE DES);M;4589688;613186;740
2,02E+11;18;5;29;1910;1;2;1;1;2;93;PONT-NEUF (AVENUE DU);M;;;740
2,02E+11;18;6;12;1311;1;2;1;1;2;93;PRELEVET (AVENUE DE);M;4589479;610118;740
2,02E+11;18;6;12;1953;1;2;1;2;6;10;CARNOT (RUE);M;4590534;612393;740
2,02E+11;18;6;14;2315;5;2;6;1;3;10;RHONE (AVENUE DU);M;4590039;611733;740
2,02E+11;18;6;22;1820;1;2;3;1;3;10;JEAN JAURES;M;4590323;612782;740
2,02E+11;18;6;30;1530;1;2;9;1;3;93;CROISEE (DE LA);M;4589611;611127;740
2,02E+11;18;6;30;2105;1;2;3;1;2;10;PONT NEUF;M;4689774;611460;740
2,02E+11;18;7;1;135;5;2;1;1;3;93;REPUBLIQUE (AVENUE DE LA;M;;;740
2,02E+11;18;7;5;705;1;2;6;1;3;10;LYCEE (BOULEVARD DU)(BRO;M;4590594;612884;740
2,02E+11;18;7;19;2300;5;2;3;1;3;93;CHEVENNES (ROUTE DE);M;4590430;610939;740
2,02E+11;18;7;24;1900;1;2;1;1;6;10;CLOCHES (CHEMIN DES);M;4591145;613687;740
2,02E+11;18;7;26;1845;1;2;3;1;3;10;BERTHOLLET;M;4590432;612152;740
2,02E+11;18;7;27;845;1;2;6;1;3;10;LYCEE (BOULEVARD DU)(BRO;M;4590630;613120;740
2,02E+11;18;8;8;1510;1;2;9;1;6;93;CREUSES (ROUTE DES);M;4589356;610120;740
2,02E+11;18;8;13;1315;1;2;1;1;3;10;CROIX ROUGE (CHEMIN DE L;M;4589477;611502;740
2,02E+11;18;8;21;1105;1;2;9;7;6;10;SOMMEILLER;M;4590223;612539;740
2,02E+11;18;9;7;1010;1;2;1;1;2;93;PRELEVET (AVENUE DE);M;4589801;610358;740
2,02E+11;18;9;25;2115;5;2;1;1;3;10;ROCADE (BOULEVARD DE LA);M;4591160;612150;740
2,02E+11;18;9;26;110;5;2;1;1;6;10;LOUIS CHAUMONTEL;M;4590410;612100;740
2,02E+11;18;9;27;1318;1;2;2;1;1;10;LOVERCHY (CIMETIERE/AVEN;M;4589510;611930;740
2,02E+11;18;9;30;100;5;2;2;1;3;10;FRANCE (AVENUE)(SECTEUR;M;4590719;614070;740
2,02E+11;18;10;1;645;5;2;3;1;3;10;BROGNY (AVENUE DE) (SECT;M;4591940;612560;740
2,02E+11;18;11;21;1730;5;2;1;2;4;10;ROCADE (BOULEVARD DE LA);M;4590692;611514;740
2,02E+11;18;12;5;1715;1;2;2;1;6;10;FRANCE (AVENUE)(SECTEUR;M;4591345;613494;740
2,02E+11;18;12;11;1900;5;2;4;1;6;93;BEAUREGARD;M;4590392;609931;740
2,02E+11;18;12;12;1410;1;2;1;1;6;10;GENEVE (AVENUE DE)(SECTE;M;4591082;612382;740
2,02E+11;18;12;14;820;1;2;1;1;6;93;ANJOT (AVENUE DU CAPITAI;M;4589605;609729;740
2,02E+11;18;12;20;949;1;2;1;1;6;10;FRANCE (AVENUE)(SECTEUR;M;4591040;613770;740
2,02E+11;18;1;3;730;2;2;1;6;5;133;INDUSTRIE (RUE DE L');M;4618258;621386;740