Num_Acc;an;mois;jour;hrmn;lum;agg;int;atm;col;com;adr;gps;lat;long;dep
2,02E+11;18;1;2;1535;1;2;3;1;6;12;LEMAN (AVENUE DU);M;4618240;624330;740
2,02E+11;18;1;4;1910;3;2;6;2;6;12;ROUTE DE THONON;M;4619651;626416;740
2,02E+11;18;1;8;1650;2;2;3;1;6;12;5  RUE DU CLOS FLEURY;M;4619193;623307;740
2,02E+11;18;1;6;625;3;2;6;9;7;305;VOIRONS (RUE DES);M;4620064;627524;740
2,02E+11;18;1;12;835;1;2;6;1;3;12;ZOLA (RUE EMILE);M;4619378;622838;740
2,02E+11;18;1;12;1115;1;2;1;1;3;12;21  ROUTE DES  VALLEES;M;4619350;624247;740
2,02E+11;18;1;15;1721;2;2;1;1;2;12;THONON (ROUTE DE);M;4620018;627466;740
2,02E+11;18;1;17;730;5;2;1;2;7;12;BONNEVILLE (ROUTE DE);M;4618812;623586;740
2,02E+11;18;1;19;635;5;2;3;8;3;305;HENON (RUE ALBERT);M;4620304;623673;740
2,02E+11;18;1;17;1850;5;2;1;1;6;133;LIBERATION (RUE DE LA);M;4618800;621010;740
2,02E+11;18;1;24;900;1;2;1;7;6;12;16  VALLEES (ROUTE DES);M;4619348;624218;740
2,02E+11;18;1;24;825;1;2;1;1;6;12;2  CURIOZ (RUE ALBERT);M;4618571;624629;740
2,02E+11;18;1;26;1503;1;2;4;2;3;12;GARE (AVENUE DE LA);M;4619596;623464;740
2,02E+11;18;1;26;1530;1;2;4;2;3;12;ZOLA (RUE EMILE);M;4619374;622845;740
2,02E+11;18;1;23;945;1;2;1;1;6;305;44  TOURNELLES (RUE DES);M;4619765;624324;740
2,02E+11;18;1;30;1730;1;1;1;8;3;118;SAINT-JULIEN (ROUTE DE);M;4617179;621478;740
2,02E+11;18;1;31;2315;5;2;1;1;6;12;35  RUE LA RESISTANCE;M;4619687;626282;740
2,02E+11;18;1;22;1100;1;2;1;1;6;8;3  NEGOCIANTS (RUE DES);M;4619707;623028;740
2,02E+11;18;2;2;1825;5;2;1;1;6;298;06  COLLINE (ROUTE DE LA;M;4618535;625929;740
2,02E+11;18;2;5;900;1;2;4;4;3;8;07  JURA (RUE DU);M;4619892;622626;740
2,02E+11;18;2;11;2105;5;2;1;1;6;8;BRIAND (RUE ARISTIDE);M;4619246;621691;740
2,02E+11;18;2;14;1725;1;2;6;1;4;12;TANINGES (ROUTE DE);M;4619138;623131;740
2,02E+11;18;2;16;520;3;2;1;2;6;12;BARON DE LOE (RUE DU);M;4619305;622841;740
2,02E+11;18;1;12;1325;1;2;1;1;2;12;15 RUE EMILE  ZOLA;M;4619710;623313;740
2,02E+11;18;2;17;1852;2;2;1;1;2;12;THONON (ROUTE DE);M;4620003;627402;740
2,02E+11;18;2;16;1130;1;2;1;1;7;12;TOURNELLES (RUE DES);M;4619662;624243;740
2,02E+11;18;2;24;2025;5;2;6;1;3;12;29  RUE DE GENEVE;M;4619277;622907;740
2,02E+11;18;2;26;1220;1;2;2;6;3;12;ESSERTS (RUE DES);M;4619809;626370;740
2,02E+11;18;3;8;640;2;2;3;1;6;12;AV MARECHAL LECLERC;M;4618647;624782;740
2,02E+11;18;3;8;912;1;2;1;1;6;12;04  BRIAND (RUE ARISITID;M;4619347;623996;740
2,02E+11;18;3;6;829;1;1;3;2;3;12;EUROPE (AVENUE DE L');M;4617807;623732;740
2,02E+11;18;3;9;835;1;2;1;1;3;12;14  SALEVE (RUE DU);M;4619183;622965;740
2,02E+11;18;3;10;525;5;2;1;2;6;133;INDUSTRIE (RUE DE L');M;4618730;621895;740
2,02E+11;18;3;17;520;5;2;6;2;6;12;ARVE (QUAI D');M;4618639;622228;740
2,02E+11;18;3;18;1915;5;2;1;1;6;12;14  RUE DE LA RESISTANCE;M;4619580;625362;740
2,02E+11;18;3;17;2135;5;2;3;1;1;118;SAINT-JULIEN (ROUTE DE);M;4617530;622146;740
2,02E+11;18;3;20;815;1;2;1;1;3;12;EUROPE (AVENUE DE L');M;4617684;623988;740
2,02E+11;18;3;22;655;1;2;1;1;6;12;ETREMBIERES (ROUTE D');M;4618781;623242;740
2,02E+11;18;3;23;50;5;2;1;1;1;12;EUROPE (AVENUE DE L');M;4618244;623428;740
2,02E+11;18;3;24;1245;1;2;1;7;5;12;EUROPE (AVENUE DE L');M;4618251;623357;740
2,02E+11;18;3;24;1315;1;2;4;1;6;12;GARE (RUE DE LA);M;4619401;623313;740
2,02E+11;18;3;22;2000;5;2;1;1;6;12;11  GARE (RUE DE LA);M;4619416;623377;740
2,02E+11;18;3;5;20;3;2;1;2;6;298;BONNEVILLE (ROUTE DE );M;4886272;228759;740
2,02E+11;18;3;27;1645;1;2;1;1;6;12;11  MAGNIN (RUE ADOLPHE);M;4619561;623831;740
2,02E+11;18;3;28;1025;1;2;1;8;2;12;33 RUE DE LA RESISTANCE;M;4619663;626139;740
2,02E+11;18;3;19;1520;1;2;1;1;2;12;30  RUE LA RESISTANCE;M;4619640;626090;740
2,02E+11;18;3;29;1340;1;1;1;1;3;118;419  MOULIN (RUE JEAN);M;4693471;610224;740
2,02E+11;18;3;30;1940;5;2;1;2;2;12;EUROPE (AVENUE DE L');M;4617887;623634;740
2,02E+11;18;4;1;1000;1;2;6;1;3;298;EUROPE (AVENUE DE L');M;4617919;624496;740
2,02E+11;18;3;31;2130;5;2;6;1;3;12;MORET (PLACE ALEXANDRE);M;4619147;623399;740
2,02E+11;18;4;6;2230;5;2;4;1;3;118;SAINT-JULIEN (ROUTE DE);M;4617524;622150;740
2,02E+11;18;4;5;1710;1;2;1;2;6;12;50 RUE L'ILE DE FRANCE;M;4619090;624524;740
2,02E+11;18;4;8;1345;1;2;3;1;7;12;ANNEXION (RUE DE L');M;4618542;624207;740
2,02E+11;18;4;12;930;1;2;1;1;6;12;GENEVE (RUE DE);M;4619270;623061;740
2,02E+11;18;4;12;1302;1;2;2;1;5;12;GLIERES (RUE DES);M;4619422;624522;740
2,02E+11;18;4;13;555;5;2;1;1;3;8;RAVIER (RUE);M;4619961;622751;740
2,02E+11;18;4;16;1705;1;2;4;1;2;118;DEPORTES (ROUTE DES );M;4618468;623151;740
2,02E+11;18;4;19;830;1;2;1;7;6;133;JARDINS (RUE DES);M;4618398;621876;740
2,02E+11;18;4;21;1425;1;2;1;1;2;133;PEUPLIERS (IMPASSE DES);M;4618985;620874;740
2,02E+11;18;4;22;2306;5;2;1;1;6;12;ZOLA (RUE EMILE);M;4619692;623323;740
2,02E+11;18;4;23;1825;1;2;1;1;2;12;BONNEVILLE (ROUTE DE);M;;;740
2,02E+11;18;4;27;659;1;2;1;1;3;12;GENEVE (RUE DE);M;4619272;623024;740
2,02E+11;18;5;2;840;2;2;1;8;2;12;VALLEES (ROUTE DES);M;4619209;624698;740
2,02E+11;18;5;2;1630;1;2;1;1;2;12;ETREMBIERES (ROUTE D');M;4618900;623300;740
2,02E+11;18;5;3;2345;5;2;3;1;3;12;LEMAN (AVENUE DU);M;4618233;624339;740
2,02E+11;18;5;5;2045;2;1;9;1;2;118;18 AOUT (RUE DU);M;4616931;620579;740
2,02E+11;18;5;5;1755;1;1;1;1;7;12;BONNEVILLE (ROUTE DE);M;4618169;623841;740
2,02E+11;18;5;8;1105;1;2;1;1;2;12;FERRY (AVENUE JULES);M;4619105;623632;740
2,02E+11;18;5;9;1550;1;2;3;1;3;133;MESANGES (RUE DES);M;4619306;621498;740
2,02E+11;18;5;16;820;1;2;1;1;1;298;PRAIRIE (CHEMIN DE LA );M;4617360;626930;740
2,02E+11;18;5;18;1310;1;2;1;1;3;12;ARAVIS (RUE DES);M;4618854;623311;740
2,02E+11;18;5;19;1020;1;1;1;1;1;118;REIGNIER (ROUTE DE);M;4617481;623674;740
2,02E+11;18;5;23;820;1;2;3;1;3;133;INDUSTRIE (RUE DE L');M;4618556;622070;740
2,02E+11;18;5;23;1220;1;1;6;2;2;298;BONNEVILLE (ROUTE DE );M;4667700;624424;740
2,02E+11;18;5;26;1045;1;2;1;1;2;305;MONTREAL (RUE DE);M;4620235;627392;740
2,02E+11;18;5;29;2025;1;2;2;8;3;12;ANNEXION (RUE DE L');M;4618622;623772;740
2,02E+11;18;6;2;2030;1;2;3;1;6;12;VERDUN (AVENUE DE);M;4618910;624361;740
2,02E+11;18;6;4;1640;1;2;6;2;7;298;EUROPE (AVENUE DE L');M;4618006;624535;740
2,02E+11;18;6;8;650;1;2;1;1;3;118;SAINT-JULIEN (ROUTE DE);M;4617439;621979;740
2,02E+11;18;6;7;1730;1;2;1;1;4;12;ARVE (QUAI D');M;4618466;622832;740
2,02E+11;18;6;6;25;5;2;1;1;6;12;VALLEES (ROUTE DES);M;4619200;624600;740
2,02E+11;18;6;11;1440;1;2;6;1;4;12;DE GAULLE (AVENUE CHARLE;M;4612610;624664;740
2,02E+11;18;6;16;1000;1;2;1;1;7;12;FOSSARD (RUE DU);M;4619730;624860;740
2,02E+11;18;6;14;745;1;2;1;1;6;12;18 AOUT 44 (RUE DU);M;4619454;625032;740
2,02E+11;18;6;8;1020;1;2;1;1;6;12;FAUCIGNY (RUE DU);M;4619409;623832;740
2,02E+11;18;6;20;1450;1;2;1;1;6;12;ARVE (QUAI D');M;4618526;622623;740
2,02E+11;18;6;20;1640;1;1;1;1;2;118;18 AOUT (RUE DU);M;4616901;620507;740
2,02E+11;18;6;16;2202;2;2;1;1;7;12;GENEVE (RUE DE);M;4619290;622745;740
2,02E+11;18;6;23;1135;1;2;3;1;1;298;HAUTEVILLE (ROUTE DE);M;4617368;625881;740
2,02E+11;18;6;22;215;5;1;6;1;7;133;INDUSTRIE (RUE DE L');M;4618000;622000;740
2,02E+11;18;6;28;1645;1;2;1;1;6;12;FAVRE (RUE DU DR CHARLES;M;4619803;623777;740
2,02E+11;18;7;2;900;1;2;2;1;6;12;FLORISSANT (AVENUE);M;4619895;624509;740
2,02E+11;18;7;3;1455;1;2;1;1;6;133;PEUPLIERS (IMPASSE DES);M;4618952;620956;740
2,02E+11;18;6;30;1530;1;2;1;1;7;118;SAINT-JULIEN (ROUTE DE);M;4617552;622220;740
2,02E+11;18;6;30;1110;1;2;1;1;7;12;CHARCOT (RUE J.B.);M;4818580;624990;740
2,02E+11;18;7;12;1805;1;2;1;1;4;12;LECLERC (AVENUE DU MAREC;M;4618801;624843;740
2,02E+11;18;7;17;1215;1;2;1;1;2;12;BONNEVILLE (ROUTE DE);M;4618561;623644;740
2,02E+11;18;7;4;1047;1;2;1;1;6;12;FLORISSANT (AVENUE);M;4619630;624191;740
2,02E+11;18;7;19;1730;1;2;1;1;2;12;CHARCOT (RUE J.B.);M;4618581;625089;740
2,02E+11;18;7;23;1830;1;2;3;1;3;305;TOURNELLES (RUE DES);M;4619943;624517;740
2,02E+11;18;7;26;1735;1;2;3;1;3;118;CYCLAMENS (CHEMIN DE);M;4817823;622596;740
2,02E+11;18;7;29;1710;1;2;3;1;3;298;AZALEES (CHEMIN DES );M;4617627;625100;740
2,02E+11;18;8;2;1815;1;2;1;1;3;12;FAUCIGNY (RUE DU);M;4619418;623843;740
2,02E+11;18;8;3;1510;1;2;1;1;6;118;INDUSTRIE (RUE DE);M;4618196;623145;740
2,02E+11;18;7;31;1050;1;2;6;1;7;305;COQUELOUP (RUE DE);M;4620048;624970;740
2,02E+11;18;8;14;735;2;2;1;1;2;12;PAIX (RUE DE LA);M;4600000;600000;740
2,02E+11;18;8;16;1;5;2;2;1;6;12;DUSSONCHET (RUE JEAN-PHI;M;4618811;624380;740
2,02E+11;18;8;16;800;1;2;2;1;3;12;ARVE (QUAI D');M;4618537;622591;740
2,02E+11;18;8;16;1115;1;1;1;1;6;118;MOULIN (RUE JEAN);M;4615716;617209;740
2,02E+11;18;8;15;940;1;2;1;1;3;118;SALEVE (ROUTE DU);M;4600000;600000;740
2,02E+11;18;8;19;1050;1;2;6;1;3;12;MORET (PLACE ALEXANDRE);M;4619154;623389;740
2,02E+11;18;8;23;640;2;2;1;1;6;12;18 AOUT 44 (RUE DU);M;4619414;625070;740
2,02E+11;18;8;28;1145;1;2;3;1;2;305;DUNAND (RUE);M;4619945;624905;740
2,02E+11;18;8;29;800;1;2;1;1;3;12;ANNEXION (RUE DE L');M;4618620;623802;740
2,02E+11;18;8;29;817;1;2;1;7;3;12;BEULET (RUE DU);M;4619128;624273;740
2,02E+11;18;8;30;1440;1;2;3;8;3;118;SAINT-JULIEN (ROUTE DE);M;4617977;622835;740
2,02E+11;18;8;31;2250;5;2;9;8;6;12;VAILLAT (RUE LEANDRE);M;4619070;623707;740
2,02E+11;18;9;1;1147;1;2;3;1;3;12;CURIE (RUE MARIE);M;4600000;600000;740
2,02E+11;18;9;4;730;2;2;3;1;1;12;BASTIN (RUE ALFRED);M;4619177;623775;740
2,02E+11;18;9;3;1635;1;2;1;1;6;12;RESISTANCE (RUE DE LA);M;4619660;625460;740
2,02E+11;18;9;4;1821;1;2;1;1;2;12;VERDUN (AVENUE DE);M;4600000;600000;740
2,02E+11;18;9;5;715;1;2;1;1;3;12;LEMAN (AVENUE DU);M;4618258;624171;740
2,02E+11;18;9;5;1109;1;2;1;1;3;12;VALLEES (ROUTE DES);M;4619245;624564;740
2,02E+11;18;9;8;10;5;2;1;1;5;12;ETREMBIERES (ROUTE D');M;4618900;623300;740
2,02E+11;18;9;10;819;1;2;6;1;3;298;EUROPE (AVENUE DE L');M;4617711;624427;740
2,02E+11;18;9;10;935;1;2;1;1;2;12;EUROPE (AVENUE DE L');M;4618341;623173;740
2,02E+11;18;9;9;2055;5;2;5;1;7;133;CHATELET RUE DU;M;4618860;621562;740
2,02E+11;18;9;13;1700;1;2;1;1;3;118;SAINT-JULIEN (ROUTE DE);M;4617826;620457;740
2,02E+11;18;9;17;1700;1;2;1;1;6;12;18 AOUT 44 (RUE DU);M;4619350;625098;740
2,02E+11;18;9;17;830;1;2;1;1;6;133;MARTINET (RUE DU);M;4818263;620256;740
2,02E+11;18;9;18;1405;1;2;2;1;6;8;MON IDEE (RUE DE);M;4619965;622566;740
2,02E+11;18;9;20;1145;1;2;7;1;6;12;Avenue Henri Barbusse;M;4619320;624089;740
2,02E+11;18;9;21;1645;1;2;1;8;5;118;SAINT-JULIEN (ROUTE DE);M;4617238;621583;740
2,02E+11;18;9;15;2338;3;2;1;1;6;133;VALLARD (RUE DE);M;4619100;620700;740
2,02E+11;18;9;22;1957;5;2;1;1;7;133;ARVE (RUE DE L');M;4618850;621560;740
2,02E+11;18;9;24;1810;1;2;3;1;3;12;EUROPE (AVENUE DE L');M;4617780;623769;740
2,02E+11;18;9;26;1750;1;2;3;1;3;12;BEULET (RUE DU);M;4619105;624302;740
2,02E+11;18;9;28;710;1;2;6;1;6;12;ETOILE (PLACE DE L');M;4619411;624009;740
2,02E+11;18;10;1;1655;1;2;1;2;6;8;RAVIER (RUE);M;4620079;623037;740
2,02E+11;18;10;6;640;3;1;1;1;2;118;18 AOUT (RUE DU);M;4616811;620142;740
2,02E+11;18;10;8;1355;1;2;9;1;3;12;ROMAGNY (RUE DE);M;4619565;624431;740
2,02E+11;18;10;9;625;5;2;1;1;3;8;LACHENAL (AVENUE LOUIS);M;4619252;622447;740
2,02E+11;18;10;10;815;1;2;1;1;3;298;RAPE (IMPASSE DE LA );M;4618017;627362;740
2,02E+11;18;10;10;1455;1;2;1;1;3;12;VERDUN (AVENUE DE);M;4618280;624060;740
2,02E+11;18;10;11;1620;1;2;3;1;6;12;MARRONIERS (RUE DES);M;4619142;624096;740
2,02E+11;18;10;12;1350;1;2;1;1;6;12;Avenue Henri Barbusse;M;4619371;624056;740
2,02E+11;18;10;12;1835;1;2;3;1;3;12;AMOUREUX RUE DES;M;4619068;623691;740
2,02E+11;18;10;15;535;3;2;1;1;6;298;BONNEVILLE (ROUTE DE );M;4616692;627031;740
2,02E+11;18;10;15;840;1;1;1;1;6;118;18 AOUT (RUE DU);M;4616874;620391;740
2,02E+11;18;10;16;933;1;2;3;1;6;12;PARC (RUE DU);M;4619465;623242;740
2,02E+11;18;10;15;1737;1;2;3;1;2;305;ESSERTS (CARREFOUR DES);M;4619932;626398;740
2,02E+11;18;10;15;1842;2;2;1;1;3;305;HENON (RUE ALBERT);M;4600000;2000000;740
2,02E+11;18;10;19;1305;1;2;1;1;6;12;AMOUREUX (RUE DES);M;4619780;623389;740
2,02E+11;18;10;19;701;5;2;1;1;3;12;ARVE (QUAI D');M;4600000;600000;740
2,02E+11;18;10;22;1615;1;2;3;1;6;12;ANNEXION (RUE DE L');M;4400000;612000;740
2,02E+11;18;10;24;2110;3;2;9;1;3;12;Avenue Henri Barbusse;M;4619138;624194;740
2,02E+11;18;10;26;1215;1;2;1;1;3;12;THONON (ROUTE DE);M;4619538;626117;740
2,02E+11;18;10;27;1915;3;2;1;2;4;12;THONON (ROUTE DE);M;4619390;625692;740
2,02E+11;18;10;29;535;4;2;3;2;3;12;ARVE (QUAI D');M;4618453;622875;740
2,02E+11;18;10;27;1220;1;2;1;2;7;12;LECLERC (AVENUE DU MAREC;M;4618821;624867;740
2,02E+11;18;10;29;1640;1;2;1;2;7;133;GENEVE (RUE DE);M;4619189;620879;740
2,02E+11;18;10;30;1605;1;2;6;1;3;133;CASSIN (RUE RENE);M;4617985;621514;740
2,02E+11;18;10;30;1510;1;2;9;1;6;12;LECLERC (AVENUE DU MAREC;M;4619118;625068;740
2,02E+11;18;10;30;1245;1;1;1;1;6;298;BONNEVILLE (ROUTE DE );M;4626955;626456;740
2,02E+11;18;11;1;1209;1;2;1;1;2;12;ETREMBIERES (ROUTE D');M;4600000;600000;740
2,02E+11;18;11;6;1830;3;2;1;2;6;12;DE GAULLE (AVENUE CHARLE;M;4626955;622400;740
2,02E+11;18;11;8;710;5;2;3;2;3;12;CHABLAIS (RUE DU);M;4619739;623847;740
2,02E+11;18;11;8;1105;1;2;1;1;6;12;TOURNELLES (RUE DES);M;4619609;624197;740
2,02E+11;18;11;9;1800;2;2;1;1;2;12;MENDES FRANCE (AVENUE PI;M;4618831;622330;740
2,02E+11;18;11;10;2016;5;2;1;2;1;12;ETREMBIERES (ROUTE D');M;4618362;623088;740
2,02E+11;18;11;14;650;5;2;1;1;3;12;MOLE (RUE DU);M;4619812;623567;740
2,02E+11;18;11;14;730;2;2;3;8;3;133;ARVE (RUE DE L');M;4618534;622592;740
2,02E+11;18;11;13;2230;3;1;1;8;7;133;ZONE (ROUTE DE);M;4617642;621340;740
2,02E+11;18;11;17;1150;1;2;1;1;3;305;ESSERTS (CARREFOUR DES);M;4619976;626411;740
2,02E+11;18;11;20;815;1;2;1;2;4;8;MON IDEE (RUE DE);M;4620051;622517;740
2,02E+11;18;11;24;1920;5;2;3;8;3;305;MONTREAL (RUE DE);M;4620305;627638;740
2,02E+11;18;11;27;1930;5;2;1;1;1;12;ETREMBIERES (ROUTE D');M;;;740
2,02E+11;18;11;25;1710;5;2;3;2;7;8;NEGOCIANTS (RUE DES);M;4619490;622767;740
2,02E+11;18;11;29;609;5;2;1;1;7;12;ARVE (QUAI D');M;4619166;622972;740
2,02E+11;18;11;28;1730;5;2;1;1;3;305;MONTREAL (RUE DE);M;4620238;627442;740
2,02E+11;18;11;29;2200;5;2;1;1;6;12;VERDUN (AVENUE DE);M;4618300;624000;740
2,02E+11;18;12;2;1850;5;1;3;3;3;118;SAINT-JULIEN (ROUTE DE);M;4617525;622140;740
2,02E+11;18;12;4;1552;1;2;3;1;3;12;ARVE (QUAI);M;4618442;622875;740
2,02E+11;18;12;5;810;2;2;3;1;6;12;ARVE (QUAI D');M;4618000;622000;740
2,02E+11;18;12;9;1910;5;2;6;2;3;12;GENEVE (RUE DE);M;4619280;623168;740
2,02E+11;18;12;9;2125;4;2;1;2;2;118;DEPORTES (ROUTE DES );M;4618326;623076;740
2,02E+11;18;12;10;1500;1;2;1;2;7;12;BONNEVILLE (ROUTE DE);M;4618431;623765;740
2,02E+11;18;12;11;750;2;2;3;5;3;12;RISSE (RUE DU);M;4618432;624420;740
2,02E+11;18;11;20;955;1;2;1;1;7;12;ARAVIS (RUE DES);M;4618783;623302;740
2,02E+11;18;12;13;1024;1;2;6;1;6;12;GENEVE RUE DE;M;4619291;622853;740
2,02E+11;18;12;17;755;2;2;2;2;3;133;BELOSSES (RUE DES);M;4618861;621541;740
2,02E+11;18;12;18;755;1;2;1;1;6;12;BEULET (RUE DU);M;4619144;623919;740
2,02E+11;18;12;18;1710;3;1;3;9;2;12;EUROPE (AVENUE DE L');M;4617785;623766;740
2,02E+11;18;12;22;1730;5;2;1;1;6;12;ANNEXION (RUE DE L');M;4618541;624201;740
2,02E+11;18;12;21;1837;5;2;1;3;6;12;ETREMBIERES (ROUTE D');M;4618283;623063;740
2,02E+11;18;12;27;1550;1;2;3;1;3;12;ARVE (QUAI D');M;4618540;622585;740
2,02E+11;18;3;11;925;1;1;1;1;7;63;D751;M;4734912;-75794;490
2,02E+11;18;4;15;1630;1;2;2;1;3;190;534 rue d'Anjou;M;4735614;-107652;490
2,02E+11;18;8;19;1915;1;1;1;1;1;82;Lieu dit la Croix de l'O;M;4731825;-70009;490
2,02E+11;18;9;11;820;1;2;3;1;1;244;lieu-dit la Voie - Saint;M;4736065;-100666;490
2,02E+11;18;12;4;1830;3;1;1;1;5;63;LE GODINET;M;4734746;-72303;490
2,02E+11;18;12;16;1342;1;2;1;8;6;244;25 rue de la loire- LA P;M;4735729;-86070;490
2,02E+11;18;1;23;755;5;2;1;2;6;565;Rue des Halles;M;4875209;-145786;500
2,02E+11;18;1;28;1545;1;2;9;2;3;565;Route de Carolles;M;4875001;-146723;500
2,02E+11;18;2;12;1000;1;1;1;4;1;27;RD 911 Lieu dit le Fouge;M;4868744;-143702;500
2,02E+11;18;3;15;1900;1;2;3;2;6;102;13 route de la plage;M;4875648;-156574;500
2,02E+11;18;5;11;1830;1;1;1;1;2;565;RD 973;M;4875630;-144588;500
2,02E+11;18;5;19;850;1;1;1;7;4;199;Lieu dit L'Enfer;M;4868743;-146072;500
2,02E+11;18;6;7;2245;3;1;1;1;7;447;route de la mer  RD 309;M;4880735;-152212;500
2,02E+11;18;6;19;50;4;1;1;1;6;66;la Brancherie;M;4876339;-153011;500
2,02E+11;18;6;26;1100;1;2;2;1;2;281;LA PLANCHE;M;4878805;-138041;500
2,02E+11;18;6;29;1750;1;1;3;1;6;493;L'Hermitiиre;M;4883312;-146372;500
2,02E+11;18;8;14;1600;1;1;1;1;1;541;les pas;M;4883716;-148147;500
2,02E+11;18;9;23;1830;1;2;3;1;1;565;Rue Thйophile Maupas;M;4875499;-145442;500
2,02E+11;18;11;25;615;3;1;1;3;6;540;Route de la havaudiиre;M;4878433;-150147;500
2,02E+11;18;2;3;1850;5;2;1;1;2;119;19  ANNA DE NOAILLES;M;4639883;657761;740
2,02E+11;18;2;1;1950;5;2;1;1;1;281;12  AVENUE DE LA DAME;M;4635660;647611;740
2,02E+11;18;2;6;540;5;2;3;1;1;218;DRANSE (RUE DU PONT DE);M;4638284;650854;740
2,02E+11;18;1;29;1412;1;2;3;1;3;119;3  THONY (AVENUE DE);M;4639401;658049;740
2,02E+11;18;1;25;1835;5;2;2;1;3;281;VALLEES (AVENUE DES);M;4637058;648490;740
2,02E+11;18;3;16;1835;2;2;2;1;3;281;SAINT FRANCOIS DE SALES;M;4637293;648246;740
2,02E+11;18;4;5;825;1;2;1;1;5;281;SENEVULAZ (AVENUE DE);M;4635034;646715;740
2,02E+11;18;4;18;1020;1;2;4;1;3;281;CHAMP BOCHARD (AVENUE DU;M;4638661;650060;740
2,02E+11;18;4;19;945;1;2;3;1;3;281;CLOS BANDERET (AVENUE DU;M;4637692;649104;740
2,02E+11;18;4;21;1915;2;2;3;1;6;218;DRANSE (RUE DU PONT DE);M;4638402;651325;740
2,02E+11;18;4;25;1740;1;2;1;1;3;13;PRE-BIOLLAT (CHEMIN DU);M;4634940;644015;740
2,02E+11;18;4;28;1125;1;1;1;1;5;218;THONON (AVENUE DE);M;4638163;651047;740
2,02E+11;18;5;5;1115;1;2;1;1;4;218;RIVE (AVENUE DE LA) RD 1;M;4639499;654176;740
2,02E+11;18;5;22;1725;1;2;2;1;6;281;FERRY (AV JULES) JUSQU'A;M;4637239;648332;740
2,02E+11;18;6;8;1630;1;2;1;1;3;218;CHAPELLE (RUE DE LA);M;4639426;653471;740
2,02E+11;18;6;29;911;1;2;1;1;6;119;BLONAY (QUAI BARON DE) R;M;4640201;659037;740
2,02E+11;18;6;30;1350;1;2;1;1;6;281;SENEVULAZ (AVENUE DE);M;4635396;646918;740
2,02E+11;18;7;16;40;5;1;1;1;1;218;NOAILLES (AVENUE ANNA DE;M;4639559;655551;740
2,02E+11;18;7;20;1225;1;2;3;1;5;281;SORBIERS (RUE DES);M;;;740
2,02E+11;18;7;21;2045;1;2;1;1;3;281;FONTAINE COUVERTE (AV DE;M;4636000;649000;740
2,02E+11;18;7;28;1330;1;2;6;2;7;281;VERSOIE (ROUTE DE LA);M;4635270;645890;740
2,02E+11;18;8;2;1930;1;1;1;1;1;119;CORNICHE (ROUTE DE LA);M;4638509;660448;740
2,02E+11;18;8;14;1952;1;2;1;1;6;119;LEGER (QUAI PAUL) RD 100;M;4640146;659750;740
2,02E+11;18;9;14;2050;5;2;8;1;3;281;ANDRIER (BOULEVARD GEORG;M;4637057;648486;740
2,02E+11;18;10;6;1000;1;2;2;1;3;218;PAYS DE GAVOT (ROUTE DU);M;4638000;654000;740
2,02E+11;18;10;13;1045;1;1;3;1;3;119;CORNICHE (ROUTE DE LA);M;4638000;658000;740
2,02E+11;18;10;12;1505;1;1;1;1;3;121;hameau du Fango;M;4240077;869764;202
2,02E+11;18;8;27;1105;1;1;1;1;6;291;D506;M;4238059;937740;202
2,02E+11;18;8;14;1900;1;1;9;1;1;238;D52;M;4997576;262698;800
2,02E+11;18;9;1;1705;1;1;2;7;3;547;D929;M;4998898;260489;800
2,02E+11;18;9;16;2245;3;1;1;1;7;659;D31;M;5008191;242754;800
2,02E+11;18;10;17;1910;2;1;1;1;7;3;D114;M;5008293;254218;800
2,02E+11;18;11;7;2025;5;2;3;1;3;16;CH DE CORBIE;M;5000157;264267;800
2,02E+11;18;11;13;1540;1;1;1;1;7;425;D447;M;5004404;255201;800
2,02E+11;18;12;18;907;1;2;9;1;4;148;T20;M;4254848;950238;202
2,02E+11;18;2;16;505;3;1;1;1;3;576;D6015;M;4955442;43671;760
2,02E+11;18;4;18;1310;1;1;1;1;1;114;RD 487;M;4956472;46722;760
2,02E+11;18;5;4;1734;1;1;1;1;2;384;RD 173 (LE PETIT NAVARIN;M;4950490;53570;760
2,02E+11;18;7;8;1830;1;1;6;1;6;476;RD 81;M;4948167;57080;760
2,02E+11;18;10;6;1507;1;2;7;1;6;114;DEBRAY  LOUIS (AVENUE);M;4957900;47200;760
2,02E+11;18;11;14;1255;1;1;1;1;7;114;D6015;M;4956643;48783;760
2,02E+11;18;11;22;745;3;1;1;1;3;476;RD 81;M;4948436;56840;760
2,02E+11;18;1;16;145;5;2;2;3;6;217;GAMBETTA (AVENUE);M;4991494;107455;760
2,02E+11;18;1;11;1900;3;2;6;2;6;217;137  CANADIENS (AVENUE D;M;4991205;107543;760
2,02E+11;18;1;19;2250;5;2;1;2;6;217;AVENUE DE BREAUTE;M;4991078;107500;760
2,02E+11;18;1;21;1630;1;2;3;2;6;217;39 rue jean puech;M;4992305;110060;760
2,02E+11;18;1;28;1255;1;1;1;2;7;414;RD 920;M;4992015;112976;760
2,02E+11;18;4;6;1530;1;2;9;1;3;545;BOURBON (COURS);M;4991620;109612;760
2,02E+11;18;2;15;800;2;2;9;9;6;217;6 RUE JACQUES DELESTRE;M;4991107;106862;760
2,02E+11;18;2;25;1730;1;2;1;1;6;217;VERDUN (BOULEVARD DE);M;4992641;107359;760