Num_Acc;an;mois;jour;hrmn;lum;agg;int;atm;col;com;adr;gps;lat;long;dep
2,02E+11;18;5;3;1501;1;2;2;1;3;414;RD 920;M;4992223;111672;760
2,02E+11;18;4;16;1120;1;2;7;1;3;217;MONTREAL (RUE DE);M;4990708;107779;760
2,02E+11;18;5;20;1555;1;2;1;1;4;217;GAMBETTA (AVENUE);M;4991930;107380;760
2,02E+11;18;6;1;45;3;2;1;1;6;217;DUMAS (ALEXANDRE);M;4992673;107022;760
2,02E+11;18;6;8;1039;1;2;3;1;6;217;CARENAGE (QUAI DU);M;4992646;108169;760
2,02E+11;18;9;7;50;5;2;1;2;1;217;REPUBLIQUE (AVENUE DE LA;M;4992771;109171;760
2,02E+11;18;9;8;1544;1;2;1;1;3;217;MONTREAL (RUE DE);M;4990902;107729;760
2,02E+11;18;10;5;1820;1;2;1;1;1;349;RD 925;M;4989900;105000;760
2,02E+11;18;10;22;1320;1;2;1;1;4;414;RD 154E;M;4990811;110950;760
2,02E+11;18;10;27;1900;5;2;1;2;6;217;GRANDE RUE DU POLLET;M;4992728;108665;760
2,02E+11;18;11;7;1715;1;1;1;1;1;545;RD 154E;M;4990923;110013;760
2,02E+11;18;11;13;1830;5;2;3;1;3;217;DUQUESNE (QUAI);M;4992470;108069;760
2,02E+11;18;12;2;1610;1;2;1;8;3;217;FOCH (BOULEVARD MARECHAL;M;4993155;108137;760
2,02E+11;18;12;12;1640;1;1;1;1;1;349;DIEPPE (ROUTE DE);M;4990891;105747;760
2,02E+11;18;12;29;5;5;1;9;1;6;414;RD 485;M;4992216;111008;760
2,02E+11;18;1;30;1929;5;2;1;3;6;600;445  HAVRE ( ROUTE DU);M;4973981;36969;760
2,02E+11;18;4;3;630;5;2;1;1;3;259;CHEMIN NID DE VERDIER;M;4974831;40892;760
2,02E+11;18;4;8;1525;1;2;5;5;3;259;RUE THEAGENE BOUFFARD;M;4975812;37077;760
2,02E+11;18;3;25;1225;1;2;6;1;3;600;ETRETAT ( ROUTE D');M;4974351;36227;760
2,02E+11;18;4;22;1128;1;2;6;1;3;259;ROUTE DE GANZEVILLE;M;4974763;40306;760
2,02E+11;18;5;4;1230;1;2;2;1;3;259;VALMONT ( ROUTE DE);M;4975774;39249;760
2,02E+11;18;5;22;1540;1;2;2;1;3;259;INONDATION ( RUE DE L');M;4975625;37939;760
2,02E+11;18;8;2;1615;1;1;1;1;3;600;ETRETAT ( ROUTE D');M;4972922;33644;760
2,02E+11;18;8;8;1935;1;2;2;1;3;259;BERIGNY (QUAI);M;4975949;37170;760
2,02E+11;18;8;17;1900;1;1;1;1;3;259;MANDELA ( BOULEVARD NELS;M;4974506;38955;760
2,02E+11;18;8;16;130;5;2;3;1;3;259;BERIGNY (QUAI);M;4976079;36698;760
2,02E+11;18;9;11;130;5;2;6;1;1;259;ALBERT 1ER ( BOULEVARD );M;4976172;36370;760
2,02E+11;18;10;20;1612;1;2;3;1;3;259;L'HONORE ( RUE PAUL);M;4974627;37061;760
2,02E+11;18;11;29;1400;1;2;1;2;4;259;HAVRE ( ROUTE DU);M;4974921;37146;760
2,02E+11;18;12;6;950;1;2;1;2;6;259;BERIGNY (QUAI);M;4975960;37007;760
2,02E+11;18;1;4;1940;5;2;1;2;6;351;120  TROIS CENT VINGT NE;M;4950399;12790;760
2,02E+11;18;1;1;330;5;2;1;3;7;305;22 av Jacques EBERHARD;M;4951016;22995;760
2,02E+11;18;1;7;500;5;2;1;1;1;552;24  GENERAL DE GAULLE (A;M;4950194;89285;760
2,02E+11;18;1;5;145;5;2;2;1;7;351;neant  REPUBLIQUE (COURS;M;4949266;12427;760
2,02E+11;18;1;10;1518;1;2;3;1;2;351;59 rue  ANDREI SAKHAROV;M;4950500;17170;760
2,02E+11;18;1;6;2335;5;2;1;1;6;351;367 rue ARISTIDE BRIAND;M;4950080;14219;760
2,02E+11;18;1;13;2045;3;1;1;1;2;351;RD 6382;M;4952375;16768;760
2,02E+11;18;1;17;1530;1;2;2;2;3;351;NEANT  IRENE JOLIOT CURI;M;4951830;10574;760
2,02E+11;18;1;20;327;5;2;1;3;7;351;NEANT  LOUIS BLERIOT;M;4951975;8803;760
2,02E+11;18;1;20;30;5;2;1;2;6;351;111  LENINGRAD (BD DE);M;4949828;15028;760
2,02E+11;18;1;24;535;5;2;1;1;6;351;78  VOLTAIRE;M;4948980;10560;760
2,02E+11;18;1;29;830;1;2;3;1;1;351;323  FELIX FAURE;M;4950170;11452;760
2,02E+11;18;1;30;1750;2;2;1;2;6;351;13  WINSTON CHURCHILL;M;4949370;13596;760
2,02E+11;18;2;3;1835;3;1;1;2;1;447;0  PIERRE MENDES FRANCE;M;4953402;17910;760
2,02E+11;18;2;4;645;5;1;1;1;6;447;avenue  BELLE ETOILE;M;4953743;17544;760
2,02E+11;18;2;5;2003;5;2;2;1;6;351;46 bis  FREDERIC RISSON;M;4949950;12067;760
2,02E+11;18;2;7;2210;5;2;2;1;6;351;1 AVENUE FOCH;M;4949357;9941;760
2,02E+11;18;2;9;2005;5;2;2;1;6;351;74 r FLANDRES DUNKERQUE;M;4951329;16968;760
2,02E+11;18;2;11;515;5;2;1;1;3;447;80 av MARECHAL FOCH;M;4953666;18658;760
2,02E+11;18;2;9;745;2;1;1;3;3;305;0  INDUSTRIELLE (ROUTE);M;4948570;22230;760
2,02E+11;18;2;15;805;2;2;3;1;6;351;37 rue  FELIX FAURE;M;4949908;10096;760
2,02E+11;18;2;17;1736;1;2;1;1;6;351;162  REPUBLIQUE COURS D;M;4949951;12953;760
2,02E+11;18;2;18;625;5;2;1;1;6;351;57  VORNIER (DU);M;4951053;12033;760
2,02E+11;18;2;18;1935;5;2;3;1;1;351;189 ch 24 territorial;M;4949064;12108;760
2,02E+11;18;2;12;1930;5;2;1;2;2;351;117 av gral APLEMONT;M;4950286;18264;760
2,02E+11;18;1;9;1610;1;1;1;1;7;341;NEANT  RD 6382;M;4950861;19758;760
2,02E+11;18;2;23;1850;3;1;3;1;3;481;RD 940;M;4953625;9830;760
2,02E+11;18;2;24;1640;1;2;1;1;6;351;26  BERNARDIN DE SAINT P;M;4949031;10515;760
2,02E+11;18;3;1;1745;1;2;1;2;2;351;151  BIGNE A FOSSE;M;4952769;11063;760
2,02E+11;18;1;28;300;5;2;1;1;6;351;NEANT  BOIS AU COQ (AVEN;M;4951698;11911;760
2,02E+11;18;3;6;945;1;2;2;1;3;351;rue  de SEINE MARITIME;M;4950771;17343;760
2,02E+11;18;3;6;1810;1;2;3;1;3;351;68  JULES DURAND (BD);M;4948953;15530;760
2,02E+11;18;2;17;1900;1;2;1;1;5;351;2 rue  EUGENE MOPIN;M;4951668;15624;760
2,02E+11;18;3;9;1900;5;2;2;1;3;351;45 rue PAUL PAINLEVE;M;4951271;11068;760
2,02E+11;18;3;10;1630;1;2;1;1;7;351;NEANT  SAONE (QUAI DE LA;M;4948438;13117;760
2,02E+11;18;2;15;725;5;2;2;1;6;351;2 rue  MARECHAL JOFFRE;M;4949851;11801;760
2,02E+11;18;3;18;738;1;2;1;1;6;351;871 BD JULES DURAND;M;4949147;16436;760
2,02E+11;18;3;14;1140;1;2;9;1;2;447;29  PIERRE MENDES FRANCE;M;4952783;18268;760
2,02E+11;18;3;21;1645;1;2;1;1;6;270;24 avJEAN JAURES;M;4953462;14646;760
2,02E+11;18;3;20;1145;1;1;1;1;5;270;RD 6382;M;4953130;13968;760
2,02E+11;18;3;22;845;1;2;1;1;6;351;36 r MAGASINS GENERAUX;M;4949237;13666;760
2,02E+11;18;3;24;2232;5;1;1;1;6;447;ctre com LA LEZARDE;M;4952746;19121;760
2,02E+11;18;3;26;1530;1;2;2;1;3;351;0  AUGUSTIN NORMAND;M;4948687;10258;760
2,02E+11;18;4;2;1;5;2;2;1;3;351;rue ARISTIDE BRIAND;M;4950064;14127;760
2,02E+11;18;3;31;1515;1;2;2;1;3;351;191 RUE DE VERDUN;M;4950237;16282;760
2,02E+11;18;3;27;1550;1;2;2;1;3;351;44 rue de la CONCORDE;M;4950862;15887;760
2,02E+11;18;3;31;1955;1;2;1;1;7;447;22 impasse RIVIERES;M;4954698;19834;760
2,02E+11;18;4;2;1638;1;2;2;2;3;351;RUE FLORIMOND LAURENT;M;4951980;11936;760
2,02E+11;18;4;8;25;5;2;2;2;3;351;rue de la CONCORDE;M;4950591;15897;760
2,02E+11;18;4;6;1205;1;2;2;1;6;351;JEAN ZAY;M;4950428;10386;760
2,02E+11;18;4;10;1840;1;2;1;1;7;351;RUE FERNAND LEGER;M;4951131;10748;760
2,02E+11;18;4;13;1520;1;1;1;1;2;447;AV PIERRE MENDES FRANCE;M;4952562;18372;760
2,02E+11;18;4;13;2310;5;2;6;1;5;351;AV GRAND HAMEAU;M;4952508;10542;760
2,02E+11;18;4;19;1000;1;1;1;1;6;270;RD 6382;M;4953128;14158;760
2,02E+11;18;4;18;2020;1;2;9;1;3;351;GRAND HAMEAU (Avenue du;M;4952051;11155;760
2,02E+11;18;4;19;1422;1;1;6;1;2;270;rte SAINT BARTHELEMY;M;4955201;14599;760
2,02E+11;18;4;21;2030;1;2;2;1;3;351;RUE JULES GUESDE;M;4950600;11501;760
2,02E+11;18;4;22;1340;1;2;2;1;3;351;GRAVILLE (BD DE);M;4949249;14847;760
2,02E+11;18;4;23;2145;3;1;1;1;6;447;RD 489;M;4953160;18589;760
2,02E+11;18;4;23;1745;1;2;3;1;4;447;av PIERRE MENDES FRANCE;M;4953019;18125;760
2,02E+11;18;4;25;240;3;1;1;1;6;447;RD 489;M;4953573;19950;760
2,02E+11;18;4;24;930;1;2;3;1;4;351;FRISSARD (QUAI);M;4948893;12095;760
2,02E+11;18;4;26;2000;1;2;1;1;3;351;ARISTIDE BRIAND;M;4950024;13542;760
2,02E+11;18;4;28;1815;1;2;1;1;2;351;VERDUN (RUE DE);M;4950181;15542;760
2,02E+11;18;4;29;1800;1;1;4;1;5;341;RD 6382;M;4952160;18680;760
2,02E+11;18;4;29;2159;5;2;3;2;3;351;LAMBLARDIE (QUAI);M;4948975;11118;760
2,02E+11;18;4;28;2330;5;2;3;1;3;305;MAURICE THOREZ;M;4951358;23592;760
2,02E+11;18;4;29;110;5;1;6;1;3;481;RD 147;M;4953120;10804;760
2,02E+11;18;4;28;1830;1;1;5;1;5;341;RD 6382;M;4951653;19219;760
2,02E+11;18;5;3;2300;5;2;1;1;6;351;place HOTEL DE VILLE;M;4949229;10898;760
2,02E+11;18;5;6;1640;1;2;2;1;3;341;JEAN MARIDOR;M;4950765;18955;760
2,02E+11;18;5;17;820;1;2;3;1;6;351;RUE JULES LECESNE;M;4949379;11288;760
2,02E+11;18;5;17;1846;1;2;1;1;7;351;RENE CANCE;M;4950374;14709;760
2,02E+11;18;5;18;1700;1;2;1;1;6;351;LAFAYETTE ( COURS);M;4949172;12576;760
2,02E+11;18;5;19;2150;1;2;1;1;1;351;ARMAND BARBES;M;4949970;15047;760
2,02E+11;18;5;21;1530;1;2;1;1;7;447;SAINT MARTIN DU MANOIR;M;4954334;19856;760
2,02E+11;18;5;21;1040;1;2;1;1;4;305;Jacques EBERHARD (Avenue;M;4951049;22972;760
2,02E+11;18;5;25;815;1;1;1;5;1;305;ESTUAIRE;M;4945751;21413;760
2,02E+11;18;5;29;1446;1;2;2;1;3;351;ALPHONSE DAUDET;M;4951430;10855;760
2,02E+11;18;5;30;355;5;2;1;2;6;351;PABLO PICASSO (AVENUE);M;4950326;15612;760
2,02E+11;18;5;30;1445;1;2;3;1;6;351;CRONSTADT (DE);M;4950460;11679;760
2,02E+11;18;6;1;2250;3;1;1;1;2;305;ESTUAIRE;M;4945492;23014;760
2,02E+11;18;6;1;1315;1;2;1;1;6;351;LOUIS BLANC;M;4950728;12586;760
2,02E+11;18;6;5;1210;1;2;1;2;3;351;JEAN JACQUES ROUSSEAU (P;M;4949213;13255;760
2,02E+11;18;6;7;1820;1;2;1;1;3;351;BIGNE A FOSSE;M;4952484;11108;760
2,02E+11;18;6;8;2330;5;2;1;1;2;351;GEORGES LAFAURIE (RUE);M;4950056;11173;760
2,02E+11;18;6;9;1520;1;2;2;1;6;351;DEMIDOFF (RUE);M;4949735;13122;760
2,02E+11;18;6;9;1945;1;2;2;1;3;351;LOUIS LUMIERE;M;4952560;12275;760
2,02E+11;18;6;11;1201;1;2;2;1;6;351;rue JULES LECESNE;M;4949296;12162;760
2,02E+11;18;6;18;1815;1;2;2;1;5;351;RENE COTY;M;4949713;11187;760
2,02E+11;18;6;19;900;1;2;3;2;3;351;DOCTEUR PIASCEKI;M;4949551;14664;760
2,02E+11;18;6;19;1700;1;2;1;1;3;351;JULES DURAND (BD);M;4949947;19167;760
2,02E+11;18;6;19;1615;1;2;1;1;4;351;rue ARISTIDE BRIAND;M;4950036;13642;760
2,02E+11;18;6;21;1635;1;2;3;1;6;552;IGNAUVAL (D');M;4951172;8429;760
2,02E+11;18;6;24;1847;1;2;3;1;3;351;HUIT MAI 1945 (AVENUE DU;M;4951647;16881;760
2,02E+11;18;6;24;515;2;2;1;1;6;447;PIERRE MENDES FRANCE;M;4952985;18146;760
2,02E+11;18;6;26;1720;1;1;1;1;7;305;RTE ORCHER;M;4950363;21329;760
2,02E+11;18;6;26;1700;1;2;1;1;3;351;IRENE JOLIOT CURIE (RUE);M;4951325;10447;760
2,02E+11;18;6;27;1430;1;2;1;1;3;447;PRESIDENT WILSON;M;4954253;18101;760
2,02E+11;18;6;29;145;5;2;2;1;6;351;LOUIS BRINDEAU;M;4949107;10747;760
2,02E+11;18;6;29;1640;1;2;1;1;6;351;POMMERAIE (AVENUE DE LA);M;4951189;16130;760
2,02E+11;18;6;30;2020;2;2;3;1;2;351;GEORGES BRAQUE (RUE);M;4949519;10328;760
2,02E+11;18;6;30;1;5;2;1;1;6;351;JULES DURAND (BD);M;4949590;17931;760
2,02E+11;18;6;30;505;5;2;2;1;3;351;MICHELET;M;4949301;12149;760
2,02E+11;18;6;30;1550;1;2;1;1;3;351;DESMALLIERES;M;4950083;14443;760
2,02E+11;18;7;3;1215;1;2;6;1;3;351;MAGASINS GENERAUX (RUE D;M;4949152;13325;760
2,02E+11;18;7;3;1620;1;2;1;1;6;552;GENERAL DE GAULLE (AVENU;M;4950248;8911;760
2,02E+11;18;7;5;220;5;2;1;2;1;552;EDITH CAVELL;M;4950814;8391;760
2,02E+11;18;7;6;30;5;2;1;1;6;351;PASTEUR;M;4950342;13069;760
2,02E+11;18;7;6;825;1;2;3;1;3;351;GEORGE V (QUAI);M;4949099;11120;760
2,02E+11;18;7;9;1640;1;2;6;1;3;351;FRISSARD (QUAI);M;4949143;13252;760
2,02E+11;18;7;14;140;5;2;1;1;6;447;BELLE ETOILE;M;4953634;17631;760
2,02E+11;18;7;16;150;5;2;1;1;3;351;GEORGES LAFAURIE (RUE);M;4950024;11106;760
2,02E+11;18;7;16;1120;1;2;1;1;6;351;LAMANDE (QUAI);M;4948819;11761;760
2,02E+11;18;7;26;102;5;2;1;1;6;447;PRESIDENT WILSON;M;4953888;17854;760
2,02E+11;18;7;27;430;5;2;6;1;6;552;EDITH CAVELL;M;4950811;8388;760
2,02E+11;18;7;27;855;1;2;2;1;2;351;PIERRE CURIE;M;4950963;12762;760
2,02E+11;18;7;29;630;2;1;2;1;3;351;SEIZIEME PORT (AVENUE DU;M;4948891;15003;760
2,02E+11;18;8;7;1410;1;2;2;1;3;351;GABRIEL PERI;M;4949386;11836;760
2,02E+11;18;8;8;1140;1;2;2;1;6;351;quai GUILLAUME LE TESTU;M;4948982;10765;760
2,02E+11;18;8;10;1600;1;1;1;1;7;351;RHONE (QUAI DU);M;4948170;13958;760
2,02E+11;18;8;11;1835;1;1;1;1;7;447;BELLE ETOILE;M;4953500;17993;760
2,02E+11;18;8;12;30;5;2;3;1;5;447;PIERRE MENDES FRANCE;M;4952985;18146;760
2,02E+11;18;8;16;910;1;2;1;1;6;552;GENERAL DE GAULLE (AVENU;M;4950797;8499;760
2,02E+11;18;8;16;1445;1;2;3;1;2;351;VERDUN (RUE DE);M;4950091;15785;760
2,02E+11;18;8;18;1625;1;1;1;1;6;341;GAIETE (DE LA);M;4950618;19225;760
2,02E+11;18;8;20;1930;1;2;2;1;3;351;ALEXANDRE RIBOT;M;4952066;11759;760
2,02E+11;18;8;23;1240;1;2;6;1;7;341;FREDERIC CHOPIN;M;4951088;20020;760
2,02E+11;18;8;27;1315;1;2;3;1;1;351;JACINTHES (DES);M;4950722;15464;760
2,02E+11;18;8;28;550;3;2;1;1;6;351;GEORGES RAVERAT (QUAI).;M;4948670;15376;760
2,02E+11;18;8;27;1410;1;2;2;1;3;351;DESMALLIERES;M;4949897;14324;760
2,02E+11;18;9;1;300;5;2;2;1;3;351;FRANCOIS MAZELINE;M;4949772;13749;760
2,02E+11;18;9;1;1430;1;1;1;1;2;351;VERDUN (RUE DE);M;4950225;18719;760
2,02E+11;18;9;2;1458;1;2;2;1;6;351;WINSTON CHURCHILL;M;4949608;14650;760
2,02E+11;18;9;6;740;2;2;2;1;3;351;PIERRE LOTI;M;4951259;15585;760
2,02E+11;18;9;8;2210;5;2;1;1;6;351;TROIS CENT VINGT NEUVIEM;M;4950328;12223;760
2,02E+11;18;9;11;1400;1;2;1;1;7;305;JULIEN SERON;M;4952309;22560;760
2,02E+11;18;9;12;2130;5;2;1;2;1;351;VERDUN (RUE DE);M;4950210;18750;760
2,02E+11;18;9;12;825;1;2;6;1;3;351;GRAND HAMEAU (Avenue du;M;4952231;10873;760
2,02E+11;18;9;17;905;1;2;1;1;3;351;GUILLAUME LE CONQUERANT;M;4950102;12048;760
2,02E+11;18;9;17;1640;1;2;1;1;4;351;GEORGES LAFAURIE (RUE);M;4949984;10975;760
2,02E+11;18;9;21;1930;1;1;1;1;7;270;RD 6382;M;4952758;15026;760
2,02E+11;18;9;22;2050;2;2;1;2;6;351;HOTEL DE VILLE (PLACE DE;M;4947924;10922;760
2,02E+11;18;9;23;1815;1;2;1;1;6;447;FELIX FAURE (RUE);M;4954570;19412;760
2,02E+11;18;9;22;30;5;2;1;1;2;351;TROIS CENT VINGT NEUVIEM;M;4950281;12037;760
2,02E+11;18;9;24;1735;1;2;1;1;6;351;ALBERT 1ER;M;4949891;9071;760
2,02E+11;18;9;26;1715;1;2;1;1;2;351;PONT VII (ROUTE DU);M;4949122;18143;760
2,02E+11;18;9;27;240;5;2;1;1;6;351;EMMANUEL CHABRIER;M;4951800;12600;760
2,02E+11;18;10;3;858;2;2;3;1;3;351;JEAN JAURES (AVENUE);M;4949995;15924;760
2,02E+11;18;10;6;1420;1;2;1;1;6;351;GENERAL FAIDHERBE;M;4948782;11169;760
2,02E+11;18;10;8;940;1;2;1;1;3;351;PIERRE MENDES FRANCE;M;4951240;14932;760
2,02E+11;18;10;8;1945;5;2;3;1;7;305;Jacques EBERHARD (Avenue;M;4950759;23188;760
2,02E+11;18;10;9;1750;1;2;3;1;6;351;REIMS (DE);M;4951321;12665;760
2,02E+11;18;10;9;1530;1;2;2;1;4;351;EUGENE MOPIN (RUE);M;4952138;16039;760
2,02E+11;18;10;12;1315;1;2;1;1;6;351;PAUL VERLAINE (AVENUE);M;4950944;16368;760
2,02E+11;18;10;11;1910;2;2;2;2;3;351;AMIRAL MOUCHEZ (BD);M;4948620;14050;760
2,02E+11;18;10;12;2110;5;2;2;1;3;351;LABEDOYERE;M;4949663;13426;760
2,02E+11;18;10;13;115;5;2;2;1;3;351;REPUBLIQUE (COURS DE LA);M;4949848;12859;760
2,02E+11;18;10;12;1420;1;2;3;1;3;351;SALVADOR ALLENDE (RUE);M;4950462;14192;760
2,02E+11;18;10;16;1820;1;2;6;1;6;351;THEODORE MAILLART;M;4949495;10536;760
2,02E+11;18;10;17;1845;1;2;3;1;3;351;FELIX FAURE;M;4950063;10863;760
2,02E+11;18;10;19;945;1;2;3;1;7;351;ACACIAS (DES);M;4950705;13596;760
2,02E+11;18;10;19;1539;1;1;1;1;3;305;PLAINE (ROUTE DE LA);M;4947769;26059;760
2,02E+11;18;10;19;1215;1;2;1;1;6;351;BOIS AU COQ (AVENUE);M;4951896;11607;760
2,02E+11;18;10;25;920;1;2;3;1;3;351;GRAND HAMEAU (Avenue du;M;4952034;11103;760
2,02E+11;18;10;27;2120;5;2;2;3;3;351;CONCORDE (DE LA);M;4950799;15893;760
2,02E+11;18;10;27;2330;5;2;1;3;1;351;WINSTON CHURCHILL;M;4949455;13973;760
2,02E+11;18;10;31;935;1;2;3;1;6;351;GEORGES BRAQUE (RUE);M;4949533;10269;760
2,02E+11;18;10;31;2140;5;1;1;2;1;305;PONT VIII (ROUTE DU);M;4949750;20180;760
2,02E+11;18;11;3;2200;3;1;1;1;7;447;rte  fontaine la mallet;M;4954180;16000;760
2,02E+11;18;11;3;1825;5;2;1;1;7;351;JOSEPH MADEC;M;4950627;14205;760
2,02E+11;18;11;5;855;1;2;3;1;6;351;INGOUVILLE (RUE);M;4949826;10763;760
2,02E+11;18;11;5;1645;1;2;1;1;6;351;AMIRAL MOUCHEZ (BD);M;4948591;13974;760
2,02E+11;18;11;6;505;5;2;2;1;3;351;FOCH (AVENUE);M;4949359;9763;760
2,02E+11;18;11;6;1010;1;2;3;1;6;351;PHILIPPE BARREY;M;4949644;10260;760
2,02E+11;18;11;6;1850;2;2;3;1;5;351;IRENE JOLIOT CURIE (RUE);M;4951411;10473;760
2,02E+11;18;11;9;1721;5;2;1;1;6;351;BIGNE A FOSSE;M;4952157;11452;760
2,02E+11;18;11;9;1720;1;2;1;1;6;351;CUVIER;M;4947851;15107;760
2,02E+11;18;11;14;740;2;2;3;1;6;351;ANDREI SAKHAROV (RUE);M;4950484;17392;760
2,02E+11;18;11;15;1020;1;2;9;1;6;351;CHARLES ROMME;M;4951518;17223;760
2,02E+11;18;11;17;1320;1;1;6;1;6;351;LOUIS BLERIOT;M;4953177;9541;760
2,02E+11;18;11;17;2130;5;2;2;1;3;351;OCTAVE CREMAZIE;M;4951207;16946;760
2,02E+11;18;11;18;2103;5;2;6;1;6;341;MIDI (Bd du);M;4950415;20212;760
2,02E+11;18;11;20;1825;5;2;3;2;6;351;FERNAND CHATEL;M;4951960;11009;760
2,02E+11;18;11;26;1630;1;2;2;1;7;351;RENE COTY;M;4949852;11795;760
2,02E+11;18;11;28;1215;1;2;2;2;6;351;FRANCOIS MAZELINE;M;4949883;13731;760
2,02E+11;18;11;28;1548;1;2;1;1;6;351;PAUL BERT (AVENUE).;M;4950727;16924;760
2,02E+11;18;11;30;830;1;2;2;1;3;351;THIRE ET BONFAIT (AV.);M;4950857;15469;760
2,02E+11;18;12;4;950;1;2;3;1;6;351;PIERRE FARCIS;M;4951760;9613;760
2,02E+11;18;12;3;1705;2;2;2;2;2;351;JEAN JACQUES ROUSSEAU;M;4949858;13123;760
2,02E+11;18;12;4;2030;5;2;3;1;3;351;VERDUN (RUE DE);M;4950244;16802;760
2,02E+11;18;12;5;1810;5;2;1;2;6;351;GUSTAVE BRINDEAU (RUE);M;4949354;13896;760
2,02E+11;18;12;5;1550;1;2;3;1;6;351;JEAN JACQUES ROUSSEAU (P;M;4949560;13144;760
2,02E+11;18;12;6;1840;5;2;1;2;3;351;TROIS CENT VINGT NEUVIEM;M;4950324;12225;760
2,02E+11;18;12;7;1100;1;2;1;2;6;351;RENE COTY;M;4949746;11320;760
2,02E+11;18;12;8;605;5;1;4;2;6;351;RD 6015;M;4950134;18571;760
2,02E+11;18;12;9;1445;1;2;1;1;7;341;CARAQUES (DES);M;4950524;20321;760
2,02E+11;18;12;10;755;2;1;1;1;6;341;VIEILLE FAIENCERIE;M;4951660;18860;760
2,02E+11;18;12;10;1900;5;2;5;1;6;351;LIEUTENANT CLERIVET;M;4950702;17495;760
2,02E+11;18;12;11;950;1;2;3;1;3;351;avenue c colomb;M;4947820;14601;760
2,02E+11;18;12;11;1710;2;2;2;1;3;296;cote des chataigniers;M;4951928;26327;760
2,02E+11;18;12;12;1730;1;2;2;1;6;351;JOSEPH MADEC;M;4950604;14249;760
2,02E+11;18;12;12;1640;1;1;1;1;6;341;RD 6015;M;4951271;21326;760
2,02E+11;18;12;13;1045;1;2;2;1;3;351;REPUBLIQUE (COURS DE LA);M;4949987;13005;760
2,02E+11;18;12;13;1745;5;2;2;1;6;351;LOUIS LUMIERE;M;4952406;12282;760
2,02E+11;18;12;16;518;5;2;2;2;7;351;APLEMONT (AVENUE D');M;4950478;16870;760
2,02E+11;18;12;17;1200;1;2;2;1;3;351;HOIZEY;M;4951060;13750;760
2,02E+11;18;12;18;1215;1;1;1;1;1;481;SAINT ANDRIEUX (CHEMIN D;M;4954335;9495;760
2,02E+11;18;12;20;430;5;2;1;2;6;351;RUE D'ALGER;M;4949805;9549;760
2,02E+11;18;12;23;925;1;2;3;1;6;351;PIERRE DE COUBERTIN (ALL;M;4952346;12576;760
2,02E+11;18;12;22;514;5;2;1;1;6;351;RUE MARCEL TOULOUZAN;M;4948645;14765;760
2,02E+11;18;12;27;1100;1;2;1;1;3;351;VERDUN (RUE DE);M;4950231;18299;760
2,02E+11;18;1;6;1705;2;2;2;1;3;429;01  DARNETAL. ROUTE DE;M;4941669;114617;760
2,02E+11;18;1;8;1610;1;2;1;1;6;231;1  NEUBOURG. RUE DU (RN;M;4928424;100838;760
2,02E+11;18;9;20;1850;1;2;1;1;6;575;CANADIENS. AVENUE DES;M;4940046;106414;760
2,02E+11;18;1;12;1555;1;2;1;1;6;575;01  FELLING. AVENUE DE;M;4939674;106149;760
2,02E+11;18;1;17;820;2;2;1;1;6;484;1  FRATERNITE. AVENUE DE;M;4936305;109879;760
2,02E+11;18;1;18;1130;1;2;1;1;3;157;01  A150;M;4945200;105588;760
2,02E+11;18;1;18;1710;2;1;1;1;7;319;1  ESSARTS. RUE DES (CD;M;4936675;103976;760
2,02E+11;18;1;12;35;5;2;2;1;6;681;201  CORNEILLE. RUE PIER;M;4941670;109804;760
2,02E+11;18;1;18;800;5;2;1;1;6;540;01  EUROPE. BOULEVARD DE;M;4942828;108095;760
2,02E+11;18;1;19;755;5;2;2;1;3;540;01  EUROPE. BOULEVARD DE;M;4942788;109348;760
2,02E+11;18;11;30;730;5;1;1;1;3;484;POMMIERS. RUE DES;M;4935880;110955;760
2,02E+11;18;1;2;1910;5;2;1;2;6;498;60 AV JEAN jaures;M;4942784;106733;760
2,02E+11;18;11;7;2345;3;2;6;1;6;705;PERI. BOULEVARD GABRIEL;M;4931941;107447;760
2,02E+11;18;11;5;1600;1;2;1;1;3;575;CARNOT. RUE LAZARE;M;4937795;110784;760
2,02E+11;18;11;25;315;4;2;1;1;6;575;A 13 - D 18 E (BRETELLE;M;4938762;110682;760
2,02E+11;18;1;18;1830;5;1;1;1;2;540;01  MATHILDE. PONT;M;4943293;110435;760
2,02E+11;18;1;26;819;2;2;6;1;1;705;1  TOURVILLE VILLAGE - Q;M;4932887;110008;760
2,02E+11;18;1;23;1526;1;1;1;1;1;391;1  ROUTE FORESTIERE DE L;M;4933765;92047;760
2,02E+11;18;12;2;620;3;1;1;1;7;497;RN 338 (VOIE RAPIDE SUD;M;4939865;103177;760
2,02E+11;18;2;4;1650;1;2;1;1;3;540;29bis  MONT GARGAN. RUE;M;4943544;112039;760
2,02E+11;18;12;13;1210;1;2;2;1;6;131;PORT. RUE DU;M;4935159;93149;760
2,02E+11;18;1;31;1245;1;2;3;2;3;681;25  ZOLA. RUE EMILE;M;4942048;108563;760
2,02E+11;18;1;30;2035;5;2;2;1;3;540;01  EUROPE. BOULEVARD DE;M;4942724;108368;760
2,02E+11;18;2;1;55;5;2;1;1;7;540;01  BOURSE. QUAI (BAS) D;M;4943816;109152;760
2,02E+11;18;2;1;2120;5;2;2;1;3;540;38  BELGES. BOULEVARD DE;M;4944220;108383;760
2,02E+11;18;2;3;30;5;2;1;2;7;157;avenue louis pasteur;M;4944298;102929;760
2,02E+11;18;2;2;305;5;1;1;2;7;322;01  VOIE RAPIDE SUD 3 (R;M;4941922;104938;760
2,02E+11;18;2;2;1210;1;1;3;1;6;540;01  SAINT MAUR. RUE;M;4944678;108983;760