Num_Acc;an;mois;jour;hrmn;lum;agg;int;atm;col;com;adr;gps;lat;long;dep
2,02E+11;18;2;1;1849;5;2;3;9;6;322;14 av GEORGE BRAQUE;M;4940336;104145;760
2,02E+11;18;11;8;1525;1;2;1;1;6;561;MALRAUX. RUE ANDRE;M;4931098;103169;760
2,02E+11;18;2;12;1150;1;2;2;1;6;231;5 RUE DES MARTYRS;M;4928744;100821;760
2,02E+11;18;1;12;40;5;2;1;1;3;540;01  BOULET. QUAI GASTON;M;4944161;108122;760
2,02E+11;18;2;21;1140;1;1;1;1;3;540;N28;M;4943724;111037;760
2,02E+11;18;2;23;2120;5;2;1;1;1;165;82 RUE  GENERAL GIRAUD;M;4928622;102519;760
2,02E+11;18;3;5;1000;1;2;3;1;7;165;01  STRASBOURG. RUE DE;M;4928125;102553;760
2,02E+11;18;2;13;1920;5;2;1;3;4;540;618 avenue GRAND COURS;M;4942624;110490;760
2,02E+11;18;3;6;1320;1;2;1;1;3;540;33  CLEMENCEAU. COURS;M;4943405;108928;760
2,02E+11;18;3;12;1900;1;2;6;1;3;322;2 RUE ALBERT LACOURT;M;4941619;105433;760
2,02E+11;18;2;18;2110;5;2;2;1;6;540;BELGES. BOULEVARD DES;M;4944419;108550;760
2,02E+11;18;2;20;1505;1;1;1;2;3;157;A150;M;4947391;102547;760
2,02E+11;18;3;16;1120;1;1;1;1;2;681;57 bvd industriel;M;4940272;111074;760
2,02E+11;18;3;27;1330;1;2;3;1;2;540;av de la  GRAND MARE;M;4945467;113567;760
2,02E+11;18;3;28;815;2;2;2;2;6;498;109 bd du 11 NOVEMBRE;M;4941424;107157;760
2,02E+11;18;3;31;2345;5;2;2;2;3;484;2 rue des ECOLES;M;4935827;109670;760
2,02E+11;18;3;30;1825;1;2;1;1;2;212;ROUTE DE LYONS LA FORET;M;4943549;114559;760
2,02E+11;18;4;4;1940;1;2;1;2;4;498;AV JEAN JAURES;M;4942815;106860;760
2,02E+11;18;4;5;1350;1;2;2;1;3;451;RUE DES MOUETTES;M;4947041;107006;760
2,02E+11;18;4;5;2300;5;2;2;1;3;157;RUE DE LA VALETTE;M;4946724;103858;760
2,02E+11;18;4;8;1925;1;1;2;1;2;681;INDUSTRIEL. BOULEVARD (C;M;4942122;110676;760
2,02E+11;18;4;10;755;1;2;2;1;3;540;BOULEVARD DE LA MARNE;M;4944709;109338;760
2,02E+11;18;4;11;1115;1;2;1;1;3;540;AVENUE bernard bicheray;M;4945067;105712;760
2,02E+11;18;4;11;1100;1;2;2;1;3;95;RUE GEORGES LIOT;M;4945328;111818;760
2,02E+11;18;4;13;1625;1;2;2;1;3;212;ROUTE DE ROUEN;M;4944019;114353;760
2,02E+11;18;4;13;1830;1;2;1;1;6;216;RUE JOSEPH HUE;M;4947465;105003;760
2,02E+11;18;4;17;820;1;2;1;1;2;540;av aristide briand;M;4943512;110534;760
2,02E+11;18;4;18;1130;1;2;2;1;3;451;PLACE DES TISSERANDS;M;4947046;108287;760
2,02E+11;18;4;20;800;1;2;1;1;6;540;RUE D'AMIENS;M;4944018;110276;760
2,02E+11;18;4;20;2250;5;2;2;1;6;575;LENINE. BOULEVARD;M;4938101;110995;760
2,02E+11;18;4;21;622;5;1;1;1;1;157;A150;M;4944992;105917;760
2,02E+11;18;4;21;935;1;2;2;1;6;540;RUE D'AMIENS;M;4944063;110118;760
2,02E+11;18;4;20;1010;1;2;2;1;3;540;RUE DU RENARD;M;4945193;106903;760
2,02E+11;18;4;25;1305;1;2;3;1;6;540;RUE LA FAYETTE;M;4943313;109056;760
2,02E+11;18;4;29;2020;2;2;1;3;1;540;QUAI DE FRANCE;M;4943982;107349;760
2,02E+11;18;4;30;1110;1;2;1;1;6;540;OURS. RUE AUX;M;4944064;109141;760
2,02E+11;18;5;2;1750;1;2;2;2;3;165;RUE GALILEE;M;4928214;102582;760
2,02E+11;18;5;2;1720;1;2;1;2;6;410;MARTYRS DE LA RESISTANCE;M;4948201;104536;760
2,02E+11;18;5;6;2300;5;2;1;1;5;410;AVENUE DU VAL AUX DAMES;M;4947339;103472;760
2,02E+11;18;5;7;1515;1;2;3;1;6;498;JAURES. AVENUE JEAN;M;4942698;106377;760
2,02E+11;18;5;7;1650;1;1;1;1;6;599;SOURCES. RUE DES;M;4943328;115598;760
2,02E+11;18;5;19;2100;1;2;2;1;3;540;HAVRE. QUAI (HAUT) DU;M;4943908;108860;760
2,02E+11;18;5;18;1000;1;1;1;1;3;681;INDUSTRIEL. BOULEVARD (C;M;4941660;110782;760
2,02E+11;18;5;20;1725;1;2;2;1;3;540;LA FAYETTE. RUE;M;4943256;108941;760
2,02E+11;18;5;22;1845;1;2;2;1;3;540;RONDEAUX. AVENUE JEAN;M;4943456;107627;760
2,02E+11;18;4;30;2310;4;1;1;2;6;178;TOURVILLE. ROUTE DE (CD;M;4931302;105605;760
2,02E+11;18;5;23;1615;1;2;2;1;3;498;PREVERT. AVENUE JACQUES;M;4943006;106128;760
2,02E+11;18;5;7;1215;1;2;2;1;3;322;BROSSOLETTE. BOULEVARD P;M;4941864;103143;760
2,02E+11;18;5;27;445;5;2;1;1;2;540;BRIAND. AVENUE ARISTIDE;M;4943507;110568;760
2,02E+11;18;5;27;1301;1;2;1;1;6;474;RN 27 (ROUTE DE DIEPPE);M;4948713;104869;760
2,02E+11;18;5;28;1230;1;2;1;1;6;540;RUE JEANNE D'ARC;M;4944089;108989;760
2,02E+11;18;5;28;750;1;2;2;1;6;540;D'ESTOUTEVILLE. RUE GUIL;M;4945170;106962;760
2,02E+11;18;5;30;1550;1;2;9;1;3;540;BRETAGNE. AVENUE DE;M;4943056;107920;760
2,02E+11;18;6;2;2125;1;2;1;1;3;540;MOTTE. RUE DE LA;M;4943491;107512;760
2,02E+11;18;6;5;1510;1;2;2;1;3;540;PONT MATHILDE;M;4943447;110610;760
2,02E+11;18;6;6;510;2;2;2;1;3;575;AVENUE DU VAL L ABBE;M;4938569;109949;760
2,02E+11;18;6;10;5;5;2;1;1;2;540;COUPERIN. RUE FRANCOIS;M;4944935;113846;760
2,02E+11;18;6;9;300;4;1;1;1;2;322;VOIE RAPIDE SUD 3 (RN 33;M;4940057;103214;760
2,02E+11;18;6;10;17;5;2;1;1;6;540;BOULEVARD DE L' EUROPE;M;4943378;107778;760
2,02E+11;18;6;12;1510;1;2;1;1;6;216;ROUTE DE DIEPPE;M;4947462;104848;760
2,02E+11;18;6;13;1200;1;2;1;1;3;216;ROUTE DE DIEPPE;M;4947126;104973;760
2,02E+11;18;6;9;535;2;1;6;1;3;484;CD 18E;M;4934599;107723;760
2,02E+11;18;6;18;2200;2;2;1;1;1;540;YSER. BOULEVARD DE L';M;4944786;110226;760
2,02E+11;18;6;18;2125;1;2;1;1;7;681;PARIS. RUE DE;M;4941362;109828;760
2,02E+11;18;6;22;1055;1;2;1;1;6;402;DOCTEUR LEROY. RUE DU;M;4952411;104122;760
2,02E+11;18;6;22;1750;1;2;2;1;6;498;AVENUE JACQUES PREVERt;M;4942889;106247;760
2,02E+11;18;6;22;1900;1;2;1;1;3;231;RANDOING. RUE CAMILLE;M;4928947;100272;760
2,02E+11;18;6;28;1740;1;1;1;1;4;108;AVENUE DE L'EUROPE;M;4947520;110711;760
2,02E+11;18;6;29;1700;1;2;1;1;2;108;HAIE. RUE DE LA;M;4948293;112370;760
2,02E+11;18;6;30;1340;1;2;1;1;2;474;DIEPPE. ROUTE DE (RN 27);M;4948934;104925;760
2,02E+11;18;6;30;1600;1;1;6;1;3;540;MADAGASCAR. RUE DE;M;4943761;106707;760
2,02E+11;18;7;3;1500;1;1;1;1;2;681;CD 18E (BOULEVARD INDUST;M;4941674;110779;760
2,02E+11;18;7;3;1715;1;2;1;1;6;157;ANCIENNE ROUTE DUCLAIR;M;4944762;101800;760
2,02E+11;18;7;5;2345;5;2;2;1;3;540;LECANUET. RUE JEAN;M;4944419;109472;760
2,02E+11;18;7;5;1705;1;2;3;1;3;319;LECLERC. AVENUE DU GENER;M;4936321;101296;760
2,02E+11;18;7;10;810;1;2;1;1;3;540;ROUTE DE Neufchatel;M;4945160;109817;760
2,02E+11;18;7;10;1259;1;1;1;1;1;157;CROISSET. COTE DE (CD 94;M;4944255;103250;760
2,02E+11;18;7;10;2330;5;2;1;1;6;231;JAURES. RUE JEAN;M;4928719;100904;760
2,02E+11;18;7;11;823;1;2;1;1;6;216;PAIX. RUE DE LA;M;4947185;104626;760
2,02E+11;18;7;11;2106;1;2;1;1;2;165;FAURE. RUE FELIX;M;4928715;102292;760
2,02E+11;18;7;15;1710;1;1;2;1;3;540;BICHERAY. AVENUE DU COMM;M;4944929;104777;760
2,02E+11;18;7;13;1110;1;1;1;1;3;157;A150;M;4945796;104736;760
2,02E+11;18;6;27;920;1;1;1;1;3;540;BOULEVARD DU MIDI;M;4943356;104098;760
2,02E+11;18;7;18;720;1;1;1;1;3;498;N338;M;4943427;106709;760
2,02E+11;18;7;19;115;5;2;4;1;6;216;DUFLO. RUE RAYMOND;M;4946469;105192;760
2,02E+11;18;7;22;1020;1;2;1;1;2;231;VOIE SUR BERGE;M;4929207;102270;760
2,02E+11;18;7;24;530;3;1;1;1;6;497;VOIE RAPIDE SUD 3 RN 338;M;4941913;104908;760
2,02E+11;18;7;24;845;1;1;1;1;7;216;DUCLAIR. ROUTE DE;M;4946731;103779;760
2,02E+11;18;7;26;413;3;1;1;1;5;497;VOIE RAPIDE SUD 3 (RN 33;M;4938012;104817;760
2,02E+11;18;7;27;1115;1;2;1;1;6;451;POUSSIN. RUE NICOLAS;M;4946295;106921;760
2,02E+11;18;7;27;1600;1;2;1;1;3;157;MAGASIN LECLERC (RUE DU;M;4945835;104438;760
2,02E+11;18;7;28;1535;1;2;1;1;3;212;LYONS LA FORET. ROUTE DE;M;4943179;115046;760
2,02E+11;18;8;3;1855;1;2;1;1;6;212;CARNOT. RUE SADI;M;4944074;114656;760
2,02E+11;18;8;3;1855;1;2;3;1;6;366;DIEPPE. ROUTE DE (EX DE;M;4950708;104002;760
2,02E+11;18;8;4;1145;1;2;2;1;2;540;RUE SAINT MAUR;M;4945124;108795;760
2,02E+11;18;8;6;1015;1;2;1;1;6;540;YSER. BOULEVARD DE L';M;4944731;109523;760
2,02E+11;18;8;6;1555;1;2;1;1;7;540;NEUFCHATEL. ROUTE DE;M;4945217;110239;760
2,02E+11;18;8;7;2344;5;2;1;1;6;540;EUROPE. BOULEVARD DE L';M;4943112;107877;760
2,02E+11;18;8;8;1620;1;2;2;1;3;540;D'ESTOUTEVILLE. RUE GUIL;M;4945195;106906;760
2,02E+11;18;8;12;205;5;2;1;1;6;540;VERDUN. BOULEVARD DE;M;4944312;111275;760
2,02E+11;18;8;12;1505;1;2;1;1;2;540;av  Bernard Bicheray;M;4944984;105067;760
2,02E+11;18;8;16;1845;1;2;1;1;1;212;RUE DE PREAUX;M;4945334;118853;760
2,02E+11;18;8;18;1610;1;2;2;1;3;540;BOULET. QUAI GASTON;M;4944335;107751;760
2,02E+11;18;8;19;615;5;2;1;1;2;103;REPUBLIQUE. RUE DE LA;M;4942772;111193;760
2,02E+11;18;8;18;1330;1;2;1;1;3;231;CARNOT. COURS;M;4928702;101277;760
2,02E+11;18;8;20;745;1;2;2;1;3;540;SAINT JULIEN. RUE;M;4942388;106982;760
2,02E+11;18;8;20;1615;1;2;1;1;6;498;JAURES. AVENUE JEAN;M;4942676;106299;760
2,02E+11;18;8;20;1825;1;2;1;1;6;681;PERI. RUE GABRIEL;M;4941342;109068;760
2,02E+11;18;8;31;1605;1;2;2;1;6;231;MARTYRS. RUE DES;M;4928850;100667;760
2,02E+11;18;8;31;1000;1;2;1;1;7;540;pont mathilde;M;4942860;110113;760
2,02E+11;18;8;31;1225;1;2;1;1;2;540;BOISGUILBERT. QUAI DE;M;4944294;107556;760
2,02E+11;18;8;31;1500;1;2;3;1;6;231;rue anatole france;M;4929278;100128;760
2,02E+11;18;9;5;1430;1;2;3;1;1;212;ROUEN. ROUTE DE;M;4943961;113899;760
2,02E+11;18;9;5;2000;1;2;2;1;3;410;REPUBLIQUE. RUE DE LA;M;4948241;104279;760
2,02E+11;18;9;7;750;1;2;1;1;3;540;MAILLOTS SARRAZINS. RUE;M;4943708;109768;760
2,02E+11;18;9;6;1802;1;2;1;1;2;366;RUE ARISTIDE briand;M;4950923;103370;760
2,02E+11;18;9;8;1915;2;2;4;1;3;540;ANGLAIS. RUE AUX;M;4943202;107510;760
2,02E+11;18;9;7;1125;1;2;6;1;2;540;DARNETAL. ROUTE DE;M;4943989;113114;760
2,02E+11;18;9;9;700;2;2;2;1;3;681;SALVA. RUE LEON;M;4941066;107888;760
2,02E+11;18;9;10;1210;1;2;6;1;3;451;TRONQUET. RUE DU;M;4946910;107691;760
2,02E+11;18;9;14;1745;1;2;2;1;3;319;SEELZE. RUE DE;M;4935356;100458;760
2,02E+11;18;9;16;1430;1;2;1;1;3;5;RN 15 (ROUTE DE PARIS);M;4941751;111823;760
2,02E+11;18;9;17;2105;5;2;1;1;3;540;BOULET. QUAI GASTON;M;4944177;108094;760
2,02E+11;18;9;17;2115;5;2;1;1;1;540;ROCADE Nord-Est;M;4943500;110603;760
2,02E+11;18;9;19;755;1;2;1;1;6;410;VAL AUX DAMES. AVENUE DU;M;4947887;103523;760
2,02E+11;18;9;19;545;5;2;2;1;5;540;HAVRE. ROUTE DU;M;4945220;105919;760
2,02E+11;18;9;19;1605;1;2;2;1;6;540;LECAT. RUE DE;M;4944628;108302;760
2,02E+11;18;9;19;1840;1;2;6;1;3;103;BOIS BAGNERES. RUE DU;M;4942831;113068;760
2,02E+11;18;9;21;750;2;2;1;1;6;540;YSER. BOULEVARD DE L';M;4944775;110220;760
2,02E+11;18;10;5;1100;1;2;1;1;2;451;MONT AUX MALADES. AVENUE;M;4946609;107121;760
2,02E+11;18;10;8;1620;1;2;3;1;6;540;ALSACE LORRAINE. RUE;M;4943424;107065;760
2,02E+11;18;9;7;510;5;2;1;2;3;540;BOURSE. QUAI (HAUT) DE L;M;4943905;108826;760
2,02E+11;18;10;10;1620;1;2;1;1;2;540;HAVRE. ROUTE DU;M;4944983;106281;760
2,02E+11;18;10;11;1215;1;2;9;1;3;498;GIRARDIN. BOULEVARD STAN;M;4941315;106862;760
2,02E+11;18;10;11;2115;5;2;4;2;6;366;RUE DU GAL DE gaulle;M;4950921;103929;760
2,02E+11;18;10;14;1210;1;2;1;1;6;540;PONT MATHILDE;M;4943480;110469;760
2,02E+11;18;10;12;750;5;2;2;1;3;681;RUE DE PARIS;M;4941224;109911;760
2,02E+11;18;10;15;820;1;2;1;1;6;402;RUE GEORGES PELLERIN;M;4952613;103621;760
2,02E+11;18;10;16;1120;1;2;3;1;6;540;RUE ALSACE LORRAINE;M;4943840;110052;760
2,02E+11;18;10;16;1230;1;2;3;1;3;540;ROUTE DE BONSECOURS;M;4942863;111448;760
2,02E+11;18;10;16;1740;1;2;1;1;4;540;BOULEVARD DE L'EUROPE;M;4943022;107885;760
2,02E+11;18;10;16;1800;1;1;6;1;5;108;EUROPE. AVENUE DE L' (CD;M;4947807;110060;760
2,02E+11;18;10;17;1834;1;2;3;1;6;540;SAPINS. RUE DES;M;4944770;111684;760
2,02E+11;18;10;17;820;2;2;2;1;3;540;BICHERAY. AVENUE DU COMM;M;4944973;105035;760
2,02E+11;18;10;18;900;1;1;1;1;4;157;A150;M;4945937;104414;760
2,02E+11;18;10;23;955;1;2;1;1;3;540;rue jean mullot;M;4942676;107887;760
2,02E+11;18;10;25;1915;5;2;2;1;6;540;MOULIN. QUAI (HAUT) JEAN;M;4943488;109325;760
2,02E+11;18;10;26;815;1;2;2;1;3;410;AVENUE DU VAL AUX DAMES;M;4948156;103678;760
2,02E+11;18;10;26;1620;1;1;6;1;3;108;BRETEQUE. CHEMIN DE LA;M;4948163;110989;760
2,02E+11;18;10;26;1830;1;1;1;1;1;402;FRESQUIENNES. ROUTE DE (;M;4952758;102779;760
2,02E+11;18;10;29;1600;1;2;1;1;6;540;DORMOY. RUE AMEDEE;M;4944604;106622;760
2,02E+11;18;10;30;1830;5;2;1;1;2;322;VOIE RAPIDE SUD 3 (RN 33;M;4941795;104794;760
2,02E+11;18;11;2;2010;5;2;2;1;3;540;LESSEPS. QUAI FERDINAND;M;4944488;106787;760
2,02E+11;18;11;5;2105;3;1;1;1;1;497;MARITIME. BOULEVARD;M;4939364;101881;760
2,02E+11;18;11;6;1830;5;2;1;1;6;498;JAURES. AVENUE JEAN;M;4942654;106209;760
2,02E+11;18;11;6;1915;5;2;2;1;6;681;14 JUILLET. AVENUE DU;M;4940641;109676;760
2,02E+11;18;11;12;1330;1;2;3;1;3;474;CD 51 (RUE DE L'ABBAYE);M;4949091;104159;760
2,02E+11;18;11;13;1150;1;2;1;1;6;451;SAKHAROV. RUE ANDREI DMI;M;4947487;109140;760
2,02E+11;18;11;13;1607;1;2;1;1;3;540;MONT RIBOUDET. AVENUE DU;M;4944943;106316;760
2,02E+11;18;11;15;840;1;2;1;5;6;108;CLERES. CHEMIN DE;M;4947073;110982;760
2,02E+11;18;11;15;1915;5;2;1;1;1;484;ROCHES. ROUTE DES (CD 18;M;4933031;105916;760
2,02E+11;18;11;17;1125;1;2;3;1;3;498;GAULLE. BOULEVARD CHARLE;M;4941761;105662;760
2,02E+11;18;11;16;1215;1;2;1;1;6;540;LYONS LA FORET. ROUTE DE;M;4943674;112469;760
2,02E+11;18;11;16;2320;5;2;1;1;6;410;8 MAI 1945. RUE DU;M;4947445;103702;760
2,02E+11;18;11;19;1820;5;2;6;1;7;540;rue de la motte;M;4943453;107186;760
2,02E+11;18;11;20;140;3;2;1;1;6;484;ROCHES. ROUTE DES (CD 18;M;4933064;106015;760
2,02E+11;18;11;20;830;5;2;3;1;6;474;ROUTE DE DIEPPE;M;4949054;104917;760
2,02E+11;18;11;20;1445;1;1;2;1;3;212;RN 31 (BOULEVARD DE LA P;M;4943724;114280;760
2,02E+11;18;11;20;1800;5;2;3;1;6;216;RUE ARMAND DAUGE;M;4946728;105261;760
2,02E+11;18;11;21;730;5;2;6;1;6;103;HAUTES HAIES. RUE DES;M;4942485;112813;760
2,02E+11;18;11;21;725;5;2;1;1;6;498;JAURES. AVENUE JEAN;M;4942655;106209;760
2,02E+11;18;11;24;225;5;1;2;1;3;681;CD 18E (BOULEVARD INDUST;M;4940294;111075;760
2,02E+11;18;11;23;1740;5;2;1;1;3;366;11 NOVEMBRE. RUE DU;M;4952234;103460;760
2,02E+11;18;11;26;1150;1;2;1;1;3;540;quai de la bourse;M;4943868;108953;760
2,02E+11;18;11;26;1743;5;1;1;1;5;540;N28;M;4943863;112073;760
2,02E+11;18;10;18;1715;1;1;3;1;3;391;138 RN;M;4933125;91803;760
2,02E+11;18;11;27;735;5;2;1;2;6;681;PARIS. RUE DE;M;4941299;109849;760
2,02E+11;18;11;27;1833;5;2;6;2;3;216;MANOIR RIGAULT. RUE DU;M;4945823;105333;760
2,02E+11;18;11;29;1445;1;1;1;1;6;157;SAHURS. ROUTE DE (CD 351;M;4941567;99645;760
2,02E+11;18;12;1;1255;1;2;1;2;2;540;pont mathilde;M;4943024;110125;760
2,02E+11;18;11;30;2050;5;2;2;1;6;540;SOREL. RUE ALBERT;M;4942816;108431;760
2,02E+11;18;12;4;2230;5;2;3;1;7;484;RUE DU MUGUET;M;4936044;109506;760
2,02E+11;18;12;7;1430;1;2;3;1;6;540;DOCTEUR SEGUIN. RUE DU;M;4945530;112491;760
2,02E+11;18;12;13;2250;5;2;2;1;3;540;rue jeanne d'arc;M;4943880;108860;760
2,02E+11;18;12;18;2050;5;1;1;2;1;157;QUAI DU DANEMARK.;M;4941650;101435;760
2,02E+11;18;12;21;430;5;2;1;3;6;540;quai  (haut) du havre;M;4943975;108628;760
2,02E+11;18;12;21;30;5;1;1;1;6;322;STALINGRAD. BOULEVARD DE;M;4942771;103180;760
2,02E+11;18;12;21;530;4;1;6;3;6;705;BOULEVARD GABRIEL PERI;M;4932330;109325;760
2,02E+11;18;12;23;2240;5;2;2;2;3;540;QUAI JACQUES ANQUETIL;M;4943494;109377;760
2,02E+11;18;12;30;1730;5;1;3;2;3;322;RN 138 (AVENUE DES CANAD;M;4940203;106522;760
2,02E+11;18;1;6;2315;5;2;1;2;7;108;D934;M;4887796;260860;770
2,02E+11;18;1;22;1435;1;2;6;1;1;108;D34 X VC 4 AMERICAINS;M;4889295;261003;770
2,02E+11;18;1;25;933;1;2;1;2;6;108;38  RESISTANCE (AVENUE D;M;4887668;258478;770
2,02E+11;18;3;13;320;5;2;1;3;6;108;D34 - 41  AV. DE CLAYE;M;4888263;260076;770
2,02E+11;18;3;26;1045;1;2;2;1;3;108;DIGOY (AVENUE GEORGES);M;4888048;257919;770
2,02E+11;18;3;30;1915;1;2;2;1;6;108;RESISTANCE (AVENUE DE LA;M;4887649;258454;770
2,02E+11;18;4;6;1600;1;1;1;1;2;479;RUELLE AUX LOUPS (CHEMIN;M;4886493;263390;770
2,02E+11;18;4;20;1645;1;1;1;1;6;479;RUELLE AUX LOUPS (CHEMIN;M;4886406;263659;770
2,02E+11;18;5;1;1418;1;2;2;1;2;108;D224 x D34;M;4887939;259711;770
2,02E+11;18;5;1;1535;1;1;1;1;2;517;CD105;M;4892118;265001;770
2,02E+11;18;5;4;1145;1;2;3;1;2;55;REPUBLIQUE (AVENUE DE LA;M;4888202;262642;770
2,02E+11;18;5;21;1725;1;2;1;1;6;108;LAENNEC (RUE);M;4890310;260287;770
2,02E+11;18;6;21;1848;1;2;3;7;3;479;RUES PECHEURS/PASTEUR;M;4886927;263001;770
2,02E+11;18;7;6;1600;1;1;2;1;3;517;D404 X D105;M;4891190;267972;770
2,02E+11;18;7;8;1400;1;2;9;1;6;479;CORPS DE GARDE (CHEMIN D;M;4886840;262180;770
2,02E+11;18;9;12;1220;1;2;2;1;6;108;D34 X D934;M;4887574;259629;770
2,02E+11;18;9;17;1020;1;2;9;1;6;479;MELET (BOULEVARD CONSTAN;M;4887347;264062;770
2,02E+11;18;10;29;1700;1;2;6;2;3;108;NAST (RUE GUSTAVE);M;4888564;258662;770
2,02E+11;18;12;17;1100;1;2;6;1;6;108;D224 - AV. JEAN JAURES;M;4888064;259410;770
2,02E+11;18;12;30;1750;1;1;1;9;6;517;D34;M;4891078;263948;770
2,02E+11;18;3;15;1030;1;2;9;8;6;111;HERGE ( AVENUE);M;4886194;278218;770
2,02E+11;18;6;19;1615;1;1;3;1;4;268;RD 93;M;4887624;282458;770
2,02E+11;18;7;2;2003;1;2;2;1;6;449;DANUBE ( COURS DU );M;4885470;277497;770
2,02E+11;18;10;3;2021;3;1;1;1;3;268;RD 93;M;4887447;282326;770
2,02E+11;18;9;27;1119;1;1;6;1;2;449;D231 X D88A X BRET. A4;M;4883204;279828;770
2,02E+11;18;10;19;1830;1;2;2;1;1;268;CLE DES CHAMPS ( RUE DE;M;4886748;281471;770
2,02E+11;18;1;1;920;1;2;1;8;1;320;D934 - 821  G. DE GAULLE;M;4882797;303190;770
2,02E+11;18;2;1;1340;1;2;3;8;3;320;67  GENERAL DE GAULLE (A;M;4882403;304052;770
2,02E+11;18;2;4;1900;5;2;1;2;2;131;GENERAL LECLERC (RUE DU);M;4881402;307287;770
2,02E+11;18;3;3;2026;4;2;6;2;6;131;STRASBOURG (AVENUE DE);M;4880861;308307;770
2,02E+11;18;3;11;2045;5;2;1;1;7;320;678  RUE DES CHALVERGNES;M;4881068;306052;770
2,02E+11;18;3;19;1455;1;2;2;1;3;42;D66 X D37;M;4881659;313252;770
2,02E+11;18;3;4;950;1;1;1;1;1;42;D37;M;4882797;313902;770
2,02E+11;18;5;4;1540;1;2;9;1;6;131;VERCORS (RUE DU);M;4880860;307562;770
2,02E+11;18;6;8;1910;1;2;1;1;6;400;SAPINS (RUE DES);M;4879813;301795;770
2,02E+11;18;6;16;2020;1;1;1;1;6;70;D 934;M;4879499;310501;770
2,02E+11;18;6;29;2305;5;2;1;1;1;131;MARGATS (RUE DES);M;4880921;310177;770
2,02E+11;18;6;20;1110;1;2;6;1;3;131;MARCEL CLAVIER (RUE);M;4880939;309035;770
2,02E+11;18;8;3;2015;1;2;3;1;1;131;D222 X ENTREE PARKING;M;4881488;308551;770
2,02E+11;18;8;2;1640;1;2;1;1;7;131;D402 - AV. JEHAN DE BRIE;M;4881693;308663;770
2,02E+11;18;8;26;120;5;2;3;1;1;320;D934 X RUE DES ALLELUIAS;M;4882399;304045;770
2,02E+11;18;8;25;1145;1;1;1;1;6;131;D402 (DEVIATION);M;4879507;308980;770
2,02E+11;18;10;14;1710;1;2;3;1;3;42;CROIX BLANCHE (RUE DE LA;M;4882625;313785;770
2,02E+11;18;11;19;1730;3;1;1;2;3;13;D402 - 53+744 annoncй;M;4884182;308773;770
2,02E+11;18;12;14;1909;5;2;2;8;6;131;D402 X RUE PIDOUX DE M.;M;4882602;308731;770
2,02E+11;18;12;22;1820;5;2;1;2;6;131;MONTBILLARD (RUE DU);M;4882150;309408;770
2,02E+11;18;1;10;350;5;2;1;2;6;186;78  GRANDE (RUE);M;4840591;270206;770
2,02E+11;18;1;18;1935;3;1;1;8;1;186;RD116;M;4843285;271289;770
2,02E+11;18;1;31;1200;1;2;2;9;6;186;GRANDE (RUE);M;4840515;270128;770
2,02E+11;18;2;19;1920;3;1;1;1;1;186;RD 142;M;4846863;266750;770
2,02E+11;18;3;9;25;3;1;1;1;6;186;RD607;M;4843252;265918;770
2,02E+11;18;3;19;835;1;1;1;8;2;186;CONSTANCE (BOULEVARD DE;M;4840372;268710;770
2,02E+11;18;4;2;1610;1;1;1;1;4;186;RD148;M;4835484;276276;770
2,02E+11;18;4;20;600;2;2;2;1;3;186;D210 - B.GENERAL LECLERC;M;4841297;270699;770
2,02E+11;18;4;22;1655;1;1;1;1;2;186;D301E2 - GARE THOMERY;M;4839532;276401;770
2,02E+11;18;6;26;1800;1;1;2;7;5;186;D142 X D115;M;4848085;266695;770
2,02E+11;18;6;30;1315;1;2;1;9;1;37;D137  - CASTELLANI (RUE);M;4847923;270874;770
2,02E+11;18;6;30;1825;1;2;2;1;6;14;D210 X AV. TOURING CLUB;M;4841483;271801;770
2,02E+11;18;7;9;940;1;1;2;1;3;186;D142 X D115;M;4848078;266694;770
2,02E+11;18;7;5;1610;1;1;1;8;6;186;D138 - ROUTE BOURGOGNE;M;4843616;273479;770
2,02E+11;18;8;4;1725;1;1;1;1;2;186;RD607 - RTE DE NEMOURS;M;4839481;269147;770
2,02E+11;18;8;4;1115;1;1;1;1;1;186;RD116 PanONF … rte Butte;M;4846447;273435;770
2,02E+11;18;8;3;1840;1;1;9;1;2;186;D606;M;4838013;277728;770
2,02E+11;18;8;31;940;1;2;6;1;3;442;D210 X D39;M;4842826;275123;770
2,02E+11;18;9;6;2150;3;1;4;1;1;186;TABLE DU ROI (CARREFOUR;M;4848391;266581;770
2,02E+11;18;9;15;1620;1;1;1;1;2;186;RD116 PanONF … rte Butte;M;4848025;271737;770
2,02E+11;18;10;8;1750;1;1;1;1;1;186;RD607 de Barbizon … pav‚;M;4836155;269224;770
2,02E+11;18;10;12;1535;1;2;1;1;3;186;GRANDE (RUE);M;4840500;270100;770
2,02E+11;18;10;19;2155;3;1;1;1;2;186;RD607 de Barbizon … pav‚;M;4842227;266885;770
2,02E+11;18;11;18;1425;1;1;2;1;3;186;D409 X D301;M;4841362;264515;770
2,02E+11;18;11;29;1940;3;1;2;1;3;186;D409 X D301 ROUTE RONDE;M;4841362;264416;770
2,02E+11;18;1;18;1950;5;2;3;2;6;243;RAYMOND POINCARE  (AVENU;M;4887492;272295;770
2,02E+11;18;1;21;315;5;1;1;1;1;464;233  CLAYE  (RUE DE  );M;4890128;271244;770