Num_Acc;an;mois;jour;hrmn;lum;agg;int;atm;col;com;adr;gps;lat;long;dep
2,02E+11;18;2;1;755;2;2;1;8;6;464;04  GAMBETTA  (RUE   );M;4888440;271224;770
2,02E+11;18;3;6;830;1;2;3;7;6;243;52  SAINT DENIS  (RUE;M;4887883;271305;770
2,02E+11;18;3;7;1120;1;1;1;8;1;209;D35;M;4886171;270414;770
2,02E+11;18;3;13;945;1;1;2;1;7;438;SAINT GERMAIN DES NOYERS;M;4885015;266257;770
2,02E+11;18;3;16;740;1;1;1;1;5;181;D35-RUE DU GAL DE GAULLE;M;4881562;270190;770
2,02E+11;18;3;24;1245;1;2;2;1;3;243;9  GENERAL LECLERC  (AVE;M;4887657;269953;770
2,02E+11;18;3;24;1025;1;2;2;1;2;58;D5  AV.GENERAL DE GAULLE;M;4883988;272701;770
2,02E+11;18;3;27;1700;1;2;6;2;3;58;D35 X AV. GRAHAM BELL;M;4883500;270582;770
2,02E+11;18;4;11;955;1;2;3;1;3;181;RUCHERIE  (RUE DE  LA);M;4882364;270855;770
2,02E+11;18;4;21;2020;1;2;9;1;2;59;EPINETTES  (RUE DES  );M;4884128;266188;770
2,02E+11;18;4;24;1330;1;2;4;1;4;243;SAINT DENIS  (RUE   );M;4887861;271377;770
2,02E+11;18;4;26;815;1;2;2;1;3;58;D5 X AV.GAL DE GAULLE;M;4883923;272140;770
2,02E+11;18;4;27;2130;4;1;1;1;2;85;PARKING RUE DECOUVERTE;M;4885930;274810;770
2,02E+11;18;5;1;1645;1;2;1;1;2;243;SAINT DENIS  (RUE   );M;4888000;271000;770
2,02E+11;18;5;3;800;1;2;9;1;5;438;D418 -AV.GENERAL LECLERC;M;4887354;268906;770
2,02E+11;18;5;6;10;3;1;1;1;7;237;D10;M;4882239;275474;770
2,02E+11;18;5;5;1115;1;2;3;1;3;58;GENERAL DE GAULLE  (AVEN;M;4883853;271576;770
2,02E+11;18;5;18;720;1;2;1;1;6;464;D418 - CLAYE  (RUE DE  );M;4888728;270345;770
2,02E+11;18;5;20;2145;3;2;3;1;3;58;D406 X RUE BUTTE DE VAUX;M;4883198;269877;770
2,02E+11;18;5;24;1415;1;2;9;1;2;243;D231 X BRET. D934;M;4887559;272224;770
2,02E+11;18;6;5;920;1;1;3;3;4;124;D10 X RUE JONCHERE;M;4885372;273052;770
2,02E+11;18;6;11;1800;1;2;2;2;6;243;GOUVERNES  (CHEMIN DE);M;4887311;270030;770
2,02E+11;18;6;12;1715;1;1;1;2;3;209;D217B - AV 2  CHATEAUX;M;4885492;269624;770
2,02E+11;18;6;13;730;1;1;1;1;3;372;D934;M;4888220;265377;770
2,02E+11;18;6;17;1610;1;1;9;1;7;243;D934;M;4886767;270262;770
2,02E+11;18;6;29;840;1;2;9;7;3;221;CHARLES PEGUY (AVENUE);M;4885406;271278;770
2,02E+11;18;7;2;1640;1;2;1;7;6;243;GEORGES CLEMENCEAU  (AVE;M;4887746;272148;770
2,02E+11;18;7;4;1305;1;1;1;1;5;438;D934;M;4886667;267652;770
2,02E+11;18;7;6;1850;1;2;1;1;2;181;D35 - R. JEAN JAURES;M;4882140;270469;770
2,02E+11;18;7;10;2335;5;2;2;1;3;438;D418 X VC X VC;M;4887378;268997;770
2,02E+11;18;7;11;1950;1;1;3;1;1;237;D231 X HOPITAL EST PARIS;M;4884936;276781;770
2,02E+11;18;7;12;900;1;2;1;1;2;438;SAINT GERMAIN DES NOYERS;M;4885064;266281;770
2,02E+11;18;7;14;854;1;2;2;1;3;449;EMILE CLOUD ( RUE );M;4884909;278690;770
2,02E+11;18;7;15;2050;1;2;2;1;3;372;D334 X D418;M;4888211;270146;770
2,02E+11;18;7;24;1;5;2;3;1;3;372;PARIS  (RUE DE  );M;4887989;267690;770
2,02E+11;18;7;30;1255;1;2;1;1;2;464;D418  CLAYE  (RUE DE  );M;4888455;270756;770
2,02E+11;18;8;1;1510;1;1;1;1;5;438;D934 X BRET. ACCES A104;M;4886681;267624;770
2,02E+11;18;8;19;2030;1;2;3;1;3;243;D10 X RUE GIBERT;M;4887264;270642;770
2,02E+11;18;9;10;1805;1;2;6;1;2;464;CLAYE  (RUE DE  );M;4889890;271309;770
2,02E+11;18;9;18;1600;1;2;4;2;3;59;RUE DU GUE LANGLOIS;M;4884616;266491;770
2,02E+11;18;9;20;1835;1;1;1;1;2;237;D10;M;4882191;275498;770
2,02E+11;18;9;25;1715;1;1;1;1;1;62;D105A - R DES GLORIETTES;M;4891034;269971;770
2,02E+11;18;9;30;1415;1;2;3;1;1;372;D418 X RUE MAURICE LAINE;M;4888096;270125;770
2,02E+11;18;10;4;930;1;2;6;1;3;58;LA HAYE (BOULEVARD DE);M;4883215;272330;770
2,02E+11;18;10;9;1705;1;2;1;1;6;237;LAGNY  (RUE DE  );M;4883810;275302;770
2,02E+11;18;10;12;1255;1;2;1;1;4;58;GENERAL DE GAULLE  (AVEN;M;4883765;270908;770
2,02E+11;18;10;15;917;1;2;3;1;1;58;ROME (BOULEVARD );M;4883703;273946;770
2,02E+11;18;10;17;815;1;2;1;1;3;464;DAMPMART  (RUE DE  );M;4888361;272487;770
2,02E+11;18;10;18;850;1;2;2;1;3;243;SAINT DENIS  (RUE   );M;4887889;271225;770
2,02E+11;18;10;18;820;1;2;1;1;6;464;JEAN JAURES  (RUE   );M;4888656;271490;770
2,02E+11;18;10;24;715;5;2;1;1;2;464;CLAYE  (RUE DE  );M;4889834;271248;770
2,02E+11;18;10;26;2045;5;2;1;1;2;243;GAMBETTA  (RUE   );M;4887900;270339;770
2,02E+11;18;11;7;1000;1;1;1;2;6;221;D217B;M;4885097;272962;770
2,02E+11;18;11;10;1735;2;2;3;1;3;464;D105B X RUE CORNILLIOT;M;4888257;270799;770
2,02E+11;18;11;15;800;1;1;3;8;4;372;D934 X RTE DE VILLEVAUDE;M;4888143;266095;770
2,02E+11;18;11;15;2357;5;2;2;2;6;243;D231 X BRET. D934;M;4887576;272208;770
2,02E+11;18;11;16;700;4;1;1;2;2;438;D934;M;4886619;268693;770
2,02E+11;18;11;20;1015;1;1;2;4;1;438;D10P X BRET. A104 SUD;M;4886121;266526;770
2,02E+11;18;11;20;910;1;2;2;4;3;243;VIOLETTES  (RUE DES  );M;4887186;271109;770
2,02E+11;18;11;22;1700;2;2;2;1;6;438;D418 X R.MORISOT/SABLONS;M;4885879;267081;770
2,02E+11;18;12;2;1700;2;2;2;2;3;58;GENERAL DE GAULLE  (AVEN;M;4883826;271349;770
2,02E+11;18;12;3;939;1;2;1;2;3;58;EUROPE (AVENUE DE L' );M;4883191;271719;770
2,02E+11;18;12;13;645;3;1;9;1;3;243;D934;M;4886793;270349;770
2,02E+11;18;12;13;1415;1;2;6;7;2;464;D418 X D105B;M;4889904;271323;770
2,02E+11;18;12;14;1635;2;2;3;1;6;464;D105B - RUE R. POINCARE;M;4888255;270825;770
2,02E+11;18;12;15;2045;3;2;1;2;6;58;EUROPE (AVENUE DE L' );M;4883112;271042;770
2,02E+11;18;12;25;1200;1;1;3;7;6;85;D5 - AVENUE LA JONCHERE;M;4885115;273711;770
2,02E+11;18;12;28;1153;1;2;1;1;6;58;EUROPE (AVENUE DE L' );M;4883197;271753;770
2,02E+11;18;12;31;350;5;2;1;2;2;58;EUROPE (AVENUE DE L' );M;4883170;271155;770
2,02E+11;18;1;8;745;3;1;2;1;3;335;D129 X D140;M;4896984;282981;770
2,02E+11;18;1;13;1730;2;1;1;1;1;335;RN Nш3 (ROUTE NATIONALE);M;4895793;284570;770
2,02E+11;18;2;3;1930;5;2;1;2;6;284;10  BESSIERES (RUE DU ML;M;4895288;292159;770
2,02E+11;18;3;3;2100;5;2;4;1;5;284;D360 - 19  AV. DE MELUN;M;4894584;287957;770
2,02E+11;18;1;10;1815;5;2;3;1;6;284;11  ROSE (BD.JEAN);M;4896207;287800;770
2,02E+11;18;1;19;1710;1;2;9;1;6;284;BOUVIN (AV.JEAN);M;4895255;291141;770
2,02E+11;18;3;22;515;3;1;9;1;1;276;RD 228;M;4891057;289661;770
2,02E+11;18;3;26;1215;1;2;1;1;6;143;19  HENRI MAGISSON (AVEN;M;4897082;286952;770
2,02E+11;18;4;5;825;1;1;1;1;1;358;RN 330;M;4899328;286145;770
2,02E+11;18;4;16;1830;1;1;2;1;3;335;D129 X D140;M;4896981;282981;770
2,02E+11;18;5;21;1950;1;1;1;1;6;475;D603 - JOFFRE (RUE MAL.);M;4895768;294482;770
2,02E+11;18;6;14;1010;1;2;9;1;3;284;ARQUEBUSE COURS DE L');M;4896182;287645;770
2,02E+11;18;5;16;1500;1;2;1;1;6;284;D360 - BUREAU (RUE JEAN);M;4895579;287828;770
2,02E+11;18;6;20;650;1;1;9;1;3;335;N3 X N330 X D603;M;4895620;285785;770
2,02E+11;18;6;21;205;5;2;2;1;3;284;DUNANT (AVENUE HENRI);M;4895354;289336;770
2,02E+11;18;7;16;1650;1;2;2;1;3;284;BARENNES (RUE PAUL);M;4895362;289469;770
2,02E+11;18;7;26;2120;1;2;1;1;6;284;APPEL DU 18 JUIN 1940 (A;M;4895100;290600;770
2,02E+11;18;7;30;1200;1;1;1;1;2;284;D603 VICTOIRE (AV.DE LA);M;4895706;292484;770
2,02E+11;18;8;12;2130;5;2;1;1;6;284;BARENNES (RUE PAUL);M;4895455;289353;770
2,02E+11;18;8;27;1945;1;1;1;1;6;335;RN3 (ROUTE NATIONALE);M;4895899;282920;770
2,02E+11;18;8;29;1910;1;1;1;8;6;77;D405 - DEV. NORD;M;4897981;289398;770
2,02E+11;18;9;11;1550;1;1;2;1;1;369;POINCY (ROUTE DE);M;4898401;290995;770
2,02E+11;18;9;19;1740;1;2;1;1;2;284;TRINITAIRES (RUE DES);M;4895435;287367;770
2,02E+11;18;9;20;2100;5;2;2;1;6;284;EPINETTE (AV.DE L');M;4895958;290756;770
2,02E+11;18;10;1;110;3;1;1;1;6;335;RN3 (ROUTE NATIONALE);M;4895897;283417;770
2,02E+11;18;10;4;630;5;2;1;1;2;284;TESSAN (RUE FRANCOIS DE);M;4895045;287974;770
2,02E+11;18;10;21;1410;1;2;1;1;7;358;CHEMIN RURAL D'AUTOMNE A;M;4899743;286458;770
2,02E+11;18;11;10;1820;5;2;1;2;2;284;APPEL DU 18 JUIN 1940 (A;M;4895180;290440;770
2,02E+11;18;11;15;1330;1;2;2;1;3;284;D360 X R JABLINOT/DASSY;M;4895521;287895;770
2,02E+11;18;11;15;1815;5;2;3;2;3;143;SENLIS (RUE DE);M;4896113;287127;770
2,02E+11;18;12;7;1330;1;2;1;2;6;284;ALLENDE (AV.SALVADOR);M;4895651;288712;770
2,02E+11;18;12;8;2140;3;1;9;2;7;143;N330 X CHEMIN DE REIMS;M;4897173;285681;770
2,02E+11;18;12;13;2050;5;2;1;1;6;284;D360 - LAFAYETTE (PLACE);M;4895800;287630;770
2,02E+11;18;12;17;1843;5;2;1;1;5;475;D603 - AV. DE VERDUN;M;4895811;295811;770
2,02E+11;18;12;24;2238;5;1;1;5;3;284;D603 VICTOIRE (AV.DE LA);M;4895720;292857;770
2,02E+11;18;12;27;100;4;1;6;1;6;513;N330 X AV. HENRI PERRIER;M;4894903;285632;770
2,02E+11;18;1;1;800;2;1;1;2;6;39;D39;M;4852947;260587;770
2,02E+11;18;1;4;2116;5;2;1;1;3;152;290  JAURES(AVENUE JEAN);M;4852750;264947;770
2,02E+11;18;2;15;1905;3;1;4;2;6;288;D606 X BRET. D376;M;4853624;265294;770
2,02E+11;18;2;17;1815;3;1;1;1;5;447;C.D 50;M;4854655;254985;770
2,02E+11;18;3;17;2025;5;2;1;2;2;389;53  GENERAL LECLERC(AVEN;M;4851919;265466;770
2,02E+11;18;4;9;1025;1;2;1;2;3;487;MONTEREAU  (ROUTE DE);M;4853970;268100;770
2,02E+11;18;4;6;2050;5;2;3;1;3;288;THIERS   (AVENUE EX RN 6;M;4852826;265413;770
2,02E+11;18;4;11;800;1;1;1;1;2;288;D605 - ROCADE;M;4854803;267655;770
2,02E+11;18;4;10;1515;1;2;2;8;3;152;BERTHELOT(AVENUE MARCELI;M;4850927;263335;770
2,02E+11;18;5;9;45;3;1;1;1;7;394;D82;M;4856839;267857;770
2,02E+11;18;5;10;1720;1;1;9;1;3;269;D215 X ACCES PARKING;M;4856814;270947;770
2,02E+11;18;5;25;1047;1;2;2;1;3;288;PAUL VALERY (RUE);M;4854355;267573;770
2,02E+11;18;5;24;1835;1;2;1;7;6;407;BORDES(RUE DES);M;4853087;253567;770
2,02E+11;18;5;21;1800;1;1;6;1;3;288;R.N 105;M;4854153;268172;770
2,02E+11;18;5;26;2050;1;1;3;1;7;407;D141 X RUE F. DEBON;M;4852668;250951;770
2,02E+11;18;5;30;1455;1;1;1;1;5;394;ROUTE DE LAGNY  (RD-471);M;4856334;267404;770
2,02E+11;18;6;13;20;3;1;1;2;6;269;D.215;M;4856872;271358;770
2,02E+11;18;6;29;1110;1;1;1;1;6;389;GENERAL LECLERC(AVENUE D;M;4852311;265339;770
2,02E+11;18;6;28;1730;1;2;1;1;6;487;MARE DES CHAMPS (DE LA);M;4852958;267892;770
2,02E+11;18;7;18;1030;1;2;1;1;6;288;SAINT LIESNE (RUE);M;4854033;266848;770
2,02E+11;18;7;21;1400;1;2;1;1;6;288;FRERES LUMIERE  (RUE DES;M;4855021;265907;770
2,02E+11;18;9;1;2350;3;1;9;1;6;285;D606 - BRET.ACCES D346;M;4854675;264265;770
2,02E+11;18;9;1;1850;1;2;3;1;3;487;G. DE GAULLE X RES CHATO;M;4853744;267417;770
2,02E+11;18;9;14;1945;1;2;2;1;6;288;GENERAL LECLERC (RUE);M;4852722;265361;770
2,02E+11;18;9;21;1650;1;1;2;1;3;152;D142 X D64;M;4849710;263399;770
2,02E+11;18;10;8;2101;5;1;1;1;1;487;R.N 105;M;4853869;268777;770
2,02E+11;18;10;9;1700;1;1;1;1;1;528;VOISENON  (ROUTE DE);M;4857340;265381;770
2,02E+11;18;10;30;330;3;1;1;2;6;40;D607;M;4850100;257829;770
2,02E+11;18;11;5;1825;5;2;2;1;6;152;D372 - LYS(AVENUE DU);M;4851862;262889;770
2,02E+11;18;11;8;1525;1;2;1;1;1;285;D1009T - AV. DE L'EUROPE;M;4854865;263857;770
2,02E+11;18;11;9;116;5;2;1;1;6;288;ABREUVOIR  (RUE DE L');M;4853907;266344;770
2,02E+11;18;11;16;1455;1;2;1;1;3;288;JEANNE D'ARC  (PONT);M;4853700;265870;770
2,02E+11;18;12;1;20;5;2;2;1;3;288;COTY (RUE RENE);M;4855109;264961;770
2,02E+11;18;12;11;1750;5;2;4;1;3;285;AV. MAURICE DAUVERGNE;M;4854504;264708;770
2,02E+11;18;1;2;1844;5;2;1;2;3;122;JEAN-FRANCOIS MILLET(RUE;M;4866003;256455;770
2,02E+11;18;1;24;759;5;2;1;8;6;251;42  OLYMPE DE GOUGES (BO;M;4863516;255800;770
2,02E+11;18;2;13;1847;5;2;9;2;6;122;JEAN MOULIN(RUE);M;4866060;256100;770
2,02E+11;18;3;3;1130;1;1;1;1;1;180;CD 35;M;4874776;267082;770
2,02E+11;18;3;5;1900;5;2;1;1;6;53;8  BEAU (AVENUE);M;4869151;260626;770
2,02E+11;18;3;2;1710;1;2;1;1;6;53;26  GUSTAVE EIFFEL (RUE);M;4870228;259909;770
2,02E+11;18;3;16;2226;5;2;1;1;6;445;7  MOULIN (AVENUE JEAN);M;4859031;258286;770
2,02E+11;18;3;24;1450;1;2;6;1;2;495;D.306 X D605;M;4855790;263755;770
2,02E+11;18;4;2;1730;1;1;1;8;3;114;RD 216;M;4873203;268875;770
2,02E+11;18;4;14;2010;2;2;1;1;1;67;GRANDE (RUE );M;4855429;257993;770
2,02E+11;18;4;20;1148;1;2;1;1;7;122;HAUT DU BREUIL(RUE DU);M;4866461;257617;770
2,02E+11;18;4;20;2000;1;2;1;1;6;495;FONTAINE RONDE (RUE DE L;M;4856800;262400;770
2,02E+11;18;4;15;1105;1;1;9;1;3;495;D.306;M;4857905;261346;770
2,02E+11;18;4;23;1835;1;2;2;1;4;495;D306 X D82;M;4856818;262592;770
2,02E+11;18;4;24;720;1;2;6;1;3;122;PLACE 19 MARS 1962;M;4866035;256337;770
2,02E+11;18;5;9;1630;1;2;2;1;3;445;RESISTANCE (AVENUE DE LA;M;4858718;258006;770
2,02E+11;18;5;9;2200;5;1;9;1;2;251;D50 - AV.PAUL DELOUVRIER;M;4861698;255427;770
2,02E+11;18;5;13;515;5;1;2;1;2;495;D.306 X RUE DE POUILLY;M;4857242;262113;770
2,02E+11;18;5;26;1610;1;2;3;7;6;445;AV.M.-FRANCE X R.BOILEAU;M;4859793;257977;770
2,02E+11;18;6;2;1933;1;1;3;1;3;450;D51 X BRET. ACCES N104;M;4872606;259694;770
2,02E+11;18;6;3;1600;1;2;1;1;1;445;GRETA GARBO (RUE);M;4858412;258658;770
2,02E+11;18;6;27;1915;1;2;6;1;6;53;D216 X D50;M;4869130;260684;770
2,02E+11;18;7;7;1610;1;2;1;1;3;296;EUROPE(AVENUE DE L');M;4862892;257948;770
2,02E+11;18;7;30;2305;5;2;2;1;3;296;JEAN JAURES (AVENUE);M;4862738;258036;770
2,02E+11;18;8;4;1510;1;2;1;1;2;445;D150 - AV. DES ROUTOIRES;M;4860507;257911;770
2,02E+11;18;8;5;35;5;1;2;1;3;251;D402 X D1149;M;4862475;256632;770
2,02E+11;18;8;5;1210;1;1;2;1;3;122;D48;M;4865724;261552;770
2,02E+11;18;8;25;1505;1;2;1;1;6;445;D50 - AV. 8 MAI 1945;M;4860303;256100;770
2,02E+11;18;8;20;1005;1;2;1;1;6;251;Avant ScЉne (all‚e de l';M;4861782;254964;770
2,02E+11;18;9;14;1400;1;2;1;1;3;53;JEAN JAURES (BOULEVARD);M;4869286;260829;770
2,02E+11;18;9;29;1700;1;2;1;1;6;445;CURIE (AVENUE PIERRE ET;M;4860562;257300;770
2,02E+11;18;10;11;2055;5;2;6;3;7;445;EUROPE (AVENUE DE L');M;4859728;259010;770
2,02E+11;18;10;24;40;5;1;9;1;2;296;PAUL DELOUVRIER(AVENUE);M;4862550;257669;770
2,02E+11;18;10;28;1015;1;2;1;1;1;296;PHILIPPE BUR(AVENUE);M;4862738;258659;770
2,02E+11;18;10;31;1802;3;1;1;2;6;114;D471;M;4872508;269899;770
2,02E+11;18;11;30;1121;1;2;1;1;6;53;GENERAL LECLERC (RUE DU);M;4869134;261319;770
2,02E+11;18;11;30;1800;5;2;2;1;1;251;PIERRE POINT (AVENUE);M;4862746;256448;770
2,02E+11;18;12;5;755;2;2;9;1;6;445;VALLES (AVENUE JULES);M;4859457;258038;770
2,02E+11;18;12;15;831;1;2;1;1;1;495;D306;M;4856612;262828;770
2,02E+11;18;12;20;1330;1;2;1;1;3;122;PABLO PICASSO(RUE);M;4865902;256358;770
2,02E+11;18;12;26;200;5;2;6;1;6;296;JEAN JAURES (AVENUE);M;4862746;257861;770
2,02E+11;18;1;12;1525;1;1;1;2;2;210;D605 - ROUTE DE PARIS;M;4840359;293349;770
2,02E+11;18;1;27;1500;1;2;2;8;3;210;MORIOT CLOVIS (RUE);M;4838595;290069;770
2,02E+11;18;1;29;1316;1;1;1;8;2;210;RD 606;M;4836195;286352;770
2,02E+11;18;2;8;425;3;1;1;4;6;210;D605 (EX RN105);M;4842773;290529;770
2,02E+11;18;4;8;1326;1;1;3;1;3;210;D606 X D28A;M;4836130;288857;770
2,02E+11;18;4;26;1910;1;2;1;1;6;305;FLEUR BEGNE (RUE);M;4839640;295546;770
2,02E+11;18;4;30;1510;1;2;1;3;4;482;D605 - SENS (ROUTE DE);M;4837224;295769;770
2,02E+11;18;5;4;1400;1;1;2;1;3;409;D133 X RUE DE FORGES;M;4841936;297056;770
2,02E+11;18;6;13;1225;1;2;1;1;6;305;LAENNEC (AVENUE);M;4839894;296011;770
2,02E+11;18;6;17;1245;1;2;1;1;6;305;BEAUMARCHAIS (SQUARE);M;4839889;295627;770
2,02E+11;18;8;25;2357;5;2;1;1;6;305;D605 - NOUES (QUAI DES);M;4838125;295750;770
2,02E+11;18;9;5;1745;1;2;9;1;6;305;MARECHAL LECLERC (AVENUE;M;4838172;295416;770
2,02E+11;18;9;8;1735;1;1;2;1;3;194;D 67;M;4842430;294714;770
2,02E+11;18;9;28;815;1;2;1;9;6;305;FAINCERIE (RUE DE LA);M;4838496;295302;770
2,02E+11;18;10;19;2010;3;2;9;1;6;305;COLLINE SAINT MARTIN (AV;M;4839850;296615;770
2,02E+11;18;12;21;1525;1;1;1;2;3;409;CD 403;M;4841101;300026;770
2,02E+11;18;12;22;1750;3;1;1;1;4;279;ROUTE DEPARTEMENTALE 411;M;4838296;300992;770
2,02E+11;18;1;3;1000;1;2;1;6;6;516;4  EGLISE (PLACE);M;4834258;289572;770
2,02E+11;18;5;25;1420;1;2;1;1;6;316;D218 - RTE SAINT-MAMMES;M;4837302;282081;770
2,02E+11;18;9;15;2230;3;1;1;1;7;516;D 403;M;4835047;291405;770
2,02E+11;18;9;24;2140;3;1;1;1;5;316;D606;M;4836490;285108;770
2,02E+11;18;10;5;1010;1;2;1;1;6;79;GENERAL DE GAULLE (RUE D;M;4840132;279879;770
2,02E+11;18;12;2;1120;1;1;1;2;1;316;D606  ROUTE DE MONTEREAU;M;4836566;284795;770
2,02E+11;18;2;8;830;1;2;1;1;6;333;59  CHERELLES (RUE DES);M;4826960;270392;770
2,02E+11;18;2;12;1850;5;1;3;1;5;370;D607 X D40E SUD;M;4822541;271235;770
2,02E+11;18;6;18;2325;3;1;1;1;2;156;D240;M;4827761;271018;770
2,02E+11;18;6;18;750;1;2;3;1;3;458;D607 X FARNAULT (RUE);M;4818499;273368;770
2,02E+11;18;8;25;1600;1;1;3;1;6;458;D207 X D52E;M;4817900;271746;770
2,02E+11;18;1;3;600;5;1;1;6;1;169;EUROPE (AVENUE DE L');M;4882858;260902;770
2,02E+11;18;1;5;2225;5;2;1;1;6;337;2  CHATEAU (COURS DU);M;4885207;261731;770
2,02E+11;18;1;5;1935;5;2;3;1;1;83;40  NESLE (BOULEVARD DE);M;4884863;257969;770
2,02E+11;18;1;13;1808;5;1;3;1;3;169;D406 X AV. EUROPE;M;4882617;261107;770
2,02E+11;18;1;13;1555;1;2;3;2;2;468;RUE REPUBLIQUE X D10P;M;4885817;264540;770
2,02E+11;18;1;16;710;5;2;2;1;6;121;  CHARTIER (Avenue Miche;M;4883548;267422;770
2,02E+11;18;1;22;719;5;2;1;2;7;121;CHARTIER (Avenue Michel);M;4883230;267673;770
2,02E+11;18;1;17;1756;5;2;3;1;7;83;ALSACE (RUE D');M;4885104;260075;770
2,02E+11;18;1;25;1559;1;2;2;2;7;83;D370 X BD. NESLES;M;4884846;257844;770
2,02E+11;18;1;27;1242;1;2;3;1;3;337;D10P - SALVADOR ALLENDE;M;4884321;261930;770
2,02E+11;18;2;1;755;2;2;1;1;6;83;4  LUZARD (COURS DU);M;4884707;261098;770
2,02E+11;18;2;21;1155;1;2;1;1;7;121;14  PRES LONGUETS (AVENU;M;4883366;267741;770
2,02E+11;18;2;21;1230;1;1;3;1;5;169;D406 X AV. EUROPE;M;4882615;261109;770
2,02E+11;18;3;19;653;1;1;1;4;3;121;DEPARTEMENTALE 471 (ROUT;M;4882728;267364;770
2,02E+11;18;3;16;1730;1;2;1;1;6;169;EMERY (RUE D');M;4881411;262131;770
2,02E+11;18;3;21;1805;1;2;3;1;3;468;D128 X R. MENDES FRANCE;M;4883755;265567;770
2,02E+11;18;3;29;1020;1;1;6;1;6;146;D10P - AV.SOUBRIARDE;M;4883079;264293;770
2,02E+11;18;4;1;1058;1;1;1;2;6;468;LEO LAGRANGE (RUE);M;4886272;266584;770
2,02E+11;18;4;5;1650;1;2;1;1;1;337;D10P -BD PIERRE CARLE;M;4885618;262584;770
2,02E+11;18;4;6;1712;1;2;3;1;2;337;D10P - BD S. ALLENDE;M;4884665;262071;770
2,02E+11;18;4;6;1919;1;2;1;1;7;468;ARTISTES (ALLEE DES);M;4885229;263344;770
2,02E+11;18;4;8;1608;1;2;3;1;2;146;D1406 X ALLEE 1er MAI;M;4882396;263582;770
2,02E+11;18;4;12;1805;1;2;1;1;6;468;PIERRE MENDES FRANCE (RU;M;4884116;265267;770
2,02E+11;18;4;25;1630;1;2;1;1;1;169;EMERY (RUE D');M;4880646;261735;770
2,02E+11;18;4;27;150;5;2;2;1;3;373;AV.CH.ROUXEL X AV.BLEUET;M;4879649;260466;770
2,02E+11;18;4;29;2000;2;1;6;2;6;258;SOUBRIARDE (AVENUE DE LA;M;4883237;264283;770
2,02E+11;18;4;30;1455;1;2;3;2;3;121;CENTRE COMMERCIAL REGION;M;4883777;266398;770
2,02E+11;18;5;3;1610;1;2;6;1;3;83;PYRAMIDES (AVENUE DES);M;4885177;258468;770
2,02E+11;18;6;1;1545;1;2;3;1;3;468;SALVADOR ALLENDE (AVENUE;M;4884325;265353;770
2,02E+11;18;6;6;1135;1;2;3;1;3;337;ARCHE GUEDON (COURS DE L;M;4885081;262791;770
2,02E+11;18;6;11;1315;1;2;3;3;6;121;JEAN MONNET (RUE);M;4882919;267460;770
2,02E+11;18;6;12;2040;1;2;2;8;3;121;GENERAL DE GAULLE (RUE D;M;4883886;266255;770
2,02E+11;18;6;13;1725;1;2;3;1;2;146;PREMIER MAI (ALLEE DU);M;4882389;263568;770
2,02E+11;18;6;23;2003;1;2;1;1;6;83;REPUBLIQUE (BOULEVARD DE;M;4885596;258857;770
2,02E+11;18;7;1;2035;1;2;2;1;3;83;D51 X RUE DE PARIS;M;4885216;260021;770
2,02E+11;18;7;7;1850;1;2;4;1;2;468;D199 X D128;M;4884503;264798;770
2,02E+11;18;7;8;1320;1;1;9;1;3;373;N4 X BRET.ACCES C.C.;M;4877519;260526;770
2,02E+11;18;7;13;1900;1;2;1;1;2;337;ROCHES (COURS DES);M;4884613;261370;770
2,02E+11;18;8;28;615;2;2;1;1;5;337;D10P - BD PIERRE CARLE;M;4885299;262122;770
2,02E+11;18;9;20;1710;1;2;1;1;6;169;EMERY (RUE D');M;4881320;262081;770
2,02E+11;18;9;24;2015;5;2;1;1;1;169;BEAUBOURG (BOULEVARD DE);M;4881530;262593;770
2,02E+11;18;10;9;636;5;2;3;1;3;337;SALVADOR ALLENDE RP;M;4884876;261949;770
2,02E+11;18;10;16;1819;1;2;1;1;6;258;SEGRAIS (BOULEVARD DU);M;4883239;263073;770
2,02E+11;18;11;12;1550;1;2;2;1;1;83;COPERNIC (BOULEVARD);M;4884272;258603;770
2,02E+11;18;11;15;145;5;2;1;1;6;146;VIEILLES VIGNES (RUE DES;M;4881781;264180;770
2,02E+11;18;11;21;1100;1;2;6;1;3;83;PYRAMIDES (AVENUE DES);M;4885019;258517;770
2,02E+11;18;11;25;1648;1;2;1;2;3;169;CLOS DE L'AUMONE (BOULEV;M;4882260;261307;770
2,02E+11;18;12;16;1359;1;2;1;2;6;468;LINGENFELD (AVENUE DE);M;4884494;265370;770
2,02E+11;18;12;13;1656;1;2;1;1;3;83;PABLO PICASSO (PLACE);M;4884117;260641;770
2,02E+11;18;12;22;220;5;2;9;1;2;258;D1406 X ACCES ENTREPRISE;M;4882457;262332;770
2,02E+11;18;1;8;2255;3;1;1;1;1;350;CD 471;M;4877254;270816;770
2,02E+11;18;1;13;1240;1;2;1;8;6;350;04  PONTAULT (RUE DE);M;4877172;267462;770
2,02E+11;18;1;31;800;2;2;1;1;6;249;HYVERNEAUX  (AVENUE DES);M;4873213;260663;770
2,02E+11;18;2;4;1545;1;2;1;1;6;373;33  TULIPES (AVENUE DES);M;4879350;260990;770
2,02E+11;18;2;28;1410;1;1;1;1;2;215;RN4 HORS AGGLOMERATION;M;4873374;272621;770