Num_Acc;an;mois;jour;hrmn;lum;agg;int;atm;col;com;adr;gps;lat;long;dep
2,02E+11;18;1;18;735;5;2;1;2;6;350;9  CONTI (QUAI);M;4887507;211815;780
2,02E+11;18;2;24;1108;1;2;1;1;6;372;SAINT GERMAIN (AVENUE DE;M;4887326;209394;780
2,02E+11;18;1;16;620;5;2;1;2;2;350;CONTI (QUAI);M;4887654;211674;780
2,02E+11;18;2;25;925;1;2;1;1;3;551;116BIS  FOCH (AVENUE DU;M;4890234;208554;780
2,02E+11;18;4;10;1930;1;2;1;1;6;502;VERSAILLES (ROUTE DE);M;4847865;210843;780
2,02E+11;18;4;25;1710;1;2;1;1;3;650;MONTESSON (ROUTE DE);M;4889949;212110;780
2,02E+11;18;5;5;1700;1;2;1;1;6;551;йcole Lйgion d'honneur;;;;780
2,02E+11;18;4;22;1600;1;2;1;1;3;481;GENERAL LECLERC (AVENUE;M;4889106;210025;780
2,02E+11;18;5;31;824;1;2;4;1;6;551;RN 13;M;4889942;207374;780
2,02E+11;18;5;31;1034;1;2;1;1;6;650;MONTESSON (ROUTE DE);M;4889810;211480;780
2,02E+11;18;5;29;1845;1;2;2;1;6;418;GENERAL LECLERC (RUE DU);M;4890784;214943;780
2,02E+11;18;6;8;1130;1;2;2;1;6;551;PAIX (BD DE LA);M;4889563;207260;780
2,02E+11;18;6;13;2000;1;2;6;1;6;133;RD 113;M;4891141;203269;780
2,02E+11;18;6;22;2145;2;2;3;1;2;502;VERSAILLES (RTE DE);M;4887917;210904;780
2,02E+11;18;6;29;1630;1;1;1;7;5;7;CD 30 (CH.DEPARTEMENTAL);M;4890051;200248;780
2,02E+11;18;7;23;2335;5;2;3;1;3;372;VERSAILLES (ROUTE DE);M;4887388;210170;780
2,02E+11;18;7;29;1802;1;2;3;8;3;650;GRAND VENEUR (AVENUE DU);M;4889809;212395;780
2,02E+11;18;8;19;1700;1;1;1;1;6;551;RN 184;M;;;780
2,02E+11;18;8;26;2235;5;2;3;1;3;650;MONTESSON (ROUTE DE);M;4889879;211751;780
2,02E+11;18;9;6;1725;1;2;1;7;4;551;POISSY (DE);M;4889991;209280;780
2,02E+11;18;9;16;1320;1;1;1;1;3;251;CHEMIN DEPARTEMENTAL 98;M;4890001;209276;780
2,02E+11;18;9;17;2135;5;2;1;1;6;481;GENERAL LECLERC (AVENUE;M;4888690;210010;780
2,02E+11;18;9;26;1000;1;2;9;1;6;418;GABRIEL PERI (AVENUE);M;4892803;214322;780
2,02E+11;18;9;26;1700;1;2;1;1;6;650;MONTESSON (ROUTE DE);M;4890248;213598;780
2,02E+11;18;9;29;1430;1;2;1;1;6;133;MANTES (ROUTE DE);M;4891146;203213;780
2,02E+11;18;9;30;1720;1;2;9;1;7;481;CHARLES DE GAULLE (AVENU;M;4889254;210455;780
2,02E+11;18;10;5;920;1;2;1;7;2;146;PONT DE CHATOU;M;4888819;221631;780
2,02E+11;18;10;5;2300;5;2;3;1;3;126;DRIONNE (AVENUE DE LA);M;4884614;213469;780
2,02E+11;18;10;2;1314;1;2;1;1;3;551;GAMBETTA (AVENUE);M;4889685;209810;780
2,02E+11;18;10;9;1940;5;2;1;1;6;650;MONTESSON (ROUTE DE);M;4890209;213399;780
2,02E+11;18;10;9;2155;3;1;1;1;1;133;CD 30;M;4889629;199563;780
2,02E+11;18;10;16;825;1;2;1;1;6;190;PONTS (RUE DES);M;4887746;214231;780
2,02E+11;18;10;15;1945;2;2;1;1;1;418;ESPERANCE / Rue Paix;M;4892501;215190;780
2,02E+11;18;10;30;1140;1;2;1;2;6;502;SIMON VOUET (AVENUE);M;4887882;211217;780
2,02E+11;18;11;5;1800;3;1;1;1;3;551;RN 184;M;4892343;208716;780
2,02E+11;18;11;14;1335;1;2;3;1;3;650;LORRAINE (AVENUE DU);M;4888156;212386;780
2,02E+11;18;11;14;1745;5;2;3;1;3;146;VESINET (ROUTE DU);M;4890310;213899;780
2,02E+11;18;11;17;1750;5;2;1;1;1;146;REPUBLIQUE (BOULEVARD DE;M;4889670;215296;780
2,02E+11;18;11;28;930;1;1;9;1;3;372;SAINT CYR (ROUTE DE);M;4885418;208375;780
2,02E+11;18;12;5;605;5;2;1;1;1;418;GABRIEL PERI (AVENUE);M;4891800;212200;780
2,02E+11;18;12;14;850;1;2;6;1;3;650;PAGES (AVENUE DES);M;4890353;213560;780
2,02E+11;18;12;23;1945;5;1;1;2;6;551;ROOSEVELT (DU PRESIDENT);M;4890343;205657;780
2,02E+11;18;1;1;217;5;2;6;2;7;586;MAUPASSANT /Frette;M;4894760;217116;780
2,02E+11;18;2;2;1625;1;2;2;1;6;311;PRESIDENT KENNEDY (RUE D;M;4892360;217920;780
2,02E+11;18;2;4;615;5;2;1;2;6;586;145  CLEMENCEAU (G.);M;4894208;219911;780
2,02E+11;18;3;26;115;5;2;3;1;3;311;JEAN JAURES (BOULEVARD);M;4891946;218813;780
2,02E+11;18;3;30;745;1;2;1;1;6;124;SAINT GERMAIN (ROUTE DE);M;4891443;217434;780
2,02E+11;18;4;20;850;1;2;3;1;3;586;CHATOU Nш1 A 25 ET Nш2 A;M;4894163;218981;780
2,02E+11;18;4;21;2350;4;2;1;1;6;124;FERMETTES (RUE DES);M;4891163;218699;780
2,02E+11;18;4;25;30;5;2;1;1;6;311;EMILE ZOLA (BOULEVARD);M;4892438;220058;780
2,02E+11;18;5;11;948;1;2;1;1;6;311;04 SEPTEMBRE (RUE DU);M;4892093;218475;780
2,02E+11;18;5;29;1618;1;2;6;1;3;586;TOBROUK / PAIX;M;;;780
2,02E+11;18;6;1;2320;5;2;2;1;3;311;HENRI BARBUSSE (BOULEVAR;M;4892694;219238;780
2,02E+11;18;6;20;1655;1;2;1;1;1;311;DENIS PAPIN (RUE);M;4893135;219456;780
2,02E+11;18;7;17;2130;1;2;1;1;5;586;BERTEAUX (MAURICE) Nш15;M;4893919;216913;780
2,02E+11;18;7;20;1715;1;2;1;1;3;311;CAMILLE PELLETAN (RUE);M;4892800;218600;780
2,02E+11;18;8;22;2205;5;2;2;1;3;311;MOLIERE (RUE);M;4891830;219240;780
2,02E+11;18;8;25;1705;1;2;3;1;6;124;GENERAL LECLERC (RUE DU);M;4890715;217515;780
2,02E+11;18;10;20;40;5;2;1;1;6;586;BERTEAUX (MAURICE) Nш44;M;4893733;216023;780
2,02E+11;18;10;21;734;5;2;1;1;1;311;JEAN JAURES (BOULEVARD);M;;;780
2,02E+11;18;10;31;1030;1;2;2;1;6;311;VOLTAIRE (RUE);M;4891918;218846;780
2,02E+11;18;11;17;1633;1;2;1;1;6;586;CORMEILLES Nш IMPAIR;M;4894630;217590;780
2,02E+11;18;11;23;5;3;2;1;9;7;396;JULES REIN (RUE);M;4891960;211679;780
2,02E+11;18;12;1;1820;5;1;9;1;6;586;CARREFOUR MARKET;M;4894660;219527;780
2,02E+11;18;12;16;2020;5;2;2;2;6;586;MERMOZ (JEAN);M;4894595;217402;780
2,02E+11;18;12;20;1914;5;2;1;1;6;124;MAURICE BERTEAUX (BOULEV;M;4891350;218430;780
2,02E+11;18;12;11;905;1;2;3;1;6;586;LOUISE MICHEL;M;4893758;216114;780
2,02E+11;18;1;8;1305;1;2;2;1;6;640;101  GENERAL DE GAULLE (;M;4878534;218062;780
2,02E+11;18;1;12;1740;5;2;1;1;6;640;18  SAVOIE (AVENUE DE);M;4878396;216979;780
2,02E+11;18;2;2;1705;1;2;1;2;3;646;77  CHANTIERS (RUE DES);M;4879265;214435;780
2,02E+11;18;1;26;2100;5;2;1;1;6;646;49  MARECHAL FOCH (RUE D;M;4880978;213149;780
2,02E+11;18;1;31;1500;1;2;1;3;6;646;20  LA FAYETTE (RUE);M;4881210;212778;780
2,02E+11;18;2;12;950;1;2;1;8;1;640;ANDRE CITROEN (RUE);M;4877573;222170;780
2,02E+11;18;2;24;1230;1;2;1;1;2;158;DUTARTRE (AVENUE);M;;;780
2,02E+11;18;2;21;1205;1;1;2;1;2;117;JEAN CASALE (AVENUE);M;4876540;212801;780
2,02E+11;18;3;3;1215;1;1;1;8;5;524;ROUTE DE VERSAILLES;M;4884156;211079;780
2,02E+11;18;3;3;1620;1;2;1;8;6;126;40  SAUT DU LOUP (AVENUE;M;4883949;212562;780
2,02E+11;18;3;20;710;5;2;2;1;6;646;SAINT ANTOINE (BOULEVARD;M;4881803;212112;780
2,02E+11;18;4;15;1345;1;2;1;1;2;686;GENERAL LECLERC (AVENUE;M;4880026;216130;780
2,02E+11;18;4;24;1915;1;1;1;7;3;646;SAINT CYR (ROUTE DE);M;4880339;210223;780
2,02E+11;18;4;29;1155;1;2;1;2;6;646;CARNOT (RUE);M;4880339;210223;780
2,02E+11;18;5;9;920;1;2;2;1;3;646;ROCKFELLER (AVENUE);M;4880297;212637;780
2,02E+11;18;5;25;800;1;2;1;1;2;646;DIVISION LECLERC (RUE DE;M;4880110;207995;780
2,02E+11;18;5;23;840;1;2;1;1;2;126;DUCHESNE LUCIEN RENE (AV;M;4884077;213088;780
2,02E+11;18;5;29;1750;1;2;2;1;3;646;PARIS (AVENUE DE);M;4800000;216130;780
2,02E+11;18;5;28;1900;1;2;9;1;3;646;LOI (PLACE DE LA);M;4881505;212863;780
2,02E+11;18;6;1;1135;1;2;2;1;6;640;EUROPE (AVENUE DE L');M;4878072;219074;780
2,02E+11;18;6;4;2010;1;2;2;1;3;646;MARECHAL FOCH (RUE DU);M;4880656;213206;780
2,02E+11;18;6;8;1430;1;2;1;1;3;646;PARIS (AVENUE DE);M;4280068;213556;780
2,02E+11;18;5;24;2000;1;2;1;1;6;158;SCHWEITZER/POTTIER;M;4882405;212841;780
2,02E+11;18;6;13;2055;1;2;2;1;3;646;MARECHAL FOCH (RUE DU);M;4880882;213336;780
2,02E+11;18;6;19;1715;1;2;3;1;3;646;CARNOT (RUE);M;4880641;212656;780
2,02E+11;18;6;20;1932;1;2;2;1;3;646;PARIS (AVENUE DE);M;4880216;212981;780
2,02E+11;18;6;25;1415;1;2;2;1;3;686;PAVE DE MEUDON (ROUTE DU;M;4879746;217258;780
2,02E+11;18;6;29;1105;1;2;2;1;6;322;PIERRE VAUDENAY (RUE);M;4876890;216663;780
2,02E+11;18;7;1;1850;1;2;1;1;3;646;GENERAL PERSHING (RUE DU;M;4881196;215100;780
2,02E+11;18;7;4;1614;1;2;1;1;1;646;ANDRE MIGNOT (PLACE);M;4880341;213177;780
2,02E+11;18;7;6;1850;1;2;3;1;3;158;VERSAILLES (RUE DE);M;4882034;212696;780
2,02E+11;18;7;10;1840;1;2;1;1;3;646;PAROISSE (RUE DE LA);M;4880759;212683;780
2,02E+11;18;7;12;1720;1;2;1;1;5;158;VERDUN (AVENUE DE);M;4883754;213956;780
2,02E+11;18;7;17;1510;1;1;1;1;7;646;parc du Chвteau;M;4881123;210869;780
2,02E+11;18;7;30;1000;1;2;1;1;5;126;DUCHESNE LUCIEN RENE (AV;M;4884300;213208;780
2,02E+11;18;7;27;2200;2;2;1;1;7;640;EUROPE (AVENUE DE L');M;4878372;221977;780
2,02E+11;18;6;12;2050;2;2;1;1;5;640;LOUIS BREGUET (AVENUE);M;4878203;217804;780
2,02E+11;18;8;5;1230;1;2;1;1;2;646;HOCHE (RUE);M;4880696;212839;780
2,02E+11;18;8;14;1558;1;2;1;1;6;646;MARCHE NOTRE DAME (PLACE;M;;;780
2,02E+11;18;8;19;1805;1;2;2;1;3;646;REINE (BD DE LA);M;4880851;214001;780
2,02E+11;18;9;6;1050;1;2;1;1;3;646;Lagarde / Vauban;M;4880246;215297;780
2,02E+11;18;9;11;1845;1;2;2;1;6;646;MARECHAL FOCH (RUE DU);M;4881073;213453;780
2,02E+11;18;9;16;1310;1;1;1;1;4;524;bretelle A13;M;4883906;211125;780
2,02E+11;18;9;18;1853;1;2;2;1;3;646;REINE (BOULEVARD DE LA);M;4880846;214003;780
2,02E+11;18;9;21;823;1;2;2;1;6;646;BONNE AVENTURE (RUE DE L;M;4880687;215158;780
2,02E+11;18;10;5;700;5;2;1;1;6;92;RENNEQUIN SUALEM (QUAI);M;;;780
2,02E+11;18;9;30;1715;1;2;1;1;6;126;GUIBERT ANDRE-RENE (AVEN;M;;;780
2,02E+11;18;10;31;2300;5;2;2;2;3;686;GENERAL LECLERC (AVENUE;M;4880416;216963;780
2,02E+11;18;11;9;1651;2;2;1;8;3;646;MARECHAL JOFFRE (RUE DU);M;4879542;212163;780
2,02E+11;18;11;14;2250;5;2;1;1;3;640;LOUIS BREGUET (AVENUE);M;4800000;217537;780
2,02E+11;18;11;15;2010;3;1;2;1;3;646;CLEMENT ADER (AVENUE);M;4879117;210793;780
2,02E+11;18;11;20;840;2;2;3;2;3;92;MOULIN JEAN (AVENUE);M;4885829;213955;780
2,02E+11;18;11;27;2008;5;2;1;2;6;640;LOUIS BREGUET (AVENUE);M;4878201;217804;780
2,02E+11;18;12;3;1200;1;2;2;2;6;640;PICARDIE (AVENUE DE);M;4878158;216917;780
2,02E+11;18;12;5;1535;1;2;2;1;3;158;POTTIER (RUE);M;4882262;212690;780
2,02E+11;18;12;3;1800;2;2;1;1;6;158;place simart;M;4882545;213054;780
2,02E+11;18;12;9;1740;3;1;1;8;7;646;CLEMENT ADER (AVENUE);M;4878346;210644;780
2,02E+11;18;12;11;1614;1;2;1;1;2;646;ROI (BOULEVARD DU);M;4800000;210644;780
2,02E+11;18;12;18;743;5;2;2;1;6;646;PONT COLBERT (RUE DU);M;4879173;214601;780
2,02E+11;18;12;26;1015;1;2;2;1;6;686;RIEUSSEC (RUE);M;4880392;216988;780
2,02E+11;18;1;29;600;3;2;1;5;7;191;20  SARRAZINE;M;4633234;-45758;790
2,02E+11;18;2;22;1120;1;2;3;1;3;191;9 CHEMIN DE PIERRE;M;4631898;-47979;790
2,02E+11;18;2;22;1740;1;2;3;1;3;191;2 RUE DU HAUT SURIMEAU;M;4635713;-45782;790
2,02E+11;18;4;4;1755;1;2;1;1;6;191;519 AVENUE DE PARIS;M;4633829;-41638;790
2,02E+11;18;3;5;1835;1;2;1;8;3;191;270 AV DE LA ROCHELLE;M;4630803;-48457;790
2,02E+11;18;5;8;1155;1;2;1;1;6;191;33 RUE DE SOLFERINO;M;4632021;-46176;790
2,02E+11;18;5;15;2015;1;2;2;1;3;191;AV SAINT-JEAN-D'ANGELY;M;4631029;-46573;790
2,02E+11;18;5;17;2000;1;2;3;1;3;191;21 RUE P.A. BAUGIER;M;4632765;-46612;790
2,02E+11;18;5;18;1715;1;2;3;1;3;191;23 RUE DE LA TOUR CHABOT;M;4632535;-48075;790
2,02E+11;18;5;24;1835;1;2;1;1;3;191;222 RUE MARECHAL LECLERC;M;4633856;-44680;790
2,02E+11;18;5;25;825;1;2;3;1;1;191;RUE JEAN POMMIER;M;4631069;-47416;790
2,02E+11;18;5;26;2310;5;2;3;1;3;191;RUE DE SOUCHE;M;4632745;-44462;790
2,02E+11;18;6;20;1805;1;2;1;1;6;191;BD PIERRE MENDES-FRANCE;M;4631932;-41821;790
2,02E+11;18;6;22;2155;2;2;1;1;2;191;13 AVENUE DE PARIS;M;4632422;-45377;790
2,02E+11;18;7;6;1645;1;2;2;1;6;81;RUE DES COMBES;M;4634579;-39810;790
2,02E+11;18;7;11;830;1;2;5;1;6;191;74 AVENUE DE LIMOGES;M;4631988;-45112;790
2,02E+11;18;8;2;1635;1;2;1;1;3;191;8 RUE STE CLAIRE DEVILLE;M;4631580;-49457;790
2,02E+11;18;8;21;845;1;2;7;1;2;191;PLACE DE LA COMEDIE;M;4632265;-46187;790
2,02E+11;18;8;24;1340;1;2;9;1;2;81;ROUTE DE PARIS;M;4633985;-40369;790
2,02E+11;18;8;31;740;1;2;3;1;7;191;116 RUE CHABAUDY;M;4632136;-47073;790
2,02E+11;18;8;31;1150;1;2;1;1;5;191;ROUTE COULONGES;M;4636167;-48720;790
2,02E+11;18;9;8;1900;1;2;2;1;3;191;91 RUE DE LA GARE;M;4632004;-45678;790
2,02E+11;18;9;14;745;2;2;3;8;3;191;RUE DU MARECHAL LECLERC;M;4635341;-43961;790
2,02E+11;18;9;16;2015;2;2;1;1;7;191;61 RUE D'ANTES;M;4634225;-46390;790
2,02E+11;18;9;19;1151;1;2;6;1;2;191;22 RUE MAZAGRAN;M;4631979;-45483;790
2,02E+11;18;9;27;740;2;2;4;1;3;191;244 RUE MARECHAL LECLERC;M;4634046;-44554;790
2,02E+11;18;10;23;1120;1;2;1;1;6;191;42 AVENUE PARIS;M;4632455;-45560;790
2,02E+11;18;11;20;1850;5;2;1;1;4;191;AVENUE DE PARIS;M;4633474;-42796;790
2,02E+11;18;12;1;1755;5;2;9;3;6;191;580 AVENUE DE PARIS;M;4633788;-41106;790
2,02E+11;18;12;4;755;5;2;3;2;3;191;44 RUE P. CHANTELAUZE;M;4631202;-43993;790
2,02E+11;18;12;11;900;1;2;1;1;6;191;;M;4631704;-48197;790
2,02E+11;18;12;20;1205;1;2;1;2;3;191;5 RUE FERDINAND BUISSON;M;4631712;-44700;790
2,02E+11;18;12;20;830;2;2;1;2;3;191;RUE JEAN COUSINET;M;4633531;-41253;790
2,02E+11;18;12;27;1610;1;2;1;8;5;191;519 AVENUE DE PARIS;M;4633832;-41601;790
2,02E+11;18;1;16;2120;5;2;3;2;6;329;49 RUE RABELAIS;M;4698289;-20725;790
2,02E+11;18;1;18;1600;1;2;1;2;2;259;49 ROUTE DE PARTHENAY;M;4696731;-21074;790
2,02E+11;18;1;24;1915;5;2;2;1;3;329;30 AVENUE VICTOR LECLERC;M;4698080;-21417;790
2,02E+11;18;3;3;1940;5;2;2;2;3;329;3 R DE L'HOTEL DE VILLE;M;4697488;-21571;790
2,02E+11;18;3;14;1510;1;2;3;8;2;329;18 RUE ERNEST PEROCHON;M;4698733;-21656;790
2,02E+11;18;4;19;445;3;1;2;1;3;259;;M;4695385;-21497;790
2,02E+11;18;5;8;1304;1;2;1;1;6;329;BOULEVARD DE DIEPHOLZ;M;4698220;-19905;790
2,02E+11;18;5;4;1930;1;2;1;1;7;329;72 RUE ERNEST PEROCHON;M;4699129;-21702;790
2,02E+11;18;5;11;1800;1;2;1;1;7;300;13 RUE DOCTEUR BASSET;M;4699787;-21640;790
2,02E+11;18;6;8;1400;1;1;1;1;2;329;ROUTE DE PUYRAVEAU;M;4698211;-18433;790
2,02E+11;18;6;20;1350;1;1;8;1;2;259;"LD ""LE PETIT CORNET""";M;4694702;-23075;790
2,02E+11;18;6;23;510;5;2;2;1;3;329;EMILE ZOLA (AVENUE);M;4699232;-20878;790
2,02E+11;18;7;6;901;1;2;1;1;4;300;;M;4699449;-20796;790
2,02E+11;18;7;21;1915;1;2;1;1;6;329;12 RUE DE LA FONTAINE;M;4698705;-21950;790
2,02E+11;18;8;2;2105;1;2;3;1;6;329;R DE LA MARE AUX CANARDS;M;4697234;-20091;790
2,02E+11;18;8;4;605;2;1;2;1;6;259;;M;4695386;-21521;790
2,02E+11;18;8;8;650;1;1;1;1;7;259;ROUTE DE MISSE;M;4695841;-20419;790
2,02E+11;18;9;12;1725;1;2;2;1;3;329;13 BOULEVARD JEAN JAURES;M;4698178;-21649;790
2,02E+11;18;9;18;1035;1;2;7;1;6;329;BOULEVARD PIERRE CURIE;M;4697874;-21270;790
2,02E+11;18;10;10;915;1;2;2;7;1;329;CAMILLE GUERIN (RUE);M;4697208;-18499;790
2,02E+11;18;10;24;1240;1;2;2;1;2;259;8 RTE CANTON DE JUILLET;M;4695989;-20893;790
2,02E+11;18;10;31;1820;4;2;6;2;3;329;BOULEVARD DE HANNUT;M;4697893;-20011;790
2,02E+11;18;11;6;1220;1;2;3;8;3;329;CHARLES DIOT (RUE);M;4698809;-21028;790
2,02E+11;18;11;14;755;2;2;1;2;7;329;RUE DU TUMULUS;M;4699700;-19699;790
2,02E+11;18;11;15;805;1;2;3;5;3;300;RUE DE LA GOSSELINIERE;M;4701294;-24771;790
2,02E+11;18;11;17;1934;3;1;1;8;7;259;"LD ""LE GRAND CORNET""";M;4695252;-22363;790
2,02E+11;18;12;14;1905;5;2;1;1;6;329;BOULEVARD HELENSBURGH;M;4698376;-19869;790
2,02E+11;18;12;29;310;3;1;6;5;2;300;;M;4701404;-20095;790
2,02E+11;18;12;31;50;3;2;1;5;7;300;11 RUE DE TREILLEBOIS;M;4700987;-24023;790
2,02E+11;18;1;31;745;2;2;1;8;7;1;49  BASSE DE LA BOUVAQUE;M;5011704;185015;800
2,02E+11;18;12;31;1145;1;2;1;1;2;1;AV VINCENT AURIOL;M;5009641;185332;800
2,02E+11;18;1;30;825;2;2;1;2;6;1;201  CH D'HOCQUET;M;5010878;182526;800
2,02E+11;18;5;19;1935;1;2;9;1;1;1;R SAINT-PAUL;M;5010870;182239;800
2,02E+11;18;6;26;925;1;2;1;1;6;1;AV ROBERT SCHUMAN;M;5010500;185817;800
2,02E+11;18;9;6;1545;1;2;9;1;6;1;RTE D'AMIENS;M;5010127;185692;800
2,02E+11;18;8;16;1238;1;2;1;1;6;1;BD DE LA REPUBLIQUE;M;5010925;183968;800
2,02E+11;18;10;9;1510;1;2;6;1;6;1;PL DE VERDUN;M;5011433;182665;800
2,02E+11;18;10;13;1435;1;2;1;1;6;1;11  LE MOULIN DU ROY;M;5010611;183231;800
2,02E+11;18;10;18;1030;1;2;1;1;6;1;PL MAX LEJEUNE;M;5010625;183417;800
2,02E+11;18;11;13;1400;1;2;1;1;3;1;R DES CORDELIERS;M;5010406;182795;800
2,02E+11;18;11;9;1618;1;2;7;1;6;1;PL MAX LEJEUNE;M;5010624;183367;800
2,02E+11;18;11;23;1910;5;2;1;5;1;1;20  QU DE LA POINTE;M;5010984;182550;800
2,02E+11;18;12;6;1830;4;2;1;1;6;1;2  BD DE LA REPUBLIQUE;M;5011035;183884;800
2,02E+11;18;12;25;430;5;2;6;1;7;1;PL DE VERDUN;M;5011434;182599;800
2,02E+11;18;12;30;1125;1;2;3;5;3;21;3  R ROBERT SCHUMAN;M;4990770;230361;800
2,02E+11;18;12;30;1345;1;2;1;1;3;21;26  AV DE L'EUROPE;M;4991183;230261;800
2,02E+11;18;1;3;850;1;1;1;1;1;725;AV DE LA CROIX JOURDAIN;M;4987272;225990;800
2,02E+11;18;1;6;1510;1;2;2;1;3;21;29  AV DEFENSE PASSIVE;M;4990751;232079;800
2,02E+11;18;1;9;1000;1;2;1;1;3;21;57  R VOYELLE;M;4988787;233301;800
2,02E+11;18;1;10;730;5;2;1;2;2;674;R OCTAVE CAYEUX;M;4989915;233200;800
2,02E+11;18;1;12;355;5;2;2;1;3;21;57  R DE LABBE DE L'EPEE;M;4989970;231566;800
2,02E+11;18;1;11;905;2;1;2;2;3;724;RTE DE DURY;M;4985208;225027;800
2,02E+11;18;1;14;1805;5;2;1;1;6;21;24  R CESAR FRANCK;M;4991071;230975;800
2,02E+11;18;1;5;2310;3;1;1;2;7;131;D4935;M;4985936;237578;800
2,02E+11;18;1;14;1440;1;2;2;1;3;21;30  R DE L'ABBAYE;M;4989572;228145;800
2,02E+11;18;1;15;1645;2;2;1;2;6;21;110 R FRANKLIN ROOSEVELT;M;4991036;229696;800
2,02E+11;18;1;15;2020;5;2;1;2;6;21;R FRANKLIN ROOSEVELT;M;4990765;230154;800
2,02E+11;18;1;15;2000;5;2;1;2;2;21;BD BEAUVILLE;M;4990646;231807;800
2,02E+11;18;1;16;1125;1;2;1;4;1;21;168  R ROBERT LE COQ;M;4990050;226919;800
2,02E+11;18;1;17;515;3;1;1;4;6;21;ROCADE NORD RN 1;M;4991862;236035;800
2,02E+11;18;1;18;835;2;2;1;2;6;21;135  R FAUBOURG DE HEM;M;4990197;227847;800
2,02E+11;18;1;19;815;1;2;1;2;3;21;AV DU GENERAL FOY;M;4989044;228256;800
2,02E+11;18;1;19;1750;5;2;1;2;4;21;R TERRAL;M;4990726;229014;800
2,02E+11;18;1;20;2200;5;2;1;2;3;21;BD ALSACE LORRAINE;M;4989238;230752;800
2,02E+11;18;1;18;845;1;2;1;3;3;21;11  BARABAN (BOULEVARD);M;4989901;230506;800
2,02E+11;18;1;22;1800;5;2;1;1;2;21;PL ALPHONSE FIQUET;M;4989066;230624;800
2,02E+11;18;1;23;935;1;2;1;1;3;160;R HENRI BARBUSSE;M;4985913;234625;800
2,02E+11;18;1;23;1735;5;2;1;1;6;21;660  R D'ABBEVILLE;M;4991163;224829;800
2,02E+11;18;1;24;100;5;2;1;2;3;21;8  R D'ABBEVILLE;M;4990490;227357;800
2,02E+11;18;1;24;1740;5;2;1;1;6;21;R DE DORTMUND;M;4987621;230970;800
2,02E+11;18;1;25;1605;1;2;1;1;1;164;MAIL DU CHAMP PILLARD;M;4992216;225990;800
2,02E+11;18;1;26;845;1;2;1;1;6;21;AV SALVADOR ALLENDE;M;4989802;228297;800
2,02E+11;18;1;26;1515;1;2;2;1;3;21;R DU MARCHE LANSELLES;M;4989602;229769;800
2,02E+11;18;1;25;1615;1;2;2;1;3;21;R DUFOUR;M;4988539;229703;800
2,02E+11;18;1;29;1835;5;2;1;2;2;21;127  AV DU GENERAL FOY;M;4989001;228218;800
2,02E+11;18;1;31;1225;1;2;2;3;3;21;AV SALVADOR ALLENDE;M;4989971;228358;800
2,02E+11;18;1;31;1720;1;2;1;1;6;21;2  BD DU PORT;M;4989733;228963;800
2,02E+11;18;1;30;1302;1;2;1;1;2;21;159  R JULES BARNI;M;4988763;231447;800
2,02E+11;18;2;2;1640;1;2;2;1;2;21;42  R DE L'ABLADENE;M;4988258;232182;800
2,02E+11;18;2;5;1210;1;2;1;4;4;261;RTE D'AMIENS;M;4986742;227870;800
2,02E+11;18;2;5;800;2;2;1;1;3;21;R DE SAVOIE;M;4991434;225644;800
2,02E+11;18;2;5;1320;1;2;2;1;2;21;PL MARECHAL FOCH;M;4989413;228393;800
2,02E+11;18;2;7;1605;1;2;1;1;6;21;435  R DE GRACE;M;4991117;225496;800
2,02E+11;18;2;8;1420;1;2;1;1;6;21;BD DE ROUBAIX;M;4991768;230544;800
2,02E+11;18;2;12;1850;1;1;1;1;5;730;R PAUL CORNET;M;4989946;222262;800
2,02E+11;18;2;8;1836;5;2;1;1;2;21;145  BD DE BELFORT;M;4989027;230606;800
2,02E+11;18;2;16;1350;1;2;1;1;2;21;203  BD DE CHATEAUDUN;M;4988557;227972;800
2,02E+11;18;2;18;1925;5;2;1;1;6;21;BD FAIDHERBE;M;4989328;228662;800
2,02E+11;18;2;20;1025;1;2;2;1;3;21;156  BD DE BAPAUME;M;4988097;231317;800
2,02E+11;18;2;25;1715;1;2;1;1;6;21;1  AV JULES VALLES;M;4991593;224854;800
2,02E+11;18;2;23;910;1;2;1;1;2;21;387  R D'ABBEVILLE;M;4991055;225690;800
2,02E+11;18;2;23;1505;1;2;1;1;7;21;RPT DE LA LICORNE;M;4989815;226613;800
2,02E+11;18;2;23;1645;1;2;1;1;6;489;R LEON POIDEVIN;M;4987318;235568;800
2,02E+11;18;2;22;730;1;2;2;1;3;21;CHS SAINT PIERRE;M;4990363;230709;800
2,02E+11;18;2;28;1625;1;2;1;1;3;21;191  BD SAINT QUENTIN;M;4987913;230071;800
2,02E+11;18;3;3;1000;1;2;1;4;6;21;1  BD DE ROUBAIX;M;4990696;231826;800
2,02E+11;18;3;4;1900;5;2;1;1;6;21;79  R SAINT LEU;M;4989955;230043;800
2,02E+11;18;3;8;740;1;2;2;1;3;21;R GRESSET;M;4989389;229423;800
2,02E+11;18;3;8;1310;1;2;1;2;2;21;R BOTTICELLI;M;4992259;230193;800
2,02E+11;18;3;8;1420;1;2;1;1;4;21;7  AV PAUL CLAUDEL;M;4987522;227783;800
2,02E+11;18;3;8;1920;5;2;1;1;3;21;PL VOGEL;M;4989780;229609;800
2,02E+11;18;3;14;850;1;2;1;1;6;21;24  AV DE L'HIPPODROME;M;4989729;227061;800
2,02E+11;18;3;15;1730;1;2;1;1;2;724;D210;M;4985927;225310;800
2,02E+11;18;3;15;1420;1;2;1;1;6;21;317  BD DE BAPAUME;M;4987957;230848;800
2,02E+11;18;3;16;1430;1;2;1;1;4;261;D210;M;4986144;226674;800