Num_Acc;an;mois;jour;hrmn;lum;agg;int;atm;col;com;adr;gps;lat;long;dep
2,02E+11;18;3;21;345;5;2;1;1;6;21;R DE L'ABBE HENOCQUE;M;4990970;229278;800
2,02E+11;18;2;24;1440;1;2;1;1;7;256;CHEMIN DE LA MARINE;M;4991753;223784;800
2,02E+11;18;3;15;845;1;2;1;1;6;21;BD D'ALSACE LORRAINE;M;4989244;230785;800
2,02E+11;18;3;16;1455;1;2;1;1;6;21;R DU CHEMIN VERT;M;4987990;232151;800
2,02E+11;18;3;25;1905;1;2;2;1;3;21;R JEAN RACINE;M;4986445;233837;800
2,02E+11;18;3;26;1300;1;2;1;1;3;21;AV DE L'EUROPE;M;4992381;230547;800
2,02E+11;18;1;9;1640;1;2;1;1;3;21;176  R DE CAGNY;M;4988206;231912;800
2,02E+11;18;3;24;1110;1;2;1;1;6;21;R DES HAUTES CORNES;M;4989554;230445;800
2,02E+11;18;3;28;1030;1;2;2;1;3;21;AV GEORGES POMPIDOU;M;4990168;228402;800
2,02E+11;18;3;29;1645;1;2;1;1;6;21;R DE LA VALLEE;M;4989210;230836;800
2,02E+11;18;3;30;830;1;2;1;1;1;21;281  R D'ELBEUF;M;4988703;226819;800
2,02E+11;18;4;2;1800;1;2;1;2;6;21;R EMILE FRANCFORT;M;4989418;225855;800
2,02E+11;18;4;3;2200;5;2;2;1;3;21;ESP EDOUARD BRANLY;M;4989040;229050;800
2,02E+11;18;4;3;1025;1;2;1;1;2;261;RTE D'AMIENS;M;4986645;227808;800
2,02E+11;18;3;17;1230;1;2;1;1;3;21;N25;M;4990357;235758;800
2,02E+11;18;4;4;2120;3;1;1;2;1;674;D929;M;4991443;234576;800
2,02E+11;18;4;4;1250;1;2;1;1;2;21;PORT D'AMONT;M;4989489;230836;800
2,02E+11;18;4;4;2250;5;2;2;1;3;21;PL ALPHONSE FIQUET;M;4989106;230654;800
2,02E+11;18;4;6;1720;1;2;1;1;3;21;R COMMANDANT  DEFONTAINE;M;4989674;228844;800
2,02E+11;18;4;6;1840;1;2;1;1;6;632;RTE DE ROUEN;M;4988085;225759;800
2,02E+11;18;4;7;2045;5;2;2;1;3;21;R D'ABBEVILLE;M;4991119;225499;800
2,02E+11;18;4;8;55;5;2;2;1;3;21;CHS SAINT PIERRE;M;4990207;229987;800
2,02E+11;18;4;9;205;5;2;1;1;6;21;R DE COTTENCHY;M;4988373;231200;800
2,02E+11;18;4;9;1220;1;2;1;1;2;21;AV DU GENERAL FOY;M;4988838;228059;800
2,02E+11;18;4;9;2000;1;2;1;1;2;21;AV DU GENERAL DE GAULLE;M;4990562;230154;800
2,02E+11;18;4;11;1140;1;2;1;1;6;21;BD FAIDHERBE;M;4989664;228907;800
2,02E+11;18;4;11;1330;1;2;1;1;6;21;R DE L'ILE DE FRANCE;M;4991398;224662;800
2,02E+11;18;4;12;1840;1;2;1;3;6;21;AV LOUIS BLANC;M;4990248;227234;800
2,02E+11;18;4;12;1240;1;2;1;1;2;21;AV DE L'EUROPE;M;4991685;230329;800
2,02E+11;18;4;13;825;1;2;1;1;6;21;AV COMMUNE DE PARIS;M;4991167;225421;800
2,02E+11;18;4;16;1130;1;2;2;1;3;21;BD DU PORT;M;4989728;228957;800
2,02E+11;18;4;17;855;1;2;1;1;2;21;R JULES BARNI;M;4988791;231405;800
2,02E+11;18;4;18;703;1;2;1;1;6;21;R LUCIEN FOURNIER;M;4989435;227784;800
2,02E+11;18;4;19;1450;1;2;9;1;6;21;R VANMARCKE;M;4989664;230115;800
2,02E+11;18;4;20;1550;1;2;1;1;3;21;AV GEORGES POMPIDOU;M;4990281;227971;800
2,02E+11;18;4;20;2242;5;2;9;1;7;21;BOTTICELLI (RUE);M;4992256;230124;800
2,02E+11;18;4;20;1924;1;2;1;1;1;164;R JEAN DUMESGES;M;4989624;233575;800
2,02E+11;18;4;21;2110;2;2;1;1;1;21;BD BEAUVILLE;M;4990309;231576;800
2,02E+11;18;4;21;2020;1;2;1;1;4;21;AV DU GENERAL DE GAULLE;M;4990464;230117;800
2,02E+11;18;4;21;1820;1;2;1;1;3;21;ALL TETE D'OR;M;4987676;227426;800
2,02E+11;18;4;25;1840;1;2;2;1;6;21;R TERRAL;M;4990867;229164;800
2,02E+11;18;4;25;1720;1;2;1;1;6;21;AV JULES VALLES;M;4991625;225033;800
2,02E+11;18;5;1;2035;1;2;1;1;3;21;21  R D'ABBEVILLE;M;4990598;227032;800
2,02E+11;18;5;1;1610;1;2;1;1;6;21;106  R FREDERIC MISTRAL;M;4986931;231211;800
2,02E+11;18;4;30;2000;1;1;1;1;2;379;N25;M;4987645;236907;800
2,02E+11;18;5;2;1625;1;2;1;1;6;21;R DE ROUEN;M;4988660;227921;800
2,02E+11;18;5;7;1200;1;2;1;1;6;21;99  R DU COMTE RAOUL;M;4988406;231669;800
2,02E+11;18;5;7;1405;1;2;2;1;3;21;ESP EDOUARD BRANLY;M;4988996;229052;800
2,02E+11;18;5;9;1955;1;2;1;1;3;21;BD DE ROUBAIX;M;4990810;231762;800
2,02E+11;18;5;11;1745;1;2;1;1;6;21;AV DE LA PAIX;M;4991163;230803;800
2,02E+11;18;5;11;1755;1;2;1;1;6;21;R DES TROIS CAILLOUX;M;4989242;229985;800
2,02E+11;18;5;16;1740;1;2;1;1;6;21;R JULES BARNI;M;4988519;232020;800
2,02E+11;18;3;10;1902;2;2;1;1;7;21;QUAI CHARLES TELLIER;M;4990275;228680;800
2,02E+11;18;5;18;855;1;2;2;1;5;21;206  R RIOLAN;M;4988521;232036;800
2,02E+11;18;5;21;1635;1;2;2;1;3;21;18  QU DE L'ECLUSE;M;4990017;229437;800
2,02E+11;18;5;21;1215;1;2;1;1;3;21;7  BD DU PORT D'AVAL;M;4989869;229165;800
2,02E+11;18;5;25;210;5;2;1;5;7;21;31  BD BARABAN;M;4989957;230436;800
2,02E+11;18;5;25;750;1;2;1;5;1;21;R FONTAINE BERTRICOURT;M;4992204;227012;800
2,02E+11;18;5;28;835;1;2;1;1;6;21;41  R ABBE DE L'EPEE;M;4989987;231497;800
2,02E+11;18;5;31;828;1;2;1;1;3;21;R MARCHE LANSELLES;M;4989607;229773;800
2,02E+11;18;6;1;1500;1;2;1;1;6;21;R DES DEPORTES;M;4990141;229970;800
2,02E+11;18;6;4;715;1;1;1;1;3;164;N25;M;4988656;237274;800
2,02E+11;18;6;6;10;5;2;1;1;6;21;BD DE ROUBAIX;M;4990724;231811;800
2,02E+11;18;6;6;1720;1;2;1;1;3;674;212  AV DEFENSE PASSIVE;M;4991100;233393;800
2,02E+11;18;6;6;1950;1;2;1;1;7;21;427  R COLBERT;M;4988885;226662;800
2,02E+11;18;3;9;1330;1;2;1;1;3;21;BD DES FEDERES;M;4989693;228286;800
2,02E+11;18;6;12;1050;1;2;1;1;3;21;R DES DEPORTES;M;4989976;229763;800
2,02E+11;18;6;12;1645;1;2;2;1;3;21;AV SALVADOR ALLENDE;M;4989689;228279;800
2,02E+11;18;6;12;1435;1;2;1;1;2;21;45  R JULES BARNI;M;4988911;231066;800
2,02E+11;18;6;13;1815;1;2;1;1;3;21;R MAURICE RAVEL;M;4991357;230530;800
2,02E+11;18;6;15;840;1;2;1;1;6;21;R GLORIETTE;M;4989246;230734;800
2,02E+11;18;6;16;1950;1;2;1;1;6;489;R HENRI BARBUSSE;M;4987098;235598;800
2,02E+11;18;6;21;1305;1;2;3;1;3;674;R DU BEAU SEJOUR;M;4990818;232682;800
2,02E+11;18;6;22;1740;1;2;1;1;4;21;376  R DE PARIS;M;4988244;228542;800
2,02E+11;18;6;26;550;1;2;1;1;6;131;PL DE L'AMIRAL COURBET;M;4984464;238306;800
2,02E+11;18;6;26;615;1;1;1;1;2;21;AV ROGER DUMOULIN;M;4994671;227709;800
2,02E+11;18;6;26;900;1;2;6;1;3;21;CARR DE LA LIBERATION;M;4988670;227888;800
2,02E+11;18;6;28;2020;2;2;1;1;2;21;R FRANKLIN ROOSEVELT;M;4991837;229336;800
2,02E+11;18;7;2;845;1;2;1;1;1;21;R DE GRACE;M;4990531;224637;800
2,02E+11;18;7;3;2120;1;2;1;1;7;379;AV PHILEAS FOGG;M;4986770;237942;800
2,02E+11;18;7;2;1416;1;2;1;1;3;21;16  R DE SULLY;M;4990990;226544;800
2,02E+11;18;7;5;1540;1;1;1;1;2;674;N25;M;4991046;234414;800
2,02E+11;18;7;5;2235;2;2;1;1;6;21;390  R D'ABBEVILLE;M;4990992;225888;800
2,02E+11;18;7;11;30;5;2;1;1;6;21;PL SAINT-MICHEL;M;4989373;230309;800
2,02E+11;18;7;13;1400;1;2;1;1;3;21;62  R DE ABBE L'EPEE;M;4989964;231588;800
2,02E+11;18;7;13;2230;5;2;1;1;1;21;48  R JEAN JAURES;M;4989802;228656;800
2,02E+11;18;7;14;1140;1;2;2;1;5;21;639  R D'ABBEVILLE;M;4991170;224525;800
2,02E+11;18;7;17;1057;1;2;1;1;6;21;AV DE LA LICORNE;M;4989721;227105;800
2,02E+11;18;7;20;2343;5;2;1;1;7;21;R D'AUSTRALIE;M;4990486;227364;800
2,02E+11;18;7;22;1830;1;2;2;1;3;21;R ALBERIC DE CALONNE;M;4988664;230258;800
2,02E+11;18;7;21;1915;1;2;1;1;3;21;R EDOUARD LUCAS;M;4989819;227006;800
2,02E+11;18;7;23;820;1;2;1;1;2;21;20  BD ALSACE LORRAINE;M;4989201;230755;800
2,02E+11;18;7;24;2350;5;2;1;1;7;21;BD DU PORT D'AVAL;M;4989877;229115;800
2,02E+11;18;7;26;925;1;2;1;1;6;21;245  R D'ELBEUF;M;4988772;226948;800
2,02E+11;18;7;27;2105;2;2;1;2;6;21;R LE BATONNIER MAHIU;M;4989569;227564;800
2,02E+11;18;7;27;1905;1;2;1;1;6;21;R LESCOUVE;M;4988810;226510;800
2,02E+11;18;7;31;1835;1;2;1;1;6;21;AV DU 14 JUILLET 1789;M;4988015;228394;800
2,02E+11;18;7;31;825;1;1;1;1;3;21;R ROGER ONFRAY;M;4990324;231563;800
2,02E+11;18;8;1;1020;1;2;1;1;6;21;10  R DES SERGENTS;M;4989443;229894;800
2,02E+11;18;8;7;1755;1;2;1;1;2;21;BD BEAUVILLE;M;4989476;230941;800
2,02E+11;18;8;9;1010;1;1;2;3;3;21;BD PORT D'AMONT;M;4989475;230906;800
2,02E+11;18;8;17;1900;1;2;1;1;3;21;PL PARMENTIER;M;4989554;230555;800
2,02E+11;18;8;22;1845;1;2;1;1;3;21;16  BD PORT D'AMONT;M;4989512;230702;800
2,02E+11;18;8;25;1034;1;2;1;1;6;21;R GRESSET;M;4989385;229397;800
2,02E+11;18;8;28;1655;1;2;2;1;3;21;R SAINT-MAURICE;M;4990416;228836;800
2,02E+11;18;8;28;705;1;2;1;1;3;21;29  R DE ROUEN;M;4988910;228836;800
2,02E+11;18;8;28;858;1;2;1;1;3;21;AV DU 14 JUILLET 1789;M;4987927;228342;800
2,02E+11;18;8;29;755;1;2;1;2;2;21;330  R GUTENBERG;M;4991887;227088;800
2,02E+11;18;8;31;1715;1;2;1;1;5;21;PL MARECHAL FOCH;M;4989369;228523;800
2,02E+11;18;9;6;1725;1;2;1;1;6;21;32  BD CARNOT;M;4989190;228844;800
2,02E+11;18;9;6;2045;2;2;1;1;6;21;BD DU PORT D'AMONT;M;4989478;230893;800
2,02E+11;18;9;12;745;1;2;2;1;1;21;R DES PRES FORETS;M;4989974;228352;800
2,02E+11;18;9;12;810;1;1;2;5;3;724;D210;M;4985227;225036;800
2,02E+11;18;9;12;855;1;1;1;5;2;724;D210;M;4984836;224778;800
2,02E+11;18;9;13;2035;5;2;2;1;3;21;R ROBERT LE COQ;M;4990221;227247;800
2,02E+11;18;9;13;1825;1;2;2;1;3;261;RTE D'AMIENS;M;4986641;227788;800
2,02E+11;18;9;14;25;5;2;1;1;6;21;R VANMARCKE;M;4989638;230270;800
2,02E+11;18;9;14;1930;1;2;3;1;3;21;ALL DES RIEZ;M;4986590;233501;800
2,02E+11;18;9;15;2200;5;2;1;1;6;21;R EMILE FRANCFORT;M;4989454;226163;800
2,02E+11;18;9;16;110;5;2;1;1;6;21;R DES RINCHEVAUX;M;4989597;230034;800
2,02E+11;18;9;18;2300;5;2;1;1;6;632;RTE DE ROUEN;M;4988045;225749;800
2,02E+11;18;9;20;430;5;2;1;1;1;164;R ROGER ALLOU;M;4989252;233788;800
2,02E+11;18;9;22;1200;1;2;2;1;3;21;GRANDE RUE DE VEILLERE;M;4989824;229874;800
2,02E+11;18;9;24;1830;1;2;9;1;3;21;28  R ALEXANDRE DUMAS;M;4987099;230425;800
2,02E+11;18;9;26;1810;1;2;1;1;3;256;64  AV LOUIS PASTEUR;M;4991490;223137;800
2,02E+11;18;9;26;1700;1;2;1;1;3;21;R CLAUDIUS SERRASSAINT;M;4989339;231100;800
2,02E+11;18;9;27;1715;1;2;1;1;3;21;35  R ANDRE DUROUCHEZ;M;4992944;228100;800
2,02E+11;18;9;30;730;5;2;1;1;6;725;D8;M;4987065;225545;800
2,02E+11;18;10;1;1610;1;2;1;1;6;489;32  AV DE LA VILLE IDEAL;M;4986795;237141;800
2,02E+11;18;10;1;1725;1;2;1;1;6;489;AV DE LA VILLE IDEALE;M;4986782;236994;800
2,02E+11;18;10;2;815;2;2;1;1;4;21;217  R JEAN MOULIN;M;4987730;227116;800
2,02E+11;18;10;4;650;5;2;1;1;6;21;PL MARECHAL FOCH;M;4989332;228560;800
2,02E+11;18;10;7;1010;1;2;1;1;6;21;83  R JULES BARNI;M;4988869;231165;800
2,02E+11;18;10;6;1120;1;2;1;1;4;21;AV DU 14 JUILLET 1789;M;4988015;228393;800
2,02E+11;18;10;5;1830;1;2;1;1;2;21;R CHAUVELIN;M;4989685;228245;800
2,02E+11;18;10;10;1140;1;1;1;1;2;489;N25;M;4987193;237109;800
2,02E+11;18;10;13;1045;1;1;1;1;2;131;R ALPHONSE TELLIER;M;4984149;238466;800
2,02E+11;18;10;12;1340;1;2;3;1;1;21;ESP EDOUARD BRANLY;M;4989048;229153;800
2,02E+11;18;10;16;1515;1;2;1;1;1;21;AV DU 14 JUILLET 1789;M;4987731;228277;800
2,02E+11;18;10;17;920;1;2;1;1;3;21;84  R JULES BARNI;M;4988710;231551;800
2,02E+11;18;10;18;1757;1;2;1;1;6;379;AV PHILEAS FOGG;M;4986805;237883;800
2,02E+11;18;10;18;901;1;2;1;1;6;21;257  R DE DREUIL;M;4990801;225857;800
2,02E+11;18;10;18;915;1;2;1;1;1;256;534  AV LOUIS PASTEUR;M;4991319;223709;800
2,02E+11;18;10;19;945;1;2;1;1;3;21;438  RTE DE ROUEN;M;4988608;227412;800
2,02E+11;18;10;23;1908;2;2;2;1;2;21;75  R DU CHATEAU MILAN;M;4990161;228423;800
2,02E+11;18;10;28;2050;5;2;3;1;3;21;37  BD BARABAN;M;4990030;230380;800
2,02E+11;18;10;30;1005;1;2;1;2;6;21;PL RENE GOBLET;M;4989150;230228;800
2,02E+11;18;11;2;1630;1;2;1;1;6;21;R ALEXANDRE DUMAS;M;4987439;228668;800
2,02E+11;18;11;5;1150;1;2;1;1;3;489;AV DE LA VILLE IDEALE;M;4986812;237339;800
2,02E+11;18;11;6;1905;5;2;1;1;3;21;R DE CAGNY;M;4987524;232959;800
2,02E+11;18;11;8;1505;1;2;6;1;3;21;R D'ABBEVILLE;M;4990588;227124;800
2,02E+11;18;11;8;1415;1;2;1;1;6;21;R DU GENERAL FRERE;M;4990627;230427;800
2,02E+11;18;11;8;1415;1;2;3;1;5;489;R VICTOR HUGO;M;4986770;235693;800
2,02E+11;18;11;13;1540;1;2;1;1;3;489;AV DE LA VILLE IDEALE;M;4986820;237423;800
2,02E+11;18;11;15;935;1;2;1;1;6;21;R DE DOULLENS;M;4990381;230717;800
2,02E+11;18;11;15;1700;1;2;3;1;3;21;R VICOMTE DE BRAGELONNE;M;4987268;230521;800
2,02E+11;18;11;15;1910;5;2;3;2;3;21;R DELPECH;M;4988768;229694;800
2,02E+11;18;11;17;1128;1;1;1;1;1;131;CH DE SAINS;M;4982566;239429;800
2,02E+11;18;11;17;1030;1;2;1;1;2;21;BD DE SAINT QUENTIN;M;4987928;229763;800
2,02E+11;18;11;16;1715;5;2;1;1;6;21;R LEON DUPONTREUE;M;4990572;231399;800
2,02E+11;18;11;18;1505;1;2;3;1;3;21;AV PAIX / R ALBERT CAMUS;M;4991167;230445;800
2,02E+11;18;11;18;1940;5;2;1;1;6;489;87  R PIERRE SEMART;M;4986823;234832;800
2,02E+11;18;11;19;1317;1;2;1;1;3;21;5  R AIME MERCHEZ;M;4989334;228842;800
2,02E+11;18;11;22;1730;5;2;3;2;3;21;R DE VERDUN;M;4989395;231156;800
2,02E+11;18;11;23;845;1;2;1;1;3;21;271  R DE ROUEN;M;4988672;228081;800
2,02E+11;18;11;27;1805;5;2;1;2;6;21;R DES DEPORTES;M;4989961;229755;800
2,02E+11;18;11;29;1810;5;2;1;1;6;21;191  R DE ROUEN;M;4988725;228393;800
2,02E+11;18;11;29;1200;1;2;1;1;6;21;10  R FREDERIC PETIT;M;4989208;229056;800
2,02E+11;18;11;30;1045;1;2;1;1;5;21;1  AV DU GENERAL FOY;M;4989318;228505;800
2,02E+11;18;12;3;1150;1;2;1;3;6;21;360  R D'ABBEVILLE;M;4990960;225991;800
2,02E+11;18;12;4;1845;5;2;1;1;4;21;467  R D'ABBEVILLE;M;4991150;225255;800
2,02E+11;18;12;5;1415;1;2;1;1;4;21;11  R AUSTRALIE;M;4990341;227638;800
2,02E+11;18;12;6;817;1;2;1;1;3;21;133  R CAMILLE DESMOULIN;M;4988201;229876;800
2,02E+11;18;12;9;1725;5;2;1;2;3;21;5  R RIOLAN;M;4988904;231506;800
2,02E+11;18;12;7;945;1;2;1;8;2;21;BD DE ROUBAIX;M;4991170;231543;800
2,02E+11;18;12;9;1710;1;2;1;1;6;21;206  R DELALANDE;M;4990850;230647;800
2,02E+11;18;12;6;1823;5;2;1;1;1;21;13  AV DEFENSE PASSIVE;M;4990712;231946;800
2,02E+11;18;12;6;1215;1;2;3;1;3;489;R DU GENERAL GALLIENI;M;4986976;235194;800
2,02E+11;18;12;6;2005;5;2;1;1;3;725;R MAURICE GENEVOIX;M;4986780;225669;800
2,02E+11;18;12;12;1005;1;2;1;1;6;21;AV DU LANGUEDOC;M;4991763;225265;800
2,02E+11;18;12;13;2000;5;2;1;1;2;21;R FRANKLIN ROOSEVELT;M;4991520;229451;800
2,02E+11;18;12;14;2030;5;2;2;1;3;21;BD FAIDHERBE / J CATELAS;M;4989650;228894;800
2,02E+11;18;12;17;1240;1;2;1;1;3;21;141  R ALEXANDRE DUMAS;M;4987509;228433;800
2,02E+11;18;12;17;2313;5;2;1;1;6;164;D929;M;4992097;236889;800
2,02E+11;18;12;18;1745;5;2;1;2;6;725;AV DU GOLF;M;4987049;226205;800
2,02E+11;18;12;18;1830;5;2;1;1;3;21;45  R SAINT HONORE;M;4988715;228793;800
2,02E+11;18;12;19;810;2;2;1;1;6;21;181  R SAINT FUSCIEN;M;4987941;230521;800
2,02E+11;18;12;20;815;1;2;1;1;6;160;R JEAN MARIE TJIBAOU;M;4986211;234115;800
2,02E+11;18;12;21;1120;1;2;1;2;4;21;N25;M;4992675;231013;800
2,02E+11;18;12;23;1940;5;2;1;2;3;21;20  R LEO LAGRANGE;M;4991052;230930;800
2,02E+11;18;12;24;1128;1;2;1;2;3;21;1  R JEAN MOULIN;M;4988381;228228;800
2,02E+11;18;12;27;2355;3;1;1;1;6;164;N25;M;4989079;237423;800
2,02E+11;18;4;5;1505;1;2;1;1;1;4;VERBIAL (ET LOT DU);M;4391285;214744;810
2,02E+11;18;4;14;1605;2;2;1;2;6;4;GAMBETTA (AV);M;4391713;214418;810
2,02E+11;18;4;19;1650;1;2;1;1;3;4;FAUCH (RTE DE);M;4391705;216713;810
2,02E+11;18;4;19;1600;1;2;9;1;6;4;BERTHIER (GENERAL);M;;;810
2,02E+11;18;6;2;830;1;2;1;1;3;4;CORDES (RTE DE);M;4394937;212908;810
2,02E+11;18;6;4;1650;1;1;1;1;6;4;MOISSAN (HENRI);M;;;810
2,02E+11;18;6;2;1845;1;2;1;1;6;4;SIMONE SIGNORET;M;4391167;216697;810
2,02E+11;18;6;24;2145;2;1;1;2;7;257;VALLEE ( ROUTE DE LA );M;4394919;223366;810
2,02E+11;18;7;5;1715;1;2;1;3;6;4;VALMY (BD) DU Nш 1 AU Nш;M;4392719;215388;810
2,02E+11;18;7;6;1545;1;1;2;1;3;4;TEILLET (RTE DE);M;4390460;220395;810
2,02E+11;18;7;30;513;3;2;1;1;7;4;SAINT SALVADOU (CH COTEA;M;4391333;216087;810
2,02E+11;18;8;3;740;1;2;1;1;1;4;LACOMBE (BD);M;4391969;213506;810
2,02E+11;18;8;5;2125;2;1;1;1;7;144;RN 88;M;4395954;216167;810
2,02E+11;18;8;20;2150;5;2;9;1;3;4;POMPIDOU (LICES GEORGES);M;4392802;214817;810
2,02E+11;18;8;20;1210;1;2;1;1;3;4;POUDRIERE (DE LA);M;4391957;213498;810
2,02E+11;18;9;11;1745;1;2;1;1;3;4;THOMAS (AV ALBERT);M;4394617;215149;810
2,02E+11;18;9;20;1930;1;2;1;1;6;4;VERDIER (FRANCOIS);M;4391991;213821;810
2,02E+11;18;10;4;450;3;2;1;1;6;4;MILLAU (RTE DE) DU Nш 32;M;4392958;219036;810
2,02E+11;18;10;15;550;3;2;1;3;6;4;ROCADE RN88 NORD;M;4391822;211601;810
2,02E+11;18;10;26;939;1;2;1;2;6;4;THOMAS (AV ALBERT);M;4394353;215010;810
2,02E+11;18;12;15;2100;5;2;3;2;3;4;DE GAULLE (AV GENERAL);M;4392370;214066;810
2,02E+11;18;12;16;550;3;1;1;3;7;4;CORDES (RTE DE);M;4395500;211500;810
2,02E+11;18;12;23;2153;3;2;1;5;6;4;TEILLET (RTE DE);M;4391479;218958;810
2,02E+11;18;3;15;645;2;1;2;1;3;60;CHEMIN DU PRE GRAND;M;4405276;214345;810
2,02E+11;18;3;31;2015;5;2;1;1;6;60;AVENUE DE RODEZ;M;4405631;216686;810
2,02E+11;18;4;1;430;3;1;1;2;6;33;PALAZY (AV.ALEXANDRE);M;;;810
2,02E+11;18;8;13;2145;5;2;6;1;3;60;CROIX DU MARQUIS (CARREF;M;4405040;214618;810
2,02E+11;18;8;21;903;1;2;1;1;6;60;RAJOL ( BOULEVARD DU);M;4405516;214553;810
2,02E+11;18;10;30;1130;1;2;4;1;3;60;;M;4404849;215868;810
2,02E+11;18;12;19;755;2;2;3;9;5;33;SAINTE MARIE ( CHEMIN );M;4402000;215000;810
2,02E+11;18;1;13;30;3;1;1;1;7;65;RN 112 (ROCADE SUD);M;4356971;226125;810
2,02E+11;18;4;5;1725;1;2;1;1;4;65;SIDOBRE RD 622 (AV. DU);M;4360951;226018;810
2,02E+11;18;4;5;2128;5;2;1;1;7;65;DE GAULLE RD 612 (AV. CH;M;4359294;226662;810
2,02E+11;18;5;4;2235;5;2;1;1;6;65;SIDOBRE RD 622 (AV. DU);M;4361079;226362;810
2,02E+11;18;5;13;650;2;1;1;1;7;65;1012 (ROUTE DEPARTEMENTA;M;4360085;221737;810
2,02E+11;18;5;26;2000;1;1;1;1;6;65;HAUTERIVE RD 60 (RTE D');M;4356219;225465;810
2,02E+11;18;9;9;150;5;2;1;1;6;65;MITTERRAND (AV. FRANCOIS;M;4359333;225555;810
2,02E+11;18;3;18;1600;1;1;1;3;1;163;Route des Montagnes;M;4346443;235555;810
2,02E+11;18;6;20;1955;1;2;1;1;3;21;TOULOUSE;M;4350510;235880;810
2,02E+11;18;6;27;1930;1;2;1;1;6;163;MEYER;M;4349150;237813;810
2,02E+11;18;7;8;1745;1;1;1;1;7;163;CASTAUNOUZE;M;4347593;237853;810
2,02E+11;18;7;15;2249;5;2;1;1;7;163;FOCH;M;4350207;237713;810
2,02E+11;18;7;13;1858;1;2;1;1;7;163;RICHARDE;M;4349959;238642;810
2,02E+11;18;8;8;950;1;2;1;1;6;163;GALIBERT-FERRET;M;4349101;237664;810
2,02E+11;18;10;14;125;4;2;1;1;2;21;CD 612;M;4351541;237232;810
2,02E+11;18;12;1;2320;3;2;2;2;3;163;MISTRAL (FREDERIC);M;4349695;237557;810
2,02E+11;18;1;20;1145;1;2;1;2;6;33;90  LAVALETTE (CHEMIN DE;M;4404549;111424;820
2,02E+11;18;1;21;1548;1;2;6;2;3;33;MARCEAU FAURE (BOULEVARD;M;4403708;110683;820
2,02E+11;18;2;16;1930;3;1;1;1;6;33;SAINT AIGNAN (ROUTE DE);M;4402615;108611;820
2,02E+11;18;2;10;515;3;1;2;1;6;33;0  MONTAUBAN D 958 (ROUT;M;4403326;116453;820
2,02E+11;18;3;6;745;1;2;6;1;3;33;LAFRANCAISE D45 (ROUTE D;M;4404508;111477;820
2,02E+11;18;2;19;2110;3;1;6;2;6;33;1281  TOULOUSE RD 813 (R;M;4402838;113737;820
2,02E+11;18;2;13;855;1;1;1;1;6;33;3406  BELLEPERCHE RD 14;M;4400156;113069;820
2,02E+11;18;5;3;2005;1;1;2;1;3;33;EGALITE (RUE DE L');M;4403807;110959;820
2,02E+11;18;6;2;1132;1;1;1;1;6;33;FOURRIERES VC 1 (ROUTE D;M;4404196;113314;820
2,02E+11;18;6;7;2303;5;2;3;1;3;33;TOULOUSE RD 813 (ROUTE D;M;4403578;111362;820
2,02E+11;18;6;9;1812;1;2;2;1;7;33;BELLEPERCHE RD 45 (ROUTE;M;4402986;110697;820
2,02E+11;18;6;22;1028;1;2;1;7;3;33;ZI L'ARTEL;M;4406092;109811;820
2,02E+11;18;3;2;1850;5;2;2;1;3;33;28  REPUBLIQUE (RUE DE L;M;4403829;110785;820
2,02E+11;18;7;2;2117;1;2;1;1;6;33;4 SEPTEMBRE (BOULEVARD D;M;4404208;110574;820
2,02E+11;18;7;15;810;1;1;1;2;2;33;MOISSAC RD 813 (ROUTE DE;M;4407204;109418;820
2,02E+11;18;7;18;1135;1;1;1;1;1;33;MONTAUBAN D 958 (ROUTE D;M;4403402;116941;820
2,02E+11;18;7;24;944;1;2;7;1;6;33;LEON BRUN (AVENUE);M;4404024;110857;820
2,02E+11;18;7;20;2300;5;1;1;3;7;33;QUERCY GASCOGNE RD 118 (;M;4406525;111190;820
2,02E+11;18;8;14;545;3;1;3;1;6;33;LAMOUR VC 74 (CHEMIN DE);M;4403420;112823;820
2,02E+11;18;8;24;1020;1;1;1;2;7;33;QUERCY GASCOGNE RD 118 (;M;4406481;111121;820
2,02E+11;18;10;4;830;1;2;1;7;6;33;JEAN MOULIN (AVENUE);M;4404169;111241;820
2,02E+11;18;11;3;2045;3;1;2;5;7;33;MONTAUBAN D 958 (ROUTE D;M;4403334;116479;820
2,02E+11;18;12;7;740;5;2;1;2;6;33;VERDUN (ALLEE DE);M;4404109;111026;820
2,02E+11;18;2;1;1720;1;2;1;1;6;121;1139  ABBAYE (RUE DE L');M;4400618;135592;820
2,02E+11;18;2;18;1535;1;1;1;1;1;121;QUART (CHEMIN DU);M;4398610;131774;820
2,02E+11;18;1;15;2105;3;1;2;2;3;121;NC  CEINTURE (CHEMIN DE);M;4404113;142155;820
2,02E+11;18;1;25;2025;5;1;2;1;3;121;NC  GASSERAS (AVENUE DE);M;4401761;132028;820
2,02E+11;18;2;26;912;1;2;2;7;3;121;NC  VOLTAIRE (RUE);M;4403657;136809;820
2,02E+11;18;3;10;850;1;2;1;1;6;121;12  NOTRE DAME (RUE);M;4401566;135504;820
2,02E+11;18;3;13;2000;5;2;1;1;6;121;680  ABBAYE (RUE DE L');M;4400827;135622;820
2,02E+11;18;4;3;1120;1;2;1;1;1;121;EUROPE (AVENUE DE L');M;4399441;133426;820
2,02E+11;18;4;22;507;3;1;3;1;6;121;AVEYRON (ROUTE DE L');M;4406084;133604;820
2,02E+11;18;4;27;1550;1;1;1;1;6;121;AUTOROUTE A20;M;4405260;141027;820
2,02E+11;18;4;30;1100;1;2;3;1;1;121;MOURETS ( AVENUE DES);M;4401773;137026;820
2,02E+11;18;4;27;2020;1;1;1;1;1;121;MONTBARTIER D 77 (ROUTE;M;4402209;135483;820