Num_Acc;an;mois;jour;hrmn;lum;agg;int;atm;col;com;adr;gps;lat;long;dep
2,02E+11;18;5;2;1410;1;1;1;1;6;121;VERLHAC/TESCOU D 92  (RO;M;4398577;140324;820
2,02E+11;18;5;1;2010;1;2;3;1;6;121;SARRAIL (RUE DU GENERAL);M;4401685;134832;820
2,02E+11;18;4;30;1820;1;1;1;1;6;121;ALBEFEUILLE D 72 ( ROUTE;M;4404353;135642;820
2,02E+11;18;5;30;1335;1;1;1;2;1;121;NAUPHARY ( ROUTE DE );M;4399423;138637;820
2,02E+11;18;6;1;15;5;2;1;1;6;121;ABBAYE (RUE DE L');M;4400828;135621;820
2,02E+11;18;6;25;1910;1;2;1;1;6;121;DOUMERC (BOULEVARD BLAIS;M;4401394;136421;820
2,02E+11;18;6;26;750;1;2;6;1;6;121;GIRATOIRE DE LATTRE DE T;M;4401443;134735;820
2,02E+11;18;7;11;2000;1;2;1;1;6;121;CAMP D'AVIATION (CHEMIN;M;4401837;138707;820
2,02E+11;18;7;14;453;5;2;6;1;3;121;porte du Moustier (rue);M;4401409;135485;820
2,02E+11;18;7;14;1800;1;2;7;1;6;121;FOCH (PLACE DU MARECHAL);M;4401546;135609;820
2,02E+11;18;7;16;2100;2;1;1;1;6;121;MONTECH (AVENUE DE);M;4400361;133350;820
2,02E+11;18;7;17;2350;3;1;1;1;6;121;SAINT-NAUPHARY D 999 (RO;M;4399552;138440;820
2,02E+11;18;7;20;1651;1;2;4;1;6;121;FAUVETTES (RUE DES);M;4400506;136333;820
2,02E+11;18;7;25;2040;2;2;1;1;6;121;ROSSIGNOL (CHEMIN DE);M;4406127;134910;820
2,02E+11;18;8;1;1131;1;1;1;1;1;121;SAINT-ETIENNE DE TULMONT;M;4403162;140580;820
2,02E+11;18;8;11;710;1;2;1;1;7;121;COS (AVENUE DE);M;4404208;136790;820
2,02E+11;18;8;28;1215;1;2;2;1;3;121;SAINT-JEAN (RUE);M;4402102;135456;820
2,02E+11;18;8;31;1110;1;2;2;1;3;121;GUIBERT (PLACE);M;4402017;135438;820
2,02E+11;18;9;4;2100;5;2;1;1;3;121;NEGREPELISSE (AVENUE DE);M;4403154;137669;820
2,02E+11;18;9;11;945;1;2;1;1;3;121;TOULOUSE (AVENUE DE);M;4400440;134123;820
2,02E+11;18;9;20;930;1;2;2;1;3;121;POUVILLON (RUE EMILE);M;4401981;135766;820
2,02E+11;18;9;21;1145;1;2;1;1;6;121;PRAX-PARIS (ESPLANADE);M;4401815;135689;820
2,02E+11;18;9;23;1800;1;2;6;1;3;121;ALBI D 999 (AVENUE D');M;4400211;136966;820
2,02E+11;18;10;1;1630;1;2;2;1;6;121;VERDUN (QUAI DE);M;4402250;134816;820
2,02E+11;18;10;23;1700;1;2;2;1;3;121;CLEMENCEAU (RUE GEORGES);M;4401529;137871;820
2,02E+11;18;10;20;1800;1;2;1;1;6;121;MIRABEL D 69 (ROUTE DE);M;4406914;136602;820
2,02E+11;18;10;26;2230;5;2;1;1;3;121;rue du Colonel Christian;M;4402764;134559;820
2,02E+11;18;11;16;1115;1;2;1;1;1;121;PARIS RD 820 (AVENUE DE);M;4403206;137357;820
2,02E+11;18;11;17;1440;1;2;3;1;2;121;MOULIN (avenue jean );M;4402703;136742;820
2,02E+11;18;11;19;1918;3;1;2;1;2;121;RD 820;M;4406697;141768;820
2,02E+11;18;11;25;120;3;1;1;1;6;121;ROUTE DE BORDEAUX;M;4403632;131085;820
2,02E+11;18;11;29;800;1;2;3;1;3;121;MOLIERES (ROUTE DE);M;4404016;135663;820
2,02E+11;18;12;7;640;3;2;1;1;3;121;EUROPE (AVENUE DE L');M;4398045;133123;820
2,02E+11;18;12;8;1210;1;2;3;1;3;121;MOULIN (avenue jean );M;4402652;136674;820
2,02E+11;18;12;10;1704;1;1;3;1;3;121;MARGUE (CHEMIN DE LA);M;4403396;132352;820
2,02E+11;18;12;15;600;3;1;1;1;1;121;EUROPE (AVENUE DE L');M;4398035;133120;820
2,02E+11;18;1;6;2025;5;2;3;1;3;50;AVENUE LAZARE CARNOT;M;4353340;646972;830
2,02E+11;18;1;18;755;1;2;1;1;6;50;17  BD DU MAR FOCH;M;4353915;646296;830
2,02E+11;18;1;27;2015;5;2;6;1;3;50;AVE  DU GEN DE GAULLE;M;4352664;647158;830
2,02E+11;18;4;19;1540;1;2;1;1;1;50;AVENUE DU MAR. GALLIENI;M;4352540;651450;830
2,02E+11;18;3;12;915;1;2;1;1;7;50;RUE HELENE VIDAL;M;4353155;646951;830
2,02E+11;18;4;29;1235;1;2;1;1;3;50;MURAIRE (BD COMTE);M;4353102;646573;830
2,02E+11;18;5;2;1005;1;2;6;1;6;50;ANCIENS COMBATTANTS A.F.;M;4353449;645626;830
2,02E+11;18;5;12;1650;1;2;2;1;6;50;QUATRE SEPTEMBRE( AVE);M;4353638;646016;830
2,02E+11;18;5;16;1205;1;2;1;1;3;50;SAINT HERMENTAIRE(AVENUE;M;4353085;645669;830
2,02E+11;18;6;18;1450;1;1;2;1;1;50;ALLENDE (ave Salvador);M;4353357;641028;830
2,02E+11;18;6;19;1815;1;2;1;1;1;50;VERDUN( AVENUE DE);M;4353333;647629;830
2,02E+11;18;6;19;1950;1;2;3;1;3;50;PAGNOL(BD MARCEL);M;4353083;647997;830
2,02E+11;18;8;20;1600;1;2;1;1;1;50;TUTTLINGEN(AVENUE DE);M;4352721;643896;830
2,02E+11;18;9;21;1750;1;2;2;1;6;50;JAURES (BOULEVARD JEAN);M;4353680;646943;830
2,02E+11;18;9;28;1810;1;2;1;1;6;50;ANCIENS COMBATTANTS A.F.;M;4353415;645806;830
2,02E+11;18;10;9;1820;1;2;3;2;3;50;JUIN( AVENUE DU MARECHAL;M;4353051;647004;830
2,02E+11;18;10;15;1920;2;2;2;1;2;50;JUIN( AVENUE DU MARECHAL;M;4353124;647031;830
2,02E+11;18;10;25;1845;2;2;2;1;3;50;CAZELLES(AVENUE JULIEN);M;4353131;647347;830
2,02E+11;18;11;18;1930;5;2;3;1;3;50;LIBERTE(BOULEVARD DE LA);M;4353927;646308;830
2,02E+11;18;11;11;1120;1;2;1;1;6;50;LIBERTE(BOULEVARD DE LA);M;4353942;646327;830
2,02E+11;18;11;24;950;1;2;1;8;6;50;LECLERC(BOULEVARD GENERA;M;4353529;646117;830
2,02E+11;18;11;28;1840;3;2;6;1;6;50;DE GAULLE(AVENUE CHARLES;M;4352971;647088;830
2,02E+11;18;11;28;1920;3;1;1;1;2;50;SCAMARONI(AVENUE FRED);M;4352243;643318;830
2,02E+11;18;12;5;2135;5;2;1;1;2;50;CARNOT(AVENUE LAZARE);M;4353513;646654;830
2,02E+11;18;12;8;2009;5;2;1;1;6;50;JAURES(BOULEVARD JEAN);M;4353673;646775;830
2,02E+11;18;12;19;1330;1;2;1;2;6;50;LAFOURCADE  Bd du colone;M;4353188;646105;830
2,02E+11;18;2;20;1325;1;2;1;1;6;61;161  RUE DE L'ARGENTIERE;M;4342905;672709;830
2,02E+11;18;3;16;1640;1;1;1;1;3;118;ROUTE DU TRAYAS;M;4345383;692024;830
2,02E+11;18;3;29;1125;1;1;1;1;6;61;D4;M;4348393;672035;830
2,02E+11;18;4;22;620;2;2;4;1;5;118;AVENUE DE LA MER;M;4341713;679434;830
2,02E+11;18;5;29;1225;1;2;1;1;3;118;AVENUE DE VALESCURE;M;4343240;677290;830
2,02E+11;18;6;1;2335;5;2;1;1;6;61;AVENUE HENRI GIRAUD;M;4344682;676193;830
2,02E+11;18;5;29;1415;1;2;1;1;3;118;AVENUE COMMANDANT CHARCO;M;4342763;677401;830
2,02E+11;18;6;12;2000;1;2;6;1;6;61;D100 A;M;4344356;672570;830
2,02E+11;18;6;16;1510;1;2;9;1;3;61;RUE DES COMBATTANTS D'A.;M;4344544;672647;830
2,02E+11;18;6;19;2100;1;1;1;1;3;61;RN7;M;4352138;688722;830
2,02E+11;18;6;28;210;5;2;1;1;6;118;BOULEVARD DE L'ASPђ;M;4342999;679900;830
2,02E+11;18;7;13;1755;1;2;1;1;5;61;AVENUE A. LEOTARD;M;4343620;675990;830
2,02E+11;18;7;18;1410;1;2;1;1;6;61;AV DE LA CORNICHE D'AZUR;M;4340270;672980;830
2,02E+11;18;7;31;1315;1;2;1;1;2;61;AVE DU GEN D'ARMEE;M;4344221;674675;830
2,02E+11;18;8;14;1705;1;2;1;1;2;61;AVENUE DE LA CORNICHE D';M;4338733;672387;830
2,02E+11;18;8;15;1750;1;2;1;1;3;61;AVENUE EUGФNE JOLY;M;4342472;673666;830
2,02E+11;18;8;22;2140;5;2;9;1;3;61;AVENUE DE PROVENCE;M;4325370;645900;830
2,02E+11;18;8;24;740;1;2;1;1;3;61;RUE DES COMBATTANTS D'A.;M;4346000;672770;830
2,02E+11;18;10;20;1046;1;2;6;1;6;61;RUE MARђCHAL GALLIENI;M;4343360;679314;830
2,02E+11;18;11;1;300;3;2;1;3;6;61;RN7;M;4343814;671500;830
2,02E+11;18;11;5;1130;1;2;9;1;6;61;RUE DU DOCTEUR LOUIS TUR;M;4343333;674027;830
2,02E+11;18;12;16;215;5;2;1;1;6;118;AVENUE THEODORE  RIVIERE;M;4343851;677388;830
2,02E+11;18;12;22;600;5;1;1;1;7;61;AV DE LA CORNICHE D'Azur;M;4337847;671960;830
2,02E+11;18;1;18;1800;2;2;1;1;3;69;860  AVE DE L'AEROPORT;M;4309522;613657;830
2,02E+11;18;1;20;250;5;1;1;1;6;69;3242  ROUTE DE NICE;M;4312638;619316;830
2,02E+11;18;1;22;2115;5;2;1;1;7;69;460  RUE DES CAPUCINES;M;4310832;611790;830
2,02E+11;18;1;26;1530;1;1;1;3;1;69;ROUTE DU REAL MARTIN;M;4316776;610970;830
2,02E+11;18;1;25;1540;1;1;1;2;5;69;ROUTE DE PIERREFEU;M;4315154;613269;830
2,02E+11;18;2;8;1930;5;2;1;1;6;69;8   AVENUE VICTORIA;M;4365840;673251;830
2,02E+11;18;1;2;658;3;2;1;1;6;69;ALLEE DES GRES ROSES;M;4312439;615048;830
2,02E+11;18;2;16;1600;1;2;1;1;3;69;1  MEDITERRANEE (AVENUE;M;4308093;615399;830
2,02E+11;18;2;16;2010;5;2;2;1;3;69;VOIE OLBIA;M;4311738;614445;830
2,02E+11;18;2;18;1635;1;1;1;1;3;69;ROUTE DES MARAIS;M;4308209;614377;830
2,02E+11;18;2;19;830;1;1;1;1;6;69;AVENUE DES ALOUETTES;M;4308595;610663;830
2,02E+11;18;2;22;1340;1;2;1;1;3;69;AVENUE DU XVEME CORPS;M;4312199;614093;830
2,02E+11;18;3;22;848;1;1;1;1;3;69;1  GIENS (ROUTE DE );M;4307900;614900;830
2,02E+11;18;4;13;1320;1;2;9;2;5;69;TOULON (VIEUX CHEMIN DE);M;4372604;654590;830
2,02E+11;18;4;22;1700;1;2;1;1;6;69;DECUGIS (AVENUE ALFRED);M;4310897;617158;830
2,02E+11;18;4;25;1445;1;2;1;1;3;69;GODILLOT ( AVE ALEXIS);M;4311077;612418;830
2,02E+11;18;4;28;1645;1;2;6;1;2;69;GIENS (ROUTE DE );M;4308051;614949;830
2,02E+11;18;4;28;530;5;2;9;1;1;69;JAURES (AVENUE JEAN);M;4316688;617425;830
2,02E+11;18;5;1;1915;1;1;1;8;6;69;NICE (ROUTE DE);M;4313057;616929;830
2,02E+11;18;5;7;1800;1;2;1;1;2;69;TOULON (VIEUX CHEMIN DE);M;4312451;609473;830
2,02E+11;18;5;18;1615;1;2;9;1;3;69;CHEMIN DE LA VILLETTE;M;4310000;612000;830
2,02E+11;18;5;27;1210;1;2;1;1;6;69;SAINT EXUPERY ( RUE );M;4311849;614240;830
2,02E+11;18;5;27;1340;1;1;1;1;7;34;RUE DES 3 PINS;M;4310327;605575;830
2,02E+11;18;5;30;15;3;1;1;1;7;69;COL DU SERRE (CHEMIN DU);M;4310823;608683;830
2,02E+11;18;6;5;1745;1;2;1;1;3;69;PALYVESTRE (CHEMIN DU);M;4309681;613758;830
2,02E+11;18;6;6;1000;1;2;9;3;2;34;CD559;M;4309123;608028;830
2,02E+11;18;6;16;1120;1;2;1;1;6;69;CAWELL (AVENUE EDITH);M;4311074;612600;830
2,02E+11;18;6;19;1715;1;1;1;1;2;69;SEL (ROUTE DU);M;4306580;613100;830
2,02E+11;18;6;21;715;1;1;1;1;2;69;PIERREFEU (ROUTE DE) RD;M;4314257;615390;830
2,02E+11;18;6;17;706;2;2;1;1;6;34;GENERAL TOUZET DU VIGIER;M;4309487;607678;830
2,02E+11;18;6;22;1455;1;1;1;1;7;69;REAL MARTIN (ROUTE DU);M;4316918;611227;830
2,02E+11;18;6;22;1615;1;1;1;1;5;69;PIERREFEU (ROUTE DE) RD;M;4315028;614746;830
2,02E+11;18;6;24;1432;1;1;1;1;3;69;CRAU (ROUTE DE LA );M;4313111;608728;830
2,02E+11;18;7;4;1545;1;2;1;1;7;69;HUIT MAI (AVENUE DU);M;4311576;612913;830
2,02E+11;18;7;6;2155;5;2;9;1;3;69;OLBIA  (VOIE);M;4311345;612916;830
2,02E+11;18;7;13;1210;1;2;9;1;3;69;JUIN ( BOULEVARD DU MARE;M;4311623;611334;830
2,02E+11;18;7;14;1300;1;1;1;1;6;69;ALMANARRE (ROUTE DE L');M;4308001;612409;830
2,02E+11;18;7;15;2255;3;1;1;1;1;69;SEL (ROUTE DU);M;4307708;612678;830
2,02E+11;18;7;13;1450;1;2;1;1;6;69;EUGENIE (RUE);M;4312194;611705;830
2,02E+11;18;7;28;1045;1;1;1;1;3;69;LOUBES (ROUTE DES);M;4311343;610219;830
2,02E+11;18;7;29;640;1;1;1;1;6;69;NICE (ROUTE DE);M;4313199;617101;830
2,02E+11;18;7;29;1205;1;2;1;1;6;69;HUIT MAI (AVENUE DU);M;4311607;613147;830
2,02E+11;18;8;1;1455;1;2;1;1;4;69;THOMAS (AVENUE AMBROISE);M;4311000;613000;830
2,02E+11;18;8;15;2135;3;2;1;1;7;69;SALINS ( RTE DES VIEUX);M;4311495;619242;830
2,02E+11;18;8;12;1;3;1;1;1;7;69;PIERREFEU (ROUTE DE) RD;M;4316161;612405;830
2,02E+11;18;9;5;2135;3;1;1;1;7;69;PIERREFEU (ROUTE DE);M;4315474;612894;830
2,02E+11;18;9;9;1045;1;2;1;1;6;69;VIGNES VIERGES (ALLEE DE;M;4312453;615099;830
2,02E+11;18;9;10;2036;5;2;1;1;6;69;MOULIN (AVENUE JEAN);M;4310713;613000;830
2,02E+11;18;9;14;1210;1;1;1;1;1;69;COL DU SERRE (CHEMIN DU);M;4311136;609562;830
2,02E+11;18;9;14;1230;1;2;3;1;6;69;QUINZIEME CORPS (RUE DU);M;4312189;614068;830
2,02E+11;18;9;22;1550;1;2;9;1;3;69;OLBIA  (VOIE);M;4311000;612000;830
2,02E+11;18;10;3;1920;2;1;1;1;5;69;LOUBES (ROUTE DES);M;4311520;609459;830
2,02E+11;18;10;5;1305;1;2;1;1;7;69;PERE ETERNEL (CHEMIN DU);M;4312474;615308;830
2,02E+11;18;10;8;1410;1;2;1;2;6;69;BELLON (RUE DU SOLDAT);M;4311894;612845;830
2,02E+11;18;10;21;1600;1;2;1;1;3;69;DECUGIS (AVENUE ALFRED);M;4310825;617270;830
2,02E+11;18;11;1;750;1;1;1;2;1;34;RUE DES 3 PINS;M;4309980;606240;830
2,02E+11;18;12;2;420;5;2;1;1;6;34;AVENUE DE FONT BRUN;M;4308512;610226;830
2,02E+11;18;12;3;823;1;1;1;1;2;34;RUE DES 3 PINS;M;4310721;605197;830
2,02E+11;18;11;27;1330;1;2;1;1;6;69;GAMBETTA (AVENUE);M;4311774;612865;830
2,02E+11;18;12;21;610;5;2;9;1;6;34;ROUTE DE LA BENOITE;M;4310132;608384;830
2,02E+11;18;1;10;1855;5;2;3;1;3;129;AVENUE J. KENNEDY;M;4310706;582188;830
2,02E+11;18;1;13;1535;1;2;1;1;5;129;986  AVENUE DE LA MER;M;4310097;582380;830
2,02E+11;18;1;15;730;2;2;9;8;7;129;Chemin du Brusc;M;4308677;581476;830
2,02E+11;18;1;23;1040;1;2;3;7;6;129;81  AV DE LA REPUBLIQUE;M;4309289;583924;830
2,02E+11;18;2;22;1100;1;2;3;1;3;129;892  COURRENS (CH DE);M;4307138;582360;830
2,02E+11;18;3;3;1000;1;2;6;1;6;9;128   BLD PIERRE PUGET;M;4313985;575417;830
2,02E+11;18;3;6;1730;1;2;1;7;6;123;ROUTE de BANDOL;M;4312409;579125;830
2,02E+11;18;3;16;2230;5;2;1;1;6;129;83  PALMIERS (AVENUE DES;M;4307636;581420;830
2,02E+11;18;4;24;1445;1;2;1;1;6;123;BANDOL (ROUTE);M;4312990;578266;830
2,02E+11;18;4;28;1;5;2;1;1;6;129;MER (AVENUE DE LA);M;4310063;582416;830
2,02E+11;18;4;28;1555;1;2;9;1;6;123;BANDOL (ROUTE);M;4312746;578514;830
2,02E+11;18;5;10;1810;1;2;1;1;3;9;Bd DE LA LIBERATION;M;4314020;577110;830
2,02E+11;18;5;16;1415;1;2;1;1;6;129;MER (AVENUE DE LA);M;4309896;582684;830
2,02E+11;18;5;23;1330;1;2;6;1;3;129;JUIN MARECHAL (AV DU);M;4309551;584830;830
2,02E+11;18;5;25;1236;1;2;1;1;7;129;HOIRS (CHE ET TV);M;4309899;582084;830
2,02E+11;18;5;28;1810;1;2;1;1;3;129;NEGADOUX (CHEMIN DES);M;4310994;584271;830
2,02E+11;18;6;5;1930;2;2;1;1;2;129;ECOLES (BD DES);M;4310847;581441;830
2,02E+11;18;6;5;1530;1;2;1;1;1;123;BANDOL (ROUTE de);M;4312923;578324;830
2,02E+11;18;6;11;1825;1;2;1;1;2;123;2° SPAHIS (AVENUE DU);M;4312015;580290;830
2,02E+11;18;6;17;1250;1;2;6;1;6;123;RESISTANCE (AV);M;4311756;579755;830
2,02E+11;18;6;19;1830;1;2;1;7;6;123;BUGE (CHEMIN DE LA) Nш I;M;4312084;580777;830
2,02E+11;18;6;19;2020;1;2;1;1;4;123;BANDOL (ROUTE DE);M;4312985;578274;830
2,02E+11;18;6;26;900;1;2;9;1;6;123;ESTIENNE D'ORVES (BD);M;4311600;580663;830
2,02E+11;18;7;6;1625;1;2;1;1;6;123;GARE (ROUTE);M;4311939;581239;830
2,02E+11;18;7;8;1730;1;2;1;1;6;123;GARE (ROUTE);M;4312106;581726;830
2,02E+11;18;7;15;55;5;2;1;1;1;129;Ch.DE GAULLE (PROMENADE);M;4311915;580137;830
2,02E+11;18;7;20;550;2;1;1;1;7;123;BANDOL (ROUTE de);M;4313553;577891;830
2,02E+11;18;8;22;520;5;1;1;1;3;123;BANDOL (ROUTE)Nш IMPAIRS;M;4313461;577937;830
2,02E+11;18;9;3;150;5;2;9;1;2;129;MER (AVENUE DE LA);M;;;830
2,02E+11;18;9;4;1510;1;2;1;1;6;123;RESISTANCE (AVENUE);M;4311750;579750;830
2,02E+11;18;9;14;1645;1;2;4;1;5;129;DE GAULLE (PROMENADE CHA;M;4310797;581398;830
2,02E+11;18;9;12;1450;1;1;3;1;3;123;TOULON (ANCIEN CHE DE);M;4314143;577969;830
2,02E+11;18;9;23;1130;1;2;3;1;6;129;SOLVIOU (CORNICHE DE);M;4310013;581215;830
2,02E+11;18;10;9;1826;1;2;6;1;6;129;PLAYES (PLACE DES);M;4311026;582881;830
2,02E+11;18;10;6;950;1;2;1;1;2;123;BANDOL (ROUTE)Nш PAIRS;M;4314000;577000;830
2,02E+11;18;10;11;920;1;2;3;3;6;129;REPUBLIQUE (AVE DE LA);M;4309200;584080;830
2,02E+11;18;10;19;1625;1;2;6;1;6;129;ECOLES (BD DES);M;4311387;581167;830
2,02E+11;18;10;21;1705;1;2;1;1;6;123;EUROPE UNIE (AVENUE);M;4311843;580931;830
2,02E+11;18;10;25;800;1;2;1;7;6;129;VERGER (AVENUE DU);M;4309754;583678;830
2,02E+11;18;10;15;1900;5;2;3;2;6;129;SEVERIN SAURIN (RUE);M;4309290;583910;830
2,02E+11;18;11;6;1850;5;2;1;8;6;129;SOLVIOU (CORNICHE DE);M;4310503;581330;830
2,02E+11;18;11;6;1515;1;2;1;1;6;129;REPUBLIQUE (AVENUE DE LA;M;4309382;583733;830
2,02E+11;18;11;10;1215;1;2;1;1;6;129;REPUBLIQUE (AVENUE DE LA;M;4309229;584088;830
2,02E+11;18;11;25;50;5;2;3;1;4;129;COUDOULIERE (LA);M;4309999;581207;830
2,02E+11;18;11;25;315;5;2;1;1;6;129;DE GAULLE (PROMENADE CHA;M;4311168;581199;830
2,02E+11;18;12;1;1820;2;2;1;1;6;129;SEVERIN SAURIN (RUE);M;4309221;583872;830
2,02E+11;18;12;2;2110;5;2;1;1;6;129;FONT DE FILLOL (RC ET T);M;4309574;582851;830
2,02E+11;18;12;8;1;5;2;2;6;3;129;PORT DE LA COUDOULIERE;M;4309616;581276;830
2,02E+11;18;12;10;1355;1;2;6;1;6;129;JUIN MARECHAL (AV DU);M;4309477;584702;830
2,02E+11;18;1;22;1720;1;1;9;1;3;126;LA SEYNE A OLLIOULES;M;4311918;585300;830
2,02E+11;18;1;3;1940;5;2;1;8;3;126;50 ALLENDE (AV SALVADOR);M;4308923;588136;830
2,02E+11;18;2;15;1430;1;2;1;1;3;126;101  BD DE L'EUROPE;M;4311450;585600;830
2,02E+11;18;4;6;1356;1;2;1;1;6;126;LAMARQUE (AV JEAN ALBERT;M;4310945;586070;830
2,02E+11;18;4;9;1005;1;2;2;8;3;126;STALINGRAD (BD);M;4310613;586714;830
2,02E+11;18;4;13;2120;3;2;3;1;3;126;LOUIS (CHEMIN ANDRE);M;4311822;588104;830
2,02E+11;18;4;17;815;2;2;2;7;6;126;HUGO (RUE VICTOR );M;4310283;588096;830
2,02E+11;18;4;27;925;1;2;6;1;3;126;MERLE (BD TOUSSAINT);M;4310110;588815;830
2,02E+11;18;5;10;1800;1;2;1;1;6;126;AV DE LA 1ERE ARMEE FRAN;M;4311529;588287;830
2,02E+11;18;5;23;650;2;2;9;7;1;126;RD POINT DE PYROTECHNIE;M;4311809;588309;830
2,02E+11;18;6;6;1435;1;2;1;1;2;126;IVALDI (AV JEAN BAPTISTE;M;4309047;588141;830
2,02E+11;18;6;6;1930;1;2;1;8;3;126;ANCIENS COMBATANTS D'IND;M;4310130;585371;830
2,02E+11;18;6;7;2100;2;2;9;2;3;126;ALLENDE (AV. SALVADOR);M;4308590;588096;830
2,02E+11;18;6;25;1430;1;2;9;1;3;126;STALINGRAD (BD);M;4310642;586632;830
2,02E+11;18;6;29;1920;1;2;1;1;6;126;MARIE FLICHE BERGIS (AV);M;4307570;590643;830
2,02E+11;18;8;21;740;2;2;1;1;6;126;GIOVANNINI (CORNICHE);M;4310164;589391;830
2,02E+11;18;8;30;1710;1;2;1;1;6;126;EUROPE (BD DE L');M;4312238;585911;830
2,02E+11;18;9;21;1805;1;2;1;1;3;126;ANCIENS COMBATANTS D'IND;M;4310413;585354;830
2,02E+11;18;10;19;1655;1;1;6;1;3;126;ECHANGEUR D'OLLIOULES;M;4311194;586525;830
2,02E+11;18;10;19;1940;5;2;1;1;3;126;ALLENDE (AV. SALVADOR);M;4308377;588165;830
2,02E+11;18;12;5;1445;1;2;1;1;6;126;RENOIR (AV AUGUSTE);M;4308779;585434;830
2,02E+11;18;12;22;620;5;2;2;1;3;126;Ytzhak RABIN - D63;M;4311693;587811;830
2,02E+11;18;1;12;1525;1;2;1;1;3;137;259  AVE ARISTIDE BRIAND;M;4312720;590337;830
2,02E+11;18;1;13;1550;1;2;1;1;3;62;FABRI DE PEIRESC (AVENUE;M;4313035;603009;830
2,02E+11;18;1;21;1605;1;2;1;1;3;137;AVE MIRASOULEOU;M;4313524;597773;830
2,02E+11;18;1;26;850;1;2;1;2;6;137;AVE DU COLONEL PICOT;M;4312000;596000;830
2,02E+11;18;2;3;1730;1;2;1;1;1;144;CHEMIN de TOURRIS;M;4317763;596465;830
2,02E+11;18;2;6;1900;3;2;1;2;6;137;275  CAMUS (AVE ALBERT);M;4313477;588243;830
2,02E+11;18;2;7;1600;1;2;1;1;6;137;0  LECLERC (AVE GENERAL);M;4312620;592612;830
2,02E+11;18;1;31;1740;2;2;1;1;3;137;AVE SAINT ROCH;M;4312968;592062;830
2,02E+11;18;2;9;900;1;2;1;1;1;137;1127  CHEMIN FORGENTIER;M;4313780;589424;830
2,02E+11;18;12;7;2215;5;2;9;1;1;98;GANZIN (AVENUE DE);M;4310920;604373;830
2,02E+11;18;2;10;1735;2;2;1;1;3;137;681  VIEUX SAINTE MUSSE;M;4313780;589424;830
2,02E+11;18;2;10;2049;5;2;1;1;6;137;823  AVE DES MOULINS;M;4314421;591219;830
2,02E+11;18;2;13;925;1;2;3;1;5;137;AVE FRANCOIS CUZIN;M;4312185;594230;830
2,02E+11;18;2;16;1600;1;2;1;1;3;137;885  AVE DU COL PICOT;M;4312883;596662;830
2,02E+11;18;2;19;1115;1;2;1;2;6;137;AVE ARISTIDE BRIAND;M;4312734;590464;830
2,02E+11;18;2;19;640;5;2;1;2;2;62;AVENUE JEAN L'HERMINIER;M;4312863;601921;830
2,02E+11;18;2;22;1959;3;2;1;2;6;137;RUE ANDRE BLONDEL;M;4312395;597405;830
2,02E+11;18;2;24;1410;1;1;1;2;3;62;RD 97;M;4314401;602191;830
2,02E+11;18;2;24;2215;5;2;1;2;6;137;D559;M;4312036;588861;830
2,02E+11;18;2;25;745;1;2;2;2;3;137;RUE DOUALA;M;4313146;589484;830
2,02E+11;18;3;1;1925;2;2;1;2;4;98;AVENUE DE GANZIN;M;4310850;603438;830
2,02E+11;18;3;6;945;1;1;1;1;2;90;ROUTE DES GORGES;M;4315290;584494;830
2,02E+11;18;3;9;15;5;2;1;1;2;137;BD DOCTEUR CUNEO;M;4310000;593000;830
2,02E+11;18;3;10;2035;5;2;1;1;6;144;PLACE JEAN JAURES;M;4313651;598139;830
2,02E+11;18;3;25;155;3;2;1;1;6;62;CHEMIN DES PLANTADES;M;4314267;602154;830
2,02E+11;18;3;29;1830;1;2;2;1;3;137;9  AVE DU SGT JOURDAN;M;4313028;597642;830
2,02E+11;18;3;31;210;4;2;1;8;6;137;AVE DU MARECHAL FOCH;M;4312719;592007;830
2,02E+11;18;4;6;1550;1;2;3;1;6;137;BAZEILLES (BD / ROND POI;M;4311215;593813;830
2,02E+11;18;4;8;1730;1;1;1;2;1;90;Route des GORGES;M;4315093;584843;830
2,02E+11;18;4;15;930;1;2;1;1;6;137;15EME CORPS (AVE DU);M;4312855;591348;830
2,02E+11;18;4;16;1800;1;1;1;1;1;137;POMETS (ROUTE DES);M;4316656;590007;830
2,02E+11;18;4;18;1750;1;2;1;1;3;62;DE LATTRE DE TASSIGNY;M;4310990;599941;830
2,02E+11;18;4;20;1315;1;2;1;1;3;137;BARON (RUE MARC);M;4311479;593644;830
2,02E+11;18;4;20;2210;5;2;1;1;5;137;LECLERC (AVE GENERAL);M;4312571;592814;830
2,02E+11;18;4;21;400;5;2;6;1;6;62;PREMIER (BAT.INF.DU PACI;M;4313444;601918;830
2,02E+11;18;4;21;1435;1;2;9;1;5;137;FONTAN (AVE DU DOCTEUR);M;4313619;592006;830
2,02E+11;18;4;22;1045;1;2;1;1;5;137;DE LATTRE DE TASSIGNY;M;4311509;593866;830
2,02E+11;18;4;25;1925;1;2;4;1;6;62;PLANTADES (CHEMIN DES);M;4314339;602373;830
2,02E+11;18;4;27;1220;1;2;3;1;3;137;GASQUET (AVE JOSEPH DE 1;M;4312471;595924;830
2,02E+11;18;4;28;800;1;2;1;1;6;137;MOULINS (AVE DES) 328;M;4314426;591222;830
2,02E+11;18;4;24;1810;1;2;3;1;3;144;GRAND VAR (PARKING);M;4314113;601282;830
2,02E+11;18;5;1;545;3;1;1;1;1;62;BARAROUX (CHEMIN DE);M;4313328;603273;830
2,02E+11;18;5;6;1800;1;2;1;1;6;62;EOLE (RUE);M;4312080;601000;830
2,02E+11;18;5;9;1220;1;2;1;1;2;144;SAINTE CLAIRE (PARC);M;4313242;600600;830