Num_Acc;an;mois;jour;hrmn;lum;agg;int;atm;col;com;adr;gps;lat;long;dep
2,02E+11;18;5;1;1113;1;1;1;1;6;113;BRIAND (AVENUE ARISTIDE);M;4587210;132907;870
2,02E+11;18;5;1;1244;1;2;1;1;1;85;BAUDIN (AVENUE) ( RN21);M;4581520;124864;870
2,02E+11;18;4;27;1621;1;2;1;1;6;85;CARNOT (BOULEVARD);M;4583220;126126;870
2,02E+11;18;5;2;1221;1;2;1;1;1;50;LAJOUX (LIEU DIT);M;4587640;126267;870
2,02E+11;18;5;2;1741;1;2;9;1;6;75;VERTHAMONT (RUE DU GUE);M;4581200;121748;870
2,02E+11;18;5;5;2356;5;1;1;1;6;75;D20;M;4581600;117367;870
2,02E+11;18;5;6;1959;1;2;1;1;2;85;FOCH (RUE DU MARECHAL);M;4584320;122919;870
2,02E+11;18;5;7;1257;1;1;1;1;6;85;AUTOROUTE A20;M;4589040;129271;870
2,02E+11;18;5;5;1613;1;2;3;1;3;85;VIGENAL (BOULEVARD DU);M;4585250;125515;870
2,02E+11;18;5;8;2302;3;1;1;1;6;85;RD941 (EST);M;4583470;122012;870
2,02E+11;18;5;11;1436;1;2;3;1;3;85;VALIN (AVENUE DU GENERAL;M;4580480;127802;870
2,02E+11;18;5;13;1404;1;1;1;2;6;50;D35;M;4586120;122555;870
2,02E+11;18;5;14;851;1;1;1;2;6;85;A20 DIFFUSEUR 33;M;4583910;128201;870
2,02E+11;18;5;14;1059;1;2;2;2;6;85;HUGO (BOULEVARD VICTOR);M;4583110;125442;870
2,02E+11;18;5;17;950;1;2;3;1;3;85;ROCHE (IMPASSE ET RUE DE;M;4581920;126629;870
2,02E+11;18;5;17;1529;1;2;1;1;6;85;PERRIN (RUE FRANCOIS);M;4582480;122879;870
2,02E+11;18;5;22;1830;1;2;3;1;6;85;LABUSSIERE (AVENUE EMILE;M;4584410;125275;870
2,02E+11;18;5;22;937;1;1;1;1;7;85;CHATRADES (RUE DES);M;4585100;117014;870
2,02E+11;18;5;23;1358;1;2;1;2;4;85;BELLAC (RUE DE);M;4584860;124526;870
2,02E+11;18;5;23;1554;1;2;1;1;6;85;GAY-LUSSAC (COURS);M;4583570;126246;870
2,02E+11;18;5;24;831;1;2;3;1;6;85;VANTEAUX (BOULEVARD DE);M;4582230;122815;870
2,02E+11;18;5;23;1346;1;2;9;1;6;50;MAS-GIGOU (RUE DU);M;4586710;125917;870
2,02E+11;18;5;25;1419;1;2;1;1;6;85;RUCHAUD (RUE JEAN BAPTIS;M;4581850;124523;870
2,02E+11;18;5;26;1445;1;2;1;1;2;85;MOULIN DU GUE;M;4585930;125236;870
2,02E+11;18;5;28;1016;1;2;1;1;2;85;FOUGERAS (RUE DE);M;4586890;129660;870
2,02E+11;18;5;29;1414;1;2;3;2;3;85;PERRIN (RUE FRANCOIS);M;4582340;122202;870
2,02E+11;18;5;29;1650;1;2;1;2;2;85;BELLAC (RUE DE);M;4585430;124583;870
2,02E+11;18;5;30;749;1;2;2;1;3;85;VALIN (AVENUE DU GENERAL;M;4580480;127802;870
2,02E+11;18;6;2;338;5;2;3;1;6;85;ARBONNEAU (RUE);M;4582590;125252;870
2,02E+11;18;6;1;1700;1;2;1;1;6;85;LEOBARDY (AVE DU PROF JO;M;4580970;123534;870
2,02E+11;18;6;3;856;1;2;2;1;3;85;LABUSSIERE (AVENUE EMILE;M;4584240;125517;870
2,02E+11;18;6;4;1731;1;2;1;1;6;85;BROGLIE (AVENUE LOUIS DE;M;4588490;128129;870
2,02E+11;18;6;5;2026;1;2;1;2;6;85;ALLENDE (QUAI SALVADOR);M;4581740;125259;870
2,02E+11;18;6;6;1404;1;2;3;1;3;85;LECLERC (AVENUE DU GENER;M;4584270;125897;870
2,02E+11;18;6;6;1816;1;2;9;1;6;114;CARNOT (AVENUE PRESIDENT;M;4582830;129426;870
2,02E+11;18;6;9;1223;1;2;3;1;2;85;LECLERC (AVENUE DU GENER;M;4584620;126079;870
2,02E+11;18;6;10;715;2;2;2;1;3;85;RUCHOUX (AVENUE DES);M;4583800;124588;870
2,02E+11;18;6;10;1821;1;1;1;1;6;85;BRETELLE DIFF. 33 DE A20;M;4583820;128268;870
2,02E+11;18;6;11;1723;1;1;1;1;6;85;AUTOROUTE A20;M;4588790;129243;870
2,02E+11;18;6;12;900;1;1;1;1;6;114;RD941 (EST);M;4584490;133983;870
2,02E+11;18;6;13;1124;1;2;9;1;3;85;COMTE (RUE AUGUSTE);M;4587510;127126;870
2,02E+11;18;6;13;1250;1;2;1;1;4;50;LIMOGES (AVENUE DE);M;4587680;123776;870
2,02E+11;18;6;14;835;1;2;2;1;3;85;AQUITAINE (RUE D');M;4582410;123827;870
2,02E+11;18;6;16;50;4;1;1;3;6;85;AUTOROUTE A20;M;4586390;128750;870
2,02E+11;18;6;15;1939;1;1;1;1;2;85;GARIBALDI (AVENUE);M;4583420;126109;870
2,02E+11;18;6;17;1714;1;1;3;1;7;65;EYJEAUX (RUE D');M;4580140;134414;870
2,02E+11;18;6;19;1428;1;1;3;1;3;85;RD 704;M;4579820;129559;870
2,02E+11;18;6;20;1228;1;2;1;1;6;85;MAISON DIEU (PLACE);M;4583640;126602;870
2,02E+11;18;6;21;1512;1;1;3;1;3;48;RD 11;M;4578030;122157;870
2,02E+11;18;6;22;1953;1;2;1;1;6;85;PORT DU NAVEIX (RUE DU);M;4584070;128756;870
2,02E+11;18;6;22;1827;1;2;1;1;3;85;DUTREIX (RUE ARMAND);M;4583150;123723;870
2,02E+11;18;6;23;2331;5;2;1;1;6;85;ARMAND (AVE Z.A.C;M;4586690;126987;870
2,02E+11;18;6;27;1103;1;2;1;1;6;85;BEAUBREUIL (PLACE DE);M;4588110;129308;870
2,02E+11;18;7;2;1332;1;2;1;1;7;85;RD941 (OUEST);M;4583460;122460;870
2,02E+11;18;7;2;1314;1;2;3;1;5;50;RD947;M;4585620;124734;870
2,02E+11;18;7;2;1738;1;2;3;1;2;65;BALTARD (ALLEE);M;4580450;129509;870
2,02E+11;18;7;2;1903;1;2;1;1;6;85;CURIE  (RUE PIERRE ET MA;M;4582050;124522;870
2,02E+11;18;7;3;1635;1;2;3;1;2;85;MONTJOVIS (AVENUE);M;4584270;124568;870
2,02E+11;18;7;3;1442;1;1;2;1;3;65;PONTEIX (AVENUE DU);M;4580830;129917;870
2,02E+11;18;7;4;1545;1;2;6;3;7;85;ARMAND (AVE Z.A.C;M;4586730;126936;870
2,02E+11;18;7;2;1722;1;2;1;1;7;114;RIMBAUD (ARTHUR-);M;4582840;130682;870
2,02E+11;18;7;7;1350;1;2;3;2;3;85;BAC (RUE THEODORE);M;4583770;126506;870
2,02E+11;18;7;8;1109;1;2;1;1;6;85;NAZARETH (RUE DE);M;4582410;125448;870
2,02E+11;18;7;9;833;1;2;1;1;2;85;BRIAND (RUE ARISTIDE);M;4583830;126771;870
2,02E+11;18;7;10;1312;1;1;1;1;4;85;GEORGES GUINGOUIN(RUE);M;4589810;129498;870
2,02E+11;18;7;9;2100;2;2;3;1;3;85;SAINTE CLAIRE (RUE);M;4582380;124406;870
2,02E+11;18;7;11;1334;1;2;1;1;6;85;POMPIDOU (AVENUE GEORGES;M;4581760;126675;870
2,02E+11;18;7;12;805;1;2;1;1;6;75;MERIGNAC (AVENUE DE);M;4579520;117373;870
2,02E+11;18;7;11;1720;1;2;1;1;1;85;MESSAGER (RUE ANDRE);M;4581850;124633;870
2,02E+11;18;7;12;1756;1;2;1;1;2;85;CHURCHILL WINSTON (PLACE;M;4583170;125165;870
2,02E+11;18;7;13;1514;1;1;1;1;6;50;HIPPODROME (ALLEE DE L');M;4588180;119849;870
2,02E+11;18;7;15;2309;5;2;1;1;6;85;BLANC LOUIS (BOULEVARD);M;4582770;126086;870
2,02E+11;18;7;20;1422;1;2;1;1;2;85;VIGENAL (BOULEVARD DU);M;4585150;125002;870
2,02E+11;18;7;26;930;1;2;1;1;6;65;LEGRAND (RUE FREDERIC-);M;4581070;132614;870
2,02E+11;18;7;26;952;1;2;1;1;2;85;BASTIAT (RUE FREDERIC);M;4588890;129077;870
2,02E+11;18;7;28;101;5;2;1;1;6;85;LOCARNO (AVENUE);M;4583950;127395;870
2,02E+11;18;7;28;1320;1;2;1;1;6;85;ALLENDE (QUAI SALVADOR);M;4581710;125225;870
2,02E+11;18;7;29;1918;1;1;1;1;6;114;LAVAUD - LIEU DIT;M;4582290;131904;870
2,02E+11;18;7;30;1454;1;2;3;1;3;85;HOCHE (RUE);M;4584030;125909;870
2,02E+11;18;7;31;1649;1;2;1;1;3;85;LECLERC (AVENUE DU GENER;M;4584430;125979;870
2,02E+11;18;8;2;144;5;2;6;1;6;65;VALIN (AVENUE MARTIAL);M;4581780;130273;870
2,02E+11;18;8;2;1133;1;2;3;1;3;85;FOUGERAS (RUE DE);M;4586660;129322;870
2,02E+11;18;8;2;2304;5;2;2;1;3;85;SAINT MARTIAL (QUAI);M;4582110;126294;870
2,02E+11;18;8;4;1228;1;1;1;1;6;85;AUTOROUTE A20;M;4586570;128764;870
2,02E+11;18;8;6;1953;1;2;3;1;3;85;GAY-LUSSAC (COURS);M;4583580;126274;870
2,02E+11;18;8;7;908;1;2;1;1;3;85;GRAND-THEIL (RUE DU);M;4587600;128311;870
2,02E+11;18;8;8;1118;1;2;1;1;6;113;PARMENTIER (RUE);M;4585910;131420;870
2,02E+11;18;8;7;1200;1;2;2;1;5;85;LECLERC (AVENUE DU GENER;M;4584460;125997;870
2,02E+11;18;8;11;1316;1;1;1;1;6;48;AUTOROUTE A20;M;4578770;130321;870
2,02E+11;18;8;13;2224;5;2;1;1;6;85;BEL AIR (BOULEVARD DE);M;4581990;124926;870
2,02E+11;18;8;16;1708;1;2;1;1;7;85;VALERY (RUE PAUL);M;4584200;128254;870
2,02E+11;18;8;18;1533;1;1;1;1;6;85;COMPOSTELLE (PLACE JACQU;M;4582950;127231;870
2,02E+11;18;8;21;1716;1;2;2;1;3;85;CAMBUSES (AVENUE DES);M;4588920;127134;870
2,02E+11;18;8;21;1437;1;1;1;1;1;114;PRESSEMANE (AVENUE ADRIE;M;4584000;132576;870
2,02E+11;18;8;21;1748;1;1;1;1;6;48;RD 11;M;4576950;122363;870
2,02E+11;18;8;22;1654;1;2;1;1;3;85;RUE HENRI GIFFARD;M;4587170;126798;870
2,02E+11;18;8;22;939;1;2;1;1;2;85;BEAUBLANC (BOULEVARD DE);M;4584690;124386;870
2,02E+11;18;8;23;2002;1;2;1;1;6;75;RN 21;M;4580360;123288;870
2,02E+11;18;8;25;2009;2;2;1;2;6;85;BEAUBLANC (BOULEVARD DE);M;4584740;124441;870
2,02E+11;18;8;26;955;1;2;1;2;6;85;REBIER (ALLEE JEAN);M;4584070;122699;870
2,02E+11;18;8;26;1012;1;2;9;1;7;75;VERTHAMONT (RUE DU GUE);M;4581220;121763;870
2,02E+11;18;8;28;1938;1;2;1;1;6;85;WALDECK ROUSSEAU (RUE);M;4582590;125361;870
2,02E+11;18;8;27;2002;1;2;3;1;1;85;MICHAUD (RUE EDOUARD);M;4584250;124299;870
2,02E+11;18;8;29;1349;1;2;1;1;7;85;BLANC LOUIS (BOULEVARD);M;4582940;126248;870
2,02E+11;18;8;30;1556;1;2;1;1;3;85;SAINT ELOI (AVENUE);M;4582850;124922;870
2,02E+11;18;9;2;718;5;2;1;1;2;85;MAS-BOUYOL  (CITE ET BOU;M;4582800;122668;870
2,02E+11;18;9;3;2139;3;1;2;1;6;85;MAS-BILIER (RUE DU);M;4585180;120132;870
2,02E+11;18;9;4;1753;1;2;3;1;3;85;BOMBAL (RUE EUSEBE);M;4584420;123587;870
2,02E+11;18;9;5;1630;1;2;3;1;3;85;RUBEN (AVENUE ERNEST);M;4582130;125164;870
2,02E+11;18;9;6;1007;1;1;1;1;6;85;RD941 (OUEST);M;4583470;121755;870
2,02E+11;18;9;6;1345;1;2;1;1;6;85;CARMES (PLACE DES);M;4583020;124959;870
2,02E+11;18;9;6;1310;1;1;1;2;7;85;LIAISON SUD ( VOIE DE);M;4580810;126298;870
2,02E+11;18;9;6;1412;1;2;2;2;4;85;HUGO (BOULEVARD VICTOR);M;4583110;125442;870
2,02E+11;18;9;7;1401;1;2;2;1;3;85;TRAVERSAT (AVENUE PIERRE;M;4585310;125231;870
2,02E+11;18;9;7;741;3;2;3;1;2;85;BAUDIN (AVENUE) ( RN21);M;4581260;124412;870
2,02E+11;18;9;11;1741;1;2;1;1;6;85;GROSSEREIX (LIEU DIT);M;4589440;128909;870
2,02E+11;18;9;11;554;5;2;1;1;6;85;MONNET (RUE JEAN);M;4586150;127596;870
2,02E+11;18;9;11;721;5;2;3;1;3;85;BELLAC (RUE DE);M;4585530;124811;870
2,02E+11;18;9;12;740;5;2;1;1;6;85;SETO (RUE);M;4583620;126894;870
2,02E+11;18;9;12;1408;1;2;1;1;4;85;ALLENDE (QUAI SALVADOR);M;4582100;126279;870
2,02E+11;18;9;12;1227;1;2;6;1;3;85;BROGLIE (AVENUE LOUIS DE;M;4588440;128215;870
2,02E+11;18;9;16;1034;1;1;3;1;3;85;RD704;M;4579820;129559;870
2,02E+11;18;9;16;1657;1;1;1;1;2;85;GEORGES GUINGOUIN(RUE);M;4589800;129495;870
2,02E+11;18;9;18;1640;1;2;1;1;6;85;BOURGEOIS (RUE LEON);M;4584150;124427;870
2,02E+11;18;9;24;2227;3;2;1;1;1;50;BUXEROLLES (ROUTE DE);M;4586930;125930;870
2,02E+11;18;9;25;2300;5;2;3;1;3;85;AQUITAINE (RUE D');M;4582410;123827;870
2,02E+11;18;9;26;1355;1;2;3;1;2;85;VALIN (AVENUE DU GENERAL;M;4580780;127559;870
2,02E+11;18;9;26;1722;1;2;1;1;4;85;MONNET (RUE JEAN);M;4586050;128564;870
2,02E+11;18;9;26;1737;1;2;1;1;3;75;RN 21;M;4579940;122753;870
2,02E+11;18;9;26;1649;1;2;2;1;3;85;VIGENAL (BOULEVARD DU);M;4585250;125515;870
2,02E+11;18;9;27;1803;1;2;1;1;4;85;MAS-BOUYOL  (CITE ET BOU;M;4582730;122640;870
2,02E+11;18;9;30;433;5;1;1;1;6;85;AUTOROUTE A20;M;4582820;128265;870
2,02E+11;18;9;28;1512;1;2;1;1;7;85;ATLANTIS (RUE);M;4586090;129433;870
2,02E+11;18;10;5;1012;1;2;1;1;6;114;LIBERATION (AVENUE DE LA;M;4582570;128786;870
2,02E+11;18;10;5;1213;1;2;1;1;2;85;BLANC LOUIS (BOULEVARD);M;4582890;126205;870
2,02E+11;18;10;5;1913;1;2;3;1;3;113;BRIAND (AVENUE ARISTIDE);M;4587500;132993;870
2,02E+11;18;10;6;1049;1;2;1;1;2;85;LECLERC (AVENUE DU GENER;M;4584540;126037;870
2,02E+11;18;10;6;2349;5;2;1;1;7;85;BOMBAL (RUE EUSEBE);M;4584420;123684;870
2,02E+11;18;10;7;1911;1;2;1;1;6;85;SABLARD (AVENUE DE);M;4582970;127642;870
2,02E+11;18;10;8;1159;1;2;3;1;6;85;VERGNIAUD (COURS);M;4583490;126228;870
2,02E+11;18;10;8;1231;1;2;1;1;2;50;LIMOGES (AVENUE DE);M;4587040;123827;870
2,02E+11;18;10;15;758;3;1;1;3;2;50;RN 147;M;4590180;122864;870
2,02E+11;18;10;17;1544;1;2;3;1;3;85;FOUGERAS (RUE DE);M;4586370;128999;870
2,02E+11;18;10;17;1633;1;2;1;1;6;114;LEYSSENE (JOSEPH-);M;4583940;130215;870
2,02E+11;18;10;17;2003;5;2;1;1;6;85;JOLIOT CURIE (RUE IRENE;M;4583280;122388;870
2,02E+11;18;10;17;1725;1;1;1;1;5;114;PUY MOULINIER - LIEU DIT;M;4585690;132343;870
2,02E+11;18;10;18;1508;1;2;1;1;6;85;MONTHLERY (RUE DE);M;4583740;127741;870
2,02E+11;18;10;20;1323;1;2;1;1;6;85;BRIAND (RUE ARISTIDE);M;4583770;126694;870
2,02E+11;18;10;19;1731;1;2;3;1;3;85;RANSON (RUE LOUIS CASIMI;M;4582650;124299;870
2,02E+11;18;10;20;1622;1;1;1;1;6;85;MAS-LOGE (CHEMIN DU);M;4583510;119348;870
2,02E+11;18;10;19;1121;1;1;1;1;2;85;NEXON (RUE DE);M;4579980;125289;870
2,02E+11;18;10;22;920;1;2;3;1;3;85;RUBEN (AVENUE ERNEST);M;4582360;125121;870
2,02E+11;18;10;20;1731;1;2;1;1;6;85;SABLARD (AVENUE DE);M;4582860;127197;870
2,02E+11;18;10;22;1746;1;2;1;1;6;85;VARDELLE (RUE MARCEL);M;4584240;123199;870
2,02E+11;18;10;22;2132;5;2;1;1;2;85;FEYTIAT (RUE DE);M;4582450;127974;870
2,02E+11;18;10;23;2308;5;2;2;1;3;85;RUBEN (AVENUE ERNEST);M;4582010;125188;870
2,02E+11;18;10;25;1653;1;2;1;1;6;85;LIBERATION (AVENUE DE LA;M;4583410;125964;870
2,02E+11;18;10;26;228;3;1;1;1;6;113;ANGUERNAUD (RUE D');M;4588540;131097;870
2,02E+11;18;10;25;1745;1;1;1;1;2;85;GEORGES GUINGOUIN(RUE);M;4589880;129520;870
2,02E+11;18;10;28;1650;1;1;1;2;6;48;RD 11;M;4577340;122342;870
2,02E+11;18;10;29;1326;1;1;1;2;2;85;AUTOROUTE A20;M;4589690;129224;870
2,02E+11;18;10;31;1138;1;2;3;2;2;85;TOULOUSE (RUE DE);M;4582490;127475;870
2,02E+11;18;10;27;2130;5;2;1;1;6;85;LANDOUGE (AVENUE DE);M;4584040;119870;870
2,02E+11;18;11;4;754;3;1;3;1;3;85;GEORGES GUINGOUIN(RUE);M;4590280;129649;870
2,02E+11;18;11;2;1910;5;2;2;1;3;114;RUE HENRI WALLON;M;4582910;130946;870
2,02E+11;18;11;4;849;1;2;1;1;6;85;LANDOUGE (AVENUE DE);M;4583840;121560;870
2,02E+11;18;11;12;1802;2;2;1;2;6;85;BRIAND (RUE ARISTIDE);M;4585760;128543;870
2,02E+11;18;11;10;1429;1;1;1;3;3;75;RN 21;M;4578540;120889;870
2,02E+11;18;11;11;1836;1;2;6;1;6;85;CHENIEUX (RUE FRANCOIS);M;4583990;125752;870
2,02E+11;18;11;11;1852;5;2;1;1;6;85;LONGEQUEUE (RUE LOUIS);M;4582680;125944;870
2,02E+11;18;11;11;1722;2;2;1;1;6;85;DUMAS (AVENUE GEORGES);M;4582660;126481;870
2,02E+11;18;11;13;1211;1;2;1;2;1;85;BEAUBREUIL (AVENUE DE);M;4587470;130065;870
2,02E+11;18;11;15;1058;1;1;1;1;5;85;AUTOROUTE A20;M;4584700;127691;870
2,02E+11;18;11;16;1424;1;2;1;1;4;85;PETINIAUD BEAUPEYRAT (RU;M;4582610;125095;870
2,02E+11;18;11;18;2238;5;2;3;1;3;85;ALLENDE (QUAI SALVADOR);M;4582120;126283;870
2,02E+11;18;11;19;2006;5;2;3;1;2;85;LEBON (RUE PHILIPPE);M;4588440;128215;870
2,02E+11;18;11;19;1152;1;2;2;1;1;85;VALIN (AVENUE DU GENERAL;M;4580480;127802;870
2,02E+11;18;11;20;1652;1;1;1;1;6;85;AUTOROUTE A20;M;4588180;128933;870
2,02E+11;18;11;21;658;5;1;1;1;4;85;AUTOROUTE A20;M;4591060;129214;870
2,02E+11;18;11;24;1547;1;2;1;1;4;85;PERRIN (RUE FRANCOIS);M;4582880;124320;870
2,02E+11;18;11;24;2055;5;2;2;1;3;85;PERRIN (RUE FRANCOIS);M;4582940;124469;870
2,02E+11;18;11;25;1932;5;2;2;2;3;85;ISLY (RUE D');M;4583280;126347;870
2,02E+11;18;11;23;811;2;1;1;1;5;65;AUTOROUTE A20;M;4578960;130330;870
2,02E+11;18;11;17;1545;1;2;1;1;2;85;LECLERC (AVENUE DU GENER;M;4584460;125997;870
2,02E+11;18;11;27;1740;5;2;2;1;3;85;CHARENTES (PLACE DES);M;4583760;125268;870
2,02E+11;18;11;29;1210;1;1;1;1;5;85;AUTOROUTE A20;M;4583100;128253;870
2,02E+11;18;12;3;734;2;2;6;2;3;85;COUDERT (RUE DU);M;4582930;119855;870
2,02E+11;18;12;3;1317;1;1;2;2;6;65;INDUSTRIE (CARREFOUR DE;M;4581790;130258;870
2,02E+11;18;11;25;2113;5;2;2;1;7;85;PETINIAUD BEAUPEYRAT (RU;M;4582640;125175;870
2,02E+11;18;12;3;1919;2;1;1;3;2;75;RD79;M;4581910;118781;870
2,02E+11;18;12;5;1150;1;1;1;1;3;85;AUTOROUTE A20;M;4585760;128289;870
2,02E+11;18;12;4;1111;1;2;3;1;3;85;DUTREIX (RUE ARMAND);M;4583160;123567;870
2,02E+11;18;12;5;1553;1;2;1;1;2;85;BROGLIE (AVENUE LOUIS DE;M;4588330;128462;870
2,02E+11;18;12;5;1644;2;2;3;1;3;85;RUBEN (AVENUE ERNEST);M;4582360;125121;870
2,02E+11;18;12;7;915;1;2;1;2;2;85;LEGENDRE (RUE CHARLES);M;4581480;124525;870
2,02E+11;18;12;7;1132;1;2;1;2;7;85;BENEDICTINS (AVENUE DES);M;4583260;126656;870
2,02E+11;18;12;10;1814;5;2;2;1;6;85;COTY (AVENUE DU PRESIDEN;M;4583970;123447;870
2,02E+11;18;9;16;1810;1;2;9;1;6;85;GRANDE PIECE (AVE DE LA);M;4588490;130247;870
2,02E+11;18;12;14;1135;1;2;1;1;6;85;GAGNANT (AVENUE JEAN);M;4583350;126990;870
2,02E+11;18;12;14;2233;5;2;9;1;3;85;BEL AIR (BOULEVARD DE);M;4581746;125268;870
2,02E+11;18;12;15;1626;1;2;1;2;6;85;FARMAN (RUE);M;4584940;126856;870
2,02E+11;18;12;16;1810;3;1;1;2;2;85;AUTOROUTE A20;M;4586250;128696;870
2,02E+11;18;12;18;1413;1;2;1;1;3;85;TOULOUSE (RUE DE);M;4582110;127611;870
2,02E+11;18;12;21;1030;1;1;1;3;6;65;AUTOROUTE A20;M;4579710;129709;870
2,02E+11;18;12;21;1050;1;2;3;3;3;85;NAUGEAT (AVENUE DE;M;4582540;123858;870
2,02E+11;18;12;21;1710;1;1;1;3;4;85;AUTOROUTE A20;M;4583780;128300;870
2,02E+11;18;12;23;1112;1;2;1;1;6;85;GARIBALDI (AVENUE);M;4583360;126144;870
2,02E+11;18;12;23;152;5;2;1;2;6;85;LABUSSIERE (AVENUE EMILE;M;4584450;124833;870
2,02E+11;18;12;29;58;5;2;1;1;6;85;BELLAC (RUE DE);M;4585440;124654;870
2,02E+11;18;12;31;801;2;2;2;1;3;85;ALLENDE (QUAI SALVADOR);M;4582120;126294;870
2,02E+11;18;1;9;1735;5;2;3;2;6;160;0  BELLE-AU-BOIS-DORMANT;M;4819766;646367;880
2,02E+11;18;1;18;2016;5;2;1;3;6;160;SAINT-DIE (AV. DE);M;4818440;646855;880
2,02E+11;18;1;20;1524;1;1;1;2;6;209;74  LECLERC RUE GENERA;M;4819180;642190;880
2,02E+11;18;2;6;2100;5;2;1;1;6;160;13  TEMPLIERS (AV. DES);M;4816732;645138;880
2,02E+11;18;3;2;2245;5;2;1;2;1;160;BARTHOU (RUE LOUIS-);M;4818903;644632;880
2,02E+11;18;3;3;2030;3;1;1;2;6;209;FORGES (RTE. DES);M;4818757;641858;880
2,02E+11;18;3;4;550;5;2;1;1;6;160;CARPENTIER (VOIE PIERRE-;M;4817978;645567;880
2,02E+11;18;5;20;2350;5;1;3;1;3;209;JEAN-CHARLES PELLERIN (R;M;4820567;641855;880
2,02E+11;18;6;30;35;5;2;1;1;7;160;SAINT-DIE (AV. DE);M;4818405;646855;880
2,02E+11;18;7;25;1950;1;2;1;1;6;160;BLUM (AV. LEON);M;4818825;646425;880
2,02E+11;18;7;27;2350;5;2;9;1;3;209;FORT (RUE DU);M;4820160;642792;880
2,02E+11;18;8;10;1720;1;2;1;1;3;87;DE GAULLE (RUE GENERAL-);M;4816534;643336;880
2,02E+11;18;7;21;207;3;1;1;2;7;160;CHAUD COTE (RUE DU);M;4814323;645393;880
2,02E+11;18;9;27;1625;1;1;1;1;2;160;GERARDMER (route de);M;4816289;654337;880
2,02E+11;18;9;27;1407;1;2;3;1;3;160;BLERIOT (RUE LOUIS-);M;4819980;645120;880
2,02E+11;18;9;29;2150;5;2;9;1;2;160;SAINT-DIE (AV. DE);M;4818785;647798;880
2,02E+11;18;10;20;1419;1;2;1;1;6;160;ETATS-UNIS (RUE DES);M;4817590;649370;880
2,02E+11;18;10;18;1720;1;2;1;1;6;160;TEMPLIERS (AV. DES);M;4816677;645156;880
2,02E+11;18;11;8;1908;3;1;1;1;5;160;GERARDMER (route de);M;4818310;649610;880
2,02E+11;18;11;20;1726;5;2;3;2;3;160;DOGNEVILLE (Q. DE);M;4818190;644710;880
2,02E+11;18;11;29;1728;5;2;1;1;6;160;RENAN (RUE ERNEST-);M;4818710;646500;880
2,02E+11;18;12;5;2140;5;1;1;2;7;160;ARCHETTES (RTE D');M;4896840;627139;880
2,02E+11;18;12;16;1934;5;2;3;9;6;160;BRIAND (RUE ARISTIDE-);M;4817322;645237;880
2,02E+11;18;12;17;1742;5;2;1;1;6;160;HAXO (RUE DU GAL-);M;4818425;644107;880
2,02E+11;18;5;5;1608;1;2;1;1;6;383;CD 417;M;4801266;660287;880
2,02E+11;18;6;6;1528;1;2;1;1;6;383;Rue de la Mouline;M;4801517;651616;880
2,02E+11;18;7;29;1351;1;2;1;7;6;415;Grande Rue;M;4802094;660262;880
2,02E+11;18;10;26;1230;1;1;1;1;1;429;D 157;M;4801000;656000;880
2,02E+11;18;1;9;1250;1;2;1;1;6;413;7  Jacquot ( Rue Ren‚ );M;4828191;695844;880
2,02E+11;18;3;6;855;1;2;1;1;6;424;All‚e de l'Europe;M;4827121;697233;880
2,02E+11;18;5;19;1630;1;2;3;1;3;413;AVENUE DE ROBACHE;M;4829180;695117;880
2,02E+11;18;6;16;1530;1;2;3;1;6;413;Rue Marcel ROGE;M;4828213;695688;880
2,02E+11;18;6;19;1055;1;2;2;1;3;424;Rue de BROMPONT;M;4826800;697924;880
2,02E+11;18;7;10;2238;5;2;1;1;5;413;THIERS (RUE);M;4828861;694944;880
2,02E+11;18;7;27;1625;1;2;9;1;6;413;Rue d'ALSACE;M;4828006;695555;880
2,02E+11;18;8;14;1840;1;2;9;1;6;413;Rue de la M‚nantille;M;;;880
2,02E+11;18;9;15;1900;1;2;9;1;6;428;Rue du Clos‚;M;4831454;688804;880
2,02E+11;18;9;1;1720;1;2;1;1;6;413;rue d'hellieule;M;4829622;694666;880
2,02E+11;18;9;26;1648;1;2;1;1;3;413;Avenue de VERDUN;M;4830075;692929;880
2,02E+11;18;9;28;1515;1;2;3;1;3;413;R‚sistance ( Quai de la;M;4828585;696539;880
2,02E+11;18;9;29;1040;1;2;1;1;7;413;Route de ROBACHE;M;4831549;696652;880
2,02E+11;18;10;5;2040;5;2;1;1;6;413;Rue du Petit SAINT-DIE;M;4828123;694988;880
2,02E+11;18;11;6;1415;1;2;6;1;3;413;Rond Point Modulor;M;4828543;694932;880
2,02E+11;18;11;14;1513;1;2;1;1;6;413;Rue Emile DURCKHEIM;M;;;880
2,02E+11;18;11;24;715;3;1;1;8;2;413;RN 59;M;4829656;693039;880
2,02E+11;18;12;3;800;1;2;1;2;1;413;Avenue de VERDUN;M;4830020;699000;880
2,02E+11;18;1;10;555;3;1;1;3;6;24;R.N.6.;M;4781930;357066;890
2,02E+11;18;1;14;1734;2;2;8;1;3;24;R.N 77;M;4782227;358714;890
2,02E+11;18;1;22;1835;4;2;5;2;6;24;1  BRICHERES (AVENUE DES;M;4778921;356094;890
2,02E+11;18;2;13;1020;1;2;1;1;6;24;77  DENFERT ROCHEREAU (A;M;4780425;356535;890
2,02E+11;18;7;10;1205;1;2;3;1;6;346;BLEUETS (AVENUE DES );M;4780022;353274;890
2,02E+11;18;7;10;1910;1;1;3;1;3;346;D89 ( DIRECTION AUXERRE;M;4780006;351218;890
2,02E+11;18;8;28;2015;1;2;1;1;2;346;D 22;M;4779830;346998;890
2,02E+11;18;9;20;1825;1;2;1;1;6;24;GENERAL WEYGAND (AVENUE);M;4780040;354982;890
2,02E+11;18;10;8;1450;1;2;6;1;3;24;CHARLES DE GAULLE (AVENU;M;4780107;356770;890