Num_Acc;an;mois;jour;hrmn;lum;agg;int;atm;col;com;adr;gps;lat;long;dep
2,02E+11;18;10;10;1305;1;2;4;1;3;24;VAULABELLE (BOULEVARD) N;M;4779487;357900;890
2,02E+11;18;10;22;845;2;1;1;1;1;24;R.N.6;M;4782047;358377;890
2,02E+11;18;12;11;2205;3;1;1;1;7;342;ROUTE NATIONALE 6;M;4822991;327143;890
2,02E+11;18;2;14;1400;1;2;1;1;3;387;92  VERDUN (BOULEVARD DE;M;4819723;329731;890
2,02E+11;18;7;5;1540;1;2;2;1;1;387;VERDUN (BOULEVARD DE);M;4819691;329707;890
2,02E+11;18;3;8;1445;1;1;1;2;7;354;0  BREMONTS(CHEMIN DES);M;4820489;325951;890
2,02E+11;18;5;23;1829;1;2;1;1;6;387;HUIT MAI 1945 (AVENUE DU;M;4819677;330528;890
2,02E+11;18;3;25;1547;1;1;4;1;3;387;1  PECHEURS (CHEMIN DES);M;4818588;327224;890
2,02E+11;18;4;6;610;5;2;1;1;6;387;SABLONS (QUAI DES);M;4820142;327268;890
2,02E+11;18;3;29;1850;1;2;3;1;3;387;24  TARBE (COURS);M;4819485;328039;890
2,02E+11;18;3;2;1740;1;2;1;1;3;387;7  CASTORS (BOULEVARD DE;M;4819510;329494;890
2,02E+11;18;5;16;2150;3;2;7;1;6;387;EMILE ZOLA (RUE);M;4819545;326622;890
2,02E+11;18;5;19;2150;5;2;9;1;6;387;VERDUN (BOULEVARD DE);M;4819809;329790;890
2,02E+11;18;5;27;1915;1;2;2;1;3;387;HUIT MAI 1945 (AVENUE DU;M;4819676;330416;890
2,02E+11;18;6;28;1735;1;2;1;1;6;387;GARIBALDI (BOULEVARD DES;M;4819942;328244;890
2,02E+11;18;7;9;1155;1;1;1;1;5;387;D606;M;4819373;331275;890
2,02E+11;18;4;21;1820;1;2;1;1;6;387;ARENES (RUE);M;4819984;329405;890
2,02E+11;18;4;6;730;2;2;2;1;6;287;ARTISANAT (RUE DE L');M;4819548;326398;890
2,02E+11;18;7;16;910;1;1;1;1;6;387;D606;M;4824348;325301;890
2,02E+11;18;7;25;1412;1;2;9;1;1;387;ARENES (RUE);M;4819950;329378;890
2,02E+11;18;8;1;2010;1;1;9;1;3;387;LORRACH (AVENUE DE);M;4819136;331026;890
2,02E+11;18;8;5;915;1;2;2;1;3;387;LIBERTE (BOULEVARD DE LA;M;4819131;327641;890
2,02E+11;18;8;18;2330;5;1;1;1;6;287;STADE DE SAINT BOND (AVE;M;4818330;325438;890
2,02E+11;18;9;14;1610;1;2;1;1;6;387;GENERAL DE GAULLE (RUE D;M;4819443;328353;890
2,02E+11;18;10;5;2120;3;2;2;1;3;127;SEIGLES (RUE DES);M;4822421;325351;890
2,02E+11;18;11;19;2015;5;1;1;1;2;387;D606;M;4819087;331151;890
2,02E+11;18;11;14;1510;1;2;1;1;7;387;RENE BINET (RUE);M;4819255;329536;890
2,02E+11;18;1;11;1227;1;2;8;1;6;10;JAURES (AVENUE JEAN) DE;M;4765000;685000;900
2,02E+11;18;1;16;1214;1;2;1;3;6;99;1  TURENNE (RUE DE);M;4766929;684212;900
2,02E+11;18;2;9;2135;5;2;1;8;3;10;  FRANCE BOULEVARD ANATO;M;4764208;684129;900
2,02E+11;18;2;21;720;1;1;1;1;3;10;1  MENDES FRANCE (RUE);M;4763658;688083;900
2,02E+11;18;4;16;1728;1;2;1;1;2;75;BRIAND (RUE ARISTIDE);M;4765944;686777;900
2,02E+11;18;4;29;1500;1;2;4;1;3;10;ZAPOROJIE (RUE DE);M;4762921;684075;900
2,02E+11;18;5;24;1750;1;2;1;1;6;10;JAURES (AVENUE JEAN) DE;M;4764586;685525;900
2,02E+11;18;5;31;1605;1;2;2;1;6;10;LYON (FAUBOURG DE);M;4763060;684835;900
2,02E+11;18;5;31;1105;1;2;9;1;6;10;LEBLEU (RUE);M;4763080;686314;900
2,02E+11;18;6;14;1519;1;2;1;1;3;10;CARNOT (BOULEVARD);M;4763831;686025;900
2,02E+11;18;6;16;2125;2;2;2;1;3;8;GRAND'RUE;M;4762098;683529;900
2,02E+11;18;6;15;1410;1;2;9;1;6;10;BESANCON (FAUBOURG DE);M;4760000;685000;900
2,02E+11;18;6;20;1015;1;2;9;1;6;32;REPUBLIQUE (RUE DE LA);M;4761560;685935;900
2,02E+11;18;6;21;1655;1;2;1;1;6;10;LAURENCIE (AVENUE CAPITA;M;4764091;686685;900
2,02E+11;18;7;2;2028;1;2;2;1;3;10;JUIN (AVENUE DU MARECHAL;M;4764407;684076;900
2,02E+11;18;7;5;1642;1;1;1;2;1;75;R.D.22;M;4766449;686583;900
2,02E+11;18;7;10;1733;1;2;1;1;6;10;MOULIN (AVENUE JEAN);M;4764999;686286;900
2,02E+11;18;7;10;1950;1;1;1;1;3;10;LECLERC (AVENUE);M;4763637;683761;900
2,02E+11;18;7;19;1505;1;2;3;1;3;10;DELEMONT (RUE DE);M;4763620;683648;900
2,02E+11;18;7;19;1453;1;2;1;1;6;10;KENNEDY (BOULEVARD);M;4763216;684050;900
2,02E+11;18;7;27;1344;1;2;1;1;6;10;DE GAULLE (AVENUE DU GEN;M;4762874;686158;900
2,02E+11;18;8;21;2305;5;2;1;1;6;10;GAMBIEZ (RUE);M;4765254;685597;900
2,02E+11;18;8;22;1205;1;2;6;1;3;8;ENGEL (RUE ALFRED);M;4762009;684254;900
2,02E+11;18;10;4;1833;1;2;3;1;3;76;GRAND'RUE;M;4763642;689450;900
2,02E+11;18;10;18;318;5;2;1;1;7;10;MILITAIRE (QUAI);M;4764009;685111;900
2,02E+11;18;10;31;1728;2;2;1;8;6;10;LAURENCIE (AVENUE CAPITA;M;;;900
2,02E+11;18;11;10;1224;1;2;1;1;6;10;FOCH (AVENUE);M;4763702;685901;900
2,02E+11;18;11;22;1615;1;1;2;1;6;10;LAURENCIE (AVENUE CAPITA;M;4764150;684590;900
2,02E+11;18;12;1;1800;5;2;1;1;6;32;Rue de BAVILLIERS;M;4761859;685145;900
2,02E+11;18;12;1;1805;5;2;1;1;7;10;MIEG (RUE THIERRY);M;4764656;684679;900
2,02E+11;18;12;1;2305;3;1;1;2;5;32;D47C;M;4761833;685407;900
2,02E+11;18;12;26;2356;5;2;2;1;6;10;(BOULEVARD) KENNEDY;M;4762969;684282;900
2,02E+11;18;1;1;210;5;2;1;1;2;552;RN20;M;4860592;225497;910
2,02E+11;18;1;3;830;1;2;1;2;3;339;RN 20;M;4863500;226629;910
2,02E+11;18;1;5;1514;1;1;9;1;4;103;RD19;M;4858659;230647;910
2,02E+11;18;1;5;1915;5;2;1;1;1;339;VIEUX PAVE DE BRUYERES (;M;4860708;221442;910
2,02E+11;18;1;7;1244;1;2;1;1;1;552;ALLENDE SALVADOR (AVENUE;M;4859300;226200;910
2,02E+11;18;1;9;1045;1;2;1;1;2;21;VERDUN (AVENUE DE);M;4858302;224334;910
2,02E+11;18;1;9;1720;5;1;1;2;7;339;RN 20;M;4863236;226461;910
2,02E+11;18;1;10;855;1;1;1;1;3;457;RD19;M;4857560;227496;910
2,02E+11;18;1;11;815;1;2;1;2;6;103;DESSERTE INDUSTRIELLE  (;M;4859069;230027;910
2,02E+11;18;1;11;1300;1;2;1;1;6;103;CLAUSE LUCIEN (AVENUE);M;4860597;230032;910
2,02E+11;18;1;12;1830;3;2;1;1;2;552;RN 20;M;4861127;225660;910
2,02E+11;18;1;14;1330;1;2;1;1;6;457;18  HUGO VICTOR (RUE);M;4858062;226235;910
2,02E+11;18;1;16;910;1;2;1;3;3;425;48  BOURGUIGNONS (RUE DE;M;4864660;227544;910
2,02E+11;18;1;31;1100;1;2;1;2;6;21;59  GRANDE (RUE);M;4858997;224851;910
2,02E+11;18;2;6;920;1;2;1;4;2;425;ORLEANS (ROUTE D');M;4864483;226998;910
2,02E+11;18;2;6;1635;1;2;1;4;2;103;MERMOZ JEAN (AV);M;4860679;231279;910
2,02E+11;18;2;13;710;1;2;1;1;7;103;6  PRES D'AULNAY (RUE DE;M;4861202;227688;910
2,02E+11;18;2;13;830;1;2;1;1;6;21;11  BROSSOLETTE PIERRE (;M;4859326;224834;910
2,02E+11;18;2;13;910;1;2;1;1;6;425;TEMPLIERS (ROUTE DES);M;4864794;225922;910
2,02E+11;18;2;14;700;5;1;6;4;2;425;TEMPLIERS (ROUTE DES);M;4864785;227479;910
2,02E+11;18;2;17;1545;1;2;1;1;3;21;9  DIVISION LECLERC (AVE;M;4859473;224644;910
2,02E+11;18;2;22;1550;1;2;6;1;6;103;FRANCE ANATOLE (RUE);M;4860858;230347;910
2,02E+11;18;2;23;1030;1;1;1;1;3;457;RD19;M;4857545;227224;910
2,02E+11;18;3;2;1810;1;2;1;1;1;103;R. DESSERTE INDUSTRIELLE;M;4859005;229461;910
2,02E+11;18;3;5;1215;1;2;1;1;2;425;RN 20;M;4863941;226799;910
2,02E+11;18;3;8;1930;2;2;1;2;3;552;DECLE RENE (RUE);M;4859503;225887;910
2,02E+11;18;3;13;1634;1;2;2;1;1;347;TEMPLIERS (ROUTE DES);M;4864619;227795;910
2,02E+11;18;3;27;1630;1;2;1;1;4;339;RN 20;M;4863199;226449;910
2,02E+11;18;3;28;745;1;2;1;3;7;425;RN 20;M;4864871;227139;910
2,02E+11;18;3;28;840;1;2;1;2;6;103;11  REPUBLIQUE (BOULEVAR;M;4860779;230637;910
2,02E+11;18;4;3;720;1;2;1;3;2;339;RN 20;M;4863490;226618;910
2,02E+11;18;4;6;2240;5;2;2;1;3;347;MONTLHERY (ROUTE DE);M;4863527;228563;910
2,02E+11;18;4;8;800;1;2;1;1;6;103;ESSONVILLE (AVENUE D');M;4860050;229748;910
2,02E+11;18;4;14;1942;1;2;1;2;6;552;PARC (RUE DU);M;4859426;227118;910
2,02E+11;18;4;18;1830;1;2;1;1;3;103;DESSERTE INDUSTRIELLE  (;M;4859059;230199;910
2,02E+11;18;4;19;1220;1;2;3;1;3;103;SAUSSAIE (RUE DE LA);M;4859346;229738;910
2,02E+11;18;4;23;1150;1;2;6;1;4;457;RD19;M;4857400;225800;910
2,02E+11;18;4;24;340;5;2;1;1;6;21;LIMOURS (ROUTE DE);M;4859969;223907;910
2,02E+11;18;4;24;1900;1;2;1;1;7;103;RD19;M;4858085;230794;910
2,02E+11;18;4;27;1748;1;2;1;1;4;339;RN 20;M;4863413;226707;910
2,02E+11;18;4;29;1110;1;2;1;1;2;21;LIBERATION (RUE DE LA);M;4895100;224400;910
2,02E+11;18;4;29;1500;1;1;1;2;6;103;PATURES (CHEMIN DES);M;4862080;230140;910
2,02E+11;18;5;5;2256;5;2;6;1;6;103;RD19;M;4857800;229800;910
2,02E+11;18;5;6;750;1;2;1;1;2;347;RN 20;M;4864800;227100;910
2,02E+11;18;5;7;1640;1;2;1;1;7;339;RN 20;M;4861600;225600;910
2,02E+11;18;5;13;2330;5;2;1;2;3;552;RN20;M;4860215;224770;910
2,02E+11;18;5;20;1700;1;2;2;1;3;457;FERTE ALAIS (ROUTE DE LA;M;4857800;225700;910
2,02E+11;18;5;23;940;1;2;2;1;6;347;CENSIVE (RUE DE LA);M;4866054;228855;910
2,02E+11;18;5;24;1452;1;1;1;1;6;347;MORT RU (VOIE DU);M;4865198;227354;910
2,02E+11;18;5;25;1440;1;2;1;1;5;457;RD19;M;4857300;225900;910
2,02E+11;18;5;25;1920;1;2;1;1;2;339;RN 20;M;4859800;224500;910
2,02E+11;18;5;28;1710;1;1;1;1;2;339;RN 20;M;4861642;225651;910
2,02E+11;18;6;3;1505;1;1;1;1;2;425;Ville du Bois ( Chemin d;M;4864993;227185;910
2,02E+11;18;6;11;1320;1;2;1;2;6;552;DECLE RENE (RUE);M;4859791;226406;910
2,02E+11;18;6;14;730;1;2;1;1;3;103;BROSSOLETTE PIERRE (RUE);M;4860524;230005;910
2,02E+11;18;6;14;1406;1;2;1;1;6;21;DE GAULLE (AVENUE DU GEN;M;4859139;225334;910
2,02E+11;18;6;14;1401;1;2;1;1;6;339;RN 20;M;4863100;226700;910
2,02E+11;18;6;19;850;1;2;1;1;6;425;RN 20;M;4864772;227395;910
2,02E+11;18;6;22;1700;1;2;1;1;4;103;RD19;M;4858900;230700;910
2,02E+11;18;6;24;1845;1;2;1;1;3;339;RN 20;M;4861600;225600;910
2,02E+11;18;6;28;2010;1;2;1;1;2;21;DIVISION LECLERC (AVENUE;M;4859728;224592;910
2,02E+11;18;6;28;1320;1;2;1;1;6;347;DOCTEUR DARIER (RUE DU);M;4864300;229400;910
2,02E+11;18;6;29;1838;1;2;1;1;6;103;SAUGES (CHEMIN DES);M;4862300;229900;910
2,02E+11;18;7;6;2015;1;2;1;1;7;425;TEMPLIERS (ROUTE DES);M;4864700;226500;910
2,02E+11;18;7;6;2325;5;2;1;1;2;425;EUROPE (PLACE DE L');M;4864000;226600;910
2,02E+11;18;7;9;1120;1;2;1;1;2;339;RN 20;M;4863400;226600;910
2,02E+11;18;7;13;1700;1;2;1;1;7;103;RD19;M;4858700;230700;910
2,02E+11;18;7;15;725;1;2;1;1;2;552;RN 20;M;4859800;224500;910
2,02E+11;18;7;16;1124;1;2;1;1;3;425;LONGPONT (RUE DE);M;4864303;227369;910
2,02E+11;18;7;16;1530;1;2;1;1;3;103;COMMUNE DE PARIS (RUE DE;M;4859200;230200;910
2,02E+11;18;7;19;900;1;1;1;1;6;457;RD19;M;4857505;226263;910
2,02E+11;18;7;20;2307;5;2;1;1;7;333;HUIT MAI 1945 (RUE DU);M;4862080;226668;910
2,02E+11;18;7;22;1430;1;1;1;1;2;339;RN 20;M;4862080;226236;910
2,02E+11;18;7;28;1510;1;2;1;1;3;552;RN 20;M;4860843;225151;910
2,02E+11;18;7;30;745;1;1;1;1;3;425;ORLEANS (ROUTE D');M;4864912;227186;910
2,02E+11;18;7;31;1735;1;2;3;1;3;339;SABLONS (RUE DES);M;4863004;227954;910
2,02E+11;18;8;5;5;5;2;1;1;2;21;ECHANGEUR NORD RN 20;M;4859799;224469;910
2,02E+11;18;8;13;845;1;2;1;1;7;339;RN 20;M;4862855;226240;910
2,02E+11;18;8;14;1950;1;2;4;1;4;552;LEUVILLE (ROUTE DE);M;4860493;225564;910
2,02E+11;18;8;18;1200;1;2;1;1;6;21;HOCHE (AVENUE);M;4859000;225600;910
2,02E+11;18;8;23;1650;1;2;1;1;6;552;GLACIERE (RUE DE LA);M;4886275;287592;910
2,02E+11;18;8;24;1232;1;2;1;1;2;425;TEMPLIERS (ROUTE DES);M;4864700;227400;910
2,02E+11;18;8;25;2030;1;2;1;1;7;552;RN20;M;4860300;224800;910
2,02E+11;18;8;28;1900;1;2;1;1;3;425;RN20;M;4864600;227000;910
2,02E+11;18;8;31;2257;3;1;3;1;3;425;TEMPLIERS (ROUTE DES);M;4886272;228759;910
2,02E+11;18;9;1;1845;1;2;1;1;7;333;ROYAL (CHEMIN);M;4886272;228759;910
2,02E+11;18;9;3;1750;1;2;1;1;6;21;EGLY (ROUTE D');M;4858500;224300;910
2,02E+11;18;9;6;1925;1;2;1;1;3;434;DAUMONES (RUE DES);M;4862300;229800;910
2,02E+11;18;9;11;2221;5;2;1;1;5;103;CAMUS ALBERT (RUE);M;4860821;231581;910
2,02E+11;18;9;14;1115;1;2;1;1;6;103;FRANCE ANATOLE (RUE);M;4860820;230462;910
2,02E+11;18;9;15;205;5;2;6;1;7;103;RPT DU BEL HUTIN;M;4860200;230500;910
2,02E+11;18;9;18;1455;1;2;1;2;2;103;BLUM LEON (RUE);M;4861766;232013;910
2,02E+11;18;9;18;1500;1;2;1;2;2;339;RN 20;M;4862969;226313;910
2,02E+11;18;8;19;1350;1;2;1;1;2;425;RN 20;M;4864700;227100;910
2,02E+11;18;9;20;850;1;2;1;1;7;103;COCHETS (RUE DES);M;4858789;229367;910
2,02E+11;18;9;22;430;5;2;6;1;6;339;VACHERE (RUE DE LA);M;4862600;226600;910
2,02E+11;18;9;24;1225;1;2;1;1;3;21;DIVISION LECLERC (AVENUE;M;4859709;224571;910
2,02E+11;18;9;25;1600;1;2;2;1;3;347;LONGPONT (PARC DE);M;4864900;228600;910
2,02E+11;18;9;30;1350;1;2;1;1;6;103;COSSIGNY (RUE DE);M;4860350;230527;910
2,02E+11;18;10;4;820;1;2;1;1;6;425;MOUCHY (BOULEVARD);M;4864000;227300;910
2,02E+11;18;10;5;900;1;2;1;1;4;425;EUROPE (PLACE DE L');M;4886272;228759;910
2,02E+11;18;10;5;1940;5;2;1;1;6;21;JAURES JEAN (BOULEVARD);M;4858800;224500;910
2,02E+11;18;10;6;40;5;2;1;1;1;425;TEMPLIERS (ROUTE DES);M;4864617;227483;910
2,02E+11;18;10;9;830;1;2;1;1;2;339;RN 20;M;4861957;227017;910
2,02E+11;18;10;10;910;1;2;1;1;1;347;MANSARD (RUE);M;4865165;228296;910
2,02E+11;18;10;10;1140;1;2;1;1;3;21;JEAN JAURES (PASSAGE);M;4859890;224500;910
2,02E+11;18;10;11;645;4;2;6;1;4;425;BOURGUIGNONS (RUE DES);M;4864830;227467;910
2,02E+11;18;10;11;1038;1;2;1;1;6;103;BASTIE MARYSE (AVENUE);M;4860300;231100;910
2,02E+11;18;10;12;830;1;2;1;1;4;103;RD19;M;4859200;231011;910
2,02E+11;18;10;16;1445;1;2;6;1;6;103;RUE BEAU DE ROCHAS;M;4860444;232234;910
2,02E+11;18;10;18;1441;1;2;1;1;2;552;ALLENDE SALVADOR (AVENUE;M;4859200;225900;910
2,02E+11;18;10;19;807;1;2;1;1;6;21;DIVISION LECLERC (AVENUE;M;4859600;224600;910
2,02E+11;18;10;19;1510;1;2;1;1;6;425;TEMPLIERS (ROUTE DES);M;4864700;226500;910
2,02E+11;18;10;20;1150;1;1;6;1;6;457;RD19;M;4856800;226600;910
2,02E+11;18;10;24;1039;1;1;1;1;4;552;RN 20;M;4860808;227375;910
2,02E+11;18;10;25;645;4;2;1;1;2;103;RD19;M;4856800;226000;910
2,02E+11;18;10;28;2005;3;2;1;1;6;552;RN 20;M;4861183;225357;910
2,02E+11;18;10;29;1530;1;2;1;1;3;21;GRANDE (RUE);M;4858636;224606;910
2,02E+11;18;10;31;1809;3;2;1;2;6;425;RN 20;M;4864885;225675;910
2,02E+11;18;11;2;1548;1;2;1;1;2;347;TEMPLIERS (ROUTE DES);M;4864300;228200;910
2,02E+11;18;11;9;2000;3;2;1;2;6;103;RD19;M;4859500;231100;910
2,02E+11;18;11;10;1536;1;2;1;2;2;425;RN 20;M;4864900;227100;910
2,02E+11;18;11;10;2319;5;2;1;1;7;103;MAISON NEUVE (AVENUE DE;M;4858700;230500;910
2,02E+11;18;11;11;1235;1;2;1;2;2;103;MAIRIE (RUE DE LA);M;4861000;230700;910
2,02E+11;18;11;13;1245;1;2;1;1;4;21;HOCHE (AVENUE);M;4859000;225600;910
2,02E+11;18;11;13;1330;1;2;1;1;7;457;FRANCE ANATOLE (RUE);M;4858200;226500;910
2,02E+11;18;11;16;825;2;2;1;1;1;103;HUGO VICTOR (PLACE);M;4860700;230600;910
2,02E+11;18;11;17;2258;5;2;2;1;1;103;ALLENDE SALVADOR (RUE);M;4862000;231100;910
2,02E+11;18;11;18;1537;1;2;1;1;3;103;MORVAN (RUE DU);M;4858800;230500;910
2,02E+11;18;11;19;1839;5;2;1;1;6;103;GAY LUSSAC (RUE);M;4860400;230600;910
2,02E+11;18;11;20;1720;5;2;1;2;1;21;HUIT MAI 1945 (RUE DU);M;4862116;226815;910
2,02E+11;18;11;21;1840;2;2;1;1;5;457;FERTE ALAIS (ROUTE DE LA;M;4858300;225500;910
2,02E+11;18;11;28;630;5;2;1;2;6;21;GARE (PLACE DE LA);M;4858327;224411;910
2,02E+11;18;11;30;1610;1;2;1;1;6;347;VERDUN (RUE DE);M;4886272;228759;910
2,02E+11;18;12;1;50;5;1;1;1;4;552;RN 20;M;4864483;226998;910
2,02E+11;18;12;1;1210;1;2;1;2;3;103;MAISON NEUVE (AVENUE DE;M;4886272;228759;910
2,02E+11;18;12;6;1820;5;2;1;1;2;347;MONTLHERY (ROUTE DE);M;4863499;228732;910
2,02E+11;18;12;9;1450;1;2;1;1;6;552;MESNIL (RUE DU);M;4859900;227400;910
2,02E+11;18;12;13;1025;1;2;1;1;6;103;RONGIERE JEAN (RUE);M;4859300;229600;910
2,02E+11;18;12;13;1840;5;2;1;9;6;425;CLOS BOUQUET (RUE DU);M;4864109;227015;910
2,02E+11;18;12;21;1750;3;2;1;1;2;457;FERTE ALAIS (ROUTE DE LA;M;4857915;225727;910
2,02E+11;18;12;22;1900;5;2;1;1;6;425;RN 20;M;4864400;226900;910
2,02E+11;18;12;22;2319;5;2;1;1;7;103;RD19;M;4860300;231900;910
2,02E+11;18;12;24;1805;5;2;2;1;3;457;FERTE ALAIS (ROUTE DE LA;M;4858500;225300;910
2,02E+11;18;12;24;2355;5;2;1;1;1;103;VALORGE (RUE DE);M;4861700;229200;910
2,02E+11;18;12;31;1015;1;2;6;1;3;103;RD19;M;4859361;230311;910
2,02E+11;18;4;15;150;5;2;1;1;5;479;FONTAINEBLEAU (ROUTE DE);M;4873046;236755;910
2,02E+11;18;4;22;750;1;2;2;1;3;479;FONTAINEBLEAU (ROUTE DE);M;4871617;237088;910
2,02E+11;18;4;27;10;5;2;6;1;3;479;FONTAINEBLEAU (ROUTE DE);M;4871612;237099;910
2,02E+11;18;5;10;1920;1;2;1;1;6;479;EUGENE TARTASSE (RUE);M;4870876;236704;910
2,02E+11;18;5;17;138;5;2;1;1;3;27;FRANCOIS MITTERRAND (AVE;M;4870119;237180;910
2,02E+11;18;5;18;1245;1;1;1;1;4;479;FONTAINEBLEAU (AV DE);M;4874125;236352;910
2,02E+11;18;5;18;2311;5;2;1;1;6;27;FRANCOIS MITTERRAND (AVE;M;4871920;237090;910
2,02E+11;18;5;24;2245;5;2;1;1;3;27;FRANCOIS MITTERRAND (AVE;M;4871610;237100;910
2,02E+11;18;5;18;1705;1;2;6;1;3;27;ALBERT SARRAULT (PLACE);M;4870890;238240;910
2,02E+11;18;6;22;1435;1;2;3;1;3;27;MARCEL SEMBAT (AVENUE);M;4870702;237594;910
2,02E+11;18;6;26;1835;1;2;1;1;6;27;BLUM (AVENUE LEON);M;4870910;238280;910
2,02E+11;18;6;26;2030;1;2;2;1;3;479;JEAN JAURES (AVENUE);M;4870660;236410;910
2,02E+11;18;6;29;840;1;2;1;1;3;27;FRANCOIS MITTERRAND (AVE;M;4871440;237120;910
2,02E+11;18;6;29;2345;5;2;1;1;3;27;MITTERAND (AVENUE FRANCO;M;4870280;237170;910
2,02E+11;18;7;4;1045;1;2;1;1;4;479;FONTAINEBLEAU (ROUTE DE);M;4871322;237100;910
2,02E+11;18;7;10;1945;1;1;1;1;5;479;FONTAINEBLEAU (ROUTE DE);M;4873530;236550;910
2,02E+11;18;7;17;1355;1;2;1;1;4;27;FRANCOIS MITTERRAND (AVE;M;4870579;237116;910
2,02E+11;18;8;2;840;1;2;3;1;3;479;VICTOR HUGO (AVENUE);M;4870871;236311;910
2,02E+11;18;8;9;1400;1;2;1;2;3;27;FRANCOIS MITTERRAND (AVE;M;4869820;237180;910
2,02E+11;18;9;4;1540;1;2;1;1;2;479;VERDUN (AVENUE);M;4870575;236029;910
2,02E+11;18;9;6;2040;5;2;2;1;3;27;BENARD (AVENUE JEAN-PIER;M;4870997;238560;910
2,02E+11;18;9;11;1805;1;2;1;7;6;479;GENERAL DE GAULLE (AVENU;M;4870452;235394;910
2,02E+11;18;9;16;1430;1;2;1;1;6;27;MORANGIS (AVENUE DE);M;4870559;236391;910
2,02E+11;18;10;2;200;5;2;1;1;4;27;MITTERAND (AVENUE FRANCO;M;4870860;237400;910
2,02E+11;18;10;5;1740;1;2;4;1;3;479;VERDUN (AVENUE);M;4870564;235970;910
2,02E+11;18;10;9;2240;5;2;1;1;7;27;MARCEL SEMBAT (AVENUE);M;4870590;231718;910
2,02E+11;18;10;22;1140;1;2;1;2;2;27;FRANCOIS MITTERRAND (AVE;M;4870557;237162;910
2,02E+11;18;10;22;1715;1;2;3;1;6;27;JULES VALLES (AVENUE);M;4870510;238200;910
2,02E+11;18;10;29;2330;5;2;2;3;3;479;FONTAINEBLEAU (ROUTE DE);M;4871598;237081;910
2,02E+11;18;11;5;2245;5;2;1;1;1;27;QUAI DE SEINE (VOIE COMM;M;4871690;241067;910
2,02E+11;18;11;10;1325;1;2;2;2;3;27;DEMANGE (RUE PAUL);M;4871609;237089;910
2,02E+11;18;11;11;40;5;2;6;2;6;479;ARISTIDE BRIAND (AVENUE);M;4870932;236697;910
2,02E+11;18;11;13;2055;5;2;1;1;3;27;DUNANT (AVENUE HENRI);M;4871296;239486;910
2,02E+11;18;11;25;350;5;2;1;2;2;27;MITTERAND (AVENUE FRANCO;M;4870077;237150;910
2,02E+11;18;11;26;1730;2;2;1;2;6;27;BENARD (AVENUE JEAN-PIER;M;4871101;238298;910
2,02E+11;18;11;30;740;5;2;1;1;3;27;FRANCOIS MITTERRAND (AVE;M;4871501;237111;910
2,02E+11;18;11;30;1310;1;1;1;1;2;479;FONTAINEBLEAU (ROUTE DE);M;4872002;237062;910
2,02E+11;18;12;4;1125;1;2;2;8;3;27;MITTERAND (AVENUE FRANCO;M;4871617;237087;910
2,02E+11;18;12;7;1355;1;2;1;3;2;27;BRIAND (AVENUE ARISTIDE);M;4870593;238914;910
2,02E+11;18;12;9;2055;5;2;1;1;3;479;FONTAINEBLEAU (ROUTE DE);M;4871296;237117;910
2,02E+11;18;12;19;1355;1;2;2;2;3;27;BARBUSSE (RUE HENRI);M;4870097;236015;910
2,02E+11;18;12;26;715;5;2;2;1;3;479;FONTAINEBLEAU (ROUTE DE);M;4871610;237050;910
2,02E+11;18;12;31;1220;1;2;1;8;4;27;MITTERAND (AVENUE FRANCO;M;4870690;237151;910
2,02E+11;18;1;3;1725;5;2;1;1;6;514;BOUSSY SAINT ANTOINE (RO;M;4867703;253639;910
2,02E+11;18;1;8;1835;5;2;1;1;6;97;JEAN MOULIN (AVENUE);M;4868238;253127;910
2,02E+11;18;1;19;750;2;2;1;2;2;687;142  GENERAL LECLERC (AV;M;4868295;237714;910
2,02E+11;18;2;1;705;5;2;1;2;3;114;GENERAL LECLERC (AVENUE;M;4869427;250626;910
2,02E+11;18;2;16;620;5;2;6;1;6;114;WITTLICH (ROND POINT);M;4869463;250242;910
2,02E+11;18;2;25;1725;1;2;1;1;2;114;CHARLES CHRISTOFLE (AVEN;M;4870350;249380;910
2,02E+11;18;2;26;1915;5;2;3;1;6;114;70  VILLECRESNES (RUE);M;4870786;251325;910
2,02E+11;18;3;9;735;2;2;1;1;3;514;MARCEL PAGNOL (RUE);M;4867840;252970;910
2,02E+11;18;3;9;2010;3;2;1;2;1;514;31  PIERREUX (RUE DES);M;4867840;253899;910
2,02E+11;18;3;14;930;1;2;1;1;2;114;PONT PERRONNET (RUE DU);M;4869579;250282;910
2,02E+11;18;3;21;1410;1;2;1;1;2;114;PIERRE PROST (AVENUE);M;4869948;249385;910
2,02E+11;18;4;3;815;1;2;1;1;3;114;MONTGERON (RUE DE);M;4869160;249360;910
2,02E+11;18;4;6;845;1;2;1;1;3;514;BRUNOY (RUE DE);M;4867918;252596;910
2,02E+11;18;4;8;1735;1;2;1;8;3;514;COMBS LA VILLE (RUE DE);M;4866910;254300;910
2,02E+11;18;4;10;1035;1;2;1;9;6;97;CORA ET SON PARKING;M;4868280;253685;910
2,02E+11;18;4;13;2205;5;2;1;1;5;514;COMBS LA VILLE (RUE DE);M;4867062;254136;910
2,02E+11;18;4;27;1300;1;2;1;1;6;514;COMBS LA VILLE (RUE DE);M;4867130;253980;910
2,02E+11;18;4;28;1930;1;2;1;1;1;215;MARECHAL NEY (RUE DU);M;4869100;250965;910
2,02E+11;18;5;2;920;1;1;1;1;4;514;ROUTE NATIONALE 6;M;4866589;251158;910
2,02E+11;18;5;2;1525;1;2;1;1;2;215;QUINCY (RUE DE);M;4868630;251150;910