Num_Acc;an;mois;jour;hrmn;lum;agg;int;atm;col;com;adr;gps;lat;long;dep
2,02E+11;18;9;4;1630;1;2;1;1;3;434;SALVADOR ALLENDE (RUE);M;4865209;235145;910
2,02E+11;18;9;8;2005;2;2;1;1;6;687;MARSEILLE (AVENUE DE);M;4866924;236201;910
2,02E+11;18;9;10;1810;1;2;3;1;1;687;GENERAL DE GAULLE (AVENU;M;4868135;237866;910
2,02E+11;18;9;21;700;5;2;6;2;1;286;PLESSIS (CHEMIN DU);M;4865047;238749;910
2,02E+11;18;9;21;830;2;2;1;3;6;326;ESTIENNE D'ORVES (AVENUE;M;4869148;237855;910
2,02E+11;18;9;21;1307;1;2;1;1;6;286;EMILE ALLIAUD (AVENUE);M;4864763;236766;910
2,02E+11;18;9;23;1600;1;2;1;3;2;326;GABRIEL PERI (AVENUE);M;4869798;237159;910
2,02E+11;18;9;30;1100;1;2;1;7;6;434;DANIELLE CASANOVA (RUE);M;4865746;235894;910
2,02E+11;18;10;3;645;5;2;1;2;4;326;MONTTESSUY (RUE);M;4868625;238374;910
2,02E+11;18;10;4;1635;1;2;1;1;6;326;MONTTESSUY (RUE DE);M;4868950;238560;910
2,02E+11;18;10;4;1734;1;2;1;7;1;687;MARGOT (RUE);M;4867113;237149;910
2,02E+11;18;10;5;900;1;2;4;1;3;434;CORBEIL (ROUTE DE);M;4860000;230000;910
2,02E+11;18;10;5;1300;1;2;2;1;3;434;FORET (AVENUE DE LA);M;4865178;236084;910
2,02E+11;18;10;6;1900;1;2;1;1;6;286;PIERRE BROSSOLETTE (RUE);M;4865617;238720;910
2,02E+11;18;10;9;710;2;2;1;1;6;687;GABRIEL PERI (Bld);M;4868108;237860;910
2,02E+11;18;10;9;1650;1;2;1;1;3;286;PASTEUR (RUE);M;4865424;239558;910
2,02E+11;18;10;13;2145;5;2;1;1;6;687;MARTYRS DE CHATEAUBRIANT;M;4867300;237500;910
2,02E+11;18;10;17;810;2;2;1;1;3;326;MONTTESSUY (RUE DE);M;4868531;238329;910
2,02E+11;18;7;26;1700;1;2;1;1;6;687;DE FLEURY (ROUTE );M;4865669;237134;910
2,02E+11;18;10;20;1820;1;2;6;1;6;286;RD445;M;4865601;237182;910
2,02E+11;18;10;29;2000;5;2;1;1;1;687;ALEXANDRE BOUTON (BOULEV;M;4860000;237000;910
2,02E+11;18;11;1;1537;1;2;6;2;3;286;EMILE ALLIAUD (AVENUE);M;4864964;238370;910
2,02E+11;18;11;9;1630;1;2;1;1;6;286;PLESSIS (CHEMIN DU);M;4865300;238477;910
2,02E+11;18;11;10;1910;3;2;1;1;2;286;PREMIERE ARMEE (AVENUE);M;4865945;240007;910
2,02E+11;18;11;13;1630;1;2;1;1;6;687;SAVIGNY (RUE DE);M;4868364;237281;910
2,02E+11;18;11;13;1000;1;2;1;2;3;326;COUR DE FRANCE (AVENUE D;M;4869662;237187;910
2,02E+11;18;11;19;1825;5;2;1;1;2;326;COUR DE FRANCE (AVENUE D;M;4869503;237140;910
2,02E+11;18;11;29;2350;5;2;1;1;3;687;MARMONT (AVENUE);M;4866629;237660;910
2,02E+11;18;11;30;2050;5;1;1;1;4;326;COUR DE FRANCE (AVENUE D;M;4868000;237000;910
2,02E+11;18;12;1;1255;1;2;1;2;1;687;VICTOR BASCH (RUE);M;4868281;238940;910
2,02E+11;18;12;2;2150;5;2;1;2;1;687;VICTOR BASCH (RUE);M;4868290;238110;910
2,02E+11;18;12;14;920;1;2;1;1;6;687;CARNOT (RUE);M;4867883;238276;910
2,02E+11;18;12;14;1850;5;2;1;1;5;687;GENERAL DE GAULLE (AVENU;M;4867820;238280;910
2,02E+11;18;12;19;900;1;2;2;8;3;687;PASSERELLE (AVENUE DE LA;M;4868260;237330;910
2,02E+11;18;12;25;1730;2;2;1;1;5;687;SAVIGNY (RUE DE);M;4866695;235395;910
2,02E+11;18;12;26;1500;1;2;1;1;6;687;PRESIDENT KENNEDY (AVENU;M;4866334;236868;910
2,02E+11;18;1;13;1830;5;2;2;1;2;161;43  OLLIVIER BEAUREGARD;M;4870455;231623;910
2,02E+11;18;2;16;1905;3;2;1;1;6;345;CATHELIN DR (BOULEVARD D;M;4868684;229101;910
2,02E+11;18;2;27;1555;1;1;1;1;5;161;RD 118;M;4871417;231961;910
2,02E+11;18;2;28;705;2;2;1;1;6;161;MAZARIN (AVENUE);M;4870599;231352;910
2,02E+11;18;3;5;1400;1;1;1;1;3;161;1  LONGJUMEAU (route de);M;4871509;229812;910
2,02E+11;18;3;20;1130;1;2;1;1;6;161;1  MASSY (ROUTE DE);M;4871377;230124;910
2,02E+11;18;3;22;1800;1;2;1;1;6;161;RP D167 / D120;M;4871130;231037;910
2,02E+11;18;3;25;1635;1;1;1;1;6;161;1  LONGJUMEAU (route de);M;4871050;229762;910
2,02E+11;18;3;31;1342;1;1;1;1;1;161;RD 118;M;4871350;231774;910
2,02E+11;18;4;20;1510;1;2;1;1;1;345;CORBEIL (ROUTE DE);M;4869242;229685;910
2,02E+11;18;5;3;1150;1;2;1;1;3;161;HELENE BOUCHER (RUE);M;4871749;230442;910
2,02E+11;18;5;20;1355;1;2;1;1;6;161;GRAVIGNY (RUE DE);M;4869593;230676;910
2,02E+11;18;5;20;2105;2;2;7;1;2;161;LIBERATION (PLACE  AVENU;M;4870252;232075;910
2,02E+11;18;6;7;700;1;2;1;1;5;161;MAZARIN (AVENUE);M;4870367;231810;910
2,02E+11;18;6;14;1640;1;2;3;8;2;161;PIERRE BROSSOLETTE (AVEN;M;4870007;230669;910
2,02E+11;18;6;18;1230;1;2;1;1;3;345;CORBEIL (ROUTE DE);M;4868091;231407;910
2,02E+11;18;6;19;1520;1;2;1;1;4;345;PRESIDENT FRANCOIS MITTE;M;4869257;229117;910
2,02E+11;18;7;15;1940;1;2;5;1;2;161;PIERRE BROSSOLETTE (AVEN;M;4869958;231179;910
2,02E+11;18;7;19;1600;1;2;1;1;3;161;PIERRE BROSSOLETTE (AVEN;M;4869961;231114;910
2,02E+11;18;7;22;1910;1;2;1;1;3;161;EDOUETS (RUE DES);M;4871459;232394;910
2,02E+11;18;8;1;2100;1;2;1;1;2;345;GENERAL DE GAULLE (AVENU;M;4869636;229893;910
2,02E+11;18;8;7;1730;1;2;1;1;3;345;PRESIDENT FRANCOIS MITTE;M;4870015;229633;910
2,02E+11;18;8;18;1352;1;2;1;1;6;161;MAZARIN (AVENUE);M;4870743;231143;910
2,02E+11;18;9;1;1545;1;2;1;1;2;345;COPERNIC (RUE);M;4868690;231918;910
2,02E+11;18;9;1;2030;3;2;2;1;3;345;LIERON (RUE);M;4869341;229113;910
2,02E+11;18;9;6;1900;1;2;4;1;2;161;DIVISION LECLERC (RUE DE;M;4869967;231612;910
2,02E+11;18;9;28;1615;1;1;1;1;3;161;RD 118;M;4871461;232380;910
2,02E+11;18;10;2;1730;1;2;1;1;6;161;EUROPE (RUE DE L');M;4870688;232311;910
2,02E+11;18;10;3;1320;1;2;1;8;6;345;CHARLES STEBER (PLACE);M;4869784;229415;910
2,02E+11;18;10;10;1315;1;2;1;1;3;161;LONGJUMEAU (route de);M;4871316;229806;910
2,02E+11;18;10;27;1920;3;1;1;1;5;161;MASSY (ROUTE DE);M;4871223;230814;910
2,02E+11;18;11;20;745;5;2;2;2;6;345;PRESIDENT FRANCOIS MITTE;M;4869975;229617;910
2,02E+11;18;11;20;1035;1;2;1;2;3;161;MAZARIN (AVENUE);M;4870296;231971;910
2,02E+11;18;11;22;930;1;2;1;8;2;161;PIERRE BROSSOLETTE (AVEN;M;4869974;231221;910
2,02E+11;18;11;21;1744;5;2;1;1;6;161;MAZARIN (AVENUE);M;4870337;231908;910
2,02E+11;18;12;5;2330;5;2;6;2;6;161;GUYNEMER (RUE);M;4871504;230033;910
2,02E+11;18;12;21;1220;1;1;1;2;6;161;MARAIS (RUE DES);M;4869130;231302;910
2,02E+11;18;1;10;1645;1;1;1;1;2;377;VALLEE DE LA BIEVRE (VOI;M;4873686;224597;910
2,02E+11;18;1;9;1715;2;2;6;2;5;377;MARTYRS DE SOWETO (AVENU;M;4873260;226622;910
2,02E+11;18;2;23;1010;1;2;1;1;6;689;LAVOISIER (AVENUE);M;4872875;231930;910
2,02E+11;18;3;6;1335;1;2;1;1;3;377;27  CARNOT (AVENUE);M;4872626;226279;910
2,02E+11;18;3;7;900;1;1;1;2;3;377;LECLERC (AVENUE DU MAREC;M;4873006;230059;910
2,02E+11;18;3;19;1805;1;2;1;1;6;377;HUIT MAI 1945 (RUE DU);M;4872840;227435;910
2,02E+11;18;3;17;1840;5;2;2;3;3;345;PASTEUR (RUE);M;4869178;229538;910
2,02E+11;18;4;18;1500;1;2;7;1;6;377;FRANCE (AVENUE DE);M;4873370;229033;910
2,02E+11;18;4;20;1630;1;2;1;1;3;377;CARNOT (AVENUE);M;4872917;226698;910
2,02E+11;18;4;30;1600;1;1;1;2;3;377;BRIIS (VOIE DE);M;;;910
2,02E+11;18;5;5;1935;1;2;1;1;4;377;SAINT-MARC (AVENUE);M;4872860;228890;910
2,02E+11;18;6;4;1645;1;2;1;1;6;377;CARNOT (AVENUE);M;4872627;226297;910
2,02E+11;18;6;13;1750;1;1;1;8;6;377;LECLERC (AVENUE DU MAREC;M;4872593;229979;910
2,02E+11;18;6;27;710;1;2;6;1;3;377;ALLENDE (AVENUE DU PRESI;M;4873000;226130;910
2,02E+11;18;7;12;1350;1;2;3;1;3;377;DE LATTRE DE TASSIGNY (A;M;4872530;228341;910
2,02E+11;18;7;18;1729;1;1;1;1;1;689;ARAGO (BOULEVARD);M;4872950;231769;910
2,02E+11;18;8;11;755;1;1;2;1;3;377;LECLERC (AVENUE DU MAREC;M;4873000;230000;910
2,02E+11;18;8;25;825;1;2;1;1;3;377;LECLERC (AVENUE DU MAREC;M;4873616;230155;910
2,02E+11;18;9;13;2000;5;2;3;1;3;689;BIGOURDAN (RUE GUILLAUME;M;4873380;233510;910
2,02E+11;18;9;25;2100;5;2;1;1;3;377;EUROPE (AVENUE DE L');M;4872691;227780;910
2,02E+11;18;10;1;810;1;2;1;1;6;377;PARIS (RUE DE);M;4872287;226234;910
2,02E+11;18;10;4;1840;1;2;1;1;5;377;BONDE (ROUTE DE LA);M;4871990;227950;910
2,02E+11;18;10;12;1500;1;2;7;1;7;377;ALLENDE (AVENUE DU PRESI;M;4870000;225000;910
2,02E+11;18;11;7;1010;1;2;1;3;2;689;RUE DU PEROU;M;4872142;230344;910
2,02E+11;18;11;8;1815;5;1;1;1;6;377;PONT DE PIERRE (RUE DU);M;4873963;227538;910
2,02E+11;18;12;18;830;1;2;1;1;6;377;PARIS (RUE DE);M;4873708;224352;910
2,02E+11;18;11;15;1900;2;2;6;1;6;377;SAINT-MARC (AVENUE);M;4872978;228841;910
2,02E+11;18;1;2;1910;5;2;1;1;6;421;CHARLES DE GAULLE (AVENU;M;4869766;246076;910
2,02E+11;18;1;8;840;1;2;3;1;6;691;PIERRE BROSSOLETTE(RUE);M;4870064;248208;910
2,02E+11;18;1;20;1620;1;2;1;2;6;421;04  GENERAL LECLERC (RUE;M;4870561;246168;910
2,02E+11;18;1;8;1945;5;2;1;1;4;691;GARE(RUE);M;4870698;248528;910
2,02E+11;18;1;25;110;5;2;1;3;2;421;119  CORBEIL (ROUTE DE);M;4870567;243926;910
2,02E+11;18;1;25;725;4;1;1;3;2;421;RN6 (PARTIE FORET);M;4868957;247767;910
2,02E+11;18;1;28;1325;1;2;1;1;6;421;81  REPUBLIQUE (AVENUE D;M;4870562;245780;910
2,02E+11;18;1;16;615;4;1;1;1;3;421;RN6 (PARTIE FORET);M;4869014;246122;910
2,02E+11;18;1;17;1700;2;2;1;1;2;421;88  REPUBLIQUE (AVENUE D;M;4870566;445782;910
2,02E+11;18;1;18;1845;1;2;1;1;3;421;4  GASTON MANGIN (RUE);M;4871029;244510;910
2,02E+11;18;2;11;2055;5;2;3;1;3;421;REPUBLIQUE (AVENUE DE LA;M;4870277;246307;910
2,02E+11;18;2;18;1755;1;2;2;1;3;691;PIERRE BROSSOLETTE(RUE);M;4869978;247514;910
2,02E+11;18;1;11;2030;5;2;1;1;3;421;113  REPUBLIQUE (AVENUE;M;4870204;246440;910
2,02E+11;18;2;18;1440;1;2;1;1;2;421;RN6 (PARTIE FORET);M;4869062;245542;910
2,02E+11;18;2;23;1300;1;2;4;1;3;691;GARE (RUE DE LA);M;4870755;248278;910
2,02E+11;18;3;5;1530;1;2;2;1;3;421;RAYMOND PAUMIER (RUE);M;4870375;244339;910
2,02E+11;18;3;5;1435;1;2;1;1;6;421;MAURICE GARIN (PISTE CYC;M;4871892;244153;910
2,02E+11;18;2;23;1345;1;1;1;1;4;421;NATIONALE 6 (CES POMPIDO;M;4869375;244814;910
2,02E+11;18;3;18;2005;5;2;1;8;6;691;RESISTANCE(AVENUE);M;4869945;246773;910
2,02E+11;18;3;19;1825;1;1;1;8;6;421;NATIONALE 6 (GLACIERE);M;4870740;244234;910
2,02E+11;18;3;27;1330;1;2;1;1;6;421;REPUBLIQUE (AVENUE DE LA;M;4870765;245427;910
2,02E+11;18;3;31;1743;1;2;6;1;3;691;10  PASTEUR(ROND POINT);M;4869460;248272;910
2,02E+11;18;2;25;1855;1;2;1;1;3;421;4  CORBEIL (ROUTE DE);M;4871482;244334;910
2,02E+11;18;4;12;1745;1;1;1;2;3;421;N6 (CES POMPIDO;M;4868568;248723;910
2,02E+11;18;4;16;1850;1;2;1;1;6;691;CONCY(RUE);M;4870777;248185;910
2,02E+11;18;4;22;2130;3;2;1;1;2;421;N6 (GLACIERE);M;4870803;244273;910
2,02E+11;18;4;24;1800;1;2;1;1;6;691;MARCEAU BALLIOT(RUE);M;4871076;248889;910
2,02E+11;18;4;30;1220;1;2;3;2;5;421;MARECHAL FOCH (AVENUE DU;M;4870854;246374;910
2,02E+11;18;5;8;1010;1;2;1;1;1;421;CHATEAU (ROUTE FORESTIER;M;4869514;246495;910
2,02E+11;18;5;12;1315;1;1;1;1;6;421;RN6 (GLACIERE);M;4870279;244381;910
2,02E+11;18;5;16;1725;1;1;1;1;3;421;NATIONALE 6 (GLACIERE);M;4870862;244202;910
2,02E+11;18;5;20;1957;1;2;1;7;6;191;Jean Jaures (Avenue);M;4871287;246484;910
2,02E+11;18;6;1;1725;1;2;1;1;3;421;REPUBLIQUE (AVENUE DE LA;M;4870000;245000;910
2,02E+11;18;6;7;810;1;2;3;1;1;691;GOURGAUD(AVENUE);M;4873173;250855;910
2,02E+11;18;6;18;1150;1;2;1;1;4;421;NATIONALE 6 (PARTIE FORE;M;4868442;249082;910
2,02E+11;18;6;21;2330;3;1;1;1;6;421;NATIONALE 6 (GLACIERE);M;4870000;244000;910
2,02E+11;18;6;22;2010;1;2;1;1;3;421;NATIONALE 6 (CES POMPIDO;M;4868980;246182;910
2,02E+11;18;6;24;2310;3;1;1;1;6;421;NATIONALE 6 (PARTIE FORE;M;4868906;247966;910
2,02E+11;18;6;19;1520;1;2;1;1;6;421;LECLERC (CENTRE COMMERCI;M;4871542;244578;910
2,02E+11;18;6;28;830;1;2;3;1;6;421;GENERAL LELONG (RUE DU);M;4870119;246600;910
2,02E+11;18;7;10;1000;1;2;1;1;5;691;GENERAL LECLER(Av);M;4871389;247200;910
2,02E+11;18;7;10;1215;1;2;1;1;2;421;NATIONALE 6 (PARTIE FORE;M;4869310;244920;910
2,02E+11;18;7;11;1640;1;2;2;1;3;691;RAYMOND POINCARE(RUE);M;4870993;249876;910
2,02E+11;18;8;6;1310;1;2;3;1;6;421;CHALANDRAY (RUE DE);M;4870390;246390;910
2,02E+11;18;8;17;1910;1;2;6;1;3;691;GAMBETTA(PLACE);M;4870122;248651;910
2,02E+11;18;8;28;1015;1;2;1;1;3;191;Jean Jaures (Avenue);M;4871617;245836;910
2,02E+11;18;8;31;2045;5;2;1;1;1;421;SAULES (CHEMIN DES);M;4869355;244749;910
2,02E+11;18;9;5;1900;1;2;1;1;3;421;CORBEIL (ROUTE DE);M;4871242;244354;910
2,02E+11;18;9;5;1910;1;2;1;1;1;421;YERRES (RUE D');M;4870563;247697;910
2,02E+11;18;9;6;2020;2;2;1;1;6;421;QUICONCES (RUE DES);M;4870122;245470;910
2,02E+11;18;9;6;2015;2;2;1;1;6;421;QUICONCES (RUE DES);M;4870225;246410;910
2,02E+11;18;9;21;830;1;2;6;2;5;691;GABRIEL PERI(RUE) DU Nш1;M;4870160;248693;910
2,02E+11;18;9;25;1045;1;2;3;1;3;421;GENERAL LECLERC (RUE DU);M;4870668;246224;910
2,02E+11;18;9;27;820;1;2;1;1;2;691;GENERAL DE GAULLE (rue;M;4871638;248891;910
2,02E+11;18;10;3;1705;1;1;1;8;4;421;RN6 (FORET);M;4868970;246870;910
2,02E+11;18;10;4;855;1;1;1;1;4;691;GRANGE(AVENUE);M;4873186;249799;910
2,02E+11;18;10;6;1830;1;2;1;1;2;421;JEAN JAURES (AVENUE);M;4871843;244460;910
2,02E+11;18;10;10;835;1;2;1;1;2;421;REPUBLIQUE (AVENUE DE LA;M;4869990;246800;910
2,02E+11;18;10;28;2335;3;1;1;1;2;421;RN 6 (CES POMPIDO;M;4870129;244386;910
2,02E+11;18;11;7;1815;5;2;1;1;2;421;CHALANDRAY (RUE DE);M;4870360;246576;910
2,02E+11;18;11;10;1245;1;2;1;2;2;421;JEAN JAURES (AVENUE);M;4871928;244413;910
2,02E+11;18;11;12;1745;5;2;6;1;3;691;ROND POINT DU QUEBEC;M;4870690;249630;910
2,02E+11;18;11;16;1430;1;2;2;8;3;421;LUCIE (AVENUE);M;4869700;246768;910
2,02E+11;18;11;12;1745;3;1;1;1;2;421;RN 6 (CES POMPIDO;M;4869572;244602;910
2,02E+11;18;12;4;1210;1;1;1;1;5;421;RN 6 (REVEIL MATI;M;4871900;244200;910
2,02E+11;18;12;13;830;1;2;3;1;6;421;REPUBLIQUE (AVENUE DE LA;M;4870682;245570;910
2,02E+11;18;12;13;1120;1;1;1;1;2;421;RN 6 (CES POMPIDO;M;4869702;245407;910
2,02E+11;18;12;13;1930;5;2;7;1;3;421;EUROPE (PLACE DE L');M;4870491;245377;910
2,02E+11;18;12;17;755;3;1;1;1;2;421;RN 6 (REVEIL MATI;M;4871779;244295;910
2,02E+11;18;12;22;1025;1;1;1;1;2;421;RN 6 (PARTIE FORET);M;4868249;249116;910
2,02E+11;18;12;22;1050;1;1;1;1;4;421;RN 6 (PARTIE FORET);M;4868950;247303;910
2,02E+11;18;12;27;1940;5;1;3;1;3;692;TROPIQUES (AVENUE DES);M;4868471;219392;910
2,02E+11;18;2;1;1200;1;2;2;1;3;645;11  GEORGES POMPIDOU (AV;M;4874522;228301;910
2,02E+11;18;2;1;905;1;2;3;1;6;64;PETIT BIEVRES (RUE DU);M;4875243;221479;910
2,02E+11;18;2;18;1400;1;2;1;1;6;64;66  PARIS (RUE DE);M;4876071;222203;910
2,02E+11;18;2;24;537;5;2;1;1;7;477;168  GENERAL LECLERC (AV;M;4870213;222111;910
2,02E+11;18;12;4;1800;2;2;1;1;6;692;BERRY (AVENUE DU);M;4868271;216715;910
2,02E+11;18;12;13;1030;1;1;1;1;2;471;FAC D ORSAY;M;4870300;217810;910
2,02E+11;18;1;5;730;5;2;6;1;3;477;STALINGRAD (AVENUE DE);M;4871420;225825;910
2,02E+11;18;3;19;1120;1;2;3;8;3;312;LESCOT (RUE PIERRE);M;4873336;222493;910
2,02E+11;18;3;19;1252;1;2;1;1;7;471;LOUIS SCOCARD (RUE);M;4869432;218256;910
2,02E+11;18;3;25;715;5;2;1;1;3;477;54  GUTEMBERG (RUE);M;4871058;225265;910
2,02E+11;18;4;6;839;1;2;1;7;6;477;GUTENBERG (RUE);M;4871099;224974;910
2,02E+11;18;4;18;1751;1;2;1;1;4;477;GUTENBERG (RUE);M;4870871;225629;910
2,02E+11;18;4;27;2040;2;2;1;1;1;471;YVETTE (RUE DE L');M;4870042;218630;910
2,02E+11;18;4;16;1805;1;2;1;1;6;645;HENRI BOURRELIER (RUE);M;4874821;227422;910
2,02E+11;18;5;3;755;1;2;1;1;7;477;MARNIERES (rue des);M;4879117;228141;910
2,02E+11;18;4;29;1730;1;2;1;2;6;477;PLACE DE LA VICTOIRE;M;4871228;224288;910
2,02E+11;18;5;14;840;1;2;1;2;3;312;JEAN JAURES (AVENUE);M;4873699;223600;910
2,02E+11;18;5;20;1930;1;2;2;7;1;645;POMPIDOU (AVENUE GEORGES;M;4875157;227777;910
2,02E+11;18;6;8;1756;1;2;6;1;3;477;GUTENBERG (RUE);M;4870798;225802;910
2,02E+11;18;6;21;2045;1;2;1;1;3;471;LOUIS SCOCARD (RUE);M;4869402;218233;910
2,02E+11;18;6;25;1320;1;2;1;1;7;477;LOZERE (BOULEVARD DE);M;4870575;223094;910
2,02E+11;18;7;3;1836;1;2;1;1;3;477;PREMIER MAI (AVENUE DU);M;4871015;225687;910
2,02E+11;18;8;27;730;1;1;1;1;3;692;RD 446;M;4867130;219457;910
2,02E+11;18;9;20;835;1;2;1;1;3;692;LAPONIE (AVENUE DE);M;4868860;220162;910
2,02E+11;18;9;26;700;2;2;6;1;3;471;MONTHLERY (ROUTE DE);M;4868446;218870;910
2,02E+11;18;8;23;1347;1;2;1;1;3;64;VAUBOYEN (RUE DE);M;4875697;220172;910
2,02E+11;18;11;17;1220;1;2;3;1;6;477;CARNOT (RUE);M;4871310;224431;910
2,02E+11;18;11;30;1405;1;2;1;1;3;692;TROPIQUES (AVENUE DES);M;4868458;219024;910
2,02E+11;18;12;10;1035;1;2;1;1;6;692;CENTRE COMMERCIAL ULIS I;M;4867551;217219;910
2,02E+11;18;12;22;840;1;2;1;1;6;645;MARECHAL FOCH (BOULEVARD;M;4874466;226799;910
2,02E+11;18;12;23;1145;1;1;1;1;1;64;FAVREUSE (ROUTE DE);M;4874394;218943;910
2,02E+11;18;1;11;1910;5;1;1;9;3;549;27  CORBEIL (ROUTE DE);M;4864787;233584;910
2,02E+11;18;1;21;1340;1;2;1;2;7;216;RD 257;M;4866000;233000;910
2,02E+11;18;2;5;1750;2;2;2;1;3;549;50  EPERON (AVENUE DE L';M;4864305;234158;910
2,02E+11;18;2;23;1210;1;1;6;1;3;549;ROND POINT CD 117;M;4862549;233950;910
2,02E+11;18;3;2;705;5;2;2;2;3;549;SAINT MICHEL (BOULEVARD);M;4865012;230896;910
2,02E+11;18;3;3;1930;3;2;1;1;3;549;JACQUES DUCLOS (AVENU;M;4863532;235358;910
2,02E+11;18;3;14;1039;1;2;1;1;6;549;59  GABRIEL PERI (AVENUE;M;4865000;231939;910
2,02E+11;18;4;21;1540;1;2;1;1;3;216;GRANDE RUE;M;4867257;232858;910
2,02E+11;18;5;1;1350;1;2;1;1;5;549;LONGPONT (ROUTE DE);M;4865636;231710;910
2,02E+11;18;5;2;1840;1;2;2;1;3;549;GRIGNY (RUE DE);M;4864620;233958;910
2,02E+11;18;5;4;1218;1;2;6;1;3;549;PRESIDENT SALVADOR ALLEN;M;4864078;232590;910
2,02E+11;18;6;16;1225;1;2;1;1;1;570;SAINT SAENS (av);M;4863526;232018;910
2,02E+11;18;6;24;1635;1;2;1;1;3;570;BOIELDIEU (RUE);M;4863052;232052;910
2,02E+11;18;6;29;2100;1;2;1;1;3;549;LIERS (RUE DE);M;4862937;233520;910
2,02E+11;18;7;17;1857;1;2;1;1;1;685;CROIX (VOIE);M;4866131;230535;910
2,02E+11;18;8;1;1950;1;2;2;1;1;685;CHASSE (ROUTE);M;4865978;230620;910
2,02E+11;18;10;15;1700;1;2;1;1;6;549;ROGER VAILLANT (RUE);M;4864110;234289;910
2,02E+11;18;10;16;1035;1;2;6;2;3;549;JARDIN PUBLIC (RUE DU);M;4864876;231834;910
2,02E+11;18;10;16;2155;5;2;3;1;3;549;AVENUE GABRIEL PERI;M;4864849;232251;910
2,02E+11;18;10;9;1735;1;2;1;1;3;570;CONDORCET (AVENUE);M;4862249;232111;910
2,02E+11;18;10;17;1840;1;2;1;1;6;216;CORBEIL (RUE);M;4866936;233285;910
2,02E+11;18;10;18;1655;1;2;1;1;6;570;MARE DES BORDES (RUE);M;4863010;232408;910
2,02E+11;18;11;25;1500;1;2;2;8;3;667;VILLIERS (AVENUE);M;4865501;233114;910
2,02E+11;18;11;29;1525;1;2;1;1;6;667;CORBEIL (ROUTE);M;4866630;233445;910
2,02E+11;18;12;21;923;1;2;9;2;6;216;CORBEIL (RUE);M;4866666;233950;910
2,02E+11;18;1;3;2025;5;2;2;2;3;432;1  COUR DE FRANCE (AVENU;M;4869508;233454;910
2,02E+11;18;1;9;1610;1;2;3;1;6;589;111  BRIAND (BOULEVARD A;M;4868612;235008;910
2,02E+11;18;1;10;1910;5;2;2;8;6;589;MISTRAL (RUE);M;4868664;235252;910
2,02E+11;18;1;15;1540;1;2;2;2;3;432;53  COUR DE FRANCE (AVEN;M;4869658;233032;910
2,02E+11;18;1;23;1630;1;2;1;2;6;589;02  OUZILLEAU (AV HENR;M;4867324;234032;910
2,02E+11;18;1;25;1250;1;2;2;2;3;432;1  PASCAL (AVENUE BLAISE;M;4869584;233461;910
2,02E+11;18;1;25;1700;2;2;2;8;5;589;3  BRIAND (BOULEVARD ARI;M;4868099;234269;910
2,02E+11;18;2;14;1615;1;2;1;1;1;589;MEZARD (RUE LOUIS JACQUE;M;4867673;235253;910
2,02E+11;18;3;5;1710;1;2;3;1;3;589;VIOLETTES (RUE DES);M;4867992;233609;910
2,02E+11;18;3;23;1625;1;2;2;1;6;589;REPUBLIQUE (AVENUE DE LA;M;4868849;234905;910
2,02E+11;18;3;28;1710;1;2;3;1;3;589;LEBON (RUE RAOUL);M;4868404;233617;910
2,02E+11;18;4;26;820;1;2;3;7;3;589;BRIAND (BOULEVARD ARISTI;M;4869155;236329;910
2,02E+11;18;5;7;1115;1;2;6;1;3;589;OUZILLEAU (AVENUE HENRI);M;4867309;234068;910
2,02E+11;18;5;8;2130;2;2;2;1;3;589;TILLEULS (AVENUE DES);M;4868990;234822;910
2,02E+11;18;5;18;1948;1;2;2;1;3;589;PERI (AVENUE GABRIEL);M;4869300;234450;910
2,02E+11;18;5;28;2027;2;2;1;2;6;589;BRIAND (BOULEVARD ARISTI;M;4868577;234759;910
2,02E+11;18;6;1;635;1;2;1;1;3;432;DE LESSEPS (AVENUE FERDI;M;4870021;233866;910
2,02E+11;18;6;13;2150;2;2;1;1;6;432;PASCAL (AVENUE BLAISE);M;4869642;233475;910
2,02E+11;18;6;14;1240;1;2;2;1;3;589;BRIAND (BOULEVARD ARISTI;M;4868402;234548;910
2,02E+11;18;6;21;1910;1;2;1;1;6;589;VAN GOGH (RUE VINCENT);M;4867485;234052;910
2,02E+11;18;6;27;900;1;2;3;1;5;589;BRIAND (BOULEVARD ARISTI;M;4868617;235011;910
2,02E+11;18;3;29;830;1;2;1;1;6;432;82  CHARAINTRU (CHEMIN D;M;4669091;233173;910
2,02E+11;18;6;27;1800;1;2;1;1;3;589;DE GAULLE  (AVENUE CHARL;M;4867841;234697;910
2,02E+11;18;7;2;1645;1;1;1;7;2;589;RD 25;M;4867570;233596;910
2,02E+11;18;7;10;2016;1;2;3;1;5;589;RD 25;M;4867682;233740;910
2,02E+11;18;7;28;2140;1;2;3;1;6;589;PROFESSEUR VAILLANT (RUE;M;4869305;236097;910
2,02E+11;18;8;2;2240;5;2;1;1;6;589;BOILEAU (RUE);M;4868511;234413;910
2,02E+11;18;8;4;2350;5;2;1;1;6;589;BRIAND (BOULEVARD ARISTI;M;4868803;235831;910
2,02E+11;18;8;6;1440;1;2;3;7;3;589;DE GAULLE (AVENUE CHARLE;M;4867841;234697;910
2,02E+11;18;8;25;1930;1;2;1;1;3;589;BRIAND (BOULEVARD ARISTI;M;4868167;234305;910
2,02E+11;18;9;1;1420;1;2;1;1;3;432;PINSONS (AVENUE DES);M;4869487;233269;910