Num_Acc;an;mois;jour;hrmn;lum;agg;int;atm;col;com;adr;gps;lat;long;dep
2,02E+11;18;9;5;1945;2;2;1;1;3;589;BRIAND (BOULEVARD ARISTI;M;4868700;235369;910
2,02E+11;18;9;14;1720;1;2;1;1;3;432;GENERAL WARABIOT (AVENUE;M;4870608;233088;910
2,02E+11;18;9;23;1320;1;2;1;2;3;589;BRIAND (BOULEVARD ARISTI;M;4868890;235234;910
2,02E+11;18;10;2;2050;5;2;3;1;3;589;BRIAND (BOULEVARD ARISTI;M;4868663;235234;910
2,02E+11;18;10;6;1335;1;2;1;1;1;589;LONGJUMEAU (AVENUE DE);M;4869380;235284;910
2,02E+11;18;10;10;800;1;2;1;1;2;589;DAVOUT (PLACE);M;4867000;235000;910
2,02E+11;18;10;13;1917;5;2;1;1;6;589;SAINT MICHEL (AVENUE);M;4868778;234472;910
2,02E+11;18;10;30;1900;5;2;3;8;4;589;BRIAND (BOULEVARD ARISTI;M;4868663;235234;910
2,02E+11;18;10;30;2200;5;2;2;1;3;589;DUNANT (RUE HENRI);M;4868077;234266;910
2,02E+11;18;10;31;1400;1;2;6;2;3;589;ARMEE LECLERC (AVENUE DE;M;4869176;234047;910
2,02E+11;18;11;13;1945;5;2;1;1;4;589;DUNANT (RUE HENRI);M;4867826;234019;910
2,02E+11;18;11;13;705;2;2;1;1;5;589;DE GAULLE (AVENUE CHARLE;M;4867617;235105;910
2,02E+11;18;11;22;1000;1;1;1;5;5;432;RD 118;M;4871355;234456;910
2,02E+11;18;11;24;1220;1;2;3;2;3;589;BRIAND (BOULEVARD ARISTI;M;4868663;235234;910
2,02E+11;18;11;28;2115;5;2;1;8;3;589;DE GAULLE  (AVENUE CHARL;M;4870537;234287;910
2,02E+11;18;11;29;835;1;2;3;1;3;589;BRIAND (BOULEVARD ARISTI;M;4868241;234351;910
2,02E+11;18;12;2;1745;5;2;3;2;6;589;PERI (AVENUE GABRIEL);M;4869102;235052;910
2,02E+11;18;12;11;1850;5;2;1;1;6;589;JOLIOT CURIE (RUE);M;4867520;235167;910
2,02E+11;18;1;9;2000;5;2;3;2;6;2;5  FRANCOIS MOLE (AVENUE;M;4875408;229269;920
2,02E+11;18;1;11;1251;1;2;6;1;3;2;GENERAL DE GAULLE (PLACE;M;4876391;230895;920
2,02E+11;18;1;16;1345;1;2;1;2;6;2;20  RAYMON ARON (AVENUE);M;4877034;231157;920
2,02E+11;18;1;23;1845;5;2;2;8;6;2;1  DOCTEUR TENINE (AVENU;M;4876318;230925;920
2,02E+11;18;1;24;1950;5;2;3;1;3;14;1  GENERAL LECLERC (AV.);M;4878789;231878;920
2,02E+11;18;2;3;1010;1;2;1;1;1;2;4  ROBERT SCHERRER (RUE);M;4873727;228632;920
2,02E+11;18;2;25;1100;1;2;2;1;6;14;63  GENERAL LECLERC (AV.;M;4878225;231667;920
2,02E+11;18;3;1;900;1;2;1;1;6;2;19/21  DIVISION LECLERC;M;4875235;230470;920
2,02E+11;18;2;17;1230;1;2;3;8;6;2;12  EGLISE (RUE DE L');M;4875379;229701;920
2,02E+11;18;1;19;1530;1;2;2;1;6;14;43  MARECHAL JOFFRE (BD;M;4878301;231529;920
2,02E+11;18;3;14;800;1;2;1;1;3;14;175  GENERAL LECLERC (AV;M;4877272;231277;920
2,02E+11;18;4;5;2015;2;2;1;1;2;2;144  ARISTIDE BRIAND (AV;M;4876230;230853;920
2,02E+11;18;3;11;2000;5;2;3;1;6;2;PROSPER LEGOUTE (1A 29 -;M;4874656;229538;920
2,02E+11;18;5;4;833;1;2;3;1;3;2;MURES (RUE DES);M;4874350;230288;920
2,02E+11;18;4;16;1115;1;2;1;1;6;2;32  ARISTIDE BRIAND (AVE;M;4875527;230582;920
2,02E+11;18;5;7;930;1;2;3;1;2;2;GENERAL DE GAULLE (AVENU;M;4876302;230520;920
2,02E+11;18;5;22;1725;1;2;1;1;6;14;3  LAFAYETTE (ALLEE);M;4878874;231391;920
2,02E+11;18;5;14;730;1;2;3;1;3;14;75  BIEVRE (RUE DE LA);M;4878007;232387;920
2,02E+11;18;6;6;1320;1;2;1;1;3;2;20  RAYMON ARON (AVENUE);M;4876895;231119;920
2,02E+11;18;6;20;15;5;2;6;1;3;2;GENERAL DE GAULLE (PLACE;M;4876382;230892;920
2,02E+11;18;5;28;920;1;2;1;1;3;2;13  LEBRUN (AVENUE);M;4876348;230446;920
2,02E+11;18;5;19;1910;1;2;3;1;3;2;ADOLPHE PAJEAUD (RUE);M;4874224;228565;920
2,02E+11;18;7;19;1810;1;2;1;1;6;2;71  ARISTIDE BRIAND (AVE;M;;;920
2,02E+11;18;7;6;1330;1;2;2;1;3;14;FONTENAY (RUE);M;4878489;230974;920
2,02E+11;18;7;12;1240;1;2;3;1;3;2;123  DIVISION LECLERC (5;M;4974353;230298;920
2,02E+11;18;7;12;1145;1;2;6;1;3;2;GENERAL DE GAULLE (AVENU;M;4876340;230871;920
2,02E+11;18;7;12;1310;1;2;6;1;2;14;PORT GALAND (RUE DU);M;4878941;231385;920
2,02E+11;18;7;31;720;1;2;3;1;3;2;DIVISION LECLERC (53 A 2;M;4874883;230403;920
2,02E+11;18;7;31;1525;1;2;1;1;2;2;GENERAL DE GAULLE (AVENU;M;4876085;229362;920
2,02E+11;18;8;2;745;1;2;1;1;3;2;RAYMON ARON (AVENUE);M;4876897;231127;920
2,02E+11;18;8;7;1600;1;2;7;1;6;2;GENERAL DE GAULLE (AVENU;M;4876328;230554;920
2,02E+11;18;8;8;1010;1;2;1;1;3;2;RAYMON ARON (AVENUE);M;4876894;231120;920
2,02E+11;18;8;24;1710;1;2;1;1;6;2;DIVISION LECLERC (1 A 29;M;4875236;230464;920
2,02E+11;18;8;28;1900;1;2;1;1;3;2;DIVISION LECLERC (31 A 5;M;4875154;230459;920
2,02E+11;18;8;26;50;5;2;7;1;2;14;MARECHAL JOFFRE (BD DU);M;4877668;231368;920
2,02E+11;18;9;5;1420;1;2;3;1;2;2;GENERAL DE GAULLE (AVENU;M;4876110;229720;920
2,02E+11;18;9;7;855;1;2;2;1;3;14;GENERAL LECLERC (AV.) (5;M;4878242;231643;920
2,02E+11;18;9;7;1240;1;2;2;1;3;14;HUIT MAI 1945 (RUE DU);M;4878248;231654;920
2,02E+11;18;9;18;1530;1;2;1;1;6;2;VELPEAU (RUE);M;4875988;230369;920
2,02E+11;18;9;20;910;1;2;2;1;3;2;LEON BLUM (AVENUE);M;4876249;230267;920
2,02E+11;18;9;27;815;1;2;1;1;7;2;DIVISION LECLERC (53 A 2;M;4874594;230358;920
2,02E+11;18;9;29;2345;5;2;3;1;3;2;DIVISION LECLERC (53 A 2;M;4874350;230301;920
2,02E+11;18;10;2;2000;5;2;1;2;3;2;ARMAND GUILLEBAUD (AVENU;M;4874957;230458;920
2,02E+11;18;10;3;725;2;2;3;2;3;2;BACONNETS (RUE DES);M;4873900;229000;920
2,02E+11;18;10;5;1650;1;2;9;1;6;2;MIRABEAU (RUE);M;4874332;222968;920
2,02E+11;18;10;6;310;5;2;1;1;3;14;BIEVRE (RUE DE LA);M;4878094;231991;920
2,02E+11;18;10;10;1838;1;2;6;1;3;2;ELEFTHEROUPOLIS;M;4876519;230594;920
2,02E+11;18;10;10;2157;5;1;3;1;3;2;ADOLPHE PAJEAUD (RUE);M;4874425;229161;920
2,02E+11;18;10;12;1055;1;2;1;1;3;14;MARECHAL JOFFRE (BD DU);M;4877760;231339;920
2,02E+11;18;10;15;1430;1;2;1;1;3;2;RAYMON ARON (AVENUE);M;4876792;231013;920
2,02E+11;18;10;15;1810;1;2;1;1;6;2;RAYMON ARON (AVENUE);M;4877033;231160;920
2,02E+11;18;10;16;630;5;2;1;1;3;14;GALOIS (AVENUE);M;4877689;231594;920
2,02E+11;18;10;17;1705;1;2;1;1;6;14;FONTENAY (RUE);M;4878394;231372;920
2,02E+11;18;10;19;1115;1;2;1;1;6;2;MARCELLIN BERTHELOT (RUE;M;4873705;231587;920
2,02E+11;18;10;22;1400;1;2;3;2;6;2;ARISTIDE BRIAND (AVENUE);M;;;920
2,02E+11;18;10;27;1;5;2;1;1;3;7;BRIAND (AVENUE ARISTIDE);M;4879853;232265;920
2,02E+11;18;11;5;1325;1;2;1;1;4;19;SULLY PRU'DHOMME (AVENUE;M;4876916;228787;920
2,02E+11;18;11;13;1746;2;1;3;1;3;2;LEON JOUHAUX (AVENUE);M;4873600;230000;920
2,02E+11;18;11;19;820;1;2;2;1;6;2;ARISTIDE BRIAND (AVENUE);M;4875730;230664;920
2,02E+11;18;11;19;1620;1;2;2;1;6;2;RAYMON ARON (AVENUE);M;4877000;231000;920
2,02E+11;18;11;19;2155;5;2;1;8;3;2;DIVISION LECLERC (53 A 2;M;4874820;230390;920
2,02E+11;18;11;22;810;1;2;1;5;6;2;MAURICE LABROUSSE (RUE);M;4875450;229810;920
2,02E+11;18;11;23;1050;1;2;1;5;3;2;DIVISION LECLERC (31 A 5;M;;;920
2,02E+11;18;11;23;1230;1;2;1;5;4;2;GENERAL DE GAULLE (AVENU;M;4876345;230783;920
2,02E+11;18;11;26;800;2;2;1;3;6;2;SULLY PRUDHOMME (AVENUE);M;4876202;229127;920
2,02E+11;18;10;31;1430;1;2;9;1;3;7;PETIT (AVENUE ALBERT) N°;M;4879626;232180;920
2,02E+11;18;12;1;2120;5;2;7;2;3;14;MARECHAL JOFFRE (BD DU);M;4877963;231359;920
2,02E+11;18;12;8;30;4;2;1;2;6;2;FRANCOIS SOMMER (AVENUE);M;4873430;230862;920
2,02E+11;18;12;19;1840;5;2;1;1;6;2;PRESIDENT KENNEDY (50 A;M;4873418;228297;920
2,02E+11;18;12;26;2245;5;2;1;1;6;2;ADOLPHE PAJEAUD (RUE);M;4874480;229430;920
2,02E+11;18;1;2;1015;1;2;1;1;7;4;01  REDOUTE ( AVENUE DE;M;;;920
2,02E+11;18;11;22;1015;1;2;1;1;3;4;DOCTEUR DERVAUX  ( QUAI;M;4890821;229251;920
2,02E+11;18;11;16;1030;1;2;1;1;3;4;DOCTEUR DERVAUX  ( QUAI;M;4890887;229286;920
2,02E+11;18;1;21;1650;1;2;1;2;3;4;51  MENIL;M;4891891;228619;920
2,02E+11;18;12;28;1645;1;2;3;1;3;4;EMILE ZOLA ( RUE );M;;;920
2,02E+11;18;2;4;1620;1;2;1;1;3;4;54  DOCTEUR DERVAUX  ( Q;M;;;920
2,02E+11;18;10;25;1840;2;2;2;1;3;4;BAS ( RUE DES );M;4891117;229846;920
2,02E+11;18;11;23;1500;1;2;1;1;6;4;PIERRE DE COUBERTIN  ( B;M;;;920
2,02E+11;18;1;2;115;5;2;1;1;7;4;DOCTEUR DERVAUX  ( QUAI;M;;;920
2,02E+11;18;1;18;1020;1;2;1;1;7;4;NORMANDIE  ( RUE DE );M;;;920
2,02E+11;18;2;17;1710;1;2;1;1;2;4;17  AULAGNIER ( QUAI );M;4891256;230360;920
2,02E+11;18;2;12;700;5;2;1;1;6;9;39  GENERAL LECLERC ( RU;M;4891469;227052;920
2,02E+11;18;3;10;1240;1;2;1;2;6;4;10  HOTEL DE VILLE   ( P;M;4891044;228972;920
2,02E+11;18;1;4;1735;1;2;1;1;1;4;104  GRESILLONS ( AVENUE;M;;;920
2,02E+11;18;1;14;1950;5;2;1;1;6;4;03  REDOUTE ( AVENUE DE;M;4892959;228096;920
2,02E+11;18;2;15;700;2;2;1;2;7;4;03  ROBERT LAVERGNE ( RU;M;4892809;227367;920
2,02E+11;18;1;18;2130;4;2;1;1;4;4;73  BAS ( RUE DES );M;;;920
2,02E+11;18;2;5;1230;1;2;1;4;7;9;01  ABBE GLATZ  (RUE DE;M;4891995;227681;920
2,02E+11;18;2;26;1015;1;2;1;1;7;4;12  HENRI MARTIN;M;4891002;227431;920
2,02E+11;18;3;13;935;1;2;1;1;7;4;08  MARNE   ( AVENUE DE;M;4890707;228279;920
2,02E+11;18;2;2;2106;5;2;1;1;3;4;171  ARGENTEUIL AV D';M;4891831;228118;920
2,02E+11;18;3;13;1630;1;2;1;1;4;4;81  DOCTEUR DERVAUX  ( Q;M;4890681;229097;920
2,02E+11;18;3;13;1950;2;2;1;1;7;4;121  DOCTEUR DERVAUX  (;M;4890970;229419;920
2,02E+11;18;1;16;2020;5;2;1;2;6;4;274  MARNE   ( AVENUE DE;M;4890763;228348;920
2,02E+11;18;1;26;2200;5;2;1;1;3;4;GRESILLONS ( AVENUE DES;M;4891765;230855;920
2,02E+11;18;3;15;725;1;2;1;1;7;9;ADOLPHE GUYOT ( RUE );M;4892115;227161;920
2,02E+11;18;2;15;1700;1;2;1;2;7;4;09  PIERRE BROSSOLETTE;M;;;920
2,02E+11;18;3;24;2145;5;2;1;1;6;4;STATION ( RUE );M;4890635;228421;920
2,02E+11;18;3;27;1710;1;2;1;1;6;4;NS  MAURICE BOKANOWSKI;M;4890975;229137;920
2,02E+11;18;3;24;2150;5;2;1;1;7;4;STATION ( RUE );M;4890633;228423;920
2,02E+11;18;2;3;1755;1;2;1;1;6;4;6  HENIR BARBUSSE ( AVEN;M;;;920
2,02E+11;18;2;6;1925;1;2;1;1;2;4;BAS ( RUE DES );M;;;920
2,02E+11;18;2;13;1930;5;2;1;1;3;4;56  MARNE   ( AVENUE DE;M;4890866;228516;920
2,02E+11;18;2;25;1315;1;2;1;1;6;4;20  MAURICE BOKANOWSKI;M;4890781;228728;920
2,02E+11;18;3;30;2350;5;2;1;1;6;4;21  NANTERRE ( DE 01 A 4;M;4890970;228033;920
2,02E+11;18;4;6;138;5;2;4;1;6;4;DOCTEUR DERVAUX  (QUAI);M;4890695;229132;920
2,02E+11;18;4;6;1310;1;2;2;1;2;4;NS  PIERRE BROSSOLETTE;M;4891189;229465;920
2,02E+11;18;4;11;840;1;2;1;1;6;4;15  MENIL;M;4891743;228809;920
2,02E+11;18;4;11;815;1;2;1;1;6;4;NS  PONT DE CLICHY;M;4891127;229869;920
2,02E+11;18;2;22;1700;2;2;2;1;6;4;PONT DE CLICHY;M;;;920
2,02E+11;18;2;23;1250;1;2;1;1;3;4;130  VOLTAIRE ( BD );M;4891720;228710;920
2,02E+11;18;4;18;1535;1;2;1;1;2;4;VOLTAIRE ( BD 16 A FIN );M;4891640;228953;920
2,02E+11;18;4;18;1330;1;2;1;1;2;4;DOCTEUR DERVAUX  ( QUAI;M;4890647;229045;920
2,02E+11;18;3;6;1922;1;2;3;2;7;4;PONT DE CLICHY;M;;;920
2,02E+11;18;3;26;839;1;2;1;1;6;4;50  MARNE   ( AVENUE DE;M;;;920
2,02E+11;18;4;16;1045;1;2;1;1;4;4;25  AULAGNIER ( QUAI );M;;;920
2,02E+11;18;4;23;1555;1;2;1;1;2;4;84  VOLTAIRE ( BD );M;;;920
2,02E+11;18;4;13;1910;1;2;1;1;3;4;NS  AULAGNIER ( QUAI );M;4891752;231998;920
2,02E+11;18;4;23;1300;1;2;1;1;6;4;NS  VOLTAIRE ( BD 16 A F;M;4891247;229639;920
2,02E+11;18;5;28;1950;1;2;1;1;6;4;130  REDOUTE ( AVENUE DE;M;4892982;228310;920
2,02E+11;18;6;5;2250;5;2;1;1;1;4;INTERCOMMUNAL (B);M;4893066;228212;920
2,02E+11;18;8;4;1300;1;2;3;1;3;4;MARNE   ( AVENUE DE LA );M;4890839;228461;920
2,02E+11;18;8;8;2050;2;2;2;1;2;4;VOLTAIRE ( BD );M;4891514;229359;920
2,02E+11;18;5;20;1330;1;2;2;1;3;4;NS  PONT DE CLICHY;M;4891056;229909;920
2,02E+11;18;5;15;1340;1;2;1;1;3;4;50  MARNE   ( AVENUE DE;M;4890860;228401;920
2,02E+11;18;5;4;1430;1;2;1;1;2;9;43  GENERAL LECLERC ( RU;M;4891547;226983;920
2,02E+11;18;5;17;1850;1;2;1;1;2;4;DOCTEUR DERVAUX  ( QUAI;M;4890845;229243;920
2,02E+11;18;5;30;815;1;2;1;1;3;4;DOCTEUR DERVAUX  ( QUAI;M;4890836;229247;920
2,02E+11;18;5;15;900;1;2;1;1;6;9;NS  ESTIENNE D'ORVES ( R;M;4891690;227303;920
2,02E+11;18;6;13;1900;1;2;1;1;6;4;60  ARGENTEUIL AV D';M;4891310;228432;920
2,02E+11;18;5;20;2120;3;2;2;1;6;4;NS  CONTRAT SOCIAL  ( RU;M;4891513;229078;920
2,02E+11;18;5;9;920;1;2;2;1;3;9;NS  CHEVREUL ( AVENUE );M;4890884;226549;920
2,02E+11;18;5;18;1510;1;2;1;1;6;4;47  ARGENTEUIL AV D';M;4891264;228493;920
2,02E+11;18;6;8;1215;1;2;1;1;2;4;20  ARGENTEUIL AV D';M;4891113;228580;920
2,02E+11;18;6;21;1950;1;2;1;1;6;4;80  DOCTEUR DERVAUX  ( Q;M;4891027;228909;920
2,02E+11;18;6;1;1920;1;2;1;1;7;4;34  GRANDE RUE CHARLES D;M;4854177;742385;920
2,02E+11;18;6;11;2100;2;2;1;3;6;9;13  FAIDHERBE ( RUE );M;4890754;226370;920
2,02E+11;18;6;23;2300;5;2;1;1;7;4;173  VOLTAIRE ( BD 16 A;M;4891863;228355;920
2,02E+11;18;6;29;1315;1;2;1;1;1;4;93  BAS ( RUE DES );M;4892089;228817;920
2,02E+11;18;6;29;1805;1;2;1;1;6;9;07  EUROPE (AVENUE);M;4890745;226496;920
2,02E+11;18;6;6;2120;1;2;1;1;2;9;72  EUROPE (AVENUE);M;4890754;226366;920
2,02E+11;18;6;18;1620;1;2;1;1;2;4;NS  AULAGNIER ( QUAI );M;4891772;231981;920
2,02E+11;18;6;9;1830;1;2;1;1;6;4;38-40  HENRI POINCARE;M;4893258;227817;920
2,02E+11;18;6;16;2230;5;2;1;1;3;4;103  REDOUTE ( AVENUE DE;M;4855464;654702;920
2,02E+11;18;6;19;1200;1;2;1;1;6;4;112  GRESILLONS ( AVENUE;M;4854583;218230;920
2,02E+11;18;7;2;2040;1;2;2;1;3;9;NS  EUROPE (AVENUE);M;4890690;226140;920
2,02E+11;18;7;6;825;1;2;2;1;6;4;ARGENTEUIL AV D';M;4892221;227729;920
2,02E+11;18;7;7;2140;1;2;1;1;6;4;NS  REDOUTE ( ALLEE DE L;M;4892890;222776;920
2,02E+11;18;7;11;1115;1;2;1;1;2;4;NS  REDOUTE ( AVENUE DE;M;4893031;228426;920
2,02E+11;18;7;23;950;1;2;1;1;7;4;121  DOCTEUR DERVAUX  (;M;4854394;218126;920
2,02E+11;18;7;27;1345;1;2;2;1;3;4;PONT DE CLICHY;M;4891125;229879;920
2,02E+11;18;8;3;900;1;2;1;1;2;4;AULAGNIER ( QUAI );M;4891204;230166;920
2,02E+11;18;8;14;2335;5;2;1;1;1;4;ARGENTEUIL AV D';M;4891585;228241;920
2,02E+11;18;8;29;720;1;2;1;2;3;4;PIERRE CURIE;M;4891906;231357;920
2,02E+11;18;8;29;1330;1;2;1;2;6;4;CONCORDE ( RUE DE LA );M;4891210;229096;920
2,02E+11;18;8;31;1210;1;2;9;1;3;4;BAS ( RUE DES );M;4892272;228644;920
2,02E+11;18;9;1;1620;1;2;1;1;2;9;ARGENTEUIL ( AVENUE D' );M;4892408;227522;920
2,02E+11;18;9;1;1940;1;2;1;1;6;4;DOCTEUR DERVAUX  ( QUAI;M;4890599;228925;920
2,02E+11;18;9;4;1200;1;2;9;1;3;4;DOCTEUR DERVAUX  ( QUAI;M;4891081;229744;920
2,02E+11;18;9;9;900;1;2;1;1;2;9;ARGENTEUIL ( AVENUE D' );M;4892356;227562;920
2,02E+11;18;9;12;700;4;2;9;1;1;4;MARNE   ( AVENUE DE LA );M;4890759;228346;920
2,02E+11;18;9;13;1740;1;2;1;1;7;4;FRERES CHAUSSON (RUE);M;4891627;228939;920
2,02E+11;18;9;19;1650;1;2;9;1;3;4;INTERCOMMUNAL (B);M;4893152;228331;920
2,02E+11;18;9;20;1030;1;2;2;1;3;4;AULAGNIER ( QUAI );M;4891332;230711;920
2,02E+11;18;9;18;840;1;2;1;1;2;4;GRESILLONS ( AVENUE DES;M;4891885;231140;920
2,02E+11;18;9;3;2130;5;2;9;9;6;9;BOURGUIGNONS ( RUE 33 A;M;4891168;227225;920
2,02E+11;18;9;21;1440;1;2;1;1;6;4;BRIFFAULT ( VILLA );M;4891755;229330;920
2,02E+11;18;9;21;2035;5;2;2;1;3;9;CHARLES-DE-GAULLE ( AVEN;M;4991690;227300;920
2,02E+11;18;9;22;1030;1;2;2;1;3;9;QUATRE ROUTES ( CARRE );M;4892633;227326;920
2,02E+11;18;9;22;1220;1;2;2;1;6;4;GUILLEMIN  ( AVE );M;4891695;228810;920
2,02E+11;18;9;25;1215;1;2;1;1;2;4;GRESILLONS ( AVENUE DES;M;4891276;229691;920
2,02E+11;18;9;25;1730;1;2;2;1;3;9;CHARLES CHEFSON ( RUE );M;4891831;227504;920
2,02E+11;18;9;26;2230;5;2;1;1;2;4;GRESILLONS ( AVENUE DES;M;4891311;231096;920
2,02E+11;18;9;28;1500;1;2;9;1;3;4;LAURENT-CELY  ( AVENUE );M;4891304;229753;920
2,02E+11;18;9;29;1415;1;2;1;1;3;4;LAURENT-CELY  ( AVENUE );M;4891334;231079;920
2,02E+11;18;9;29;2045;5;2;2;1;3;4;GAMBETTA (RUE);M;4890974;289225;920
2,02E+11;18;10;1;1240;1;2;9;1;3;4;DOCTEUR DERVAUX  ( QUAI;M;4890511;228740;920
2,02E+11;18;9;28;1445;1;2;2;1;3;4;DOCTEUR DERVAUX  ( QUAI;M;4891180;229988;920
2,02E+11;18;10;8;1445;1;2;1;1;6;4;PIERRE BOUDOU;M;4891510;230580;920
2,02E+11;18;10;8;1735;1;2;1;1;3;4;PIERRE DE COUBERTIN  ( B;M;4892600;228400;920
2,02E+11;18;10;1;1630;1;2;2;1;5;4;PONT D'ASNIERES;M;4890514;228774;920
2,02E+11;18;10;4;2015;5;2;1;2;5;4;DOCTEUR DERVAUX  ( QUAI;M;4890382;228536;920
2,02E+11;18;10;3;1800;1;2;1;1;6;4;GRESILLONS ( AVENUE DES;M;4891379;229225;920
2,02E+11;18;10;13;1025;1;2;1;1;2;4;ARGENTEUIL AV D';M;4891235;228444;920
2,02E+11;18;10;16;1140;1;1;1;1;6;9;GRAMME ( RUE );M;4892296;227602;920
2,02E+11;18;10;16;1840;1;2;1;1;3;4;MARNE   ( AVENUE DE LA );M;4891003;228743;920
2,02E+11;18;10;16;2210;5;2;1;1;1;4;MARNE   ( AVENUE DE LA );M;4890687;228238;920
2,02E+11;18;10;17;1630;1;2;3;1;1;4;ARGENTEUIL AV D';M;4891443;228317;920
2,02E+11;18;10;19;2020;5;2;2;1;3;4;LORRAINE   ( RUE DE );M;4890738;226990;920
2,02E+11;18;10;20;1105;1;2;1;1;3;4;GILBERT ROUSSET ( RUE );M;4892132;227844;920
2,02E+11;18;10;23;905;1;2;1;1;2;4;DOCTEUR DERVAUX  ( QUAI;M;4891876;229717;920
2,02E+11;18;10;25;1600;1;2;9;1;7;9;CHEVREUL ( AVENUE );M;4890461;226691;920
2,02E+11;18;10;28;550;5;2;1;1;6;4;BAS ( RUE DES );M;4892010;228863;920
2,02E+11;18;10;28;1045;1;2;3;1;3;4;CHANZY ( RUE DE );M;4890700;227500;920
2,02E+11;18;10;28;1545;1;2;1;1;2;4;AULAGNIER ( QUAI );M;;;920
2,02E+11;18;9;7;1815;1;2;1;1;6;4;MAURICE BOKANOWSKI;M;4890744;228622;920
2,02E+11;18;10;30;1750;2;2;1;1;2;4;LAURENT-CELY  ( AVENUE );M;4891542;230973;920
2,02E+11;18;11;6;1930;5;2;1;1;3;4;DOCTEUR DERVAUX  ( QUAI;M;4890940;229438;920
2,02E+11;18;11;12;815;5;2;1;2;6;9;GENERAL LECLERC ( RUE DU;M;4891516;226982;920
2,02E+11;18;11;14;300;5;2;1;1;6;4;LA LAUZIERE  ( AVENUE );M;;;920
2,02E+11;18;9;21;1610;1;2;1;1;2;4;LOUIS ARMAND;M;4891618;231015;920
2,02E+11;18;9;11;1600;1;2;9;1;3;4;INTERCOMMUNAL (B);M;;;920
2,02E+11;18;11;23;1425;1;2;3;1;3;9;ADOLPHE GUYOT ( RUE );M;4892013;227430;920
2,02E+11;18;12;7;1235;1;2;1;1;2;4;VOLTAIRE ( BD );M;4891211;229638;920
2,02E+11;18;12;11;815;1;2;1;1;3;4;ARGENTEUIL AV D';M;4891427;228331;920
2,02E+11;18;10;31;1910;2;2;1;2;6;4;ARGENTEUIL AV D';M;;;920
2,02E+11;18;12;13;910;1;2;1;1;7;4;PONT D'ASNIERES;M;4890440;228830;920
2,02E+11;18;10;19;1435;1;2;3;1;3;4;VOLTAIRE ( BD 16 A FIN );M;4891375;229546;920
2,02E+11;18;12;14;850;2;2;1;1;6;4;MARNE   ( AVENUE DE LA );M;4890000;228000;920
2,02E+11;18;12;22;1737;5;2;7;2;6;4;VOLTAIRE  ( PLACE );M;;;920
2,02E+11;18;1;13;2050;2;2;1;1;6;7;121  RAVERA (AVENUE HENR;M;4880069;230908;920
2,02E+11;18;1;7;1010;1;2;1;1;6;7;34  PASTEUR (AVENUE LOUI;M;4880162;231906;920
2,02E+11;18;1;7;340;5;2;1;1;6;7;21  PETIT (AVENUE ALBERT;M;4880162;88490;920
2,02E+11;18;1;16;1220;1;2;1;1;6;7;3  BREL (ALLEE JACQUES);M;4800000;104200;920
2,02E+11;18;1;21;410;5;2;2;2;3;7;300  BRIAND (AVENUE ARIS;M;4878802;231861;920
2,02E+11;18;2;4;1405;1;2;1;1;6;7;85  DORMOY (AVENUE MARX);M;4881001;153710;920
2,02E+11;18;3;9;1650;1;2;1;1;6;7;MEUNIERS (RUE DES);M;4879764;230956;920
2,02E+11;18;1;24;1200;1;2;1;1;6;7;2  DE GAULLE (AVENUE CHA;M;4880634;230856;920
2,02E+11;18;2;27;1935;5;2;1;1;6;7;44  BRIAND (AVENUE ARIST;M;4880407;232470;920
2,02E+11;18;3;17;1620;1;2;1;4;2;7;SCHWEITZER (ROND POINT D;M;4878937;231397;920
2,02E+11;18;4;5;1950;1;2;1;1;6;7;1-23  VAILLANT-COUTURIER;M;;;920
2,02E+11;18;4;13;1000;1;2;6;1;6;7;162  BRIAND (AVENUE ARIS;M;4879599;232160;920
2,02E+11;18;4;13;1535;1;2;1;1;6;7;28  LISETTE (RUE DE LA);M;;;920
2,02E+11;18;4;19;200;5;2;1;1;2;7;248  BRIAND (AVENUE ARIS;M;4879135;231979;920
2,02E+11;18;5;19;1230;1;1;1;1;6;7;12  PASTEUR (AVENUE LOUI;M;4879827;238386;920
2,02E+11;18;5;4;955;1;1;1;1;6;7;13  MEUNIERS (RUE DES);M;4879756;230898;920
2,02E+11;18;5;22;2230;3;2;1;1;7;7;22  BRIAND (AVENUE ARIST;M;4880523;232516;920
2,02E+11;18;6;5;2012;1;2;9;1;6;7;FONTAINE GUEFFIER PLACE;M;4878799;230422;920
2,02E+11;18;6;6;1125;1;2;1;1;6;7;1  CUVERONS (RUE DES);M;4879019;230289;920
2,02E+11;18;6;29;1920;1;2;1;1;7;7;DE GAULLE AVENUE CHARLE;M;4879747;229752;920
2,02E+11;18;7;1;50;5;2;3;1;1;7;VERDUN (RUE DE) N° PAIRS;M;4880175;231422;920
2,02E+11;18;7;6;2000;1;2;1;1;4;7;FORTIN (AVENUE JEAN-BAPT;M;4879734;230034;920
2,02E+11;18;7;10;2030;1;2;3;1;3;7;BRIAND (AVENUE ARISTIDE);M;4879986;232320;920
2,02E+11;18;7;26;840;1;2;2;1;3;7;PETIT (AVENUE ALBERT) N°;M;4879586;231709;920
2,02E+11;18;7;28;2125;5;2;6;1;3;7;BLAINS (RUE DES) N° AUTR;M;4879330;231600;920
2,02E+11;18;8;27;900;1;2;3;2;7;7;JAURES (AVENUE JEAN) N°;M;4880002;230143;920
2,02E+11;18;8;26;1725;1;1;2;1;7;7;BRIAND (AVENUE ARISTIDE);M;4879662;232163;920
2,02E+11;18;9;18;1230;1;2;1;1;6;7;TBIRIAN (RUE HAIG);M;4879680;231610;920
2,02E+11;18;9;21;1450;1;2;1;1;2;49;BRIAND (AVENUE ARISTIDE);M;4881200;232610;920
2,02E+11;18;9;22;1045;1;2;6;1;6;7;FORTIN (AVENUE JEAN-BAPT;M;4879744;230087;920
2,02E+11;18;9;27;1620;1;2;3;1;1;7;LATERAL (CHEMIN);M;4880158;230032;920
2,02E+11;18;10;4;1116;1;2;2;1;6;7;PASTEUR (AVENUE LOUIS) N;M;;;920
2,02E+11;18;10;6;1310;1;2;1;1;3;7;BRIAND (AVENUE ARISTIDE);M;4847570;219213;920
2,02E+11;18;10;12;1010;1;2;2;1;3;7;BARBUSSE (AVENUE HENRI);M;4879839;230893;920
2,02E+11;18;10;22;1755;2;2;1;1;2;7;BRIAND (AVENUE ARISTIDE);M;;;920