Num_Acc;an;mois;jour;hrmn;lum;agg;int;atm;col;com;adr;gps;lat;long;dep
2,02E+11;18;11;5;1350;1;2;1;1;6;7;RAVERA (AVENUE HENRI) N°;M;4880152;231024;920
2,02E+11;18;11;9;1320;1;2;1;1;3;7;PETIT (AVENUE ALBERT) N°;M;4879604;232038;920
2,02E+11;18;11;15;1405;1;2;1;1;6;7;PASTEUR (AVENUE LOUIS) N;M;4879939;231826;920
2,02E+11;18;11;24;1425;1;2;6;8;3;7;FROIDE (RUE);M;;;920
2,02E+11;18;12;1;1915;5;2;1;2;1;7;FOCH (AVENUE DU MARECHAL;M;4878641;230239;920
2,02E+11;18;12;7;1207;1;2;1;2;6;7;BRIAND (AVENUE ARISTIDE);M;4879621;232172;920
2,02E+11;18;12;14;1400;1;2;1;1;3;7;PLUCHET (RUE ALPHONSE);M;4879879;229982;920
2,02E+11;18;12;8;2245;4;2;6;2;6;7;RAVERA (AVENUE HENRI) N°;M;4880968;231716;920
2,02E+11;18;1;3;1010;1;1;1;2;2;12;PONT DE SEVRES (METRO);M;;;920
2,02E+11;18;1;5;2130;5;2;6;1;6;12;200  JEAN JAURES (BOULEV;M;;;920
2,02E+11;18;12;21;2040;5;2;2;1;3;12;CHARLES DE GAULLE (AVENU;M;4884079;223710;920
2,02E+11;18;1;6;1355;1;2;6;1;6;12;103  EDOUARD VAILLANT;M;4883478;224974;920
2,02E+11;18;12;22;2040;5;2;1;1;6;12;PIERRE GRENIER (AVENUE);M;4882665;224882;920
2,02E+11;18;1;8;1425;1;2;1;1;2;12;7  QUATRE SEPTEMBRE (QUA;M;;;920
2,02E+11;18;1;10;1438;1;2;1;2;5;12;14  ANDRE MORIZET (AVENU;M;;;920
2,02E+11;18;1;11;2050;5;2;3;1;3;12;QUATRE SEPTEMBRE (QUAI D;M;;;920
2,02E+11;18;1;15;2000;5;2;5;2;6;12;JEAN JAURES (BOULEVARD);M;4849440;214460;920
2,02E+11;18;1;18;805;2;2;2;8;6;12;144  REINE (ROUTE DE LA);M;4884049;223147;920
2,02E+11;18;1;19;1200;1;2;2;2;3;12;46  REINE (ROUTE DE LA);M;;;920
2,02E+11;18;1;19;1550;1;2;1;7;2;12;QUATRE SEPTEMBRE (QUAI D;M;;;920
2,02E+11;18;1;19;2200;5;2;2;8;3;12;126  REINE (ROUTE DE LA);M;4884027;223414;920
2,02E+11;18;1;22;2030;5;2;2;1;3;12;81  JEAN BAPTISTE CLEMEN;M;;;920
2,02E+11;18;1;25;2000;5;2;3;2;1;12;MEUDON (RUE DE) - COTE P;M;;;920
2,02E+11;18;1;26;1005;1;2;1;1;3;12;YVES KERMEN (RUE) 51/FIN;M;;;920
2,02E+11;18;1;30;845;1;2;2;1;3;12;37  AGUESSEAU (RUE D') 1;M;;;920
2,02E+11;18;2;2;1524;1;2;3;1;3;12;82  ANDRE MORIZET (AVENU;M;4883832;223368;920
2,02E+11;18;2;2;1855;5;2;1;1;6;12;34  PIERRE GRENIER (AVEN;M;4883078;225227;920
2,02E+11;18;2;5;2315;5;2;6;2;1;12;105  EDOUARD VAILLANT (A;M;4883394;224403;920
2,02E+11;18;2;14;2200;5;2;3;3;1;12;BELLEVUE (RUE DE) 1/71BI;M;4883881;223157;920
2,02E+11;18;2;17;1520;1;2;1;1;3;12;219 bis  JEAN JAURES (BO;M;4883185;224462;920
2,02E+11;18;2;19;2250;5;2;1;3;6;12;6  MARECHAL DE LATTRE DE;M;4884102;222750;920
2,02E+11;18;2;21;905;1;2;2;1;3;12;21  ABONDANCES (RUE DES);M;4884472;222988;920
2,02E+11;18;2;23;2245;5;2;3;1;3;12;90  SILLY (RUE DE) 1/87;M;4883548;223243;920
2,02E+11;18;2;26;1400;1;2;3;1;3;12;21  GENERAL LECLERC (AVE;M;4883244;224027;920
2,02E+11;18;2;27;1015;1;2;3;1;3;12;VERDUN (RUE DE);M;4884236;223516;920
2,02E+11;18;3;1;1750;1;2;2;1;3;12;50  REPUBLIQUE (BOULEVAR;M;4883268;224968;920
2,02E+11;18;3;7;45;5;2;2;9;3;12;33  AVENUE DU GENERAL LE;M;4883183;223835;920
2,02E+11;18;4;4;1410;1;2;2;1;6;12;GENERAL LECLERC (AVENUE;M;4883084;223473;920
2,02E+11;18;3;15;1200;1;2;1;1;6;12;YVES KERMEN (RUE) 3/49 -;M;;;920
2,02E+11;18;3;21;930;1;2;1;1;3;12;123  VICTOR HUGO (AVENUE;M;4883420;224411;920
2,02E+11;18;3;24;1510;1;2;1;1;3;12;31  REINE (ROUTE DE LA);M;4883882;224814;920
2,02E+11;18;3;26;1940;2;2;3;1;3;12;ANDRE MORIZET (AVENUE) 1;M;4883586;223910;920
2,02E+11;18;4;3;1600;1;2;2;2;6;12;36  REINE (ROUTE DE LA);M;4883924;224652;920
2,02E+11;18;4;5;1305;1;2;1;1;2;12;21  QUATRE SEPTEMBRE (QU;M;4884610;222705;920
2,02E+11;18;4;4;1620;1;2;1;2;6;12;16  DENFERT ROCHEREAU (R;M;4884652;224348;920
2,02E+11;18;4;5;1925;1;2;1;1;6;12;31bis  REINE (ROUTE DE L;M;4883882;224801;920
2,02E+11;18;4;6;1440;1;2;1;1;6;12;159  PARIS (RUE DE) 97BI;M;4884092;222957;920
2,02E+11;18;4;8;1020;1;2;1;1;5;12;PONT DE SAINT CLOUD (MET;M;4884154;222381;920
2,02E+11;18;4;13;925;1;2;1;1;2;12;52  ANDRE MORIZET (AVENU;M;4883693;223655;920
2,02E+11;18;4;16;1255;1;2;1;8;2;12;110  REINE (ROUTE DE LA);M;4884014;223627;920
2,02E+11;18;4;16;2145;5;2;1;1;2;12;122  AVENUE DU GENERAL L;M;4383027;223207;920
2,02E+11;18;4;17;940;1;2;2;1;6;12;20-22  ANDRE MORIZET (AV;M;4883496;224143;920
2,02E+11;18;4;19;810;1;2;1;1;6;12;10  PIERRE LEFAUCHEUX (A;M;4882417;224248;920
2,02E+11;18;4;26;1830;1;2;3;1;3;12;ANDRE MORIZET (AVENUE) -;M;4883988;223024;920
2,02E+11;18;5;2;520;2;2;2;1;3;12;PIERRE GRENIER (AVENUE);M;4883205;225305;920
2,02E+11;18;5;2;1630;1;2;1;1;6;12;39  GEORGES GORSE (QUAI);M;4882444;223658;920
2,02E+11;18;6;24;1050;1;2;1;1;4;12;160  REINE (ROUTE DE LA);M;4884081;222935;920
2,02E+11;18;5;10;840;1;2;2;1;3;12;AVENUE DU GENERAL LECLER;M;4838308;223473;920
2,02E+11;18;5;12;1440;1;2;2;8;3;12;701  AVENUE DU GENERAL L;M;4883076;223470;920
2,02E+11;18;5;13;2035;1;2;2;1;3;12;EDOUARD VAILLANT (AVENUE;M;4883465;224634;920
2,02E+11;18;5;15;1945;1;2;1;1;4;12;74  EDOUARD VAILLANT (AV;M;4883445;224605;920
2,02E+11;18;5;17;2010;1;2;5;1;6;12;DANJOU (RUE) 17/FIN - 20;M;4883270;224856;920
2,02E+11;18;5;19;2215;5;2;3;1;3;12;152  PARIS (RUE DE) 97BI;M;4884170;223445;920
2,02E+11;18;5;23;1639;1;2;1;1;3;12;AVENUE DU GENERAL LECLER;M;4883029;223263;920
2,02E+11;18;5;29;810;1;2;2;1;3;12;AVENUE DU GENERAL LECLER;M;4883082;223469;920
2,02E+11;18;5;29;1710;1;2;3;1;3;12;ANDRE MORIZET (AVENUE) -;M;4883579;223067;920
2,02E+11;18;5;29;1747;1;2;3;1;1;12;SEVRES (RUE DE) 55BIS/FI;M;4883111;223055;920
2,02E+11;18;5;29;1930;1;2;1;1;3;12;174  SILLY (RUE DE) 89/F;M;4883117;223445;920
2,02E+11;18;5;30;1120;1;2;1;1;3;12;20  REINE (ROUTE DE LA);M;4884170;225698;920
2,02E+11;18;5;26;2020;1;2;2;1;6;12;ANATOLE FRANCE (BOULEVAR;M;4885031;223774;920
2,02E+11;18;6;1;1825;1;2;6;1;3;12;69  ANCIENS COMBATTANT (;M;4883567;224064;920
2,02E+11;18;6;1;1745;1;2;1;1;2;12;12  QUATRE SEPTEMBRE (QU;M;4884367;222607;920
2,02E+11;18;6;2;1105;1;2;1;1;6;12;247bis  JEAN JAURES (BOU;M;4882779;224678;920
2,02E+11;18;6;6;1320;1;2;1;8;3;12;17  REINE (ROUTE DE LA);M;4800000;224962;920
2,02E+11;18;6;7;2000;1;2;1;1;6;12;50  JEAN JAURES (BOULEVA;M;4884411;223918;920
2,02E+11;18;6;12;2340;5;2;1;1;6;12;9  JEAN BAPTISTE CLEMENT;M;4884710;224007;920
2,02E+11;18;6;14;1945;1;2;1;1;1;12;217  JEAN JAURES (BOULEV;M;4883215;224451;920
2,02E+11;18;6;29;1910;1;2;2;1;3;12;ANDRE MORIZET (AVENUE) -;M;4883507;224141;920
2,02E+11;18;6;21;1450;1;2;9;1;6;12;67  GENERAL LECLERC (AVE;M;4883007;223259;920
2,02E+11;18;6;25;915;1;2;1;1;3;12;ANATOLE FRANCE (BOULEVAR;M;4885131;223332;920
2,02E+11;18;6;27;1700;1;2;1;1;3;12;20  SAUSSIERE (RUE DE LA;M;4883879;224000;920
2,02E+11;18;7;5;1750;1;2;1;1;2;12;91  EDOUARD VAILLANT (AV;M;4883414;224548;920
2,02E+11;18;7;6;1325;1;2;1;1;3;12;14  ANATOLE FRANCE (BOUL;M;4885215;223029;920
2,02E+11;18;7;6;2045;1;2;1;1;2;12;17  TISSERANT (RUE);M;4884623;223417;920
2,02E+11;18;7;7;1450;1;2;1;1;3;12;67  ANDRE MORIZET (AVENU;M;4883754;223500;920
2,02E+11;18;7;10;2325;5;2;2;1;3;12;25  JEAN JAURES (BOULEVA;M;4884185;223896;920
2,02E+11;18;7;16;1500;1;2;1;1;3;12;130  THIERS (RUE) 67/FIN;M;4883159;225223;920
2,02E+11;18;7;16;2030;2;2;1;1;1;12;REPUBLIQUE (BOULEVARD DE;M;4883110;225722;920
2,02E+11;18;7;17;2145;5;2;2;1;3;12;JEAN JAURES (BOULEVARD);M;4883678;224171;920
2,02E+11;18;7;19;1735;1;2;2;1;3;12;ANDRE MORIZET (AVENUE);M;4883982;223013;920
2,02E+11;18;7;20;105;5;2;1;1;6;12;4  STADE DE COUBERTIN (A;M;4883426;225570;920
2,02E+11;18;7;20;5;5;2;1;1;2;12;94  EDOUARD VAILLANT (AV;M;4883436;224532;920
2,02E+11;18;7;25;840;1;2;1;1;6;12;109  VICTOR HUGO (AVENUE;M;4883509;224463;920
2,02E+11;18;7;26;919;1;2;2;7;6;12;TILLEULS (RUE DES) 1/67;M;4884520;223731;920
2,02E+11;18;7;27;1815;1;2;1;1;2;12;JEAN BAPTISTE CLEMENT (A;M;4883320;226390;920
2,02E+11;18;8;2;1806;1;2;1;1;6;12;ANDRE MORIZET (AVENUE) -;M;4883726;223577;920
2,02E+11;18;8;6;1520;1;2;1;1;6;12;POINT DU JOUR (QUAI DU);M;4883046;225733;920
2,02E+11;18;8;12;2207;5;2;2;1;3;12;REINE (ROUTE DE LA) 1/37;M;4883967;223979;920
2,02E+11;18;8;17;1130;1;2;1;1;6;12;JEAN JAURES (BOULEVARD);M;4883064;224402;920
2,02E+11;18;8;20;830;1;2;9;2;1;12;JEAN BAPTISTE CLEMENT (A;M;;;920
2,02E+11;18;8;23;1345;1;2;2;1;3;12;BELLEVUE (RUE DE) 1/71BI;M;4883543;223073;920
2,02E+11;18;8;31;1015;1;2;2;1;3;12;GALLIENI (RUE) 55/157 -;M;4883679;224170;920
2,02E+11;18;9;5;745;1;2;1;1;6;12;REINE (ROUTE DE LA) 82/F;M;4884055;223150;920
2,02E+11;18;9;6;935;2;2;1;1;6;12;ANDRE MORIZET (AVENUE) -;M;4883450;224218;920
2,02E+11;18;9;7;1015;1;2;2;2;3;12;NATIONALE (RUE) 1/37 - 2;M;4882482;224414;920
2,02E+11;18;9;8;1705;1;2;3;1;3;12;PIERRE GRENIER (AVENUE);M;4882687;224943;920
2,02E+11;18;9;10;2030;5;2;1;1;2;12;JEAN BAPTISTE CLEMENT (A;M;4880000;220000;920
2,02E+11;18;9;11;1435;1;2;1;1;3;12;CHARLES DE GAULLE (AVENU;M;4484880;223740;920
2,02E+11;18;9;13;950;1;2;1;2;2;12;REPUBLIQUE (BOULEVARD DE;M;;;920
2,02E+11;18;9;13;2040;5;2;1;1;1;12;SILLY (RUE DE) 89/FIN -;M;4883000;223000;920
2,02E+11;18;9;17;1800;1;2;4;7;6;12;VIEUX PONT DE SEVRES (RU;M;;;920
2,02E+11;18;9;24;1144;1;2;1;1;6;12;JEAN JAURES (BOULEVARD);M;4883289;224380;920
2,02E+11;18;9;25;1515;1;2;3;1;6;12;LE CORBUSIER (RUE);M;4883743;223842;920
2,02E+11;18;9;25;1625;1;2;9;1;3;12;EDOUARD VAILLANT (AVENUE;M;;;920
2,02E+11;18;9;27;1935;5;2;2;1;3;12;COURS DE L'ILE SEGUIN;M;4882731;223456;920
2,02E+11;18;9;30;1305;1;2;1;1;3;12;JEAN BAPTISTE CLEMENT (A;M;4884411;223351;920
2,02E+11;18;9;30;1900;1;2;1;1;2;12;MARECHAL DE LATTRE DE TA;M;4884075;222751;920
2,02E+11;18;10;2;2055;5;2;1;1;3;12;REINE (ROUTE DE LA) 39/1;M;4886965;224001;920
2,02E+11;18;10;3;1330;1;2;2;8;3;12;NATIONALE (RUE) 1/37 - 2;M;4882481;224419;920
2,02E+11;18;10;3;1815;1;2;9;1;6;12;EST (RUE DE L') 1/FIN -;M;4884279;224374;920
2,02E+11;18;10;4;955;2;2;1;1;3;75;VICTOR HUGO (AVENUE);M;4882210;228530;920
2,02E+11;18;10;5;1325;1;2;1;1;6;12;SAINT DENIS (RUE);M;4884538;223198;920
2,02E+11;18;10;5;2015;5;2;1;1;6;12;MEUDON (RUE DE) - COTE P;M;4882568;224201;920
2,02E+11;18;10;7;1600;1;2;1;2;6;12;JEAN JAURES (BOULEVARD);M;4883088;224494;920
2,02E+11;18;10;8;915;1;2;2;1;6;12;REPUBLIQUE (BOULEVARD DE;M;4883273;224846;920
2,02E+11;18;10;13;1325;1;2;2;1;3;12;BONTEMPS (rue Marcel);M;4882553;224190;920
2,02E+11;18;10;13;1740;1;2;2;1;3;12;GENERAL LECLERC (AVENUE;M;4883186;223736;920
2,02E+11;18;10;16;2000;5;2;2;1;6;12;JEAN JAURES (BOULEVARD);M;4883777;224152;920
2,02E+11;18;10;19;938;1;2;1;1;3;12;GENERAL LECLERC (AVENUE;M;4883248;224028;920
2,02E+11;18;10;21;1400;1;2;1;1;3;12;GENERAL LECLERC (AVENUE;M;4883142;223614;920
2,02E+11;18;10;25;1755;1;2;1;1;3;12;AUTEUIL (BOULEVARD D') -;M;4884734;224336;920
2,02E+11;18;10;30;811;1;2;2;2;6;12;TILLEULS (RUE DES) 1/67;M;4884502;223724;920
2,02E+11;18;11;1;45;4;2;1;2;7;12;GEORGES GORSE (QUAI);M;4882510;223571;920
2,02E+11;18;11;1;1513;1;2;1;2;6;12;LE CORBUSIER (RUE);M;4883774;224049;920
2,02E+11;18;11;3;1230;1;2;1;1;2;12;GENERAL LECLERC (AVENUE;M;4883290;224094;920
2,02E+11;18;11;7;830;1;2;1;2;3;12;QUATRE SEPTEMBRE (QUAI D;M;4884320;222600;920
2,02E+11;18;11;12;2231;5;2;1;1;2;12;REINE (ROUTE DE LA) 39/1;M;4883979;224018;920
2,02E+11;18;11;13;1310;1;2;3;1;3;12;VICTOR HUGO (AVENUE) 49/;M;4883694;224314;920
2,02E+11;18;11;20;800;2;2;1;2;2;12;REINE (ROUTE DE LA) 82/F;M;4884039;223423;920
2,02E+11;18;11;20;1010;2;2;9;2;6;12;VICTOR HUGO (AVENUE) 49/;M;4883520;224452;920
2,02E+11;18;11;20;1905;5;2;2;2;3;12;ANDRE MORIZET (AVENUE) 1;M;4883500;224100;920
2,02E+11;18;11;22;1640;1;2;2;1;3;12;JEAN JAURES (BOULEVARD);M;4884502;223723;920
2,02E+11;18;11;23;710;5;2;2;1;3;12;EDOUARD VAILLANT (AVENUE;M;4883549;224949;920
2,02E+11;18;11;25;1210;1;2;1;2;6;12;JEAN JAURES (BOULEVARD);M;4884188;223866;920
2,02E+11;18;11;25;1830;5;2;2;1;3;12;REPUBLIQUE (BOULEVARD DE;M;4883302;224638;920
2,02E+11;18;11;27;1700;5;2;1;2;3;12;REINE (ROUTE DE LA) 1/37;M;4883854;225184;920
2,02E+11;18;11;28;1600;1;2;1;1;2;12;REINE (ROUTE DE LA) 39/1;M;4883914;224820;920
2,02E+11;18;12;4;811;2;2;3;2;3;12;REINE (ROUTE DE LA) 39/1;M;4884042;223378;920
2,02E+11;18;12;4;2230;5;2;2;1;3;12;CHARLES DE GAULLE (AVENU;M;4884908;223710;920
2,02E+11;18;12;5;1315;1;2;1;1;6;12;NATIONALE (RUE) 1/37 - 2;M;4882530;224369;920
2,02E+11;18;12;6;1829;5;2;2;1;3;12;REINE (ROUTE DE LA) 1/37;M;4883854;225165;920
2,02E+11;18;12;12;1205;1;2;1;1;6;12;BILLANCOURT (RUE DE) 106;M;4883340;223772;920
2,02E+11;18;12;12;1250;1;2;1;1;6;12;ANDRE MORIZET (AVENUE) 1;M;4883449;224217;920
2,02E+11;18;12;12;1315;1;2;1;1;6;12;SEVRES (RUE DE) 1/55 - 2;M;4883589;222799;920
2,02E+11;18;12;12;1910;5;2;1;1;6;12;SILLY (RUE DE) 1/87 - 2/;M;4883700;223213;920
2,02E+11;18;12;15;2123;5;2;1;2;6;12;JEAN JAURES (BOULEVARD);M;4884169;223908;920
2,02E+11;18;12;18;1230;1;2;1;1;6;12;REINE (ROUTE DE LA) 1/37;M;4883854;225185;920
2,02E+11;18;12;19;1335;1;2;2;1;6;12;AGUESSEAU (RUE D') 91/FI;M;4883735;223778;920
2,02E+11;18;12;26;1130;1;2;1;1;6;40;VERDUN (AVENUE DE) DU 11;M;4881805;225123;920
2,02E+11;18;12;27;1955;5;2;2;1;2;12;THIERS (RUE) 2/82 BIS -;M;4883239;225174;920
2,02E+11;18;1;16;1815;5;2;3;2;3;19;LONGUET CHARLES (RUE);M;4876432;226524;920
2,02E+11;18;1;19;1930;5;2;1;2;6;71;15  COLBERT (BOULEVARD);M;4877856;229701;920
2,02E+11;18;3;4;1615;1;2;2;8;3;32;LANGEVIN PAUL (AVENUE);M;4878429;229355;920
2,02E+11;18;3;6;2305;5;2;1;2;6;71;27/27  CHERRIER ALPHONSE;M;4877425;228815;920
2,02E+11;18;4;17;820;1;2;1;1;6;32;32  JAURES JEAN (RUE);M;4879110;228468;920
2,02E+11;18;5;9;735;1;2;1;1;6;19;8  MAIL DES HOUSSIERES (;M;4876781;226968;920
2,02E+11;18;5;24;815;1;2;3;1;3;19;RENOIR AUGUSTE (ALLEE);M;4876489;226539;920
2,02E+11;18;5;25;1915;1;2;1;1;3;32;2 bis  LOMBARD (AVENUE);M;4878470;229361;920
2,02E+11;18;5;31;1705;1;2;7;1;6;71;GENERAL DE GAULLE (PLACE;M;4877866;229128;920
2,02E+11;18;6;3;1040;1;2;1;1;3;19;90  LONGUET JEAN (RUE);M;4876750;227962;920
2,02E+11;18;5;24;905;1;2;1;1;6;32;6  DE GAULLE GENERAL (PL;M;4879168;228751;920
2,02E+11;18;6;7;1750;1;2;1;1;6;71;99  BOUR5G LA REINE (AVE;M;4878519;230384;920
2,02E+11;18;6;10;1900;1;2;3;3;3;19;358  LECLERC DIVISION (A;M;4876536;226032;920
2,02E+11;18;5;11;1520;1;2;2;1;3;19;JUSTICE (CHEMIN);M;4876670;226441;920
2,02E+11;18;6;23;1045;1;2;1;7;3;71;14  RUE Emile MOREL;M;4877765;228853;920
2,02E+11;18;6;20;720;1;2;1;1;3;19;355  DIVISION LECLERC (A;M;4876926;224946;920
2,02E+11;18;8;25;2130;2;2;3;1;3;19;DIVISION LECLERC (AVENUE;M;4876667;225580;920
2,02E+11;18;11;12;2315;5;2;1;8;6;71;GENERAL LECLERC (AVENUE;M;4877551;231374;920
2,02E+11;18;12;12;855;1;2;3;1;6;19;SALENGRO ROGER (RUE);M;4876709;227255;920
2,02E+11;18;12;21;920;1;2;1;3;3;32;LANGEVIN PAUL (AVENUE);M;4878320;228610;920
2,02E+11;18;1;18;1915;5;2;2;2;3;23;104  HENRI BARBUSSE (AVE;M;4841307;225803;920
2,02E+11;18;1;19;2015;5;2;1;1;2;23;477  GENERAL DE GAULLE (;M;4877941;223691;920
2,02E+11;18;1;22;325;5;2;1;2;6;23;204  HENRI BARBUSSE (AVE;M;4881645;225346;920
2,02E+11;18;1;26;1840;5;2;1;1;6;60;1  ESCARGOT D'OR PASSAG;M;4878136;226239;920
2,02E+11;18;1;24;1515;1;2;6;1;2;23;207  PORTE DE TRIVAUX (R;M;4878455;223485;920
2,02E+11;18;1;27;1920;5;2;1;1;3;23;1  PAIX (AVENUE DE LA);M;4881491;227767;920
2,02E+11;18;1;12;2020;2;2;8;1;7;23;27  PAUL VAILLANT COUTUR;M;4880247;226383;920
2,02E+11;18;1;31;735;5;2;1;2;3;23;50  VICTOR HUGO (AVENUE);M;4880425;226735;920
2,02E+11;18;1;25;325;5;2;1;2;6;23;1  VILLACOUBLAY (AVENUE;M;4878421;223371;920
2,02E+11;18;2;1;845;1;2;2;3;3;23;00  MOULIN DE PIERRE (RU;M;4880765;226395;920
2,02E+11;18;1;31;930;1;2;1;2;3;23;82  MOULIN DE PIERRE (RU;M;4880959;226697;920
2,02E+11;18;2;13;1545;1;2;1;2;6;23;9  PETITS PONTS (CHEMIN;M;4878642;225101;920
2,02E+11;18;2;21;950;1;2;2;1;6;23;0  PORTE DE TRIVAUX (RUE;M;4878535;224050;920
2,02E+11;18;2;22;1210;1;2;1;1;7;23;22  VANVES (RUE DE);M;4881206;227203;920
2,02E+11;18;2;4;1900;5;2;1;1;5;23;PAVE BLANC (ROUTE DU) N°;M;4878457;223794;920
2,02E+11;18;3;13;2005;5;2;1;1;2;23;43  COMMANDANT DUVAL (RU;M;4878089;223311;920
2,02E+11;18;3;19;950;1;2;1;4;6;23;104  HENRI BARBUSSE (AVE;M;4881315;225809;920
2,02E+11;18;2;16;910;1;2;1;1;3;60;0  EDOUARD HERRIOT (AVEN;M;4878214;225291;920
2,02E+11;18;2;8;1915;5;2;1;1;6;23;0  COMMANDANT DUVAL (RUE;M;4878072;223295;920
2,02E+11;18;3;23;1920;5;2;1;1;6;23;64  CHATILLON (RUE DE);M;4880171;227430;920
2,02E+11;18;3;29;1250;1;2;1;1;6;23;11  PAVE BLANC (ROUTE DU;M;4878132;223868;920
2,02E+11;18;3;29;1530;1;2;1;1;6;23;101  HENRI BARBUSSE (AVE;M;4881452;225759;920
2,02E+11;18;4;7;2200;5;2;1;1;3;60;2 BIS  CHARLES DE GAULLE;M;4878287;226602;920
2,02E+11;18;4;6;810;1;2;1;1;6;23;492  GENERAL DE GAULLE (;M;4877898;223546;920
2,02E+11;18;3;16;1400;1;2;2;1;3;23;26  GAITE (RUE DE LA);M;4877940;223420;920
2,02E+11;18;4;11;1610;1;2;1;1;7;23;25  JEAN BAPTISTE CLEMEN;M;4879896;226805;920
2,02E+11;18;4;18;1935;1;2;1;1;2;20;150  VERDUN AVENUE DE AU;M;4879420;227272;920
2,02E+11;18;3;17;1622;1;2;1;4;6;60;69  ROBINSON (AVENUE DE);M;4877951;227484;920
2,02E+11;18;4;3;830;1;2;1;1;6;60;07  ALLIES (PLACE DES);M;4877573;225692;920
2,02E+11;18;4;18;1850;1;2;3;1;1;23;11b  SCHNEIDER (AVENUE);M;4880581;225747;920
2,02E+11;18;4;12;2155;5;2;2;2;3;23;0  GENERAL DE GAULLE (AV;M;4879008;226287;920
2,02E+11;18;4;13;845;1;2;1;1;3;23;235  GENERAL DE GAULLE (;M;4878651;225429;920
2,02E+11;18;5;4;755;1;2;1;1;3;23;81  JEAN JAURES (AVENUE);M;4880529;226672;920
2,02E+11;18;5;11;1700;1;2;1;1;6;60;11  PAUL LANGEVIN (AVENU;M;4877762;225023;920
2,02E+11;18;5;15;125;5;2;2;1;3;23;235  GENERAL DE GAULLE (;M;4878646;225412;920
2,02E+11;18;5;16;815;1;2;1;1;6;23;21  GABRIEL PERI (RUE);M;4880298;226700;920
2,02E+11;18;4;21;1830;1;2;2;1;3;60;EDOUARD HERRIOT (AVENUE);M;4878236;225890;920
2,02E+11;18;5;16;2130;1;2;1;1;2;60;1  PAUL LANGEVIN (AVENUE;M;4878218;225313;920
2,02E+11;18;4;23;1240;1;2;9;1;6;23;76  PLAISANCE (RUE DE);M;4877851;223022;920
2,02E+11;18;4;24;825;1;2;1;1;3;23;514  GENERAL DE GAULLE (;M;4877836;223403;920
2,02E+11;18;4;25;2215;5;2;2;1;3;23;0  FRERES VIGOUROUX (BOU;M;4881426;227813;920
2,02E+11;18;6;11;830;1;2;1;1;5;23;41  PAVE BLANC (ROUTE DU;M;4878318;223832;920
2,02E+11;18;4;21;225;5;2;2;1;3;23;557  GENERAL DE GAULLE (;M;4877699;223101;920
2,02E+11;18;6;20;830;1;2;2;1;6;23;11  CHARLES DEBRY (RUE);M;4877936;223407;920
2,02E+11;18;5;5;1440;1;2;2;1;3;23;0  GARENNE (ROUTE DE LA);M;4877924;222851;920
2,02E+11;18;5;9;915;1;2;1;1;6;23;61  JEAN JAURES (AVENUE);M;4880429;226620;920
2,02E+11;18;6;4;1615;1;2;9;1;6;23;73  PLAISANCE (RUE DE);M;4877824;222966;920
2,02E+11;18;6;5;745;1;2;1;2;2;23;41  PLAISANCE (RUE DE);M;4877903;223157;920
2,02E+11;18;5;24;2115;2;2;1;1;3;60;12  GRANDE RUE;M;4878057;226220;920
2,02E+11;18;7;4;1815;1;2;1;1;6;23;169  PORTE DE TRIVAUX (R;M;4878943;225217;920
2,02E+11;18;6;5;1635;1;2;1;1;6;60;0  CHARLES DE GAULLE (AV;M;4878154;226381;920
2,02E+11;18;6;8;1640;1;2;1;1;1;23;54  GENERAL DE GAULLE (A;M;4879242;226842;920
2,02E+11;18;6;27;1545;1;2;1;1;2;23;0  PORTE DE TRIVAUX (RUE;M;4878846;224982;920
2,02E+11;18;7;7;1550;1;2;1;1;2;60;6  GRANDE RUE;M;4878091;226236;920
2,02E+11;18;6;22;1810;1;2;1;1;3;60;86  CHARLES DE GAULLE (A;M;4877673;225697;920
2,02E+11;18;7;10;1945;1;2;2;1;2;23;133  GENERAL DE GAULLE (;M;4879010;226292;920
2,02E+11;18;7;20;100;5;2;2;1;3;60;1  PAUL LANGEVIN (AVENUE;M;4878215;225291;920
2,02E+11;18;7;21;1540;1;2;2;1;3;23;33  FLEURY (RUE DE);M;4881338;226704;920
2,02E+11;18;7;25;2310;5;2;1;1;3;23;320  GENERAL DE GAULLE (;M;4878486;224973;920
2,02E+11;18;7;26;1150;1;2;1;1;6;23;VICTOR HUGO (AVENUE);M;4880475;226797;920
2,02E+11;18;7;27;1600;1;2;2;1;3;60;PAUL LANGEVIN (AVENUE) (;M;4878227;225311;920
2,02E+11;18;7;30;1750;1;2;1;1;6;23;PLAISANCE (RUE DE);M;4877903;223136;920
2,02E+11;18;6;30;230;5;2;9;1;2;23;39  CHATILLON (RUE DE);M;4880492;226879;920
2,02E+11;18;6;13;1810;1;2;4;1;6;23;0  PAUL ANDRILLON (RUE);M;4878026;222846;920
2,02E+11;18;7;31;1255;1;2;1;1;6;23;GATHELOT (RUE);M;4879862;226486;920
2,02E+11;18;6;30;730;1;2;4;1;5;23;181  GENERAL DE GAULLE (;M;4878870;225888;920
2,02E+11;18;8;2;2040;1;2;2;1;2;60;CHARLES DE GAULLE (AVENU;M;4877763;225880;920
2,02E+11;18;8;3;2135;5;2;2;1;3;60;PAUL LANGEVIN (AVENUE) (;M;4878222;225311;920
2,02E+11;18;6;29;935;1;2;1;1;3;23;557  GENERAL DE GAULLE (;M;4877740;223136;920
2,02E+11;18;6;29;1005;1;2;1;1;6;60;9  PAUL LANGEVIN (AVENUE;M;4878194;225273;920
2,02E+11;18;8;10;1825;1;2;2;1;6;23;PAUL VAILLANT COUTURIER;M;4880180;226590;920
2,02E+11;18;9;9;1020;1;2;1;1;6;60;CHARLES DE GAULLE (AVENU;M;4877699;225754;920
2,02E+11;18;9;7;1655;1;2;1;1;3;23;MOULIN DE LA TOUR (BOULE;M;4878882;226649;920
2,02E+11;18;9;10;340;5;2;2;1;3;23;GENERAL DE GAULLE (AV DU;M;4878344;224665;920