Num_Acc;an;mois;jour;hrmn;lum;agg;int;atm;col;com;adr;gps;lat;long;dep
2,02E+11;18;2;22;1645;1;2;1;7;6;26;01  PAUL NAPOLEON ROINAR;M;4889676;224869;920
2,02E+11;18;3;1;840;2;2;3;4;3;26;Armand Sylvestre (rue);M;;;920
2,02E+11;18;3;6;800;1;2;1;1;6;26;ALMA;M;;;920
2,02E+11;18;3;7;825;1;2;1;2;3;26;67  SAINT-DENIS BD DE (0;M;4889739;226176;920
2,02E+11;18;3;11;2120;5;2;1;1;1;26;3  COLOMBES;M;4889741;225651;920
2,02E+11;18;3;12;930;1;2;3;8;3;26;VICTOR HUGO (DE 47 A FIN;M;;;920
2,02E+11;18;3;15;1815;1;2;1;3;3;26;5  ARISTIDE BRIAND;M;4889934;225769;920
2,02E+11;18;3;24;1150;1;2;1;1;3;26;MISSION MARCHAND (COTE I;M;4890225;223940;920
2,02E+11;18;3;26;1035;1;2;1;1;3;26;VERDUN (DE 62 A FIN);M;4890302;225811;920
2,02E+11;18;3;27;1010;1;2;1;2;6;26;32  BITCHE;M;;;920
2,02E+11;18;4;1;1950;2;2;1;1;6;26;VERDUN (DE 01 A 61);M;4890016;226148;920
2,02E+11;18;4;10;2110;5;2;3;1;3;26;PAUL DOUMER;M;;;920
2,02E+11;18;4;12;1850;1;2;1;2;3;26;JEAN BART;M;4890155;225152;920
2,02E+11;18;4;18;1730;1;2;1;1;3;26;76  AVENUE GAMBETTA;M;4889365;224870;920
2,02E+11;18;4;20;1625;1;2;1;1;3;26;LAMBRECHTS;M;4889818;225805;920
2,02E+11;18;4;21;1520;1;2;1;1;3;26;29  VERDUN 1916 ( AVENUE;M;4889871;226236;920
2,02E+11;18;3;8;930;1;2;1;1;3;26;27  GEORGES CLEMENCEAU;M;4890288;227227;920
2,02E+11;18;4;29;2225;5;2;1;2;6;26;51  MISSION MARCHAND (CO;M;4898770;224009;920
2,02E+11;18;5;2;1145;1;2;1;1;2;26;60  MISSION MARCHAND (CO;M;4889912;224015;920
2,02E+11;18;5;2;1300;1;2;1;1;6;26;56  PAIX;M;4890300;226729;920
2,02E+11;18;5;6;1030;1;2;1;1;3;26;31  ALMA;M;4889648;225239;920
2,02E+11;18;5;7;1850;1;2;1;1;3;26;VERDUN (DE 62 A FIN);M;4890043;226092;920
2,02E+11;18;5;17;1255;1;2;6;1;3;26;JEAN MERMOZ (SQUARE ET P;M;4890253;227470;920
2,02E+11;18;5;18;1310;1;2;1;1;3;26;PAUL DOUMER;M;4888783;225296;920
2,02E+11;18;5;19;1400;1;2;1;1;2;26;SAINT-DENIS BD (120 A 17;M;4890000;227000;920
2,02E+11;18;5;27;1125;1;2;3;1;3;26;MARECHAL JOFFRE (QUAI DU;M;4890090;227485;920
2,02E+11;18;5;28;1000;1;2;2;1;3;26;BOULEVARD CIRCULAIRE;M;;;920
2,02E+11;18;5;30;2110;2;2;1;1;3;26;FICATIER;M;4889359;225658;920
2,02E+11;18;5;31;2140;5;2;1;1;2;26;25  PRЙSIDENT PAUL DOUME;M;4889000;225000;920
2,02E+11;18;6;7;1915;1;2;9;1;3;26;18  HФTEL DE VILLE (RUE);M;4889572;225673;920
2,02E+11;18;6;8;1700;1;2;3;1;3;26;MISSION MARCHAND (COTE I;M;4890217;223936;920
2,02E+11;18;6;8;2042;1;2;9;1;6;26;12  GENERAL AUDRAN;M;4898481;225179;920
2,02E+11;18;6;11;1011;1;2;2;2;3;26;CAYLA;M;4890010;226568;920
2,02E+11;18;6;11;1840;1;2;1;3;3;26;111  SAINT-DENIS BD DE (;M;4889000;226000;920
2,02E+11;18;6;12;802;1;2;3;3;3;26;111  VERDUN 1916 ( AVENU;M;4890410;226060;920
2,02E+11;18;6;15;1400;1;2;9;1;6;26;38  MARCEAU;M;4890192;224382;920
2,02E+11;18;6;18;1645;1;2;1;1;5;26;MARECHAL JOFFRE (QUAI DU;M;4889675;226474;920
2,02E+11;18;6;22;1920;1;2;1;1;6;26;49  COLOMBES (RUE) DE;M;4889988;225642;920
2,02E+11;18;6;24;1625;1;2;1;1;6;26;22 SEPTEMBRE ( RUE DU );M;4890727;227692;920
2,02E+11;18;6;29;1908;1;2;1;1;3;26;9  INDUSTRIE (RUE DE L');M;4889000;225000;920
2,02E+11;18;6;30;1815;1;2;1;1;6;26;BEZONS  (DE 01 A 22);M;4889000;225000;920
2,02E+11;18;7;5;1452;1;2;1;1;2;26;132  VERDUN (DE 62 A FIN;M;4890443;226069;920
2,02E+11;18;7;5;1805;1;2;1;1;1;26;6  SAINT THOMASEN ARGONN;M;4889904;226162;920
2,02E+11;18;7;9;800;2;2;1;7;6;26;80  EUROPE ( AVENUE DE L;M;4890000;225000;920
2,02E+11;18;7;11;445;2;2;1;1;4;26;59  MARECHAL JOFFRE (QUA;M;4890026;227412;920
2,02E+11;18;7;12;2028;1;2;2;1;5;26;GAULTIER (RUE);M;4889779;22400;920
2,02E+11;18;6;30;1830;1;2;1;1;5;26;JOFFRE ( DE 02 A 26 ET D;M;4889278;225942;920
2,02E+11;18;7;12;1930;1;2;1;1;6;26;BERTHELOT;M;4889735;223903;920
2,02E+11;18;7;20;1700;1;2;1;1;2;26;26  PAIX;M;4886667;233333;920
2,02E+11;18;7;22;1800;1;2;2;1;3;26;68  BEZONS (DE 23 A FIN);M;4892568;221584;920
2,02E+11;18;8;2;1310;1;2;9;1;6;26;VERDUN (DE 62 A FIN);M;4890518;225627;920
2,02E+11;18;8;6;1230;1;2;1;1;4;26;NEUILLY (BD ET PONT DE);M;4888777;225245;920
2,02E+11;18;8;19;1200;1;2;4;1;3;26;BEZONS (DE 23 A FIN);M;4880000;224000;920
2,02E+11;18;8;24;915;1;2;2;1;3;26;CHARRAS;M;4889508;224999;920
2,02E+11;18;8;25;310;5;2;2;2;3;26;VERDUN (DE 01 A 61);M;4890040;226093;920
2,02E+11;18;9;3;2025;5;2;1;1;2;26;SAINT-DENIS BD (120 A 17;M;4889921;226679;920
2,02E+11;18;7;22;1150;1;2;1;1;3;26;34  COLOMBES;M;4889861;225660;920
2,02E+11;18;8;1;1840;1;2;1;1;2;26;VERDUN (DE 62 A FIN);M;4890315;225801;920
2,02E+11;18;9;2;1320;1;2;3;1;3;26;MARECHAL JOFFRE (QUAI DU;M;;;920
2,02E+11;18;9;5;1050;1;2;9;1;6;26;ALMA;M;4889689;225509;920
2,02E+11;18;9;6;840;1;2;1;8;3;26;MARECHAL JOFFRE (QUAI DU;M;4889921;227127;920
2,02E+11;18;9;11;2200;5;2;1;1;1;26;ABREUVOIR;M;4889154;225446;920
2,02E+11;18;9;19;1725;1;2;1;1;2;26;COLOMBES;M;;;920
2,02E+11;18;9;21;820;1;2;1;3;6;26;EDITH CAVELL (DE 47 A FI;M;4890421;226739;920
2,02E+11;18;9;22;1200;1;2;9;1;6;26;RЙPUBLIQUE ( DE 82 A FIN;M;4890315;225644;920
2,02E+11;18;9;22;1745;1;2;1;8;6;26;MISSION MARCHAND (COTE P;M;4889753;224054;920
2,02E+11;18;9;24;1850;1;2;1;1;2;26;MARECHAL JOFFRE (QUAI DU;M;;;920
2,02E+11;18;9;30;1105;1;1;1;1;4;26;PAUL DOUMER (QUAI DU PDT;M;;;920
2,02E+11;18;10;4;1733;2;2;1;1;5;26;VERDUN (DE 01 A 61);M;4890001;226109;920
2,02E+11;18;10;4;2235;5;2;3;1;3;26;PRЙSIDENT PAUL DOUMER (Q;M;4889009;225617;920
2,02E+11;18;10;5;1943;5;2;9;1;3;26;BEZONS  (DE 01 A 22);M;4889000;224000;920
2,02E+11;18;10;6;1037;1;2;6;1;3;26;TROIS FRИRES LEBOEUF (PL;M;;;920
2,02E+11;18;10;8;745;2;2;1;1;3;26;VERDUN (DE 62 A FIN);M;4890000;220000;920
2,02E+11;18;10;10;849;1;2;4;1;3;26;MARECHAL JOFFRE (QUAI DU;M;4889751;226643;920
2,02E+11;18;10;15;1740;1;2;1;1;6;26;MISSION MARCHAND (COTE I;M;4889977;223972;920
2,02E+11;18;10;17;1000;1;2;1;1;2;26;LOUIS BLANC ( RUE );M;;;920
2,02E+11;18;10;18;2200;5;2;2;1;3;26;COLOMBES;M;4890316;225600;920
2,02E+11;18;10;19;2120;4;2;2;1;2;26;ABREUVOIR;M;4889100;225000;920
2,02E+11;18;10;26;930;1;2;1;8;2;26;SAINT-DENIS BD DE (01 A;M;4889806;226368;920
2,02E+11;18;10;27;1045;1;2;9;1;3;26;ALMA;M;4889648;225229;920
2,02E+11;18;11;6;2100;5;2;4;1;6;26;ABOUKIR;M;4889300;224000;920
2,02E+11;18;11;12;1845;5;2;3;1;3;26;VERDUN (DE 62 A FIN);M;4890131;225999;920
2,02E+11;18;11;12;1947;5;2;3;1;3;26;SAINT DENIS BD (120 A 17;M;4889915;226651;920
2,02E+11;18;11;20;2110;5;2;1;1;2;26;MARECHAL JOFFRE (QUAI DU;M;4890276;228301;920
2,02E+11;18;11;25;1415;1;2;1;2;6;26;COLOMBES;M;4890349;225608;920
2,02E+11;18;11;27;1900;5;2;1;2;6;26;ALMA;M;4889675;225431;920
2,02E+11;18;11;29;1700;5;2;1;1;2;26;KILFORD;M;;;920
2,02E+11;18;12;2;2315;5;2;6;2;3;26;BEZONS  (DE 01 A 22);M;4889000;225000;920
2,02E+11;18;12;1;2200;5;2;9;2;6;26;LEON BOURSIER;M;4889000;226000;920
2,02E+11;18;12;9;1400;1;2;1;2;3;26;SAINT DENIS BD (120 A 17;M;4889750;226209;920
2,02E+11;18;12;10;1130;1;2;3;2;2;26;MARECHAL JOFFRE (QUAI DU;M;4890000;228000;920
2,02E+11;18;12;12;1655;5;2;1;1;2;26;MARECHAL JOFFRE (QUAI DU;M;4890092;22757;920
2,02E+11;18;12;14;835;1;2;1;1;7;26;EMILE DESCHANEL (IMPASSE;M;4890022;224157;920
2,02E+11;18;12;14;2220;5;2;3;1;3;26;MARECHAL JOFFRE (QUAI DU;M;4890068;227522;920
2,02E+11;18;12;15;1920;5;2;3;2;3;26;AJOUX;M;4890000;227000;920
2,02E+11;18;12;18;620;5;2;9;1;3;26;LEON BOURSIER;M;4889680;226459;920
2,02E+11;18;12;18;1750;5;2;6;1;6;26;11 NOVEMBRE ( AVENUE );M;4890200;227400;920
2,02E+11;18;12;23;1934;5;2;3;8;6;26;PRЙSIDENT PAUL DOUMER (Q;M;4889188;225810;920
2,02E+11;18;1;10;645;5;2;1;2;7;26;Rue Fйlix EBOUE;M;4889430;223510;920
2,02E+11;18;1;16;1455;1;2;1;1;5;62;56  DEMI-LUNE (ROUTE DE;M;4889320;223520;920
2,02E+11;18;2;1;845;1;2;1;1;3;26;BOULEVARD CIRCULAIRE;M;4888900;225070;920
2,02E+11;18;2;13;1140;2;2;1;1;2;26;BOULEVARD CIRCULAIRE;M;4888970;225000;920
2,02E+11;18;2;22;900;1;2;3;1;2;26;STRASBOURG;M;4889090;224760;920
2,02E+11;18;3;9;1830;2;2;1;2;6;26;PRЙSIDENT PAUL DOUMER (Q;M;4888770;225310;920
2,02E+11;18;4;19;715;1;2;2;1;3;26;BOULEVARD CIRCULAIRE;M;4889276;224528;920
2,02E+11;18;3;27;1735;1;2;1;2;2;62;GENERAL DE GAULLE (AV;M;4888701;223243;920
2,02E+11;18;5;4;1747;1;2;4;1;3;62;GENERAL DE GAULLE (AVENU;M;;;920
2,02E+11;18;5;10;2309;5;2;9;1;3;62;1  DEFENSE (ROND POINT D;M;;;920
2,02E+11;18;5;25;1905;5;1;1;1;2;62;RN 192;M;4888980;224310;920
2,02E+11;18;6;4;828;1;2;1;8;6;26;ANDRE PROTHIN (AVENUE);M;4889147;224321;920
2,02E+11;18;6;4;1756;1;2;1;1;3;26;BOULEVARD CIRCULAIRE;M;4888979;225015;920
2,02E+11;18;7;17;2045;2;2;1;1;6;62;PARVIS  LE;M;4889251;223578;920
2,02E+11;18;7;16;9;5;2;1;1;6;62;CHERBOURG (ROSACE DE);M;4888858;223570;920
2,02E+11;18;8;24;915;1;2;1;1;7;62;LA GRANDE ARCHE;M;4889000;223000;920
2,02E+11;18;8;29;20;5;1;1;1;7;62;PARVIS (LE);M;4889247;223697;920
2,02E+11;18;9;7;944;1;1;1;8;3;62;DEMI-LUNE (ROUTE DE LA);M;4889403;223672;920
2,02E+11;18;9;20;2055;5;2;3;1;3;26;DES BATISSEURS (VOIE);M;4889049;224755;920
2,02E+11;18;10;19;1050;1;2;1;1;2;26;BOULEVARD CIRCULAIRE;M;4889440;224407;920
2,02E+11;18;10;30;1638;1;1;1;8;3;62;BOULEVARD CIRCULAIRE;M;4889069;223423;920
2,02E+11;18;11;9;1800;5;2;1;1;7;62;CARPEAUX (PLACE);M;4889000;223000;920
2,02E+11;18;12;7;1320;1;1;2;2;3;26;ALBERT GLEIZES (AVENUE);M;4889280;224520;920
2,02E+11;18;12;8;1105;1;2;1;1;1;26;RUE MICHEL ANGE;M;4889550;223577;920
2,02E+11;18;12;27;2100;5;2;1;8;6;26;ALBERT GLEIZES (AVENUE);M;4889183;224295;920
2,02E+11;18;12;29;600;5;2;1;1;2;26;BOULEVARD CIRCULAIRE;M;4888977;224992;920
2,02E+11;18;1;10;1727;1;2;3;2;3;35;41  National ( boulevard;M;4893460;223934;920
2,02E+11;18;2;1;1630;1;2;6;1;3;35;3  Europe ( rond point d;M;4890519;225606;920
2,02E+11;18;2;2;1230;1;2;1;1;6;35;4  National ( boulevard;M;4890236;22397;920
2,02E+11;18;3;21;1500;1;2;2;1;6;35;6  Martin Bernard ( rue;M;4891069;224592;920
2,02E+11;18;4;3;745;2;2;1;1;6;35;31  Rйpublique ( bouleva;M;4890626;22488;920
2,02E+11;18;4;10;1120;1;2;1;1;7;35;52  Rйpublique ( bouleva;M;4890637;224882;920
2,02E+11;18;4;20;1625;1;2;1;1;2;35;47  Rйpublique ( bouleva;M;4890670;224602;920
2,02E+11;18;4;21;2105;5;2;1;1;2;35;179  Pierre Joigneaux (;M;4891119;225555;920
2,02E+11;18;5;3;2030;1;2;2;1;3;35;National ( boulevard );M;4990686;223874;920
2,02E+11;18;5;4;1015;1;2;1;1;7;35;1  Verdun 1916 ( avenue;M;4890675;223865;920
2,02E+11;18;5;4;1035;1;2;1;1;3;35;60  Gйnйral de Gaulle  (;M;4891021;225501;920
2,02E+11;18;5;15;1940;1;2;1;1;2;35;75  Rйpublique ( bouleva;M;4890709;22420;920
2,02E+11;18;5;21;2018;1;2;1;2;3;35;38  Rйpublique ( bouleva;M;4890609;225075;920
2,02E+11;18;5;22;2040;1;2;1;3;7;35;41  Gйnйral de Gaulle  (;M;4891099;225481;920
2,02E+11;18;5;30;1300;1;2;9;1;3;35;41  National ( boulevard;M;4890449;22391;920
2,02E+11;18;6;1;2105;5;2;1;2;2;35;9  Verdun 1916 ( avenue;M;4890615;223690;920
2,02E+11;18;6;6;1715;1;2;6;1;2;35;Europe ( rond point de l;M;4890565;22559;920
2,02E+11;18;6;13;2100;2;2;2;1;3;35;36  Pierre Brossolette (;M;4890341;225226;920
2,02E+11;18;6;22;38;5;2;1;1;6;35;16  Aigle ( rue de l' );M;4890978;225278;920
2,02E+11;18;7;4;1145;1;2;1;1;6;35;47  Rйpublique ( bouleva;M;4890663;224595;920
2,02E+11;18;7;11;640;1;2;4;1;6;35;28  Joffre ( avenue );M;4890678;224357;920
2,02E+11;18;7;13;1040;1;2;5;1;1;35;1  Joseph Froment ( aven;M;4891290;225753;920
2,02E+11;18;8;3;905;1;2;9;1;2;35;Gйnйral de Gaulle  ( ave;M;4890929;225526;920
2,02E+11;18;7;31;1133;1;2;1;1;6;35;Rйpublique ( boulevard d;M;4890681;224453;920
2,02E+11;18;8;11;2030;1;2;9;1;3;35;National ( boulevard );M;4890450;223910;920
2,02E+11;18;8;8;2330;5;2;2;1;7;35;Gйnйral de Gaulle  ( ave;M;4891098;225479;920
2,02E+11;18;9;10;1220;1;2;3;1;3;35;Verdun 1916 ( avenue de;M;4890543;223479;920
2,02E+11;18;9;14;1500;1;2;7;1;3;35;Belgique ( Place de );M;4890670;223896;920
2,02E+11;18;9;20;925;1;2;4;1;3;35;Rйpublique ( boulevard d;M;4890603;225095;920
2,02E+11;18;9;29;1235;1;2;1;1;3;35;Rйpublique ( boulevard d;M;;;920
2,02E+11;18;10;10;1720;1;2;3;1;3;35;National ( boulevard );M;4890227;223945;920
2,02E+11;18;10;12;2210;3;2;6;1;3;35;Europe ( rond point de l;M;4890554;225574;920
2,02E+11;18;10;20;1830;2;2;1;1;3;35;Verdun 1916 ( avenue de;M;4890659;223818;920
2,02E+11;18;10;25;1400;1;2;3;1;2;35;National ( boulevard );M;4890484;22394;920
2,02E+11;18;10;26;1410;1;2;2;1;3;35;National ( boulevard );M;4890668;223880;920
2,02E+11;18;10;28;20;4;2;3;1;3;35;Verdun 1916 ( avenue de;M;4890432;223219;920
2,02E+11;18;11;8;1715;2;2;4;1;4;35;Chвteau ( rue du );M;4890635;225558;920
2,02E+11;18;11;12;800;2;2;3;2;6;35;Champs Philippe (rue des;M;4890583;223597;920
2,02E+11;18;11;16;1727;5;2;3;1;2;35;Verdun 1916 ( avenue de;M;4890576;22358;920
2,02E+11;18;11;20;835;2;2;6;2;3;35;Europe ( rond point de l;M;4890524;225575;920
2,02E+11;18;11;23;2339;5;2;1;3;6;35;REPUBLIQUE (BD) DE LA;M;4890570;225350;920
2,02E+11;18;11;26;1820;5;2;1;1;6;35;Rйpublique ( boulevard d;M;4890686;224485;920
2,02E+11;18;11;28;2200;3;2;2;8;6;35;Raymond Ridel ( rue );M;4890444;225165;920
2,02E+11;18;12;20;1645;2;2;2;1;3;35;Auguste Buisson ( rue );M;4890920;225340;920
2,02E+11;18;12;24;1230;1;2;1;1;3;35;National ( boulevard );M;4890549;223936;920
2,02E+11;18;1;1;730;5;2;1;1;6;36;  CAMELINAT (BOULEVARD);M;;;920
2,02E+11;18;1;5;1810;5;2;3;2;3;36;11  GENERAL DE GAULLE (A;M;4800000;220000;920
2,02E+11;18;1;12;650;5;2;3;1;3;36;0  ARGENTEUIL (AVENUE D';M;4800000;220000;920
2,02E+11;18;1;12;710;2;2;3;1;6;36;0  RUE GEORGES SAND;M;4800000;220000;920
2,02E+11;18;1;13;1825;5;2;9;1;6;36;0  GABRIEL PERI (AVENUE);M;4800000;220000;920
2,02E+11;18;1;12;1850;5;2;2;1;3;36;0  MARCEL PAUL (AVENUE);M;4800000;220000;920
2,02E+11;18;1;13;1945;5;2;1;1;6;36;14  COUTURE D'AUXERRE (R;M;;;920
2,02E+11;18;1;15;1950;5;2;1;2;6;36;16  MARCEL PAUL (AVENUE);M;;;920
2,02E+11;18;1;18;740;2;2;2;2;6;36;0  LOUIS ROCHE (AVENUE);M;4800000;220000;920
2,02E+11;18;1;22;1245;1;2;3;2;3;36;0  MARCEL PAUL (AVENUE);M;4800000;220000;920
2,02E+11;18;1;22;2220;5;2;1;1;6;36;0  PRINCIPALE DU PORT (R;M;;;920
2,02E+11;18;1;25;1900;5;2;1;1;1;36;16  GALLIENI (BOULEVARD);M;;;920
2,02E+11;18;1;27;2215;3;1;1;1;6;36;44  LENINE (AVENUE);M;4800000;220000;920
2,02E+11;18;1;31;1900;5;2;1;1;7;36;0  PRINCIPALE DU PORT (R;M;4800000;220000;920
2,02E+11;18;2;1;1850;5;2;2;1;3;36;0  GABRIEL PERI (AVENUE);M;4800000;220000;920
2,02E+11;18;2;2;2110;5;2;1;1;5;36;282  GRESILLONS (AVENUE;M;;;920
2,02E+11;18;2;10;2000;5;2;1;2;6;36;122  GENERAL DE GAULLE (;M;;;920
2,02E+11;18;2;20;1245;1;2;6;1;6;36;0  PIERRE TIMBAUD (RUE);M;;;920
2,02E+11;18;3;2;1745;1;2;3;1;6;36;0  AVENUE DES GRESILLONS;M;4800000;220000;920
2,02E+11;18;3;7;1350;1;2;1;1;2;36;0  AZALEES (RUE DES);M;4800000;220000;920
2,02E+11;18;3;7;1430;1;2;2;1;3;36;0  PIERRE DE COUBERTIN P;M;4800000;220000;920
2,02E+11;18;3;20;910;1;2;1;1;2;36;9  CHAMPS FOURGONS (RUE;M;4800000;220000;920
2,02E+11;18;3;21;720;1;2;1;1;4;36;99  MARCEL PAUL (AVENUE);M;4800000;220000;920
2,02E+11;18;3;22;650;1;2;1;1;6;36;0  PETIT GENEVILLIERS (Q;M;4800000;220000;920
2,02E+11;18;3;24;1400;1;2;1;1;3;36;AVENUE DES GRESILLONS;M;4800000;220000;920
2,02E+11;18;3;27;1930;1;2;1;2;3;36;118  GABRIEL PERI (AVENU;M;4800000;220000;920
2,02E+11;18;3;30;1915;1;2;1;1;2;36;291  ARGENTEUIL (AVENUE;M;4800000;220000;920
2,02E+11;18;4;3;1700;1;2;1;2;3;36;129  LOUIS ROCHE (AVENUE;M;4800000;220000;920
2,02E+11;18;4;5;1715;1;2;1;1;6;36;11  MERCIERES (ROUTE DES;M;4800000;220000;920
2,02E+11;18;4;7;1358;1;2;1;1;6;36;42  LOUIS CALMEL (RUE) (;M;4800000;220000;920
2,02E+11;18;4;9;1700;1;2;1;9;6;36;12  LOUISE MICHEL (PAIRS;M;4800000;220000;920
2,02E+11;18;4;9;2000;5;2;1;3;2;36;02  CAMELINAT (BOULEVARD;M;4800000;220000;920
2,02E+11;18;4;13;715;1;2;1;1;2;36;GABRIEL PERI (AVENUE) (1;M;4800000;220000;920
2,02E+11;18;4;20;1700;1;2;3;1;3;36;0  LOUIS ROCHE (AVENUE);M;;;920
2,02E+11;18;4;21;1230;1;2;1;1;6;36;40  LOUIS ROCHE (AVENUE);M;4800000;220000;920
2,02E+11;18;4;24;1450;1;2;6;1;6;36;0  PIERRE TIMBAUD (RUE);M;4800000;220000;920
2,02E+11;18;4;25;900;1;2;1;1;6;36;17  LOUIS ROCHE (AVENUE);M;4800000;220000;920
2,02E+11;18;5;2;2250;5;2;1;1;6;36;0  rue  Louis Calmel;M;4800000;220000;920
2,02E+11;18;5;12;1650;1;2;1;2;2;36;LAURENT CELY (AVENUE);M;4800000;220000;920
2,02E+11;18;5;17;1825;1;2;1;1;3;36;26-54  rue  Louis Calmel;M;4800000;220000;920
2,02E+11;18;5;23;1000;1;2;1;1;7;36;60  LOUIS CALMEL (RUE) (;M;4800000;220000;920
2,02E+11;18;5;18;930;1;2;1;1;3;36;0  MARCEL PAUL (AVENUE);M;4800000;220000;920
2,02E+11;18;5;25;630;1;2;1;1;1;36;0  PIERRE DE COUBERTIN P;M;4800000;220000;920
2,02E+11;18;5;21;1645;1;2;1;1;3;36;PRINCIPALE DU PORT (ROUT;M;4800000;220000;920
2,02E+11;18;5;27;1725;1;1;1;1;7;36;04  PRINCIPALE DU PORT (;M;4800000;220000;920
2,02E+11;18;5;24;2210;5;2;1;1;7;36;0  FELICIE (RUE);M;4800000;220000;920
2,02E+11;18;6;3;100;5;2;1;1;2;36;1  MARCEL PAUL (AVENUE);M;4800000;220000;920
2,02E+11;18;6;4;910;1;2;1;1;3;36;0  LOUIS ROCHE (AVENUE);M;4800000;220000;920
2,02E+11;18;6;13;840;1;2;1;1;6;36;80  HENRI BARBUSSE;M;4800000;220000;920
2,02E+11;18;6;8;1025;1;2;1;1;7;36;0  PIERRE DE COUBERTIN P;M;4800000;220000;920
2,02E+11;18;6;15;2130;5;2;1;1;2;36;0  MARCEL PAUL (AVENUE);M;4800000;220000;920
2,02E+11;18;6;17;235;5;2;2;1;2;36;0  GABRIEL PERI (AVENUE);M;4800000;220000;920
2,02E+11;18;6;25;1630;1;1;1;1;2;36;0  PRINCIPALE DU PORT (R;M;4800000;220000;920
2,02E+11;18;6;22;1245;1;2;1;1;2;36;30  GENEAL DE GAULLE (AV;M;;;920
2,02E+11;18;6;27;5;5;2;1;1;3;36;68  CHANDON (AVENUE) (62;M;4800000;220000;920
2,02E+11;18;6;23;2000;1;2;2;1;3;36;0  19 MARS 1962;M;;;920
2,02E+11;18;6;25;1135;1;2;1;1;2;36;0  rue  Louis Calmel;M;4800000;220000;920
2,02E+11;18;6;28;1338;1;2;1;1;6;36;62  VILLEBOIS MAREUIL (R;M;4800000;220000;920
2,02E+11;18;7;9;1510;1;2;1;1;3;36;LOUIS ROCHE (AVENUE) (1/;M;4800000;220000;920
2,02E+11;18;7;10;1730;1;2;2;1;3;36;GENERAL DE GAULLE (AVENU;M;4800000;220000;920
2,02E+11;18;7;12;900;1;2;1;1;3;36;125  LOUIS ROCHE (AVENUE;M;4800000;220000;920
2,02E+11;18;7;12;1040;1;2;2;1;3;36;4  LOUIS ROCHE (AVENUE);M;4892343;232122;920
2,02E+11;18;7;20;930;1;2;1;1;7;36;0  MOULIN DE CAGE (QUAI;M;4892313;232781;920
2,02E+11;18;7;27;1445;1;2;2;1;2;36;PAUL VAILLANT COUTURIER;M;4892201;230568;920
2,02E+11;18;7;30;1700;1;2;2;1;3;36;GRESILLONS (QUAI DES);M;4892119;232510;920
2,02E+11;18;8;13;2215;5;2;2;1;3;36;LOUIS CASTEL (RUE) (2/60;M;;;920
2,02E+11;18;8;6;1130;1;2;6;1;3;36;PIERRE TIMBAUD (RUE) (PA;M;4893356;230260;920
2,02E+11;18;7;28;1730;1;2;1;1;4;36;MARCEL PAUL (AVENUE) (2/;M;4893776;230413;920
2,02E+11;18;8;21;1200;1;2;2;1;2;36;CHANDON (AVENUE) (1/63);M;4892196;229990;920
2,02E+11;18;8;21;1520;1;2;3;1;3;36;LOUIS ROCHE (AVENUE) (1/;M;4892692;231449;920
2,02E+11;18;8;29;825;1;2;3;2;3;36;GRESILLONS (AVENUE DES);M;4892084;231775;920
2,02E+11;18;9;7;905;1;2;2;1;2;36;LOUIS ROCHE (AVENUE) (1/;M;4892209;223370;920
2,02E+11;18;9;12;1615;1;2;6;1;7;36;PRINCIPALE DU PORT (ROUT;M;4893803;227856;920
2,02E+11;18;9;16;900;1;2;1;1;2;36;JULES VERNE (RUE);M;4892160;229988;920
2,02E+11;18;9;16;1810;1;2;1;1;6;36;GEORGE SAND (RUE) (PAIRS;M;4892660;228685;920
2,02E+11;18;9;19;1920;1;2;1;1;2;36;DEQUEVAUVILLIERS (BOULEV;M;4894587;230605;920
2,02E+11;18;9;21;810;2;2;2;2;3;36;PIERRE DE COUBERTIN PROL;M;4893579;227976;920
2,02E+11;18;9;24;1800;1;2;1;1;6;36;JEAN JAURES (RUE) (35/+);M;4892964;229497;920
2,02E+11;18;9;25;1710;1;2;2;1;3;36;MARCEL PAUL (AVENUE) (1/;M;4893646;230392;920
2,02E+11;18;9;26;1745;1;2;1;1;6;36;CHEVRINS (RUE DES) (2);M;4893055;229165;920
2,02E+11;18;9;30;1520;1;2;2;1;3;36;GENERAL DE GAULLE (AVENU;M;4893379;231339;920
2,02E+11;18;10;1;740;2;2;3;1;3;36;GABRIEL PERI (AVENUE) (1;M;4892762;229490;920
2,02E+11;18;10;3;1030;1;2;2;1;3;36;DIX NEUF  MARS 1962 (RUE;M;4891890;229917;920
2,02E+11;18;10;6;1140;1;2;7;1;6;36;DOCTEUR ROUX (PLACE DU);M;4892743;229470;920
2,02E+11;18;10;8;1940;5;2;1;1;6;36;LUCIEN LANTERNIER (AVENU;M;4893252;229159;920
2,02E+11;18;10;9;1645;1;2;3;1;6;36;PAUL VAILLANT COUTURIER;M;4891697;229964;920
2,02E+11;18;10;15;1550;1;2;2;1;3;36;MOULIN DE CAGE (QUAI DU);M;4892114;232496;920
2,02E+11;18;10;16;845;1;2;1;1;6;36;MOULIN DE CAGE (QUAI DU);M;4892102;232516;920
2,02E+11;18;10;19;805;1;2;1;1;3;36;MARCEL PAUL (AVENUE) (1/;M;4894738;230498;920
2,02E+11;18;10;21;1310;1;2;2;1;1;36;LOUIS ROCHE (AVENUE) (15;M;4892335;232132;920
2,02E+11;18;10;25;900;1;2;1;1;2;36;CHAMPS FOURGONS (RUE DES;M;4894172;229538;920
2,02E+11;18;10;1;810;1;2;1;1;3;36;GABRIEL PERI (AVENUE) (1;M;4892250;229476;920
2,02E+11;18;10;26;1630;1;2;1;1;6;36;LUCIEN LANTERNIER (AVENU;M;4893287;229297;920