Num_Acc;an;mois;jour;hrmn;lum;agg;int;atm;col;com;adr;gps;lat;long;dep
2,02E+11;18;2;21;1815;2;2;1;1;6;51;112  ACHILLE PERETTI (AV;M;4888580;227047;920
2,02E+11;18;3;6;1050;1;2;1;1;6;51;15  JEAN MERMOZ (BOULEVA;M;4888531;227005;920
2,02E+11;18;3;8;1020;1;2;1;1;6;51;17  EGLISE (RUE DE L');M;4888617;226448;920
2,02E+11;18;3;13;900;1;2;3;1;3;51;66  BOURDON (BOULEVARD);M;4889360;226780;920
2,02E+11;18;1;22;830;5;2;1;2;6;51;70  ROULE (AVENUE DU  N°;M;4888352;228066;920
2,02E+11;18;3;16;1930;5;2;1;1;3;51;116  BINEAU (BOULEVARD ;M;4888790;227384;920
2,02E+11;18;3;19;1230;1;2;1;8;3;51;90  MAURICE BARRES (BOUL;M;;;920
2,02E+11;18;2;17;1600;1;2;1;1;2;51;34  CHARLES DE GAULLE (A;M;4888189;226872;920
2,02E+11;18;3;25;1930;5;2;1;2;6;51;134  BINEAU (BOULEVARD ;M;4888879;227384;920
2,02E+11;18;3;26;410;5;2;1;1;6;51;190  CHARLES DE GAULLE (;M;4888605;225713;920
2,02E+11;18;4;8;2225;5;2;9;1;3;51;41  CHARLES DE GAULLE (A;M;4888189;226862;920
2,02E+11;18;4;19;545;3;2;1;1;5;51;73  CHARLES DE GAULLE (A;M;4888215;226890;920
2,02E+11;18;4;19;1250;1;2;1;1;2;51;20  GENERAL LECLERC (BOU;M;4888845;225827;920
2,02E+11;18;4;24;1710;1;2;1;1;4;51;103  BINEAU (BOULEVARD ;M;4888811;227532;920
2,02E+11;18;4;25;1855;1;2;1;1;2;51;209  CHARLES DE GAULLE (;M;4888500;225889;920
2,02E+11;18;4;26;15;5;2;1;1;2;51;44  CHARLES DE GAULLE (A;M;4888189;226872;920
2,02E+11;18;4;27;1315;1;2;1;1;6;51;70  CHARLES DE GAULLE (A;M;4888189;226872;920
2,02E+11;18;4;28;1250;1;2;1;1;3;51;CHARLES DE GAULLE (AVENU;M;4888344;227452;920
2,02E+11;18;5;3;1545;1;2;1;1;1;51;9 bis  RICHARD WALLACE (;M;4887714;224949;920
2,02E+11;18;5;4;2038;2;2;1;1;3;51;122  MAURICE BARRES (BOU;M;;;920
2,02E+11;18;5;6;1600;1;2;6;7;3;51;11  MADRID (AVENUE DE);M;;;920
2,02E+11;18;5;9;1000;1;2;1;1;2;51;BINEAU (BOULEVARD  N°133;M;4888775;227779;920
2,02E+11;18;5;17;830;1;2;1;1;6;51;88  VICTOR HUGO (BOULEVA;M;4888000;228000;920
2,02E+11;18;5;19;1920;1;2;1;1;6;51;11  MADRID (AVENUE DE);M;4888269;226151;920
2,02E+11;18;5;23;1000;1;2;9;1;6;51;11  BINEAU (BOULEVARD  N;M;4888733;228031;920
2,02E+11;18;5;24;1830;1;2;1;1;3;51;58  CHARLES DE GAULLE (A;M;4888189;226872;920
2,02E+11;18;5;25;135;5;2;5;1;3;51;33  BINEAU (BOULEVARD  N;M;4888879;227384;920
2,02E+11;18;5;25;1630;1;2;1;3;1;51;11  CHARTRES (RUE DE );M;4888007;279664;920
2,02E+11;18;5;28;1230;1;2;1;1;1;51;4  GENERAL LECLERC (BOUL;M;4888705;225655;920
2,02E+11;18;5;30;350;5;2;1;1;6;51;31  COMMANDANT CHARCOT (;M;4887471;225505;920
2,02E+11;18;3;12;1655;1;2;1;1;5;51;141  GENERAL KOENIG (BB);M;4888412;225440;920
2,02E+11;18;7;6;1124;1;2;3;1;6;51;62  CHARLES DE GAULLE (A;M;;;920
2,02E+11;18;7;6;1702;1;2;1;1;2;51;131  bld KOENING;M;4887787;224784;920
2,02E+11;18;7;13;120;5;2;1;1;4;51;60  CHARLES DE GAULLE (A;M;4888189;226872;920
2,02E+11;18;7;20;1115;1;2;1;8;6;51;LONGCHAMP (RUE DE);M;4887797;225175;920
2,02E+11;18;7;23;1010;1;2;8;1;3;51;204  BINEAU (BOULEVARD ;M;4888493;226827;920
2,02E+11;18;7;24;1420;1;2;1;1;2;51;45  CHARLES DE GAULLE (A;M;4887945;227721;920
2,02E+11;18;8;16;920;1;2;1;1;2;51;CHARLES DE GAULLE (AVENU;M;4888010;227457;920
2,02E+11;18;9;1;2000;1;2;1;1;3;51;DELABORDERE (RUE);M;4887852;222545;920
2,02E+11;18;9;5;915;1;2;1;1;3;51;ROULE (AVENUE DU  N° 29;M;4888224;227859;920
2,02E+11;18;9;6;820;1;2;1;1;2;51;CHARLES DE GAULLE (AVENU;M;4888450;226233;920
2,02E+11;18;9;6;1030;1;2;1;2;4;51;CHARLES DE GAULLE (AVENU;M;4887935;227716;920
2,02E+11;18;9;7;750;1;2;1;1;6;51;ACHILLE PERETTI (AVENUE ;M;4888359;227207;920
2,02E+11;18;9;14;920;1;2;9;1;6;51;INKERMANN (BOULEVARD D');M;;;920
2,02E+11;18;9;20;1800;1;2;1;1;3;51;VICTOR HUGO (BOULEVARD ;M;4888758;227953;920
2,02E+11;18;9;20;1830;1;2;9;1;1;51;BINEAU (BOULEVARD  N°53;M;4888879;227384;920
2,02E+11;18;10;4;900;1;2;1;1;4;51;CHARLES DE GAULLE (AVENU;M;4888180;226900;920
2,02E+11;18;10;4;908;1;2;3;1;3;51;BINEAU (BOULEVARD  N°133;M;4888879;227384;920
2,02E+11;18;10;4;1245;1;2;3;1;3;51;VILLIERS (RUE DE  N° 21;M;4889108;227879;920
2,02E+11;18;10;10;805;1;2;1;1;3;51;ROULE (AVENUE DU  N° 29;M;;;920
2,02E+11;18;10;23;715;5;2;1;1;2;51;CHARLES DE GAULLE (AVENU;M;4889108;226872;920
2,02E+11;18;10;26;1000;1;2;1;1;2;51;CHARLES DE GAULLE (AVENU;M;4888189;226872;920
2,02E+11;18;10;26;1913;5;2;1;2;6;51;MAURICE BARRES (BOULEVAR;M;4887972;226482;920
2,02E+11;18;11;4;1445;1;2;2;1;3;51;INKERMANN (BOULEVARD D');M;4888049;227638;920
2,02E+11;18;11;5;2245;5;2;3;1;3;51;GENERAL LECLERC (BOULEVA;M;4889025;226093;920
2,02E+11;18;11;13;1115;1;2;9;1;3;51;GENERAL LECLERC (BOULEVA;M;4889194;226622;920
2,02E+11;18;11;16;1120;1;2;1;1;3;51;HOTEL DE VILLE (RUE DE L;M;4888580;227047;920
2,02E+11;18;11;16;1730;5;2;2;1;3;51;BINEAU (BOULEVARD  N°53;M;4889231;226887;920
2,02E+11;18;11;20;1230;1;2;1;2;6;51;CHARLES DE GAULLE (AVENU;M;4888193;227018;920
2,02E+11;18;11;22;1330;1;2;1;8;3;51;CHATEAU (BOULEVARD DU);M;4889405;227713;920
2,02E+11;18;11;23;2255;5;2;2;3;3;51;ARMENONVILLE (RUE D');M;4888146;227944;920
2,02E+11;18;12;10;2257;5;2;1;1;5;51;CHARLES DE GAULLE (AVENU;M;4488189;226872;920
2,02E+11;18;12;11;2230;5;2;1;1;6;51;DAMES AUGUSTINES (RUE DE;M;4888570;228069;920
2,02E+11;18;12;18;1815;5;2;2;1;6;51;CHARLES LAFFITTE (RUE);M;4887916;227462;920
2,02E+11;18;1;7;1710;2;2;1;1;4;62;31  DE DION BOUTON (QUAI;M;4888078;224481;920
2,02E+11;18;1;10;2245;5;2;1;1;2;62;55  BAS-ROGERS (RUE DES);M;4888084;222780;920
2,02E+11;18;1;25;745;5;2;2;2;6;62;176  JAURES (RUE JEAN);M;4887970;223546;920
2,02E+11;18;1;27;1130;1;2;1;1;2;62;17  BLANCHE RUE AUGUSTE);M;4887926;223949;920
2,02E+11;18;2;2;950;1;2;1;1;6;62;34  VOILIN (RUE LUCIEN);M;4888202;223472;920
2,02E+11;18;2;20;1940;5;2;1;2;6;62;1  WALLACE (BD RICHARD);M;4887700;224300;920
2,02E+11;18;2;23;1400;1;2;1;1;2;62;52 DE DION BOUTON (QUAI);M;4888410;224950;920
2,02E+11;18;3;2;1110;1;2;2;1;6;62;2  BAS-ROGERS (RUE DES);M;;;920
2,02E+11;18;3;14;1;5;2;3;1;6;62;1  JAURES (RUE JEAN) DU;M;4888394;224488;920
2,02E+11;18;4;1;1805;1;2;2;1;3;62;14  LAFARGUES (RUE PAUL);M;;;920
2,02E+11;18;4;3;1630;1;2;1;2;6;62;23  WALLACE (BD RICHARD);M;4887986;223979;920
2,02E+11;18;4;3;1740;1;1;1;3;3;62;GENERAL DE GAULLE (AV) D;M;4889027;224024;920
2,02E+11;18;4;8;1645;1;2;2;1;3;62;ARAGO (RUE);M;4888520;224690;920
2,02E+11;18;4;10;1830;1;2;1;1;6;62;43  WALLACE (BD RICHARD);M;4888041;223852;920
2,02E+11;18;4;12;2242;5;2;1;2;6;62;1  WALLACE (BD RICHARD);M;4887883;224184;920
2,02E+11;18;4;22;2030;1;2;2;2;3;62;80  GENERAL DE GAULLE (A;M;4888703;223112;920
2,02E+11;18;5;4;1645;1;2;1;1;7;62;159  PDT WILSON (Avenue);M;4888456;222673;920
2,02E+11;18;5;16;1205;1;2;1;1;2;62;11  DE DION BOUTON (QUAI;M;4887765;224163;920
2,02E+11;18;5;16;1835;1;2;1;1;6;62;5 bis  JAURES (RUE JEAN);M;4888528;224984;920
2,02E+11;18;5;25;940;1;2;9;1;2;62;29  DE DION BOUTON (QUAI;M;4887939;224410;920
2,02E+11;18;5;26;1330;1;2;2;1;6;62;1BIS  WALLACE (BD RICHAR;M;4887889;224160;920
2,02E+11;18;5;29;1405;1;2;1;2;6;62;33  FRANCE (RUE  ANATOLE;M;4888530;224040;920
2,02E+11;18;5;31;1550;1;2;2;1;6;62;DE DION BOUTON (QUAI) DU;M;4887857;224257;920
2,02E+11;18;6;15;830;1;2;1;1;2;62;10  PARMENTIER (RUE);M;4887779;223992;920
2,02E+11;18;6;26;1950;1;2;1;1;2;62;30  WALLACE (BD RICHARD);M;4887970;224020;920
2,02E+11;18;6;28;900;1;1;1;1;3;62;59  DE DION BOUTON (QUAI;M;4888560;225128;920
2,02E+11;18;6;26;2010;1;2;2;1;3;62;42  BAS-ROGERS (RUE DES);M;4888124;222643;920
2,02E+11;18;6;28;950;1;2;1;1;2;62;0  ROND POINT DE LA LIBE;M;4888696;224525;920
2,02E+11;18;6;28;1745;1;2;1;1;3;62;47  DE DION BOUTON (QUAI;M;4888320;224851;920
2,02E+11;18;7;3;1950;1;2;1;1;2;62;GENERAL DE GAULLE (AVENU;M;4888610;223036;920
2,02E+11;18;7;6;2020;1;2;1;1;6;62;13  PALISSY (RUE BERNARD;M;4888227;222825;920
2,02E+11;18;7;16;1010;1;2;2;1;3;62;LAFARGUES (RUE PAUL);M;4888520;224700;920
2,02E+11;18;7;26;1110;1;2;7;1;3;62;GENERAL DE GAULLE (AV) D;M;4888539;222805;920
2,02E+11;18;8;27;1050;1;2;1;1;2;62;DE DION BOUTON (QUAI) DU;M;4887796;224201;920
2,02E+11;18;9;11;1120;1;2;1;1;4;62;DE DION BOUTON (QUAI) DU;M;4888126;224569;920
2,02E+11;18;9;17;1900;1;2;1;1;6;62;WALLACE (BD RICHARD) DU;M;4887912;224161;920
2,02E+11;18;9;21;1855;1;2;2;1;3;62;PUTEAUX (PONT DE);M;4887731;224398;920
2,02E+11;18;9;27;1820;1;2;1;1;6;62;CARTAULT (RUE);M;4888219;223133;920
2,02E+11;18;10;2;1850;2;2;9;2;2;62;KUPKA (RUE FRANCK) TOUR;M;4889100;223299;920
2,02E+11;18;10;6;1740;1;2;2;1;3;62;PUTEAUX (PONT DE);M;4887000;224000;920
2,02E+11;18;10;16;1003;1;2;9;1;3;62;GENERAL DE GAULLE (AV) D;M;4888761;223249;920
2,02E+11;18;10;16;1100;2;2;1;1;2;62;WALLACE (BD RICHARD);M;4887872;224196;920
2,02E+11;18;10;16;2320;5;2;2;1;3;62;PUTEAUX (PONT DE);M;4887840;224264;920
2,02E+11;18;10;19;1120;1;2;3;1;3;62;DE DION BOUTON (QUAI) DU;M;4888556;225111;920
2,02E+11;18;10;27;1800;1;2;1;1;2;62;GENERAL DE GAULLE (AV) D;M;4888561;222784;920
2,02E+11;18;10;27;1120;1;2;3;1;2;62;DE DION BOUTON (QUAI) DU;M;4888399;224918;920
2,02E+11;18;11;8;2045;5;2;1;1;6;62;DE DION BOUTON (QUAI) DU;M;4887711;224066;920
2,02E+11;18;11;10;1600;1;2;2;2;6;62;REPUBLIQUE (RUE DE LA) D;M;4888000;223000;920
2,02E+11;18;11;10;1720;5;2;1;1;2;62;PDT WILSON (Avenue);M;4888528;222492;920
2,02E+11;18;11;16;1610;1;2;9;1;3;62;LAFARGUES (RUE PAUL);M;4888594;224615;920
2,02E+11;18;11;19;1850;2;2;6;8;7;62;BERGERES (RD-PT DES) DU;M;4888506;222624;920
2,02E+11;18;11;23;1715;5;2;3;1;3;62;WALLACE (BD RICHARD) DU;M;4887985;224002;920
2,02E+11;18;12;3;1120;1;2;4;2;2;62;DE DION BOUTON (QUAI) DU;M;4888553;225147;920
2,02E+11;18;12;4;2130;5;2;3;1;3;62;DE DION BOUTON (QUAI) DU;M;4887000;224000;920
2,02E+11;18;12;13;930;1;2;6;1;6;62;GENERAL DE GAULLE (AV) D;M;4888552;222808;920
2,02E+11;18;12;13;1045;1;2;2;1;6;62;PDT WILSON (Avenue);M;4888515;222626;920
2,02E+11;18;12;31;1715;5;2;1;1;6;62;WALLACE (BD RICHARD) DU;M;4887992;223972;920
2,02E+11;18;1;10;750;4;2;6;2;3;63;RICHELIEU (PLACE);M;4887348;218155;920
2,02E+11;18;1;13;1630;1;2;2;1;3;63;114  DOUMER (AVENUE PAUL;M;4888123;218425;920
2,02E+11;18;1;14;1105;1;2;1;1;6;63;03  VAILLANT-COUTURIER (;M;4887728;218162;920
2,02E+11;18;1;14;1215;1;2;1;1;3;63;168  EMPEREUR (ROUTE DE;M;4886385;218091;920
2,02E+11;18;1;17;818;5;2;2;2;2;63;****  DANTON (RUE);M;4887780;219687;920
2,02E+11;18;1;25;1315;1;2;1;1;3;63;11  BROSSOLETTE (RUE PIE;M;4888058;218158;920
2,02E+11;18;1;30;2200;5;2;6;2;3;63;MONTBRISON (RUE DU);M;4885803;219381;920
2,02E+11;18;2;14;1245;1;2;1;1;6;63;228  BONAPARTE (AVENUE N;M;4887726;217295;920
2,02E+11;18;3;9;1315;1;2;1;1;2;63;08-10  BUZENVAL (AVENUE;M;4886802;218590;920
2,02E+11;18;3;12;600;5;2;2;1;3;63;****  Bretelle A86;M;4889136;217685;920
2,02E+11;18;3;20;1340;1;2;3;1;3;63;HOPITAL STELL (BOU;M;4887866;218655;920
2,02E+11;18;3;20;1220;1;2;3;1;3;63;DANTON (RUE);M;4887721;219897;920
2,02E+11;18;3;31;1120;1;2;9;1;6;63;02  GUE (BOULEVARD DU);M;4887957;218522;920
2,02E+11;18;4;4;2050;5;2;1;2;2;63;237  BONAPARTE (AVENUE N;M;4887011;215839;920
2,02E+11;18;4;7;2300;5;2;3;1;3;63;17/19  GALLIENI (RUE);M;4887481;220105;920
2,02E+11;18;4;10;1920;1;2;2;1;3;63;44  GALLIENI (RUE);M;4886885;220365;920
2,02E+11;18;4;22;2055;2;2;1;1;6;63;02  DIX-HUIT JUIN 1940 (;M;4886896;218696;920
2,02E+11;18;4;23;10;5;2;1;1;6;63;09  TALUS (RUE DES);M;4886896;220806;920
2,02E+11;18;5;3;1535;1;2;1;1;6;63;37/39  GALLIENI (RUE);M;4887190;220314;920
2,02E+11;18;5;20;2300;5;2;1;1;1;63;32  BELLE RIVE (BOULEVAR;M;4888154;216249;920
2,02E+11;18;5;22;1250;1;2;1;1;6;63;01  PARENT (RUE JULES);M;4888173;218660;920
2,02E+11;18;5;22;1620;1;2;1;1;5;63;56  DIX-NEUF JANVIER (RU;M;4886079;219044;920
2,02E+11;18;5;22;1630;1;2;1;1;1;63;01/03  DROT (RUE CHARLES;M;4987660;218716;920
2,02E+11;18;5;24;840;1;2;2;1;6;63;****  JUIN (AVENUE DU MA;M;4888142;218412;920
2,02E+11;18;5;25;1420;1;2;1;1;6;63;21  CHATEAU (RUE DU);M;4887525;218101;920
2,02E+11;18;5;28;810;1;2;3;1;3;63;DOUMER (AVENUE PAUL);M;4887933;214942;920
2,02E+11;18;5;29;1110;1;2;2;1;6;63;HOPITAL STELL (Bd);M;4887648;218598;920
2,02E+11;18;5;29;1400;1;2;1;1;3;63;27  GALLIENI (RUE);M;4887295;220216;920
2,02E+11;18;5;29;1515;1;2;1;1;2;63;133  DOUMER (AVENUE PAUL;M;4887864;217715;920
2,02E+11;18;5;31;1005;1;2;3;1;2;63;150  DOUMER (AVENUE PAUL;M;4887997;218082;920
2,02E+11;18;6;6;1015;1;2;2;1;4;63;HOPITAL STELL (BD);M;4888114;218437;920
2,02E+11;18;6;7;810;1;2;3;1;3;63;PEREIRE (RUE);M;4888946;217882;920
2,02E+11;18;6;8;715;1;2;1;1;6;63;20  DEUX GARES (RUE DES);M;4889068;217656;920
2,02E+11;18;6;8;745;1;2;3;1;3;63;DIX-HUIT ARPENTS (;M;4886469;218833;920
2,02E+11;18;6;12;1730;1;2;1;1;6;63;107  CHATAIGNERAIE (AVEN;M;4885954;218188;920
2,02E+11;18;6;16;1100;1;2;1;1;2;63;CHATOU (PONT DE);M;4888728;216772;920
2,02E+11;18;6;17;400;5;2;1;1;6;63;66  HUGO (AVENUE VICTOR);M;4888701;217422;920
2,02E+11;18;6;20;950;1;2;4;1;3;63;COLMAR (AVENUE DE);M;4888683;217026;920
2,02E+11;18;6;20;1130;1;2;1;1;6;63;101  DOUMER (AVENUE PAUL;M;4887984;218085;920
2,02E+11;18;6;21;1405;1;2;3;1;2;63;101  DOUMER (AVENUE PAUL;M;4887991;218055;920
2,02E+11;18;6;22;30;5;2;1;1;5;63;15  GALLIENI (RUE);M;4887438;220095;920
2,02E+11;18;7;18;1640;1;2;1;1;6;63;47  DUNANT (RUE HENRI);M;4886385;219207;920
2,02E+11;18;7;23;1745;1;2;2;1;3;63;NATIONAL (BOULEVARD);M;4889010;218063;920
2,02E+11;18;7;23;1940;1;2;2;1;3;63;88  DIX-HUIT JUIN 1940 (;M;4886768;219643;920
2,02E+11;18;7;5;1950;1;2;2;1;3;63;****  BONAPARTE (AVENUE;M;4886987;215733;920
2,02E+11;18;7;26;750;1;2;6;1;3;63;BRU (PLACE DU DOCTEUR JE;M;4887615;220088;920
2,02E+11;18;7;14;30;5;2;1;1;6;63;01  FLAUBERT (RUE GUSTAV;M;4886968;220105;920
2,02E+11;18;7;15;105;5;2;4;1;7;63;VERSAILLES (AVENUE);M;4886791;217069;920
2,02E+11;18;8;2;740;1;2;1;1;3;63;HABY SOMMER (RUE);M;4887443;218816;920
2,02E+11;18;8;30;1900;1;2;1;1;3;63;GALLIENI (RUE);M;4887711;220578;920
2,02E+11;18;9;17;950;1;2;3;1;3;63;HOPITAL STELL (BOULEVARD;M;4887866;218655;920
2,02E+11;18;9;18;900;1;2;3;1;6;63;BONS RAISINS (RUE DES);M;4887341;219182;920
2,02E+11;18;9;18;1730;1;2;2;1;3;63;COLMAR (AVENUE DE);M;4888706;217946;920
2,02E+11;18;9;21;1905;2;2;1;1;3;63;GALLIENI (RUE);M;4887214;220300;920
2,02E+11;18;9;24;755;1;2;4;1;6;63;DOUMER (AVENUE PAUL) EST;M;4888277;218834;920
2,02E+11;18;9;24;1110;1;2;3;1;3;63;JUIN (AVENUE DU MARECHAL;M;4888271;218216;920
2,02E+11;18;9;26;1400;1;2;1;1;6;63;EMPEREUR (ROUTE DE L') E;M;4886562;217818;920
2,02E+11;18;9;29;1235;1;2;1;1;2;63;GALLIENI (RUE);M;4886670;220383;920
2,02E+11;18;9;29;1450;1;2;3;1;3;63;DIX-HUIT JUIN 1940 (AVEN;M;4886601;220238;920
2,02E+11;18;9;29;1900;1;2;1;1;2;63;RICHELIEU (BOULEVARD);M;4887077;218410;920
2,02E+11;18;10;1;810;1;2;1;1;6;63;HOPITAL STELL (BOULEVARD;M;4887681;218631;920
2,02E+11;18;10;5;1710;1;2;2;1;3;63;QUATRE SEPTEMBRE (RUE DU;M;4887571;218222;920
2,02E+11;18;10;6;2310;5;2;2;1;3;63;GALLIENI (RUE);M;4886881;220359;920
2,02E+11;18;10;10;755;2;2;1;1;6;63;SOLFERINO (BOULEVARD);M;4887375;218286;920
2,02E+11;18;10;9;525;5;2;6;1;3;50;PLACE DE LA BOULE;M;4888732;219992;920
2,02E+11;18;10;20;1942;2;2;1;1;6;63;HUGO (AVENUE VICTOR);M;4888444;218190;920
2,02E+11;18;10;22;850;1;2;3;2;3;63;DIX-HUIT JUIN 1940 (AVEN;M;4886479;220774;920
2,02E+11;18;10;22;1830;1;2;1;1;3;63;RICHELIEU (BOULEVARD);M;4887058;218429;920
2,02E+11;18;10;30;1245;1;2;1;1;4;63;DIX-HUIT JUIN 1940 (AVEN;M;4886801;219364;920
2,02E+11;18;10;30;2150;5;2;3;1;3;63;DIX-HUIT JUIN 1940 (AVEN;M;4886568;220301;920
2,02E+11;18;11;6;2020;5;2;1;1;2;63;DANTON (RUE);M;4887677;219998;920
2,02E+11;18;11;8;820;2;2;1;1;3;63;MONTBRISON (RUE DU LIEUT;M;4886409;219714;920
2,02E+11;18;11;9;820;2;2;1;1;2;63;BONAPARTE (AVENUE NAPOLE;M;4887331;216429;920
2,02E+11;18;11;9;1240;1;2;6;1;3;63;MYGATT (AVENUE OTIS);M;4885941;218328;920
2,02E+11;18;11;14;1230;1;2;1;1;6;63;TUCK STELL (AVENUE) NORD;M;4887046;216923;920
2,02E+11;18;11;15;1715;2;2;3;1;2;63;HUGO (AVENUE VICTOR);M;4888440;217809;920
2,02E+11;18;12;4;1815;5;2;2;1;6;63;DIX-HUIT JUIN 1940 (AVEN;M;4886797;219297;920
2,02E+11;18;12;9;2315;5;2;3;2;6;63;BONAPARTE (AVENUE NAPOLE;M;4887078;215914;920
2,02E+11;18;12;21;819;5;2;1;2;6;63;EMPEREUR (ROUTE DE L') E;M;4885899;218951;920
2,02E+11;18;12;22;1220;1;2;1;1;2;63;ROOSEVELT (BOULEVARD FRA;M;4887911;217184;920
2,02E+11;18;12;24;1300;1;2;3;1;3;63;DOUMER (AVENUE PAUL) EST;M;4887889;217748;920
2,02E+11;18;12;24;1528;1;2;1;1;3;63;DOUMER (AVENUE PAUL) EST;M;4888241;218722;920
2,02E+11;18;1;4;1607;1;2;1;2;6;33;56  DIX NEUF JANVIER;M;4885147;219185;920
2,02E+11;18;1;9;1845;2;2;1;2;7;47;HARAS DE JARDY;M;;;920
2,02E+11;18;1;10;1830;5;2;1;1;7;64;27  DAILLY;M;;;920
2,02E+11;18;1;11;845;2;2;1;1;3;33;SURESNES;M;4884718;219717;920
2,02E+11;18;1;11;1145;1;2;1;1;3;64;12  DAILLY;M;4884301;222093;920
2,02E+11;18;1;12;1140;1;2;1;1;7;64;5  PASTEUR;M;;;920
2,02E+11;18;1;20;639;5;2;1;3;6;64;48  CARNOT;M;;;920
2,02E+11;18;1;22;1000;1;2;1;2;2;64;2  CAMP CANADIEN;M;4885671;220954;920
2,02E+11;18;1;23;1900;2;2;1;1;4;47;JARDY;M;4883000;215000;920
2,02E+11;18;1;24;815;1;2;1;2;6;64;16  MONT VALERIEN;M;4885366;221578;920
2,02E+11;18;1;24;1420;1;2;1;1;6;33;17  PORTE JAUNE;M;4884535;219806;920
2,02E+11;18;1;26;2055;5;2;7;1;3;64;LOUIS LOUCHEUR;M;4885953;221359;920
2,02E+11;18;1;30;1730;2;2;1;8;2;64;44  CARNOT;M;4885000;222000;920
2,02E+11;18;2;10;1110;1;2;1;1;7;33;BUZENVAL;M;;;920
2,02E+11;18;2;15;900;1;2;1;2;1;64;47  CARNOT;M;4885091;222334;920
2,02E+11;18;2;16;555;5;2;3;1;3;64;3  CAMP CANADIEN;M;4885291;220590;920
2,02E+11;18;2;16;1100;1;2;1;1;2;64;  REPUBLIQUE;M;4884749;221438;920
2,02E+11;18;2;27;1450;1;2;2;1;6;64;4  FRANCIS CHAVETON;M;4885890;221170;920
2,02E+11;18;2;28;1100;1;2;1;1;6;76;98  BOULEVARD DE LA REPU;M;4883748;215398;920
2,02E+11;18;3;15;1715;1;2;2;2;3;76;BOULEVARD DE LA REPUBLIQ;M;4884678;216908;920
2,02E+11;18;3;15;2147;5;2;1;3;6;76;95  BOULEVARD DE LA REPU;M;4883748;215386;920
2,02E+11;18;3;20;2210;4;2;3;1;1;64;2  MARECHAL DE LATTRE;M;4885190;221992;920
2,02E+11;18;3;22;845;1;2;1;1;7;64;MARECHAL JUIN;M;4883940;222140;920
2,02E+11;18;3;27;1755;1;2;1;1;6;33;57  SURESNES;M;4884000;219000;920
2,02E+11;18;3;29;830;1;2;1;1;4;47;16  JARDY;M;4883000;215000;920
2,02E+11;18;3;30;2015;1;2;3;1;1;64;55  MARECHAL FOCH;M;4884000;220000;920
2,02E+11;18;4;6;1410;1;2;1;1;7;64;12  SILLY;M;4884422;221850;920
2,02E+11;18;4;10;1515;1;2;1;1;3;47;51  REPUBLIQUE;M;4883768;215993;920
2,02E+11;18;4;9;1951;1;2;3;1;6;64;11  VAL D' OR;M;4885000;220000;920
2,02E+11;18;4;12;915;1;2;1;8;7;33;104  GENERAL DE GAULLE;M;4883994;219105;920
2,02E+11;18;4;13;1125;1;2;9;1;6;64;29  BERNARD PALISSY;M;4885593;222126;920
2,02E+11;18;4;20;2100;3;2;2;1;1;64;52  REPUBLIQUE;M;4884000;-221000;920
2,02E+11;18;4;30;530;5;2;1;3;7;76;JARDY;M;4883233;215305;920
2,02E+11;18;4;30;920;1;2;1;2;7;33;56  DIX NEUF JANVIER;M;4885143;219178;920
2,02E+11;18;5;3;855;1;2;1;1;3;33;107  BUZENVAL;M;4885213;220426;920
2,02E+11;18;5;6;1100;1;2;1;1;6;76;92  BOULEVARD DE LA REPU;M;4883782;215461;920
2,02E+11;18;5;11;1230;1;2;7;1;7;64;G. CLEMENCEAU (PLACE);M;;;920
2,02E+11;18;5;18;415;5;1;1;1;6;76;JARDY HARAS;M;4882839;215145;920
2,02E+11;18;5;22;1335;1;2;2;1;3;64;DAILLY;M;4884587;221877;920
2,02E+11;18;5;25;1710;1;2;1;2;4;33;160  GENERAL DE GAULLE;M;4883912;218789;920
2,02E+11;18;5;26;2020;1;2;2;1;6;12;ANATOLE FRANCE (BOULEVAR;M;4885042;223764;920
2,02E+11;18;5;25;1540;1;2;1;1;6;64;PARC SAINT CLOUD;M;4882943;221506;920
2,02E+11;18;5;29;1605;1;2;3;1;3;64;MONT VALERIEN;M;4885633;221520;920
2,02E+11;18;5;31;930;1;2;1;1;5;64;27  DAILLY;M;4884500;222000;920
2,02E+11;18;6;8;1200;1;2;1;1;1;64;CAMP CANADIEN;M;;;920
2,02E+11;18;6;9;1010;1;2;1;1;2;33;181  PORTE JAUNE;M;4800000;220000;920
2,02E+11;18;6;12;1825;1;2;2;1;7;64;54  REPUBLIQUE;M;4884000;221000;920
2,02E+11;18;6;12;2155;5;2;1;1;6;33;7-9  SUISSES;M;4885335;219641;920
2,02E+11;18;6;13;625;2;2;1;1;1;64;1363  MARCEL DASSAULT;M;4885280;222287;920
2,02E+11;18;6;15;1955;1;2;1;1;6;64;310 GOUNOD (RUE);M;;;920
2,02E+11;18;6;20;830;1;2;1;1;3;47;JARDY;M;4882000;215000;920
2,02E+11;18;6;22;830;1;2;1;1;2;64;272  REPUBLIQUE;M;;;920
2,02E+11;18;6;23;1040;1;2;3;7;3;33;4  GUSTAVE LAMBERT;M;4884062;219357;920
2,02E+11;18;6;24;110;5;2;3;1;3;76;18  BOULEVARD DE LA REPU;M;4883000;216000;920
2,02E+11;18;7;1;650;1;2;1;1;6;33;28  GENERAL DE GAULLE;M;;;920
2,02E+11;18;7;9;215;5;2;1;1;6;64;27  DAILLY;M;;;920
2,02E+11;18;7;10;1940;1;2;1;1;3;47;HARAS DE JARDY;M;;;920
2,02E+11;18;7;13;245;5;2;1;1;6;33;104  RAYMOND POINCARE;M;4884000;217000;920
2,02E+11;18;7;18;1320;1;2;2;1;6;64;1557  CARNOT;M;4885158;222337;920