Num_Acc;an;mois;jour;hrmn;lum;agg;int;atm;col;com;adr;gps;lat;long;dep
2,02E+11;18;7;31;1117;1;2;9;1;5;76;JARDY;M;4883000;215000;920
2,02E+11;18;8;1;1005;1;1;1;1;6;64;PARC SAINT CLOUD;M;4882993;222148;920
2,02E+11;18;8;12;1610;1;2;9;1;3;76;CHASSE ROYALE;M;4883291;214642;920
2,02E+11;18;8;17;1834;1;2;1;1;6;64;REPUBLIQUE;M;4634000;586000;920
2,02E+11;18;8;17;1830;1;2;1;1;3;64;DAILLY;M;4884282;222098;920
2,02E+11;18;8;23;1830;1;2;1;1;6;64;DAILLY;M;4884560;221743;920
2,02E+11;18;8;23;2110;5;2;3;1;3;64;MARCEL DASSAULT;M;4885679;222314;920
2,02E+11;18;8;27;950;1;1;1;2;7;76;NAPOLEON III;M;4883288;214710;920
2,02E+11;18;8;27;930;1;2;1;1;3;76;JARDY (BD DE);M;4882997;215187;920
2,02E+11;18;9;1;2255;5;2;1;1;2;33;PORTE JAUNE;M;;;920
2,02E+11;18;9;3;1115;1;2;1;1;7;64;DAILLY;M;4884271;222104;920
2,02E+11;18;9;4;1110;1;2;3;2;3;76;REPUBLIQUE;M;4883782;216424;920
2,02E+11;18;9;4;1320;1;2;3;2;3;33;DIX NEUF JANVIER;M;4885130;219220;920
2,02E+11;18;9;5;900;1;2;1;1;6;64;GOUNOD;M;4884341;221373;920
2,02E+11;18;9;7;1515;1;2;1;1;2;64;LOUIS PASTEUR;M;4884146;219894;920
2,02E+11;18;9;12;800;1;2;1;1;2;64;PALAIS;M;4884127;222070;920
2,02E+11;18;9;14;815;1;2;9;1;3;64;GOUNOD;M;4884342;221687;920
2,02E+11;18;9;14;1000;1;2;9;1;3;33;GRANDE RUE;M;4884467;218664;920
2,02E+11;18;9;17;1020;1;2;3;7;6;33;DIX NEUF JANVIER;M;4885130;219220;920
2,02E+11;18;9;17;1730;1;2;1;1;6;64;GOUNOD;M;;;920
2,02E+11;18;9;18;2040;5;2;3;1;2;33;PASTEUR;M;4884116;219663;920
2,02E+11;18;9;20;1330;1;2;6;1;3;76;LA CELLE SAINT CLOUD;M;4884663;216936;920
2,02E+11;18;9;22;1530;1;2;9;2;7;76;JARDY (BD DE);M;4883192;215284;920
2,02E+11;18;9;27;1220;1;2;3;1;3;33;SUISSES;M;4885293;216000;920
2,02E+11;18;9;27;1730;1;2;4;1;5;47;HARAS DE JARDY;M;4883042;215211;920
2,02E+11;18;9;27;1830;1;2;1;1;2;64;MARCEL DASSAULT (QUAI);M;4885211;222289;920
2,02E+11;18;9;30;1505;1;2;1;1;4;64;CARNOT (DU PDT);M;4884952;222395;920
2,02E+11;18;10;1;1500;1;2;1;1;6;64;REPUBLIQUE;M;4884923;221376;920
2,02E+11;18;10;3;700;5;2;1;2;7;76;REPUBLIQUE;M;4883717;215078;920
2,02E+11;18;10;6;1630;1;2;1;1;4;64;CARNOT;M;4884490;222360;920
2,02E+11;18;10;8;950;1;2;1;1;2;64;DIX-HUI JUIN;M;;;920
2,02E+11;18;10;12;625;5;2;3;8;3;47;REPUBLIQUE (BD);M;4800000;216000;920
2,02E+11;18;10;22;1240;1;2;1;2;3;33;MARECHAL LECLERC;M;4884462;218695;920
2,02E+11;18;10;23;1715;1;2;1;1;6;64;PARC SAINT CLOUD;M;4883541;221716;920
2,02E+11;18;10;23;2230;5;2;1;1;3;64;REPUBLIQUE;M;4884450;220789;920
2,02E+11;18;11;2;1745;2;2;1;1;6;64;DAILLY;M;4884268;222115;920
2,02E+11;18;11;7;1810;5;2;1;1;6;64;DAILLY;M;4884261;222107;920
2,02E+11;18;11;19;840;2;2;1;1;3;33;DIX NEUF JANVIER;M;4884920;220063;920
2,02E+11;18;11;26;820;2;2;1;2;7;47;IMPERATRICE;M;4882175;215354;920
2,02E+11;18;11;29;815;1;2;1;1;6;64;CARNOT;M;4884263;222265;920
2,02E+11;18;12;7;345;5;2;1;8;6;47;JARDY;M;4883183;215254;920
2,02E+11;18;12;8;320;5;2;1;1;6;64;FRANCIS CHAVETON;M;4885996;220684;920
2,02E+11;18;12;12;840;1;2;1;1;6;64;CALVAIRE;M;4885071;221760;920
2,02E+11;18;12;16;1440;1;2;1;8;2;64;CAMP CANADIEN;M;4885281;220584;920
2,02E+11;18;12;16;2220;5;2;6;2;2;64;CARNOT;M;4884357;222279;920
2,02E+11;18;12;17;2250;5;2;9;2;1;47;JARDY;M;4883199;215300;920
2,02E+11;18;12;20;1016;1;2;2;1;6;64;REPUBLIQUE;M;4884702;221431;920
2,02E+11;18;1;3;1215;1;2;1;8;6;72;20  BRUYERES (RUE DES);M;4882151;221876;920
2,02E+11;18;1;12;930;1;1;1;1;6;22;.  PAVE DE MEUDON (ROUTE;M;4880073;219329;920
2,02E+11;18;1;24;800;2;2;1;2;2;72;.  MANUFACTURE NATIONALE;M;4882940;222415;920
2,02E+11;18;1;25;1630;1;2;1;2;7;72;2  TROYON (RUE);M;4882715;222474;920
2,02E+11;18;2;2;840;1;2;1;2;3;72;PERI (PLACE GABRIEL);M;4882194;220661;920
2,02E+11;18;2;2;1630;1;2;1;1;3;72;24  TROYON (RUE);M;4882584;222722;920
2,02E+11;18;2;4;1330;1;2;1;1;3;22;48  PAVE DES GARDES (RUE;M;4880554;218483;920
2,02E+11;18;2;9;1205;1;2;1;4;2;77;36  VERSAILLES (RUE DE);M;4882474;218646;920
2,02E+11;18;2;14;2150;5;2;1;2;3;72;04  MIDRIN (RUE PIERRE);M;4882000;221100;920
2,02E+11;18;2;16;1505;1;2;1;1;5;72;15  GRANDE RUE;M;4882681;222089;920
2,02E+11;18;2;19;733;2;2;1;1;6;22;FONTAINE HENRI IV (RUE D;M;4881053;219260;920
2,02E+11;18;2;27;1715;1;2;1;1;6;72;100  GRANDE RUE;M;4882361;220853;920
2,02E+11;18;2;27;2115;5;2;1;1;3;22;SALENGRO (AVENUE ROGE;M;4880857;218753;920
2,02E+11;18;3;7;1905;2;2;1;8;3;72;SAINT CLOUD (RUE DE);M;4883436;222222;920
2,02E+11;18;3;9;925;1;2;6;1;3;22;MANEYROL (RUE ALEXIS);M;4880051;218932;920
2,02E+11;18;4;3;1815;1;2;3;2;3;72;CAVES (RUE DES);M;4882572;220674;920
2,02E+11;18;4;6;1210;1;2;1;1;3;72;28  TROYON (RUE);M;4882492;222830;920
2,02E+11;18;4;7;945;1;2;1;1;6;77;48  SEVRES (RUE DE);M;4882606;219726;920
2,02E+11;18;4;7;1240;1;2;3;1;3;72;2  AVENUE DE L'EUROPE;M;4882357;221061;920
2,02E+11;18;4;9;432;5;2;1;1;6;22;1178  SALENGRO (AVENUE R;M;4881236;219547;920
2,02E+11;18;4;9;2000;5;2;1;2;2;22;1144  SALENGRO (AVENUE R;M;4881165;219170;920
2,02E+11;18;4;12;2145;5;2;1;2;3;72;GRANDE RUE;M;4882668;221958;920
2,02E+11;18;4;14;1530;1;2;1;1;6;72;51  VILLE D'AVRAY (RUE D;M;4882584;220582;920
2,02E+11;18;4;19;850;1;2;1;1;3;72;PONT DE SEVRES;M;;;920
2,02E+11;18;4;20;2000;1;1;1;1;3;22;BOIS BLANCS (ROUTE DE;M;4880836;220587;920
2,02E+11;18;4;23;805;1;2;1;1;6;72;48  GRANDE RUE;M;4882480;221378;920
2,02E+11;18;5;7;900;1;2;9;1;2;72;16  SAINT CLOUD (RUE DE);M;4883450;222225;920
2,02E+11;18;5;10;1255;1;2;1;1;6;72;1  GRANDE RUE;M;4882711;222347;920
2,02E+11;18;5;15;930;1;2;9;1;2;22;1332  SALENGRO (AVENUE R;M;4881014;219036;920
2,02E+11;18;5;16;1020;1;2;1;1;6;22;01  FRANCE (RUE ANATOLE);M;4880858;218776;920
2,02E+11;18;5;19;1915;1;2;1;1;2;72;47  GRANDE RUE;M;4882504;221504;920
2,02E+11;18;5;22;1010;1;2;1;1;2;22;1222  SALENGRO (AVENUE R;M;4881059;219136;920
2,02E+11;18;5;22;1420;1;2;1;1;6;72;14  LECLERC (AVENUE DE L;M;4882482;221993;920
2,02E+11;18;5;19;10;5;2;1;1;2;72;.  SAINT CLOUD (RUE DE);M;4882869;222466;920
2,02E+11;18;6;6;1800;1;2;1;2;6;22;855  SALENGRO (AVENUE RO;M;4881344;219240;920
2,02E+11;18;6;7;1830;1;2;1;1;2;72;192  GRANDE RUE;M;4881986;219966;920
2,02E+11;18;6;13;2235;5;2;1;1;7;72;Rond Point des Bruyиres;M;4881159;221136;920
2,02E+11;18;6;18;1150;1;2;1;1;2;72;9  EUROPE (AVENUE DE L');M;4882378;221127;920
2,02E+11;18;6;26;2200;2;2;1;1;3;72;GRANDE RUE;M;4882638;221923;920
2,02E+11;18;6;30;1230;1;2;1;1;1;77;34  Rue de Saint Cloud;M;4882846;219142;920
2,02E+11;18;7;3;845;1;2;1;1;3;77;07  ST CLOUD (RUE DE);M;4882797;218933;920
2,02E+11;18;7;17;2240;5;2;1;1;7;72;40  PAVE DES GARDES (ROU;M;4881000;225000;920
2,02E+11;18;7;19;1930;1;2;1;1;6;22;01  JOUY (RUE DE);M;4880256;218914;920
2,02E+11;18;7;21;115;5;2;6;1;7;72;Rond Point des Bruyиr;M;4881139;221147;920
2,02E+11;18;7;28;1547;1;2;1;1;3;22;SALENGRO (AVENUE ROGER);M;4880527;218311;920
2,02E+11;18;7;30;1832;1;2;1;1;3;77;SEVRES (RUE DE);M;4882690;218910;920
2,02E+11;18;8;15;1720;1;2;2;1;2;72;PAVE DES GARDES (ROUTE D;M;4881244;221510;920
2,02E+11;18;7;23;1230;1;2;1;1;3;22;39  FRANCE (RUE ANATOLE);M;4880300;218837;920
2,02E+11;18;8;1;1245;1;2;9;1;3;72;MANUFACTURE NATIONALE (P;M;4892920;222408;920
2,02E+11;18;8;29;1350;1;2;1;2;6;22;FRANCE (RUE ANATOLE);M;4880361;218819;920
2,02E+11;18;9;3;1815;1;2;1;1;3;22;SALENGRO (AVENUE ROGER);M;4881800;219800;920
2,02E+11;18;9;6;130;5;2;2;1;3;22;SALENGRO (AVENUE ROGER);M;4880868;218761;920
2,02E+11;18;9;11;1430;1;2;1;1;6;77;VERSAILLES (RUE DE);M;4882027;217126;920
2,02E+11;18;9;12;815;1;2;1;1;7;22;SALENGRO (AVENUE ROGER);M;4880977;218956;920
2,02E+11;18;9;12;1700;1;2;1;1;3;77;VERSAILLES (RUE DE);M;4882358;218521;920
2,02E+11;18;9;18;1517;1;2;1;2;7;22;BOIS BLANCS (ROUTE DES);M;4880806;220583;920
2,02E+11;18;9;21;942;1;2;9;2;6;72;LECLERC (AVENUE DE LA DI;M;4882283;222278;920
2,02E+11;18;10;3;2035;5;2;9;1;1;72;TROYON (RUE);M;4862677;222488;920
2,02E+11;18;10;4;810;1;2;6;1;3;72;LECLERC (AVENUE DE LA DI;M;;;920
2,02E+11;18;10;8;1920;2;2;1;1;7;77;VERSAILLES (RUE DE);M;4881970;216990;920
2,02E+11;18;10;11;1555;1;2;9;1;7;22;SALENGRO (AVENUE ROGER);M;4881093;219156;920
2,02E+11;18;10;18;1725;1;2;1;1;2;72;GRANDE RUE;M;4882726;222271;920
2,02E+11;18;10;24;1915;5;2;3;1;2;72;PAVE DES GARDES (ROUTE D;M;4880979;220667;920
2,02E+11;18;10;26;1920;5;2;1;2;6;72;MANUFACTURE NATIONALE (P;M;4882845;222454;920
2,02E+11;18;10;31;1105;1;2;1;1;6;72;BINELLES (RUE DES);M;4882279;221323;920
2,02E+11;18;11;3;1845;3;2;1;1;3;22;PAVE DES GARDES (RUE DU);M;4880685;218666;920
2,02E+11;18;11;5;1545;1;2;1;1;6;22;SALENGRO (AVENUE ROGER);M;4881419;219301;920
2,02E+11;18;11;7;425;5;2;1;1;6;72;GRANDE RUE;M;4882763;222435;920
2,02E+11;18;11;12;1125;1;2;1;2;6;22;SALENGRO (AVENUE ROGER);M;4880992;218777;920
2,02E+11;18;11;23;1650;1;2;1;1;7;72;TROYON (RUE);M;4882710;222545;920
2,02E+11;18;11;23;1850;5;2;1;5;6;72;GRANDE RUE;M;4882430;221114;920
2,02E+11;18;12;3;920;1;2;1;9;6;72;CHEVIRON (RUE DU PARC);M;4882058;220475;920
2,02E+11;18;12;22;1600;1;2;1;1;2;72;GRANDE RUE;M;4882166;220438;920
2,02E+11;18;12;31;1930;4;2;1;1;6;72;LECLERC (AVENUE DE LA DI;M;4882319;222125;920
2,02E+11;18;1;4;1942;5;2;1;1;6;73;26bis  JAURES (AVENUE JE;M;4886296;221083;920
2,02E+11;18;1;9;1820;5;2;8;8;6;73;7  BRIAND (BOULEVARD ARI;M;4886272;204786;920
2,02E+11;18;1;11;750;5;2;1;8;3;73;77  SELLIER (BOULEVARD H;M;4886625;222066;920
2,02E+11;18;1;14;1656;1;2;1;1;6;73;6bis  LONGCHAMP (ALLEE D;M;4886000;222000;920
2,02E+11;18;1;26;320;5;2;8;1;6;73;1  quai Gallieni;M;4886776;222877;920
2,02E+11;18;1;28;135;5;2;3;1;7;73;1  JAURES (PLACE JEAN);M;4886296;221004;920
2,02E+11;18;2;13;550;5;2;3;1;7;73;1  CLUSERET (RUE);M;4886856;221899;920
2,02E+11;18;2;13;700;5;2;3;1;4;73;7  DASSAULT (QUAI MARCEL;M;4885997;222429;920
2,02E+11;18;2;14;1030;1;2;1;1;2;73;69  SELLIER (BOULEVARD H;M;4886665;222107;920
2,02E+11;18;2;16;205;5;2;3;2;7;73;40  SELLIER (BOULEVARD H;M;;;920
2,02E+11;18;3;3;1910;5;2;1;1;2;73;1  CROIX-DU-ROY (CARREFO;M;4886169;221234;920
2,02E+11;18;3;18;1135;1;2;1;4;3;73;1  PONT DE SURESNES;M;4886718;222819;920
2,02E+11;18;3;19;1333;1;2;1;8;6;73;SELLIER (BOULEVARD HENRI;M;4886764;222618;920
2,02E+11;18;3;30;1740;1;2;3;1;3;73;32  SELLIER (BOULEVARD H;M;4886806;222545;920
2,02E+11;18;4;13;1910;1;2;1;1;3;73;ROOSVELT (AVENUE FRANKLI;M;4887550;221836;920
2,02E+11;18;4;12;1800;1;2;1;1;2;73;10  GALLIENI (QUAI);M;4887003;223106;920
2,02E+11;18;5;2;1855;1;2;1;1;3;73;12  STALINGRAD (PLACE DE;M;4886335;220133;920
2,02E+11;18;5;5;1406;1;2;1;1;3;73;13  WASHINGTON (BOULEVAR;M;4887047;221810;920
2,02E+11;18;5;6;2030;1;2;1;1;3;73;27  JAURES (AVENUE JEAN);M;4886426;220786;920
2,02E+11;18;5;17;1740;1;2;1;1;6;73;20  MAISTRASSE (AVENUE A;M;4886525;220165;920
2,02E+11;18;5;18;1632;1;2;3;1;3;73;33  JAURES (AVENUE JEAN);M;4886467;220692;920
2,02E+11;18;5;25;1315;1;2;3;1;3;73;1  DASSAULT (QUAI MARCEL;M;4885962;222411;920
2,02E+11;18;5;28;1210;1;2;1;1;3;73;15  SELLIER (BOULEVARD H;M;4887000;223000;920
2,02E+11;18;6;8;1000;1;2;9;1;2;73;17  ROOSVELT (AVENUE FRA;M;4887166;222214;920
2,02E+11;18;6;22;848;1;2;1;1;2;73;26  GALLIENI (QUAI);M;4887000;223000;920
2,02E+11;18;6;24;1205;1;2;2;1;3;73;BAS ROGERS (RUE DES);M;;;920
2,02E+11;18;7;3;2023;1;2;1;7;3;73;93  FUSILLES DE LA RESIS;M;4887897;221784;920
2,02E+11;18;7;31;1711;1;2;1;1;3;73;VAL D'OR (RUE DU);M;4882000;221000;920
2,02E+11;18;8;1;1430;1;2;1;7;2;73;GALLIENI (QUAI);M;4886806;222913;920
2,02E+11;18;8;24;940;1;2;1;1;6;73;DASSAULT (QUAI MARCEL);M;4889966;222415;920
2,02E+11;18;8;28;820;1;2;1;1;7;73;PONT DE SURESNES;M;4886713;222865;920
2,02E+11;18;9;3;1800;1;2;4;1;6;73;SELLIER (BOULEVARD HENRI;M;4886700;222100;920
2,02E+11;18;9;10;1850;1;2;1;1;2;73;SELLIER (BOULEVARD HENRI;M;4886828;222518;920
2,02E+11;18;9;11;2004;5;2;1;1;6;73;ROOSVELT (AVENUE FRANKLI;M;4887420;222083;920
2,02E+11;18;9;19;1908;1;2;9;1;3;73;JAURES (AVENUE JEAN);M;4886467;220692;920
2,02E+11;18;9;20;17;5;2;3;1;6;73;SELLIER (BOULEVARD HENRI;M;4886783;222592;920
2,02E+11;18;9;30;1010;1;2;3;1;3;73;FUSILLES DE LA RESISTANC;M;4888101;222093;920
2,02E+11;18;10;2;1534;1;2;1;1;6;73;SELLIER (BOULEVARD HENRI;M;4885950;221366;920
2,02E+11;18;10;10;921;1;2;1;1;2;73;SELLIER (BOULEVARD HENRI;M;4886759;222648;920
2,02E+11;18;10;21;639;5;2;1;1;3;73;FUSILLES DE LA RESISTANC;M;4888144;222162;920
2,02E+11;18;11;6;1100;1;2;1;1;3;73;VERDUN (RUE DE);M;4887700;223319;920
2,02E+11;18;11;7;1230;1;2;1;2;2;73;BLUM (QUAI LEON);M;4886685;222820;920
2,02E+11;18;11;8;1020;1;2;4;1;3;73;CHENES (RUE DES);M;4888100;222771;920
2,02E+11;18;11;8;2215;5;2;1;8;7;73;JAURES (AVENUE JEAN);M;4886216;221148;920
2,02E+11;18;11;11;2130;5;2;1;2;6;73;SELLIER (BOULEVARD HENRI;M;4886029;221516;920
2,02E+11;18;11;19;2005;5;2;1;3;7;73;SELLIER (BOULEVARD HENRI;M;4886764;222661;920
2,02E+11;18;11;23;1420;1;2;3;1;2;73;GALLIENI (QUAI);M;4886977;223117;920
2,02E+11;18;12;2;435;5;2;9;3;6;73;SELLIER (BOULEVARD HENRI;M;4886827;222296;920
2,02E+11;18;12;6;1104;1;2;3;8;5;73;BLUM (QUAI LEON);M;4886632;222761;920
2,02E+11;18;12;10;930;1;2;1;1;6;73;SELLIER (BOULEVARD HENRI;M;4885956;221386;920
2,02E+11;18;12;19;1805;5;2;3;1;3;73;BAS ROGERS (RUE DES);M;4888096;222729;920
2,02E+11;18;12;20;1900;5;2;3;1;3;73;CALVAIRE (RUE DU);M;4887048;221826;920
2,02E+11;18;12;28;1250;1;2;1;1;2;73;PONT DE SURESNES;M;4886740;222784;920
2,02E+11;18;1;3;1845;5;2;2;2;7;75;1  AVAULEE (RUE);M;4881570;229060;920
2,02E+11;18;1;22;900;1;2;2;3;6;75;1  JULES GUESDE (RUE);M;4881220;228200;920
2,02E+11;18;1;13;1430;1;2;1;1;7;75;5  RAYMOND MARCHERON (RU;M;4881850;228613;920
2,02E+11;18;1;16;925;1;2;2;2;7;75;1  avenue arblade;M;4881826;229227;920
2,02E+11;18;1;24;1845;2;2;1;1;3;75;17  LARMEROUX (RUE);M;4881661;228413;920
2,02E+11;18;1;31;910;1;2;2;1;3;46;1  GABRIEL PERI (BOULEVA;M;4881927;229565;920
2,02E+11;18;1;22;850;1;2;1;2;3;46;37  Paul vaillant coutur;M;4881320;229680;920
2,02E+11;18;2;15;1505;1;2;3;1;7;46;23  BERANGER (RUE);M;4882071;30191;920
2,02E+11;18;2;14;1445;1;2;1;1;2;46;8  BERANGER (RUE);M;4882129;230368;920
2,02E+11;18;2;20;915;1;2;1;7;7;46;45  AUGUSTIN DUMONT Aven;M;4881756;230315;920
2,02E+11;18;2;26;1703;1;2;1;1;3;75;45  LYCEE (BOULEVARD DU);M;4882432;228230;920
2,02E+11;18;3;5;950;1;2;1;1;2;75;55  RAYMOND MARCHERON (R;M;4882028;229008;920
2,02E+11;18;3;4;1240;1;2;2;3;1;75;1  PIERRE BROSSOLETTE (A;M;4881778;230792;920
2,02E+11;18;3;15;845;1;2;1;1;7;75;45  ISSY (RUE D');M;4882309;228275;920
2,02E+11;18;2;16;900;1;2;1;1;4;75;ANTOINE FRATACCI (RUE);M;4882150;228740;920
2,02E+11;18;4;3;840;2;2;1;1;7;75;34  ANTOINE FRATACCI (RU;M;4882104;228842;920
2,02E+11;18;4;3;1720;1;2;1;3;3;46;52  CAMELINAT;M;4881650;229450;920
2,02E+11;18;4;4;1020;1;2;1;1;3;75;DE GAULLE (AVENUE DU GEN;M;4882245;228215;920
2,02E+11;18;4;10;1433;1;2;1;1;7;75;3  QUATRE SEPTEMBRE (RUE;M;4882672;228626;920
2,02E+11;18;4;12;840;1;2;2;1;3;75;131  GABRIEL PERI (BOULE;M;4881961;230581;920
2,02E+11;18;3;21;750;2;2;2;1;3;46;1  GABRIEL PERI (BOULEVA;M;4881930;229540;920
2,02E+11;18;4;30;1810;1;2;1;1;7;46;10  RAYMOND DAVID;M;4881743;229412;920
2,02E+11;18;5;14;925;1;2;4;2;7;75;1  MARECHAL LECLERC (AVE;M;4882012;230859;920
2,02E+11;18;5;18;1950;1;2;2;1;1;75;1  JEAN JAURES (AVENUE);M;4882429;229591;920
2,02E+11;18;4;27;756;1;2;7;1;3;46;28  DE STALINGRAD;M;4881184;229502;920
2,02E+11;18;6;1;1737;1;2;3;2;3;75;51  RAYMOND MARCHERON (R;M;4882003;228982;920
2,02E+11;18;4;21;1700;1;2;3;1;7;75;1  JULES GUESDE (RUE);M;4848490;217130;920
2,02E+11;18;6;1;1305;1;2;1;1;3;75;51  JEAN BLEUZEN (RUE);M;4882249;229449;920
2,02E+11;18;4;27;1940;1;2;3;1;3;75;24  MARCEL YOL (RUE);M;4882580;228860;920
2,02E+11;18;6;13;1325;1;2;3;1;6;75;1  GABRIEL PERI (BOULEVA;M;4881937;229474;920
2,02E+11;18;5;4;940;1;2;1;1;6;46;126  GABRIEL PERI;M;4881932;230464;920
2,02E+11;18;5;21;1520;1;2;4;1;3;75;1  LYCEE (BOULEVARD DU);M;4882479;228191;920
2,02E+11;18;6;29;1100;1;2;2;1;7;75;1  FABIEN (BOULEVARD DU;M;4881420;227810;920
2,02E+11;18;6;24;2210;5;2;1;1;4;75;184  PIERRE BROSSOLETTE;M;4881430;230310;920
2,02E+11;18;6;26;835;1;2;2;1;3;75;1  FABIEN (BOULEVARD DU;M;4881332;227917;920
2,02E+11;18;6;22;830;1;2;3;1;3;75;1  GUY MOQUET (RUE);M;4881779;230169;920
2,02E+11;18;5;15;2030;1;2;3;1;6;46;1  GABRIEL PERI;M;4881947;230553;920
2,02E+11;18;7;5;1010;1;2;1;1;7;75;16  RAYMOND MARCHERON (R;M;4881879;228596;920
2,02E+11;18;8;2;1505;1;2;9;1;2;46;GABRIEL PERI;M;4881915;230098;920
2,02E+11;18;8;5;918;1;2;1;1;7;75;PIERRE LAROUSSE (AVENUE);M;4882203;230400;920
2,02E+11;18;8;7;830;1;2;2;1;3;75;avenue arblade;M;4881795;229166;920
2,02E+11;18;6;27;2200;2;2;2;1;3;46;1  GABRIEL PERI;M;4881967;230283;920
2,02E+11;18;6;28;930;1;2;2;1;3;75;1  JULES GUESDE (RUE);M;4848426;216504;920
2,02E+11;18;7;10;1830;1;2;4;1;3;46;1  CAMELINAT;M;4848590;217425;920
2,02E+11;18;8;28;1315;1;2;1;1;3;75;PIERRE BROSSOLETTE (AVEN;M;4881480;230374;920
2,02E+11;18;9;7;930;1;2;1;1;3;75;JEAN BLEUZEN (RUE);M;4882434;229866;920
2,02E+11;18;9;11;1550;1;2;1;1;6;75;SADI CARNOT (RUE);M;;;920
2,02E+11;18;9;18;855;1;2;3;1;2;75;PIERRE BROSSOLETTE (AVEN;M;4881700;230600;920
2,02E+11;18;10;3;910;1;2;3;2;7;75;PIERRE BROSSOLETTE (AVEN;M;;;920
2,02E+11;18;10;4;1700;1;2;1;1;6;46;Charles de gaulle;M;;;920
2,02E+11;18;10;6;1900;2;2;1;1;5;75;MARCEL YOL (RUE);M;4882590;228920;920
2,02E+11;18;10;6;40;5;2;3;1;3;75;PIERRE BROSSOLETTE (AVEN;M;4881172;230035;920
2,02E+11;18;10;4;950;1;2;3;1;3;75;VICTOR HUGO (AVENUE);M;4882219;228530;920
2,02E+11;18;10;9;1625;1;2;3;1;1;75;PAUL BERT (RUE);M;4881770;229566;920
2,02E+11;18;10;6;1300;1;2;1;1;2;75;LARMEROUX (RUE);M;4881554;227872;920
2,02E+11;18;10;18;950;1;2;1;1;7;75;LYCEE (BOULEVARD DU);M;4882493;228160;920
2,02E+11;18;10;21;1839;1;2;3;1;3;75;PIERRE BROSSOLETTE (AVEN;M;4881615;230553;920
2,02E+11;18;11;3;1245;1;2;2;1;1;46;HOCHE;M;4881570;229060;920
2,02E+11;18;11;13;735;1;2;1;1;3;46;Charles de gaulle;M;4882408;230057;920
2,02E+11;18;10;11;2010;5;2;1;2;6;75;JEAN JAURES (RUE);M;4882513;229385;920
2,02E+11;18;11;23;1400;1;2;2;1;6;75;VICTOR BASCH (AVENUE);M;4881900;229200;920
2,02E+11;18;11;26;1825;5;2;2;1;3;75;ANTOINE FRATACCI (RUE);M;4882210;228534;920
2,02E+11;18;11;27;840;1;2;1;1;6;75;KENNEDY (PLACE DU PRESID;M;4882034;228453;920
2,02E+11;18;12;7;1702;5;2;1;2;6;46;EMILE ZOLA;M;4882326;230354;920
2,02E+11;18;12;16;1720;5;2;2;1;6;75;JULES GUESDE (RUE);M;4881410;228710;920
2,02E+11;18;12;21;825;2;2;2;2;1;46;CAMELINAT;M;4881800;229225;920
2,02E+11;18;12;22;930;1;2;2;1;3;75;FABIEN (BOULEVARD DU COL;M;4881165;228068;920
2,02E+11;18;1;23;925;1;2;1;1;3;78;28  MARC SANGNIER (AVENU;M;4892804;232613;920
2,02E+11;18;1;24;1310;1;2;1;1;3;78;0  MOULIN CAGE (QUAI);M;4892461;232973;920
2,02E+11;18;1;29;1515;1;2;1;1;3;78;4  GALLIENI (BD) (1 A 79;M;4892662;232887;920
2,02E+11;18;2;21;1930;2;2;1;1;6;78;PROMENADE (VOIE) (90 A 1;M;4893455;232896;920
2,02E+11;18;2;23;1100;1;2;1;1;2;78;MOULIN CAGE (QUAI);M;4892330;232783;920
2,02E+11;18;3;1;720;2;2;5;8;3;78;HENRI BARBUSSE (RUE) (PA;M;;;920
2,02E+11;18;3;3;1220;1;2;1;1;4;78;ROYER (RUE);M;4892887;233333;920
2,02E+11;18;4;1;1625;1;2;2;1;3;78;0  JEAN MOULIN (AVENUE);M;4893655;233181;920
2,02E+11;18;4;4;2030;2;2;1;1;6;78;  JEAN JAURES (RUE) (N°;M;;;920
2,02E+11;18;4;12;1145;1;2;2;1;4;78;VERDUN (AVENUE) (N° PAIR;M;;;920
2,02E+11;18;4;12;1740;1;2;1;1;5;78;14  VERDUN (AVENUE) (PAI;M;4793574;233455;920
2,02E+11;18;4;16;1555;1;2;3;1;3;78;0  MARECHAL LECLERC (AVE;M;4893742;232429;920
2,02E+11;18;2;17;1550;1;2;1;1;7;78;200  GALLIENI (BD) (154;M;;;920
2,02E+11;18;5;22;1930;1;2;2;2;5;78;97  VERDUN (AVENUE) (PAI;M;4893471;232475;920
2,02E+11;18;5;17;2100;2;2;1;1;7;78;66  ASNIERES (QUAI);M;4892886;233318;920
2,02E+11;18;5;28;900;1;2;1;1;3;78;MOULIN CAGE (QUAI);M;4892328;232795;920
2,02E+11;18;6;4;2005;1;2;1;1;6;78;3  HENRI BARBUSSE (RUE);M;4893605;233527;920
2,02E+11;18;6;6;2030;2;2;3;2;5;78;0  MOULIN DE CAGE (RUE);M;;;920
2,02E+11;18;6;21;1940;1;2;1;1;3;78;104  VERDUN (AVENUE) (IM;M;4893485;232064;920
2,02E+11;18;6;25;1610;1;2;1;1;3;78;0  VERDUN (AVENUE) (PAIR;M;;;920
2,02E+11;18;7;6;1625;1;2;2;1;3;78;0  VERDUN (AVENUE) (IMPA;M;4893571;233386;920
2,02E+11;18;7;9;1700;1;2;1;1;3;78;GALLIENI (BD) (1 A 79 ET;M;4892805;233128;920
2,02E+11;18;7;9;1640;1;2;1;1;7;78;2  RENIERS (AVENUE CHEMI;M;;;920
2,02E+11;18;7;31;920;1;2;1;1;6;78;VIEUX CHEMIN DE ST DENIS;M;;;920
2,02E+11;18;7;29;2345;5;2;2;1;3;78;JEAN MOULIN (AVENUE) (2;M;4893665;233182;920
2,02E+11;18;8;13;2050;1;2;9;1;3;78;VERDUN (AVENUE) (IMPAIRS;M;;;920
2,02E+11;18;9;13;1140;1;2;1;1;3;78;MARC SANGNIER (AVENUE);M;;;920