Num_Acc;an;mois;jour;hrmn;lum;agg;int;atm;col;com;adr;gps;lat;long;dep
2,02E+11;18;9;17;1025;1;2;1;1;2;78;MOULIN CAGE (QUAI);M;;;920
2,02E+11;18;10;12;1940;1;2;1;1;7;78;GALLIENI (BD) (126 ET 15;M;;;920
2,02E+11;18;10;19;2011;5;2;2;1;3;78;VERDUN (AVENUE) (IMPAIRS;M;4893490;232505;920
2,02E+11;18;12;6;1700;5;1;3;1;3;78;MOULIN CAGE (QUAI);M;4892391;232688;920
2,02E+11;18;11;9;1205;1;2;1;1;7;78;MARECHAL DELATTRE DE TAS;M;4893791;232547;920
2,02E+11;18;11;12;1630;1;2;1;1;7;78;CHARLES DE GAULLE (BD) (;M;;;920
2,02E+11;18;11;1;10;5;2;1;1;3;78;MOULIN CAGE (QUAI);M;;;920
2,02E+11;18;1;10;730;5;2;1;2;6;1;52  LANDY (RUE DU) 18 A;M;4891530;236839;930
2,02E+11;18;1;11;745;5;2;1;2;6;1;4  ANATOLE FRANCE (BLD);M;4891505;238131;930
2,02E+11;18;1;12;1605;1;2;1;8;6;1;35  PORT (RUE DU)  (IMPA;M;4891680;237490;930
2,02E+11;18;1;13;1130;1;2;1;1;3;1;29  COMMANDANT L'HERMINI;M;4891874;238699;930
2,02E+11;18;1;13;1710;1;2;1;1;6;1;6  PONT BLANC.CHARLES TI;M;4890000;239000;930
2,02E+11;18;1;15;1840;5;2;1;2;4;1;255  JEAN JAURES (AVE);M;4891728;240656;930
2,02E+11;18;1;18;1840;5;2;1;8;6;1;2  PONT BLANC.CHARLES TI;M;4891463;239207;930
2,02E+11;18;1;22;1415;1;2;1;8;3;1;193  JEAN JAURES (AVE);M;4891989;240443;930
2,02E+11;18;1;22;1750;2;2;1;1;6;1;68  DANIELLE CASANOVA (R;M;4892076;239642;930
2,02E+11;18;1;23;1403;1;2;1;2;6;1;101  JEAN JAURES (AVE) 5;M;4890605;239442;930
2,02E+11;18;1;24;1220;1;2;1;8;6;1;14  NOUVELLE-FRANCE (RUE;M;4891358;238563;930
2,02E+11;18;1;27;1840;5;2;4;1;3;1;40  VICTOR HUGO (AVE)  =;M;4890354;237211;930
2,02E+11;18;1;31;1150;1;2;1;2;6;1;136  REPUBLIQUE (AVENUE;M;4890431;239126;930
2,02E+11;18;2;3;1345;1;2;2;8;3;1;1  PRESIDENT ROOSEVELT (;M;4800000;230000;930
2,02E+11;18;2;5;1910;5;2;1;8;6;1;139  HELENE COCHENNEC (R;M;4891962;239496;930
2,02E+11;18;2;8;1030;1;2;2;4;6;1;  ANATOLE FRANCE  (BLD);M;4891000;238000;930
2,02E+11;18;2;10;1500;1;2;2;1;3;1;ANATOLE FRANCE (BLD) PA;M;4891946;238264;930
2,02E+11;18;2;12;10;5;2;1;1;6;1;136  REPUBLIQUE (AVENUE;M;4890428;239121;930
2,02E+11;18;2;12;1915;5;2;1;1;6;1;1  EDOUARD POISSON  (RUE;M;4891060;238426;930
2,02E+11;18;2;19;2140;5;2;1;2;3;1;LATERAL-NORD  (CHEMIN);M;4892194;237515;930
2,02E+11;18;2;22;1310;1;2;1;1;3;1;72  HENRI BARBUSSE (RUE);M;4890700;239000;930
2,02E+11;18;2;27;2015;5;2;1;1;3;1;39  REPUBLIQUE (AVENUE D;M;4891102;238497;930
2,02E+11;18;3;1;1230;1;2;1;4;3;1;JEAN JAURES  (AVE)  157;M;4891716;240681;930
2,02E+11;18;3;3;1815;2;2;1;1;1;1;80  REPUBLIQUE (AVENUE D;M;4890832;238730;930
2,02E+11;18;3;17;1500;1;2;3;4;6;1;1  FERRAGUS (RUE)  => 5/;M;4891394;238185;930
2,02E+11;18;3;28;1010;1;2;1;3;6;1;73  GOULET (RUE DU) 26/3;M;4890900;237000;930
2,02E+11;18;4;3;1750;1;2;1;2;3;1;45  VICTOR HUGO (AVE)  =;M;4890365;237220;930
2,02E+11;18;4;4;1500;1;2;1;1;6;1;02  EDOUARD POISSON  (RU;M;4891059;238514;930
2,02E+11;18;4;6;615;2;2;1;1;3;1;92  FELIX FAURE (BLD)  =;M;4890602;238077;930
2,02E+11;18;4;8;1050;1;2;1;1;6;1;15  GAETAN LAMY (RUE);M;;;930
2,02E+11;18;4;9;1245;1;2;1;2;5;1;17  JEAN JAURES (AVE)  =;M;4890204;239010;930
2,02E+11;18;4;12;525;5;2;1;1;2;1;VICTOR HUGO (AVE)  => 12;M;;;930
2,02E+11;18;4;12;1315;1;2;1;8;6;1;12  SADI CARNOT (RUE)  (;M;;;930
2,02E+11;18;4;13;800;2;2;4;1;3;1;LUCIEN LEFRANC (QUAI);M;4991100;237300;930
2,02E+11;18;4;15;1035;1;2;1;1;6;1;111  REPUBLIQUE (AVENUE;M;4890411;239159;930
2,02E+11;18;4;19;1700;1;2;2;1;6;1;REPUBLIQUE (AVENUE DE LA;M;;;930
2,02E+11;18;4;20;1515;1;2;1;1;6;1;98  EDOUARD VAILLANT (BL;M;4891917;240210;930
2,02E+11;18;4;24;1920;1;2;1;7;6;1;166  DANIELLE CASANOVA (;M;4891480;240345;930
2,02E+11;18;4;25;1515;1;2;1;1;6;1;67  REPUBLIQUE (AVENUE D;M;4890655;238919;930
2,02E+11;18;4;25;1630;1;2;1;1;6;1;17  PONT BLANC.CHARLES T;M;4891511;239215;930
2,02E+11;18;4;30;1320;1;2;4;3;3;1;ANATOLE FRANCE  (BLD);M;4891503;238117;930
2,02E+11;18;5;4;845;1;2;3;1;3;1;91  PONT BLANC.CHARLES T;M;4892031;239382;930
2,02E+11;18;5;7;2030;2;2;1;1;3;1;65  VICTOR HUGO (AVE)  N;M;4890422;237302;930
2,02E+11;18;5;9;1700;1;2;1;1;6;1;SADI CARNOT (RUE)  (REST;M;4890705;238645;930
2,02E+11;18;5;11;1520;1;2;1;1;6;1;100  FELIX FAURE (BLD);M;4890000;238000;930
2,02E+11;18;5;14;1130;1;2;1;2;6;1;MOTTE (RUE DE LA);M;4891180;239803;930
2,02E+11;18;5;15;1820;1;2;1;1;6;1;167  JEAN JAURES  (AVE);M;4891126;240040;930
2,02E+11;18;5;19;1630;1;2;1;7;6;1;11  LUCIEN LEFRANC (QUAI;M;4890870;237523;930
2,02E+11;18;5;20;1630;1;2;1;1;5;1;42  SAINT-DENIS (RUE DE);M;4892279;238113;930
2,02E+11;18;5;23;1730;1;2;1;1;3;1;187  JEAN JAURES (AVE);M;4891140;240030;930
2,02E+11;18;5;14;1730;1;2;1;1;3;1;POSTES (RUE DES);M;4490479;239019;930
2,02E+11;18;5;26;745;1;2;1;1;6;1;8  ACHILLE DOMART (RUE);M;4891369;238416;930
2,02E+11;18;5;28;1420;1;2;1;1;3;1;85  VICTOR HUGO (AVE)  =;M;4890625;237583;930
2,02E+11;18;6;4;1515;1;2;1;1;3;1;76  REPUBLIQUE (AVENUE D;M;;;930
2,02E+11;18;6;9;1550;1;2;1;1;6;1;75  REPUBLIQUE (AVENUE D;M;4890805;238787;930
2,02E+11;18;6;11;845;1;2;1;2;6;1;101  EDOUARD VAILLANT (B;M;4891836;240061;930
2,02E+11;18;6;12;30;5;2;1;2;3;1;108  VICTOR HUGO (AVE);M;;;930
2,02E+11;18;6;14;1435;1;2;1;9;6;1;199  VICTOR HUGO (AVE);M;;;930
2,02E+11;18;6;18;1430;1;2;1;1;6;1;57  ANATOLE FRANCE  (BLD;M;4891931;238253;930
2,02E+11;18;6;23;2135;2;2;2;1;3;1;  GARDINOUX (RUE DES);M;4890647;237293;930
2,02E+11;18;6;24;1300;1;2;1;9;6;1;64  REPUBLIQUE (AVE DE L;M;4891221;238320;930
2,02E+11;18;6;27;1530;1;2;1;7;3;1;144  REPUBLIQUE (AVE DE;M;4890370;239150;930
2,02E+11;18;6;27;1520;1;2;1;1;3;1;JEAN JAURES (AVE)  215 =;M;;;930
2,02E+11;18;7;1;1715;1;2;2;1;6;1;18  REPUBLIQUE (AVENUE D;M;4891253;238334;930
2,02E+11;18;7;3;815;1;2;1;1;6;1;02  crevecoeur (rue);M;4891966;238039;930
2,02E+11;18;7;3;1620;1;2;9;1;2;1;48  REPUBLIQUE (AVENUE D;M;4891062;238513;930
2,02E+11;18;7;6;1330;1;2;1;1;3;1;129 TER  VICTOR HUGO (AV;M;4890923;237820;930
2,02E+11;18;7;8;1;5;2;2;1;3;1;VICTOR HUGO (AVE)  => N°;M;4890878;237787;930
2,02E+11;18;7;12;640;4;2;9;1;3;1;195  VICTOR HUGO (AVE);M;;;930
2,02E+11;18;7;12;1445;1;2;1;1;2;1;13  PRESIDENT ROOSEVELT;M;;;930
2,02E+11;18;7;17;1540;1;2;1;1;6;1;GAETAN LAMY (RUE);M;4891644;236908;930
2,02E+11;18;7;13;2300;5;2;1;1;6;1;158  VICTOR HUGO (AVE);M;4891300;238000;930
2,02E+11;18;7;19;1130;1;2;2;1;5;1;VICTOR HUGO (AVE)  => N°;M;4890353;237198;930
2,02E+11;18;7;19;1940;1;2;1;1;6;1;REPUBLIQUE (AVE DE LA );M;4890800;238700;930
2,02E+11;18;7;29;1230;1;2;1;1;3;1;PONT BLANC.CHARLES TILLO;M;4891770;239363;930
2,02E+11;18;7;29;1220;1;2;2;1;3;1;DANIELLE CASANOVA (RUE);M;4891848;239349;930
2,02E+11;18;8;2;1800;1;2;2;1;1;1;HENRI BARBUSSE (RUE) =>;M;4890890;239060;930
2,02E+11;18;8;3;2329;5;2;1;1;6;1;JEAN JAURES (AVE)  => 53;M;;;930
2,02E+11;18;8;4;1610;1;2;2;1;5;1;JEAN JAURES (AVE)  215 =;M;4891799;240750;930
2,02E+11;18;8;6;1825;1;2;1;1;3;1;GARDINOUX (RUE DES);M;4890653;237055;930
2,02E+11;18;8;14;2015;1;2;2;1;3;1;COMMUNE DE PARIS (RUE DE;M;4891080;238060;930
2,02E+11;18;8;15;1930;1;2;1;1;6;1;GOULET (RUE DU)  => 24/3;M;4891077;237741;930
2,02E+11;18;8;17;2230;5;2;1;2;6;1;JEAN JAURES (AVE)  215 =;M;;;930
2,02E+11;18;8;21;1015;1;2;1;1;3;66;SAULNIER JULES;M;4892555;235228;930
2,02E+11;18;8;24;1245;1;2;1;1;6;1;JEAN JAURES  (AVE)  157;M;4891453;240395;930
2,02E+11;18;8;27;1750;1;2;3;1;3;55;JEAN JAURES (AVENUE) (76;M;4890582;239464;930
2,02E+11;18;9;3;1615;1;2;1;1;3;1;VICTOR HUGO (AVE)  => N°;M;4890972;237859;930
2,02E+11;18;9;3;2230;5;2;4;1;3;1;ANDRE KARMAN (RUE)  138/;M;4891236;238522;930
2,02E+11;18;9;4;1650;1;2;1;1;6;1;ANATOLE FRANCE (BLD) PAI;M;4891935;238275;930
2,02E+11;18;9;5;1455;1;2;1;1;2;1;VICTOR HUGO (AVE)  => N°;M;4890890;237820;930
2,02E+11;18;9;6;1410;1;2;1;1;2;1;NOUVELLE-FRANCE (RUE DE;M;4891329;238701;930
2,02E+11;18;9;13;1320;1;2;1;8;6;1;LUCIEN LEFRANC (QUAI);M;4890000;230000;930
2,02E+11;18;9;13;1430;1;2;9;8;6;1;DANIELLE CASANOVA (RUE);M;4891909;238736;930
2,02E+11;18;9;17;1945;2;2;1;1;6;1;PRESIDENT ROOSEVELT (AVE;M;4891000;238000;930
2,02E+11;18;9;18;945;1;2;1;1;3;1;LUCIEN LEFRANC (QUAI);M;4890736;237610;930
2,02E+11;18;9;20;1840;1;2;1;1;6;1;HENRI BARBUSSE (RUE)  11;M;4890462;238927;930
2,02E+11;18;9;25;1210;1;2;1;1;6;1;SAINT-DENIS (RUE DE);M;4892120;237560;930
2,02E+11;18;9;26;835;1;2;1;1;3;1;CHAPON (RUE);M;4891568;238437;930
2,02E+11;18;10;3;1010;1;2;1;8;6;1;REPUBLIQUE (AVE DE LA );M;4891405;238182;930
2,02E+11;18;10;5;1800;1;2;1;1;5;1;ADRIEN AGNES (QUAI);M;4892100;236700;930
2,02E+11;18;10;11;800;1;2;2;1;3;1;VICTOR HUGO (AVE)  => 12;M;4890621;237554;930
2,02E+11;18;10;13;1915;5;2;1;1;6;1;ANATOLE FRANCE  (BLD) IM;M;4891610;238160;930
2,02E+11;18;10;15;445;5;2;3;1;5;1;JEAN JAURES  (AVE)  157;M;;;930
2,02E+11;18;10;15;1530;1;2;1;1;2;1;HAIE COQ (RUE DE LA ) 93;M;4890374;237214;930
2,02E+11;18;10;16;930;1;2;1;1;3;1;VICTOR HUGO (AVE)  N° 16;M;4891381;238088;930
2,02E+11;18;10;19;1225;1;2;1;1;6;1;JEAN JAURES (AVE)  => 53;M;4890400;239492;930
2,02E+11;18;10;20;1730;1;2;9;1;6;1;REPUBLIQUE (AVE DE LA );M;4890807;238770;930
2,02E+11;18;10;20;1805;2;2;3;1;3;1;JEAN JAURES  (AVE)  157;M;4891357;240256;930
2,02E+11;18;10;23;1200;1;2;3;1;3;1;PRESIDENT ROOSEVELT (AVE;M;4891000;238000;930
2,02E+11;18;10;29;900;1;2;2;8;3;1;LUCIEN LEFRANC (QUAI);M;4891528;237133;930
2,02E+11;18;11;1;615;5;2;6;1;3;1;VICTOR HUGO (AVE)  => N°;M;4890252;237111;930
2,02E+11;18;11;5;2140;5;2;1;1;3;1;REPUBLIQUE (AVE DE LA );M;4891340;238241;930
2,02E+11;18;11;7;845;1;2;2;2;6;1;HEMET (RUE)  (IMPAIR);M;4891467;239099;930
2,02E+11;18;11;12;930;1;2;8;3;6;1;DANIELLE CASANOVA (RUE);M;4890000;230000;930
2,02E+11;18;11;13;1935;5;2;1;1;7;1;ECHANGE (CHEMIN DE L');M;4891985;237522;930
2,02E+11;18;11;17;1015;1;2;2;1;6;1;MOUTIER (RUE DU)  17/38;M;4891533;237866;930
2,02E+11;18;11;19;1335;1;2;1;1;6;1;REPUBLIQUE (AVE DE LA );M;4891373;238252;930
2,02E+11;18;11;19;1625;1;2;1;1;6;1;VICTOR HUGO (AVE)  => N°;M;4890500;237400;930
2,02E+11;18;11;20;2140;5;2;1;1;3;1;COURNEUVE (RUE DE LA);M;4891000;238000;930
2,02E+11;18;11;22;1405;1;2;9;8;2;1;REPUBLIQUE (AVE DE LA );M;4891065;238542;930
2,02E+11;18;11;25;1420;1;2;1;8;2;1;ANATOLE FRANCE (BLD) PAI;M;4891609;238159;930
2,02E+11;18;11;28;2010;5;2;1;2;5;1;PONT BLANC.CHARLES TILLO;M;4892100;239420;930
2,02E+11;18;12;2;1545;1;2;1;1;4;55;GENERAL LECLERC(AVE DU)8;M;4889661;240162;930
2,02E+11;18;12;7;1835;5;2;9;2;6;1;DANIELLE CASANOVA (RUE);M;4891505;240188;930
2,02E+11;18;12;17;2232;5;2;1;1;6;1;HAIE COQ (RUE DE LA ) 93;M;4890726;237295;930
2,02E+11;18;12;26;1400;1;2;1;1;6;1;HEMET (RUE)  (IMPAIR);M;4891658;238972;930
2,02E+11;18;1;4;2235;5;2;4;1;2;5;MITRY [CD115] (ROUTE DE);M;4894477;250846;930
2,02E+11;18;1;11;1315;1;2;2;1;3;5;PAUL CEZANNE (RUE);M;4895281;249897;930
2,02E+11;18;1;19;930;1;2;1;2;2;5;ANDRE CITROEN (BOULEVARD;M;4896771;249989;930
2,02E+11;18;1;20;1838;5;2;1;2;3;5;GEORGES BRAQUE (BOULEVAR;M;4896090;247441;930
2,02E+11;18;1;21;1815;5;2;1;2;1;5;ANDRE CITROEN (BOULEVARD;M;4896011;248783;930
2,02E+11;18;1;21;2042;5;2;1;2;2;5;14  CHARLES GOUPPY (RUE);M;4894216;249743;930
2,02E+11;18;1;31;1020;1;2;9;3;3;5;ANATOLE FRANCE (AVENUE);M;4893947;249578;930
2,02E+11;18;2;1;1830;3;2;1;1;4;5;109  MITRY [CD115] (ROUT;M;4894179;250445;930
2,02E+11;18;2;4;1920;5;2;3;2;5;5;PREFET CHALEIL (CD44) (R;M;4893966;250818;930
2,02E+11;18;2;7;1800;2;2;1;4;2;5;JACQUES DUCLOS [CD44] (R;M;4894391;249625;930
2,02E+11;18;2;22;1440;1;2;1;1;4;5;JACQUES DUCLOS [CD44] (R;M;4894945;248856;930
2,02E+11;18;2;22;1900;5;2;1;1;1;5;RAOUL DUFY (AVENUE);M;;;930
2,02E+11;18;3;7;1555;1;2;1;4;3;5;45  DIVISION LECLERC (RU;M;4892596;248667;930
2,02E+11;18;3;13;1415;1;2;1;1;7;5;00  SEVRAN (CD44) (RUE D;M;;;930
2,02E+11;18;3;19;720;2;2;3;4;3;5;JACQUES DUCLOS [CD44] (R;M;4894620;249341;930
2,02E+11;18;3;21;800;1;2;3;8;3;5;120  MITRY [CD115] (RUE;M;4894260;250560;930
2,02E+11;18;3;23;1045;1;2;1;1;6;5;MAXIMILIEN ROBESPIERRE (;M;4894945;250416;930
2,02E+11;18;3;26;1440;1;2;2;1;1;5;MITRY [CD115] (ROUTE DE);M;4894941;251965;930
2,02E+11;18;3;29;1953;5;2;2;2;3;5;2  MARCEL SEMBAT (RUE);M;4893429;249126;930
2,02E+11;18;4;3;2015;1;2;1;1;3;5;78  MITRY [CD115] (RUE D;M;4894070;250292;930
2,02E+11;18;4;5;1600;1;2;2;1;3;5;JEAN JAURES (AVENUE);M;4892260;250370;930
2,02E+11;18;4;6;1000;1;2;1;1;2;5;ANDRE CITROEN (BOULEVARD;M;4895496;247752;930
2,02E+11;18;4;7;1630;1;2;1;1;6;5;01  EDGAR DEGAS (RUE);M;4895614;249607;930
2,02E+11;18;4;10;2030;1;2;2;1;3;5;MITRY [CD115] (ROUTE DE);M;4895054;252316;930
2,02E+11;18;4;15;805;1;2;6;1;3;5;ROBERT SCHUMAN (CARREFOU;M;4894875;251775;930
2,02E+11;18;4;17;1915;1;2;1;1;6;5;PAUL CEZANNE (RUE);M;;;930
2,02E+11;18;4;21;520;5;2;1;1;6;5;IRENE ET FREDERIC JOLIOT;M;4892922;251242;930
2,02E+11;18;4;24;1715;1;2;2;1;3;5;NONNEVILLE (AVENUE DE);M;;;930
2,02E+11;18;4;24;2110;5;2;1;1;6;5;EUGENE SCHUELLER (PASSAG;M;;;930
2,02E+11;18;4;25;2115;3;2;3;1;3;5;SUZANNE LENGLEN (AVENUE);M;4895123;251388;930
2,02E+11;18;4;30;1030;1;2;1;8;6;5;COMMANDANT BRASSEUR (RUE;M;4893766;250045;930
2,02E+11;18;5;1;1445;1;2;9;1;6;5;JACQUES DUCLOS [CD44] (R;M;4894821;249038;930
2,02E+11;18;5;1;1844;1;2;3;1;6;5;MARC CHAGALL (BOULEVARD);M;4895300;250060;930
2,02E+11;18;5;2;1840;1;2;1;1;1;5;GERMAIN PLANQUE (RUE);M;;;930
2,02E+11;18;5;9;810;1;2;1;7;7;5;24  JULES PRINCET [CD115;M;;;930
2,02E+11;18;5;9;1125;1;2;1;1;6;5;3  EUGENE DELACROIX (RUE;M;;;930
2,02E+11;18;5;9;2145;5;2;1;1;6;5;CHARLES DE GAULLE [CD115;M;;;930
2,02E+11;18;5;12;937;1;2;6;1;6;5;GEORGES BRAQUE (BOULEVA;M;4895700;247900;930
2,02E+11;18;5;14;1650;1;2;9;2;3;5;153  MITRY [CD115] (ROUT;M;4895044;252322;930
2,02E+11;18;5;17;1040;1;2;1;1;6;5;SEVRAN (CD44) (RUE DE);M;;;930
2,02E+11;18;5;19;2020;1;2;1;1;6;5;DAUPHINE (RUE DU);M;4894895;251215;930
2,02E+11;18;5;25;1545;1;2;1;1;6;5;TOURVILLE (RUE DE);M;;;930
2,02E+11;18;5;28;1132;1;2;1;1;1;5;CHARLES GOUPPY (RUE);M;;;930
2,02E+11;18;5;28;1555;1;2;1;1;2;5;MARC CHAGALL (BOULEVARD);M;4895618;249596;930
2,02E+11;18;6;1;1400;1;1;1;1;2;5;CROIX BLANCHE (PONT DE L;M;4893181;250481;930
2,02E+11;18;6;8;1845;1;2;1;1;4;5;91  JACQUES DUCLOS [CD44;M;4894439;249606;930
2,02E+11;18;6;16;1545;1;2;1;1;6;5;33  QUATORZE JUILLET (AV;M;4892931;249666;930
2,02E+11;18;6;17;1618;1;2;1;1;6;5;18  LEON JOUHAUX (RUE);M;4895333;248313;930
2,02E+11;18;6;23;800;1;2;1;7;2;5;RAOUL DUFY (AVENUE);M;;;930
2,02E+11;18;6;24;1325;1;2;1;1;6;5;59  CROIX BLANCHE (AVENU;M;;;930
2,02E+11;18;6;24;1850;1;2;2;1;6;5;HENRI MONDOR (RUE);M;4895280;251373;930
2,02E+11;18;6;25;1700;1;2;1;1;6;5;BONDY (ROUTE DE);M;;;930
2,02E+11;18;6;28;1630;1;2;1;1;5;5;GENERAL GALLIENI (BOULEV;M;;;930
2,02E+11;18;7;1;1403;1;2;3;1;3;5;SAVOIE (RUE DE);M;4894781;250130;930
2,02E+11;18;6;29;2120;2;2;2;1;5;5;HENRI MATISSE (RUE);M;4895750;250390;930
2,02E+11;18;7;6;1605;1;2;1;1;2;5;GEORGES BRAQUE (BOULEVAR;M;4895540;248185;930
2,02E+11;18;7;8;1955;1;2;1;1;7;5;36  LOUIS BLANC (AVENUE);M;4892256;250344;930
2,02E+11;18;7;9;945;1;2;1;1;7;5;69  BONDY (ROUTE DE);M;4892595;249078;930
2,02E+11;18;7;9;1430;1;2;9;1;2;5;PIERRE BROSSOLETTE (PONT;M;;;930
2,02E+11;18;7;10;1200;1;2;1;1;3;5;STRASBOURG (BOULEVARD DE;M;;;930
2,02E+11;18;7;10;1710;1;1;1;1;7;7;AUTOROUTE A3;M;4894932;247639;930
2,02E+11;18;7;11;1320;1;2;1;1;7;5;CLEMENT ADER (RUE);M;4894905;248081;930
2,02E+11;18;7;16;920;1;2;1;1;3;5;JACQUES DUCLOS [CD44] (R;M;4894970;248830;930
2,02E+11;18;7;15;1945;1;2;1;1;6;5;ABRAHAM DUQUESNE (RUE);M;4895485;250222;930
2,02E+11;18;7;20;930;1;2;1;2;3;5;NONNEVILLE (AVENUE DE);M;4892725;251018;930
2,02E+11;18;7;20;1640;1;2;2;2;3;5;PASCAL LECOINTRE (RUE);M;4893880;248790;930
2,02E+11;18;7;22;1630;1;2;3;1;1;5;CLOCHER (AVENUE DU);M;;;930
2,02E+11;18;7;27;2210;5;2;2;1;3;5;DROITS DE LHOMME (CARREF;M;4892955;248083;930
2,02E+11;18;7;28;900;1;2;2;1;3;5;DIVISION LECLERC (RUE DE;M;;;930
2,02E+11;18;7;28;1212;1;2;1;1;6;5;JACQUES DUCLOS [CD44] (R;M;;;930
2,02E+11;18;7;28;2050;1;2;5;1;3;5;MARC CHAGALL (BOULEVARD);M;4895222;249460;930
2,02E+11;18;7;31;1600;1;2;2;1;3;5;PAUL VAILLANT COUTURIER;M;;;930
2,02E+11;18;8;9;1815;1;2;1;1;3;5;JEAN CHARCOT [CD115] (RU;M;4896422;249144;930
2,02E+11;18;8;17;840;1;2;2;1;3;5;PAUL CEZANNE (RUE);M;4895025;249201;930
2,02E+11;18;8;19;1300;1;2;1;1;6;5;ROISSY EN FRANCE [CR N9];M;4894939;249197;930
2,02E+11;18;8;20;852;1;2;6;8;3;5;DROITS DE LHOMME (CARREF;M;;;930
2,02E+11;18;8;23;1900;1;2;2;1;3;5;JEAN CHARCOT [CD115] (RU;M;4893264;248825;930
2,02E+11;18;8;24;347;5;2;1;1;6;5;JULES PRINCET [CD115] (R;M;4892710;250020;930
2,02E+11;18;8;24;645;2;2;2;1;3;5;MITRY [CD115] (ROUTE DE);M;4895029;252304;930
2,02E+11;18;8;27;1000;1;2;1;2;6;5;DOCTEUR CLAUDE BERNARD (;M;4895222;252118;930
2,02E+11;18;8;27;1120;1;2;1;1;2;5;EUROPE (CARREFOUR DE L');M;4895121;248602;930
2,02E+11;18;8;28;1835;1;2;1;1;4;5;PREFET CHALEIL (CD44) (R;M;;;930
2,02E+11;18;8;28;1805;1;2;3;1;3;5;MAURICE DE BROGLIE (RUE);M;4894751;248456;930
2,02E+11;18;9;3;1130;1;2;2;1;3;5;PREFET CHALEIL (CD44) (R;M;4894000;250463;930
2,02E+11;18;9;9;1730;1;2;9;1;4;5;RAOUL DUFY (AVENUE);M;;;930
2,02E+11;18;9;9;2200;5;2;9;1;3;5;NONNEVILLE (AVENUE DE);M;;;930
2,02E+11;18;9;12;1330;1;1;1;7;6;5;NICOLAS ROBERT (RUE);M;;;930
2,02E+11;18;9;13;820;1;2;1;2;2;5;JACQUES DUCLOS [CD44] (R;M;;;930
2,02E+11;18;9;14;1815;1;2;1;1;2;5;MITRY [CD115] (ROUTE DE);M;;;930
2,02E+11;18;9;18;1750;1;2;1;8;6;5;JACQUES DUCLOS [CD44] (R;M;;;930
2,02E+11;18;9;25;1915;1;2;6;7;3;5;PETITS PONTS (ROUTE DES);M;4893192;249094;930
2,02E+11;18;9;25;1750;1;2;1;1;6;5;MITRY [CD115] (RUE DE);M;;;930
2,02E+11;18;9;26;1020;1;2;1;1;6;5;GENERAL LECLERC (PLACE D;M;;;930
2,02E+11;18;10;1;2115;5;2;1;8;2;71;JOHN F. KENNEDY (AVENUE);M;;;930
2,02E+11;18;10;4;800;1;2;1;1;6;5;ONZE NOVEMBRE (RUE DU);M;;;930
2,02E+11;18;10;9;745;1;2;1;1;2;5;LOUISE MICHEL (RUE);M;;;930
2,02E+11;18;10;12;430;5;2;1;8;6;5;GEORGES BRAQUE (BOULEVAR;M;4896141;247348;930
2,02E+11;18;10;12;815;1;2;3;1;6;5;NONNEVILLE (AVENUE DE);M;;;930
2,02E+11;18;10;15;1800;1;2;6;1;3;5;MAXIMILIEN ROBESPIERRE (;M;;;930
2,02E+11;18;10;30;1635;1;2;6;1;3;5;DROITS DE LHOMME (CARREF;M;;;930
2,02E+11;18;11;1;1440;1;2;1;2;6;5;EUROPE (CARREFOUR DE L');M;;;930
2,02E+11;18;11;6;1700;2;2;1;1;6;5;GEORGES BRAQUE (BOULEVAR;M;4895619;247619;930
2,02E+11;18;11;6;1830;5;2;3;1;6;5;MAXIMILIEN ROBESPIERRE (;M;4894620;249940;930
2,02E+11;18;11;7;1710;2;2;2;8;3;5;CHARLES FLOQUET (BOULEVA;M;;;930
2,02E+11;18;11;12;1755;5;2;8;1;6;5;MITRY [CD115] (ROUTE DE);M;4894167;250441;930
2,02E+11;18;11;14;1000;1;2;2;1;3;5;NONNEVILLE (AVENUE DE);M;4892507;250403;930
2,02E+11;18;11;16;1825;5;2;1;2;6;5;MARC CHAGALL (BOULEVARD);M;;;930
2,02E+11;18;11;25;1930;4;2;1;2;4;5;MARC CHAGALL (BOULEVARD);M;4895196;249242;930
2,02E+11;18;12;10;1920;3;2;2;1;3;5;LEFEVRE (BOULEVARD);M;;;930
2,02E+11;18;12;15;1515;1;2;2;2;3;5;NONNEVILLE (AVENUE DE);M;;;930
2,02E+11;18;12;16;1100;1;2;9;1;2;5;DROITS DE LHOMME (CARREF;M;4893007;248076;930
2,02E+11;18;12;18;1230;1;2;3;8;1;5;SALVADOR ALLENDE (COURS);M;;;930
2,02E+11;18;12;19;750;2;2;1;8;3;5;MITRY [CD115] (RUE DE);M;4894804;251327;930
2,02E+11;18;12;21;2230;5;2;3;2;2;5;GENERAL GALLIENI (BOULEV;M;4893138;249668;930
2,02E+11;18;12;23;530;5;2;1;2;3;5;RAOUL DUFY (AVENUE);M;4895539;250836;930
2,02E+11;18;12;24;800;2;2;1;2;1;5;PIERRE BROSSOLETTE (PONT;M;4893276;248823;930
2,02E+11;18;12;27;2227;5;2;1;1;6;5;JACQUES DUCLOS [CD44] (R;M;4894888;248945;930
2,02E+11;18;1;8;1430;1;2;1;1;2;7;02  ALBERT EINSTEIN (AVE;M;;;930
2,02E+11;18;1;11;1800;5;2;1;2;6;7;VICTOIRE (RUE DE LA);M;;;930
2,02E+11;18;1;12;1345;1;2;6;1;6;7;DIVISION LECLERC (ROND-P;M;4894708;245907;930
2,02E+11;18;1;12;2250;5;2;2;8;3;7;CHARLES FLOQUET (AVENUE);M;4894054;244929;930
2,02E+11;18;1;15;100;5;2;3;1;6;7;"107  ""PAUL VAILLANT COUT";M;4892656;247110;930
2,02E+11;18;1;23;1125;1;2;6;1;3;7;204  CHARLES FLOQUET (AV;M;4894010;244203;930
2,02E+11;18;1;24;650;5;2;3;2;4;7;"86  ""PAUL VAILLANT COUTU";M;;;930
2,02E+11;18;1;24;1205;1;2;1;1;4;7;59  PROFESSEUR LANGEVIN;M;4894560;245902;930
2,02E+11;18;1;30;1950;5;2;1;2;3;7;"125  ""DESCARTES (AVENUE";M;4895027;245464;930
2,02E+11;18;2;2;2037;5;2;1;1;3;7;72  8 MAI 45 (AVENUE DU;M;4894452;243493;930
2,02E+11;18;2;8;1605;1;2;1;1;6;7;15  CHARLES FLOQUET (AVE;M;4894057;244920;930
2,02E+11;18;2;10;900;1;2;2;9;3;7;60  CASANOVA (AVENUE);M;4892412;247312;930
2,02E+11;18;2;20;1800;5;2;1;2;6;7;"219  ""DESCARTES (AVENUE";M;4895003;246478;930
2,02E+11;18;2;24;1245;1;2;1;1;3;7;"80  ""PAUL VAILLANT COUTU";M;4892724;247285;930
2,02E+11;18;2;27;1901;5;2;1;1;2;7;23  ALBERT EINSTEIN (AVE;M;4894070;247524;930
2,02E+11;18;3;1;1320;1;2;3;1;4;7;"24  ""PAUL VAILLANT COUTU";M;4892880;247717;930