Num_Acc;an;mois;jour;hrmn;lum;agg;int;atm;col;com;adr;gps;lat;long;dep
2,02E+11;18;7;8;2210;5;2;1;1;6;47;CLICHY (AVENUE DE);M;4890470;255988;930
2,02E+11;18;7;15;2045;1;2;9;1;3;47;CLICHY (AVENUE DE);M;4890500;255880;930
2,02E+11;18;7;16;820;1;2;2;1;3;47;JEAN JAURES (AVENUE);M;4889895;254640;930
2,02E+11;18;7;24;1415;1;2;2;1;3;14;GAGNY (ALLEE DE);M;4890473;254884;930
2,02E+11;18;8;12;1800;1;2;2;1;2;14;GAGNY (ALLEE DE);M;4890129;254683;930
2,02E+11;18;8;16;1;5;2;1;1;6;14;STRATEGIQUE (ROUTE);M;;;930
2,02E+11;18;9;3;1250;1;2;3;1;6;47;MESANGES  (AVENUE DES);M;4889508;256328;930
2,02E+11;18;9;5;1830;1;2;2;1;6;14;EMILE ZOLA (BOULEVARD);M;;;930
2,02E+11;18;9;11;1700;1;2;1;7;6;14;MAURICE AUDIN (ALLEE);M;4891089;254614;930
2,02E+11;18;9;11;1930;2;2;4;1;6;47;TUILERIE  (RUE DE LA);M;4890399;256628;930
2,02E+11;18;9;15;1550;1;2;1;1;4;14;SEVIGNE (AVENUE DE);M;4890500;254865;930
2,02E+11;18;9;26;1105;1;2;1;1;2;47;JEAN MERMOZ   (PLACE);M;4890206;257178;930
2,02E+11;18;10;7;2134;5;2;3;2;3;14;LIBERTES (CARREFOUR DES);M;4890452;254838;930
2,02E+11;18;10;8;1745;1;2;2;1;3;47;GABRIEL PERI  (AVENUE);M;4889317;255241;930
2,02E+11;18;10;11;845;1;2;1;1;6;14;STRATEGIQUE (ROUTE);M;;;930
2,02E+11;18;10;11;1815;1;2;2;1;6;14;ANATOLE FRANCE (ALLEE);M;4890550;255596;930
2,02E+11;18;10;16;1840;1;2;2;1;3;47;GERANIUMS (AVENUE DES);M;4889894;255039;930
2,02E+11;18;10;18;1115;1;2;3;1;6;14;CHENE POINTU (ALLEE DU);M;4890304;254484;930
2,02E+11;18;10;22;5;5;2;1;1;6;47;HARDY  (BOULEVARD);M;4890452;256525;930
2,02E+11;18;10;30;1830;5;2;9;1;3;14;JEAN MOULIN (AVENUE);M;4890833;255491;930
2,02E+11;18;11;12;800;4;2;1;3;6;47;EUROPE (BOULEVARD DE L');M;4889647;256527;930
2,02E+11;18;11;15;2355;5;2;2;5;3;47;HENRI BARBUSSE  (RUE);M;4890019;256705;930
2,02E+11;18;11;16;2015;5;2;1;5;2;14;JEAN MOULIN (AVENUE);M;4890877;255420;930
2,02E+11;18;11;20;1500;1;2;3;5;4;47;SCIENCES   (AVENUE DES);M;4890608;257933;930
2,02E+11;18;11;23;1530;1;2;1;1;1;47;COUBRON (RUE DE );M;4890340;257800;930
2,02E+11;18;11;28;1030;1;2;1;2;6;47;UTRILLO  (RUE);M;4890040;255617;930
2,02E+11;18;11;30;1620;1;2;1;1;6;47;MORISOT (RUE);M;4890431;255920;930
2,02E+11;18;11;30;1955;5;2;2;1;3;14;GAGNY (ALLEE DE);M;;;930
2,02E+11;18;12;1;230;5;2;1;1;6;47;VIOLETTES   (AVENUE DES);M;4889630;254690;930
2,02E+11;18;12;5;1445;1;2;1;8;1;47;MOULINS  (RUE DES);M;4889831;257854;930
2,02E+11;18;12;8;1600;1;2;2;6;3;14;De SEVIGNE (AVENUE );M;4891282;259925;930
2,02E+11;18;12;9;235;5;2;9;2;6;14;GAGNY (ALLEE DE);M;;;930
2,02E+11;18;12;12;1640;1;2;1;1;7;14;COUBRON (ALLEE DE);M;4891157;255005;930
2,02E+11;18;12;18;725;5;2;2;1;3;47;GENERAL DE GAULLE (RUE D;M;4889940;255950;930
2,02E+11;18;12;21;830;1;2;9;2;3;47;FONTAINE JEAN VALJEAN (R;M;4889651;257091;930
2,02E+11;18;12;21;1650;2;2;1;8;6;14;INDEPENDANCE (ALLEE DE L;M;4890308;254267;930
2,02E+11;18;12;22;1920;5;2;6;2;2;47;EUROPE (BOULEVARD DE L');M;;;930
2,02E+11;18;12;23;2325;5;2;2;2;3;14;GAGNY (ALLEE DE);M;4890500;254800;930
2,02E+11;18;12;25;1620;1;2;2;1;3;14;ANGEL TESTA (ALLEE);M;4890000;254400;930
2,02E+11;18;12;28;1120;1;2;1;8;6;14;MONTFERMEIL (ALLEE DE);M;;;930
2,02E+11;18;1;31;1750;5;2;2;2;3;27;102  JAURES (AVENUE JEAN;M;4892236;240703;930
2,02E+11;18;2;1;745;5;2;6;2;6;27;133  HUIT-MAI-1945 (PLAC;M;4892101;241061;930
2,02E+11;18;2;3;1425;1;2;1;2;2;27;24  CONVENTION (RUE DE L;M;4892883;238843;930
2,02E+11;18;2;13;839;1;2;2;1;3;27;98  JAURES (AVENUE JEAN);M;4892239;240707;930
2,02E+11;18;3;7;1650;1;1;6;2;2;27;11  JAURES (AVENUE JEAN);M;4892589;240110;930
2,02E+11;18;3;9;737;1;2;1;2;6;27;11b  PASTEUR (BOULEVARD);M;4892000;238000;930
2,02E+11;18;3;14;715;2;2;1;1;6;27;139-147  VAILLANT-COUTUR;M;4892546;241544;930
2,02E+11;18;3;16;1425;1;2;1;1;6;27;54  LECLERC (AVENUE DU G;M;4855410;222550;930
2,02E+11;18;3;25;1930;4;2;1;1;7;27;15  LENINE (AVENUE);M;4892000;242000;930
2,02E+11;18;3;28;1600;1;2;1;2;2;27;01  JAURES (AVENUE JEAN);M;4892467;240056;930
2,02E+11;18;4;2;1928;1;2;1;2;6;13;88  LECLERC (AVENU DE LA;M;;;930
2,02E+11;18;4;4;750;1;2;2;1;3;27;133  VAILLANT-COUTURIER;M;4892477;241490;930
2,02E+11;18;4;5;2004;1;1;3;1;6;27;41  PERI (AVENUE GABRIEL;M;4892694;238910;930
2,02E+11;18;4;6;2255;5;2;1;1;6;13;64  LECLERC (AVENU DE LA;M;4893498;242626;930
2,02E+11;18;4;8;1914;1;1;1;1;6;13;1  LINDBERGH (CARREFOUR);M;4894300;243000;930
2,02E+11;18;4;18;1730;1;2;1;1;6;27;54  PERI (AVENUE GABRIEL;M;4892000;239000;930
2,02E+11;18;4;20;1210;1;2;1;1;6;27;43  VAILLANT-COUTURIER (;M;4892010;240974;930
2,02E+11;18;4;23;2000;1;2;4;1;3;13;4  NIORT (RUE DE L'ABBE);M;4894043;243123;930
2,02E+11;18;4;24;1315;1;2;6;1;3;27;211  VAILLANT-COUTURIER;M;4892888;241641;930
2,02E+11;18;4;25;2135;5;2;2;1;3;27;48  SAINT-DENIS (RUE DE);M;4893070;238250;930
2,02E+11;18;4;26;1655;1;2;2;1;3;27;29  PASTEUR (BOULEVARD);M;4892177;238335;930
2,02E+11;18;4;27;2148;5;2;2;1;3;27;4  SALENGRO (AVENUE ROGE;M;4892996;238605;930
2,02E+11;18;5;7;1700;1;2;1;1;2;30;1  SEIZE-AOUT-1943 (PLAC;M;4895140;241748;930
2,02E+11;18;5;18;15;5;2;1;1;3;27;19  CACHIN (AVENUE MARCE;M;4892837;239660;930
2,02E+11;18;5;18;1600;1;2;1;1;6;27;27  TURGOT (RUE);M;4892447;241124;930
2,02E+11;18;5;19;855;1;2;1;1;3;13;4  JAURES (AVENUE JEAN);M;4893000;242000;930
2,02E+11;18;5;19;1445;1;2;1;1;6;27;46  BERTHELOT (RUE MARCE;M;4892087;241496;930
2,02E+11;18;5;20;1250;1;2;1;1;6;27;51  VAILLANT-COUTURIER (;M;4892047;241018;930
2,02E+11;18;5;20;1720;1;2;1;1;2;27;113  JAURES (AVENUE JEAN;M;4892177;240871;930
2,02E+11;18;5;21;1431;1;2;3;1;3;27;35  JAURES (AVENUE JEAN);M;4892440;240163;930
2,02E+11;18;5;27;1445;1;2;1;1;6;27;22b  PASTEUR (BOULEVARD);M;4892083;238318;930
2,02E+11;18;5;29;2050;1;2;6;1;3;27;17  JAURES (AVENUE JEAN);M;4892481;240125;930
2,02E+11;18;6;3;2214;5;2;3;1;6;27;2  SUD (ALLEE DU);M;;;930
2,02E+11;18;6;9;1630;1;2;1;1;6;27;80  SAINT-DENIS (RUE DE);M;4893441;238357;930
2,02E+11;18;6;16;1429;1;2;1;7;6;13;23  JAURES (AVENUE JEAN);M;4893349;242327;930
2,02E+11;18;6;24;1630;1;2;1;1;3;27;9  MOULIN-NEUF (RUE DU);M;4892768;238359;930
2,02E+11;18;7;4;1500;1;2;1;1;6;13;LECLERC (AVENU DE LA DIV;M;;;930
2,02E+11;18;7;7;1030;1;2;1;1;3;27;100  SALENGRO (AVENUE RO;M;4893942;238760;930
2,02E+11;18;7;13;1430;1;2;1;1;2;27;1  SAINT-DENIS (RUE DE);M;4893048;238348;930
2,02E+11;18;7;13;1650;1;2;1;1;6;27;128  RATEAU (RUE);M;4892500;241100;930
2,02E+11;18;7;19;1925;1;2;3;1;6;13;JAURES (AVENUE JEAN) DE;M;4893330;242384;930
2,02E+11;18;7;16;1050;1;2;6;2;2;27;1  ROCHET (RUE WALDECK);M;4893219;239911;930
2,02E+11;18;7;31;1918;1;2;1;1;6;27;17-oct-61;M;4892728;237702;930
2,02E+11;18;8;10;1835;1;2;1;1;3;27;SAINT-DENIS (RUE DE);M;4893000;238360;930
2,02E+11;18;8;10;2300;3;2;8;1;3;27;PASTEUR (BOULEVARD) DE 4;M;4892956;238589;930
2,02E+11;18;8;13;1335;1;1;1;2;2;27;ROCHET (RUE WALDECK);M;4893761;240442;930
2,02E+11;18;8;16;1830;1;2;1;1;3;1;PRESIDENT ROOSEVELT (AVE;M;4891680;237984;930
2,02E+11;18;8;16;2220;5;2;1;1;6;66;SAINT OUEN (QUAI DE );M;4892861;234104;930
2,02E+11;18;8;18;1430;1;2;3;1;1;13;CAVILLON (RUE ANIZAN);M;4894000;242000;930
2,02E+11;18;8;23;1350;1;2;1;1;6;27;REPUBLIQUE (AVENUE DE LA;M;4892000;239000;930
2,02E+11;18;8;23;2300;5;2;3;1;5;27;VAILLANT-COUTURIER (AVEN;M;;;930
2,02E+11;18;8;23;1100;1;2;1;1;2;27;CONVENTION (RUE DE LA);M;4892852;238928;930
2,02E+11;18;8;25;2350;5;2;1;1;6;13;LECLERC (AVENU DE LA DIV;M;4893581;243042;930
2,02E+11;18;9;8;1700;1;2;3;1;3;13;JAURES (AVENUE JEAN) DE;M;;;930
2,02E+11;18;9;11;305;5;2;2;1;3;1;ANATOLE FRANCE (BD) PAI;M;4891627;238164;930
2,02E+11;18;9;11;2250;3;2;1;1;1;27;BARBUSSE (AVENUE HENRI);M;4893200;239815;930
2,02E+11;18;9;16;1320;1;2;2;1;6;27;FERRY (RUE JULES);M;4892695;239298;930
2,02E+11;18;9;18;1400;1;2;1;1;2;13;BOUCHER (RUE HELENE);M;4893336;241635;930
2,02E+11;18;9;18;1820;1;2;1;1;4;27;JAURES (AVENUE JEAN);M;4892583;239714;930
2,02E+11;18;9;13;1630;1;2;1;1;6;27;REPUBLIQUE (AVENUE DE LA;M;4892974;239182;930
2,02E+11;18;9;20;1230;1;2;3;1;3;27;JAURES (AVENUE JEAN);M;4892439;240167;930
2,02E+11;18;9;21;1040;1;2;5;1;6;13;LECLERC (AVENU DE LA DIV;M;4892879;239014;930
2,02E+11;18;9;24;1620;1;2;5;1;3;27;RENARD (RUE EDOUARD);M;4892842;239022;930
2,02E+11;18;9;25;1620;1;2;2;1;3;27;PASTEUR (BOULEVARD) DE 1;M;4892200;238300;930
2,02E+11;18;9;27;850;1;2;6;1;6;27;QUINET (RUE EDGAR);M;4893182;239864;930
2,02E+11;18;9;30;1745;1;2;1;1;6;27;SALENGRO (AVENUE ROGER);M;4894101;238776;930
2,02E+11;18;10;11;1645;1;2;1;1;2;27;PRESOV (AVENUE DE);M;4892968;237636;930
2,02E+11;18;10;18;1700;1;2;3;1;6;27;RATEAU (RUE);M;4892500;240650;930
2,02E+11;18;10;23;2010;2;2;3;1;3;27;CONVENTION (RUE DE LA);M;4892575;239680;930
2,02E+11;18;10;26;627;5;2;1;1;6;13;LECLERC (AVENU DE LA DIV;M;4893306;242412;930
2,02E+11;18;10;26;1515;1;2;1;1;3;30;HUIT-MAI-1945 (AVENUE DU;M;4895628;244502;930
2,02E+11;18;10;29;1410;1;2;1;1;3;30;HUIT-MAI-1945 (AVENUE DU;M;4895000;244000;930
2,02E+11;18;10;29;1800;5;2;1;1;2;13;EGALITE (RUE DE L');M;4893000;242000;930
2,02E+11;18;10;29;2155;5;2;2;8;3;13;LECLERC (AVENU DE LA DIV;M;4993489;242587;930
2,02E+11;18;11;2;1700;1;2;1;1;3;27;ROCHET (RUE WALDECK);M;4893394;240162;930
2,02E+11;18;11;9;600;3;2;9;1;6;13;JAURES (AVENUE JEAN) DE;M;4893137;242851;930
2,02E+11;18;11;10;1505;1;2;1;2;1;30;LECLERC DE HAUTECLOQUE (;M;4894000;242000;930
2,02E+11;18;11;12;800;2;2;1;2;3;27;VAILLANT-COUTURIER (AVEN;M;4891815;240766;930
2,02E+11;18;11;12;2250;5;2;1;1;6;27;ZOLA (RUE EMILE);M;4892089;238737;930
2,02E+11;18;11;14;1730;2;2;1;1;6;27;MASSON (RUE SUZANNE);M;4892332;238509;930
2,02E+11;18;11;15;1900;5;2;3;1;3;27;JAURES (AVENUE JEAN);M;4892359;240503;930
2,02E+11;18;11;20;1200;1;2;2;2;3;27;CACHIN (AVENUE MARCEL);M;4892917;239664;930
2,02E+11;18;11;20;1815;5;2;9;2;4;27;VAILLANT-COUTURIER AVEN;M;4892000;241000;930
2,02E+11;18;11;23;845;2;2;2;5;2;13;KENNEDY (AVENUE JOHN FIT;M;4893000;242000;930
2,02E+11;18;11;25;1335;1;2;1;2;4;27;VAILLANT-COUTURIER (AVEN;M;4892277;241306;930
2,02E+11;18;11;27;1320;1;2;1;1;6;27;SAINT-DENIS (RUE DE);M;4893008;238510;930
2,02E+11;18;11;28;1145;1;2;3;2;3;27;GENEVE (RUE DE);M;4892534;237791;930
2,02E+11;18;12;13;1340;1;2;1;1;6;13;LECLERC (AVENU DE LA DIV;M;4893096;242199;930
2,02E+11;18;12;18;2041;5;2;9;8;6;13;CAVILLON (RUE ANIZAN);M;4893000;241000;930
2,02E+11;18;12;25;1500;1;2;2;1;5;27;PASTEUR (BOULEVARD) DE 1;M;4892177;238338;930
2,02E+11;18;1;3;706;5;2;2;3;3;29;46   CASTELNAU (AVENUE);M;4829048;245816;930
2,02E+11;18;1;18;1510;1;2;9;2;6;29;23  PAUL VAILLANT COUTUR;M;4892334;244595;930
2,02E+11;18;1;23;1910;5;2;2;2;3;29;42  ALBERT DAVID;M;4891824;247249;930
2,02E+11;18;1;28;1925;5;2;1;1;3;29;01  PAUL VAILLANT COUTUR;M;4892291;244703;930
2,02E+11;18;2;5;1930;5;2;9;1;7;29;24  MARCELIN BERTHELOT N;M;4891995;244596;930
2,02E+11;18;2;12;1545;1;2;2;1;1;29;ROUGET DE LISLE N° 1-87;M;4892773;243224;930
2,02E+11;18;3;1;1145;1;2;3;1;6;29;99  MARCEAU (AVENUE) N°;M;4893088;242954;930
2,02E+11;18;3;6;917;1;2;6;1;6;29;1  ROGER GIBRAT;M;4892193;244584;930
2,02E+11;18;3;13;1745;1;2;1;1;6;29;189  ANATOLE FRANCE;M;4893290;245552;930
2,02E+11;18;3;14;510;5;2;1;1;6;29;218  ANATOLE FRANCE;M;4893385;245576;930
2,02E+11;18;3;16;750;1;2;2;1;3;29;37  LEJEUNE (AVENUE);M;4891979;247116;930
2,02E+11;18;3;24;2120;5;2;1;1;3;29;241  JEAN JAURES (AVENUE;M;4891504;246059;930
2,02E+11;18;3;28;1720;1;2;1;1;6;29;20  FERNAND PENA;M;4891795;243410;930
2,02E+11;18;3;29;1525;1;2;1;1;6;29;45  TRAVAILLEURS (DES);M;4891669;249063;930
2,02E+11;18;4;4;2300;5;1;1;2;3;29;1  STATION (DE LA);M;4891815;242933;930
2,02E+11;18;4;9;1928;1;2;3;2;3;29;1  EDOUARD VAILLANT N° 9;M;4892852;243043;930
2,02E+11;18;4;9;935;1;2;1;1;6;29;25  PAUL VAILLANT COUTUR;M;4892290;247679;930
2,02E+11;18;4;22;1109;1;2;3;1;3;29;21  HENRI BARBUSSE (AVE);M;4891572;244258;930
2,02E+11;18;4;23;1945;2;2;1;1;3;29;251  STALINGRAD (DE);M;4891870;241514;930
2,02E+11;18;5;3;800;1;2;1;1;3;29;42  AUGUSTE BLANQUI;M;4891961;245988;930
2,02E+11;18;5;4;2200;5;2;1;1;3;66;31  FRANCE ANATOLE ENTRE;M;4892690;235210;930
2,02E+11;18;5;5;1900;1;2;1;1;6;29;48  JULES GUESDE;M;4891857;246192;930
2,02E+11;18;5;11;1415;1;2;1;1;6;29;26  JEAN VARNET;M;4892206;241831;930
2,02E+11;18;5;16;730;1;2;1;1;3;29;24  JEAN-BAPTISTE LEGEND;M;4892330;241927;930
2,02E+11;18;5;18;1920;1;2;1;1;6;29;47  FERNAND PENA;M;4891536;243330;930
2,02E+11;18;5;30;1245;1;2;1;1;6;29;2  JEAN-LOU CHRETIEN;M;4892160;242200;930
2,02E+11;18;5;30;1830;1;2;1;1;6;29;25  PAUL VAILLANT COUTUR;M;;;930
2,02E+11;18;5;31;2125;2;2;6;1;6;29;1 REPIQUET (ROND-POINT);M;4891503;243135;930
2,02E+11;18;6;2;1910;1;2;1;1;3;29;41  MARCEAU (AVENUE) N°;M;4892868;243516;930
2,02E+11;18;6;12;1350;1;2;1;1;3;29;146  ROGER SALENGRO N° 9;M;4891402;243625;930
2,02E+11;18;6;13;1230;1;2;1;1;6;29;1  LATERAL (CHEMIN);M;4893293;245396;930
2,02E+11;18;6;19;1215;1;2;1;1;6;29;222  ANATOLE FRANCE;M;4890000;240000;930
2,02E+11;18;6;20;1950;1;2;1;1;6;29;251  JEAN JAURES (AVENUE;M;;;930
2,02E+11;18;6;20;2040;2;2;2;7;3;29;35  LOUISE MICHEL N° 1-6;M;4891962;243435;930
2,02E+11;18;6;23;1100;1;2;3;1;6;29;12  BEL AIR (DU);M;4893690;245008;930
2,02E+11;18;6;29;2110;2;2;1;1;6;29;123  HENRI BARBUSSE (AVE;M;4891935;245013;930
2,02E+11;18;7;6;1800;1;2;9;1;3;29;29  SADI CARNOT;M;4892348;244575;930
2,02E+11;18;7;8;1730;1;2;3;1;3;29;36  GEORGES MARIE;M;4893388;245104;930
2,02E+11;18;7;11;800;1;2;2;1;6;29;17  LOUIS GREUZARD;M;4881934;247197;930
2,02E+11;18;7;18;2000;1;2;9;1;6;29;STALINGRAD (DE);M;4891702;242052;930
2,02E+11;18;7;19;815;1;2;9;1;3;29;STALINGRAD (DE);M;4891448;243281;930
2,02E+11;18;7;23;1825;1;2;1;1;3;29;HENRI BARBUSSE (AVE) N°1;M;4892278;245749;930
2,02E+11;18;8;4;1600;1;2;1;1;6;29;MARCEAU (AVENUE) N° 29-F;M;4892990;243210;930
2,02E+11;18;8;17;1740;1;2;1;1;1;29;STALINGRAD (DE);M;4891310;243610;930
2,02E+11;18;8;23;215;5;2;2;1;3;29;AMBROISE CROIZAT;M;4892600;245300;930
2,02E+11;18;8;23;1500;1;2;2;1;2;29;LIBERTE (DE LA);M;4891555;245241;930
2,02E+11;18;9;6;1100;1;2;2;8;6;29;HENRI ROUANET;M;4892724;245112;930
2,02E+11;18;9;14;1630;1;2;1;1;6;29;CHARLES GIDE;M;4892014;244349;930
2,02E+11;18;9;19;1740;1;2;1;1;5;29;HENRI BARBUSSE (AVE) N°1;M;4892195;245549;930
2,02E+11;18;9;20;1720;1;2;1;1;6;29;ANATOLE FRANCE;M;4893512;245648;930
2,02E+11;18;9;30;1920;5;2;1;1;6;29;LOUISE ROUSSEAU;M;4892119;241861;930
2,02E+11;18;10;8;1420;1;2;1;1;6;29;HENRI LANGLOIS;M;4891413;244782;930
2,02E+11;18;10;9;1900;2;2;1;1;1;29;MARCELIN BERTHELOT;M;4891900;244610;930
2,02E+11;18;10;9;2155;5;2;3;1;1;29;SADI CARNOT;M;4892700;243840;930
2,02E+11;18;10;11;1430;1;2;1;1;6;29;JEAN JAURES (AVENUE) N°;M;4891946;245209;930
2,02E+11;18;10;14;1300;1;2;4;1;3;29;BOIS DE GROSLAY (DES);M;4891785;246667;930
2,02E+11;18;10;16;1930;5;2;9;1;3;29;LIBERTE (DE LA);M;4891472;245173;930
2,02E+11;18;10;18;1500;1;2;1;1;1;29;MARCELIN BERTHELOT N°;M;4892131;244583;930
2,02E+11;18;10;21;205;4;2;2;1;3;29;LOUISE MICHEL N° 1-67;M;4892362;244809;930
2,02E+11;18;11;3;1045;1;2;3;1;6;29;HENRI LANGLOIS;M;4891291;245013;930
2,02E+11;18;11;4;1115;1;2;9;1;6;29;PAUL VAILLANT COUTURIER;M;4892283;244720;930
2,02E+11;18;11;5;1900;5;2;1;1;3;29;HENRI BARBUSSE (AVE) N°1;M;4892310;245865;930
2,02E+11;18;11;6;910;1;2;1;1;2;29;ANATOLE FRANCE;M;4893291;244545;930
2,02E+11;18;11;9;1040;1;2;9;1;6;29;HENRI LONGATTE;M;4892220;245354;930
2,02E+11;18;11;12;710;3;2;9;2;3;29;SAINT-STENAY;M;4891871;242159;930
2,02E+11;18;11;12;1330;1;2;9;2;6;29;ANATOLE FRANCE;M;4893205;245542;930
2,02E+11;18;11;19;2030;5;2;1;4;6;29;MARCEAU (AVENUE) N° 29-F;M;4893013;243144;930
2,02E+11;18;11;20;830;1;2;3;2;3;29;JEAN JAURES (AVENUE);M;4892060;244963;930
2,02E+11;18;11;20;1120;1;2;3;2;5;29;ROGER SALENGRO N° 02-92;M;4891931;243756;930
2,02E+11;18;11;20;1640;2;2;1;2;6;29;HENRI BARBUSSE (AVE) N°1;M;4892216;244518;930
2,02E+11;18;11;21;830;2;2;9;8;6;29;JACQUELINE QUATREMAIRE;M;4891928;246052;930
2,02E+11;18;11;29;1815;5;2;1;1;1;29;MIRABEAU;M;4892669;243825;930
2,02E+11;18;12;13;1820;5;2;1;1;6;29;JEAN JAURES (AVENUE) N°;M;4891926;245277;930
2,02E+11;18;12;16;2030;5;2;1;2;2;29;ANATOLE FRANCE;M;4893284;245550;930
2,02E+11;18;12;24;1510;1;2;2;1;3;29;BOIS DE GROSLAY (DES);M;4891759;246759;930
2,02E+11;18;1;9;940;1;2;1;1;3;31;133  SAINT LEU (ROUTE DE;M;;;930
2,02E+11;18;1;9;1130;1;2;1;1;6;31;39  REPUBLIQUE (AVENUE);M;;;930
2,02E+11;18;1;11;1230;1;2;1;8;6;79;132  JEAN BAPTISTE CLEME;M;4895000;234000;930
2,02E+11;18;1;17;950;1;2;1;1;3;79;14  ROGER SALENGRO;M;4896184;234512;930
2,02E+11;18;1;18;1625;1;2;1;1;6;31;2  REPUBLIQUE (AVENUE);M;4895268;231614;930
2,02E+11;18;1;19;1330;1;2;1;2;2;31;31  GALLIENI (AVENUE);M;4896000;229000;930
2,02E+11;18;1;23;1300;1;2;1;2;3;31;70  ARGENTEUIL (ROUTE D';M;;;930
2,02E+11;18;1;24;1915;4;2;3;1;6;31;20  GALLIENI (AVENUE);M;;;930
2,02E+11;18;1;30;1820;5;2;2;2;2;79;0  DIVISION LECLERC (AV);M;4894932;234193;930
2,02E+11;18;2;5;1855;5;2;1;1;3;31;4  FOCH (BOULEVARD);M;;;930
2,02E+11;18;2;5;1930;5;2;1;8;3;31;5  JOFFRE (AVENUE);M;;;930
2,02E+11;18;2;13;1410;1;2;1;1;3;31;PARIS (RUE DE);M;4895460;230800;930
2,02E+11;18;2;19;2147;5;2;9;2;1;31;ARGENTEUIL (ROUTE D');M;4895000;229000;930
2,02E+11;18;2;23;920;1;2;9;1;6;31;214  SAINT LEU (ROUTE DE;M;4895864;232910;930
2,02E+11;18;2;23;1925;5;2;1;1;3;79;64  SAINT LEU (ROUTE);M;4895167;233898;930
2,02E+11;18;5;2;1410;1;2;1;1;3;31;DE LATTRE DE TASSIGNY (1;M;4895721;309923;930
2,02E+11;18;5;3;2050;2;2;2;1;3;31;REPUBLIQUE (AVENUE);M;;;930
2,02E+11;18;5;5;2210;5;2;3;1;6;31;84  MARNE (AVENUE DE LA);M;4895545;232667;930
2,02E+11;18;5;6;845;1;2;2;1;3;31;PARIS (RUE DE);M;;;930
2,02E+11;18;5;12;1507;1;2;1;8;2;31;108  PARIS (RUE DE);M;4895000;230000;930
2,02E+11;18;5;14;2305;5;2;1;1;3;31;FOCH (BOULEVARD);M;4894764;233446;930
2,02E+11;18;5;16;1800;1;2;1;1;1;31;124  MARNE (AVENUE DE LA;M;4895715;232598;930
2,02E+11;18;5;20;1430;1;2;1;1;6;31;12  LYON (RUE DE);M;4886666;233333;930
2,02E+11;18;5;24;1330;1;2;1;1;6;31;62  PARIS (RUE DE);M;4895438;230091;930
2,02E+11;18;5;25;2005;2;2;2;2;3;31;132  JOFFRE (AVENUE);M;4896169;229530;930
2,02E+11;18;5;24;1734;1;2;1;1;3;31;HUIT MAI 1945 (RUE DU);M;4895419;230135;930
2,02E+11;18;5;31;2210;5;2;3;1;3;31;114  REPUBLIQUE (AVENUE);M;4894991;232843;930
2,02E+11;18;6;2;2012;1;2;1;1;1;31;  SAINT LEU (ROUTE DE) 1;M;4895165;233888;930
2,02E+11;18;6;10;1600;1;2;1;1;7;31;DE LATTRE DE TASSIGNY (1;M;4895967;230468;930
2,02E+11;18;6;10;1955;1;2;1;1;6;79;85  MAURICE GRANDCOING;M;4896521;234430;930
2,02E+11;18;6;18;1955;1;2;1;1;6;31;69  REPUBLIQUE (AVENUE);M;;;930
2,02E+11;18;6;19;1443;1;2;1;1;3;31;104  DE LATTRE DE TASSIG;M;4895951;230006;930
2,02E+11;18;6;20;1500;1;2;9;7;6;31;41  REPUBLIQUE (AVENUE);M;4895000;231000;930
2,02E+11;18;6;18;1310;1;2;2;1;6;31;ARGENTEUIL (ROUTE D';M;4896125;229410;930
2,02E+11;18;6;23;1550;1;2;1;1;3;31;24  FOCH (BOULEVARD);M;4894723;233315;930
2,02E+11;18;6;24;2010;1;1;1;1;6;31;2  CHERBOURG;M;4895978;229895;930
2,02E+11;18;6;27;805;1;2;1;1;3;31;152  JEAN JAURES (AVENUE;M;4895859;232678;930
2,02E+11;18;6;28;635;1;2;1;1;6;31;60  FELIX MERLIN;M;4895543;229560;930
2,02E+11;18;6;30;1030;1;2;3;1;1;31;LILLE (RUE DE);M;4896124;228996;930
2,02E+11;18;7;3;830;1;2;3;1;6;31;7  DE LATTRE DE TASSIGNY;M;4895440;231310;930
2,02E+11;18;7;5;1800;1;2;3;1;3;79;189  DIVISION LECLERC (A;M;4894894;234215;930
2,02E+11;18;7;5;2025;1;2;1;1;3;31;RESISTANCE (PONT);M;4895672;230405;930
2,02E+11;18;7;9;2135;1;2;2;1;3;31;24  DE LATTRE DE TASSIGN;M;4895738;230988;930
2,02E+11;18;7;10;905;1;2;1;1;6;31;ALLENDE (AVENUE SALVADOR;M;4895561;230816;930
2,02E+11;18;7;16;720;1;2;1;1;6;31;NANCY (RUE DE);M;4895781;229980;930
2,02E+11;18;7;18;1410;1;2;3;1;3;79;SAINT LEU (ROUTE);M;4894943;234177;930
2,02E+11;18;7;19;2045;2;2;1;1;6;31;PARIS (RUE DE);M;4895000;231000;930
2,02E+11;18;7;22;1435;1;2;1;1;2;31;CLAUDE MONET;M;;;930
2,02E+11;18;7;25;1230;1;2;1;1;2;31;FOCH (BOULEVARD);M;;;930
2,02E+11;18;7;26;1;5;2;2;1;3;31;ENGHIEN (AV D');M;4895989;230760;930
2,02E+11;18;8;3;1650;1;2;1;1;2;31;FOCH (BOULEVARD);M;4894432;233775;930
2,02E+11;18;8;8;105;5;2;1;1;6;31;JEAN JAURES (AVENUE);M;4895567;231883;930
2,02E+11;18;8;11;1000;1;2;1;1;6;31;CLAUDE DEBUSSY;M;4894798;234229;930
2,02E+11;18;8;11;1102;1;2;3;1;3;31;FITZELIN (DE);M;;;930
2,02E+11;18;8;22;2140;5;2;1;1;2;79;SAINT LEU (ROUTE);M;4894656;234598;930
2,02E+11;18;8;27;1835;1;2;1;1;6;1;REPUBLIQUE (AVENUE DE LA;M;4890443;239104;930
2,02E+11;18;8;27;2050;5;2;1;1;6;31;DUMAS (RUE);M;4895507;230996;930
2,02E+11;18;9;6;1805;1;2;9;1;6;31;DE LATTRE DE TASSIGNY (1;M;4895944;230038;930