Num_Acc;an;mois;jour;hrmn;lum;agg;int;atm;col;com;adr;gps;lat;long;dep
2,02E+11;18;8;5;2035;2;2;1;1;6;53;MERLAN (RUE DE) N° 1 A 3;M;4888868;246488;930
2,02E+11;18;8;7;1250;1;2;1;1;2;53;PARIS (RUE DE);M;4890399;247033;930
2,02E+11;18;8;14;1005;1;2;1;1;1;53;BREMENT (RUE DE) 1 а 83;M;4888907;245518;930
2,02E+11;18;8;26;2300;5;2;2;8;3;53;MICHELET (BLD) N° 2 A 80;M;4888930;245810;930
2,02E+11;18;9;6;2220;5;2;1;1;2;53;GABRIEL PERI (BLD);M;4887966;246516;930
2,02E+11;18;9;8;2057;1;2;6;1;6;53;MARCEAU (AVENUE);M;4889201;246702;930
2,02E+11;18;9;20;1900;1;2;6;1;1;63;BERLIOZ AVENUE;M;4887178;244220;930
2,02E+11;18;9;29;5;5;2;2;1;3;53;ROGER SALENGRO (BLD);M;4888715;245585;930
2,02E+11;18;10;6;1905;2;2;1;1;2;53;REPUBLIQUE (BLD DE LA) N;M;4889500;246200;930
2,02E+11;18;10;7;1215;1;2;1;2;6;53;ANATOLE FRANCE (RUE);M;4888460;244120;930
2,02E+11;18;10;11;10;5;2;7;1;3;53;JEANNE D'ARC (PLACE);M;4889021;245302;930
2,02E+11;18;10;11;1210;1;2;1;1;6;53;PIERRE SEMARD (RUE);M;4889569;245812;930
2,02E+11;18;10;16;2100;5;2;2;1;1;53;ROSNY (AVENUE DE) N° 53;M;4888924;247117;930
2,02E+11;18;10;18;745;2;2;1;1;6;53;VAILLANT COUTURIER (RUE);M;4889039;245278;930
2,02E+11;18;10;22;1540;1;1;1;1;2;53;PARIS (RUE DE);M;;;930
2,02E+11;18;10;27;1220;1;2;5;1;3;53;ROSNY (AVE DE) N° 1 A;M;4888906;247122;930
2,02E+11;18;10;29;1710;2;2;8;1;6;53;REPUBLIQUE (BLD DE LA) N;M;4889303;246581;930
2,02E+11;18;10;31;2320;5;2;1;2;2;53;ROSNY (AVENUE DE) N° 1 A;M;4888700;247100;930
2,02E+11;18;11;2;1510;1;2;1;1;3;53;VAILLANT COUTURIER (RUE);M;4888859;245106;930
2,02E+11;18;11;6;1615;1;2;2;1;2;53;BREMENT (RUE DE) 109 A 2;M;4888680;247030;930
2,02E+11;18;11;7;1750;5;2;3;2;3;63;HUSSON GABRIEL;M;4888345;243653;930
2,02E+11;18;11;9;610;5;2;1;1;2;53;ANATOLE FRANCE (RUE);M;4888400;244100;930
2,02E+11;18;11;9;830;1;2;1;1;2;53;BREMENT (RUE DE) 1 A 83;M;4888916;245454;930
2,02E+11;18;11;17;1320;1;2;2;1;6;53;STAINS (ROUTE DE);M;4890402;247060;930
2,02E+11;18;11;29;845;1;2;1;2;2;53;VAILLANT COUTURIER (RUE);M;4889024;245248;930
2,02E+11;18;11;29;1200;1;2;1;1;2;53;PARIS (RUE DE);M;4890299;246608;930
2,02E+11;18;12;13;1240;1;2;2;7;6;53;VERDUN (AVENUE DE);M;;;930
2,02E+11;18;12;20;1221;1;2;1;1;2;53;VAILLANT COUTURIER (RUE);M;4889264;244102;930
2,02E+11;18;12;21;1450;1;2;2;8;3;53;ROSNY (AVENUE DE) N° 2 A;M;4888677;247196;930
2,02E+11;18;1;4;845;1;2;1;2;3;55;107  JEAN LOLIVE (AVENUE;M;4889257;240995;930
2,02E+11;18;1;4;1150;1;2;1;8;3;55;162  DIDEROT;M;4890277;240563;930
2,02E+11;18;1;8;2200;5;2;3;1;3;55;MEHUL (39/41. 26/30);M;4888916;241270;930
2,02E+11;18;1;18;1410;1;2;1;1;6;55;42  HOCHE;M;4889504;240145;930
2,02E+11;18;1;22;2015;5;2;1;8;2;55;52  JEAN LOLIVE (AVENUE);M;4880910;240175;930
2,02E+11;18;1;24;440;5;2;2;2;3;55;ANATOLE FRANCE (AVENUE);M;4889297;242390;930
2,02E+11;18;1;26;1840;5;2;1;1;6;55;178  JEAN LOLIVE (AVENUE;M;4889449;242079;930
2,02E+11;18;1;30;745;2;2;1;1;3;55;24  EGLISE (PLACE);M;4889321;241339;930
2,02E+11;18;2;2;1535;1;2;1;2;2;55;90  JEAN JAURES (AVENUE);M;4890427;239297;930
2,02E+11;18;2;19;1900;5;2;1;2;6;55;4  ANATOLE FRANCE (AVENU;M;4889492;242531;930
2,02E+11;18;2;24;1855;5;2;2;1;6;55;JEAN LOLIVE (AVENUE)(1/5;M;4889100;240200;930
2,02E+11;18;3;5;1845;5;2;1;1;6;55;JEAN LOLIVE (AVENUE)(107;M;4889241;240967;930
2,02E+11;18;3;10;928;1;2;4;2;3;55;141  COLONEL FABIEN (AVE;M;4889123;242534;930
2,02E+11;18;3;13;2145;5;2;1;1;2;55;190  JEAN JAURES (AVENUE;M;4891676;240635;930
2,02E+11;18;3;14;345;5;2;3;2;7;55;23  DELIZY (DU 23 A FIN;M;4889540;240964;930
2,02E+11;18;3;16;715;1;2;1;1;6;55;6  LAVOISIER;M;4888949;242006;930
2,02E+11;18;3;16;1250;1;2;1;1;7;55;24  MEHUL (1/37. 2/24);M;4888917;241352;930
2,02E+11;18;3;16;2030;3;2;6;1;3;55;216  JEAN LOLIVE (AVENUE;M;4889563;242582;930
2,02E+11;18;3;25;1500;1;2;9;1;5;55;110  JEAN JAURES (AVENUE;M;4890528;239390;930
2,02E+11;18;3;27;720;5;2;1;2;3;55;161  JEAN LOLIVE (AVENUE;M;4889370;241516;930
2,02E+11;18;4;12;2030;5;2;1;8;3;55;55  JEAN LOLIVE (AVENUE);M;4889120;240243;930
2,02E+11;18;4;16;756;1;2;9;1;3;55;31  GUTENBERG;M;4888831;240673;930
2,02E+11;18;4;16;1256;1;2;1;1;7;55;18  DELIZY (DU 15 AU 21;M;4889483;240963;930
2,02E+11;18;4;19;840;1;2;1;1;3;55;170  JEAN LOLIVE (AVENUE;M;4889445;241970;930
2,02E+11;18;4;20;1400;1;2;2;1;3;55;108  JEAN LOLIVE (AVENUE;M;4889240;240971;930
2,02E+11;18;4;23;1111;1;2;1;1;3;55;149  JEAN LOLIVE (AVENUE;M;4853360;224480;930
2,02E+11;18;5;2;1130;1;2;1;1;3;55;229  JEAN LOLIVE (AVENUE;M;4889507;242310;930
2,02E+11;18;5;7;1820;1;2;3;1;3;55;33  JEAN LOLIVE (AVENUE);M;;;930
2,02E+11;18;5;12;1445;1;2;2;2;2;55;84  JEAN LOLIVE (AVENUE);M;4889100;240400;930
2,02E+11;18;5;14;1720;1;2;1;1;6;55;3  DIVISION LECLERC (AVE;M;4891458;240550;930
2,02E+11;18;5;28;1140;1;2;1;1;6;55;1  NOISY LE SEC (ROUTE D;M;4889547;242631;930
2,02E+11;18;6;3;1600;1;2;1;1;6;55;81  JULES AUFFRET (51/FI;M;4888333;241159;930
2,02E+11;18;6;8;1415;1;2;1;1;2;55;146  JEAN LOLIVE (AVENUE;M;4889384;241681;930
2,02E+11;18;6;14;130;5;2;3;1;3;1;187  JEAN JAURES (AVE) 5;M;4891150;240033;930
2,02E+11;18;6;14;740;1;2;2;1;1;55;13  GENERAL LECLERC (AVE;M;4889585;239873;930
2,02E+11;18;6;15;805;1;2;1;1;6;55;24  DELIZY (DU 23 A FIN;M;4889597;240961;930
2,02E+11;18;6;24;534;2;2;1;1;3;55;JEAN JAURES (AVENUE) 2/;M;4890326;239168;930
2,02E+11;18;6;25;1930;1;2;2;1;3;55;13  DELIZY (DU 1 AU 13 E;M;4889360;240970;930
2,02E+11;18;6;27;1715;1;2;1;1;1;55;32  LATERAL AU CHEMIN DE;M;4889565;241500;930
2,02E+11;18;6;28;735;1;2;1;1;3;55;132  GENERAL LECLERC(AVE;M;4890044;241092;930
2,02E+11;18;6;29;630;1;2;2;1;3;55;57  JEAN LOLIVE (AVENUE);M;;;930
2,02E+11;18;7;13;1650;1;1;1;1;7;72;152  STALINGRAD (AVENUE;M;;;930
2,02E+11;18;7;19;1230;1;2;2;1;2;55;JEAN LOLIVE (AVENUE)(137;M;4889400;241770;930
2,02E+11;18;7;27;1330;1;2;1;1;2;55;JEAN JAURES (AVENUE)(130;M;4890760;239640;930
2,02E+11;18;7;29;1500;1;2;1;1;6;55;JEAN LOLIVE (AVENUE)(137;M;4889100;242035;930
2,02E+11;18;7;30;1535;1;2;1;1;2;55;GENERAL LECLERC(AVE DU)8;M;4890344;241734;930
2,02E+11;18;7;31;1700;1;2;1;1;6;55;SCANDICCI;M;4889149;239860;930
2,02E+11;18;8;29;1445;1;2;2;2;7;55;JEAN LOLIVE (AVENUE)(75/;M;4889230;240930;930
2,02E+11;18;9;8;1315;1;1;3;1;2;55;JULES AUFFRET (51/FIN ET;M;4888676;241070;930
2,02E+11;18;9;10;635;2;2;1;1;1;55;JEAN LOLIVE (AVENUE)(137;M;4889557;242633;930
2,02E+11;18;9;16;1350;1;2;1;1;6;55;EDOUARD VAILLANT DU 40/6;M;4890000;239500;930
2,02E+11;18;9;20;1700;1;2;1;1;6;55;GENERAL LECLERC(AVE DU)8;M;4890344;241716;930
2,02E+11;18;9;21;1400;1;2;3;1;2;55;GENERAL LECLERC(AVE DU)8;M;4889826;240646;930
2,02E+11;18;9;24;1015;1;2;3;1;4;55;GENERAL LECLERC(AVE DU)(;M;4890039;241091;930
2,02E+11;18;10;4;855;1;2;1;1;6;55;GENERAL COMPANS (AVE DU);M;4889676;239848;930
2,02E+11;18;10;4;1840;1;2;3;1;3;55;JEAN LOLIVE (AVENUE)(55/;M;4889180;240650;930
2,02E+11;18;10;11;1534;1;1;2;1;3;55;GENERAL LECLERC(AVE DU)8;M;4890170;241050;930
2,02E+11;18;10;17;840;1;2;1;1;3;55;JULES AUFFRET (1/49 ET 2;M;4889000;240900;930
2,02E+11;18;10;20;1209;1;2;1;1;6;55;JEAN LOLIVE (AVENUE)(107;M;4889243;240993;930
2,02E+11;18;10;20;1430;1;2;1;1;3;55;JEAN JAURES (AVENUE) (17;M;4891529;240471;930
2,02E+11;18;10;30;1100;1;2;1;2;6;55;GENERAL LECLERC(AVE DU)8;M;4890000;241000;930
2,02E+11;18;10;31;2200;4;2;3;2;3;55;JEAN JAURES (AVENUE) (17;M;4891548;240486;930
2,02E+11;18;11;4;1745;2;2;1;1;3;55;JEAN JAURES (AVENUE) (17;M;4891621;240581;930
2,02E+11;18;11;26;805;2;2;1;2;6;55;JEAN JAURES (AVENUE) (17;M;4891643;240620;930
2,02E+11;18;11;30;630;5;2;1;1;6;55;CHEVAL BLANC (DU);M;4889525;241282;930
2,02E+11;18;11;30;1830;5;2;3;1;3;55;GENERAL LECLERC(AVE DU)(;M;4889913;240789;930
2,02E+11;18;12;3;1330;1;2;9;3;2;55;JEAN LOLIVE (AVENUE)(137;M;;;930
2,02E+11;18;12;7;840;1;2;3;8;3;55;JEAN LOLIVE (AVENUE)(107;M;4889454;242029;930
2,02E+11;18;12;11;1950;5;2;1;1;6;55;JEAN LOLIVE (AVENUE)(107;M;4889243;240996;930
2,02E+11;18;1;1;145;5;1;1;1;3;62;11bis  SAPINS (ALLEE des;M;4889750;252882;930
2,02E+11;18;1;5;1730;5;2;1;2;2;77;4  PASTEUR (RUE);M;4888718;251022;930
2,02E+11;18;1;10;755;2;2;1;2;6;77;157  GRANDE RUE;M;4888269;252518;930
2,02E+11;18;1;10;1950;5;2;6;1;3;77;0  CARETTE (ROND POINT D;M;4888799;252045;930
2,02E+11;18;1;11;1030;1;2;9;1;6;77;24  HUGO (RUE VICTOR);M;4888937;251543;930
2,02E+11;18;1;25;1155;1;2;3;3;3;77;LONGPERRIER (AVENUE DE);M;4888267;252042;930
2,02E+11;18;1;27;300;5;2;1;1;6;77;115  GRANDE RUE;M;;;930
2,02E+11;18;1;30;915;1;2;1;1;7;62;42  RESISTANCE (AVENUE D;M;4889324;251318;930
2,02E+11;18;1;31;2200;5;2;3;2;2;77;74  ROSNY (AVENUE DE);M;4888400;250140;930
2,02E+11;18;2;2;1750;2;2;1;1;6;77;110  GRANDE RUE;M;4888270;251545;930
2,02E+11;18;2;11;1736;1;2;1;2;6;77;58  CARNOT (BOULEVARD);M;4888640;251855;930
2,02E+11;18;2;12;850;1;2;1;1;3;77;105  GRANDE RUE;M;4888268;251703;930
2,02E+11;18;2;15;1820;5;2;1;1;6;62;GARE (COUR DE LA);M;4888951;251199;930
2,02E+11;18;2;24;1904;5;2;1;1;3;77;0  RAINCY (AVENUE DU);M;4888826;251010;930
2,02E+11;18;3;6;1919;3;2;1;2;3;77;NEUILLY (RUE DE);M;4888085;251504;930
2,02E+11;18;3;15;1700;1;2;2;1;3;77;0  MONTAGNE SAVART (RUE;M;4888397;251953;930
2,02E+11;18;3;24;920;1;2;1;1;3;77;53  GRANDE RUE;M;4888513;250307;930
2,02E+11;18;3;24;2310;5;2;1;1;3;62;44  FONTAINE (ALLEE DE L;M;4889236;251938;930
2,02E+11;18;3;26;905;1;2;3;1;3;77;124  GRANDE RUE  18 / FI;M;4888259;251809;930
2,02E+11;18;3;26;830;1;2;1;1;6;77;GRANDE RUE  18 / FIN;M;4888219;251937;930
2,02E+11;18;3;27;625;5;2;3;2;6;77;80  AULNAY (BOULEVARD D';M;4889575;250521;930
2,02E+11;18;4;2;1405;1;2;1;1;3;77;25  ROSNY (AVENUE DE);M;4888486;250586;930
2,02E+11;18;4;3;1750;1;2;1;3;6;62;39  RESISTANCE (AVENUE D;M;4889340;251337;930
2,02E+11;18;4;5;1117;1;2;2;1;3;62;EST (BOULEVARD DE L');M;4889844;252685;930
2,02E+11;18;4;8;1835;1;2;3;1;7;77;1  RAINCY (AVENUE DU);M;4888463;250740;930
2,02E+11;18;4;12;1624;1;2;1;2;6;77;130  NEUILLY (RUE DE);M;4887696;252459;930
2,02E+11;18;4;13;1930;1;2;3;1;3;77;BONDY (AVENUE);M;4888931;249728;930
2,02E+11;18;4;14;1122;1;2;1;1;1;77;25  MARNAUDES (CHEMIN DE;M;4888733;249232;930
2,02E+11;18;4;16;1330;1;2;1;1;3;62;67  MIDI (BOULEVARD DU);M;4889448;252517;930
2,02E+11;18;4;18;1435;1;2;3;1;3;46;41  SULLY AVENUE;M;4891440;252360;930
2,02E+11;18;4;24;537;5;2;2;1;3;77;25  NOISY (ROUTE DE);M;4888322;249716;930
2,02E+11;18;4;26;2330;5;2;7;1;3;77;GARE (PLACE DE LA);M;4888924;251129;930
2,02E+11;18;4;30;550;5;2;1;2;6;62;44  FONTAINE (ALLEE DE L;M;4889241;251927;930
2,02E+11;18;4;30;1855;2;2;3;2;2;77;55  GALLIENI (AVENUE DU;M;4889243;250457;930
2,02E+11;18;5;6;1640;1;2;3;1;3;77;GRANDE RUE;M;4888260;251812;930
2,02E+11;18;5;10;1155;1;2;1;1;6;77;34  ROND POINT (AVENUE D;M;4888592;249998;930
2,02E+11;18;5;13;1700;1;2;2;8;3;77;24  GUILBERT (RUE);M;4888799;250701;930
2,02E+11;18;5;18;1910;1;2;2;1;1;77;15  OSSEVILLE (AVENUE D';M;4888056;251941;930
2,02E+11;18;5;24;2200;5;2;2;1;3;62;MIDI (BOULEVARD DU);M;4889249;221920;930
2,02E+11;18;5;26;1608;1;2;1;1;7;77;105  NEUILLY (RUE DE);M;4887720;252410;930
2,02E+11;18;5;26;2325;5;1;3;1;6;77;LUCIE (AVENUE);M;4887900;252600;930
2,02E+11;18;5;28;1250;1;2;1;1;6;77;14 bis  SAINT LOUIS (RUE;M;4888876;250753;930
2,02E+11;18;6;8;730;2;2;3;1;3;77;GALLIENI (AVENUE DU GENE;M;4889208;250556;930
2,02E+11;18;6;8;2030;2;2;1;1;4;77;27  ROSNY (AVENUE DE);M;4888492;250558;930
2,02E+11;18;6;10;1220;1;2;1;1;2;77;9  ROSNY (AVENUE DE);M;4888471;250673;930
2,02E+11;18;6;11;20;5;2;1;1;3;77;4  NOISY (ROUTE DE);M;4880000;249921;930
2,02E+11;18;6;14;750;1;2;9;1;6;77;24  AVRON (RUE D');M;4888315;250725;930
2,02E+11;18;6;17;215;5;2;1;1;6;62;49  EST (BOULEVARD DE L';M;4870098;252659;930
2,02E+11;18;6;17;2015;2;2;3;1;3;62;9  EST (BOULEVARD DE L');M;4889750;252710;930
2,02E+11;18;6;18;915;1;2;1;1;6;77;CARNOT (BOULEVARD);M;;;930
2,02E+11;18;6;22;1620;1;2;1;1;6;62;26  THIERS (AVENUE);M;4890066;251383;930
2,02E+11;18;6;23;1210;1;2;2;1;6;77;MEISSONNIER (AVENUE);M;4888929;249558;930
2,02E+11;18;7;2;730;1;2;1;1;6;77;53  LAGACHE (AVENUE);M;4888455;252068;930
2,02E+11;18;7;2;1535;1;2;9;7;6;62;BOSQUETS (ALLEE DES);M;4890052;252121;930
2,02E+11;18;7;10;1540;1;2;2;1;6;62;FONTAINE (ALLEE DE LA);M;4889242;251926;930
2,02E+11;18;7;13;912;1;2;3;1;2;77;31  ROSNY (AVENUE DE);M;4888510;250523;930
2,02E+11;18;7;18;2118;1;2;3;1;6;77;OUTREBON (AVENUE);M;4888709;251099;930
2,02E+11;18;7;18;2200;5;2;3;1;3;77;ESPERANCE (ALLEE DE L');M;;;930
2,02E+11;18;7;24;1615;1;2;2;1;3;77;NOISY (ROUTE DE) JUSQU'A;M;4888290;249549;930
2,02E+11;18;7;28;1525;1;2;9;1;3;62;GENERAL DE GAULLE (PLACE;M;4889675;251190;930
2,02E+11;18;8;9;940;1;2;7;2;3;77;GARE (PLACE DE LA);M;4888921;251105;930
2,02E+11;18;8;9;1043;1;2;1;2;2;77;GRANDE RUE;M;4888363;251177;930
2,02E+11;18;8;18;455;5;2;2;1;3;77;GRANDE RUE;M;4888281;251425;930
2,02E+11;18;8;25;1640;1;2;2;1;3;77;RAINCY (AVENUE DU);M;4888599;250829;930
2,02E+11;18;8;26;1940;1;2;3;1;3;77;PARC (RUE DU);M;4888047;252697;930
2,02E+11;18;9;5;825;1;2;1;1;3;77;GALLIENI (AVENUE DU GENE;M;4889303;250347;930
2,02E+11;18;9;9;1720;1;2;1;1;6;77;BEL AIR (RUE DU);M;4887625;251334;930
2,02E+11;18;9;12;25;5;2;2;1;3;77;GRANDE RUE;M;4888000;251000;930
2,02E+11;18;9;12;1015;1;2;5;1;6;77;GARE (PLACE DE LA);M;4888955;251123;930
2,02E+11;18;9;14;1630;1;2;1;1;6;77;ROSNY (AVENUE DE);M;4888446;250436;930
2,02E+11;18;9;17;920;1;2;1;7;6;62;MONTFERMEIL (ROND POINT;M;4889559;252661;930
2,02E+11;18;9;19;1500;1;2;1;1;2;77;OUTREBON (AVENUE);M;;;930
2,02E+11;18;9;21;902;1;2;1;2;6;62;THIERS (AVENUE);M;4850083;251376;930
2,02E+11;18;9;21;922;1;2;1;8;6;62;BALZAC (ALLEE);M;4889659;252812;930
2,02E+11;18;9;25;2130;5;2;1;1;2;62;RESISTANCE (AVENUE DE LA;M;;;930
2,02E+11;18;9;26;1120;1;2;2;1;3;62;COTEAUX (ALLEE DES) 28 -;M;4889568;252274;930
2,02E+11;18;10;1;1350;1;2;1;1;6;77;GRANDE RUE;M;4888280;251408;930
2,02E+11;18;10;2;1720;1;2;3;1;6;62;THIERS (AVENUE);M;4890009;251666;930
2,02E+11;18;10;6;1735;1;2;2;1;3;77;AIME (AVENUE);M;4887853;252323;930
2,02E+11;18;10;15;1950;5;2;3;1;3;77;NEUILLY (RUE DE);M;4887437;232849;930
2,02E+11;18;10;25;1600;1;2;1;1;6;77;VIEVIELLE (RUE MARC);M;4888000;251000;930
2,02E+11;18;10;25;1855;5;2;2;1;1;77;FOSSE AUX BERGERS (RUE D;M;4888930;249547;930
2,02E+11;18;10;29;2045;5;2;2;1;3;77;MONTAGNE SAVART (RUE DE;M;4888476;252028;930
2,02E+11;18;10;29;2325;5;2;2;3;3;77;LIMITES (AVENUE DES);M;4888932;249806;930
2,02E+11;18;10;30;1907;5;2;1;1;6;77;OUTREBON (AVENUE);M;4888422;251029;930
2,02E+11;18;11;3;125;3;2;3;1;6;77;GROS BUISSON (RUE DU);M;4889003;249256;930
2,02E+11;18;11;6;1655;1;2;1;1;6;62;JARDIN ANGLAIS ET DE FIN;M;4889680;252359;930
2,02E+11;18;11;6;1830;1;1;1;1;2;53;CHASSE (RUE DE LA);M;4887946;244955;930
2,02E+11;18;11;8;2006;5;2;1;1;3;62;LIVRY (AVENUE DE);M;4890271;252051;930
2,02E+11;18;11;10;1130;1;2;1;2;3;77;LIMITES  (AVENUE DES);M;4888930;249724;930
2,02E+11;18;11;13;1955;5;2;1;1;6;77;GRANDE RUE;M;4888252;551829;930
2,02E+11;18;11;19;840;1;2;1;1;6;77;GALLIENI (AVENUE DU GENE;M;4889210;250557;930
2,02E+11;18;12;2;705;4;2;2;2;3;77;NOISY (ROUTE DE) JUSQU'A;M;4888317;249719;930
2,02E+11;18;12;7;1633;2;2;1;2;6;77;DETOUCHE (AVENUE);M;4888574;251397;930
2,02E+11;18;12;8;1430;1;2;2;1;5;77;NOISY (ROUTE DE) JUSQU'A;M;4888320;249712;930
2,02E+11;18;12;10;2035;5;2;1;1;4;77;NEUILLY (RUE DE);M;4887000;252000;930
2,02E+11;18;12;12;1525;1;2;1;1;6;77;PROCESSIONS (CHEMIN DES);M;4887435;251845;930
2,02E+11;18;12;13;1747;5;2;1;1;3;77;ROSNY (AVENUE DE);M;4888480;250676;930
2,02E+11;18;12;28;1045;1;2;9;8;7;62;THIERS (ROND POINT);M;;;930
2,02E+11;18;1;6;2245;5;2;1;2;2;64;5  ADENAUER (RUE CONRAD);M;4887803;248306;930
2,02E+11;18;1;7;1610;2;2;1;8;5;64;3  LISBONNE (RUE DE);M;4887840;247570;930
2,02E+11;18;1;9;1810;5;2;1;2;6;64;ALSACE-LORRAINE (BOULEVA;M;4888327;249054;930
2,02E+11;18;1;16;2115;5;2;1;2;3;64;327  BOISSIERE (BOULEVAR;M;;;930
2,02E+11;18;1;23;1730;2;2;1;8;3;64;ALSACE-LORRAINE (BOULEVA;M;4888306;249167;930
2,02E+11;18;2;1;530;5;2;1;2;2;64;37  FERRY (RUE JULES);M;4887463;247870;930
2,02E+11;18;2;10;155;5;2;1;4;6;64;58  REPUBLIQUE (AVENUE D;M;4886876;248510;930
2,02E+11;18;3;6;830;1;1;1;1;2;64;DE GAULLE (AV DU GENERAL;M;4888690;247344;930
2,02E+11;18;3;22;810;1;2;7;1;3;51;15  UNIVERSITE;M;4883728;255219;930
2,02E+11;18;3;27;2200;5;2;3;1;2;64;88  DE GAULLE (AV DU GEN;M;4887885;247861;930
2,02E+11;18;3;29;1358;1;2;1;1;3;64;GAGNY (AVENUE DE);M;;;930
2,02E+11;18;4;6;1545;1;2;1;1;3;64;DE GAULLE (AV DU GENERAL;M;4888615;247213;930
2,02E+11;18;4;9;2355;5;2;1;2;2;64;00  DE GAULLE (AV DU GEN;M;4887843;247892;930
2,02E+11;18;4;14;340;5;2;1;1;1;64;31  JAURES (AVENUE JEAN);M;;;930
2,02E+11;18;4;19;1605;1;2;3;7;3;64;54BIS  ETANG A L'EAU (RU;M;;;930
2,02E+11;18;4;30;2000;1;2;2;2;1;64;108  DE GAULLE (AV DU GE;M;4887979;247783;930
2,02E+11;18;5;1;1645;1;2;1;1;3;64;DE GAULLE (AV DU GENERAL;M;4888260;247520;930
2,02E+11;18;5;8;840;1;2;1;1;6;64;PERI (BOULEVARD GABRIEL);M;4887750;248410;930
2,02E+11;18;5;12;10;5;2;2;1;3;47;156  MYOSOTIS   (AVENUE;M;4882948;254790;930
2,02E+11;18;5;12;1240;1;2;6;1;6;64;1  LISBONNE (RUE DE);M;;;930
2,02E+11;18;5;13;1420;1;2;3;8;3;64;1  FAIDHERBE (ALLEE);M;4886082;248878;930
2,02E+11;18;5;18;1250;1;2;4;1;3;64;LISBONNE (RUE DE);M;;;930
2,02E+11;18;5;19;1045;1;2;1;1;3;64;30  QUATRIEME ZOUAVES (R;M;4887300;248050;930
2,02E+11;18;5;19;1935;2;2;1;1;6;64;60  QUATRIEME ZOUAVES (R;M;4887187;247500;930
2,02E+11;18;5;25;1540;1;2;1;1;6;64;126  ALSACE-LORRAINE (BO;M;4888553;247767;930
2,02E+11;18;6;5;1740;1;2;7;1;3;64;14  LISBONNE (RUE DE);M;4888060;247370;930
2,02E+11;18;6;10;2045;1;2;2;2;3;64;WALESA (AVENUE LECH);M;;;930
2,02E+11;18;5;31;1835;1;2;1;1;6;50;ARISTIDE BRIAND (BOULEBA;M;4885884;252055;930
2,02E+11;18;6;17;505;5;2;2;1;3;48;EDOUARD VAILLANT (RUE);M;4885687;243308;930
2,02E+11;18;6;18;1745;1;2;1;1;3;64;29  REPUBLIQUE (AVENUE D;M;4886736;248474;930
2,02E+11;18;6;19;1635;1;2;1;1;6;64;84 bis  DE GAULLE (AV DU;M;4887836;247898;930
2,02E+11;18;6;26;450;5;2;1;1;6;64;GUESDES (RUE JULES);M;4887627;250477;930
2,02E+11;18;7;18;2215;3;2;1;1;3;64;DE GAULLE (AV DU GENERAL;M;4888299;247509;930
2,02E+11;18;7;20;1700;1;2;9;2;6;64;GAGNY (AVENUE DE);M;4888586;247593;930
2,02E+11;18;9;10;1240;1;2;1;1;6;64;REPUBLIQUE (AVENUE DE LA;M;;;930
2,02E+11;18;9;15;1945;1;2;1;1;6;64;REPUBLIQUE (AVENUE DE LA;M;4886491;248327;930
2,02E+11;18;9;15;2335;5;2;9;1;6;50;JEAN JAURES (AVENUE) COT;M;4886097;254127;930
2,02E+11;18;9;21;1910;1;2;1;1;6;64;GALLIENI (RUE DU GENERAL;M;4887398;248285;930
2,02E+11;18;9;22;1345;1;2;2;1;3;64;ALSACE-LORRAINE (BOULEVA;M;;;930
2,02E+11;18;10;4;1930;2;2;1;1;3;64;KENNEDY (AVENUE DU PRESI;M;4888018;249315;930
2,02E+11;18;7;4;1215;1;2;1;1;6;64;17  DUCLOS (RUE JACQUES);M;;;930
2,02E+11;18;10;7;2230;5;2;1;1;3;48;PARIS (RUE DE);M;4885490;241814;930
2,02E+11;18;10;9;1755;1;2;1;1;6;64;GARDEBLED (RUE RICHARD);M;4887501;248391;930
2,02E+11;18;10;10;1915;2;2;2;1;3;64;OFFENBACH (RUE JACQUES);M;;;930
2,02E+11;18;10;14;525;5;2;2;1;3;64;ALSACE-LORRAINE (BOULEVA;M;4888391;248830;930
2,02E+11;18;10;16;1415;1;2;1;1;6;64;BLUM (RUE LEON);M;;;930
2,02E+11;18;10;21;1550;1;2;2;1;2;64;DE GAULLE (AV DU GENERAL;M;4887726;247997;930
2,02E+11;18;10;29;1905;3;2;1;1;6;64;BLUM (RUE LEON);M;4888569;247638;930
2,02E+11;18;10;30;1905;5;2;2;1;1;64;DEUX COMMUNES (RUE DES);M;4886816;250122;930
2,02E+11;18;11;1;1700;1;2;1;2;4;64;KENNEDY (AVENUE DU PRESI;M;;;930
2,02E+11;18;11;10;2230;5;2;1;2;3;64;BLUM (RUE LEON);M;4888167;248092;930
2,02E+11;18;11;13;1425;1;2;9;1;3;64;DE GAULLE (AV DU GENERAL;M;4888463;247354;930
2,02E+11;18;11;18;1700;5;2;9;1;6;64;DE GAULLE (AV DU GENERAL;M;4888000;247000;930
2,02E+11;18;11;19;1925;5;2;1;2;6;48;PASTEUR S2  (AVENUE);M;4887083;243379;930
2,02E+11;18;11;23;1500;1;2;3;8;6;64;HUSSENET (RUE);M;4887850;247935;930
2,02E+11;18;11;27;1855;5;2;2;2;6;64;JAURES (AVENUE JEAN);M;4887133;248641;930
2,02E+11;18;12;5;1200;1;2;9;1;6;64;HUGO (RUE VICTOR);M;4886578;249567;930
2,02E+11;18;12;6;1925;5;2;3;1;5;64;CLOS BARON (RUE DU);M;;;930
2,02E+11;18;12;15;1750;5;2;9;2;6;64;ALSACE-LORRAINE (BOULEVA;M;4888397;248860;930
2,02E+11;18;12;27;1130;1;2;9;1;6;64;ROME (RUE DE);M;;;930
2,02E+11;18;12;30;1800;5;2;1;8;6;64;DE GAULLE (AV DU GENERAL;M;;;930
2,02E+11;18;1;1;1820;5;2;7;2;6;66;HUGO VICTOR (Place);M;4893595;235778;930
2,02E+11;18;1;1;1930;5;2;1;8;6;66;MARECHAL Lyautey;M;4892000;237000;930
2,02E+11;18;1;6;2245;5;2;1;2;3;66;PORTE DE PARIS (PLACE);M;4892970;235641;930
2,02E+11;18;1;7;807;5;2;1;2;1;66;33  LENINE (AVENUE) NR 2;M;4894334;236276;930