Num_Acc;an;mois;jour;hrmn;lum;agg;int;atm;col;com;adr;gps;lat;long;dep
2,02E+11;18;1;7;1322;1;2;1;2;6;66;MOCQUET GUY;M;4894918;236387;930
2,02E+11;18;1;9;1230;1;2;1;1;2;66;208  WILSON (AVENUE DU P;M;;;930
2,02E+11;18;1;10;1400;1;2;1;2;6;66;COLONEL FABIEN (AVENUE);M;4894451;235586;930
2,02E+11;18;1;11;2130;5;2;1;1;6;39;CHATELIER (QUAI DU );M;4892089;233013;930
2,02E+11;18;1;14;1830;5;2;1;1;2;66;COLONEL FABIEN (AVENUE);M;;;930
2,02E+11;18;1;16;415;5;2;1;2;6;66;"9  ""SEMBAT MARCEL (BD) ";M;4893090;235450;930
2,02E+11;18;1;16;1230;1;2;1;1;5;66;265  WILSON (AVENUE DU P;M;4891847;235711;930
2,02E+11;18;1;16;2140;5;2;1;1;3;66;55  ORNANO (BOULEVARD);M;4891484;234177;930
2,02E+11;18;1;17;1820;5;2;1;2;6;66;227  WILSON (AVENUE DU P;M;4891472;235730;930
2,02E+11;18;1;18;642;5;2;2;2;3;66;BRICHE NR 2 A 38;M;4894193;234157;930
2,02E+11;18;1;21;1310;1;2;2;2;6;66;"""LANDY RD 20  NR IMPAIRS";M;4891500;235800;930
2,02E+11;18;1;22;1800;5;2;1;2;1;66;AMPERE;M;4892395;234324;930
2,02E+11;18;1;23;1330;1;2;1;2;6;66;STALINGRAD (AVENUE)  NR;M;4894559;236514;930
2,02E+11;18;1;27;1830;1;2;1;1;2;39;2  Marcel paul (BOULEVAR;M;4891000;232000;930
2,02E+11;18;1;30;455;5;2;1;1;6;66;LIBERATION RD14 (BOULEVA;M;4893410;234028;930
2,02E+11;18;1;30;800;1;2;9;1;3;66;138  CASANOVA DANIELLE N;M;4892556;236760;930
2,02E+11;18;2;6;915;1;2;1;4;2;66;FRANCE ANATOLE ENTREE A8;M;4892400;234800;930
2,02E+11;18;2;6;1125;1;2;1;4;6;66;22  SEMAT ROGER;M;4894793;235755;930
2,02E+11;18;2;8;1613;1;2;1;1;6;66;FRANCE ANATOLE (BOULEVAR;M;4891966;234346;930
2,02E+11;18;2;8;2020;5;2;1;1;6;66;SAULNIER JULES;M;4892500;235000;930
2,02E+11;18;2;9;2150;5;2;1;2;6;66;117  MICHELS CHARLES;M;4892782;234176;930
2,02E+11;18;2;11;630;5;2;1;9;6;66;48  SIQUEIROS DAVID;M;4894516;236838;930
2,02E+11;18;2;13;1145;1;2;3;8;6;66;JOLIOT CURIE IRENE ET FR;M;4893363;236980;930
2,02E+11;18;2;17;2200;5;2;1;1;6;66;LENINE (AVENUE) NR 2 A 2;M;;;930
2,02E+11;18;2;21;1640;1;2;2;1;3;66;"""STALINGRAD (AVENUE)  NR";M;4894545;236394;930
2,02E+11;18;2;21;1500;1;2;1;1;6;66;PORTE DE PARIS (PLACE);M;4893084;235640;930
2,02E+11;18;3;2;2300;5;2;1;1;4;66;"""BARBUSSE HENRI  NR 2 A";M;4894000;237000;930
2,02E+11;18;3;5;1635;1;2;2;8;3;39;JAURES JEAN (AVENUE);M;4893000;236000;930
2,02E+11;18;3;8;1655;1;2;1;2;6;66;27  FAURE FELIX (BOULEVA;M;4893893;236075;930
2,02E+11;18;3;10;1330;1;2;1;1;6;66;14  GENERAL JOINVILLE;M;4893476;236918;930
2,02E+11;18;3;12;1709;1;2;3;1;3;66;AMPERE;M;4892373;234207;930
2,02E+11;18;3;15;1900;2;2;1;1;3;66;STADE DE FRANCE (AVENUE;M;4900000;300000;930
2,02E+11;18;3;18;1055;1;2;1;2;3;66;15  GENERAL JOINVILLE;M;4893464;236920;930
2,02E+11;18;3;19;1400;1;2;3;1;2;66;"60  ""STALINGRAND (AV)  N";M;4894643;237032;930
2,02E+11;18;3;22;715;2;2;2;1;3;66;PHARMA. UNIVERSITE 42 ;M;4894541;236378;930
2,02E+11;18;3;23;1215;1;2;3;1;3;66;MENAND;M;4893626;236984;930
2,02E+11;18;3;23;1910;5;2;1;1;6;66;FORT DE LA BRICHE;M;4894216;234172;930
2,02E+11;18;3;27;745;2;2;1;2;6;66;"37  ""LANDY RD 20  NR IMP";M;4891542;236198;930
2,02E+11;18;3;28;1450;1;2;1;3;6;66;53  COURNEUVE (ROUTE);M;4893187;237793;930
2,02E+11;18;3;29;1255;1;2;1;1;6;66;"93  ""STRASBOURG  NR 36 E";M;4893699;237169;930
2,02E+11;18;4;2;1615;1;2;3;1;6;66;154 bis  WILSON (AVENUE;M;4891064;235850;930
2,02E+11;18;4;3;1730;1;2;1;3;6;66;31  FAURE FELIX (BOULEVA;M;4893884;236131;930
2,02E+11;18;4;4;1940;2;2;1;1;3;66;GENERAL DE GAULLE;M;4892264;236657;930
2,02E+11;18;4;6;835;1;2;3;7;6;66;"11  ""GUESDE JULES (BD) ";M;4893467;234997;930
2,02E+11;18;4;6;1230;1;2;1;1;5;66;35  FRANCE ANATOLE (BOUL;M;4892659;235183;930
2,02E+11;18;4;9;1600;1;2;1;2;6;66;"44  ""GUESDE JULES (BD) ";M;4893000;237000;930
2,02E+11;18;4;11;411;5;2;4;1;6;66;WILSON (AVENUE DU PRESID;M;4892670;235710;930
2,02E+11;18;4;13;710;1;2;1;1;6;66;31  LIBERTE;M;4894000;236000;930
2,02E+11;18;4;13;1000;1;2;1;1;6;66;01  COMMUNE DE PARIS (BO;M;4894137;236331;930
2,02E+11;18;4;13;1000;1;2;1;1;3;66;2  METALLURGIE (AVENUE);M;4890925;236200;930
2,02E+11;18;4;13;2000;2;2;1;1;3;66;FORT DE LA BRICHE;M;4894300;234180;930
2,02E+11;18;4;13;1910;1;2;1;1;6;39;32  SEINE (QUAI DE );M;4893533;234082;930
2,02E+11;18;4;14;2200;5;2;4;9;6;66;LIBERATION RD14 (BOULEVA;M;;;930
2,02E+11;18;4;16;410;5;2;9;1;6;66;STALINGRAD (AVENUE)  NR;M;4894510;236140;930
2,02E+11;18;4;17;1315;1;2;2;1;3;66;METALLURGIE (AVENUE);M;4890936;236242;930
2,02E+11;18;4;19;1650;1;2;1;1;2;66;COLONEL FABIEN (AVENUE);M;4894570;234949;930
2,02E+11;18;4;22;640;1;2;2;1;3;66;"43  ""LANDY RD 20  NR IMP";M;4891540;236170;930
2,02E+11;18;4;24;1355;1;2;1;1;3;66;90  PRESSENCE FRANCIS (A;M;4892598;237697;930
2,02E+11;18;4;24;726;2;2;1;1;6;66;STADE DE FRANCE (AVENUE;M;4891874;236188;930
2,02E+11;18;4;26;1600;1;2;1;1;2;66;31  COLONEL FABIEN (AVEN;M;4894587;234828;930
2,02E+11;18;4;26;1745;1;1;1;1;6;72;12  DIVISION LECLERC (AV;M;4895096;238218;930
2,02E+11;18;4;27;2330;5;2;1;1;2;66;  MOULIN JEAN (AVE) NR 1;M;4893890;236180;930
2,02E+11;18;4;30;1910;2;2;2;2;3;66;COMMUNE DE PARIS (BOULEV;M;4893769;236153;930
2,02E+11;18;5;3;1945;2;2;1;7;6;66;"77  ""LANDY RD 20  NR IMP";M;4891550;235737;930
2,02E+11;18;5;7;330;5;2;1;1;6;66;GENERAL JOINVILLE;M;4893420;237000;930
2,02E+11;18;5;9;1800;1;2;3;1;6;66;11  MOULIN JEAN (AVENUE);M;4894088;236379;930
2,02E+11;18;5;10;1035;1;2;1;8;2;66;81  WILSON (AVENUE DU PR;M;4890522;235819;930
2,02E+11;18;5;10;2110;5;2;2;1;6;66;LANDY RD 20  NR IMPAIRS;M;4891535;235468;930
2,02E+11;18;5;13;1210;1;2;1;8;7;66;40  COLONEL FABIEN (AVEN;M;4894580;234938;930
2,02E+11;18;5;14;2246;5;2;2;1;2;66;METALLURGIE (AVENUE);M;;;930
2,02E+11;18;5;15;1745;1;2;1;1;6;66;WILSON (AVENUE DU PRESID;M;4892000;235000;930
2,02E+11;18;5;16;1740;1;2;1;1;6;66;49  COMMUNE DE PARIS (BO;M;4893621;236430;930
2,02E+11;18;5;17;906;1;2;3;1;3;66;6  BRICHE NR 2 A 38;M;4894378;234203;930
2,02E+11;18;5;18;2105;1;2;1;1;3;66;GORKI MAXIME;M;4894298;238713;930
2,02E+11;18;5;24;1630;1;2;1;1;6;66;POSTILLONS;M;4893787;237983;930
2,02E+11;18;5;27;1328;1;2;2;1;3;66;LENINE (AVENUE) NR 28 A;M;;;930
2,02E+11;18;5;28;1245;1;2;3;1;3;66;WILSON (AVENUE DU PRESID;M;4892617;235642;930
2,02E+11;18;5;29;830;1;2;2;1;6;66;WILSON (AVENUE DU PRESID;M;4891814;235754;930
2,02E+11;18;5;30;1840;1;2;1;1;6;66;STADE DE FRANCE (AVENUE;M;4892112;236169;930
2,02E+11;18;6;2;2246;5;2;1;1;6;66;4  BAUDET;M;4886666;233333;930
2,02E+11;18;6;3;1300;1;2;1;1;6;66;10  SEMAT ROGER;M;4894446;235705;930
2,02E+11;18;6;3;1645;1;2;1;1;6;66;WILSON (AVENUE DU PRESID;M;4892679;235650;930
2,02E+11;18;6;4;730;1;2;1;1;2;66;09  DE PRESSENSE FRANCIS;M;4891944;236081;930
2,02E+11;18;6;4;1630;1;2;3;1;3;66;"77  ""LANDY RD 20  NR IMP";M;4891547;235777;930
2,02E+11;18;6;4;2150;5;2;1;1;6;66;"86  ""SEMBAT MARCEL (BD) ";M;4893544;234742;930
2,02E+11;18;6;9;2100;2;2;1;1;3;66;FORT DE LA BRICHE (CHEMI;M;4894400;234200;930
2,02E+11;18;6;10;142;5;2;1;1;4;66;44  ELUARD PAUL NR 2 A 3;M;4894101;234321;930
2,02E+11;18;6;11;1850;1;2;1;2;6;66;DE PRESSENSE FRANCIS;M;4892112;236532;930
2,02E+11;18;6;14;330;5;2;1;1;7;66;SAULNIER JULES;M;4892544;235237;930
2,02E+11;18;6;15;1745;1;1;1;1;6;66;GARENNE;M;4894303;238452;930
2,02E+11;18;6;17;2320;5;2;2;1;6;66;LENINE (AVENUE) NR 28 A;M;4894208;236564;930
2,02E+11;18;6;20;1118;1;2;1;1;3;66;"1  ""PERI GABRIEL  NR 2";M;4893044;235650;930
2,02E+11;18;6;20;1930;1;2;1;1;6;66;"80  ""STALINGRAD (AVENUE)";M;4894668;237090;930
2,02E+11;18;6;22;1118;1;2;1;1;6;66;MONDIAL 98;M;4892539;236343;930
2,02E+11;18;6;22;1945;1;2;1;1;6;66;BASILIQUE (PROMENADE);M;4894263;238432;930
2,02E+11;18;6;22;2050;1;2;1;1;3;66;"73  ""STRASBOURG  NR 36 E";M;4893600;236893;930
2,02E+11;18;6;23;1525;1;2;1;1;6;66;PORT;M;4893846;234275;930
2,02E+11;18;6;23;1745;1;2;1;1;6;66;15  COLONEL FABIEN (AVEN;M;4894452;235560;930
2,02E+11;18;6;24;515;1;2;2;1;3;59;JULES CHATENAY (RUE);M;4896653;236623;930
2,02E+11;18;6;24;2115;1;2;2;1;3;66;"142  ""PERI GABRIEL  NR 1";M;4894256;235678;930
2,02E+11;18;6;25;830;1;2;1;1;6;66;28  FAURE FELIX (BOULEVA;M;4893800;235000;930
2,02E+11;18;6;25;1530;1;2;1;1;3;66;5  MITERRAND FRANCOIS (A;M;4891594;235490;930
2,02E+11;18;6;27;1307;1;2;1;1;7;66;"2  ""PERI GABRIEL  NR 2";M;4892991;235639;930
2,02E+11;18;6;28;1110;1;2;1;7;3;66;DELAUNAY HENRI;M;4892601;235802;930
2,02E+11;18;6;28;1745;1;2;1;7;3;66;CITE PAUL ELUARD;M;4893999;234502;930
2,02E+11;18;7;4;440;5;2;2;9;3;66;266  WILSON (AVENUE DU P;M;4891813;235785;930
2,02E+11;18;7;7;1324;1;2;1;1;1;66;60  FRANCE ANATOLE (BOUL;M;;;930
2,02E+11;18;7;8;915;1;2;1;1;6;66;"02  ""BARBUSSE HENRI  NR";M;;;930
2,02E+11;18;7;9;2020;1;2;1;1;6;1;4  WALDECK ROCHET (RUE);M;4891460;236803;930
2,02E+11;18;7;16;850;1;2;2;1;3;66;FRUITIERS (AVENUE);M;4891920;235439;930
2,02E+11;18;7;17;1750;1;2;1;1;3;66;POULBOT FRANCISQUE;M;4891858;234616;930
2,02E+11;18;7;16;1545;1;2;9;1;3;66;FORT DE LA BRICHE;M;4894692;428020;930
2,02E+11;18;7;17;2226;5;2;1;1;3;66;ELUARD PAUL NR 2 A 36 ET;M;4893880;234950;930
2,02E+11;18;7;18;850;1;2;1;1;6;66;WILSON (AVENUE DU PRESID;M;4890196;235836;930
2,02E+11;18;7;19;1200;1;2;1;1;3;66;CASANOVA DANIELLE NR 52-;M;4892500;236700;930
2,02E+11;18;7;23;1755;1;2;4;1;3;66;FRANCE ANATOLE ENTREE A8;M;4892812;235337;930
2,02E+11;18;7;26;1630;1;2;1;1;6;66;COURNEUVE (ROUTE);M;4893182;237802;930
2,02E+11;18;7;26;1609;1;2;1;1;3;27;CONVENTION (RUE DE LA);M;4892938;238669;930
2,02E+11;18;8;1;1915;1;2;3;1;6;66;LIBERTE;M;4894358;236559;930
2,02E+11;18;8;1;2000;1;2;1;1;3;66;WILSON (AVENUE DU PRESID;M;4890171;235856;930
2,02E+11;18;8;4;1315;1;2;2;1;3;66;SEMAT ROGER;M;4894000;235000;930
2,02E+11;18;8;6;535;2;2;1;1;3;66;SEMAT ROGER;M;;;930
2,02E+11;18;8;6;850;1;2;2;1;3;66;FORT DE LA BRICHE;M;4894697;234268;930
2,02E+11;18;8;6;1610;1;2;1;1;1;66;CROISAT AMBROISE RD 29 B;M;4893400;234700;930
2,02E+11;18;8;4;1945;1;2;1;1;6;39;CHATELIER (QUAI DU );M;4894000;233000;930
2,02E+11;18;8;23;1452;1;2;1;1;6;66;POULBOT FRANCISQUE;M;4891997;234489;930
2,02E+11;18;8;24;1300;1;2;4;1;6;66;HAYDN;M;4894297;238353;930
2,02E+11;18;8;26;1830;1;2;1;1;5;66;"""GUESDE JULES (BOULEVARD";M;4893683;235009;930
2,02E+11;18;8;26;2015;2;2;2;1;2;66;"""GUESDE JULES (BOULEVARD";M;4893640;234990;930
2,02E+11;18;8;30;1000;1;2;1;1;4;66;SAULNIER JULES;M;4892590;235488;930
2,02E+11;18;8;30;1650;1;2;3;8;6;66;CARNOT (BOULEVARD);M;4893846;235616;930
2,02E+11;18;8;30;1910;2;2;1;8;2;66;TUNIS;M;4891519;234495;930
2,02E+11;18;9;6;1800;1;2;1;1;3;66;FRANCE ANATOLE (BOULEVAR;M;4892681;235214;930
2,02E+11;18;9;7;1105;1;2;2;2;3;66;ANDRE CAMPRA (RUE);M;4891923;235460;930
2,02E+11;18;9;10;2005;5;2;2;1;1;66;"""GUESDE JULES (BOULEVARD";M;4893460;235003;930
2,02E+11;18;9;12;830;1;2;1;1;3;66;CROIZAT AMBROISE RD 29 B;M;4892799;235265;930
2,02E+11;18;9;13;1110;1;2;1;1;6;66;"""GUESDE JULES (BD)  NR 2";M;4893757;235021;930
2,02E+11;18;9;14;1230;1;2;3;1;3;66;WILSON (AVENUE DU PRESID;M;4891283;235754;930
2,02E+11;18;9;14;1925;1;2;1;1;1;66;WILSON (AVENUE DU PRESID;M;4890955;235853;930
2,02E+11;18;9;14;1855;1;2;9;1;3;66;STALINGRAND (AV)  NR 2;M;4894482;236032;930
2,02E+11;18;9;14;2010;5;2;3;1;3;66;AMILCAR CABRAL;M;4891300;236100;930
2,02E+11;18;9;14;2100;5;2;3;1;1;66;CASANOVA DANIELLE NR 52-;M;4892600;236600;930
2,02E+11;18;9;22;1700;1;2;1;2;6;66;STALINGRAD (AVENUE)  NR;M;4894668;237019;930
2,02E+11;18;9;24;925;1;2;3;1;6;66;EL OUAFI HAMED BOUGERA;M;4892279;236469;930
2,02E+11;18;9;25;1110;1;2;2;1;3;66;WILSON (AVENUE DU PRESID;M;4891078;235844;930
2,02E+11;18;9;25;2100;5;2;1;1;3;66;CROIZAT AMBROISE RD 29 B;M;4893069;235005;930
2,02E+11;18;9;26;1430;1;2;9;1;4;66;"""STALINGRAD (AVENUE)  NR";M;4894300;236100;930
2,02E+11;18;9;26;2045;5;2;1;1;2;66;WILSON (AVENUE DU PRESID;M;4891117;235762;930
2,02E+11;18;9;27;940;1;2;1;1;5;66;VAILLANT COUTURIER PAUL;M;;;930
2,02E+11;18;9;27;1655;1;2;1;1;3;66;WILSON (AVENUE DU PRESID;M;4892456;235667;930
2,02E+11;18;9;28;2230;3;2;1;1;3;66;COURNEUVE (ROUTE);M;;;930
2,02E+11;18;9;29;2200;5;2;1;1;3;66;"""BARBUSSE HENRI  NR 35 A";M;;;930
2,02E+11;18;10;3;745;1;2;9;2;6;31;REPUBLIQUE (AVENUE de l);M;4894729;234211;930
2,02E+11;18;10;3;1620;1;2;1;1;4;66;SAULNIER JULES;M;4892456;234952;930
2,02E+11;18;10;5;1211;1;2;1;1;6;70;SAINT-DENIS(RUE);M;4891689;233077;930
2,02E+11;18;10;6;815;1;2;1;1;3;66;CROISAT AMBROISE RD 29 B;M;4893446;234728;930
2,02E+11;18;10;7;2050;5;2;1;1;4;39;SEINE (QUAI DE );M;4893379;234339;930
2,02E+11;18;10;10;1520;1;2;1;1;6;66;VERLAINE PAUL;M;;;930
2,02E+11;18;10;10;2115;5;2;1;1;6;66;WILSON (AVENUE DU PRESID;M;4890517;235888;930
2,02E+11;18;10;11;1340;1;2;3;1;2;66;COLONEL FABIEN (AVENUE);M;4800000;234774;930
2,02E+11;18;10;11;1415;1;2;3;1;5;66;"""STALINGRAD (AVENUE)  NR";M;4894433;235829;930
2,02E+11;18;10;16;1505;1;2;9;1;6;66;"""SEMBAT MARCEL (BD)  NR";M;4893304;235113;930
2,02E+11;18;10;17;1450;1;2;1;1;2;66;SAINT OUEN (QUAI DE );M;4892749;233848;930
2,02E+11;18;10;18;1355;1;2;9;1;2;66;"""SEMBAT MARCEL (BD)  NR";M;4893358;235060;930
2,02E+11;18;10;20;2300;5;2;1;1;2;66;CASANOVA DANIELLE NR 52-;M;4892593;236682;930
2,02E+11;18;10;24;1530;1;2;1;1;7;66;WILSON (AVENUE DU PRESID;M;4892447;235738;930
2,02E+11;18;10;28;1945;5;2;2;1;3;66;STADE DE FRANCE (AVENUE;M;4892101;236152;930
2,02E+11;18;10;29;1300;1;2;1;1;6;66;DELAUNAY HENRI;M;4892590;235762;930
2,02E+11;18;10;31;2155;5;2;1;2;2;66;LENINE (AVENUE) NR 2 A 2;M;;;930
2,02E+11;18;11;6;1900;5;2;1;1;4;66;CROISAT AMBROISE RD 29 B;M;4892920;235147;930
2,02E+11;18;11;7;2045;5;2;5;1;1;66;PORTE DE PARIS (PLACE);M;4892946;235649;930
2,02E+11;18;11;8;2335;5;2;2;1;3;66;DE GEYTER PIERRE (SQUARE;M;4893236;235223;930
2,02E+11;18;11;11;1135;1;2;3;2;3;66;WILSON (AVENUE DU PRESID;M;4891817;235785;930
2,02E+11;18;11;11;1700;5;2;1;3;7;66;STALINGRAD (AVENUE)  NR;M;4894448;235853;930
2,02E+11;18;11;12;1535;1;2;1;2;6;66;"""STRASBOURG  NR 36 ET SU";M;4893613;236487;930
2,02E+11;18;11;12;1915;5;2;1;1;2;66;WILSON (AVENUE DU PRESID;M;4891084;235759;930
2,02E+11;18;11;13;2010;5;2;1;1;3;66;PROUDHON;M;4890648;236229;930
2,02E+11;18;11;19;1735;5;2;1;1;6;66;WILSON (AVENUE DU PRESID;M;4890518;235888;930
2,02E+11;18;11;20;1730;5;2;3;8;6;66;GARCIA CHRISTINO;M;4891346;236192;930
2,02E+11;18;11;21;1320;1;2;1;1;6;66;STADE DE FRANCE (AVENUE;M;4891800;236100;930
2,02E+11;18;11;22;2100;5;2;3;8;1;66;FRANCE ANATOLE (BOULEVAR;M;4891677;233964;930
2,02E+11;18;11;25;2100;5;2;1;2;6;66;LENINE (AVENUE) NR 28 A;M;4894241;236469;930
2,02E+11;18;11;27;1510;1;2;9;1;3;66;FRANCE ANATOLE (BOULEVAR;M;;;930
2,02E+11;18;11;30;1720;5;2;1;1;6;66;COLONEL FABIEN (AVENUE);M;4894538;235083;930
2,02E+11;18;11;30;1539;1;2;3;1;3;66;BRETONS;M;4891992;235845;930
2,02E+11;18;12;1;430;3;2;1;1;5;66;CROISAT AMBROISE RD 29 B;M;4893690;234543;930
2,02E+11;18;12;4;715;5;2;1;2;2;66;WILSON (AVENUE DU PRESID;M;4892854;235655;930
2,02E+11;18;12;8;1800;5;2;1;2;6;39;MARINE (QUAI DE LA );M;4893866;233989;930
2,02E+11;18;12;9;1930;5;2;1;2;2;66;CARNOT (BOULEVARD);M;4893832;235434;930
2,02E+11;18;12;11;1907;5;2;1;1;6;66;COMMUNE DE PARIS;M;4893759;236194;930
2,02E+11;18;12;17;1040;1;2;3;1;6;66;WILSON (AVENUE DU PRESID;M;4890681;235880;930
2,02E+11;18;12;19;1720;5;2;1;2;3;66;"""STRASBOURG  NR 36 ET SU";M;4893705;237166;930
2,02E+11;18;12;20;830;1;2;1;1;2;66;PRESSENCE FRANCIS (AVENU;M;4892096;236500;930
2,02E+11;18;12;22;1900;5;2;1;1;3;66;WILSON (AVENUE DU PRESID;M;4892560;235726;930
2,02E+11;18;12;23;2000;5;2;2;1;2;66;GARENNE;M;4894170;238534;930
2,02E+11;18;12;24;130;5;2;1;2;1;1;REPUBLIQUE (AVENUE DE LA;M;4891749;237941;930
2,02E+11;18;12;26;1030;1;2;2;1;3;66;STALINGRAD (AVENUE)  NR;M;4894853;237002;930
2,02E+11;18;12;27;300;3;2;1;1;1;66;FRANCE ANATOLE ENTREE A1;M;4892601;235115;930
2,02E+11;18;1;10;1130;1;2;1;2;6;70;17  DOCTEUR BAUER(RUE DU;M;4891176;233650;930
2,02E+11;18;1;11;1445;1;2;1;1;6;70;DOCTEUR BAUER(RUE DU) :N;M;4890879;233950;930
2,02E+11;18;1;12;2220;5;2;4;1;3;70;0  CHARLES SCHMIDT(RUE);M;4890159;233482;930
2,02E+11;18;1;3;1820;5;2;1;1;1;70;RASPAIL (RUE);M;;;930
2,02E+11;18;1;17;1100;1;2;1;1;6;70;MICHELET(AV):N°1AU 103;M;;;930
2,02E+11;18;1;20;1750;5;2;1;2;3;70;GABRIEL-PERI (AV);M;;;930
2,02E+11;18;1;29;1400;1;2;1;1;3;70;GODILLOT(RUE);M;4891035;234312;930
2,02E+11;18;2;17;2015;4;2;1;1;6;70;92  DOCTEUR BAUER(RUE DU;M;4891000;234408;930
2,02E+11;18;2;23;920;1;2;1;1;5;70;72  MICHELET (AVE) : DU;M;4890000;234000;930
2,02E+11;18;2;23;1625;1;2;3;1;3;70;128  MICHELET(AV):N°1AU;M;4890390;234420;930
2,02E+11;18;2;25;1950;4;2;1;1;4;70;21  SEINE (QUAI DE);M;4891481;231975;930
2,02E+11;18;3;27;2030;3;1;1;2;1;70;9  SEINE (QUAI DE);M;4891400;231800;930
2,02E+11;18;3;28;1440;1;2;1;3;2;70;129  ROSIERS(DES) : APRE;M;4890168;234342;930
2,02E+11;18;3;29;900;1;2;1;1;6;70;CAPITAINE GLARNER (PL);M;4890716;232674;930
2,02E+11;18;4;2;1100;1;2;9;1;3;70;152  GABRIEL-PERI (AV);M;4890100;233000;930
2,02E+11;18;4;3;1430;1;2;1;1;6;70;1  MICHELET (AVE) : DU 1;M;4890512;234426;930
2,02E+11;18;4;5;1820;1;2;1;1;3;70;41  ALBERT-DHALENNE (RUE;M;;;930
2,02E+11;18;4;8;1205;1;2;1;1;3;70;JEAN-JAURES (BD);M;4895513;233785;930
2,02E+11;18;4;8;1300;1;2;9;1;5;70;MICHELET(AV):N°1AU 103;M;4891088;234412;930
2,02E+11;18;4;9;2330;5;2;3;1;3;70;DOCTEUR BAUER(RUE DU) :N;M;;;930
2,02E+11;18;4;13;755;1;2;1;8;3;70;50  MICHELET (AVE) : DU;M;4890930;234418;930
2,02E+11;18;4;14;2305;5;2;1;1;3;39;2  PAUL MARCEL (BOULEVAR;M;;;930
2,02E+11;18;4;19;2310;4;2;1;1;3;70;DOCTEUR BAUER(RUE DU) :N;M;4891294;233488;930
2,02E+11;18;4;20;750;1;2;1;1;5;70;32  MICHELET(AV):N°1AU 1;M;4891098;234408;930
2,02E+11;18;4;24;810;1;2;3;1;1;70;54  CHARLES SCHMIDT(RUE);M;4890300;233400;930
2,02E+11;18;5;7;105;5;2;1;1;1;70;132  VICTOR-HUGO (BD);M;4890530;232300;930
2,02E+11;18;5;18;1000;1;2;1;1;6;70;136  MICHELET(AV):N°1AU;M;4890205;234387;930
2,02E+11;18;5;19;2145;2;2;1;1;6;70;120  GABRIEL-PERI (AV);M;4890270;233075;930
2,02E+11;18;5;22;2040;1;2;1;1;2;66;LANDY RD 20  NR IMPAIRS;M;;;930
2,02E+11;18;5;30;900;1;2;1;1;6;70;140  DOCTEUR BAUER(RUE D;M;4890413;234594;930
2,02E+11;18;5;30;1200;1;2;1;1;3;70;120  GABRIEL-PERI (AV);M;4890300;233060;930
2,02E+11;18;6;6;2030;1;2;1;2;1;70;2  CAPITAINE-GLARNER (AV;M;4890729;232620;930
2,02E+11;18;6;8;1345;1;2;1;1;3;70;32  MICHELET(AV):N°1AU 1;M;;;930
2,02E+11;18;6;14;1330;1;2;1;1;3;70;63  VICTOR-HUGO (BD);M;4890900;232900;930
2,02E+11;18;6;14;1956;1;2;1;1;2;70;PAUL-BERT(RUE);M;4890186;233860;930
2,02E+11;18;6;15;1920;1;2;1;1;6;70;ALBERT-DHALENNE (RUE);M;;;930
2,02E+11;18;6;21;930;1;2;1;1;6;70;75  MICHELET (AVE) : DU;M;4890788;234403;930
2,02E+11;18;6;22;1005;1;2;1;1;2;70;VICTOR-HUGO (BD);M;4890917;232942;930
2,02E+11;18;6;23;1815;1;2;1;1;2;70;MICHELET (AVE) : DU 1 AU;M;;;930
2,02E+11;18;6;26;1930;1;2;1;1;1;70;ALBERT-DHALENNE (RUE);M;4891610;233100;930
2,02E+11;18;7;1;1550;1;2;1;1;6;70;13  KLEBER(RUE);M;4890588;233309;930
2,02E+11;18;6;21;1830;1;2;2;1;6;70;136  ROSIERS(DES) : APRE;M;4890151;234380;930
2,02E+11;18;7;6;1550;1;2;1;1;3;70;BATELIERS (RUE DES);M;4891250;232730;930
2,02E+11;18;7;8;1350;1;2;1;1;6;70;71  GABRIEL-PERI (AV);M;4891000;234000;930
2,02E+11;18;7;10;1310;1;2;1;1;3;70;126  MICHELET(AV):N°1AU;M;4890364;234388;930
2,02E+11;18;7;11;735;1;2;3;1;3;70;50  GABRIEL-PERI (AV);M;4890837;233268;930
2,02E+11;18;7;14;1320;1;2;1;1;3;70;123  GABRIEL-PERI (AV);M;4890239;233067;930
2,02E+11;18;7;23;1550;1;2;1;1;3;70;DOCTEUR BAUER(RUE DU) :N;M;4890000;233800;930
2,02E+11;18;7;23;1810;1;2;9;1;3;70;GABRIEL-PERI (AV);M;4890000;233000;930
2,02E+11;18;7;25;2135;1;2;1;1;6;70;EMILE-CORDON(RUE);M;4891354;234358;930
2,02E+11;18;7;27;1515;1;2;1;1;6;70;VICTOR-HUGO (BD);M;4890609;232417;930
2,02E+11;18;8;1;745;1;2;1;1;6;31;DE LATTRE DE TASSIGNY (1;M;4895000;230000;930
2,02E+11;18;8;4;1308;1;2;1;9;6;70;REPUBLIQUE (PL DE LA);M;4891203;233412;930
2,02E+11;18;8;22;615;1;2;2;1;1;70;MICHELET(AV):N°1AU 103;M;4890000;230000;930
2,02E+11;18;8;26;1920;4;2;9;1;1;70;MICHELET (AVE) : DU 1 AU;M;4890642;234372;930
2,02E+11;18;8;28;1300;1;2;1;1;3;70;MICHELET (AVE) : DU 1 AU;M;4886200;228700;930
2,02E+11;18;8;29;1650;1;2;1;8;3;70;DOCTEUR BAUER(RUE DU) :N;M;4890940;233860;930
2,02E+11;18;9;2;1900;1;2;2;1;3;70;ALBERT-DHALENNE (RUE);M;4891527;233125;930
2,02E+11;18;9;4;1303;1;2;3;1;1;70;MICHELET (AVE) : DU 1 AU;M;4891055;234420;930
2,02E+11;18;9;5;1300;1;2;9;1;6;70;ALBERT-DHALENNE (RUE);M;4891670;233020;930
2,02E+11;18;9;13;1430;1;2;1;1;1;70;CAPITAINE-GLARNER (AV);M;4890539;232789;930
2,02E+11;18;9;19;1845;1;2;1;1;3;70;MICHELET (AVE) : DU 1 AU;M;4890598;234418;930
2,02E+11;18;9;20;1445;1;2;9;1;5;70;MICHELET (AVE) : DU 1 AU;M;4890188;234407;930