Num_Acc;an;mois;jour;hrmn;lum;agg;int;atm;col;com;adr;gps;lat;long;dep
2,02E+11;18;9;22;1815;1;2;1;1;5;70;MICHELET (AVE) : DU 1 AU;M;4891000;234000;930
2,02E+11;18;9;24;1815;1;2;1;1;3;70;ALBERT-DHALENNE (RUE);M;4891000;233000;930
2,02E+11;18;9;25;1540;1;2;9;1;6;70;ALBERT-DHALENNE (RUE);M;4891293;233470;930
2,02E+11;18;9;27;1000;1;2;1;1;1;66;"""LANDY RD 20  NR IMPAIRS";M;4891520;235402;930
2,02E+11;18;9;28;1700;1;2;1;1;6;70;GABRIEL-PERI (AV);M;4890120;233007;930
2,02E+11;18;10;10;1320;1;2;1;1;3;70;LANDY(RUE):N° 1 AU 43;M;;;930
2,02E+11;18;10;16;830;1;2;1;1;6;70;VICTOR-HUGO (BD);M;4890809;232804;930
2,02E+11;18;10;25;1245;1;2;3;1;1;70;GABRIEL-PERI (AV);M;4890977;233308;930
2,02E+11;18;10;26;1230;1;2;9;1;3;70;CAPITAINE-GLARNER (AV);M;4890508;232810;930
2,02E+11;18;10;29;1133;1;2;1;1;2;70;GABRIEL-PERI (AV);M;4890564;233185;930
2,02E+11;18;11;3;1545;1;2;9;1;3;70;CHARLES SCHMIDT(RUE) : D;M;4890364;233354;930
2,02E+11;18;11;5;640;5;2;2;1;3;70;ADRIEN-LESESNE (RUE);M;4890211;234815;930
2,02E+11;18;11;5;2045;5;2;1;1;6;70;VICTOR-HUGO (BD);M;4890717;232623;930
2,02E+11;18;11;6;750;1;2;2;1;3;70;ALBERT-DHALENNE (RUE);M;4891533;233134;930
2,02E+11;18;11;13;1745;5;2;1;1;3;70;MICHELET(AV):N°1AU 103;M;4890860;234441;930
2,02E+11;18;11;20;900;1;2;1;2;6;70;ALBERT-DHALENNE (RUE);M;4891000;233000;930
2,02E+11;18;11;22;820;1;2;1;1;3;70;ARDOIN(RUE);M;4891063;232604;930
2,02E+11;18;11;25;1630;2;2;1;2;1;66;FRANCE ANATOLE ENTREE A1;M;4892733;235269;930
2,02E+11;18;12;20;1915;5;2;1;1;3;70;PIERRE(RUE);M;;;930
2,02E+11;18;1;6;2025;5;2;1;2;6;71;0  MARTIN LUTHER KING (A;M;4895051;252979;930
2,02E+11;18;1;9;945;1;2;1;1;6;71;0  LIMANTON (IMPASSE);M;4893133;251576;930
2,02E+11;18;1;25;750;5;2;1;2;6;71;107  AULNAY (RUE D');M;4893961;251112;930
2,02E+11;18;2;1;1850;5;2;1;1;3;71;0  ANDRE TOUTAIN (AVENUE;M;;;930
2,02E+11;18;2;6;1044;1;2;1;4;3;71;0  COMMANDANT CHARCOT (A;M;4893535;251788;930
2,02E+11;18;2;16;710;1;2;1;1;6;71;0  VICTOR HUGO (AVENUE);M;4893402;253561;930
2,02E+11;18;4;1;1855;1;1;1;1;3;71;1  MARTIN LUTHER KING (A;M;4895100;252870;930
2,02E+11;18;4;11;1800;1;2;1;1;3;71;GUY MOLLET (AVENUE);M;4894398;254976;930
2,02E+11;18;4;12;1755;1;2;1;2;6;71;PETITS PONTS (ROUTE DES);M;4894995;252627;930
2,02E+11;18;4;22;530;5;2;2;2;1;71;85  AULNAY (RUE D');M;4893972;251461;930
2,02E+11;18;4;27;1710;1;2;2;1;3;71;DANTON (RUE);M;;;930
2,02E+11;18;5;8;1935;1;2;2;1;3;71;ALFRED NOBEL (AVENUE);M;4893000;250000;930
2,02E+11;18;5;22;1705;1;2;3;1;2;71;5  RAOUL DAUTRY (AVENUE);M;4894895;252490;930
2,02E+11;18;5;31;2030;1;2;1;1;1;71;RENOIR (ALLEE);M;4893413;251102;930
2,02E+11;18;6;5;822;1;2;1;3;2;71;17  ERNEST PIVOT (AVENUE;M;4892999;253000;930
2,02E+11;18;6;10;2035;1;2;3;1;3;71;JOHN F. KENNEDY (AVENUE);M;4893485;251580;930
2,02E+11;18;6;24;1355;1;2;2;1;5;71;AULNAY (RUE D');M;4894007;252031;930
2,02E+11;18;7;13;1300;1;1;1;1;6;71;PEUPLIERS (ALLEE DES);M;4893000;251000;930
2,02E+11;18;7;14;2210;3;2;2;1;3;71;WESTINGHOUSE (BOULEVARD);M;4892764;251935;930
2,02E+11;18;7;21;1815;1;2;1;1;6;71;JOHN F. KENNEDY (AVENUE);M;4893000;251000;930
2,02E+11;18;7;27;2025;1;2;1;3;6;71;CHARLES CONRAD (RUE);M;4894000;252000;930
2,02E+11;18;8;11;1655;1;2;1;1;6;71;GASTON BUSSIERE (PLACE);M;4893738;253014;930
2,02E+11;18;9;12;905;1;2;1;1;3;71;GABRIEL PERI (RUE);M;;;930
2,02E+11;18;9;13;1820;1;2;2;1;3;5;PIERRE JOUHET (AVENUE);M;4892232;250513;930
2,02E+11;18;10;2;1505;1;2;1;8;6;71;BALLANGER ROBERT (AVENUE;M;;;930
2,02E+11;18;10;6;850;1;2;1;1;6;71;GENERAL LECLERC (AVENUE;M;4800000;250000;930
2,02E+11;18;10;11;2000;3;2;9;2;1;71;FREDERIC JOLIOT CURIE (R;M;4894634;252739;930
2,02E+11;18;10;13;2155;5;2;9;1;1;71;GENERAL LECLERC (AVENUE;M;;;930
2,02E+11;18;10;22;1740;1;2;3;1;6;71;PETITS PONTS (ROUTE DES);M;4895100;252800;930
2,02E+11;18;11;15;1600;1;2;1;1;3;71;JOHN F. KENNEDY (AVENUE);M;;;930
2,02E+11;18;11;18;1059;1;2;2;1;1;71;MARECHAL MORTIER (ALLEE;M;4893082;251615;930
2,02E+11;18;11;28;1015;1;2;1;2;3;71;LIVRY (AVENUE de);M;;;930
2,02E+11;18;12;11;2127;5;2;4;1;6;71;HENRI BARBUSSE (AVENUE);M;4893480;253380;930
2,02E+11;18;12;22;1940;5;2;1;2;6;5;AMBROISE PARE (RUE);M;4895038;251554;930
2,02E+11;18;1;12;1850;5;2;1;1;6;72;39  ARISTIDE BRIAND (AVE;M;4896209;237995;930
2,02E+11;18;1;17;930;1;2;1;1;3;59;6  LENINE (AVENUE) N°2A3;M;;;930
2,02E+11;18;1;22;800;2;2;3;3;2;59;23  GENERAL GALLIENI (Av;M;4896912;236275;930
2,02E+11;18;1;30;1900;1;2;3;2;6;72;00  ARISTIDE BRIAND (AVE;M;4896236;237978;930
2,02E+11;18;2;3;1815;5;2;1;2;6;72;0  GASTON MONMOUSSEAU (A;M;4894827;238849;930
2,02E+11;18;2;12;1830;5;2;1;1;3;72;205  MAXIME GORKI (BOULE;M;4894476;238704;930
2,02E+11;18;2;14;845;1;2;8;1;6;72;66  STALINGRAD (AVENUE);M;4894869;238104;930
2,02E+11;18;2;17;1730;1;2;3;1;6;72;48  FLEURS (RUE DES) JEA;M;4896602;238163;930
2,02E+11;18;2;19;2110;5;2;3;2;3;72;8  MAXIME GORKI (BOULEVA;M;4898385;238409;930
2,02E+11;18;2;20;2120;5;2;3;2;3;70;  MICHELET (AVE) : DU 1;M;4890390;234414;930
2,02E+11;18;2;22;945;1;2;1;1;2;59;0  AMIENS (RUE D') N° 02;M;4895801;236587;930
2,02E+11;18;2;26;40;5;2;3;1;2;72;15  ARISTIDE BRIAND (AVE;M;4896097;238154;930
2,02E+11;18;2;26;1000;1;2;2;1;6;72;72  MAXIME GORKI (BOULEV;M;4894948;238697;930
2,02E+11;18;3;9;2045;5;2;1;2;2;1;185  JEAN JAURES  (AVE);M;4891107;240002;930
2,02E+11;18;3;21;1615;1;2;1;1;6;59;10  ROBERT DESNOS (PLACE;M;4897168;236725;930
2,02E+11;18;3;31;805;1;2;7;1;1;72;5  MAXIME GORKI (BOULEVA;M;4895500;238345;930
2,02E+11;18;4;3;40;5;2;1;2;3;72;80  MAXIME GORKI (BOULEV;M;;;930
2,02E+11;18;4;6;830;1;2;1;1;6;72;152  JEAN DURAND (RUE) N;M;4895353;236989;930
2,02E+11;18;4;6;2240;5;2;3;1;3;72;0  LOUIS BORDES (RUE);M;;;930
2,02E+11;18;4;13;1730;1;2;1;1;5;72;0  MARCEL CACHIN (AVENUE;M;4895000;238000;930
2,02E+11;18;4;14;2320;5;2;1;1;4;72;65  MAXIME GORKI (BOULEV;M;4895126;238537;930
2,02E+11;18;4;18;950;1;2;1;1;6;72;0  MARCEL CACHIN (AVENUE;M;4896100;238000;930
2,02E+11;18;4;18;2120;5;2;2;1;6;72;103  STALINGRAD (Avenue);M;4894970;238565;930
2,02E+11;18;4;20;1830;1;2;2;1;3;72;0  MOUTIER (RUE DU) COTE;M;4896068;239388;930
2,02E+11;18;4;24;5;5;1;3;1;3;1;0  VICTOR HUGO (AVE)  N°;M;4891131;237946;930
2,02E+11;18;4;27;1425;1;2;1;1;3;59;198  ELYSEE RECLUS (AVEN;M;;;930
2,02E+11;18;4;30;1400;1;2;1;2;1;72;0  RUE ROLL TANGUY;M;4895000;237000;930
2,02E+11;18;5;5;1820;1;2;3;1;3;72;0  STALINGRAD (Avenue);M;4895910;239840;930
2,02E+11;18;5;9;1900;1;2;1;1;6;72;PAUL VAILLANT COUTURIER;M;4895239;238176;930
2,02E+11;18;5;10;1830;1;2;1;1;6;72;0  AMIENS (RUE D') N° IM;M;4895805;236592;930
2,02E+11;18;5;16;800;1;2;3;1;3;72;0  MAXIME GORKI (BOULEVA;M;4895075;238566;930
2,02E+11;18;5;27;250;5;2;1;1;2;72;12  MOUTIER (RUE DU) COT;M;;;930
2,02E+11;18;5;30;2100;2;2;3;1;3;79;0  SAINT LEU (ROUTE);M;4895278;233723;930
2,02E+11;18;6;2;1815;1;2;1;1;6;72;STALINGRAD (Avenue);M;4894796;237506;930
2,02E+11;18;6;10;1845;1;2;1;1;3;72;201  STALINGRAD (Avenue);M;4895939;239840;930
2,02E+11;18;6;18;1400;1;2;1;1;6;72;12  PAUL VAILLANT COUTUR;M;4890000;230000;930
2,02E+11;18;6;28;2130;1;2;1;1;6;59;47  CHARLES DE GAULLE (B;M;4896639;236662;930
2,02E+11;18;6;29;1015;1;2;8;1;3;59;0  JEAN MERMOZ (N°59 AU;M;4897116;236622;930
2,02E+11;18;7;3;1900;1;2;1;1;3;72;FLEURS (RUE DES);M;4896724;238241;930
2,02E+11;18;7;7;1510;1;2;2;1;3;72;0  GLOBE (RUE DU);M;4894519;238131;930
2,02E+11;18;7;7;2010;1;2;2;1;3;72;0  GLOBE (RUE DU);M;4894521;238129;930
2,02E+11;18;7;18;2120;5;2;1;1;6;72;STALINGRAD (AVENUE) DES;M;4894000;238171;930
2,02E+11;18;8;1;2230;5;2;1;1;3;27;AVENUE ROGER SALENGRO;M;;;930
2,02E+11;18;8;11;1400;1;2;3;1;6;72;AMIENS (RUE D') COTE DES;M;4895000;235000;930
2,02E+11;18;8;28;1805;1;2;1;1;3;72;STALINGRAD (AVENUE DE) D;M;4895252;238909;930
2,02E+11;18;9;10;1010;1;2;1;1;3;59;PASTEUR ( BOULEVARD);M;4896425;236659;930
2,02E+11;18;9;11;1157;1;2;3;1;6;72;MAXIME GORKI (BOULEVARD);M;4894645;238748;930
2,02E+11;18;9;11;1915;1;2;9;1;6;59;LENINE (AVENUE) N°2A34 E;M;4896286;235946;930
2,02E+11;18;9;19;456;5;2;1;1;6;72;MAXIME GORKI (BOULEVARD);M;;;930
2,02E+11;18;9;22;1840;5;2;1;2;4;72;MAXIME GORKI (BOULEVARD);M;4854749;238629;930
2,02E+11;18;9;27;1150;1;2;1;1;6;72;STALINGRAD (AVENUE DE) D;M;4895206;238829;930
2,02E+11;18;10;3;845;1;2;1;1;6;59;ELYSEE RECLUS (AVENUE) N;M;;;930
2,02E+11;18;10;4;910;1;2;1;1;6;72;MAXIME GORKI (BOULEVARD);M;;;930
2,02E+11;18;10;4;2158;5;2;3;1;3;72;FLEURS (RUE DES) JEAN JA;M;4896670;238192;930
2,02E+11;18;10;8;2330;5;2;1;1;2;72;MARCEL CACHIN (AVENUE) C;M;4896055;238187;930
2,02E+11;18;10;9;600;5;2;2;1;3;59;PASTEUR (BOULEVARD);M;4896486;236535;930
2,02E+11;18;10;10;1535;1;2;9;1;3;72;MARCEL CACHIN (AVENUE) C;M;4895954;238222;930
2,02E+11;18;10;13;410;5;2;1;1;6;59;PASTEUR (BOULEVARD);M;4896289;236923;930
2,02E+11;18;10;19;1000;1;2;1;1;5;31;REPUBLIQUE (AVENUE);M;4895304;231829;930
2,02E+11;18;10;23;1240;1;2;9;1;2;72;MAXIME GORKI (BOULEVARD);M;4894779;238626;930
2,02E+11;18;10;27;1030;1;2;1;1;6;72;NELSON MANDELA (AVENUE);M;;;930
2,02E+11;18;11;3;1600;1;2;1;1;3;72;JEAN DURAND (RUE) COTE D;M;4895483;237595;930
2,02E+11;18;11;20;2355;3;2;1;1;6;27;vieux chкne(rond point);M;;;930
2,02E+11;18;12;14;1355;1;2;9;1;2;59;ELYSEE RECLUS (AVENUE) N;M;4895015;235750;930
2,02E+11;18;12;14;1750;5;2;1;1;6;72;DIVISION LECLERC (AVENUE;M;4894950;238344;930
2,02E+11;18;12;22;2300;5;2;1;1;6;59;JEAN MERMOZ (N°59 AU 185;M;;;930
2,02E+11;18;12;29;2300;5;2;1;2;6;59;LEDRU ROLLIN (AVENUE);M;;;930
2,02E+11;18;1;5;655;3;1;1;8;7;73;CHAPIT RE ( RUE DU);M;4898957;256047;930
2,02E+11;18;1;6;1645;1;2;1;1;2;78;NATIONS (AVENUE DES);M;4897374;250356;930
2,02E+11;18;1;7;1820;5;2;1;1;6;73;4  PAUL (RUE MARCEL);M;4896411;600000;930
2,02E+11;18;1;12;945;1;2;1;1;2;78;39  BALLANGER (BD ROBERT;M;4895220;252866;930
2,02E+11;18;1;15;1825;5;2;1;1;6;78;CLEMENCEAU (AVENUE GEORG;M;4896000;255600;930
2,02E+11;18;1;16;715;5;2;1;2;2;73;CIRCUIT CAROLE;M;4897798;254053;930
2,02E+11;18;1;17;1145;1;2;2;1;3;73;78  SAVOIE (RUE DE);M;4894354;259070;930
2,02E+11;18;1;17;1912;5;2;1;1;6;73;DE GAULLE (RUE CHARLES);M;4894366;256879;930
2,02E+11;18;1;21;510;5;2;6;8;2;78;BALLANGER (BD ROBERT);M;4895759;254519;930
2,02E+11;18;1;23;1130;1;2;1;1;3;78;1  CLEMENCEAU (AVENUE GE;M;4895555;256084;930
2,02E+11;18;1;24;645;3;2;1;8;3;78;AUTOROUTE A 104;M;4896933;250322;930
2,02E+11;18;2;2;1925;5;1;1;8;2;73;CHAPIT RE ( RUE DU);M;4899139;252420;930
2,02E+11;18;2;2;2015;5;2;1;1;2;73;CHAPIT RE ( RUE DU);M;4898908;252385;930
2,02E+11;18;2;3;2350;5;2;6;2;6;73;TOLSTOI (RUE LEON);M;;;930
2,02E+11;18;2;14;1500;1;2;1;1;7;78;VERT-GALANT (AVENUE DU);M;4895510;-254549;930
2,02E+11;18;2;14;2220;5;2;2;2;3;73;SARRAULT (AVENUE ALBERT);M;4893958;259197;930
2,02E+11;18;2;16;1733;1;2;1;1;1;78;MONTCALM (AVENUE);M;4895126;253626;930
2,02E+11;18;2;20;1340;1;1;1;1;3;73;CHAPIT RE ( RUE DU);M;4899202;252272;930
2,02E+11;18;2;21;2040;5;2;1;1;3;73;CHAPIT RE ( RUE DU);M;4886272;228759;930
2,02E+11;18;2;23;1850;3;1;1;1;5;73;ROISSY (ROUTE DE);M;4899531;251419;930
2,02E+11;18;2;26;920;1;2;1;1;4;78;CLEMENCEAU (AVENUE GEORG;M;4896050;255640;930
2,02E+11;18;4;9;1720;1;2;1;2;4;73;BELLE BORNE (RUE);M;4898929;252252;930
2,02E+11;18;3;12;1330;1;2;1;1;6;78;CASANOVA (BOULEVARD L ET;M;4895950;253070;930
2,02E+11;18;3;14;1500;1;2;2;1;3;78;BARBES (AVENUE);M;4895355;253933;930
2,02E+11;18;3;15;1150;1;2;2;1;3;73;Gilbert BERGER (avenue);M;4894924;257456;930
2,02E+11;18;3;17;2026;5;2;6;2;6;78;CLEMENCEAU (AVENUE GEORG;M;4896063;255570;930
2,02E+11;18;3;18;2100;5;2;2;2;6;78;Robert BALLANGER (BD);M;4895888;254905;930
2,02E+11;18;3;23;800;1;2;1;1;6;78;DE GAULLE (AVENUE CHARLE;M;4895674;255426;930
2,02E+11;18;3;23;1705;1;1;3;1;3;73;ROISSY (ROUTE DE);M;4898350;254190;930
2,02E+11;18;3;27;1151;1;2;2;2;3;78;DE GAULLE (AVENUE CHARLE;M;4895742;255595;930
2,02E+11;18;4;1;2100;5;2;1;1;4;78;BALLANGER (BD ROBERT);M;4895874;254869;930
2,02E+11;18;4;3;1820;1;2;2;2;3;73;SALENGRO (AVENUE ROGER);M;4894632;259124;930
2,02E+11;18;4;4;1405;1;2;3;1;3;78;BALLANGER (BD ROBERT);M;4895332;253232;930
2,02E+11;18;4;5;830;1;2;1;1;3;78;CLEMENCEAU (AVENUE GEO;M;4995815;255840;930
2,02E+11;18;4;7;1225;1;2;1;1;5;78;VAUBAN (AVENUE);M;4896981;255094;930
2,02E+11;18;4;13;1700;1;1;1;1;3;73;ROISSY (ROUTE DE);M;4899531;251419;930
2,02E+11;18;4;14;1020;1;2;4;2;5;73;CHAPIT RE ( RUE DU);M;4900422;257189;930
2,02E+11;18;4;15;850;1;2;1;1;7;73;CHAPIT RE ( RUE DU);M;4900823;256151;930
2,02E+11;18;4;17;930;1;2;1;7;6;78;2  DAMBEL (AVENUE EMILE);M;4895741;451580;930
2,02E+11;18;4;17;2030;2;2;2;1;3;73;SOMME (AVENUE DE LA);M;4894078;258908;930
2,02E+11;18;4;19;1225;1;2;1;1;2;78;CHEMIN DEPARTEMENTAL;M;4897642;251282;930
2,02E+11;18;4;27;1330;1;1;2;1;2;73;SAINT-DENIS (CHEMIN DE);M;4897680;254520;930
2,02E+11;18;4;30;1145;1;2;1;2;7;78;1  DE LA BARRE (RUE DU C;M;4894823;254991;930
2,02E+11;18;5;4;740;1;2;1;1;4;73;CHAPIT RE ( RUE DU);M;4900930;255713;930
2,02E+11;18;5;6;1700;1;1;1;1;6;73;CROIX (CHEMIN DE LA);M;4898720;255890;930
2,02E+11;18;5;7;1230;1;2;2;1;3;5;ANDRE CITROEN BLD;M;4897730;251670;930
2,02E+11;18;5;9;1745;1;2;1;1;6;78;  BALMAT (RUE JACQUES);M;4896631;254394;930
2,02E+11;18;5;11;1420;1;2;1;1;6;78;16  TREMBLAY (ROUTE DE);M;4896530;253970;930
2,02E+11;18;5;13;1555;1;2;1;1;6;73;RESISTANCE (RUE DE LA);M;4894500;256720;930
2,02E+11;18;5;18;2030;1;2;1;1;3;78;1  LAUTREC (ALLEE TOULOU;M;4895310;255185;930
2,02E+11;18;5;19;555;1;1;1;1;1;73;CHAPIT RE ( RUE DU);M;4902709;253421;930
2,02E+11;18;5;20;2125;5;2;2;1;6;78;BALLANGER (BD ROBERT);M;4895884;254932;930
2,02E+11;18;5;22;630;2;1;1;1;2;73;CROIX (CHEMIN DE LA);M;4898720;255890;930
2,02E+11;18;5;22;1810;1;2;3;3;3;73;COLONGO (RUE PIERRE);M;4893853;258080;930
2,02E+11;18;5;24;2020;1;2;1;1;6;73;43  DEBUSSY (RUE CLAUDE);M;4896040;257770;930
2,02E+11;18;5;24;2325;5;2;1;1;2;78;45  BALLANGER (BD ROBERT;M;;;930
2,02E+11;18;5;25;615;1;1;2;1;3;73;01  CROIX (CHEMIN DE LA);M;4901498;253394;930
2,02E+11;18;5;28;735;1;1;1;1;4;73;CHAPIT RE ( RUE DU);M;;;930
2,02E+11;18;6;3;1142;1;1;6;1;3;73;NATIONS (AVENUE DES);M;4898369;252494;930
2,02E+11;18;6;15;1615;1;2;1;1;2;78;CHEMIN DEPARTEMENTAL;M;4897000;251000;930
2,02E+11;18;6;16;1100;1;2;1;1;3;78;13  CLEMENCEAU (AVENUE G;M;4895817;255831;930
2,02E+11;18;6;18;1840;1;1;1;1;2;73;CHAPIT RE ( RUE DU);M;;;930
2,02E+11;18;6;19;1740;1;1;1;1;2;73;CHAPIT RE ( RUE DU);M;4900183;253701;930
2,02E+11;18;6;20;1350;1;2;2;1;3;73;CHAPIT RE ( RUE DU);M;4900241;253332;930
2,02E+11;18;6;20;1505;1;2;1;1;3;78;CHEMIN DEPARTEMENTAL;M;4897632;251284;930
2,02E+11;18;6;21;2235;5;2;1;1;3;73;REIMS (RUE DE);M;4894133;258366;930
2,02E+11;18;6;25;1810;1;2;1;1;2;78;BALLANGER (BD ROBERT);M;4896164;255604;930
2,02E+11;18;6;29;1035;1;2;2;1;6;78;BALLANGER (BD ROBERT);M;4895758;254531;930
2,02E+11;18;7;1;11;5;2;1;1;2;78;BALLANGER (BD ROBERT);M;4896211;255881;930
2,02E+11;18;7;1;1205;1;1;1;1;3;73;CHAPIT RE ( RUE DU);M;4900812;254224;930
2,02E+11;18;7;3;820;1;2;6;1;6;78;VAUBAN (AVENUE);M;4896454;255256;930
2,02E+11;18;7;4;1930;1;2;2;1;2;78;SARTRE (AVENUE JEAN-PAUL;M;4896004;255318;930
2,02E+11;18;7;7;636;1;2;2;1;3;78;CLEMENCEAU (AVENUE GEORG;M;4895345;256264;930
2,02E+11;18;7;11;625;1;2;1;1;1;73;RAPERIE (RUE DE LA);M;4897083;256380;930
2,02E+11;18;7;11;1845;1;2;1;1;1;73;BARBUSSE (RUE HENRI);M;4895850;257300;930
2,02E+11;18;7;12;1500;1;2;1;1;2;73;RESISTANCE (RUE DE LA);M;4895192;256382;930
2,02E+11;18;7;17;1410;1;2;1;1;2;73;BRUXELLES (RUE DE);M;4899377;252435;930
2,02E+11;18;7;17;1850;1;2;2;1;3;73;CHAPIT RE ( RUE DU);M;4900249;253687;930
2,02E+11;18;7;19;2200;2;2;1;1;7;73;RAPERIE (RUE DE LA);M;4897489;256001;930
2,02E+11;18;7;20;850;1;2;3;2;2;78;VAUBAN (AVENUE de);M;4896724;255183;930
2,02E+11;18;7;26;1950;1;2;2;1;6;73;RESISTANCE (Rue de la);M;4894954;256532;930
2,02E+11;18;7;28;610;1;1;1;1;7;73;CHAPIT RE ( RUE DU);M;4898967;256098;930
2,02E+11;18;7;30;1745;1;1;1;1;5;73;CROIX (CHEMIN DE LA);M;4902780;253430;930
2,02E+11;18;7;31;820;1;2;1;1;2;78;CHEMIN DEPARTEMENTAL;M;4897159;250514;930
2,02E+11;18;8;1;1200;1;2;9;1;2;73;CHAPIT RE ( RUE DU);M;;;930
2,02E+11;18;8;5;1745;1;2;1;1;6;73;ROUSSEAU (RUE JEAN-JACQU;M;4895790;257770;930
2,02E+11;18;8;8;1425;1;2;9;1;2;78;CLEMENCEAU (AVENUE GEORG;M;4896102;255636;930
2,02E+11;18;8;16;1420;1;2;6;1;3;73;BELLE BORNE (RUE);M;4898917;252388;930
2,02E+11;18;9;6;900;1;1;1;1;6;73;SAINT-DENIS (CHEMIN DE);M;4897620;254710;930
2,02E+11;18;9;9;1745;1;1;9;1;2;78;VAUBAN (AVENUE);M;4896500;255390;930
2,02E+11;18;9;10;2050;5;2;2;1;3;78;CLEMENCEAU (AVENUE GEORG;M;4895000;255000;930
2,02E+11;18;9;11;1845;1;2;1;1;3;78;SARTRE (AVENUE JEAN-PAUL;M;;;930
2,02E+11;18;9;13;1635;1;1;1;1;4;73;FOSSETTE (ALLEE DE LA);M;4900425;257730;930
2,02E+11;18;9;17;1520;1;2;1;1;6;73;RESISTANCE (RUE DE LA);M;4895064;256443;930
2,02E+11;18;9;18;812;1;1;1;1;2;73;CHAPIT RE ( RUE DU);M;4900263;253693;930
2,02E+11;18;9;21;2145;3;2;9;1;2;73;BELLE BORNE (RUE);M;4900430;257706;930
2,02E+11;18;9;25;1650;1;2;3;1;3;78;VAUBAN (AVENUE);M;4899101;252402;930
2,02E+11;18;9;25;1930;1;2;3;1;3;73;CHAPIT RE ( RUE DU);M;;;930
2,02E+11;18;9;27;1900;1;2;2;1;5;73;SARRAULT (AVENUE ALBERT);M;4890000;250000;930
2,02E+11;18;9;29;2040;5;2;1;1;3;78;BALLANGER (BD ROBERT);M;4895300;253300;930
2,02E+11;18;10;3;1100;1;1;1;2;5;73;DE GAULLE (RUE CHARLES);M;4900675;255646;930
2,02E+11;18;10;4;1925;2;2;1;1;6;78;SAINT JUST (RUE LOUIS);M;4896211;255881;930
2,02E+11;18;10;11;1020;1;2;1;1;6;78;PARC (AVENUE DU);M;4895876;254351;930
2,02E+11;18;10;13;1000;1;2;6;1;4;78;CLEMENCEAU (AVENUE GEORG;M;4896166;255498;930
2,02E+11;18;10;16;820;1;1;1;1;6;73;CHAPELIER (RUE DU);M;4900461;258518;930
2,02E+11;18;10;16;1215;1;2;2;1;6;73;PETITS PONTS (ROUTE DES);M;4896560;256950;930
2,02E+11;18;10;16;1205;1;2;1;1;7;78;BALLANGER (BD ROBERT);M;4895438;253533;930
2,02E+11;18;10;16;1840;2;2;3;1;2;78;LEDOUX (RUE CLAUDE NICOL;M;4896885;254535;930
2,02E+11;18;10;19;1705;1;2;3;1;6;73;NERUDA (RUE PABLO);M;4890000;257000;930
2,02E+11;18;10;20;1500;1;2;9;1;2;78;TREMBLAY (ROUTE De);M;4896420;253772;930
2,02E+11;18;10;23;900;1;2;6;1;3;78;VAUBAN (AVENUE);M;4897090;254910;930
2,02E+11;18;10;25;2230;3;1;1;1;4;73;CHAPITRE ( RUE DU);M;4900262;253694;930
2,02E+11;18;10;28;110;5;1;9;1;6;78;VAUBAN (AVENUE);M;4895912;253553;930
2,02E+11;18;10;30;1720;3;2;1;1;1;73;BUISSON AUMAY (AVENUE DU;M;4896215;256178;930
2,02E+11;18;10;31;115;3;1;1;1;5;73;CHAPIT RE ( RUE DU);M;4899508;251455;930
2,02E+11;18;11;2;1655;1;2;6;1;2;73;CHAPELIER (RUE DU);M;4898944;252463;930
2,02E+11;18;11;2;1930;3;2;1;1;2;78;VAUBAN (AVENUE);M;4900422;257157;930
2,02E+11;18;11;3;1545;1;2;1;1;2;73;BERGER (RUE GILBERT);M;4895082;258069;930
2,02E+11;18;11;4;1550;1;1;6;1;3;73;CHAPIT RE ( RUE DU);M;4898407;252536;930
2,02E+11;18;11;6;1531;1;2;1;1;6;73;DEBRIS (RUE JACQUES);M;4895734;257596;930
2,02E+11;18;11;11;2159;5;1;1;3;2;73;CHAPIT RE ( RUE DU);M;;;930
2,02E+11;18;11;13;1815;5;2;2;1;3;73;PLAINE DE FRANCE (AVENUE;M;4897500;250600;930
2,02E+11;18;11;13;1950;5;2;6;1;3;78;BALLANGER (BD ROBERT);M;4896098;255477;930
2,02E+11;18;11;14;730;2;2;3;1;3;73;PAIX (AVENUE DE LA);M;4895096;256740;930
2,02E+11;18;11;15;1037;1;2;2;1;3;73;CHAPIT RE ( RUE DU);M;4900158;253694;930
2,02E+11;18;11;16;755;1;1;2;5;3;73;BOIS DE LA PIE (AVENUE D;M;4898000;250950;930
2,02E+11;18;11;16;1230;1;1;1;1;2;78;JEAN FOURGEAUD (AVENUE);M;4901110;255780;930
2,02E+11;18;11;19;855;1;2;3;1;3;78;BRANLY (AVENUE EDOUARD);M;4894566;256147;930
2,02E+11;18;11;19;2145;5;2;2;2;3;78;GARE (AVENUE DE LA);M;4894530;256619;930
2,02E+11;18;11;20;1750;5;2;3;8;2;78;TREMBLAY (ROUTE DE);M;4896390;253740;930
2,02E+11;18;11;21;1845;5;2;1;1;6;73;SALENGRO (AVENUE ROGER);M;4894317;257846;930
2,02E+11;18;11;22;2305;5;2;3;8;4;78;BALLANGER (BD ROBERT);M;4895659;254218;930
2,02E+11;18;11;25;1210;1;1;1;2;6;73;CHAPIT RE ( RUE DU);M;;;930
2,02E+11;18;11;25;1620;1;2;1;2;1;78;CHEMIN DEPARTEMENTAL;M;4897422;254917;930
2,02E+11;18;11;26;900;1;2;1;2;6;78;DE GAULLE (AVENUE CHARLE;M;4895624;255340;930
2,02E+11;18;11;27;630;3;1;3;1;3;73;CHAPIT RE ( RUE DU);M;4899124;259976;930
2,02E+11;18;11;29;640;2;2;9;2;3;73;CHAPIT RE ( RUE DU);M;4901100;255930;930
2,02E+11;18;11;29;430;5;2;1;2;2;73;CHAPIT RE ( RUE DU);M;;;930
2,02E+11;18;12;1;2045;5;2;2;3;6;78;MANET (RUE EDOUARD);M;4895111;255292;930
2,02E+11;18;12;3;1245;1;2;9;2;3;73;CHAPIT RE ( RUE DU);M;4900821;255932;930
2,02E+11;18;12;13;1830;3;1;1;1;3;73;CHAPIT RE ( RUE DU);M;4899124;259955;930
2,02E+11;18;12;16;1006;1;2;9;8;2;78;BALLANGER (BD ROBERT);M;4896100;255630;930