Num_Acc;an;mois;jour;hrmn;lum;agg;int;atm;col;com;adr;gps;lat;long;dep
2,02E+11;18;12;17;1430;1;2;4;1;3;73;ROISSY (ROUTE DE);M;4898426;254906;930
2,02E+11;18;12;17;1230;1;2;3;1;2;73;CHAPIT RE ( RUE DU);M;4900242;253328;930
2,02E+11;18;12;18;1600;2;2;2;1;3;78;FERRY (AVENUE JULES);M;4895250;253502;930
2,02E+11;18;12;18;1835;5;1;1;1;6;73;CHAPIT RE ( RUE DU);M;4900760;253400;930
2,02E+11;18;12;20;1500;1;1;1;1;7;73;CHAPIT RE ( RUE DU);M;4898371;254057;930
2,02E+11;18;12;26;1500;1;2;1;1;6;73;CHAPIT RE ( RUE DU);M;;;930
2,02E+11;18;12;29;700;5;1;6;8;1;73;CHAPIT RE ( RUE DU);M;4899002;254684;930
2,02E+11;18;1;8;1945;5;2;2;1;6;2;GENERAL CHARLES DE GAULL;M;4881451;241196;940
2,02E+11;18;1;18;20;5;2;2;8;3;2;DOLET / ZOLA;M;4879877;242339;940
2,02E+11;18;1;31;2120;5;2;1;3;3;2;38 bis  GENERAL CHARLES;M;4881461;241610;940
2,02E+11;18;2;28;1340;1;2;3;1;3;2;REVOLUTION/MANDELA;M;4878479;242148;940
2,02E+11;18;3;6;2210;5;2;2;1;3;2;ZOLA/COUTURIER;M;4879880;242339;940
2,02E+11;18;3;26;1840;1;2;1;1;6;2;52 bis  R ETIENNE DOLET;M;4879500;242539;940
2,02E+11;18;3;27;1615;1;2;1;2;2;2;6 RUE JOSEPH FRANCESCHI;M;4880522;242059;940
2,02E+11;18;3;29;2220;5;2;3;1;7;2;J-B CLEMENT/FLORE;M;4879680;242164;940
2,02E+11;18;4;3;815;1;2;1;1;6;2;86  R VAILLANT COUTURIER;M;4881067;241680;940
2,02E+11;18;4;1;1940;2;2;1;1;6;2;6  R MICOLON;M;4880418;241349;940
2,02E+11;18;4;7;1650;1;2;1;1;6;2;145  R ETIENNE DOLET;M;4878606;242636;940
2,02E+11;18;4;17;955;1;2;2;7;6;2;EMILE ZOLA / PVC;M;4879880;242340;940
2,02E+11;18;4;20;2330;5;2;1;1;6;2;50  QU BLANQUI;M;4880001;241828;940
2,02E+11;18;5;15;1940;1;2;1;1;6;2;101  EDOUARD VAILLANT (R;M;4880803;241926;940
2,02E+11;18;5;18;1545;1;2;1;1;6;2;RUE ETIENNE DOLET;M;4879533;242542;940
2,02E+11;18;5;21;1215;1;2;1;1;2;2;18 RUE CHARLES DE GAULLE;M;4881450;241415;940
2,02E+11;18;5;25;1130;1;2;1;1;6;2;21 BD CARNOT;M;4879560;242510;940
2,02E+11;18;6;3;10;5;2;1;1;2;2;8 BOULEVARD CARNOT;M;4879570;242576;940
2,02E+11;18;6;12;815;1;2;2;2;3;2;225  VAILLANT COUTURIER;M;4880100;242207;940
2,02E+11;18;6;28;1630;1;2;9;1;2;2;GENERAL CHARLES DE GAULL;M;4881454;241087;940
2,02E+11;18;7;27;2310;5;2;1;1;2;2;REVOLUTION (QU DE LA);M;4878214;241972;940
2,02E+11;18;8;4;1235;1;2;2;1;3;2;CHARLES DE GAULLE (R);M;4881447;241391;940
2,02E+11;18;8;4;1830;1;2;1;1;6;2;VERON (R);M;4880801;241466;940
2,02E+11;18;9;29;2207;5;2;2;1;3;2;EMILE ZOLA (R);M;4879821;242060;940
2,02E+11;18;10;1;2200;5;2;2;1;3;2;OEILLETS (R DES);M;4879750;242490;940
2,02E+11;18;10;4;2055;5;2;3;1;3;2;ETIENNE DOLET (R);M;4878872;242573;940
2,02E+11;18;10;8;1930;5;2;2;1;6;2;VAILLANT COUTURIER (R);M;4879887;242340;940
2,02E+11;18;10;17;1350;1;2;3;1;1;2;BLANQUI (QU);M;4880573;241082;940
2,02E+11;18;10;19;2010;5;2;3;1;3;2;VAILLANT COUTURIER (R);M;4880602;241861;940
2,02E+11;18;10;23;1913;5;2;3;1;3;2;ETIENNE DOLET (R);M;4878800;242578;940
2,02E+11;18;10;27;237;5;2;2;1;5;2;GRENOBLE (R DE);M;4878470;243097;940
2,02E+11;18;11;5;1845;5;2;1;1;3;2;VAILLANT COUTURIER (R);M;4880139;242180;940
2,02E+11;18;11;9;1930;5;2;3;1;3;2;BEETHOVEN (COUR);M;4879622;242888;940
2,02E+11;18;11;24;2030;5;2;3;1;1;2;BEETHOVEN (COUR);M;4879632;242887;940
2,02E+11;18;11;27;2340;5;2;3;3;6;2;CARNOT (BD);M;4879520;242280;940
2,02E+11;18;11;28;911;1;2;3;2;3;2;REVOLUTION (QU DE LA);M;4878477;242152;940
2,02E+11;18;11;30;915;1;2;1;1;3;28;TASSIGNY(AVE DU MARECHAL;M;4880097;245005;940
2,02E+11;18;11;30;2020;3;2;3;1;3;2;BLANQUI (QUAI);M;4880945;241025;940
2,02E+11;18;12;5;1450;1;2;3;8;3;2;BLANQUI (QUAI);M;4880943;241016;940
2,02E+11;18;12;6;1715;5;2;1;1;6;2;CARNOT (BD);M;4879623;242847;940
2,02E+11;18;12;9;1840;5;2;2;2;1;2;CARNOT (BD);M;4879566;242524;940
2,02E+11;18;12;21;828;5;2;1;2;2;2;VERON (R);M;4880580;241512;940
2,02E+11;18;12;25;925;1;2;9;1;6;2;VILLENEUVE ST GEORGES (C;M;4878200;242893;940
2,02E+11;18;1;1;540;5;1;3;1;6;75;TASSIGNY/LA GRANGE;M;4873442;252028;940
2,02E+11;18;1;4;1745;5;2;3;8;6;71;1  R DE LA CITE VERTE;M;4877156;252492;940
2,02E+11;18;1;9;1245;1;2;1;1;7;44;AV GABRIEL PERI;M;4875473;248459;940
2,02E+11;18;1;10;555;5;2;3;2;3;47;BRIE / CAZEAUX;M;4870268;254497;940
2,02E+11;18;1;12;800;5;2;3;2;3;75;TASSIGNY / GRANGE;M;4873426;252035;940
2,02E+11;18;1;12;1910;5;1;1;1;2;71;27  R MAURICE BERTEAUX;M;4877457;251622;940
2,02E+11;18;1;13;2205;5;2;6;1;3;71;CHAMPIGNY / PARIS;M;4877454;251081;940
2,02E+11;18;1;16;2000;3;1;3;2;6;75;TASSIGNY / GRANGE;M;4873414;252053;940
2,02E+11;18;1;16;1950;5;1;6;2;2;71;R DE PARIS;M;4877304;250115;940
2,02E+11;18;1;19;1345;1;2;1;2;7;71;R DE PARIS;M;4877000;250000;940
2,02E+11;18;1;20;1950;5;2;2;2;3;4;LECLERC / GAULLE;M;4875878;250052;940
2,02E+11;18;1;24;820;1;2;3;2;2;75;TASSIGNY / DAGORNO;M;4872750;253117;940
2,02E+11;18;1;24;1630;1;2;2;1;6;4;PARIS / SUCY;M;4874895;251216;940
2,02E+11;18;1;25;1100;1;1;1;2;2;71;33  PONT DE CHENNEVIERES;M;4878365;251518;940
2,02E+11;18;1;26;755;2;2;2;1;6;71;PROCESSION / LACHEVARDIE;M;4876607;252796;940
2,02E+11;18;1;27;1510;1;2;5;1;3;4;DE GAULLE / LECLERC;M;4875499;250525;940
2,02E+11;18;1;30;1430;1;2;3;8;2;71;BOISSY / AMARANTHE;M;4876803;252214;940
2,02E+11;18;2;1;1325;1;2;1;1;6;70;10  ROUTE DE PARIS;M;4871624;257282;940
2,02E+11;18;2;8;2105;5;2;1;1;6;71;21  R ALBERT DRU;M;4876341;251879;940
2,02E+11;18;2;10;530;5;2;3;4;6;71;PROCESSION/MOULIN A VENT;M;4876410;252778;940
2,02E+11;18;2;12;1210;1;2;4;1;6;56;MANDRES/GENERAL LECLERC;M;4869652;254801;940
2,02E+11;18;2;21;150;5;2;2;1;3;71;VILLENEUVE/PERRAULT;M;4876778;250839;940
2,02E+11;18;2;24;1520;1;2;6;1;3;44;PERI/GARRY;M;4875657;248345;940
2,02E+11;18;2;25;1930;5;1;1;1;3;75;AV DU MARECHAL TASSIGNY;M;4872728;253253;940
2,02E+11;18;2;26;2140;4;2;3;1;6;75;TASSIGNY/DAGORNO;M;4872752;253102;940
2,02E+11;18;2;26;1730;1;2;6;1;6;71;D ORVES/MOULIN;M;4876336;253423;940
2,02E+11;18;3;8;810;1;2;6;1;6;71;PERI/ROND-POINT;M;4876207;252982;940
2,02E+11;18;3;8;1825;2;2;3;2;2;71;6  ROUTE DE BONNEUIL;M;4877099;250525;940
2,02E+11;18;3;10;2235;3;1;1;2;3;4;AV DU GENERAL LECLERC;M;4875504;250781;940
2,02E+11;18;3;16;2020;5;2;2;2;3;75;GARENNE/BOIS PRIE DIEU;M;4872571;252792;940
2,02E+11;18;3;18;2215;5;2;1;2;2;47;121  RUE PAUL DOUMER;M;4870579;253122;940
2,02E+11;18;3;19;830;1;2;1;4;6;4;RUE LA CARRIERE;M;4875381;251964;940
2,02E+11;18;3;19;1320;1;2;3;4;2;71;PARIS/POLO;M;4877373;250545;940
2,02E+11;18;3;22;1400;1;2;3;1;2;44;VALENTON/MONNET;M;4874297;250073;940
2,02E+11;18;3;25;130;4;2;6;1;6;70;ROCHER / DIMERESSE;M;4872860;257667;940
2,02E+11;18;3;27;1625;1;2;2;2;6;44;LECLERC / POMPIDOU;M;4874473;251171;940
2,02E+11;18;4;2;1800;1;2;1;2;6;71;99  RTE QUEUE EN BRIE;M;4876260;253473;940
2,02E+11;18;3;17;2100;5;2;3;1;3;44;8 MAI 1945/ST-EXUPERY;M;4875322;249463;940
2,02E+11;18;4;3;1650;1;2;1;3;6;44;63  R HENRI BARBUSSE;M;4875079;248832;940
2,02E+11;18;4;4;815;1;1;1;2;2;48;RN 19;M;4872748;253863;940
2,02E+11;18;4;6;1000;1;2;1;1;3;44;67  AV DE VALENTON;M;4874170;248410;940
2,02E+11;18;4;9;900;1;2;6;1;2;71;R DE BOISSY;M;4875973;252657;940
2,02E+11;18;4;11;1600;1;1;1;7;3;56;8 RTE BRIE COMTE ROBERT;M;4869645;256030;940
2,02E+11;18;4;5;745;1;2;1;1;3;4;3 B  R DE PARIS;M;4874855;251309;940
2,02E+11;18;4;16;945;1;1;1;7;4;4;RN19;M;4876127;249681;940
2,02E+11;18;4;22;2130;5;2;1;1;6;71;R DE PARIS;M;4877359;250492;940
2,02E+11;18;4;23;830;1;2;1;1;7;4;AV DU GENERAL LECLERC;M;4875103;250715;940
2,02E+11;18;4;30;1610;1;2;1;2;3;4;GENERAL LECLERC (AV DU);M;4875000;250000;940
2,02E+11;18;4;30;1200;1;1;1;2;6;71;R DES BRUYERES;M;4875000;557000;940
2,02E+11;18;5;3;1735;2;2;1;1;6;71;8  BERTOU (SEN DU);M;4876349;252487;940
2,02E+11;18;5;4;820;1;2;8;1;6;4;03  CHARLES DE GAULLE (A;M;4875283;250365;940
2,02E+11;18;5;4;1655;1;2;1;1;4;75;13  MANDRES (R DE);M;4871800;253400;940
2,02E+11;18;5;7;2000;1;2;1;1;7;71;8 AVENUE DU FORT;M;4876744;253289;940
2,02E+11;18;5;8;630;2;2;1;1;7;4;BREVANNES (R DE);M;4875007;250099;940
2,02E+11;18;5;14;1825;1;2;3;2;3;71;GENERAL LECLERC (R DU);M;4877567;251117;940
2,02E+11;18;5;15;1635;1;2;9;1;4;4;GENERAL LECLERC (AV DU);M;4874657;251039;940
2,02E+11;18;5;15;1815;1;2;3;1;3;48;AVENUE DU PARC;M;4873812;255243;940
2,02E+11;18;5;18;755;1;2;1;1;7;4;GENERAL LECLERC (AV DU);M;4875693;250795;940
2,02E+11;18;5;22;745;1;2;1;1;3;75;35  MARECHAL DELATTRE DE;M;4872748;531072;940
2,02E+11;18;5;22;1725;1;2;9;1;3;48;AVENUE DES BUISSONS;M;4873590;255561;940
2,02E+11;18;5;23;1930;1;2;1;1;6;71;CHEMIN VERT;M;4876360;250026;940
2,02E+11;18;5;25;707;1;2;1;1;2;75;LATTRE DE TASSIGNY (AV D;M;4872448;254938;940
2,02E+11;18;5;26;5;5;2;2;2;5;71;VILLENEUVE (R DE);M;4876650;250901;940
2,02E+11;18;5;26;1510;1;2;2;1;3;75;BOURGOGNE (R DE);M;4872354;252841;940
2,02E+11;18;5;26;1840;1;2;1;1;6;47;CAZEAUX (R);M;4870013;254268;940
2,02E+11;18;5;31;305;5;2;3;1;2;48;NATIONALE 19;M;4872939;254702;940
2,02E+11;18;5;31;935;1;2;6;8;3;44;DESCARTES (AV);M;4874118;248042;940
2,02E+11;18;6;1;1738;1;2;1;2;3;4;GENERAL LECLERC (AV DU);M;4875850;250240;940
2,02E+11;18;6;5;910;1;2;1;2;6;71;66  GRAND VAL (R DU);M;4877665;252849;940
2,02E+11;18;6;6;1635;1;1;1;2;7;4;GENERAL LECLERC (AV DU);M;4875493;250819;940
2,02E+11;18;6;11;840;2;1;1;5;4;48;VALLON (R DU);;;;940
2,02E+11;18;6;11;1735;1;2;1;8;3;44;4  ALBERT GARRY (R);M;4875277;247400;940
2,02E+11;18;6;12;1230;1;2;1;1;2;71;15  GEORGES POMPIDOU (AV;M;4877180;252665;940
2,02E+11;18;6;12;1825;1;2;2;1;3;44;PRESIDENT WILSON (AV DU);M;4875300;249169;940
2,02E+11;18;6;13;1605;1;1;1;1;4;44;JEAN MONNET (R);M;4875829;248166;940
2,02E+11;18;6;20;800;1;2;1;1;7;44;26  VERDUN (AV DE);M;4874990;248079;940
2,02E+11;18;6;22;1700;1;2;3;1;4;71;6 RUE JEAN MOULIN;M;4877513;251421;940
2,02E+11;18;6;23;1235;1;1;1;1;2;70;PARIS (RTE DE);M;4871620;257280;940
2,02E+11;18;6;24;240;3;2;9;1;6;75;MARECHAL DE LATTRE DE TA;M;4872758;253099;940
2,02E+11;18;6;25;835;1;2;1;1;6;4;CHARLES DE GAULLE (AV);M;4875695;249838;940
2,02E+11;18;6;11;1830;1;2;3;1;2;47;BRIE (R DE);M;4869835;255048;940
2,02E+11;18;6;23;130;5;2;6;1;2;71;GRAND CHAMP (R DU);M;4876360;251520;940
2,02E+11;18;6;27;940;1;2;2;1;3;71;VERDUN (BD DE);M;4876836;251021;940
2,02E+11;18;6;27;1350;1;2;2;1;3;75;BOIS PRIE DIEU (R DU);M;4872545;252730;940
2,02E+11;18;6;27;2030;1;2;1;1;1;71;28  PIPLE (AV DU);M;4876355;251608;940
2,02E+11;18;6;29;1558;1;2;2;1;6;71;6-8  CHARLES DE GAULLE (;M;4877160;250880;940
2,02E+11;18;6;30;1205;1;2;1;1;3;44;09  ROGER SALENGRO (R);M;4875000;248000;940
2,02E+11;18;7;2;1705;1;2;2;1;3;75;BRUNOY (R DE);M;4870799;252929;940
2,02E+11;18;7;3;1545;1;2;9;1;3;71;REMPARTS (R DES);M;4876889;251933;940
2,02E+11;18;7;3;1947;1;2;1;1;3;75;33  LATTRE DE TASSIGNY (;M;4872747;253150;940
2,02E+11;18;7;5;1805;1;1;1;2;6;75;LATTRE DE TASSIGNY (AV D;M;4873475;251979;940
2,02E+11;18;7;7;930;1;2;1;1;7;44;GENERAL LECLERC (AV DU);M;4875504;250788;940
2,02E+11;18;7;7;1920;1;2;2;1;2;48;VALLON (R DU);M;4872755;253964;940
2,02E+11;18;7;12;1812;1;2;7;1;2;47;PAUL DOUMER (R);M;4870368;253455;940
2,02E+11;18;7;15;1602;1;2;1;1;6;44;20  VERDUN (AV DE);M;4875024;248230;940
2,02E+11;18;7;19;1940;1;2;5;1;3;44;ALBERT GARRY (R);M;4875256;472637;940
2,02E+11;18;7;22;2015;1;2;5;1;6;71;FORT (AV DU);M;4877016;253443;940
2,02E+11;18;7;23;1215;1;2;9;1;3;75;MARECHAL DELATTRE DE TAS;M;4872750;531100;940
2,02E+11;18;7;21;1520;1;2;9;1;6;71;LOUIS BOON (BD);M;4877675;251373;940
2,02E+11;18;8;13;1645;1;1;1;1;6;4;GARE (BD DE LA);M;4875187;250521;940
2,02E+11;18;8;18;2140;5;2;1;1;6;71;QUEUE EN BRIE (RTE DE LA;M;4876213;253434;940
2,02E+11;18;8;19;1915;1;2;1;1;6;71;QUEUE EN BRIE (RTE DE LA;M;4876168;253351;940
2,02E+11;18;8;20;2050;2;2;1;1;6;71;PONT DE CHENNEVIERES (R;M;4878648;252303;940
2,02E+11;18;8;21;2210;5;2;1;1;6;44;VALENTON (AV DE);M;4874213;248952;940
2,02E+11;18;8;31;1630;1;2;1;1;3;4;GENERAL LECLERC (AV DU);M;4875013;250789;940
2,02E+11;18;9;2;1215;1;2;1;1;3;71;QUEUE EN BRIE (RTE DE LA;M;4876351;253610;940
2,02E+11;18;9;6;1155;1;2;3;1;3;75;AV DU MAL DE LATTRE;M;4872751;253107;940
2,02E+11;18;9;19;1317;1;2;1;1;6;71;QUEUE EN BRIE (RTE DE LA;M;4876183;253374;940
2,02E+11;18;9;22;1620;1;1;1;8;4;44;DIVISION LECLERC (AV);M;4873566;251907;940
2,02E+11;18;9;23;1740;1;1;1;2;7;4;GENERAL LECLERC (AV DU);M;4875517;250755;940
2,02E+11;18;9;25;1430;1;2;3;1;1;75;MARECHAL DE LATTRE DE TA;M;4872747;253097;940
2,02E+11;18;9;26;1900;1;2;1;1;6;44;VERDUN (AV DE);M;4874988;248134;940
2,02E+11;18;9;29;1930;5;2;6;1;3;71;MOULIN A VENT (R DU);M;4876313;253387;940
2,02E+11;18;9;30;1235;1;2;9;1;6;44;PRESIDENT WILSON (AV DU);M;4875080;249000;940
2,02E+11;18;10;2;2015;5;2;1;8;6;4;ERABLES (PL DES);M;4875792;249949;940
2,02E+11;18;10;2;2120;5;2;9;2;2;71;BOISSY (R DE);M;4876244;252669;940
2,02E+11;18;10;3;910;1;2;3;1;3;71;ALBERT SARRAULT (AV);M;4876341;252613;940
2,02E+11;18;10;3;1430;1;2;1;1;6;71;MAURICE BERTEAUX (R);M;;;940
2,02E+11;18;10;4;1040;1;2;1;1;6;47;GENERAL LECLERC (R);M;4870160;254289;940
2,02E+11;18;10;4;1805;1;2;9;1;4;71;WINSTON CHURCHILL (R);M;4877122;252123;940
2,02E+11;18;10;7;1341;1;2;1;2;6;4;GENERAL LECLERC (AV);M;4875505;250767;940
2,02E+11;18;10;7;1220;1;2;1;8;7;4;GENERAL LECLERC (AV);M;4875477;250842;940
2,02E+11;18;10;11;710;2;2;3;2;3;4;GENERAL LECLERC (AV DU);M;4874000;250000;940
2,02E+11;18;10;11;1510;1;2;3;1;3;71;PROGRES (AV DU);M;4875850;252970;940
2,02E+11;18;10;12;1440;1;1;1;1;7;48;MAROLLES A GRANDE PATTE;M;4875177;255717;940
2,02E+11;18;10;16;1645;1;2;2;1;6;75;CERCAY (R DE);M;4871867;253064;940
2,02E+11;18;10;16;1810;1;2;9;1;2;75;MANDRES (R DE);M;4871836;253469;940
2,02E+11;18;10;21;1300;1;2;1;1;6;4;POMPADOUR (R DE LA);M;4875983;250179;940
2,02E+11;18;10;21;2040;3;2;3;1;3;75;MARECHAL DE LATTRE DE TA;M;4872749;253100;940
2,02E+11;18;10;25;2210;3;2;9;1;3;75;MARECHAL DE LATTRE DE TA;M;4872750;253100;940
2,02E+11;18;10;26;940;1;2;1;1;6;4;GARE (BD DE LA);M;4875194;250509;940
2,02E+11;18;10;26;1850;5;2;1;2;7;4;GENERAL LECLERC (AV);M;4875526;250750;940
2,02E+11;18;10;28;1025;1;2;1;1;6;44;ALBERT GARRY (R);M;4875480;247956;940
2,02E+11;18;10;29;810;1;2;1;1;6;71;OLIVIER D ORMESSON (AV);M;4879000;251000;940
2,02E+11;18;10;30;1340;1;2;1;2;7;71;PARIS (R DE);M;4877310;249820;940
2,02E+11;18;10;31;1710;2;2;1;2;5;70;MAROLLES (RTE DE);M;4873434;256522;940
2,02E+11;18;11;1;1230;1;2;1;2;7;71;JEAN MOULIN (R);M;4877468;251144;940
2,02E+11;18;11;3;1200;1;2;9;1;6;71;FONTAINES (R DES);M;4877268;251582;940
2,02E+11;18;11;6;1930;5;2;9;1;6;71;BONNEUIL (RTE DE);M;4877171;250322;940
2,02E+11;18;11;9;1545;1;2;1;2;2;4;TRAVERSIERE (R);M;4874806;250962;940
2,02E+11;18;11;10;108;5;2;1;1;1;4;GENERAL LECLERC (AV);M;4874810;250938;940
2,02E+11;18;11;11;1415;1;2;1;2;7;4;GENERAL LECLERC (AV DU);M;4877552;250768;940
2,02E+11;18;11;12;715;1;2;1;2;7;74;RU DE GIRONDE (AV DU);M;4874735;246200;940
2,02E+11;18;11;13;2010;5;2;1;1;4;44;GABRIEL PERI (AV);M;4875405;248501;940
2,02E+11;18;11;20;910;1;2;3;2;6;71;SEVIGNE (R DE);M;4876938;251461;940
2,02E+11;18;11;20;2050;5;2;9;2;3;4;GENERAL LECLERC (AV DU);M;4875446;250603;940
2,02E+11;18;11;22;1140;1;2;1;1;6;71;MARAIS (CHE DES);M;4876835;250616;940
2,02E+11;18;11;23;815;2;2;2;5;1;44;Voie Georges Pompidou;M;4874469;251174;940
2,02E+11;18;11;24;1830;5;2;1;9;2;71;SCIERIE (R DE LA);M;4876641;250427;940
2,02E+11;18;11;27;830;1;2;1;8;1;71;MAURICE BERTEAUX (R);M;4857000;252000;940
2,02E+11;18;11;28;730;2;2;2;2;3;44;PASTEUR (R);M;4874625;248114;940
2,02E+11;18;11;29;825;1;2;1;2;7;75;JEAN CAVAILLES (R);M;4872772;252646;940
2,02E+11;18;12;2;1200;1;2;1;2;6;11;BOISSY.(AVENUE DE);M;4876249;249501;940
2,02E+11;18;12;4;1340;1;2;1;1;7;71;PIERRE SEMARD (R);M;4876975;251615;940
2,02E+11;18;12;4;1540;1;2;3;1;6;75;LIEUTENANT DAGORNO (R DU;M;4872146;253348;940
2,02E+11;18;12;12;1120;1;2;1;1;2;44;VALENTON (AV DE);M;4874250;249751;940
2,02E+11;18;12;13;940;1;2;6;1;3;44;GABRIEL PERI (AV);M;4875668;248338;940
2,02E+11;18;12;13;1130;1;2;2;1;3;4;GENERAL LECLERC (AV DU);M;4875445;250608;940
2,02E+11;18;12;13;1450;1;2;1;1;6;4;SUCY (R DE);M;4874912;251353;940
2,02E+11;18;12;16;2130;5;2;4;2;1;71;BONNEUIL (AV DE);M;4876999;250908;940
2,02E+11;18;12;20;1320;1;2;1;1;6;71;PIERRE SEMARD (R);M;4876967;251600;940
2,02E+11;18;12;22;27;5;2;1;1;1;4;BREVANNES (R DE);M;4875010;250288;940
2,02E+11;18;12;28;1600;1;2;1;1;5;70;PARIS (RTE DE);M;4871103;258093;940
2,02E+11;18;1;2;2330;5;2;2;1;4;17;STALINGRAD/A4 PT NOGENT;M;4883076;249307;940
2,02E+11;18;1;5;1330;1;2;3;2;6;17;SALENGRO/COUREL;M;4881968;248567;940
2,02E+11;18;1;10;1825;3;2;1;1;6;17;HENRI-MARIE BOURSICAUD;M;4881450;252533;940
2,02E+11;18;1;11;1745;2;2;2;1;6;17;STALINGRAD/DE GAULLE;M;4882332;249682;940
2,02E+11;18;1;14;1140;1;2;2;1;6;17;DE GAULLE/STALINGRAD;M;4882352;249600;940
2,02E+11;18;1;15;1630;1;2;1;2;6;17;RUE DU BOIS L ABBE;M;4881090;254021;940
2,02E+11;18;1;28;1700;1;2;2;2;3;17;PRAIRIAL/GERMINAL;M;4882340;250829;940
2,02E+11;18;2;1;715;5;2;1;2;2;17;AV DU GENERAL DE GAULLE;M;4882298;249404;940
2,02E+11;18;1;25;740;2;2;3;2;6;17;REPUBLIQUE/ADAMOV;M;4882456;251005;940
2,02E+11;18;2;11;2245;5;2;2;1;6;17;REPUBLIQUE/CASANOVA;M;4882528;250989;940
2,02E+11;18;2;13;1320;1;2;2;1;3;17;FOURNY/L'EGALITE;M;4881882;252030;940
2,02E+11;18;2;16;1350;1;2;2;1;6;17;STALINGRAD/BRIAND;M;4882172;249873;940
2,02E+11;18;2;19;900;1;2;5;1;3;17;STALINGRAD/PERI;M;4881914;250278;940
2,02E+11;18;2;21;715;2;2;6;8;6;17;DORMOY/THOREZ;M;4880596;253316;940
2,02E+11;18;2;21;1820;5;2;2;1;6;17;TALAMONI/DUFOUR;M;4881329;251185;940
2,02E+11;18;2;24;25;5;2;3;1;5;17;REPUBLIQUE/MOULIN;M;4881794;251164;940
2,02E+11;18;3;7;1225;1;2;6;1;6;17;THOREZ / LIBERATION;M;4880598;253356;940
2,02E+11;18;3;9;905;1;2;6;9;3;17;DE GAULLE / FLOREAL;M;4882694;250915;940
2,02E+11;18;3;9;1130;1;2;2;2;3;17;TREVISE / FAURE;M;4881118;255661;940
2,02E+11;18;3;14;820;1;2;2;1;3;17;CHARLES BAUDIN / BLANQUI;M;4881752;255521;940
2,02E+11;18;3;16;625;2;2;1;1;3;17;86 R DIDEROT;M;4881310;248883;940
2,02E+11;18;3;16;1510;1;2;2;1;3;17;MONUMENT / DUNKERQUE;M;4880761;253036;940
2,02E+11;18;3;14;1145;1;2;1;1;3;17;AV DE LA REPUBLIQUE;M;4881749;251174;940
2,02E+11;18;3;24;1220;1;2;1;1;6;17;11  BD DE STALINGRAD;M;4881731;250938;940
2,02E+11;18;4;1;1805;1;2;3;1;1;17;REPUBLIQUE / FOURNY;M;4881986;251119;940
2,02E+11;18;4;5;1300;1;2;1;1;6;17;R DE BERNAU;;;;940
2,02E+11;18;4;9;1320;1;2;2;2;3;17;STALINGRAD / WILS;M;4881722;250966;940
2,02E+11;18;4;11;40;5;2;1;1;6;17;106  BD DE STALINGRAD;M;4881890;250358;940
2,02E+11;18;4;12;1720;1;2;2;2;6;17;15 THOREZ / BERNAU;M;4881780;253909;940
2,02E+11;18;4;19;1735;1;2;9;1;3;17;1 AVENUE LE BOURSICAUD;M;4881642;249366;940
2,02E+11;18;4;21;1715;1;2;9;1;1;17;AV MAURICE THOREZ;M;4881780;253909;940
2,02E+11;18;5;1;1010;1;2;1;1;6;17;37  ROGER SALENGRO (AV);M;4881964;248634;940
2,02E+11;18;5;9;1930;1;2;7;1;3;17;GENERAL DE GAULLE (AV DU;M;4882698;250898;940
2,02E+11;18;5;17;905;1;2;1;8;4;17;165 VOIE S DE  LAUNAY;M;4881285;253111;940
2,02E+11;18;5;17;1920;1;2;9;1;6;17;53  PIERRE MARIE DERRIEN;M;4881740;248895;940
2,02E+11;18;5;31;910;1;2;1;8;3;17;51  BOIS L ABBE (R DU);M;4881043;254274;940
2,02E+11;18;5;31;1800;1;2;1;1;6;17;139  VERDUN (R DE);M;4881408;250405;940
2,02E+11;18;6;2;300;5;2;1;1;3;17;RUE LOUIS TALAMONI;M;4881366;251015;940
2,02E+11;18;6;5;2105;2;2;1;1;6;17;MAURICE THOREZ (AV);M;4881276;254173;940
2,02E+11;18;6;7;1340;1;2;1;1;4;17;869  MAURICE THOREZ (AV);M;4881002;253676;940
2,02E+11;18;6;14;830;1;2;1;1;2;17;114  GENERAL DE GAULLE (;M;4882298;249425;940
2,02E+11;18;6;16;1730;1;2;1;1;6;17;AMBROISE CROIZAT (AV);M;4881750;252715;940
2,02E+11;18;6;17;125;5;2;9;1;3;17;88  GENERAL DE GAULLE (A;M;4882221;249168;940
2,02E+11;18;6;20;1050;1;2;1;1;6;17;FRANCOIS MITTERRAND (AV);M;4881526;251577;940
2,02E+11;18;6;22;2345;5;2;1;1;7;17;102  GENERAL DE GAULLE (;M;4884313;249450;940
2,02E+11;18;6;25;1900;1;2;1;1;1;17;54  GENERAL DE GAULLE (A;M;4882160;248969;940
2,02E+11;18;6;26;120;5;2;1;1;6;17;STALINGRAD - PONT DE NOG;M;4883069;249320;940
2,02E+11;18;6;28;1625;1;2;1;1;6;17;57  CHARLES FLOQUET (R);M;4881520;248156;940
2,02E+11;18;6;25;2250;5;2;3;1;3;17;54  REPUBLIQUE (AV DE LA;M;4881980;251131;940
2,02E+11;18;7;30;600;2;2;1;1;6;17;Franзois Mittйrrand (ave;M;4881495;251735;940
2,02E+11;18;7;31;1720;1;2;1;1;5;17;GENERAL LECLERC (AV DU);M;4882840;251495;940
2,02E+11;18;8;1;1000;1;2;2;1;3;17;ORMEAUX (R DES);M;4881210;254792;940
2,02E+11;18;8;4;2300;5;2;1;1;6;17;GENERAL DE GAULLE (AV DU;M;4882318;249530;940
2,02E+11;18;8;11;1545;1;2;2;1;3;17;ALEXANDRE FOURNY (R);M;4881928;252692;940
2,02E+11;18;8;23;1600;1;2;1;1;6;17;REPUBLIQUE (AV DE LA);M;4881907;251140;940