Num_Acc;an;mois;jour;hrmn;lum;agg;int;atm;col;com;adr;gps;lat;long;dep
2,02E+11;18;5;5;1500;1;2;1;1;1;54;106  VICTOIRE (AV DE LA);M;4874539;238433;940
2,02E+11;18;4;13;1735;1;2;1;1;4;22;13  AV ANATOLE FRANCE;M;4876411;241021;940
2,02E+11;18;5;11;1603;1;2;3;1;6;22;176  VILLENEUVE ST GEORG;M;4875910;242310;940
2,02E+11;18;5;13;1516;1;2;1;1;6;22;RUE JEAN JAURES;M;4876558;241001;940
2,02E+11;18;5;11;1115;1;2;1;1;6;22;38  VICTOR HUGO (AV);M;4876803;241850;940
2,02E+11;18;5;18;2000;1;2;3;1;3;54;91 AV DE LA VICTOIRE;M;4874470;239465;940
2,02E+11;18;5;25;1515;1;2;3;1;3;22;27  ALLIES (BD DES);M;4876638;240397;940
2,02E+11;18;5;26;730;1;2;2;1;3;54;CHRISTOPHE COLOMB (R);M;4875481;241508;940
2,02E+11;18;5;26;2355;4;1;1;1;2;22;STALINGRAD (BD DE);M;4877318;240187;940
2,02E+11;18;6;2;2100;2;2;3;1;3;22;83 AVENUE VICTOR HUGO;M;4876929;242229;940
2,02E+11;18;6;5;2335;5;2;9;2;7;54;BAS MARIN (R DU);M;4874640;238360;940
2,02E+11;18;6;15;1530;1;2;3;1;3;54;BAS MARIN (R DU);M;4874758;238930;940
2,02E+11;18;6;19;2240;5;2;1;1;3;22;APPEL DU DIX HUIT JUIN;M;4876579;241047;940
2,02E+11;18;6;23;2320;5;1;1;1;4;479;RD167A;M;4873665;236476;910
2,02E+11;18;6;24;1045;1;2;2;1;6;22;ANATOLE FRANCE (AV);M;4875854;241291;940
2,02E+11;18;6;21;1120;1;2;1;1;6;22;26  VICTOR HUGO (AV);M;4876753;241708;940
2,02E+11;18;6;25;1650;1;2;1;1;6;22;4  JEAN JAURES (AV);M;4876547;240836;940
2,02E+11;18;7;6;720;1;2;9;1;3;22;58  ALFORTVILLE (AV D);M;4877140;241388;940
2,02E+11;18;7;25;1640;1;2;3;1;3;22;NEWBURN (AV DE);M;4875758;241007;940
2,02E+11;18;8;6;1954;1;2;1;1;6;22;ROLLIN REGNIER (R);M;4876860;240751;940
2,02E+11;18;8;6;1930;1;2;3;1;3;22;EDOUARD BRANLY (R);M;4875512;241970;940
2,02E+11;18;7;16;2218;3;2;3;1;3;22;39  REPUBLIQUE AVE DE LA;M;4875873;240934;940
2,02E+11;18;7;21;550;3;2;1;1;6;479;12 av aeroport -ORLYTEC;M;4873778;236431;910
2,02E+11;18;8;12;1650;1;2;3;1;1;22;VICTOR HUGO (AV);M;4876869;242078;940
2,02E+11;18;8;12;2210;5;2;9;2;3;22;STALINGRAD (BD DE);M;4877260;240034;940
2,02E+11;18;8;13;250;5;2;9;2;3;22;STALINGRAD (BD DE);M;4877380;239945;940
2,02E+11;18;8;13;1030;1;2;9;1;6;22;JEAN JAURES (AV);M;4876443;240590;940
2,02E+11;18;8;21;450;5;2;4;1;7;54;ROUTE CHARLES TILLON;M;4874612;238223;940
2,02E+11;18;8;31;1750;1;2;9;1;2;22;STALINGRAD (BD DE);M;4876724;240393;940
2,02E+11;18;9;6;320;5;2;1;1;2;78;PARIS (R DE);M;4873545;244684;940
2,02E+11;18;9;9;1912;1;2;2;1;3;22;LUGO (AV DE);M;4877336;240941;940
2,02E+11;18;9;10;2000;2;2;1;1;6;22;VOLTAIRE (QUAI);M;4876565;241174;940
2,02E+11;18;9;15;1820;1;2;3;1;5;22;ALFORTVILLE (AV D);M;4876867;241387;940
2,02E+11;18;9;20;1455;1;2;1;1;1;22;ALBERT 1ER (R);M;4875583;241243;940
2,02E+11;18;9;23;1440;1;2;2;2;3;22;DOCTEUR CHARCOT (AV);M;4877006;241813;940
2,02E+11;18;9;26;1745;1;1;1;1;6;22;VICTOR HUGO (AV);M;4876850;242023;940
2,02E+11;18;10;5;2010;5;2;2;1;3;54;MARCEL CACHIN (AV);M;4875027;241317;940
2,02E+11;18;10;6;710;5;2;1;1;4;22;ALLIES (BD DES);M;4876466;240511;940
2,02E+11;18;10;7;50;5;2;1;1;1;54;BAS MARIN (R DU);M;4874861;238986;940
2,02E+11;18;10;11;1005;1;2;5;1;3;22;LEON GOURDAULT (AV);M;4876425;240551;940
2,02E+11;18;10;11;1755;1;2;1;1;6;22;APPEL DU DIX HUIT JUIN 1;M;4876584;241045;940
2,02E+11;18;10;16;1245;1;2;1;1;2;22;APPEL DU DIX HUIT JUIN 1;M;4876622;241184;940
2,02E+11;18;10;16;1820;1;2;1;1;6;22;JEAN JAURES (av;M;4876553;241018;940
2,02E+11;18;10;17;1255;1;2;9;1;3;22;DEMANIEUX (R);M;4877290;240197;940
2,02E+11;18;10;19;1828;1;2;1;1;6;22;ANATOLE FRANCE (AV);M;4876036;241171;940
2,02E+11;18;10;24;1020;1;2;3;1;2;54;SAULES (VOI DES);M;4874712;241615;940
2,02E+11;18;10;24;2200;5;2;1;1;3;22;MARECHAL DE LATTRE DE TA;M;4875429;240530;940
2,02E+11;18;10;28;1230;1;2;1;1;6;54;HENRI BARBUSSE (AV);M;4874064;238887;940
2,02E+11;18;11;2;1605;1;2;2;1;3;22;VICTOR HUGO (AV);M;4876704;241433;940
2,02E+11;18;11;2;1815;5;2;3;1;6;22;FOLIE (AV DE LA);M;4877201;241494;940
2,02E+11;18;11;5;740;2;2;1;1;6;22;ALLIES (BD DES);M;4886272;228759;940
2,02E+11;18;11;5;1715;1;2;1;1;6;54;DOCTEUR CALMETTE (R DU);M;4874995;240706;940
2,02E+11;18;11;9;1840;5;2;9;1;3;54;CHARLES TILLON (route);M;4873992;238970;940
2,02E+11;18;11;10;1230;1;2;3;2;2;54;MARECHAL DE LATTRE (AV);M;4875660;240460;940
2,02E+11;18;11;10;1516;1;2;3;8;3;22;VINGT CINQ AOUT 1944 (AV;M;4876309;240139;940
2,02E+11;18;11;1;800;2;2;9;1;4;22;DEMANIEUX (R);M;4877321;240179;940
2,02E+11;18;11;16;2340;5;2;1;1;5;22;JULES GUESDE (QU);M;4877354;240997;940
2,02E+11;18;11;17;2050;5;2;9;1;3;54;CHARLES TILLON (route);M;4874620;237052;940
2,02E+11;18;11;15;940;1;2;1;1;3;54;MARCEL CACHIN (AV);M;4875123;241346;940
2,02E+11;18;11;25;1725;4;2;2;1;3;54;BAS MARIN (R DU);M;4875210;238770;940
2,02E+11;18;11;30;2140;5;2;1;1;6;22;JEAN JAURES (AV);M;4876528;240881;940
2,02E+11;18;11;30;2235;5;1;1;1;4;54;AEROPORT (AVENUE DEL');M;4873751;236438;940
2,02E+11;18;12;3;1405;1;2;2;2;6;22;JEAN JAURES (AV);M;4876459;240595;940
2,02E+11;18;12;4;1220;1;2;3;1;2;22;ALFORTVILLE (AV D);M;4876879;241375;940
2,02E+11;18;12;7;2319;5;2;3;1;3;22;ALFORTVILLE (AV D);M;4877299;241460;940
2,02E+11;18;12;11;840;1;2;1;1;6;22;MARECHAL DE LATTRE DE TA;M;4876028;240634;940
2,02E+11;18;12;19;840;1;2;1;2;6;22;VICTOR HUGO (AV);M;4876930;242210;940
2,02E+11;18;12;19;2345;5;2;2;1;3;73;DOCTEUR MARIE (R DU);M;4874611;236956;940
2,02E+11;18;12;23;1900;5;1;1;2;3;22;STALINGRAD (BD DE);M;4877367;240036;940
2,02E+11;18;1;2;1125;1;2;1;1;6;28;09  R MARC SEGUIN;M;4878550;243400;940
2,02E+11;18;1;2;2015;5;2;3;2;3;28;COTONOU/MITTERAND;M;4876818;246981;940
2,02E+11;18;1;3;1710;5;2;1;1;6;28;RUE JULIETTE SAVAR;M;4878515;246292;940
2,02E+11;18;1;3;1820;5;2;2;2;3;28;PORT/CHERET;M;4880007;246640;940
2,02E+11;18;1;4;1330;1;2;3;2;3;28;MECHES/MESLY;M;4879271;245922;940
2,02E+11;18;1;8;1528;1;2;6;7;3;11;MONNET/HOTTI (RP DUNANT);M;4875682;248330;940
2,02E+11;18;1;8;1540;1;2;3;1;6;11;CLAVIZIS/MARAIS;M;4877030;248374;940
2,02E+11;18;1;11;1215;1;2;2;2;3;28;DE GAULLE/EDISON;M;4879774;244826;940
2,02E+11;18;1;16;1710;5;2;1;2;6;28;Parking CC Creteil Solei;M;4877852;245769;940
2,02E+11;18;1;18;5;5;2;6;2;6;11;103  PARIS / OUEST;M;4878010;247587;940
2,02E+11;18;1;19;745;3;2;1;1;6;11;64  AV DE CHOISY;M;4877110;247724;940
2,02E+11;18;1;21;55;5;2;1;2;6;28;RTE DE LA POMPADOUR;M;4876941;246059;940
2,02E+11;18;1;21;1825;4;2;6;2;3;28;CARREFOUR POMPADOUR;M;4877471;243936;940
2,02E+11;18;1;22;840;1;2;2;2;3;11;CARR DE LA BALLASTIERE;M;4876305;247944;940
2,02E+11;18;1;24;1710;1;2;1;1;6;28;AV DE LA BRECHE;M;4878374;245456;940
2,02E+11;18;1;27;1025;1;2;1;2;3;11;PARKING CC LECLERC;M;4876528;248949;940
2,02E+11;18;1;28;1835;5;2;3;8;6;28;OUDRY / CASCADES;M;4876940;246134;940
2,02E+11;18;1;29;1120;1;2;1;1;4;11;RHIN ET DANUBE;M;4877154;249011;940
2,02E+11;18;1;12;1920;5;2;2;1;3;28;CHERET/PINSONS;M;4880581;245545;940
2,02E+11;18;1;30;1600;1;2;2;1;6;28;MECHES / PARIS;M;4879352;246071;940
2,02E+11;18;1;31;1030;1;2;1;8;6;28;RTE DE CHOISY;M;4878995;245260;940
2,02E+11;18;2;2;1450;1;2;2;8;6;28;TASSIGNY/CHAMPEVAL;M;4879765;245622;940
2,02E+11;18;2;6;1555;1;2;1;4;6;28;20  RUE LATERALE;M;4880502;246279;940
2,02E+11;18;2;8;1737;1;2;1;8;6;28;AV BERNARD HALPERN;M;4878552;245748;940
2,02E+11;18;2;16;1010;1;2;3;1;6;28;CHERET/RAMPE;M;4880520;245725;940
2,02E+11;18;2;18;1845;4;2;1;1;6;11;AVENUE DE BOISSY;M;4877027;248587;940
2,02E+11;18;2;20;1110;1;2;3;1;4;28;MESLY/JOLY;M;4879008;246093;940
2,02E+11;18;2;25;2320;5;2;1;1;6;28;RUE DE LA BASSE QUINTE;M;4877315;243996;940
2,02E+11;18;2;27;1100;1;2;1;1;3;28;79  AV DU MAL TASSIGNY;M;4880082;245037;940
2,02E+11;18;3;6;920;1;2;1;1;3;28;AV LAFERRIERE;M;4879960;245420;940
2,02E+11;18;3;7;1433;1;2;1;2;2;11;AV DU MAL LECLERC;M;4877385;248793;940
2,02E+11;18;3;8;950;1;2;6;1;3;28;CARREFOUR POMPADOUR;M;4877481;243933;940
2,02E+11;18;3;8;1745;1;2;1;3;5;28;78  GAULLE(AVENUE DU GEN;M;4879738;244836;940
2,02E+11;18;3;15;1210;1;2;1;1;3;28;AV DE VERDUN;M;4879958;246811;940
2,02E+11;18;3;15;1640;1;2;1;1;2;28;RTE DE CHOISY;M;4878782;245064;940
2,02E+11;18;3;16;1220;1;2;6;1;3;28;CARREFOUR POMPADOUR;M;4877405;243960;940
2,02E+11;18;3;23;1500;1;2;1;8;3;11;7  ALL D BALAVOINE;M;4877388;248656;940
2,02E+11;18;3;29;1635;1;2;1;1;6;28;AV DE LA FRANCE LIBRE;M;4877950;245508;940
2,02E+11;18;3;29;1945;1;2;3;2;6;11;0  ROSTAND.(RUE JEAN);M;4876760;248630;940
2,02E+11;18;4;3;1245;1;2;1;8;6;11;RUE DU RHIN ET DANUBE;M;4877184;249015;940
2,02E+11;18;4;6;1345;1;2;9;1;2;28;AVENUE DU GENERAL GAULLE;M;4878202;245712;940
2,02E+11;18;4;7;1030;1;2;3;1;6;28;PARE/DE GAULLE;M;4878770;244634;940
2,02E+11;18;4;15;1830;1;2;3;1;6;28;HABETTE/FRANCK;M;4877431;246717;940
2,02E+11;18;4;16;1450;1;2;1;1;6;28;AV LIBERATION;M;4877765;245701;940
2,02E+11;18;4;16;1855;1;2;1;1;2;28;AVENUE BERNARD HALPERN;M;4879242;244535;940
2,02E+11;18;4;17;1952;1;2;6;1;2;28;SAUSSAIE DU BAN/LOPES;M;4876779;245544;940
2,02E+11;18;4;17;2310;5;2;1;1;7;28;AVENUE DE VERDUN;M;4879976;247007;940
2,02E+11;18;4;18;805;1;2;2;7;6;11;SEMARD/ROSTANG;M;4876507;248077;940
2,02E+11;18;4;18;2250;5;2;2;1;3;28;PARIS/MECHES;M;4879434;246021;940
2,02E+11;18;4;21;1715;1;2;6;1;6;11;GLANE/MOULIN;M;4876910;248158;940
2,02E+11;18;4;24;2125;5;2;3;1;1;28;POUSSIN/RADOT;M;4878366;244236;940
2,02E+11;18;4;25;910;1;2;1;1;7;28;ROUTE DE CHOISY;M;4878663;244991;940
2,02E+11;18;4;27;1845;1;2;6;1;3;28;POMPADOUR/POUILLON;M;4876660;247205;940
2,02E+11;18;4;30;1325;1;2;3;2;3;28;MESLY/D'ORVES;M;4879120;246032;940
2,02E+11;18;4;28;1900;1;2;2;1;3;28;SAVAR/CARDINAUD;M;4878192;246464;940
2,02E+11;18;4;30;2033;2;2;1;2;6;28;.AVENUE BERNARD HALPERN;M;4876924;246455;940
2,02E+11;18;5;2;750;1;2;1;7;6;28;MATISSE(RUE HENRI);M;4878242;246019;940
2,02E+11;18;4;29;2245;5;2;2;3;6;28;SULLY/SARRAZINS;M;4876821;247324;940
2,02E+11;18;5;2;1130;1;2;1;1;3;28;SAINT-SIMON.(RUE ET VILL;M;4879480;244950;940
2,02E+11;18;5;7;1200;1;2;1;1;6;28;40 AV CHEMIN DE MESLY;M;4878845;245997;940
2,02E+11;18;5;8;510;5;2;1;1;6;28;CARREFOUR POMPADOUR;M;4877451;243898;940
2,02E+11;18;5;9;1530;1;2;2;1;6;11;AVENUE DE BOISSY;M;4877099;248514;940
2,02E+11;18;5;10;1744;1;2;1;1;3;28;ROUTE DE CHOISY;M;4877690;244147;940
2,02E+11;18;5;17;945;1;2;1;1;3;28;AVENUE DU MAL FOCH;M;4878120;243726;940
2,02E+11;18;5;19;1140;1;2;1;1;2;28;2 AV DU MAL DE TASSIGNY;M;4879753;245638;940
2,02E+11;18;5;21;1315;1;2;1;1;6;28;RUE DES MECHES;M;4879285;245858;940
2,02E+11;18;5;25;1015;1;2;1;7;6;11;ORADOUR SUR GLANE(AVENUE;M;4876875;248134;940
2,02E+11;18;5;28;650;1;2;1;1;3;28;37 B  VERDUN.(AVENUE DE);M;4879624;246351;940
2,02E+11;18;5;31;635;1;2;1;1;3;28;02  MARAIS(CHEMIN DES);M;4877690;243316;940
2,02E+11;18;6;1;630;1;2;1;1;1;11;34 RUE DU MOULIN BATEAU;M;4878277;249985;940
2,02E+11;18;6;1;1000;1;2;1;1;2;28;0  CHOISY(ROUTE DE);M;4878398;244734;940
2,02E+11;18;6;1;1555;1;2;9;1;6;28;CHAMPEVAL(AVE JEAN-BAPTI;M;4879369;245603;940
2,02E+11;18;6;11;1430;1;2;9;2;3;28;PARE(RUE AMBROISE);M;4878740;244628;940
2,02E+11;18;6;11;1740;1;2;1;9;6;28;SARRAZINS (RUE DES);M;4876824;247209;940
2,02E+11;18;6;11;1940;1;2;2;1;3;11;12  BOUGLIONE(RUE);M;4876895;248538;940
2,02E+11;18;6;15;40;5;2;1;1;2;28;7   F MITTERRAND (R);M;4876983;246349;940
2,02E+11;18;6;15;1020;1;2;1;8;6;28;101  DE GAULLE (AV);M;4877805;245785;940
2,02E+11;18;6;15;2010;2;2;1;1;2;28;13  ANTOINE LAVOISIER (R;M;4879004;244581;940
2,02E+11;18;6;18;2202;5;2;2;1;6;11;DIX NEUF MARS 1962(RUE D;M;4877342;249002;940
2,02E+11;18;6;20;845;1;2;2;1;3;11;JEAN ROSTAND (R);M;4876674;248452;940
2,02E+11;18;6;22;1850;1;2;1;1;6;28;POMPADOUR(CARREFOUR);M;4877352;243645;940
2,02E+11;18;6;25;1810;1;2;1;1;3;28;12 RUE DU LAC;M;4877163;245867;940
2,02E+11;18;6;22;2353;5;2;1;1;5;11;05  DIX NEUF MARS 1962(R;M;4877438;248981;940
2,02E+11;18;6;26;1510;1;2;3;1;3;28;GAULLE(AVENUE DU GEN;M;4878036;245701;940
2,02E+11;18;6;27;2020;1;2;6;1;2;28;FERNAND POUILLON (R);M;4876705;247203;940
2,02E+11;18;6;28;1815;1;2;1;7;2;11;MAL LECLERC (AV);M;4877336;249300;940
2,02E+11;18;6;30;1215;1;2;1;1;2;28;ECHAT(RUE DE L');M;4879950;244890;940
2,02E+11;18;7;30;1301;1;2;6;1;2;28;Duvauchelle (R);M;4876826;245814;940
2,02E+11;18;8;5;700;1;2;9;1;7;28;POMPADOUR(CARREFOUR);M;4877445;243904;940
2,02E+11;18;7;30;1345;1;2;1;1;6;11;STAINS(ROUTE DE);M;4878223;250469;940
2,02E+11;18;8;12;1430;1;2;1;1;2;28;MECHES.(RUE DES);M;4879225;245768;940
2,02E+11;18;8;17;905;1;2;1;1;6;28;FRANCE LIBRE(AVENUE DE L;M;4877000;245000;940
2,02E+11;18;8;20;1750;1;2;1;1;6;28;POMPADOUR(ROUTE DE LA);M;4877434;243876;940
2,02E+11;18;8;23;1500;1;2;3;7;3;28;GAULLE(AVENUE DU GENERAL;M;4878045;245750;940
2,02E+11;18;8;29;1640;1;2;3;1;3;28;HAUTE QUINTE(RUE DE LA);M;4877324;243978;940
2,02E+11;18;8;30;1145;1;2;9;1;3;11;SEMARD(RUE PIERRE);M;4875879;248122;940
2,02E+11;18;9;1;1720;1;2;9;1;3;11;SEMARD(RUE PIERRE);M;4875882;248125;940
2,02E+11;18;9;5;1255;1;2;6;1;6;28;POMPADOUR(CARREFOUR);M;4877419;243995;940
2,02E+11;18;8;2;1145;1;2;1;1;2;11;SEMARD(RUE PIERRE);M;4875985;248018;940
2,02E+11;18;9;7;1650;1;2;1;1;3;28;POMPADOUR(CARREFOUR);M;4877296;243439;940
2,02E+11;18;9;7;1710;1;2;3;1;3;28;ARCOS.(RUE RENE);M;4877781;246260;940
2,02E+11;18;9;8;1150;1;2;9;1;6;28;BROSSOLETTE(AV PIERRE);M;4879114;246222;940
2,02E+11;18;9;23;1530;1;2;1;3;1;28;BLEUETS(RUE DES);M;4880366;245330;940
2,02E+11;18;9;24;1015;1;2;6;1;3;11;SEMARD(RUE PIERRE);M;4876000;247000;940
2,02E+11;18;9;27;1530;1;2;1;1;6;28;CHOISY(ROUTE DE);M;4879016;245265;940
2,02E+11;18;9;29;1145;1;2;9;1;3;28;FOCH(AVENUE DU MARECHAL);M;4878453;243657;940
2,02E+11;18;10;1;945;1;2;3;1;1;11;RHIN ET DANUBE(RUE DU);M;4877298;249076;940
2,02E+11;18;10;4;1030;1;2;1;1;3;11;RESISTANCE (MAIL);M;4876663;248454;940
2,02E+11;18;10;5;1945;5;2;9;1;3;28;TASSIGNY(AVE DU MARECHAL;M;4879527;245904;940
2,02E+11;18;10;8;1340;1;2;1;1;3;11;CHOISY.(AVENUE DE);M;4877066;248553;940
2,02E+11;18;10;11;1900;3;1;1;2;4;28;DEPARTEMENTALE(VOIE);M;4879189;244720;940
2,02E+11;18;10;11;2025;5;2;1;2;6;28;POMPADOUR(ROUTE DE LA);M;4877000;245760;940
2,02E+11;18;10;12;1225;1;2;9;1;3;28;POMPADOUR(CARREFOUR);M;4877700;243870;940
2,02E+11;18;10;19;805;1;2;1;1;6;28;DUHAMEL(RUE GEORGES);M;4877700;246900;940
2,02E+11;18;10;24;1945;5;2;3;1;3;28;PASTEUR VALERY RADOT(IMP;M;4878941;244858;940
2,02E+11;18;10;12;500;4;2;1;1;4;11;SEMARD(RUE PIERRE);M;4876130;248346;940
2,02E+11;18;10;26;2040;5;2;1;1;2;28;TASSIGNY(AVE DU MARECHAL;M;4880105;245028;940
2,02E+11;18;10;30;1230;1;2;1;8;2;28;GAULLE(AVENUE DU GENERAL;M;4878600;244770;940
2,02E+11;18;11;2;2150;5;2;1;1;6;28;LAFERRIERE(AV);M;4880300;246106;940
2,02E+11;18;11;5;1420;1;2;2;1;3;28;JULIETTE SAVAR(R);M;4877710;246730;940
2,02E+11;18;11;5;1710;2;2;1;1;2;28;FOCH(AVENUE DU MARECHAL);M;4877790;243850;940
2,02E+11;18;11;6;1350;1;2;1;1;6;28;SAINT-SIMON.(RUE ET VILL;M;4879457;244544;940
2,02E+11;18;11;6;1706;1;2;1;1;6;28;LAFERRIERE(AVENUE);M;4880084;245718;940
2,02E+11;18;11;8;1355;1;2;1;1;6;28;HENRI MATISSE (R);M;4878284;246271;940
2,02E+11;18;11;10;1843;5;2;1;1;6;11;ORADOUR SUR GLANE(AV);M;4876902;248148;940
2,02E+11;18;11;13;1235;1;2;6;1;3;28;RESISTANCE ET DEPORTATIO;M;4877752;245530;940
2,02E+11;18;11;14;1404;1;2;1;1;6;11;RHIN ET DANUBE(RUE DU);M;4877109;249001;940
2,02E+11;18;11;17;830;1;2;2;1;3;11;STAINS (ROUTE DE);M;4878235;249516;940
2,02E+11;18;11;22;1845;5;2;1;2;2;28;FOCH(AVENUE DU MARECHAL);M;4877258;243990;940
2,02E+11;18;11;23;1530;1;2;2;8;3;28;CHOISY(ROUTE DE);M;4877672;244150;940
2,02E+11;18;11;24;1450;1;2;1;2;2;28;BROSSOLETTE(AVENUE PIERR;M;4879066;246300;940
2,02E+11;18;11;22;610;5;2;1;2;7;28;BROSSOLETTE(AVENUE PIERR;M;4878901;246628;940
2,02E+11;18;12;2;1800;5;2;9;1;3;28;MECHES.(RUE DES);M;4879270;245928;940
2,02E+11;18;12;3;200;5;2;1;2;6;11;BOISSY.(AVENUE DE);M;4876122;249686;940
2,02E+11;18;12;7;1950;5;2;3;1;3;28;ARCOS.(RUE RENE);M;4877788;246256;940
2,02E+11;18;12;11;242;5;2;1;1;6;11;GROSS(RUE AUGUSTE);M;4876670;248330;940
2,02E+11;18;12;14;1430;1;2;3;1;6;28;VERDUN.(AVENUE DE);M;4879375;246114;940
2,02E+11;18;12;19;1740;5;1;1;1;6;28;POMPADOUR(CARREFOUR);M;4877412;243991;940
2,02E+11;18;12;19;1730;5;2;1;1;3;11;PARIS(AVENUE DE);M;4878063;247517;940
2,02E+11;18;12;20;1820;3;2;9;1;6;28;LESCOT(RUE PIERRE);M;4877769;246517;940
2,02E+11;18;12;23;2325;5;2;9;2;6;28;NEUVE(RUE);M;4880160;245495;940
2,02E+11;18;12;24;1730;5;2;2;1;3;11;ROSTAND.(RUE JEAN);M;4876600;248400;940
2,02E+11;18;12;27;225;5;2;1;1;6;28;MECHES.(RUE DES);M;4879389;246091;940
2,02E+11;18;12;29;1050;1;2;1;1;6;28;FOCH(AVENUE DU MARECHAL);M;4877590;243875;940
2,02E+11;18;1;5;1105;1;2;1;8;6;33;16  R RASPAIL;M;4884905;246791;940
2,02E+11;18;1;8;1750;2;2;1;1;1;33;10  R DE LA MAISON ROUGE;M;4884981;246544;940
2,02E+11;18;1;16;1345;1;2;1;2;1;33;66  AV ERNEST RENAN;M;4885427;248805;940
2,02E+11;18;1;25;1630;1;2;1;2;4;33;AV LOUISON BOBET;M;4885257;248963;940
2,02E+11;18;1;26;2300;5;2;1;8;6;33;12  MARE A GUILLAUME;M;4885428;248438;940
2,02E+11;18;2;14;1915;5;2;5;2;6;33;VERDUN/JOFFRE;M;4885359;246986;940
2,02E+11;18;2;15;1010;1;2;3;2;4;33;JOFFRE/BEAUMARTCHAIS;M;4885368;247467;940
2,02E+11;18;3;21;2010;5;2;3;1;3;33;STALINGRAD / SOLIDARITE;M;4885272;244925;940
2,02E+11;18;3;27;2300;5;2;1;1;2;33;AV DU MARECHAL JOFFRE;M;4885280;247756;940
2,02E+11;18;3;29;815;1;2;2;1;3;33;VERDUN / BERT;M;4885120;247443;940
2,02E+11;18;4;3;2230;5;2;6;1;2;33;FONTAINE/TIMBAUD;M;4885822;247508;940
2,02E+11;18;4;11;820;1;2;1;1;3;33;10  AV VAL DE FONTENAY;M;4885315;248723;940
2,02E+11;18;4;26;1545;1;2;1;1;2;33;102  BD DE VERDUN;M;4885551;246798;940
2,02E+11;18;5;3;2115;5;2;2;1;6;33;1  MOREAU DAVID (PL);M;4884361;246599;940
2,02E+11;18;5;18;1750;1;2;1;1;6;33;26 RUE LOUIS AUROUX;M;4885476;249562;940
2,02E+11;18;5;29;1750;1;2;1;1;6;33;MARECHAL DE LATTRE DE TA;M;4885470;249293;940
2,02E+11;18;6;2;1430;1;2;2;1;3;33;RUE DU CLOS D ORLEANS;M;4884255;247206;940
2,02E+11;18;6;11;1850;1;2;1;2;6;33;23  DAME BLANCHE (AV DE;M;4884448;245672;940
2,02E+11;18;6;12;900;1;2;1;2;3;33;233  REPUBLIQUE (AV DE L;M;4885258;246641;940
2,02E+11;18;6;14;2150;2;2;2;1;3;33;PARMENTIER (AV);M;4885361;245241;940
2,02E+11;18;6;15;2210;5;2;1;1;3;33;154  REPUBLIQUE (AV DE L;M;4885240;246236;940
2,02E+11;18;6;20;1715;1;2;1;1;6;33;54  COMMANDANT JEAN DUHA;M;4884376;246618;940
2,02E+11;18;6;27;1845;1;2;1;1;6;33;20  NUNGESSER (R);M;4885146;244828;940
2,02E+11;18;7;7;2030;1;2;1;1;6;33;70  VERDUN (BD DE);M;4885390;246971;940
2,02E+11;18;7;7;1128;1;2;7;1;6;33;4 BIS  CHARLES GARCIA (A;M;4885355;248249;940
2,02E+11;18;7;30;1815;1;2;1;1;6;33;ROGER SALENGRO (R);M;4885139;248707;940
2,02E+11;18;8;3;1450;1;2;1;1;3;33;MARECHAL DE LATTRE DE TA;M;4885714;249160;940
2,02E+11;18;8;24;1640;1;2;1;1;6;33;MARECHAL JOFFRE (AV DU);M;4885251;248540;940
2,02E+11;18;9;2;2050;1;2;1;1;2;33;CARNOT (R);M;4885296;249088;940
2,02E+11;18;9;10;740;1;2;2;1;3;33;TRUCY (R DE);M;4885217;245371;940
2,02E+11;18;9;11;25;5;2;2;1;3;33;25 AOUT 1944 (BD DU);M;4884738;247869;940
2,02E+11;18;9;25;2155;5;2;4;1;3;33;MARECHAL DE LATTRE DE TA;M;4885784;249151;940
2,02E+11;18;10;8;1830;1;2;1;1;6;33;ANDRE TESSIER (R);M;4885146;247098;940
2,02E+11;18;10;15;2000;5;2;1;1;6;33;MAIRIE (R DE LA);M;4884675;247233;940
2,02E+11;18;10;31;830;1;2;2;1;3;33;LOUISON BOBET (AV);M;4885238;248934;940
2,02E+11;18;11;2;845;1;2;4;1;2;33;BD DE VERDUN;M;4885439;246864;940
2,02E+11;18;11;6;1205;1;2;1;1;6;33;VERDUN (BD DE);M;4885230;247202;940
2,02E+11;18;11;12;1845;5;2;3;1;3;33;25 AOUT 1944 (BLD DU);M;4884634;247882;940
2,02E+11;18;11;13;1423;1;2;6;1;2;33;LOUISON BOBET (AV);M;4885527;249074;940
2,02E+11;18;11;17;1950;3;2;1;1;2;33;PARMENTIER (AV);M;4885274;244939;940
2,02E+11;18;11;18;1935;5;2;2;1;1;33;DALAYRAC (R);M;4884903;245990;940
2,02E+11;18;11;28;2200;5;2;2;2;3;33;VERDUN (BD DE);M;4885118;247429;940
2,02E+11;18;12;5;1600;1;2;1;1;3;33;CARNOT (R);M;4885349;249209;940
2,02E+11;18;1;3;1225;1;2;1;2;4;3;12  PAUL VAILLANT COUTUR;M;4880361;233816;940
2,02E+11;18;1;4;1445;1;2;6;2;3;43;85  AV DE FONTAINEBLEAU;M;4881004;236212;940
2,02E+11;18;1;10;1825;5;2;1;1;3;43;25 ter  AV EUGENE THOMAS;M;4848355;221332;940
2,02E+11;18;1;11;820;2;2;2;2;6;3;JAURES / STALINGRAD;M;4881086;233875;940
2,02E+11;18;1;11;1410;1;2;2;8;6;76;47  AV KARL MARX;M;4878447;236201;940
2,02E+11;18;1;11;1815;2;2;1;1;6;3;39  G MALLERET JOINVILLE;M;4880333;234136;940
2,02E+11;18;1;12;1810;5;2;1;1;6;76;01  R JEAN MERMOZ;M;4878183;235858;940
2,02E+11;18;1;15;1815;5;2;2;2;6;3;DURAND / LAPLACE;M;4880855;233057;940
2,02E+11;18;1;18;630;5;2;2;2;6;16;DELAGE / GEORGEON;M;4879262;233695;940