Num_Acc;an;mois;jour;hrmn;lum;agg;int;atm;col;com;adr;gps;lat;long;dep
2,02E+11;18;1;19;720;2;2;1;1;6;76;141  AV DE PARIS;M;4880057;236520;940
2,02E+11;18;1;21;1334;1;2;2;2;3;76;109  STALINGRAD;M;4877968;236744;940
2,02E+11;18;1;20;2320;5;2;2;1;6;16;WILSON / CARNOT;M;4879658;233107;940
2,02E+11;18;1;21;2345;5;2;3;2;6;37;BERTHELOT / RASPAIL;M;4881280;234689;940
2,02E+11;18;1;29;900;1;2;1;2;2;76;66  R GUY MOCQUET;M;4879770;235768;940
2,02E+11;18;1;29;1230;1;2;1;1;3;76;25  BD MAXIME GORKI;M;4879786;236776;940
2,02E+11;18;1;31;800;4;2;3;2;6;16;15  R MARX DORMOY;M;4879408;233255;940
2,02E+11;18;2;4;1220;1;2;1;1;3;43;130  AV DE FONTAINEBLEAU;M;4880766;236299;940
2,02E+11;18;2;12;1800;2;2;2;8;6;3;BERTHOLLET/DURAND;M;4880440;232915;940
2,02E+11;18;2;13;1010;1;2;2;9;3;76;COQUETTES/VANZETTI;M;4880551;235993;940
2,02E+11;18;2;14;1030;1;2;1;8;2;76;15  AV DE PARIS;M;4880646;236336;940
2,02E+11;18;2;16;1335;1;2;2;1;1;3;COUTURIER/PERI;M;4880006;234276;940
2,02E+11;18;2;16;1445;1;2;3;1;5;76;GORKI/COMMUNE;M;4879038;236915;940
2,02E+11;18;2;16;1730;1;2;3;1;1;76;VARLIN/COUTURIER;M;4879460;236294;940
2,02E+11;18;2;17;2150;5;2;3;1;2;37;PERI/MAISONS;M;4880554;234509;940
2,02E+11;18;2;18;1645;1;2;1;1;6;16;22  RUE GALLIENI;M;4879593;233242;940
2,02E+11;18;2;19;1810;2;2;6;2;7;16;LECLERC/TASSIGNY;M;4879033;233149;940
2,02E+11;18;2;20;1620;1;2;2;1;1;76;ALLENDE/VERDUN;M;4879500;235435;940
2,02E+11;18;2;27;1215;1;2;4;4;7;76;VEROLLOT/BABEUF;M;4880794;236732;940
2,02E+11;18;2;28;1105;1;2;1;1;6;43;18  AV DE FONTAINEBLEAU;M;4881490;236073;940
2,02E+11;18;4;3;1740;1;2;1;2;6;16;5  R CAMILLE DESMOULINS;M;4879431;233436;940
2,02E+11;18;4;3;1825;1;2;3;1;1;43;GERY/PARKING;M;4880617;235797;940
2,02E+11;18;4;5;925;1;2;6;2;3;43;FONTAINEBLEAU/MICHELET;M;4880989;236234;940
2,02E+11;18;4;6;855;1;2;4;1;3;3;BRIAND/MANDELA;M;4881132;232740;940
2,02E+11;18;4;6;1725;1;2;1;1;6;16;9  AV DE L'EUROPE;M;4878640;232849;940
2,02E+11;18;4;7;1905;1;2;1;1;3;3;38  R DIV LECLERC;M;4880392;233721;940
2,02E+11;18;4;8;1020;1;2;1;1;3;16;26  COUSIN DE MERICOURT;M;4879673;233429;940
2,02E+11;18;4;10;2130;5;2;1;2;1;76;17 AV P. V. COUTURIER;M;4879479;236423;940
2,02E+11;18;4;11;805;1;2;1;7;6;43;42 R DE LA CONVENTION;M;4886272;228759;940
2,02E+11;18;4;18;2145;5;2;1;1;3;76;15  PAUL VAILLANT COUTUR;M;4879480;236402;940
2,02E+11;18;4;19;2005;1;2;2;1;6;43;36  CONVENTION / LECLERC;M;4881217;235790;940
2,02E+11;18;4;20;1045;1;2;1;1;6;43;78  R GENERAL LECLERC;M;4881030;235801;940
2,02E+11;18;4;20;1915;1;2;1;1;7;76;54  AV DE STALINGRAD;M;4878590;236682;940
2,02E+11;18;4;22;351;5;2;6;1;6;3;22  AV ARISTIDE BRIAND;M;4880910;232633;940
2,02E+11;18;4;22;1015;1;2;1;1;6;16;12  R ALBERT CAMUS;M;4878777;233197;940
2,02E+11;18;4;24;730;1;2;1;1;6;3;23  R ERNEST RENAN;M;4880879;233464;940
2,02E+11;18;4;24;1935;1;2;1;1;6;16;30  AV DUMOTEL;M;4879260;233503;940
2,02E+11;18;4;27;2050;2;2;1;1;4;43;19  R ELISEE RECLUS;M;4881485;235637;940
2,02E+11;18;4;30;1520;1;2;3;2;3;43;07  MICHELET / REPOS;M;4881030;236313;940
2,02E+11;18;5;2;1710;2;2;2;1;3;43;159  GABRIEL PERI (R);M;4886272;228759;940
2,02E+11;18;5;4;1320;1;2;1;1;3;76;53  MAXIME GORKI (BD);M;4879550;236864;940
2,02E+11;18;5;4;1700;1;2;1;1;6;76;61  AV DE LA REPUBLIQUE;M;4878842;236066;940
2,02E+11;18;5;4;2235;5;2;1;1;6;43;17  FONTAINEBLEAU (AV DE;M;4881491;236086;940
2,02E+11;18;5;6;1706;1;2;1;1;3;43;17 AV CHARLES GIDE;M;4880723;235566;940
2,02E+11;18;5;8;1800;1;2;3;1;1;76;20 RUE MICHELET;M;4880109;234995;940
2,02E+11;18;5;18;1837;1;2;2;1;5;76;31 BD MAXIME GORKI;M;4879746;236806;940
2,02E+11;18;5;19;1010;1;2;2;1;3;43;26 AV DE FONTAINEBLEAU;M;4881459;236055;940
2,02E+11;18;5;20;2145;5;2;1;1;6;76;6  FRANCOIS BILLOUX (R);M;4880218;355479;940
2,02E+11;18;5;21;1500;1;2;1;1;6;76;AVENUE DE STALINGRAD;M;4878560;236685;940
2,02E+11;18;5;25;917;1;2;1;1;6;3;56  VLADIMIR ILLITCH LEN;M;4881170;233101;940
2,02E+11;18;5;25;1950;3;2;1;8;6;3;21  ARISTIDE BRIAND (AV);M;4880946;232680;940
2,02E+11;18;5;26;1530;1;2;2;8;3;43;47 RUE GABRIEL PERI;M;4881244;235317;940
2,02E+11;18;5;28;1450;1;2;1;1;2;37;4  PLATANES (ALL DES);M;4881603;235399;940
2,02E+11;18;5;28;1630;1;2;2;1;6;43;1  PASTEUR (R);M;4881505;236089;940
2,02E+11;18;5;29;925;1;2;1;1;6;3;27  MARX DORMOY (AV);M;4880970;232120;940
2,02E+11;18;5;31;1030;1;2;2;1;3;76;53  STALINGRAD (AV DE);M;4878490;236726;940
2,02E+11;18;6;1;1637;1;2;1;8;6;76;28  SEVERINE (R);M;4880330;236868;940
2,02E+11;18;6;4;920;1;2;1;1;6;37;14 AVENUE JEAN JAURES;M;4881410;234981;940
2,02E+11;18;5;26;1740;1;2;2;1;3;16;92  LEON BLUM (AV);M;4878678;233742;940
2,02E+11;18;6;4;2045;5;2;1;1;6;43;87  FONTAINEBLEAU (AV DE;M;4881009;236238;940
2,02E+11;18;6;5;1150;1;2;4;1;3;76;58  JEAN BAPTISTE BAUDIN;M;4879790;235522;940
2,02E+11;18;6;6;1700;1;2;1;3;7;16;129  ARISTIDE BRIAND (AV;M;4879330;232094;940
2,02E+11;18;6;8;855;1;2;1;1;6;76;84  EDOUARD VAILLANT (R);M;4886272;228759;940
2,02E+11;18;6;11;1915;1;2;3;3;3;76;1  PAUL ELUARD (R);M;4878580;237269;940
2,02E+11;18;6;14;1205;1;2;3;1;3;76;106  MAXIME GORKI (BD);M;4879275;236927;940
2,02E+11;18;6;15;1452;1;2;3;1;3;3;65  CONVENTION (AV DE LA;M;4880360;233512;940
2,02E+11;18;6;15;1620;1;2;1;1;6;3;76  LAPLACE (AV);M;4881000;232756;940
2,02E+11;18;6;16;1120;1;2;2;1;2;3;69  ARISTIDE BRIAND;M;4880592;232597;940
2,02E+11;18;6;17;1420;1;2;1;1;6;43;27  FONTAINEBLEAU (AV DE;M;4881407;236127;940
2,02E+11;18;6;17;1750;1;2;1;1;6;3;50  LAPLACE (AV);M;4880870;233121;940
2,02E+11;18;6;18;1815;1;2;3;1;6;3;3  REIMS (R DE);M;4881000;233000;940
2,02E+11;18;6;18;1800;1;2;1;1;6;16;5  CAMILLE DESMOULINS (R;M;4879446;233458;940
2,02E+11;18;6;18;1640;1;2;1;1;2;76;51  STALINGRAD (AV DE);M;4878512;236737;940
2,02E+11;18;6;21;1550;1;2;3;1;7;37;19  PRESIDENT ALLENDE (R;M;4881286;234887;940
2,02E+11;18;6;22;1200;1;2;3;1;3;37;149  PAUL VAILLANT COUTU;M;4881680;233338;940
2,02E+11;18;6;23;1855;1;2;1;1;3;76;117  MAXIME GORKI (BD);M;4879234;236964;940
2,02E+11;18;6;26;1515;1;2;1;1;3;43;106  FONTAINEBLEAU (AV D;M;4886272;228759;940
2,02E+11;18;6;27;1550;1;2;1;1;7;43;09  PROFESSEUR BERGONIE;M;4880510;234558;940
2,02E+11;18;6;22;30;5;2;1;1;7;43;131  FONTAINEBLEAU (AV D;M;4880795;236315;940
2,02E+11;18;6;29;1510;1;2;1;1;2;76;2  PARIS (AV DE);M;4880695;236323;940
2,02E+11;18;7;4;2100;1;2;1;1;6;76;70  CHEVILLY (R DE);M;4878390;235461;940
2,02E+11;18;7;9;1630;1;2;1;1;7;43;75  CHARLES GIDE (AV);M;4880580;234928;940
2,02E+11;18;7;9;1845;1;2;1;1;3;76;44  PARIS (AV DE);M;4880400;236392;940
2,02E+11;18;7;10;750;1;2;1;1;6;76;148  MAXIME GORKI (BD);M;4878900;236824;940
2,02E+11;18;7;10;1030;1;2;3;1;7;16;1 RUE MARX DORMOY;M;4881459;236315;940
2,02E+11;18;7;13;1600;1;2;1;1;6;76;65  YOURI GAGARINE (R);M;4878077;235568;940
2,02E+11;18;7;13;1800;1;2;1;1;7;76;54  REPUBLIQUE (AV DE LA;M;4878838;235876;940
2,02E+11;18;7;20;235;5;2;2;1;3;3;56  PAUL VAILLANT COUTUR;M;4880010;234283;940
2,02E+11;18;7;20;1230;1;2;1;1;3;3;80  GABRIEL PERI (AV);M;4880061;234322;940
2,02E+11;18;7;21;455;5;2;2;1;3;37;2  RAYMOND LEFEBVRE (R);M;4881345;234268;940
2,02E+11;18;7;24;1107;1;2;2;1;7;76;17-19  PAUL VAILLANT COU;M;4879475;236428;940
2,02E+11;18;1;2;915;1;2;3;8;3;65;CHARENTES / NОMES;M;4875922;235924;940
2,02E+11;18;1;4;335;5;2;1;2;6;38;23  R JULES FERRY;M;4877786;235039;940
2,02E+11;18;1;5;1545;1;2;3;2;3;73;DUNANT / GAULLE;M;4876922;237009;940
2,02E+11;18;1;5;2030;3;2;2;2;2;73;BAS MARIN/A86;M;4875587;238516;940
2,02E+11;18;1;6;1830;5;1;4;1;3;65;RN186;M;4875387;236475;940
2,02E+11;18;1;8;1920;5;2;3;1;4;65;LINDBERGH/BALTARD;M;4875726;234486;940
2,02E+11;18;1;11;1320;1;2;2;1;3;65;LYON/AUVERGNE;M;4875929;235558;940
2,02E+11;18;1;13;1600;1;2;4;1;6;21;SAUTET/HELLOUIN;M;4876659;236628;940
2,02E+11;18;1;14;1150;1;2;3;1;6;21;DE GAULLE/JARDINS;M;4877309;233845;940
2,02E+11;18;1;14;1930;5;2;3;1;6;65;PL DE GAULLE/NOTRE DAME;M;4874906;235097;940
2,02E+11;18;1;15;720;5;2;1;1;3;21;100  AV DE STALINGRAD;M;4877512;236753;940
2,02E+11;18;1;16;1130;1;2;4;1;6;73;GRIGNON/LORRAINE;M;4875641;239855;940
2,02E+11;18;1;17;1600;1;2;1;1;3;38;26  AV HENRI BARBUSSE;M;4877695;232685;940
2,02E+11;18;1;18;1030;1;1;1;2;6;21;4  AV DE BOURGOGNE;M;4875984;235002;940
2,02E+11;18;1;19;1200;1;2;4;2;6;34;HERRIOT/LECLERC;M;4875700;232873;940
2,02E+11;18;1;22;1630;1;2;3;8;6;38;FLOUQUET/GUE;M;4877405;232486;940
2,02E+11;18;1;24;2150;5;2;3;8;3;73;ROOSEVELT/HUGO;M;4876559;239655;940
2,02E+11;18;1;25;1711;5;2;1;2;6;65;AVENUE DE L'EUROPE;M;4875225;235535;940
2,02E+11;18;1;27;2035;3;1;4;1;2;65;RN 186;M;4875386;236569;940
2,02E+11;18;1;27;1225;1;2;6;2;6;38;HOCHART/STALINGRAD;M;4877934;236714;940
2,02E+11;18;1;29;1745;5;2;2;1;3;73;HALGOULT/PANHARD;M;4876302;240129;940
2,02E+11;18;2;1;1135;1;2;3;1;3;73;MYOSOTIS/TILLEULS;M;4875110;240293;940
2,02E+11;18;2;12;510;5;2;4;9;6;21;HALLES/VANNE;M;4876161;234528;940
2,02E+11;18;2;12;930;1;2;4;1;6;34;ZOLA/CHARCOT;M;4876266;232712;940
2,02E+11;18;2;21;906;1;2;1;1;6;21;AV ARMAND PETITJEAN;M;4877875;236727;940
2,02E+11;18;2;22;855;1;2;1;1;6;34;69  RUE EMILE ZOLA;M;4876343;232743;940
2,02E+11;18;2;27;920;1;2;2;1;3;65;STRASBOURG/NIMES;M;4875871;235808;940
2,02E+11;18;3;1;2040;5;2;1;1;3;73;CC Bel Epine;M;4875595;237365;940
2,02E+11;18;3;3;1900;5;1;1;1;3;21;AV DE STALINGRAD;M;4875874;236840;940
2,02E+11;18;3;7;200;5;2;1;2;7;65;RN 186;M;4875411;236741;940
2,02E+11;18;2;26;1300;1;1;1;1;2;73;RN 186 (Autoroute);M;4875322;236118;940
2,02E+11;18;3;10;925;1;2;6;2;6;34;DIVISION LECLERC / PAIX;M;4875770;232877;940
2,02E+11;18;3;10;2315;5;2;3;2;3;73;RENE PANHARD / COUTURIER;M;4876390;239362;940
2,02E+11;18;3;12;1745;1;2;2;1;6;38;FLOUQUET / SANGNIER;M;4876711;231902;940
2,02E+11;18;3;14;800;1;2;3;1;2;73;R DES ALOUETTES;M;4875421;238615;940
2,02E+11;18;3;17;1300;1;2;2;2;3;21;JEAN MERMOZ / GUYNEMER;M;4876682;233581;940
2,02E+11;18;3;21;1344;1;2;9;1;3;65;AV CHARLES LINDBERGH;M;4875052;235465;940
2,02E+11;18;3;25;1200;1;2;1;1;3;38;07  GUSTAVE CHARPENTIER;M;4877918;236296;940
2,02E+11;18;3;29;5;5;2;2;1;3;38;COUTURIER / THIRARD;M;4877845;234058;940
2,02E+11;18;4;3;2005;2;2;2;1;3;38;BICETRE / CHEVILLY;M;4877393;235181;940
2,02E+11;18;4;5;35;5;1;3;2;3;21;PEPINIERES / ST POL;M;4876536;234628;940
2,02E+11;18;4;5;730;1;2;1;1;2;34;10  AV DE STALINGRAD;M;4876083;233270;940
2,02E+11;18;4;6;1150;1;1;1;1;3;65;A86 PR48+600;M;4875361;236009;940
2,02E+11;18;4;10;2140;5;2;3;1;3;34;BARRAGE / CHATEAU;M;4875949;231271;940
2,02E+11;18;4;14;1110;1;2;2;8;3;73;REPUBLIQUE / ORVILLIERS;M;4876970;239585;940
2,02E+11;18;4;15;450;5;2;7;1;6;73;FONTAINEBLEAU / PERRET;M;4876383;236838;940
2,02E+11;18;4;17;810;1;2;6;1;6;34;CARR DE LA DEPORTATION;M;4876057;231828;940
2,02E+11;18;4;18;1100;1;2;7;1;3;73;PARKING CC BELLE EPINE;M;4875694;236908;940
2,02E+11;18;4;18;1520;1;2;2;1;3;34;14  ABREUVOIR / HERRIOT;M;4875598;232803;940
2,02E+11;18;4;19;950;1;2;1;1;3;73;5  R DES ALOUETTES;M;4875261;237628;940
2,02E+11;18;4;20;1835;1;2;3;1;3;65;AV LINDBERGH / A86;M;4875571;234673;940
2,02E+11;18;4;23;2005;1;2;3;1;3;73;PAIX / MAI 1945;M;4875220;239910;940
2,02E+11;18;4;27;1503;1;2;1;1;3;38;5 BIS  R HENRI THIRARD;M;4877857;233933;940
2,02E+11;18;4;29;1000;1;2;2;9;1;73;25 AOUT 1944 / LECLERC;M;4876144;240305;940
2,02E+11;18;5;4;709;1;2;1;1;6;65;.  LORRAINE (RUE DE);M;4876397;235481;940
2,02E+11;18;5;4;835;1;2;1;1;3;38;.  LARROUMES (AV);M;4877595;233002;940
2,02E+11;18;5;4;1445;1;2;3;1;2;38;22  PAQUERETTES (R DES);M;4877883;235200;940
2,02E+11;18;5;4;1820;1;2;2;1;3;73;REPUBLIQUE (AV DE LA);M;4870000;239000;940
2,02E+11;18;5;5;1625;1;2;2;1;6;34;57  REPUBLIQUE (AV DE LA;M;4876010;231904;940
2,02E+11;18;5;8;1650;1;2;1;1;7;73;2  JULES GOURIE (R);M;4876327;239953;940
2,02E+11;18;5;12;615;2;2;6;1;2;65;AV CHARLES LINDBERGH;M;4875318;239400;940
2,02E+11;18;5;13;1045;1;2;3;8;3;73;AV GENERAL DE GAULLE;M;4876800;237384;940
2,02E+11;18;5;16;1910;1;2;4;1;6;34;61-65 RUE EMILE ZOLA;M;4876470;232756;940
2,02E+11;18;5;17;1445;1;2;1;1;6;34;50 AV DIVISION LECLERC;M;4875852;232468;940
2,02E+11;18;5;17;2030;2;2;1;1;4;34;14-16 AVENUE E HERRIOT;M;4875423;232662;940
2,02E+11;18;5;18;1600;1;2;9;1;1;73;114  GENERAL DE GAULLE (;M;4876860;236968;940
2,02E+11;18;5;22;2245;5;1;9;8;6;73;ROUTE NATIONALE 86;M;4875354;237652;940
2,02E+11;18;5;23;1200;1;2;3;1;1;65;AVENUE C LINDBERGH;M;4874498;236023;940
2,02E+11;18;5;23;1810;1;2;3;1;7;21;40 RUE JULES BOHY;M;4877080;233752;940
2,02E+11;18;5;23;1240;1;2;2;1;3;73;BD DE STALINGRAD;M;4877110;240084;940
2,02E+11;18;5;24;1355;1;2;1;1;2;73;227  FONTAINEBLEAU (AV D;M;4876544;236830;940
2,02E+11;18;5;27;1345;1;2;1;1;6;21;GEORGES GUYNEMER (AV);M;4876366;233916;940
2,02E+11;18;6;1;830;1;2;1;8;6;38;24  SAINTE COLOMBE (R);M;4877844;235949;940
2,02E+11;18;6;1;1840;1;2;3;8;3;38;.  BICETRE (R DE);M;4877243;235065;940
2,02E+11;18;6;4;1830;1;2;1;1;3;73;.  STALINGRAD - CAR DES;M;4877125;240094;940
2,02E+11;18;6;5;1230;1;1;1;2;3;21;COTE D'AZUR (AVENUE);M;4876500;234821;940
2,02E+11;18;6;5;1850;1;2;1;1;6;21;5  EDITH PIAF (R);M;4877201;236141;940
2,02E+11;18;6;5;550;2;2;1;3;1;65;.  CHARLES LINDBERGH (AV;M;4875347;234965;940
2,02E+11;18;6;7;1255;1;2;9;1;3;65;BRETAGNE (ALLEE DE);M;4876173;235671;940
2,02E+11;18;6;7;1730;1;2;3;1;3;38;TULIPES (R DES);M;4877740;235307;940
2,02E+11;18;6;8;1535;1;2;2;1;6;38;.  PAUL VAILLANT COUTURI;M;4877390;235170;940
2,02E+11;18;6;1;725;1;1;1;1;6;65;EUROPE (AV DE L);M;4875167;235521;940
2,02E+11;18;6;13;955;1;2;1;1;3;65;Route nationale 186;M;4875327;235766;940
2,02E+11;18;6;13;2240;5;2;7;1;6;21;PLACE MARECHAL DE LATTRE;M;4877190;236679;940
2,02E+11;18;6;14;1420;1;2;6;1;3;65;TROIS MARCHES (AV);M;4876016;235327;940
2,02E+11;18;6;14;2340;5;2;1;1;3;38;25  SAINTE COLOMBE (R);M;4877684;236332;940
2,02E+11;18;6;16;1220;1;2;1;1;2;34;95  LIBERTE (AV DE LA);M;4876677;231963;940
2,02E+11;18;6;17;2315;5;2;2;1;3;38;.  BICETRE (R DE);M;4877391;235185;940
2,02E+11;18;6;18;1515;1;2;2;1;3;73;LUXEMBOURG (AV DU);M;4875573;237391;940
2,02E+11;18;6;18;1635;1;2;1;1;6;38;01  ALBERT WATEL (R);M;4877779;233516;940
2,02E+11;18;6;19;2150;5;2;2;1;3;73;41  VERSAILLES (AV DE);M;4876131;240321;940
2,02E+11;18;6;22;710;1;2;1;7;1;21;DES MARAICHERS (AV);M;4876434;235172;940
2,02E+11;18;6;22;1130;1;2;1;1;6;21;.  MONTPELLIERS (RUE DE);M;4876326;235195;940
2,02E+11;18;6;22;1305;1;1;9;1;3;73;BD DE L'EUROPE;M;4875698;237057;940
2,02E+11;18;6;23;1530;1;2;4;1;6;73;GUSTAVE LEVEILLE (R);M;4876310;238709;940
2,02E+11;18;6;25;820;1;2;3;1;6;38;HENRI THIRARD (R);M;4877822;234198;940
2,02E+11;18;6;25;900;1;2;1;1;6;21;4  CROIX DU SUD (AV DE L;M;4877024;234242;940
2,02E+11;18;6;27;1835;1;2;1;1;3;73;5  ALOUETTES (R DES);M;4875254;237634;940
2,02E+11;18;6;27;2100;1;2;3;1;3;38;22  JEAN JAURES (R);M;4877892;233557;940
2,02E+11;18;6;28;1445;1;2;1;1;6;34;22  EDOUARD HERRIOT (AV);M;4875382;232641;940
2,02E+11;18;6;28;2100;1;2;1;1;3;38;3  PERVENCHES (ALL DES);M;4877690;234720;940
2,02E+11;18;6;29;1625;1;2;1;1;2;73;12  BAS MARIN (R DU);M;4875400;238656;940
2,02E+11;18;6;30;725;1;1;1;1;4;73;ROUTE NATIONALE 186;M;4875449;238102;940
2,02E+11;18;7;2;730;1;2;1;1;5;65;95  SOLETS (R DES);M;4874217;235311;940
2,02E+11;18;7;3;730;1;2;1;1;4;73;RN 186;M;4875400;237031;940
2,02E+11;18;7;4;1310;1;2;7;1;3;65;TROIS MARCHES (Av des);M;4875925;235096;940
2,02E+11;18;7;6;1040;1;2;1;1;2;34;85  LIBERTE (AV DE LA);M;4876573;231841;940
2,02E+11;18;7;7;1210;1;2;3;1;3;73;1  boulevard de l'europe;M;4875694;236909;940
2,02E+11;18;7;7;1800;1;2;1;1;6;73;ALOUETTES (R DES);M;4875288;237820;940
2,02E+11;18;7;10;1945;1;2;1;1;1;38;14  VANEL (R);M;4877790;232874;940
2,02E+11;18;7;11;2110;1;2;2;1;1;38;123  CHEVILLY (R DE);M;4877392;235183;940
2,02E+11;18;7;14;1550;1;2;1;1;3;21;344  STALINGRAD (AV DE);M;4876265;236810;940
2,02E+11;18;7;16;530;2;2;1;1;1;73;FONTAINEBLEAU (AV DE);M;4875922;236936;940
2,02E+11;18;7;16;1600;1;2;1;1;2;65;PONT DES HALLES (R DU);M;4875750;234727;940
2,02E+11;18;7;18;1350;1;2;1;1;3;21;1  rue des meuniers;M;4876112;236037;940
2,02E+11;18;7;18;2340;5;2;1;1;6;73;VERSAILLES (AV DE);M;4875950;239608;940
2,02E+11;18;7;20;1805;1;2;2;1;4;73;STALINGRAD (BD DE);M;4876708;240366;940
2,02E+11;18;7;23;1730;1;2;3;1;6;38;LARROUMES (AVE);M;4877776;233368;940
2,02E+11;18;7;24;1030;1;2;2;1;3;73;2  FRATERNITE (R DE LA);M;4876641;238820;940
2,02E+11;18;7;28;1800;1;2;9;1;3;73;NORD (BD DU );M;4875839;237052;940
2,02E+11;18;7;30;1700;1;2;1;1;4;65;CHARLES LINDBERGH (AV);M;4875721;234489;940
2,02E+11;18;7;31;1732;1;2;1;1;2;65;CHARLES LINDBERGH (AV);M;4875734;234475;940
2,02E+11;18;8;1;840;1;1;2;1;2;73;RN 186;M;4875514;236834;940
2,02E+11;18;8;1;1930;1;2;4;1;7;73;FONTAINEBLEAU (AV DE);M;4875458;237017;940
2,02E+11;18;8;9;215;5;2;6;1;6;65;RTP DE L'EUROPE;M;4875327;234973;940
2,02E+11;18;8;22;1628;1;2;6;1;3;34;DEPORTATION (CAR DE LA);M;4876059;231828;940
2,02E+11;18;8;23;1720;1;2;2;1;6;34;HENRI BARBUSSE (R);M;4875873;232402;940
2,02E+11;18;8;24;1205;1;2;3;8;3;73;GUSTAVE LEVEILLE (R);M;4876308;238685;940
2,02E+11;18;8;24;1630;1;1;1;1;2;65;FONTAINEBLEAU (AV DE);M;4875210;236879;940
2,02E+11;18;8;26;2225;5;2;1;1;6;73;VERSAILLES (AV DE);M;4875548;238631;940
2,02E+11;18;8;27;1905;1;2;6;1;3;34;DIVISION LECLERC - CAR D;M;4876053;231884;940
2,02E+11;18;8;28;2130;5;2;2;1;3;73;VERSAILLES (AV DE);M;4876107;240328;940
2,02E+11;18;8;31;700;1;2;9;1;3;65;CARPENTRAS (Rue de);M;4876128;235565;940
2,02E+11;18;9;1;1130;1;2;1;1;6;38;CHEVILLY (R DE);M;4877452;234909;940
2,02E+11;18;9;4;1640;1;2;1;1;6;38;GUSTAVE CHARPENTIER (R);M;4877910;236239;940
2,02E+11;18;9;8;1310;1;2;1;1;1;34;DIVISION LECLERC (AV DE;M;4875902;232296;940
2,02E+11;18;9;9;2155;5;2;2;1;3;34;PASTEUR (BD);M;4875397;231277;940
2,02E+11;18;9;11;1705;1;2;1;1;2;21;BOULEVARD CIRCULAIRE E;M;4876288;235792;940
2,02E+11;18;9;12;300;5;2;1;1;6;21;ADJUDANT CHEF DERICBOURG;M;4877460;235480;940
2,02E+11;18;9;11;1310;1;2;1;1;6;21;NIVERNAIS (R DU);M;4877398;235737;940
2,02E+11;18;9;12;1215;1;2;3;1;2;65;LUCIEN GRELINGER (AV);M;4875027;234782;940
2,02E+11;18;9;13;755;1;1;1;1;3;73;ROUTE NATIONALE 186;M;4875353;237582;940
2,02E+11;18;9;14;815;1;2;1;1;6;65;LUCIEN GRELINGER (AV);M;4875042;234741;940
2,02E+11;18;9;14;1630;1;2;2;1;3;34;PASTEUR (BD);M;4875753;231645;940
2,02E+11;18;9;14;1800;1;2;1;1;3;73;LEON MARCHAND (AV);M;4876000;238000;940
2,02E+11;18;9;18;1430;1;2;1;1;3;73;ROUTE NATIONALE 186;M;4875394;236846;940
2,02E+11;18;9;20;1510;1;2;1;1;2;73;GENERAL DE GAULLE (AV DU;M;4876811;237332;940
2,02E+11;18;9;22;1630;1;2;2;1;6;21;POITOU (R DU);M;4877653;235933;940
2,02E+11;18;9;21;740;3;2;1;1;6;73;FONTAINEBLEAU (AV DE);M;4875516;236870;940
2,02E+11;18;9;24;1656;1;2;3;1;3;65;CHARLES LINDBERGH (AV);M;4874738;235792;940
2,02E+11;18;9;25;835;1;2;3;1;3;73;LEON MARCHAND (AV);M;4876647;228652;940
2,02E+11;18;9;25;1100;1;2;3;1;2;65;RN 186;M;4875551;234717;940
2,02E+11;18;9;28;635;5;2;9;1;6;38;PAUL VAILLANT COUTURIER;M;4877846;234075;940
2,02E+11;18;9;28;2240;5;2;1;1;2;21;STALINGRAD (AV DE);M;4876089;236832;940
2,02E+11;18;10;1;2130;5;2;1;1;6;73;CIMETIERE PARISIEN (ESP;M;4876278;236889;940
2,02E+11;18;10;2;1335;1;2;4;1;3;73;LUXEMBOURG (AVE DU);M;4876200;236900;940
2,02E+11;18;10;2;1745;1;2;1;1;3;38;GENERAL LECLERC (AV DU);M;4877200;234461;940
2,02E+11;18;10;3;1634;1;2;1;1;3;34;HENRI BARBUSSE (R);M;4875805;232333;940
2,02E+11;18;10;3;1800;1;2;9;1;3;21;JEAN MERMOZ (BD);M;4877176;233863;940
2,02E+11;18;10;3;1735;1;2;1;1;6;38;VIOLETTES (ALL DES);M;4877800;234901;940
2,02E+11;18;10;3;1400;1;2;1;1;6;21;porte de Thiais;M;4875924;236200;940
2,02E+11;18;10;4;1550;1;2;1;1;6;73;LOUIS DUPERREY (R);M;4876825;238973;940
2,02E+11;18;10;4;1630;1;2;3;1;1;34;MAIRIE (AV DE LA);M;4875586;232010;940
2,02E+11;18;10;5;120;5;2;1;1;3;73;PERREUX (R DU);M;4876610;239062;940
2,02E+11;18;10;5;1750;1;2;1;1;5;65;CHARLES LINDBERGH (AV);M;4875276;235133;940
2,02E+11;18;10;6;420;5;2;1;1;6;73;VERSAILLES (AV DE);M;4875760;239030;940
2,02E+11;18;9;30;130;5;2;1;1;6;34;PARC DES SPORTS (AV DU);M;4875200;231604;940
2,02E+11;18;10;9;1430;1;1;9;1;3;65;PONT DES HALLES (R DU);M;4875818;234763;940
2,02E+11;18;10;11;1215;1;1;9;1;7;65;CHARLES LINDBERGH (AV);M;4874555;235986;940
2,02E+11;18;10;15;1520;1;2;9;1;3;73;LUXEMBOURG (R);M;4875582;237407;940
2,02E+11;18;10;15;2045;5;1;1;1;6;34;EMILE ZOLA (R);M;4876132;232644;940
2,02E+11;18;10;16;1340;1;2;1;1;3;38;GENERAL LECLERC (AV DU);M;4877164;234677;940
2,02E+11;18;10;17;740;1;1;9;1;6;65;TRAVERSIERE (R);M;4874640;235308;940
2,02E+11;18;10;19;858;1;2;1;1;3;65;RN 186;M;4875000;236202;940