Num_Acc;an;mois;jour;hrmn;lum;agg;int;atm;col;com;adr;gps;lat;long;dep
2,02E+11;18;10;20;2005;5;2;1;1;6;73;VICTOR BASCH (R);M;4876126;239162;940
2,02E+11;18;10;22;1735;1;2;3;1;3;73;PRESIDENT ROOSEVELT (AV;M;4876586;239810;940
2,02E+11;18;10;25;1010;1;2;2;1;6;65;SOLETS (R DES);M;4874386;235722;940
2,02E+11;18;10;26;2115;5;2;1;1;6;65;GARE (AV DE LA);M;4874127;235303;940
2,02E+11;18;10;30;730;1;2;9;2;1;21;JEAN MERMOZ (BD);M;4876673;233592;940
2,02E+11;18;11;7;1355;1;2;1;2;7;73;FONTAINEBLEAU (AV DE);M;4875948;237070;940
2,02E+11;18;11;8;1810;5;2;1;1;6;73;boulevard du midi;M;4875481;237005;940
2,02E+11;18;11;12;1000;1;2;1;2;6;65;TOULOUSE (RUE);M;4876098;235255;940
2,02E+11;18;11;12;1900;5;2;1;8;6;21;CROIX DU SUD (AV DE LA);M;4877007;234262;940
2,02E+11;18;11;14;700;2;2;4;1;3;65;PONT DES HALLES (R DU);M;4876003;234533;940
2,02E+11;18;11;14;740;1;2;4;1;3;34;PASTEUR (BD);M;4875535;231351;940
2,02E+11;18;11;16;830;1;2;1;8;3;34;REPUBLIQUE (AV DE LA);M;4875985;231929;940
2,02E+11;18;11;19;1200;1;2;1;1;6;38;BICETRE (R DE);M;4877000;235000;940
2,02E+11;18;11;26;750;2;2;1;2;6;65;REPUBLIQUE (AV DE LA);M;4875084;235295;940
2,02E+11;18;11;27;1345;1;2;1;1;2;73;GEORGES HALGOULT (R);M;4876363;240113;940
2,02E+11;18;11;27;1640;1;2;1;3;6;65;GARE (AV DE LA);M;4874000;235000;940
2,02E+11;18;11;30;710;2;2;6;1;6;21;CITE (AV DE LA);M;4875954;236241;940
2,02E+11;18;11;30;1250;1;2;1;1;6;65;NOTRE DAME (R);M;4874971;235182;940
2,02E+11;18;12;3;1850;2;2;4;1;6;65;PARAY (CHE DE);M;4874611;234750;940
2,02E+11;18;12;4;555;5;2;9;1;3;38;GUSTAVE CHARPENTIER (R);M;4877915;236331;940
2,02E+11;18;12;8;720;5;2;1;1;2;73;FONTAINEBLEAU (AV DE);M;4876272;236848;940
2,02E+11;18;12;8;830;1;2;9;8;6;34;PASTEUR (BD);M;4875686;231534;940
2,02E+11;18;12;8;1210;1;2;1;8;6;73;FONTAINEBLEAU (AV DE);M;4876741;236819;940
2,02E+11;18;12;11;840;1;2;1;1;6;73;MARECHAL DE LATTRE DE TA;M;4876028;240634;940
2,02E+11;18;12;11;1800;5;2;1;1;6;38;JEAN JAURES (R);M;4877834;233477;940
2,02E+11;18;12;12;2000;5;2;1;1;2;21;GEORGES GUYNEMER (AV);M;4876334;233935;940
2,02E+11;18;12;13;930;1;2;3;1;6;38;GENERAL LECLERC (AV DU);M;4877432;233136;940
2,02E+11;18;12;13;2150;5;2;1;1;6;73;JEAN JAURES (R);M;4876693;239313;940
2,02E+11;18;12;15;2340;5;2;9;2;3;73;LUXEMBOURG (AV DU);M;4875611;237359;940
2,02E+11;18;12;16;315;5;2;1;3;7;73;FONTAINEBLEAU (AV DE);M;4874945;236865;940
2,02E+11;18;12;18;735;1;2;1;1;7;21;DE LA CITE (AV);M;4875945;236568;940
2,02E+11;18;12;20;850;1;2;1;8;4;73;DOCTEUR MARIE (R DU);M;4874621;237260;940
2,02E+11;18;12;21;545;3;1;1;2;6;73;OLIVIERS (R DES);M;4875039;238598;940
2,02E+11;18;12;22;1540;1;2;9;1;3;73;LEON MARCHAND (AV);M;4876591;239059;940
2,02E+11;18;12;22;2030;3;2;1;1;6;73;BAS MARIN (R DU);M;4875611;238537;940
2,02E+11;18;12;28;800;2;1;1;1;6;65;TOULOUSE (RUEш RUNGIS MI;M;4876016;235327;940
2,02E+11;18;12;28;1840;5;2;1;1;6;34;PASTEUR (BD);M;4875806;231674;940
2,02E+11;18;12;29;630;3;2;2;1;3;21;BOULEVARD CIRCULAIRE;M;4876599;235497;940
2,02E+11;18;12;31;1730;5;2;2;1;6;38;LARROUMES (AV);M;4877774;233368;940
2,02E+11;18;1;5;905;1;2;3;1;3;41;BOYER/BRUNESEAU;M;4882505;238891;940
2,02E+11;18;1;6;1945;5;2;2;1;1;41;COMPAGNON/MANDELA;M;4881897;239922;940
2,02E+11;18;1;11;1640;1;2;3;1;6;41;RASPAIL/FOUILLOUX;M;4880753;239173;940
2,02E+11;18;1;13;1550;1;2;4;1;6;41;GOSNAT/CACHIN;M;4881389;238948;940
2,02E+11;18;1;17;2325;5;2;1;1;6;41;102  AV GEORGES GOSNAT;M;4881148;238424;940
2,02E+11;18;1;21;1920;5;2;3;2;3;41;CASANOVA/TILLON;M;4881505;238371;940
2,02E+11;18;1;25;1820;2;2;2;2;6;41;ST JUST/DESCARTES;M;4881185;239103;940
2,02E+11;18;1;26;1300;1;2;1;7;6;41;72  AV GEORGES GOSNAT;M;4881287;238729;940
2,02E+11;18;1;26;1520;1;2;3;8;6;41;GOSNAT/MARAT;M;4881143;238416;940
2,02E+11;18;1;26;1700;1;2;6;2;6;41;BRANDEBOURG/JAURES;M;4881455;240125;940
2,02E+11;18;2;10;1200;1;2;3;7;6;41;D'ORVES/PERI;M;4881366;238277;940
2,02E+11;18;2;23;1500;1;2;3;1;3;41;BOYER/BRUNESEAU;M;4882509;238879;940
2,02E+11;18;2;24;2000;5;2;3;1;6;41;MITTERAND/BRETAGNE;M;4882247;238922;940
2,02E+11;18;2;27;2015;5;2;7;1;6;41;1  GEORGES MARRANE (ESP);M;4881200;238794;940
2,02E+11;18;3;2;2040;5;2;1;1;1;41;47  R ERNEST RENAN;M;4880608;240011;940
2,02E+11;18;3;8;610;5;2;1;1;6;41;103  AV GEORGES GOSNAT;M;4881151;238449;940
2,02E+11;18;3;8;1530;1;2;1;3;6;41;105  AV GEORGES GOSNAT;M;4881136;238446;940
2,02E+11;18;3;9;2000;5;2;3;1;6;41;WESTERMEYER / GUNSBOURG;M;4881067;239883;940
2,02E+11;18;3;22;1300;1;2;1;8;3;41;47 bis  R ERNEST RENAN;M;4880715;239978;940
2,02E+11;18;3;29;1245;1;2;1;1;6;41;1/12  FRANCOIS MITTERAND;M;4882402;238741;940
2,02E+11;18;3;31;1205;1;2;1;8;6;41;54  AV GEORGES GOSNAT;M;4881530;239220;940
2,02E+11;18;4;3;2230;5;2;2;1;3;41;2  LE GALLEU / GASTON C;M;4880954;238042;940
2,02E+11;18;4;6;2240;5;2;1;1;6;41;42  AV PIERRE SEMARD;M;4881932;238022;940
2,02E+11;18;4;10;600;5;2;1;1;1;41;13 QU HENRI POURCHASSE;M;4881137;240849;940
2,02E+11;18;4;13;1655;1;2;2;1;6;41;30  BAUDIN / POULMARCH;M;4881628;237472;940
2,02E+11;18;4;14;2000;2;2;1;1;7;41;3  MAURICE GRANDCOING (R;M;4881456;239176;940
2,02E+11;18;4;21;1515;1;2;2;1;3;41;16 ROUSSEAU / VANZUPPE;M;4881928;239259;940
2,02E+11;18;4;30;510;5;2;5;2;3;41;63  R LENINE / MOLIERE;M;4881557;239318;940
2,02E+11;18;4;30;2255;5;2;1;2;6;41;12 R GASTON MONMOUSSEAU;M;4880622;237968;940
2,02E+11;18;5;15;1440;1;2;2;1;3;41;34  COLONEL FABIEN (BD D;M;4881459;240683;940
2,02E+11;18;5;22;1645;1;2;2;2;2;41;135  MAURICE THOREZ (AV);M;4881937;237342;940
2,02E+11;18;5;30;1545;1;2;2;1;3;41;51  PAUL VAILLANT COUTUR;M;4881804;239818;940
2,02E+11;18;6;5;855;1;2;1;2;2;41;13  GASTON CORNAVIN (R);M;4881080;238298;940
2,02E+11;18;6;8;1430;1;2;3;1;6;41;38  LENINE (R);M;4881683;239544;940
2,02E+11;18;6;8;1545;1;2;2;1;6;41;110  JEAN LE GALLEU (R);M;4880963;238026;940
2,02E+11;18;6;10;425;5;2;1;1;6;41;MAURICE THOREZ (AV);M;4881837;237506;940
2,02E+11;18;6;11;830;1;2;1;2;6;41;7  JEAN JACQUES ROUSSEAU;M;4882059;239127;940
2,02E+11;18;6;12;930;1;2;1;2;6;41;45  SAINT JUST (R);M;4880960;238717;940
2,02E+11;18;6;18;1920;1;2;1;1;3;41;48  AUGUSTE DESHAIES (QU;M;4881000;240032;940
2,02E+11;18;6;19;2100;1;2;1;1;6;41;13  PIERRE RIGAUD (R);M;4881283;239878;940
2,02E+11;18;6;20;1940;1;2;1;1;6;41;5  JEAN JACQUES ROUSSEAU;M;4882077;239089;940
2,02E+11;18;6;22;1725;1;2;1;1;2;41;21  MAURICE GRANDCOING (;M;4881343;239284;940
2,02E+11;18;6;23;1710;1;2;1;1;2;41;1  AMEDEE HUON (R);M;4880531;238914;940
2,02E+11;18;6;24;2210;5;2;1;1;2;41;01  GASTON CORNAVIN (R);M;4881094;238349;940
2,02E+11;18;6;25;2135;2;2;1;1;7;41;35  WESTERMEYER (R);M;4881000;239000;940
2,02E+11;18;6;27;2215;5;2;3;1;3;41;12  RASPAIL (R);M;4881139;238749;940
2,02E+11;18;6;20;1700;1;2;1;1;6;41;18  JEAN MARIE POULMARCH;M;4881623;237443;940
2,02E+11;18;6;30;645;2;2;1;1;6;41;40  HENRI BARBUSSE (AV);M;4880806;237522;940
2,02E+11;18;6;30;1550;1;2;1;1;2;41;13  GAGNEE (R);M;4880210;238049;940
2,02E+11;18;7;3;1655;1;2;1;1;3;41;138  DANIELLE CASANOVA (;M;4881375;238474;940
2,02E+11;18;7;4;930;1;2;1;1;3;41;48  JEAN COMPAGNON (QU);M;4881837;237506;940
2,02E+11;18;7;12;955;1;2;1;1;3;41;31  MARCEL BOYER (QU);M;4882199;239284;940
2,02E+11;18;7;15;1800;1;2;1;1;3;41;128  STALINGRAD (BD DE);M;4880248;237865;940
2,02E+11;18;7;16;555;2;2;2;1;3;41;84  JEAN LE GALLEU (R);M;4881090;237972;940
2,02E+11;18;7;17;920;1;2;1;1;1;41;133  VERDUN (AV DE);M;4880896;237375;940
2,02E+11;18;7;19;1145;1;2;1;1;6;41;3  MARAT (R);M;4881111;238426;940
2,02E+11;18;7;26;1945;1;2;1;1;6;41;HENRI MARTIN (R);M;4880552;237164;940
2,02E+11;18;7;27;1830;1;2;9;2;1;41;GALILEE (R);M;4881580;240320;940
2,02E+11;18;8;2;1155;1;2;1;1;2;41;REPUBLIQUE (AV DE LA);M;4880420;239524;940
2,02E+11;18;8;4;1920;1;2;3;1;6;41;MARAT (R);M;4880909;238664;940
2,02E+11;18;7;2;840;1;2;3;1;3;41;28  MARCEL BOYER (QU);M;4882248;239268;940
2,02E+11;18;8;8;1804;1;2;1;1;3;41;HOCHE (R);M;4882411;237333;940
2,02E+11;18;8;9;1642;1;2;9;2;6;41;VERDUN (AV DE);M;4881230;237100;940
2,02E+11;18;8;13;1710;1;2;1;1;6;41;MOLIERE (R);M;4881547;239337;940
2,02E+11;18;8;15;1810;1;2;2;1;3;41;DANIELLE CASANOVA (AV);M;4881570;238304;940
2,02E+11;18;8;19;1320;1;2;1;1;1;41;MARCEL BOYER (QU);M;4882495;238910;940
2,02E+11;18;8;24;1715;1;2;1;1;3;41;MOLIERE (R);M;4881373;239537;940
2,02E+11;18;8;26;50;5;2;1;1;3;41;PIERRE SEMARD (AV);M;4881830;238089;940
2,02E+11;18;8;27;1940;2;2;1;1;6;41;PIERRE GUIGNOIS (R);M;4881286;239113;940
2,02E+11;18;8;28;1800;1;2;1;1;3;41;GEORGES GOSNAT (AV);M;4881161;238478;940
2,02E+11;18;8;28;1650;1;2;2;1;3;41;LOUIS BERTRAND (R);M;4881696;237929;940
2,02E+11;18;8;28;1835;1;2;1;1;2;41;VERDUN (AV DE);M;4880784;237486;940
2,02E+11;18;9;10;1320;1;2;1;1;6;41;GEORGES GOSNAT (AV);M;4881252;238684;940
2,02E+11;18;9;11;1521;1;2;1;1;6;41;BARBES (R);M;4881638;236996;940
2,02E+11;18;9;14;1935;2;2;1;1;2;41;MARCEL BOYER (QU);M;4882475;238940;940
2,02E+11;18;9;15;1555;1;2;1;1;6;41;ERNEST RENAN (R);M;4880714;239974;940
2,02E+11;18;9;22;1055;1;2;1;1;6;41;MARAT (R);M;4880753;238845;940
2,02E+11;18;9;15;1550;1;2;1;1;2;41;DANIELLE CASANOVA (AV);M;4881300;238580;940
2,02E+11;18;9;1;1715;1;2;1;1;6;41;RUE HOCHE;M;4881143;237653;940
2,02E+11;18;9;8;1550;1;2;1;1;6;41;JEAN JAURES (AV);M;4881203;240281;940
2,02E+11;18;10;1;1700;1;2;1;1;6;41;SAINT JUST (R);M;4881199;238977;940
2,02E+11;18;10;3;1105;1;2;1;1;3;41;AUGUSTE DESHAIES (QU);M;4881688;240685;940
2,02E+11;18;10;3;1430;1;2;2;1;3;41;GARE (R DE LA);M;4881542;239313;940
2,02E+11;18;10;8;1720;1;2;1;1;6;41;HENRI MARTIN (R);M;4880599;237275;940
2,02E+11;18;10;10;1614;1;2;2;1;3;41;JEAN JACQUES ROUSSEAU (R;M;4881930;239260;940
2,02E+11;18;10;14;40;5;2;3;1;2;41;MARCEL HARTMANN (R);M;4880793;238300;940
2,02E+11;18;10;16;2240;5;2;1;1;6;41;VICTOR HUGO (R);M;4881848;238376;940
2,02E+11;18;10;23;15;5;2;9;1;3;41;LENINE (R);M;4881808;239799;940
2,02E+11;18;11;4;1410;1;2;1;1;6;41;MICHELET (R);M;4880713;237565;940
2,02E+11;18;11;6;800;1;2;3;1;3;41;PENICHES (R DES);M;4881786;240278;940
2,02E+11;18;11;13;600;3;2;1;2;3;41;PIERRE ET MARIE CURIE (R;M;4881300;237200;940
2,02E+11;18;11;13;1800;2;2;9;1;3;41;CHARLES LEROY (R);M;4881627;236459;940
2,02E+11;18;11;14;1520;1;2;1;1;2;41;HENRI BARBUSSE (AV);M;4880807;237523;940
2,02E+11;18;11;17;1455;1;2;3;1;3;41;VERDUN (AV DE);M;4881610;236790;940
2,02E+11;18;11;19;2050;5;2;2;2;6;41;JEAN JACQUES ROUSSEAU (R;M;4881671;239533;940
2,02E+11;18;11;22;800;1;2;1;1;6;41;GEORGES GOSNAT (AV);M;4881264;238696;940
2,02E+11;18;11;26;1205;1;2;1;2;6;41;STALINGRAD (BD DE);M;4880432;237728;940
2,02E+11;18;12;6;2153;5;2;3;1;3;41;JEAN LE GALLEU (R);M;4881434;237637;940
2,02E+11;18;12;12;1145;1;2;1;1;6;41;GEORGES GOSNAT (AV);M;4881415;239006;940
2,02E+11;18;12;15;2230;5;2;1;3;5;41;MARCEL BOYER (QU);M;4882338;239153;940
2,02E+11;18;12;16;555;5;2;6;2;6;41;JEAN-BAPTISTE RENOULT (R;M;4880370;239332;940
2,02E+11;18;12;18;1620;1;2;1;1;6;41;MAURICE THOREZ (AV);M;4881580;237740;940
2,02E+11;18;12;25;2030;5;2;1;1;6;41;GEORGES GOSNAT (AV);M;4881258;238659;940
2,02E+11;18;12;26;1435;1;2;2;8;3;41;VERDUN (AV DE);M;4880700;237520;940
2,02E+11;18;12;27;800;2;2;2;8;6;41;SAINT JUST (R);M;4881062;238876;940
2,02E+11;18;1;3;1843;5;2;1;1;6;37;16  RUE CHARLES FREROT;M;4881601;235216;940
2,02E+11;18;3;4;1700;1;2;2;1;6;3;PERI / COUTURIER;M;4879959;234400;940
2,02E+11;18;3;2;1440;1;2;2;1;3;3;LECLERC / COUTURIER;M;4880441;233805;940
2,02E+11;18;3;9;1150;1;2;2;2;3;76;GORKI / DAUMIER;M;4879156;236964;940
2,02E+11;18;3;12;1602;1;2;1;2;6;76;67 STALINGRAD;M;4878182;236823;940
2,02E+11;18;3;15;1450;1;2;1;1;7;76;137  AV DE PARIS;M;4880080;236509;940
2,02E+11;18;3;21;840;1;2;1;1;6;76;58  JEAN BAPTISTE BAUDIN;M;4879666;235625;940
2,02E+11;18;3;21;750;1;2;2;1;3;16;BEAUSEJOUR / SAUSSAIES;M;4878700;233600;940
2,02E+11;18;3;22;1935;5;2;2;1;3;76;GORKI / ARAGON;M;4878859;236834;940
2,02E+11;18;3;23;100;5;2;2;1;3;43;FONTAINEBLEAU / DELESCLU;M;4881280;236142;940
2,02E+11;18;3;25;1723;1;2;2;1;3;76;HAMON / REPUBLIQUE;M;4878852;236158;940
2,02E+11;18;3;27;825;1;2;6;2;6;43;LACROIX / CURIE;M;4881532;235831;940
2,02E+11;18;3;27;1250;1;2;2;2;3;37;LECLERC / ALLENDE;M;4881294;234879;940
2,02E+11;18;3;27;1720;1;2;2;2;3;43;FONTAINEBLEAU / SALENGRO;M;4881450;236071;940
2,02E+11;18;7;27;915;1;2;1;1;3;76;MAXIME GORKI (BD);M;4879390;236880;940
2,02E+11;18;7;28;1345;1;2;1;7;6;3;MARTYRS DU 8 FEVRIER 1 (;M;4881311;233711;940
2,02E+11;18;8;2;1935;1;2;1;7;6;76;KARL MARX (AV);M;4886272;228759;940
2,02E+11;18;8;4;1340;1;2;1;1;6;3;PAUL DOUMER (AV);M;4880681;233681;940
2,02E+11;18;8;4;1815;1;2;1;1;2;16;COUSIN DE MERICOURT (AV);M;4879770;233340;940
2,02E+11;18;8;15;1540;1;2;1;1;2;16;ARISTIDE BRIAND (AV);M;4878998;231981;940
2,02E+11;18;8;14;1850;1;2;1;1;2;3;PAUL VAILLANT COUTURIER;M;4880060;234130;940
2,02E+11;18;8;17;1450;1;2;3;1;6;43;CONVENTION (R DE LA);M;4881218;235717;940
2,02E+11;18;8;21;1750;1;2;9;1;3;76;PARIS (AV DE);M;4880062;236529;940
2,02E+11;18;8;29;500;5;2;1;3;6;16;MARECHAL DE LATTRE DE TA;M;4879045;233118;940
2,02E+11;18;8;31;1750;1;2;1;1;6;43;CONVENTION (R DE LA);M;4881352;235973;940
2,02E+11;18;9;3;810;1;2;1;1;3;76;MAXIME GORKI (BD);M;4879240;236975;940
2,02E+11;18;9;6;1200;1;2;3;1;3;3;CONVENTION (AV DE LA);M;4880088;233338;940
2,02E+11;18;9;9;1210;1;2;1;1;6;76;PARIS (AV DE);M;4880426;236405;940
2,02E+11;18;9;11;1420;1;2;9;1;6;43;CHASTENET DE GERY (BD);M;4880317;235926;940
2,02E+11;18;9;12;830;1;2;1;1;6;3;PAUL VAILLANT COUTURIER;M;4879948;234427;940
2,02E+11;18;9;12;840;1;2;1;1;7;37;JEAN JAURES (AV);M;4881410;234968;940
2,02E+11;18;9;14;850;1;2;1;1;6;76;PARIS (AV DE);M;4880241;236470;940
2,02E+11;18;9;14;1920;1;2;9;1;7;76;PAUL BERT (R);M;4879123;236440;940
2,02E+11;18;9;18;2010;5;2;9;1;1;16;CAMILLE DESMOULINS (R);M;4879250;233270;940
2,02E+11;18;9;22;1825;1;2;3;2;7;37;RASPAIL (AV);M;4880897;234252;940
2,02E+11;18;9;19;1840;2;2;1;1;3;76;CHEVILLY (R DE);M;4878625;235415;940
2,02E+11;18;9;24;1820;1;2;1;1;6;76;STALINGRAD (AV DE);M;4878600;236600;940
2,02E+11;18;9;26;905;1;2;6;1;7;43;EDMONT MICHELET (R);M;4880988;236249;940
2,02E+11;18;9;26;1620;1;2;1;1;7;76;VERDUN (R DE);M;4879170;235370;940
2,02E+11;18;9;27;905;1;2;3;1;3;3;PAUL BERT (R);M;4880634;232773;940
2,02E+11;18;10;3;1245;1;2;1;1;6;16;DIVISION LECLERC (AV DE;M;4878630;233010;940
2,02E+11;18;10;4;830;1;2;1;1;3;43;EDMONT MICHELET (R);M;4881140;236460;940
2,02E+11;18;10;4;1730;1;2;1;1;6;43;CHARLES GIDE (AV);M;4880736;235465;940
2,02E+11;18;10;5;900;1;2;1;1;7;76;CHEVILLY (R DE);M;4878290;235500;940
2,02E+11;18;10;5;1900;1;2;2;1;3;76;VERDUN (R DE);M;4879327;235402;940
2,02E+11;18;10;6;2120;5;2;3;1;3;43;CIMETIERE COMMUNAL (AV D;M;4881350;236140;940
2,02E+11;18;10;9;1830;1;2;9;7;6;76;GEORGES LEBIGOT (R);M;4879240;236440;940
2,02E+11;18;10;10;1124;1;2;1;1;6;76;STALINGRAD (AV DE);M;4878286;236704;940
2,02E+11;18;10;11;750;1;2;1;1;7;76;MAXIME GORKI (BD);M;4879899;236707;940
2,02E+11;18;10;12;1345;1;2;1;1;6;43;FONTAINEBLEAU (AV DE);M;4880929;236243;940
2,02E+11;18;10;13;545;5;2;9;1;6;37;GABRIEL PERI (R);M;4881310;235370;940
2,02E+11;18;10;13;2115;5;2;1;1;3;76;VERDUN (R DE);M;4879440;235422;940
2,02E+11;18;10;15;900;1;2;3;1;6;3;MARX DORMOY (AV);M;4880951;232542;940
2,02E+11;18;10;16;1300;1;2;3;1;3;37;JEAN JAURES (AV);M;4881492;234889;940
2,02E+11;18;10;19;5;5;2;2;1;3;76;MAXIME GORKI (BD);M;4878860;236826;940
2,02E+11;18;10;19;1330;1;2;2;1;3;43;FONTAINEBLEAU (AV DE);M;4881278;236161;940
2,02E+11;18;10;20;830;1;2;1;1;2;3;PAUL VAILLANT COUTURIER;M;4879842;234640;940
2,02E+11;18;10;20;1930;5;2;2;1;7;76;REPUBLIQUE (AV DE LA);M;4886666;233333;940
2,02E+11;18;10;20;2000;5;2;1;1;6;43;FONTAINEBLEAU (AV DE);M;4880909;236281;940
2,02E+11;18;10;21;2200;5;2;2;1;3;76;PAUL VAILLANT COUTURIER;M;4879497;235436;940
2,02E+11;18;10;22;1500;1;2;1;8;6;37;JULES FERRY (R);M;4881320;235093;940
2,02E+11;18;10;22;1640;1;2;1;1;3;16;GABRIEL PERI (R);M;4879278;234395;940
2,02E+11;18;10;23;845;1;2;1;1;6;16;DUMOTEL (AV);M;4879157;233420;940
2,02E+11;18;10;25;1150;1;2;2;1;1;37;ROMAIN ROLLAND (R);M;4881474;233803;940
2,02E+11;18;10;26;2025;5;2;3;8;3;16;PIERRE CURIE (R);M;4878754;232194;940
2,02E+11;18;10;30;1920;5;2;1;1;6;43;FONTAINEBLEAU (AV DE);M;4881417;230898;940
2,02E+11;18;10;31;1435;1;2;2;2;3;76;KARL MARX (AV);M;4878459;235459;940
2,02E+11;18;11;2;1500;1;2;2;1;3;3;DOCTEUR DURAND (AV DU);M;4880442;232911;940
2,02E+11;18;11;3;1150;1;2;1;1;2;3;ARISTIDE BRIAND (AV);M;4880161;232407;940
2,02E+11;18;11;4;2000;5;2;1;1;6;16;LOUIS GEORGEON (AV);M;4879290;233591;940
2,02E+11;18;11;6;1830;5;2;3;1;3;3;ARISTIDE BRIAND (AVE);M;4880625;232600;940
2,02E+11;18;11;8;1;5;2;6;8;2;16;LEON BLUM (AV);M;4878675;233739;940
2,02E+11;18;11;8;1750;5;2;1;1;6;76;YOURI GAGARINE (R);M;4878591;236031;940
2,02E+11;18;11;9;1840;5;2;1;1;6;43;CHARLES GIDE (AV);M;4880738;235477;940
2,02E+11;18;11;10;600;2;2;1;2;6;3;MARIUS SIDOBRE (R);M;4880609;234542;940
2,02E+11;18;11;11;1;5;2;1;2;5;16;PIERRE MAUROY (R);M;4879130;233000;940
2,02E+11;18;11;12;2141;5;2;1;1;7;43;FONTAINEBLEAU (AV DE);M;4880920;236259;940
2,02E+11;18;11;13;1135;1;2;1;1;6;16;DIVISION LECLERC (AV DE;M;4878640;233013;940
2,02E+11;18;11;14;1715;1;2;1;1;7;3;CONVENTION (AV DE LA);M;4880452;233640;940
2,02E+11;18;11;16;815;2;2;2;2;7;76;LOUIS ARAGON (AV);M;4878859;237226;940
2,02E+11;18;11;16;1015;1;2;1;8;7;43;CONVENTION (R DE LA);M;4880384;233560;940
2,02E+11;18;11;17;745;2;2;1;1;7;16;PIERRE MAUROY (RUE);M;4879056;233144;940
2,02E+11;18;11;17;1300;1;2;1;1;6;43;FONTAINEBLEAU (AV DE);M;4881177;236166;940
2,02E+11;18;11;20;1550;1;1;1;2;6;76;PRESIDENT ALLENDE (AV DU;M;4879590;235217;940
2,02E+11;18;11;22;100;5;2;3;1;6;16;LOUIS GEORGEON (AVE);M;4879300;233574;940
2,02E+11;18;11;22;1545;1;2;1;8;3;43;VOLTAIRE (R);M;4881531;236273;940
2,02E+11;18;11;23;1330;1;2;9;5;3;43;CHARLES GIDE (AV);M;4880609;334970;940
2,02E+11;18;11;25;640;5;2;2;2;6;43;CONVENTION (R DE LA);M;4881240;255414;940
2,02E+11;18;11;27;2225;5;2;1;3;6;76;PARIS (AV DE);M;4879897;236559;940
2,02E+11;18;11;28;915;1;2;1;2;3;16;DIVISION LECLERC (AV DE;M;4878546;232859;940
2,02E+11;18;11;30;1537;1;2;1;1;6;76;HENRI BARBUSSE (R);M;4880369;236700;940
2,02E+11;18;12;1;1945;5;2;1;2;2;43;GABRIEL PERI (R);M;4880740;234729;940
2,02E+11;18;12;2;1700;5;2;6;2;6;76;EDOUARD VAILLANT (R);M;4879322;235958;940
2,02E+11;18;12;3;815;2;2;3;1;6;76;GENTILLY (R DE);M;4880047;235246;940
2,02E+11;18;12;5;1805;3;2;1;1;7;3;DIVISION DU GENERAL LECL;M;4880430;233794;940
2,02E+11;18;12;6;1810;5;2;1;2;2;3;MARX DORMOY (AV);M;4880948;232592;940
2,02E+11;18;12;8;2020;5;2;2;2;7;16;LEON BLUM (AV);M;4878404;233902;940
2,02E+11;18;12;13;2110;5;2;1;1;7;76;PARIS (AV DE);M;4880592;234544;940
2,02E+11;18;12;14;1645;1;2;1;1;6;76;MARCEL GROSMESNIL (R);M;4880002;235534;940
2,02E+11;18;12;19;1025;1;2;1;1;6;76;PAUL VAILLANT COUTURIER;M;4879450;235960;940
2,02E+11;18;12;20;2100;5;2;5;1;3;3;PAUL DOUMER (AV);M;4880440;233805;940
2,02E+11;18;12;21;1410;1;2;2;2;3;37;CHAMPS ELYSEES (R DES);M;4881461;233889;940
2,02E+11;18;12;22;10;5;2;1;2;1;37;VAL DE MARNE (R DU);M;4881602;234670;940
2,02E+11;18;12;22;440;5;2;1;1;2;76;PARIS (AV DE);M;4880116;236649;940
2,02E+11;18;12;22;130;5;2;1;1;6;43;ELISEE RECLUS (R);M;4881587;235680;940
2,02E+11;18;12;25;1225;1;2;1;1;7;43;CHARLES GIDE (AV);M;4880530;234720;940
2,02E+11;18;12;25;1830;5;2;9;1;3;76;MAXIME GORKI (BD);M;4879599;236836;940
2,02E+11;18;1;2;1805;5;2;3;2;3;46;JUIN/BENNE;M;4881543;242857;940
2,02E+11;18;1;5;1150;1;2;3;1;7;46;CHENEL/CHENAL;M;4880989;242303;940
2,02E+11;18;1;7;1910;5;2;2;1;1;46;CLEMENCEAU/CECILE;M;4880738;244340;940
2,02E+11;18;1;16;1815;5;2;1;3;1;46;67  AVENUE GAMBETTA;M;4881006;244214;940
2,02E+11;18;1;24;1315;1;2;3;1;1;46;REPUBLIQUE/ROUEN;M;4880704;244516;940
2,02E+11;18;2;1;1855;5;2;3;1;6;46;JAURES/STRASBOURG;M;4879505;243393;940
2,02E+11;18;2;3;1550;1;2;5;3;2;46;LECLERC/DE GAULLE;M;4881555;242045;940
2,02E+11;18;2;5;1850;2;2;2;8;3;46;JAURES/DOLET;M;4879701;243344;940
2,02E+11;18;2;11;2010;5;2;1;8;2;46;56BIS  GENERAL DE GAULLE;M;4881339;242150;940
2,02E+11;18;2;12;1405;1;2;1;1;4;46;AV DU GENERAL LECLERC;M;4880411;244415;940
2,02E+11;18;2;16;1955;5;2;2;1;6;46;BLUM/HUGO;M;4880071;243536;940
2,02E+11;18;3;5;1335;1;2;2;1;3;46;REPUBLIQUE/LYON;M;4880872;245143;940
2,02E+11;18;3;8;1935;2;2;2;2;3;46;GAMBETTA/FERNET;M;4881003;244008;940
2,02E+11;18;3;8;1940;5;2;2;8;3;46;GAMBETTA/VINCENNES;M;4880994;244811;940
2,02E+11;18;3;16;1220;1;2;4;1;6;46;PERGAUD/LECLERC;M;4880397;244409;940
2,02E+11;18;3;16;1600;1;2;3;1;3;46;LECLERC/AUROCHS;M;4881442;242376;940