Num_Acc;an;mois;jour;hrmn;lum;agg;int;atm;col;com;adr;gps;lat;long;dep
2,02E+11;18;4;5;905;1;2;4;8;6;46;REPUBLIQUE/PASTEUR;M;4880058;243042;940
2,02E+11;18;4;9;1135;1;2;3;1;3;46;REPUBLIQUE/LUNE;M;4880935;245372;940
2,02E+11;18;4;11;710;1;2;2;1;6;46;REPUBLIQUE/CADIOT;M;4880287;243425;940
2,02E+11;18;4;13;1000;1;2;2;1;1;46;CADIOT/COUTURIER;M;4880442;243246;940
2,02E+11;18;4;13;1740;1;2;3;1;3;46;LECLERC/AUROCHS;M;4881441;242376;940
2,02E+11;18;4;18;820;1;2;1;1;6;46;40 bis  GAL DE GAULLE;M;4881413;242109;940
2,02E+11;18;4;23;1940;1;2;1;1;6;46;17  AV GENERAL LECLERC;M;4881473;242264;940
2,02E+11;18;5;2;1715;1;2;1;1;6;46;17  GENERAL LECLERC - CA;M;4881480;242270;940
2,02E+11;18;5;4;915;1;2;1;1;6;46;6  MARC SANGNIER (R);M;4880521;244315;940
2,02E+11;18;5;4;1555;1;2;2;1;3;46;GENERAL LECLERC (AV DU);M;4881010;243298;940
2,02E+11;18;5;6;1300;1;2;1;1;7;46;3 RUE DU GUE AUROCHS;M;4881540;242428;940
2,02E+11;18;5;8;1635;1;2;2;1;3;46;AVENUE BUSTEAU;M;4880563;243147;940
2,02E+11;18;5;12;110;5;2;7;1;1;46;10  GALLIENI (BD);M;4879666;243059;940
2,02E+11;18;5;15;1855;1;2;9;1;5;46;1A RUE DE ROME;M;4879021;243315;940
2,02E+11;18;5;26;1000;1;2;1;1;6;46;105 RUE JEAN JAURES;M;4879720;243364;940
2,02E+11;18;5;31;915;1;2;2;1;1;46;GABRIEL PERI (R);M;4881146;243750;940
2,02E+11;18;6;6;1000;1;2;2;8;3;46;NORMANDIE (R DE);M;4881130;244050;940
2,02E+11;18;6;12;920;1;2;1;2;3;46;8  LEON BLUM (AV);M;4880189;243523;940
2,02E+11;18;6;13;1010;1;2;1;1;6;46;12  LEON BLUM (AV);M;4880140;243530;940
2,02E+11;18;6;16;50;5;2;1;1;7;46;36  FERNAND SAGUET (QU);M;4881570;242459;940
2,02E+11;18;6;19;910;1;2;1;1;6;46;44  GENERAL DE GAULLE (A;M;4881362;242131;940
2,02E+11;18;6;22;1825;1;2;1;1;6;46;1  PROFESSEUR CADIOT (AV;M;4880650;242270;940
2,02E+11;18;6;25;1920;1;2;1;1;5;46;158  JEAN JAURES (R);M;4879814;243376;940
2,02E+11;18;6;28;2125;2;2;1;1;2;46;2  REPUBLIQUE (AV DE LA);M;4880040;242996;940
2,02E+11;18;7;1;100;5;2;1;1;6;46;42  GENERAL DE GAULLE (A;M;4881386;242117;940
2,02E+11;18;7;9;2105;1;2;4;1;3;46;REPUBLIQUE (AV DE LA);M;4880050;243070;940
2,02E+11;18;7;15;1600;1;2;9;1;3;46;229  GENERAL LECLERC (AV;M;4880509;244245;940
2,02E+11;18;7;16;1725;1;2;3;1;6;46;JOFFRE (AV);M;4881320;245390;940
2,02E+11;18;7;16;2110;1;2;1;1;6;46;17  GENERAL LECLERC (AV;M;4881474;242266;940
2,02E+11;18;7;19;430;5;2;1;1;6;46;253  GENERAL LECLERC (AV;M;4880350;244540;940
2,02E+11;18;7;25;1345;1;2;1;1;6;46;15  CLOS DES NOYERS (R D;M;4879420;243562;940
2,02E+11;18;8;7;1415;1;2;1;1;1;46;DIX HUIT JUIN 1940 (R DU;M;4880250;244160;940
2,02E+11;18;8;10;1700;1;2;9;1;1;46;GENERAL DE GAULLE (AV DU;M;4880727;242566;940
2,02E+11;18;8;28;1840;1;2;2;1;3;46;REPUBLIQUE (AV DE LA);M;4880654;244337;940
2,02E+11;18;9;3;1910;1;2;1;1;6;46;GENERAL DE GAULLE (AV DU;M;4881464;242241;940
2,02E+11;18;9;14;100;5;2;1;1;3;46;GENERAL DE GAULLE (AV DU;M;4881414;242116;940
2,02E+11;18;9;13;925;1;2;1;2;3;46;GENERAL DE GAULLE (AV DU;M;4878172;181133;940
2,02E+11;18;9;14;2145;5;2;1;1;6;46;CHAMPS CORBILLY (R DES);M;4880000;244000;940
2,02E+11;18;9;19;2210;5;2;1;1;6;46;LEON BLUM (AV);M;4879970;243450;940
2,02E+11;18;10;2;1930;2;2;1;2;6;46;AUGUSTE SIMON (R);M;4880249;242773;940
2,02E+11;18;10;2;2015;5;2;2;2;6;46;BELFORT (R DE);M;4879342;243654;940
2,02E+11;18;10;5;2020;5;2;2;1;5;46;JEAN JAURES (R);M;4879743;243336;940
2,02E+11;18;10;10;815;1;2;2;1;3;46;PROFESSEUR CADIOT (AV DU;M;4880281;243416;940
2,02E+11;18;10;13;1100;1;2;4;1;3;46;GENERAL DE GAULLE (AV DU;M;4881168;242286;940
2,02E+11;18;10;16;1020;1;2;1;1;3;46;GENERAL LECLERC (AV DU);M;4880938;243396;940
2,02E+11;18;10;16;1320;1;2;1;1;1;46;REPUBLIQUE (AV DE LA);M;4880700;244482;940
2,02E+11;18;10;17;1105;1;2;1;1;7;46;GENERAL DE GAULLE (AV DU;M;4881422;242090;940
2,02E+11;18;10;18;835;1;2;1;1;6;46;VICTOR HUGO (R);M;4879992;243744;940
2,02E+11;18;10;18;1400;1;2;1;1;6;46;MESLY (R DE);M;4879640;244194;940
2,02E+11;18;10;21;2250;5;2;1;1;6;46;GENERAL LECLERC (AV DU);M;4880699;243830;940
2,02E+11;18;10;26;2005;3;2;1;1;6;46;GENERAL LECLERC (AV DU);M;4881555;242066;940
2,02E+11;18;10;30;1240;1;2;1;8;6;46;JEAN JAURES (R);M;4879584;243393;940
2,02E+11;18;10;31;625;5;2;1;1;6;46;JEAN JAURES (R);M;4878867;243530;940
2,02E+11;18;11;6;1720;2;2;3;1;3;46;PROFESSEUR CADIOT (AV DU;M;4880461;243258;940
2,02E+11;18;11;7;900;1;2;1;2;6;46;REPUBLIQUE (AV DE LA);M;4882204;243387;940
2,02E+11;18;11;7;1855;5;2;5;1;1;46;GENERAL LECLERC - CAR DE;M;4881543;242039;940
2,02E+11;18;11;8;1500;1;2;2;1;3;46;GEORGES CLEMENCEAU (AV);M;4881203;244363;940
2,02E+11;18;11;12;900;1;2;1;3;4;46;GENERAL DE GAULLE (AV DU;M;4880351;243807;940
2,02E+11;18;11;12;1400;1;2;1;8;3;46;GENERAL LECLERC (AV DU);M;4881158;243008;940
2,02E+11;18;11;14;810;1;2;3;1;3;46;HUIT MAI 1945 (R DU);M;4881300;243241;940
2,02E+11;18;11;20;730;3;2;9;2;6;46;GENERAL LECLERC (AV DU);M;4880230;244650;940
2,02E+11;18;11;22;1200;1;2;1;1;3;46;GENERAL DE GAULLE (AV DU;M;4881028;242351;940
2,02E+11;18;11;24;15;5;2;1;3;6;46;REPUBLIQUE (AV DE LA);M;4880120;243180;940
2,02E+11;18;12;9;2000;5;2;4;8;6;46;GENERAL LECLERC (AV DU);M;4880499;244259;940
2,02E+11;18;12;9;2015;5;2;1;2;7;28;DUVAUCHEL(STADE);M;4876700;245600;940
2,02E+11;18;12;11;1815;5;2;1;1;3;46;PROFESSEUR CADIOT (AV DU;M;4880408;243259;940
2,02E+11;18;12;20;815;5;2;1;8;7;46;GENERAL DE GAULLE (AV DU;M;4880669;242573;940
2,02E+11;18;12;28;2040;5;2;2;1;2;46;JEAN JAURES (R);M;4879389;243408;940
2,02E+11;18;12;29;1450;1;2;2;1;3;46;REPUBLIQUE (AV DE LA);M;4880291;243411;940
2,02E+11;18;1;1;800;2;2;2;3;6;42;MERMOZ / BROSSOLETTE;M;4882002;246710;940
2,02E+11;18;1;2;2150;5;2;1;8;2;52;126  BD DE STRASBOURG;M;4884253;248470;940
2,02E+11;18;1;7;1735;5;2;2;1;6;42;GALLIENI / FLOQUET;M;4881991;248224;940
2,02E+11;18;1;15;1800;5;2;1;2;6;58;107  GENERAL DE GAULLE (;M;4884060;250662;940
2,02E+11;18;1;17;1715;2;2;1;1;6;52;CHARLES DE GAULLE (GRAND;M;4883724;248650;940
2,02E+11;18;1;18;1510;1;2;1;2;6;42;18 QU PIERRE BROSSOLETTE;M;4881907;246789;940
2,02E+11;18;1;19;745;2;2;1;1;3;52;85  BD DE STRASBOURG;M;4884095;248227;940
2,02E+11;18;1;27;1600;1;2;2;1;6;52;CLEMENCEAU / GABRIELLE;M;4883631;247001;940
2,02E+11;18;1;28;1420;1;2;1;8;3;58;25  BD ALSACE LORRAINE;M;4884865;249488;940
2,02E+11;18;1;25;1050;1;2;2;1;6;58;BROSSOLETTE / MOCQUET;M;4883457;251080;940
2,02E+11;18;1;29;905;1;2;1;8;2;42;20  R VAUTIER;M;4881627;247054;940
2,02E+11;18;2;15;805;1;2;2;1;6;52;SOURCE / CHATAIGNIERS;M;4883382;247030;940
2,02E+11;18;3;3;530;5;2;2;1;6;69;KENNEDY/BARBUSSE;M;4881438;246267;940
2,02E+11;18;3;9;1045;1;2;5;1;6;58;PERI/DE GAULLE;M;4883717;251115;940
2,02E+11;18;3;10;1705;1;2;3;1;3;52;MARNE/CHARLES V;M;4883205;247650;940
2,02E+11;18;3;21;930;1;2;1;1;2;52;PONT DE NOGENT;M;4883133;249302;940
2,02E+11;18;3;25;1930;2;2;3;1;3;58;BROSSOLETTE/VADIS;M;4883519;249952;940
2,02E+11;18;3;28;1805;1;2;1;8;3;52;16  BD GALLIENI;M;4883838;248684;940
2,02E+11;18;3;30;1410;1;2;1;1;3;58;75 bis  ALSACE LORRAINE;M;4885014;249989;940
2,02E+11;18;4;10;1230;1;2;2;1;3;42;EUROPE/VALAIS;M;4881492;246313;940
2,02E+11;18;4;9;2320;5;2;3;2;2;42;GALLIENI/FLOQUET;M;4881996;248250;940
2,02E+11;18;4;15;1710;1;2;2;1;3;42;EUROPE/VALAIS;M;4881492;246328;940
2,02E+11;18;4;18;1520;1;2;2;1;3;58;LEDRU ROLLIN/FRATELLINI;M;4884493;250556;940
2,02E+11;18;5;1;825;1;2;1;1;6;42;01  JEAN JAURES (AV);M;4882014;246443;940
2,02E+11;18;5;2;1730;1;2;2;1;3;15;AULNETTES  (R DES);M;4884183;253693;940
2,02E+11;18;5;2;1905;1;2;2;1;6;52;ALBERT 1ER (BD);M;4883538;249775;940
2,02E+11;18;5;2;1945;1;2;1;1;3;52;2  JOINVILLE (AV DE);M;4883478;247304;940
2,02E+11;18;5;9;2330;5;2;1;1;2;42;GENERAL GALLIENI - PONT;M;4882021;246749;940
2,02E+11;18;5;11;1745;1;2;2;1;3;52;41 RUE HENRI DUNANT;M;4883430;249497;940
2,02E+11;18;5;17;1620;1;2;3;1;3;42;AVENUE GALLIENI;M;4881995;248244;940
2,02E+11;18;5;26;2000;2;2;1;1;2;52;147  STRASBOURG - RPT DU;M;4884492;248857;940
2,02E+11;18;5;28;745;1;2;1;1;3;42;51  GENERAL GALLIENI (AV;M;4882011;248021;940
2,02E+11;18;6;1;1755;1;2;1;1;1;52;112  STRASBOURG (BD DE);M;4884138;248295;940
2,02E+11;18;6;8;1800;1;2;9;1;3;52;PORT (R DU);M;4883574;248861;940
2,02E+11;18;6;17;2220;5;2;3;1;3;58;LEDRU ROLLIN (AV);M;4883863;249520;940
2,02E+11;18;6;17;2338;5;2;5;1;3;58;LEDRU ROLLIN (AV);M;4884495;250557;940
2,02E+11;18;6;20;1445;1;2;1;1;3;42;MARECHAL LECLERC (BD DU);M;4881689;246718;940
2,02E+11;18;6;21;15;5;2;1;1;6;42;42  MARECHAL LECLERC (BD;M;4881249;246859;940
2,02E+11;18;7;29;1;5;2;2;1;3;42;BIZET (AV);M;4882488;247744;940
2,02E+11;18;7;30;1610;1;2;9;1;2;58;ALSACE LORRAINE (BD D);M;4885040;250105;940
2,02E+11;18;8;1;850;1;2;1;1;2;58;ALSACE LORRAINE (BD D);M;4885241;251067;940
2,02E+11;18;8;2;1530;1;2;2;1;3;42;EUROPE (BD DE L);M;4881492;246324;940
2,02E+11;18;8;6;2030;1;2;1;1;3;58;GENERAL DE GAULLE (AV DU;M;4885004;249562;940
2,02E+11;18;8;10;1520;1;2;1;1;7;42;MARECHAL LECLERC (BD DU);M;4881709;246716;940
2,02E+11;18;8;11;1520;1;2;2;1;3;58;ONZE NOVEMBRE (AV DU);M;4884446;249758;940
2,02E+11;18;8;22;1130;1;2;5;1;6;52;PAUL BERT (R);M;4883817;248416;940
2,02E+11;18;8;26;1400;1;2;1;1;6;52;Victor Hugo (R);M;4883319;247625;940
2,02E+11;18;8;28;1620;1;2;2;1;3;52;MARECHAL FAYOLLE (R DU);M;4884403;248932;940
2,02E+11;18;9;2;1635;1;2;1;1;6;58;ARTOIS (QU D);M;4883048;250675;940
2,02E+11;18;9;2;1950;2;2;2;1;3;52;STRASBOURG (BD DE);M;4884525;248918;940
2,02E+11;18;9;4;1320;1;2;2;8;3;15;RIGNY (AV DE);M;4884705;252609;940
2,02E+11;18;9;7;1340;1;2;1;1;6;58;MARECHAL JOFFRE (AV DU);M;4883878;251130;940
2,02E+11;18;9;11;840;1;2;1;1;2;58;GENERAL DE GAULLE (AV DU;M;4884498;250128;940
2,02E+11;18;9;13;810;1;2;1;2;6;52;CHARLES DE GAULLE (GRAND;M;4883578;247552;940
2,02E+11;18;9;13;845;1;2;2;2;3;15;GEORGES MELIES (BD);M;4883260;253149;940
2,02E+11;18;9;17;1620;1;2;2;1;3;15;PASTEUR (BD);M;4883440;252568;940
2,02E+11;18;9;18;2000;5;2;2;1;3;52;STRASBOURG (BD DE);M;4884519;248908;940
2,02E+11;18;9;19;1000;1;2;9;1;6;15;GENERAL LECLERC (AV);M;4882950;251801;940
2,02E+11;18;9;19;1915;1;2;1;1;6;42;GUINGUETTES (ALL DES);M;4883008;247506;940
2,02E+11;18;9;18;2000;2;2;1;1;3;58;FONTENAY (BD DE);M;4884889;249408;940
2,02E+11;18;9;20;1745;1;2;2;1;3;58;HUIT MAI 1945 (AV DU);M;4885137;251085;940
2,02E+11;18;9;22;1850;1;2;1;1;6;52;STRASBOURG (BD DE);M;4883747;247728;940
2,02E+11;18;9;26;1715;1;2;2;1;3;58;PIERRE BROSSOLETTE (AV);M;4883449;251056;940
2,02E+11;18;10;6;1410;1;2;1;1;6;58;LEDRU ROLLIN (AV);M;4884276;250277;940
2,02E+11;18;10;20;1120;1;2;2;1;1;15;PASTEUR (BD);M;4883440;252556;940
2,02E+11;18;10;27;710;2;2;1;1;2;42;PARIS (R DE);M;4881574;246941;940
2,02E+11;18;11;2;1730;2;2;1;1;6;15;CHARLES DE GAULLE (GR);M;4883711;252079;940
2,02E+11;18;11;3;1240;1;2;1;1;3;58;GENERAL DE GAULLE (AV DU;M;4883780;251178;940
2,02E+11;18;11;7;625;5;2;6;2;3;58;ALSACE LORRAINE (BD D);M;4884921;249594;940
2,02E+11;18;11;7;1155;1;2;1;1;7;52;GALLIENI (BD);M;4883970;248512;940
2,02E+11;18;11;14;825;1;2;2;1;3;58;LAMARTINE (AV);M;4885363;250091;940
2,02E+11;18;11;18;1945;3;2;1;1;3;58;ALSACE LORRAINE (BD D);M;4884868;249518;940
2,02E+11;18;11;12;1135;1;2;2;1;3;52;STRASBOURG (BD DE);M;4884128;248277;940
2,02E+11;18;12;15;1815;5;2;1;2;6;42;GENERAL GALLIENI (AV DU);M;4881992;248099;940
2,02E+11;18;12;17;2040;5;2;3;1;6;42;GENERAL GALLIENI (AVE);M;4882014;247950;940
2,02E+11;18;12;25;1630;2;2;1;1;1;52;SOURCE (AV DE LA);M;4882887;246474;940
2,02E+11;18;1;2;1030;1;2;2;1;6;68;44  ALMA / RASPAIL;M;4878593;249525;940
2,02E+11;18;1;2;2255;5;2;2;8;3;68;95  FOCH / ROCHER;M;4879940;249900;940
2,02E+11;18;1;9;1640;2;2;1;2;6;68;R DU PONT DE CRETEIL;M;4880652;247134;940
2,02E+11;18;1;6;920;1;2;1;1;6;68;93  AV DU BAC;M;4879292;251622;940
2,02E+11;18;1;10;815;5;2;2;2;6;68;LOUIS BLANC / BERANGER;M;4879214;249710;940
2,02E+11;18;1;12;925;1;2;1;1;3;68;12bis  AV DU BAC;M;4879740;250387;940
2,02E+11;18;1;12;1205;1;2;1;1;7;68;17  AV LOUIS BLANC;M;4879700;250161;940
2,02E+11;18;1;12;1910;5;2;2;1;6;68;78  BLANC / BERANGER;M;4879220;249709;940
2,02E+11;18;1;15;1005;1;2;2;1;1;68;CRETEIL / FOUARRE;M;4879910;247102;940
2,02E+11;18;1;15;1750;5;2;2;2;3;68;PILIERS / GARNIER;M;4879363;250892;940
2,02E+11;18;1;22;800;2;2;3;2;3;68;11  CHAMPIGNY / REGNAULT;M;4879985;250455;940
2,02E+11;18;1;24;945;1;2;1;8;3;68;27  QU PORT DE CRETEIL;M;4880150;246995;940
2,02E+11;18;1;24;1250;1;2;2;1;2;68;DIDEROT / GUIMIER;M;4880210;248160;940
2,02E+11;18;1;24;2216;5;2;2;8;1;68;54  GAMBETTA (AV);M;4879800;249130;940
2,02E+11;18;1;19;1915;5;2;2;1;6;68;BERTEAUX / POLITZER;M;4881102;246933;940
2,02E+11;18;1;28;520;5;2;2;2;6;68;BERTEAUX / FOUR;M;4881100;246930;940
2,02E+11;18;1;30;1120;1;2;2;8;3;68;ROCHEREAU / MOINES;M;4878705;250553;940
2,02E+11;18;2;5;900;1;2;2;1;6;68;DIDEROT / BRAILLE;M;4880121;247918;940
2,02E+11;18;2;11;210;5;2;1;2;6;68;PONT DE CRETEIL - PONT D;M;4879970;246910;940
2,02E+11;18;2;12;1045;1;2;7;1;7;68;5  PL DE STALINGRAD;M;4879243;251648;940
2,02E+11;18;2;12;1840;5;2;1;8;6;68;45  BD RABELAIS;M;4880627;247947;940
2,02E+11;18;2;13;1845;5;2;1;2;2;68;4  AV GRADE;M;4880690;247935;940
2,02E+11;18;2;14;800;1;2;2;8;6;68;BOCQUET / BRAILLE;M;4880112;247906;940
2,02E+11;18;2;15;930;1;2;2;2;3;68;PELLETAN / VERGNIAUD;M;4879471;247362;940
2,02E+11;18;2;15;2050;5;2;2;1;3;68;FOCH / PAGES;M;4880004;249725;940
2,02E+11;18;2;16;1005;1;2;1;1;3;68;72  QU DU PETIT PARC;M;4881170;248819;940
2,02E+11;18;2;19;1745;2;2;2;2;1;68;GIRAUD / BEAUJEU;M;4879653;247592;940
2,02E+11;18;2;22;1740;1;2;2;1;3;68;RASPAIL / SORBIERS;M;4878615;249803;940
2,02E+11;18;2;28;1500;1;2;3;1;2;68;BONNEUIL / CONCORDE;M;4879031;250266;940
2,02E+11;18;3;5;1630;1;2;1;1;6;68;27  GENERAL GIRAUD (BD D;M;4879702;247546;940
2,02E+11;18;3;11;1410;1;2;1;1;6;68;1  R DES REMISES;M;4880743;247391;940
2,02E+11;18;3;14;1230;1;2;2;1;3;68;BONNEUIL / MARNE;M;4879160;250350;940
2,02E+11;18;3;15;615;3;2;2;2;6;68;L'ALMA / RASPAIL;M;4878616;249517;940
2,02E+11;18;3;15;1645;1;2;3;2;5;68;DE CRETEIL / MARIN;M;4880840;247114;940
2,02E+11;18;3;24;945;1;2;2;1;3;68;BERTEAUX / FOUR;M;4881103;246930;940
2,02E+11;18;4;3;750;1;2;3;8;3;68;L'ISLE/BLIN;M;4880036;248173;940
2,02E+11;18;4;3;1725;1;2;2;2;3;68;BERTEAUX/POLITZER;M;4881102;246933;940
2,02E+11;18;4;4;1420;1;2;5;1;6;68;CHOLET/GIRAUD;M;4879199;248119;940
2,02E+11;18;4;5;845;1;2;3;1;3;68;CHAMPIGNY/VIALA;M;4879876;250362;940
2,02E+11;18;3;18;1710;1;2;2;4;1;68;78  BD DE BELLECHASSE;M;4879378;249223;940
2,02E+11;18;4;6;1540;1;2;2;1;6;68;PAPIN/BELLECHASSE;M;4879403;249229;940
2,02E+11;18;4;10;1520;1;2;2;1;6;68;BAC/CLEMENCEAU;M;4879266;251680;940
2,02E+11;18;4;12;1340;1;2;2;2;3;68;DANTON/BANQUE;M;4879250;249839;940
2,02E+11;18;4;12;1355;1;2;3;1;6;68;VARENNE/GARE;M;4880744;247439;940
2,02E+11;18;4;17;2240;3;2;2;1;3;68;VARENNE/MARIN;M;4880892;247244;940
2,02E+11;18;4;25;1020;1;2;3;1;3;68;MARINVILLE/CHAMPAGNE;M;4881025;247440;940
2,02E+11;18;4;27;1310;1;2;2;1;3;68;DRIANT/CHARTON;M;4879651;251779;940
2,02E+11;18;4;27;1920;1;2;1;1;6;68;189  BD DE CRETEIL;M;4879785;250106;940
2,02E+11;18;4;28;1100;1;2;3;1;3;68;CRETEIL/BOURDIGNON;M;4879886;247403;940
2,02E+11;18;5;4;1930;1;2;2;1;3;68;MARIE LOUISE (AV);M;4879488;251827;940
2,02E+11;18;5;7;920;1;2;1;1;1;68;AVENUE FOCH;M;4880146;249410;940
2,02E+11;18;5;7;1525;1;2;1;1;5;68;161 BD DE CRETEIL;M;4879797;249633;940
2,02E+11;18;5;9;1620;1;2;1;1;6;68;48  PONT DE CRETEIL (R D;M;4880433;247137;940
2,02E+11;18;5;11;2135;5;2;4;1;3;68;RIMINI (PL DE);M;4879393;249619;940
2,02E+11;18;5;12;1630;1;2;1;2;3;68;25 AVENUE DU BAC;M;4879660;250606;940
2,02E+11;18;5;14;1425;1;2;1;1;3;68;164 BD DE CRETEIL;M;4879795;249345;940
2,02E+11;18;5;18;1745;1;2;1;1;6;68;1 bis  CHAMPIGNY (BD DE);M;4879913;250399;940
2,02E+11;18;5;22;2150;5;2;2;1;3;68;AVENUE LOUIS BLANC;M;4879370;249817;940
2,02E+11;18;5;23;2020;2;2;2;1;3;68;DOCTEUR ROUX (R DU);M;4878994;249007;940
2,02E+11;18;5;24;1925;1;2;1;1;3;68;MAURICE BERTEAUX (BD);M;4881104;246936;940
2,02E+11;18;5;25;940;1;2;2;1;3;68;AVENUE CARNOT;M;4880239;248730;940
2,02E+11;18;5;26;1025;1;2;1;1;6;68;91 RUE LAFAYETTE;M;4880699;250946;940
2,02E+11;18;5;30;1105;1;2;3;1;3;68;BONNEUIL (QU DE);M;4878455;249217;940
2,02E+11;18;5;31;1745;1;2;2;1;3;68;BAC (AVE DU);M;4879705;250490;940
2,02E+11;18;6;1;1845;1;2;1;3;2;68;7  RABELAIS (BD);M;4880703;247626;940
2,02E+11;18;6;1;2240;5;2;1;2;2;68;6 BD MAURICE BERTEAUX;M;4881040;247005;940
2,02E+11;18;6;2;1450;1;2;1;1;3;68;40 BIS AVENUE DE CONDE;M;4881085;247904;940
2,02E+11;18;6;4;1500;1;2;3;1;1;68;98bis  CENTENAIRE (AV DU;M;4880440;251063;940
2,02E+11;18;6;13;940;1;2;8;1;6;68;DIDEROT (AV);M;4880253;248459;940
2,02E+11;18;6;14;300;5;2;1;1;6;68;29  VARENNE (R DE LA);M;4880790;247350;940
2,02E+11;18;6;14;940;1;2;1;1;6;68;1  TRAVAIL (R DU);M;4879579;247525;940
2,02E+11;18;6;15;1115;1;2;1;1;6;68;7  LOUIS BLANC (AV);M;4879760;250241;940
2,02E+11;18;6;16;1845;1;2;3;1;1;68;PILIERS (AV DES);M;4879269;251227;940
2,02E+11;18;6;17;1835;1;2;7;1;3;68;8  POSTE (R DE LA);M;4879250;251531;940
2,02E+11;18;6;20;1915;1;2;2;1;3;68;RABELAIS (BD);M;4880654;247878;940
2,02E+11;18;6;20;2155;2;2;2;8;3;68;CHAMPIGNY (BD DE);M;4880711;250899;940
2,02E+11;18;6;22;1845;1;2;1;1;6;68;53  GRANDE CEINTURE (R D;M;4880670;250748;940
2,02E+11;18;6;22;2045;1;2;2;1;3;68;2  BEAUREPAIRE (AV);M;4879248;247353;940
2,02E+11;18;6;25;820;1;2;2;1;6;68;BOIS DES MOINES (R DU);M;4878555;250481;940
2,02E+11;18;6;27;600;2;2;1;1;2;68;1  PONT DE CRETEIL - PON;M;4880967;247111;940
2,02E+11;18;6;27;1220;1;2;1;1;3;68;53  BONNEUIL (QU DE);M;4878470;249285;940
2,02E+11;18;6;27;1630;1;2;2;1;6;68;FAIDHERBE (AV);M;4880296;248969;940
2,02E+11;18;6;28;1910;1;2;1;1;6;68;61  REPUBLIQUE (AV DE LA;M;4879922;248589;940
2,02E+11;18;6;30;1250;1;2;2;1;1;68;71  LOUIS BLANC (AV);M;4879332;249793;940
2,02E+11;18;7;2;1745;1;2;3;1;3;68;MARNE (BLD DE LA);M;4878996;250973;940
2,02E+11;18;7;7;2255;5;2;1;1;1;68;14  ALMA (AV DE L);M;4878785;249518;940
2,02E+11;18;7;12;1745;1;2;1;1;6;68;101  LATTRE DE TASSIGNY;M;4880790;250338;940
2,02E+11;18;7;13;1730;1;2;1;1;2;68;11  MARNE (BD DE LA);M;4879330;249770;940
2,02E+11;18;7;13;2225;5;2;1;1;6;68;110  CRETEIL (BD DE);M;4879809;248553;940
2,02E+11;18;7;15;830;1;2;2;1;6;68;22  CONDE (AVE DE);M;4881122;247798;940
2,02E+11;18;7;15;2000;1;2;1;1;2;68;111  FOCH (AV);M;4876862;250102;940
2,02E+11;18;7;18;1205;1;2;1;7;2;68;66  FOCH (AV);M;4880140;249406;940
2,02E+11;18;7;22;2055;1;2;1;1;6;68;LEROUX (R);M;4880613;247203;940
2,02E+11;18;7;28;1050;1;2;6;1;3;68;JEAN MOULIN PLACE;M;4879790;250277;940
2,02E+11;18;7;28;1235;1;2;2;1;3;68;VARENNE (R DE LA);M;4880906;247220;940
2,02E+11;18;7;28;2055;2;2;1;1;6;68;REPUBLIQUE (AV DE LA);M;4880391;248625;940
2,02E+11;18;8;1;730;1;2;2;1;2;68;REMISES (R DES);M;4880588;247290;940
2,02E+11;18;7;29;500;5;2;1;1;6;68;MAURICE BERTEAUX (BD);M;4881003;247086;940
2,02E+11;18;8;5;2250;5;2;3;1;2;68;PORT AU FOUARRE (QU DU);M;4880065;247029;940
2,02E+11;18;8;7;1515;1;2;3;1;3;68;ALEXANDRE DUMAS (R);M;4880771;251413;940
2,02E+11;18;8;11;1430;1;2;1;1;2;68;GABRIEL PERI (AV);M;4880564;248425;940
2,02E+11;18;8;15;40;5;2;5;1;7;68;CRETEIL (BD DE);M;4879830;248010;940
2,02E+11;18;8;18;1020;1;2;1;1;6;68;VICTOR HUGO (AV);M;4880314;248930;940
2,02E+11;18;8;25;1520;1;2;2;1;3;68;CRETEIL (BD DE);M;4879805;249128;940
2,02E+11;18;8;27;2020;2;2;2;1;3;68;THIERS (AV);M;4880417;251676;940
2,02E+11;18;9;1;2230;5;2;2;1;3;68;SAINT PAULIN (R);M;4879950;251790;940
2,02E+11;18;9;15;1330;1;2;2;1;6;68;VARENNE (R DE LA);M;4880926;247184;940
2,02E+11;18;9;17;1903;2;2;1;1;2;68;FOCH (AV);M;4880471;248590;940
2,02E+11;18;9;17;2010;2;2;1;1;6;68;BONNEUIL (AV DE);M;4879602;250639;940
2,02E+11;18;9;18;1935;2;2;1;1;2;68;VASSAL (R);M;4879225;247537;940
2,02E+11;18;9;21;1630;1;2;2;1;3;68;BEAUREPAIRE (AV);M;4879118;247457;940
2,02E+11;18;9;27;1840;1;2;3;1;6;68;AVENUE DE NEPTUNE;M;4880790;249191;940
2,02E+11;18;9;28;1015;1;2;1;1;2;68;AVENUE JEAN JAURES;M;4878813;248219;940
2,02E+11;18;9;29;1830;1;2;1;1;6;68;RABELAIS (BD);M;4880530;248401;940
2,02E+11;18;10;1;100;5;2;2;1;3;68;MAHIEU (AV);M;4880732;248208;940
2,02E+11;18;10;2;620;5;2;2;1;3;68;GENERAL GIRAUD (BD DU);M;4879342;247865;940
2,02E+11;18;10;6;2120;5;2;1;1;1;68;BOURDIGNON (R);M;4880182;247586;940
2,02E+11;18;10;9;1400;1;2;2;1;3;68;DOCTEUR ROUX (R DU);M;4879000;249021;940
2,02E+11;18;10;16;1350;1;2;2;1;7;68;GRANGE (AV DE LA);M;4880400;249000;940
2,02E+11;18;10;16;1725;1;2;3;1;6;68;LEON BOCQUET (R);M;4880153;248596;940
2,02E+11;18;10;17;915;1;2;9;1;7;68;GABRIEL PERI (AV);M;4880893;248632;940
2,02E+11;18;10;19;830;1;2;1;1;3;68;RABELAIS (BD);M;4880568;248160;940