Num_Acc;an;mois;jour;hrmn;lum;agg;int;atm;col;com;adr;gps;lat;long;dep
2,02E+11;18;9;2;1050;1;2;1;1;3;598;AV GENERAL  DE GAULLE;M;4898610;230010;950
2,02E+11;18;9;11;730;2;2;6;1;3;555;RUE D'ERMONT;M;4897180;227910;950
2,02E+11;18;9;17;2220;5;2;1;1;3;555;BVRD DU MARECHAL FOCH;M;4896470;228680;950
2,02E+11;18;9;19;1330;1;2;4;1;3;427;CHEMIN DES POSTES;M;4897740;236380;950
2,02E+11;18;9;28;1645;1;2;1;1;6;197;AVENUE JEAN JAURES;M;4895810;232480;950
2,02E+11;18;10;4;1640;1;2;1;1;6;197;RUE CHARLES DE GAULLE;M;4897550;232550;950
2,02E+11;18;10;6;1526;1;2;1;1;2;427;RUE JULES FERRY;M;4896660;234170;950
2,02E+11;18;11;3;1510;1;2;2;1;6;51;AVENUE DE LA GARE;M;4900890;219880;950
2,02E+11;18;11;11;1620;1;2;3;2;3;427;AVENUE MAURICE UTRILLO;M;4897740;236410;950
2,02E+11;18;11;15;855;1;2;1;5;6;598;AVENUE DE PARIS;M;4899020;229070;950
2,02E+11;18;12;9;425;5;2;2;2;3;428;AV DIVISION LECLERC;M;4897280;231020;950
2,02E+11;18;1;21;40;5;2;6;2;3;252;BLD RHIN ET DANUBE;M;4899340;221720;950
2,02E+11;18;1;28;2050;5;2;2;1;6;252;RUE ORME ST EDME;M;4898640;223650;950
2,02E+11;18;2;4;1640;1;2;1;1;6;219;RUE DU DOCTEUR CHABRY;M;4899010;225820;950
2,02E+11;18;3;1;911;1;2;1;4;6;607;CHEMIN BASSES SAUSSAIES;M;4902830;222890;950
2,02E+11;18;3;28;1925;1;2;1;1;6;219;RUE DU SYNDICAT;M;4899270;224880;950
2,02E+11;18;4;4;1210;1;2;1;1;6;424;AVENUE DES FRANCES;M;4899290;219860;950
2,02E+11;18;4;6;1925;1;1;1;1;3;60;RUE DE PIERRELAYE;M;4903010;218610;950
2,02E+11;18;4;27;1510;1;2;2;1;3;426;RUE DE PARIS;M;4902310;229540;950
2,02E+11;18;4;27;1700;1;2;1;1;6;582;BD GAMBETTA;M;4897680;224420;950
2,02E+11;18;4;25;1800;1;2;1;1;6;563;BVD ANDRE BREMONT;M;4900910;223750;950
2,02E+11;18;5;16;750;1;2;1;1;3;252;AVENUE DES MARAIS;M;4899890;221890;950
2,02E+11;18;5;16;900;1;2;2;1;2;219;RUE DE LA GARE;M;4898010;227010;950
2,02E+11;18;5;17;715;1;2;1;1;2;203;AVENUE VOLTAIRE;M;4899430;227890;950
2,02E+11;18;5;19;1950;1;2;1;1;6;607;RUE PIERRE DE COUBERTIN;M;4901920;221680;950
2,02E+11;18;6;9;1430;1;2;1;1;3;607;BLD TEMPS DES CERISES;M;4902160;221950;950
2,02E+11;18;6;15;1500;1;2;1;1;1;424;RUE JACQUES VERNIOL;M;4898890;219370;950
2,02E+11;18;6;24;1710;1;2;1;1;6;219;RUE DU STAND;M;4899730;225010;950
2,02E+11;18;7;1;2146;1;2;1;1;2;252;RUE DU GENERAL LECLERC;M;4898630;222190;950
2,02E+11;18;6;29;920;1;2;3;1;3;424;AVENUE DE LA LIBERATION;M;4900660;219540;950
2,02E+11;18;6;29;2100;1;2;1;1;6;51;AVENUE PASTEUR;M;4901380;219090;950
2,02E+11;18;7;22;640;1;2;6;1;6;582;ROND POINT DU PARISIS;M;4896670;227370;950
2,02E+11;18;7;20;2030;1;1;3;1;3;219;RUE DU STAND;M;4899780;224780;950
2,02E+11;18;9;7;1200;1;2;1;1;6;424;AVENUE ARISTIDE MAILLOL;M;4899430;220230;950
2,02E+11;18;9;10;905;1;2;1;1;6;203;RUE DU GENERAL LECLERC;M;4898720;227350;950
2,02E+11;18;9;15;1645;1;2;1;1;6;219;RUE PROFESSEUR DASTRE;M;4898130;226910;950
2,02E+11;18;9;17;1600;1;2;1;1;6;582;AV DAMIETTE;M;4897210;225610;950
2,02E+11;18;9;21;1530;1;2;1;1;6;582;RUE DES FOSSES TREMPES;M;4898330;224060;950
2,02E+11;18;9;24;1600;1;2;1;1;6;252;BVD RHIN ET DANUBE;M;4899230;222170;950
2,02E+11;18;10;5;625;3;2;1;1;1;563;RUE DE PARIS;M;4901430;225080;950
2,02E+11;18;10;12;1600;1;2;2;1;2;607;BD TEMPS DES CERISES;M;4902070;222130;950
2,02E+11;18;10;13;1500;1;2;6;1;6;607;BD TEMPS DES CERISES;M;4902880;220950;950
2,02E+11;18;10;15;1555;1;2;6;1;3;607;BVD DU HUIT MAI 1945;M;4901040;221340;950
2,02E+11;18;10;25;1535;1;2;2;1;3;582;BD GAMBETTA;M;4897450;225040;950
2,02E+11;18;10;30;1630;1;2;1;1;6;607;RUE JACQUES PREVERT;M;4901240;221120;950
2,02E+11;18;11;8;1135;1;2;1;2;6;252;RUE DE LA STATION;M;4898530;223010;950
2,02E+11;18;11;14;1750;3;1;1;1;1;582;RUE DU PUITS GOHIER;M;4897070;224630;950
2,02E+11;18;11;12;1010;1;2;1;2;3;491;RUE GABRIEL PERI;M;4899860;224540;950
2,02E+11;18;12;6;1715;2;2;1;1;6;582;RUE TOUZELIN;M;4897280;225110;950
2,02E+11;18;12;9;1620;2;2;4;2;3;219;RUE DU STAND;M;4899780;224750;950
2,02E+11;18;12;29;1745;5;2;1;1;2;252;RUE DU BEL-AIR;M;4898770;223540;950
2,02E+11;18;3;14;950;1;2;1;7;6;280;AV ALBERT SARRAUT;M;4902510;246370;950
2,02E+11;18;3;24;2058;4;1;6;1;6;277;RD 370;M;4896870;246520;950
2,02E+11;18;5;8;1415;1;2;1;1;3;277;SQUARE DE LA GARENNE;M;4900090;242420;950
2,02E+11;18;10;13;1930;5;2;1;1;6;277;AV ROBERT SCHUMAN;M;4898490;243930;950
2,02E+11;18;1;10;730;5;2;1;2;6;585;AVENUE DIVISION LECLERC;M;4898310;237090;950
2,02E+11;18;1;10;1140;1;2;1;1;6;680;RUE GOUNOD;M;4900620;239930;950
2,02E+11;18;1;14;2150;3;1;1;1;2;539;AVENUE DIVISION LECLERC;M;4899490;234040;950
2,02E+11;18;1;16;20;5;2;3;2;2;585;AVENUE PAUL VALERY;M;4897830;238540;950
2,02E+11;18;1;23;1430;1;2;1;8;3;585;AVENUE PAUL LANGEVIN;M;4898280;237910;950
2,02E+11;18;1;17;850;1;2;1;1;2;539;AVENUE DIVISION LECLERC;M;4899550;235330;950
2,02E+11;18;1;26;1730;3;2;1;1;6;680;PLACE DU MESSAGER;M;4900740;240070;950
2,02E+11;18;2;9;1220;1;2;1;4;6;585;RUE PIERRE BROSSELETTE;M;4899410;237830;950
2,02E+11;18;2;18;900;1;1;1;5;6;539;RD 301;M;4900780;235380;950
2,02E+11;18;2;19;1910;3;1;2;2;6;539;RD 301;M;4899180;236030;950
2,02E+11;18;2;25;605;5;2;1;6;6;680;AVENUE PIERRE SEMARD;M;4900220;240330;950
2,02E+11;18;3;1;1600;1;2;1;1;6;585;BD FRANCOIS MITTERAND;M;4898850;237760;950
2,02E+11;18;2;22;1000;1;2;1;8;6;585;BD HENRI BERGSON;M;4897490;237620;950
2,02E+11;18;3;11;1130;1;2;4;1;2;585;RUE VICTOR HUGO;M;4899510;238020;950
2,02E+11;18;3;9;1410;1;2;3;8;3;585;RUE DE LA RESISTANCE;M;4900090;237620;950
2,02E+11;18;3;8;1935;5;2;2;8;3;585;BOULEVARD HENRI BERGSON;M;4897290;237590;950
2,02E+11;18;3;13;2050;5;2;1;1;3;268;AV DE STALINGRAD;M;4896630;240920;950
2,02E+11;18;3;12;1155;1;2;1;1;4;680;RD 316;M;4900590;238330;950
2,02E+11;18;3;17;1110;1;2;1;2;3;585;AVENUE DU 8 MAI 1945;M;4897690;237550;950
2,02E+11;18;3;17;2150;5;2;1;4;6;585;RD 301;M;4898560;236140;950
2,02E+11;18;3;18;2010;5;2;1;4;6;539;PLACE DE LA GARE;M;4899460;236850;950
2,02E+11;18;3;22;1315;1;2;1;1;6;268;AV DU PLEIN MIDI;M;4897180;239550;950
2,02E+11;18;3;21;1245;1;2;1;1;6;268;RUE CHARLES GARNIER;M;4897110;239690;950
2,02E+11;18;3;28;1710;1;2;1;1;2;268;BD DE LA MUETTE;M;4897180;242010;950
2,02E+11;18;4;4;910;1;2;1;2;6;268;AV DU GENERAL DE GAULLE;M;4897320;239990;950
2,02E+11;18;3;14;934;1;2;1;1;2;585;RUE DE L' ESCOUVRIER;M;4898960;239010;950
2,02E+11;18;4;9;1640;1;2;1;3;3;680;AVENUE PIERRE SEMARD;M;4900010;241080;950
2,02E+11;18;4;10;1750;1;2;2;8;2;680;RUE DE LA REPUBLIQUE;M;4900160;238480;950
2,02E+11;18;4;12;2340;3;1;1;2;6;268;CHEMIN  DE BONNEUIL;M;4896530;241740;950
2,02E+11;18;4;16;1800;1;2;1;1;6;585;ALLEE ANDRE AMPERE;M;4897690;237910;950
2,02E+11;18;4;20;2350;5;2;1;1;2;539;AVENUE DIVISION LECLERC;M;4899250;236410;950
2,02E+11;18;4;23;1528;1;2;3;1;1;585;ROUTE DE GARGES;M;4898650;237980;950
2,02E+11;18;4;23;2315;3;1;1;1;6;268;CHE DE BONNEUIL;M;4896530;241750;950
2,02E+11;18;4;24;1600;1;2;1;1;2;585;ROUTE DES REFUZNICKS;M;4898490;238330;950
2,02E+11;18;5;2;2130;3;2;1;2;6;680;CHEMIN DU COUDRAY;M;4901050;241940;950
2,02E+11;18;3;23;1406;1;2;1;1;6;585;BD HENRI POINCARE;M;4897820;237620;950
2,02E+11;18;5;4;1550;1;2;2;1;3;680;CHEMIN DES PLATRIERES;M;4900930;238270;950
2,02E+11;18;5;4;1835;1;2;1;1;3;268;RUE DU TIERS POT;M;4896650;239750;950
2,02E+11;18;5;6;2115;5;2;1;1;3;585;RUE PIERRE BROSSELETTE;M;4899590;237930;950
2,02E+11;18;5;16;1453;1;2;1;1;6;585;BOULEVARD HENRI BERGSON;M;4897390;237610;950
2,02E+11;18;5;18;945;1;2;1;1;6;268;AV DU GENERAL DE GAULLE;M;4897660;239170;950
2,02E+11;18;5;20;1240;1;2;3;1;6;585;AVENUE PAUL VALERY;M;4897790;238950;950
2,02E+11;18;5;23;1605;1;2;1;1;6;585;RUE JEAN JACQU ROUSSEAU;M;4899390;238230;950
2,02E+11;18;5;27;35;5;2;1;1;6;680;AVENUE DE LA CONCORDE;M;4899860;241530;950
2,02E+11;18;6;7;2140;2;2;7;1;3;680;AVENUE DU HUIT MAI 1945;M;4900590;240060;950
2,02E+11;18;6;11;1400;1;2;1;3;6;268;RUE TOULOUSE LAUTREC;M;4897860;239410;950
2,02E+11;18;6;13;1810;1;2;1;1;6;268;RUE ROBERT DE LUZARCHES;M;4897010;240070;950
2,02E+11;18;6;16;2320;5;2;1;1;6;585;BD MAURICE RAVEL;M;4897490;238260;950
2,02E+11;18;6;19;2005;1;2;1;1;6;680;CHEMIN DU VAL ROGER;M;4900780;237910;950
2,02E+11;18;4;23;2055;1;2;1;1;6;585;AVENUE DIVISION LECLERC;M;4897950;236840;950
2,02E+11;18;6;26;1710;1;2;1;1;6;680;RUE BOURDELLE;M;4900740;240280;950
2,02E+11;18;6;28;50;3;1;1;1;2;585;RUE DES CULTIVATEURS;M;4900052;238522;950
2,02E+11;18;7;5;900;1;2;1;1;2;680;AVENUE PIERRE SEMARD;M;4900390;239970;950
2,02E+11;18;7;6;1310;1;2;1;1;6;680;PLACE MAILLOL;M;4900520;240070;950
2,02E+11;18;7;7;1520;1;2;1;1;4;268;AV DU HUIT MAI 1945;M;4897410;240490;950
2,02E+11;18;7;10;2250;5;2;2;1;3;585;RUE THEODORE BULLIER;M;4899090;237410;950
2,02E+11;18;7;12;1855;1;2;1;1;2;268;AV DU GENERAL DE GAULLE;M;4897230;240080;950
2,02E+11;18;7;14;1930;1;2;1;1;6;585;RUE THEODORE BULLIER;M;4899130;237090;950
2,02E+11;18;7;19;2105;1;2;2;1;3;585;AVENUE DIVISION LECLERC;M;4899070;237410;950
2,02E+11;18;7;20;138;5;2;6;1;2;680;AVENUE PIERRE SEMARD;M;4899910;241430;950
2,02E+11;18;7;22;5;5;2;1;1;2;585;BOULEVARD JB CARPEAUX;M;4897910;238760;950
2,02E+11;18;7;24;1900;1;2;1;1;6;268;PLACE  ROGER SALENGRO;M;4897360;238980;950
2,02E+11;18;7;25;2030;1;2;1;1;3;268;BD DE LA MUETTE;M;4897530;241560;950
2,02E+11;18;7;25;2100;1;2;1;1;6;585;ALLEE CHATEAUBRIAND;M;4898020;238530;950
2,02E+11;18;8;3;1320;1;2;1;1;6;268;AV DE STALINGRAD;M;4896210;240210;950
2,02E+11;18;8;3;1715;1;2;3;1;5;268;AV DE STALINGRAD;M;4896890;241210;950
2,02E+11;18;8;20;1817;1;2;1;1;3;585;AVENUE PAUL VALERY;M;4897990;237510;950
2,02E+11;18;8;31;1725;1;2;1;1;3;268;AV DE STALINGRAD;M;4897250;241690;950
2,02E+11;18;9;7;1930;1;2;1;1;6;680;AVENUE DE LA CONCORDE;M;4899890;241450;950
2,02E+11;18;9;7;2130;5;2;1;1;6;585;ROUTE DE GARGES;M;4898770;237880;950
2,02E+11;18;9;11;820;1;1;1;1;5;680;CHEMIN VILLIERS LE BEL;M;4901750;241150;950
2,02E+11;18;9;12;1510;1;2;1;1;3;680;AVENUE PIERRE SEMARD;M;4900510;239780;950
2,02E+11;18;9;13;2100;5;2;1;1;3;680;RUE VICTOR GOUFFE;M;4900860;238890;950
2,02E+11;18;9;16;948;1;2;1;1;6;585;RUE THEODORE BULLIER;M;4899290;236620;950
2,02E+11;18;9;18;536;5;2;1;1;5;268;AV DU GENERAL DE GAULLE;M;4896820;240660;950
2,02E+11;18;9;21;818;1;2;1;2;6;585;BVD J.B CARPEAUX;M;4897950;238780;950
2,02E+11;18;9;24;1935;2;2;1;1;3;268;BD DE LA MUETTE;M;4897450;241640;950
2,02E+11;18;9;28;705;2;2;1;1;3;598;AVENUE KELLERMAN;M;4897980;229240;950
2,02E+11;18;9;29;955;1;2;1;1;3;680;PLACE DE LA TOLINETTE;M;4900360;239210;950
2,02E+11;18;9;29;1715;1;2;1;1;6;585;RUE JEAN JACQU ROUSSEAU;M;4899650;238590;950
2,02E+11;18;9;29;1835;1;2;1;1;6;268;RUE JEAN RACINE;M;4897590;239150;950
2,02E+11;18;10;3;1455;1;2;6;1;2;680;RUE DES CULTIVATEURS;M;4900170;238540;950
2,02E+11;18;10;5;1730;1;2;1;1;6;268;RUE DES AUBEPINES;M;4897340;240070;950
2,02E+11;18;10;7;1805;1;2;2;8;3;268;AV FRANCOIS MITTERRAND;M;4897310;239770;950
2,02E+11;18;10;7;2201;5;2;1;1;1;585;AVENUE DIVISION LECLERC;M;4898850;237310;950
2,02E+11;18;10;8;1915;2;2;1;1;2;268;BOULEVARD DE LA MUETTE;M;4897350;241890;950
2,02E+11;18;10;11;1200;1;2;1;1;6;268;AV ANATOLE FRANCE;M;4897250;239350;950
2,02E+11;18;10;5;830;1;2;1;1;4;585;ROUTE DES REFUZNICKS;M;4898180;238850;950
2,02E+11;18;10;17;1815;1;2;2;1;3;539;RD 125;M;4899160;236020;950
2,02E+11;18;10;30;1248;1;2;1;2;5;585;BOULEVARD HENRI BERGSON;M;4897460;237630;950
2,02E+11;18;11;3;725;1;2;1;1;1;268;AV DE STALINGRAD;M;4896360;240480;950
2,02E+11;18;11;3;2200;5;2;1;1;5;268;RUE DU TIERS POT;M;4896660;239750;950
2,02E+11;18;11;6;1150;1;1;1;1;1;539;RUE CHAPELLE ST NICOLAS;M;4899370;236780;950
2,02E+11;18;11;8;1740;3;2;1;1;6;585;AVENUE PAUL LANGEVIN;M;4898250;237910;950
2,02E+11;18;11;8;1010;1;2;1;1;6;680;BOULEVARD CARNOT;M;4900480;238680;950
2,02E+11;18;11;14;1810;3;1;1;1;5;539;RD 301;M;4899220;236030;950
2,02E+11;18;11;22;1540;1;2;1;2;4;680;AVENUE PIERRE SEMARD;M;4900110;240770;950
2,02E+11;18;11;22;1830;5;2;1;8;6;585;RUE TAILLEPIED;M;4899570;237480;950
2,02E+11;18;11;28;1420;1;2;1;5;7;585;RUE DES CULTIVATEURS;M;4899950;238610;950
2,02E+11;18;12;1;1855;5;2;1;1;6;585;ROUTE DE GARGES;M;4898810;237840;950
2,02E+11;18;12;5;1250;1;2;1;1;6;585;AVENUE PAUL VALERY;M;4897980;237620;950
2,02E+11;18;12;5;1425;1;1;1;1;3;539;AVENUE ROBERT SCHUMANN;M;4900690;235190;950
2,02E+11;18;12;6;1745;4;2;1;1;6;539;RUE DOCTEUR GOLDSTIEN;M;4899030;235940;950
2,02E+11;18;7;30;1810;1;2;3;1;6;585;AVENUE AUGUSTE  PERRET;M;4897660;237860;950
2,02E+11;18;12;28;1735;5;2;1;1;3;268;AV DE LA COMMUNE DE PARI;M;4897070;239910;950
2,02E+11;18;12;28;1900;5;2;1;8;6;585;AVENUE AUGUSTE PERRET;M;4897510;238670;950
2,02E+11;18;12;30;2030;5;1;1;2;3;539;RD 301;M;4899160;236030;950
2,02E+11;18;1;5;2320;5;2;1;1;3;4;MONTEE SAINT JEAN;M;4193283;873740;201
2,02E+11;18;1;8;1408;1;2;2;1;3;4;MACCHINI EUGENE AVENUE;M;4191854;873697;201
2,02E+11;18;1;9;720;2;2;1;8;3;4;RECCO ABBE BOULEVARD;M;4193732;873788;201
2,02E+11;18;1;12;1642;1;2;1;1;6;4;03  1ER CONSUL AVENUE;M;4191859;873739;201
2,02E+11;18;1;16;1850;5;2;1;1;6;4;SARTENE ANCIENNE ROUTE;M;4192989;877604;201
2,02E+11;18;1;19;1215;1;2;3;1;3;4;JARDINS DE L'EMPEREUR AV;M;4192659;872906;201
2,02E+11;18;1;20;1710;2;2;1;2;7;4;NAPOLEON COURS AVANT BEV;M;4192828;873875;201
2,02E+11;18;1;24;1825;5;2;1;1;3;4;RECCO ABBE BOULEVARD;M;4193732;873792;201
2,02E+11;18;1;25;1030;1;2;1;1;2;4;MARECHAL MONCEY AVENUE;M;4193058;873333;201
2,02E+11;18;1;26;755;1;2;3;1;3;4;ALBERT 1ER BD;M;4191297;872624;201
2,02E+11;18;1;25;2314;3;1;1;1;7;4;VAZZIO HAUTS DU HLM;M;4193621;879505;201
2,02E+11;18;1;30;1200;1;2;1;1;3;4;CAMPI LOUIS BD;M;4194404;875520;201
2,02E+11;18;1;31;1322;1;2;4;1;3;4;MONTEE SAINT JEAN;M;4193280;873739;201
2,02E+11;18;1;31;1927;5;2;6;1;3;4;GEORGES POMPIDOU AVENUE;M;4193344;875431;201
2,02E+11;18;2;2;600;5;2;1;8;6;4;BONAPARTE CHARLES  BD;M;4193299;874400;201
2,02E+11;18;2;5;2034;5;2;3;8;7;4;ASPIRANT MICHELIN;M;4192962;873341;201
2,02E+11;18;2;2;1617;1;1;1;2;6;4;SARTENE ANCIENNE ROUTE;M;4192816;879317;201
2,02E+11;18;2;13;1954;3;2;1;1;5;4;7  NICOLI JEAN COURS;M;4193306;874238;201
2,02E+11;18;2;18;1935;5;2;1;9;3;4;CAMPI LOUIS BD;M;4194273;875201;201
2,02E+11;18;2;22;1840;5;1;1;1;2;4;T21;M;4192865;876751;201
2,02E+11;18;2;24;1720;2;2;1;2;2;4;CALVI  ROUTE;M;4195603;878240;201
2,02E+11;18;2;25;853;1;2;3;2;1;4;NAPOLEON COURS AVANT BEV;M;4193220;874061;201
2,02E+11;18;3;2;1955;5;2;2;1;1;4;BIANCAMARIA COLONEL ET C;M;4193296;873739;201
2,02E+11;18;3;5;2040;5;2;1;2;7;4;ROSSINI PASCAL BD;M;4191507;873011;201
2,02E+11;18;3;10;646;2;1;6;1;7;4;T21;M;4193137;880269;201
2,02E+11;18;3;10;1150;1;2;2;1;3;4;BEVERINI VICO PAIR AVENU;M;4192836;873747;201
2,02E+11;18;3;14;1445;1;2;1;1;3;4;RECCO ABBE BOULEVARD;M;4193709;873701;201
2,02E+11;18;3;16;800;1;2;1;1;4;4;BONAPARTE CHARLES  BD;M;4193377;874540;201
2,02E+11;18;3;16;1415;1;2;7;1;3;4;ALATA ROUTE;M;4193455;873660;201
2,02E+11;18;3;16;2010;4;2;1;3;6;4;SEBASTIANU COSTA BD;M;4194176;874823;201
2,02E+11;18;3;16;2226;5;2;9;3;2;4;17  ALATA ROUTE;M;4193434;873917;201
2,02E+11;18;3;17;125;5;2;1;2;6;4;GRANDVAL COURS IMPAIR;M;4191812;873387;201
2,02E+11;18;3;17;1330;1;2;1;1;6;4;ALBERT 1ER BD;M;4191281;872409;201
2,02E+11;18;3;26;1609;1;2;1;1;1;4;EUGENIE IMPERATRICE AVEN;M;4192026;873347;201
2,02E+11;18;4;5;1535;1;2;1;1;2;4;MARECHAL JUIN AVENUE;M;4193576;875081;201
2,02E+11;18;4;5;1850;1;2;3;1;3;4;MEZZAVIA ROUTE DE;M;4194896;876673;201
2,02E+11;18;4;9;1030;1;2;1;8;6;4;MEZZAVIA ROUTE DE;M;4194787;876451;201
2,02E+11;18;4;13;1033;1;2;1;1;2;4;T21;M;4192711;879170;201
2,02E+11;18;4;15;2005;2;2;1;1;1;4;NAPOLEON III AVENUE PAIR;M;4192438;873425;201
2,02E+11;18;4;17;1640;1;2;1;1;6;4;MEZZAVIA ROUTE DE;M;4195210;877592;201
2,02E+11;18;4;30;725;1;2;1;1;5;4;MEZZAVIA ROUTE DE;M;4195362;879009;201
2,02E+11;18;5;2;1815;1;2;1;2;4;4;ROUTE DU STILETTO;M;4194610;876308;201
2,02E+11;18;5;7;720;1;2;1;1;2;4;PRINCE IMPERIAL COURS;M;4193306;874237;201
2,02E+11;18;5;14;1125;1;1;1;3;2;4;MEZZAVIA ROUTE DE;M;4194585;876022;201
2,02E+11;18;5;14;1905;1;2;1;2;7;4;BEVERINI VICO PAIR AVENU;M;4192653;873704;201
2,02E+11;18;5;14;1840;1;2;1;2;1;4;NAPOLEON COURS APRES BEV;M;4192779;873864;201
2,02E+11;18;5;16;1215;1;2;1;1;6;4;PIETRINA RUE DE LA;M;4192554;873454;201
2,02E+11;18;5;16;2125;3;2;3;1;2;4;BIANCAMARIA COLONEL ET C;M;4193450;873670;201
2,02E+11;18;5;17;1440;1;2;1;1;5;4;MEZZAVIA ROUTE DE;M;4194856;876601;201
2,02E+11;18;5;17;1940;1;2;1;1;3;4;MAGNOLIAS RUE DES;M;4194648;875477;201
2,02E+11;18;5;19;445;5;2;1;1;6;4;MARECHAL LYAUTEY AVENUE;M;4193880;874546;201
2,02E+11;18;5;19;630;1;2;1;1;3;4;ROSSINI PASCAL BD;M;4191505;873008;201
2,02E+11;18;5;19;1910;1;2;1;1;4;4;NAPOLEON COURS AVANT BEV;M;4192743;873850;201
2,02E+11;18;5;22;1820;1;2;1;1;1;4;VAZZIO CITE EDF;M;4192921;876831;201
2,02E+11;18;5;25;830;1;2;2;1;3;4;NAPOLEON COURS AVANT BEV;M;4192496;873799;201
2,02E+11;18;5;27;1135;1;2;1;1;7;4;HYGHLAND RCE AV DE VERDU;M;4192012;872690;201
2,02E+11;18;5;27;1435;1;2;1;1;3;4;REPUBLIQUE QUAI DE LA;M;4191989;873953;201
2,02E+11;18;5;28;2055;5;1;1;1;2;4;ILES SANGUINAIRES ROUTE;M;4190781;863268;201
2,02E+11;18;6;5;1650;1;2;1;1;6;4;MEZZAVIA ROUTE DE;M;4195228;877960;201
2,02E+11;18;6;6;1520;1;2;1;1;6;4;ALBERT 1ER BD;M;4191288;872438;201
2,02E+11;18;6;7;1635;1;2;1;1;3;4;HERMINIER GARE MARITIME;M;4192355;873924;201
2,02E+11;18;6;9;905;1;2;1;1;3;4;ARIA MARINA RCE BD TINO;M;4190913;863740;201
2,02E+11;18;6;13;1740;1;2;1;1;3;4;SEBASTIANU COSTA BD;M;4194069;874511;201
2,02E+11;18;6;13;1845;1;1;3;1;3;4;T20;M;4193708;880361;201
2,02E+11;18;6;15;1130;1;2;1;1;6;4;ILES SANGUINAIRES ROUTE;M;4190889;871860;201
2,02E+11;18;6;19;1026;1;1;1;1;2;4;T40;M;4193293;880897;201
2,02E+11;18;6;20;1715;1;1;1;1;4;4;T20;M;4194006;880546;201
2,02E+11;18;6;20;1905;1;2;3;1;3;4;NAPOLEON COURS APRES BEV;M;4193088;873958;201
2,02E+11;18;6;23;1635;1;2;1;1;6;4;ILES SANGUINAIRES ROUTE;M;4190894;868695;201
2,02E+11;18;6;27;1939;1;2;1;1;6;4;CAMPI LOUIS BD;M;4194265;875184;201
2,02E+11;18;7;2;1020;1;2;1;1;3;4;MARECHAL LYAUTEY AVENUE;M;4193825;874504;201
2,02E+11;18;7;8;1435;1;2;1;1;2;4;STEPHANOPOLI NICEPHORE;M;4190891;871112;201
2,02E+11;18;7;17;730;1;2;2;1;6;4;MONTEE SAINT JEAN;M;4193283;873742;201
2,02E+11;18;7;18;2054;5;1;1;1;6;4;SARTENE ANCIENNE ROUTE;M;4193022;877786;201
2,02E+11;18;7;20;845;1;1;1;1;2;4;MEZZAVIA ROUTE DE;M;4195603;878238;201
2,02E+11;18;7;28;2120;5;2;3;1;6;4;ALBERT 1ER BD;M;4191294;872550;201
2,02E+11;18;7;29;1024;1;2;1;1;6;4;FABIANI  DOMINIQUE;M;4191690;872732;201
2,02E+11;18;7;28;435;5;2;1;1;7;4;STEPHANOPOLI NICEPHORE;M;4190889;871530;201
2,02E+11;18;8;1;745;1;2;3;7;1;4;STEPHANOPOLI NICEPHORE;M;4190887;871532;201
2,02E+11;18;8;1;800;1;2;6;1;3;4;PRINCE IMPERIAL COURS;M;4193410;875255;201
2,02E+11;18;7;25;1000;1;2;1;1;6;4;SAMPIERO BD;M;4192321;873933;201
2,02E+11;18;8;6;1145;1;2;1;1;7;4;BONAPARTE CHARLES  BD;M;4193246;874131;201
2,02E+11;18;8;15;27;5;2;1;1;2;4;ILES SANGUINAIRES ROUTE;M;4190950;869001;201
2,02E+11;18;8;15;2020;2;2;1;1;7;4;ILES SANGUINAIRES ROUTE;M;4190657;866832;201
2,02E+11;18;8;16;1040;1;2;1;1;3;4;CAMPI LOUIS BD;M;4194408;875539;201
2,02E+11;18;7;23;1150;1;2;1;1;3;4;CENTRE DE TRI POSTAL CAM;M;4192097;879253;201
2,02E+11;18;8;18;930;1;2;1;1;2;4;ILES SANGUINAIRES ROUTE;M;4190870;871776;201
2,02E+11;18;8;19;815;1;2;1;1;3;4;GRANDE ARMEE AVENUE;M;4192612;872870;201
2,02E+11;18;8;18;1707;1;2;1;1;3;4;ILES SANGUINAIRES ROUTE;M;4190866;868648;201
2,02E+11;18;8;20;2040;2;1;1;1;6;4;T20;M;4193676;880356;201
2,02E+11;18;8;21;1350;1;1;1;1;5;4;T20;M;4193888;880433;201
2,02E+11;18;8;22;1740;1;1;9;1;3;4;GEANT CASINO;M;4195009;877408;201
2,02E+11;18;8;23;25;5;2;3;1;6;4;MARECHAL FOCH PLACE;M;4191920;873950;201
2,02E+11;18;8;23;1520;1;2;1;2;7;4;MEZZAVIA ROUTE DE;M;4194969;877000;201
2,02E+11;18;8;27;1300;1;2;1;1;3;4;NAPOLEON COURS APRES BEV;M;4193028;873941;201
2,02E+11;18;8;29;825;1;2;1;1;3;4;MEZZAVIA ROUTE DE;M;4195199;877750;201
2,02E+11;18;8;29;1910;1;2;3;1;6;4;CANDIA;M;4193454;874552;201
2,02E+11;18;8;31;1640;1;2;1;1;3;4;RECCO ABBE BOULEVARD;M;4193755;873864;201
2,02E+11;18;8;31;1925;2;2;1;1;6;4;MARECHAL JUIN AVENUE;M;4194064;875046;201
2,02E+11;18;9;6;755;1;2;1;1;6;4;ALBERT 1ER BD;M;4191339;872770;201
2,02E+11;18;9;6;810;1;2;1;1;6;4;SEBASTIANU COSTA BD;M;4194160;874793;201
2,02E+11;18;9;10;935;1;2;3;1;3;4;PRINCE IMPERIAL COURS;M;4193420;874750;201
2,02E+11;18;9;11;1235;1;2;9;1;2;4;MEZZAVIA ROUTE DE;M;4195260;878450;201
2,02E+11;18;9;11;1920;2;2;4;1;3;4;VERDUN AVENUE DE;M;4192319;873040;201
2,02E+11;18;9;11;2143;3;1;1;1;6;4;T20;M;4193386;880247;201
2,02E+11;18;9;13;2303;3;1;6;1;6;4;T21;M;4192809;879958;201