Num_Acc;an;mois;jour;hrmn;lum;agg;int;atm;col;com;adr;gps;lat;long;dep
2,02E+11;18;9;14;1212;1;2;9;1;6;4;LORETTO CHEMIN;M;4193391;872103;201
2,02E+11;18;9;19;1835;1;2;1;1;5;4;MEZZAVIA ROUTE DE;M;4194917;876780;201
2,02E+11;18;9;23;110;5;2;1;1;1;4;CAMPI LOUIS BD;M;4194410;875560;201
2,02E+11;18;9;23;2230;5;2;8;1;3;4;NAPOLEON COURS APRES BEV;M;4193220;874059;201
2,02E+11;18;9;24;1140;1;2;1;1;3;4;ROUTE DU STILETTO;M;4194660;876520;201
2,02E+11;18;9;27;2322;5;1;1;1;2;4;T21;M;4192869;876573;201
2,02E+11;18;10;1;1145;1;2;3;1;3;4;GRANDE ARMEE AVENUE;M;4192662;872907;201
2,02E+11;18;10;6;1145;1;2;1;2;1;4;MONTEE SAINT JEAN;M;4193362;873695;201
2,02E+11;18;10;7;2305;3;1;1;1;1;4;CALVI  ROUTE;M;4196109;878014;201
2,02E+11;18;10;9;800;1;2;1;1;3;4;RECCO ABBE BOULEVARD;M;4193745;873799;201
2,02E+11;18;10;20;1800;1;2;9;1;3;4;REPUBLIQUE QUAI DE LA;M;4191980;873955;201
2,02E+11;18;10;22;1535;1;2;1;1;3;4;MARECHAL JUIN AVENUE;M;4193876;875087;201
2,02E+11;18;10;31;942;1;2;6;8;3;4;MEZZAVIA ROUTE DE;M;4195195;877458;201
2,02E+11;18;10;30;1410;1;2;3;1;3;4;NICOLI JEAN COURS;M;4193361;874407;201
2,02E+11;18;11;3;1234;1;2;1;8;3;4;GRANDE ARMEE AVENUE;M;4192781;873293;201
2,02E+11;18;11;5;1300;1;2;1;8;1;4;SPOSATA CHEMIN DE LA;M;4194904;875772;201
2,02E+11;18;11;6;1845;5;2;1;3;6;4;NAPOLEON COURS APRES BEV;M;4192739;873849;201
2,02E+11;18;11;8;1950;5;2;2;1;1;4;NICOLI JEAN COURS;M;4193415;874549;201
2,02E+11;18;11;9;1110;1;1;1;1;3;4;PLEIN SOLEIL RCE AVE DES;M;4190892;870867;201
2,02E+11;18;11;9;2030;5;2;1;1;1;4;ALATA ROUTE;M;4193606;873593;201
2,02E+11;18;11;10;1707;1;2;1;1;6;4;NAPOLEON COURS AVANT BEV;M;4192316;873767;201
2,02E+11;18;11;10;1859;5;2;1;1;3;4;AVENUE DU DOCTEUR NOEL F;M;4194068;875601;201
2,02E+11;18;11;13;1623;1;2;3;1;3;4;NAPOLEON COURS AVANT BEV;M;4192593;873826;201
2,02E+11;18;11;14;1833;5;2;1;1;6;4;DIAMANT I RCE AV EUGENE;M;4191780;873706;201
2,02E+11;18;11;14;1855;5;1;1;1;2;4;GIACOBBI PAUL  RUE;M;4193643;874897;201
2,02E+11;18;11;15;825;1;2;1;1;3;4;GEORGES POMPIDOU AVENUE;M;4192982;875889;201
2,02E+11;18;11;24;2150;5;2;1;1;6;4;NAPOLEON COURS AVANT BEV;M;4192533;873810;201
2,02E+11;18;11;27;820;1;1;1;2;2;4;T40;M;4193333;880801;201
2,02E+11;18;11;29;227;5;2;1;1;7;4;PIETRI NICOLAS AVENUE;M;4191737;872392;201
2,02E+11;18;11;30;1410;1;2;6;1;7;4;SAMPIERO BD;M;4192672;873920;201
2,02E+11;18;12;1;302;5;2;9;1;2;4;T22;M;4195257;878441;201
2,02E+11;18;12;2;320;5;2;1;1;6;4;AVENUE DU DOCTEUR NOEL F;M;4193682;875372;201
2,02E+11;18;12;2;1055;1;2;1;1;3;4;AVENUE DU DOCTEUR NOEL F;M;4193559;875354;201
2,02E+11;18;12;4;1720;2;2;1;1;7;4;ALBERT 1ER BD;M;4191290;875250;201
2,02E+11;18;12;7;1740;5;2;2;1;3;4;PAOLI DOMINIQUE  BD;M;4192899;873748;201
2,02E+11;18;12;7;2205;5;2;1;1;3;4;BONAPARTE CHARLES  BD;M;4192884;874011;201
2,02E+11;18;12;10;2015;5;2;1;1;6;4;MARECHAL JUIN AVENUE;M;4193909;875083;201
2,02E+11;18;12;12;1700;1;2;1;1;6;4;SEBASTIANU COSTA BD;M;4194175;874825;201
2,02E+11;18;12;13;1630;2;2;1;2;3;4;ALBERT 1ER BD;M;4191280;872530;201
2,02E+11;18;12;13;1800;5;2;1;2;3;4;MACCHINI EUGENE AVENUE;M;4191776;873709;201
2,02E+11;18;12;13;1900;5;2;1;2;2;4;BONAPARTE CHARLES  BD;M;4193320;874330;201
2,02E+11;18;12;20;2005;5;2;1;1;6;4;NAPOLEON COURS APRES BEV;M;4192351;873788;201
2,02E+11;18;12;22;1855;5;2;1;1;1;4;LEVIE JEAN JEROME AVENUE;M;4192610;873840;201
2,02E+11;18;12;23;1430;1;1;1;1;6;4;ILES SANGUINAIRES ROUTE;M;4190930;869170;201
2,02E+11;18;12;26;940;1;2;1;1;3;4;MONT THABOR RUE DU;M;4193744;876176;201
2,02E+11;18;12;28;1525;1;2;1;1;5;4;MEZZAVIA ROUTE DE;M;4194794;876453;201
2,02E+11;18;1;1;615;5;1;1;1;3;18;A4;M;4881820;241050;940
2,02E+11;18;1;1;930;1;1;1;1;7;52;A86 INT;M;4883814;249378;940
2,02E+11;18;1;1;1500;1;1;1;3;6;79;A4;M;4883000;253000;940
2,02E+11;18;1;3;540;3;1;1;3;6;44;RN406.W;M;4874966;248091;940
2,02E+11;18;1;4;1355;1;1;9;2;3;258;A4.Y - PARIS PROVINCE;M;4882987;262389;770
2,02E+11;18;1;5;930;1;1;1;8;3;17;A4;M;4882655;251745;940
2,02E+11;18;1;7;30;5;1;1;2;2;17;A4;M;4882851;250365;940
2,02E+11;18;1;7;700;5;1;9;2;2;58;A86.EXT;M;4884108;249305;940
2,02E+11;18;1;7;1855;5;1;1;1;6;17;A4;M;4882729;246917;940
2,02E+11;18;1;9;1745;3;1;1;2;3;51;A4;M;4883516;257250;930
2,02E+11;18;1;10;720;5;1;1;1;2;17;A4;M;4882681;251484;940
2,02E+11;18;1;10;1900;3;1;1;1;2;112;A4;M;4881928;245855;750
2,02E+11;18;1;12;830;2;1;1;1;1;73;A86 INT;M;4876243;238149;940
2,02E+11;18;1;13;101;5;1;1;1;2;33;A86.INT;M;4884861;249083;940
2,02E+11;18;1;14;235;3;1;1;1;5;51;A4;M;4883415;258644;930
2,02E+11;18;1;19;2100;3;1;1;1;6;294;A104 - LA FRANCILIENNE;M;4895965;262121;770
2,02E+11;18;1;14;740;2;1;1;1;2;58;A4;M;4883014;270256;770
2,02E+11;18;1;14;1227;1;1;1;1;2;46;A86 EXT;M;4880722;244882;940
2,02E+11;18;1;14;2000;5;1;1;1;2;46;A86 EXT;M;4880312;244848;940
2,02E+11;18;1;16;920;1;1;1;2;6;51;A4;M;4884887;255207;930
2,02E+11;18;1;16;1455;1;1;1;2;4;450;N104 - LA FRANCILIENNE;M;4870222;259527;770
2,02E+11;18;1;16;1930;3;1;1;2;2;438;A104 - LA FRANCILIENNE;M;4885466;266346;770
2,02E+11;18;1;17;800;3;1;4;2;2;69;A86 EXT;M;4881190;244926;940
2,02E+11;18;1;17;1135;1;1;9;8;4;372;A104 - LA FRANCILIENNE;M;4887662;266887;770
2,02E+11;18;1;19;2245;3;1;1;1;2;15;A4;M;4883135;253141;940
2,02E+11;18;1;21;245;5;1;1;1;2;73;A86 EXT;M;4870730;230643;940
2,02E+11;18;1;21;2150;5;1;1;2;6;73;A86 EXT;M;4876815;237883;940
2,02E+11;18;1;23;735;1;1;1;1;2;237;A4;M;4883175;277305;770
2,02E+11;18;1;24;1445;1;1;1;1;7;69;A4;M;4881710;244280;940
2,02E+11;18;1;24;1545;1;1;1;1;3;65;A86 INT;M;4875410;235021;940
2,02E+11;18;1;25;925;1;1;1;8;3;44;RN406.W;M;4875746;247735;940
2,02E+11;18;1;26;300;3;1;1;1;6;51;A4;M;4883660;254448;930
2,02E+11;18;1;26;2145;3;1;9;1;2;294;A104 - LA FRANCILIENNE;M;4897216;259272;770
2,02E+11;18;1;26;2200;3;1;1;1;6;373;RN104;M;4879431;262010;770
2,02E+11;18;1;27;30;4;1;1;1;4;17;A4;M;4883040;249436;940
2,02E+11;18;1;27;1340;1;1;1;1;2;17;A4;M;4884851;257316;940
2,02E+11;18;1;28;2200;3;1;1;9;6;258;A4.Y - PARIS PROVINCE;M;4883088;263758;770
2,02E+11;18;1;30;730;3;1;1;1;3;15;A4;M;4883047;252965;940
2,02E+11;18;1;30;820;1;1;1;1;2;258;A4.W;M;4883040;262957;770
2,02E+11;18;1;31;1350;1;1;1;2;5;17;A4;M;4881331;256811;940
2,02E+11;18;1;31;1730;2;1;1;2;6;15;A4;M;4883497;252401;940
2,02E+11;18;1;31;2300;4;1;1;2;4;69;A4;M;4881750;244000;940
2,02E+11;18;2;1;900;1;1;1;2;3;384;A5b - BRET. AIRE GALANDE;M;4860612;263343;770
2,02E+11;18;2;1;930;1;1;1;3;4;294;A104;M;4896677;260546;770
2,02E+11;18;2;1;935;1;1;1;2;3;363;A104;M;4892640;262874;770
2,02E+11;18;2;1;1415;1;1;1;8;4;169;A4 PARIS PROVINCE;M;4883064;260761;770
2,02E+11;18;2;1;1840;3;1;9;2;2;438;A104 - LA FRANCILIENNE;M;4886036;266664;770
2,02E+11;18;2;1;1850;3;1;9;1;3;175;RN104;M;4867311;261113;770
2,02E+11;18;2;1;2025;4;1;1;2;4;18;A4;M;4881730;241570;940
2,02E+11;18;2;1;2303;3;1;1;8;6;28;A86 EXT;M;4879090;244070;940
2,02E+11;18;2;2;730;1;1;1;1;2;28;A86 EXT;M;4877398;240636;940
2,02E+11;18;2;3;1340;1;1;1;2;4;17;A4;M;4882861;251361;940
2,02E+11;18;2;3;1730;2;1;1;2;4;28;A86 EXT;M;4880366;244868;940
2,02E+11;18;2;4;330;3;1;1;2;7;249;RN104;M;4874598;261366;770
2,02E+11;18;2;5;930;1;1;1;1;2;28;A86 INT;M;4880134;244755;940
2,02E+11;18;2;6;1135;1;1;1;2;2;28;RN406.W;M;4877950;244183;940
2,02E+11;18;2;13;915;1;1;1;9;7;69;A4;M;4881790;243990;940
2,02E+11;18;2;17;600;4;1;1;1;4;69;A4;M;4881862;245893;940
2,02E+11;18;2;18;945;1;1;1;1;2;112;A4;M;;;750
2,02E+11;18;2;20;1020;1;1;1;1;2;146;RN104.EXT;M;4880723;263017;770
2,02E+11;18;2;20;1930;3;1;9;2;3;249;N104 - LA FRANCILIENNE;M;4875197;261434;770
2,02E+11;18;2;21;1550;1;1;1;1;2;69;A4;M;4882222;242888;940
2,02E+11;18;2;22;1815;1;1;1;1;6;18;A4;M;4882400;239400;940
2,02E+11;18;2;23;540;3;1;1;1;6;79;A4;M;4882700;252434;940
2,02E+11;18;2;23;2000;1;1;1;1;2;294;A104;M;4896974;259874;770
2,02E+11;18;2;23;1900;2;1;1;1;4;249;N104 - LA FRANCILIENNE;M;4875983;261577;770
2,02E+11;18;2;23;2130;3;1;1;1;3;296;A5b;M;4863380;262853;770
2,02E+11;18;2;24;1640;1;1;1;1;6;69;A4;M;4882000;240000;940
2,02E+11;18;2;25;515;3;1;9;1;4;237;A4;M;4882981;274840;770
2,02E+11;18;2;25;1520;1;1;9;1;7;28;A86 INT;M;4880000;244000;940
2,02E+11;18;2;26;345;5;1;1;1;6;52;A86 INT;M;4883100;249056;940
2,02E+11;18;2;26;1745;1;1;1;1;6;28;A86 EXT;M;4878793;244030;940
2,02E+11;18;2;27;30;5;1;1;1;6;17;A86.EXT;M;4881766;242485;940
2,02E+11;18;2;27;700;2;1;1;1;4;65;A86 INT;M;4875098;235572;940
2,02E+11;18;2;28;715;1;1;1;1;2;18;A4;M;4882126;239971;940
2,02E+11;18;2;28;1700;1;1;1;1;7;28;A86 INT;M;4877622;242306;940
2,02E+11;18;3;4;1720;1;1;9;1;7;337;N104 - LA FRANCILIENNE;M;4882891;261839;770
2,02E+11;18;3;4;2025;3;1;9;1;6;337;A4 PARIS PROVINCE;M;4883062;260911;770
2,02E+11;18;3;5;950;1;1;9;1;2;258;A4.Y - PARIS PROVINCE;M;4883099;263891;770
2,02E+11;18;3;6;900;1;1;1;1;2;363;A104 - LA FRANCILIENNE;M;4892135;263084;770
2,02E+11;18;3;6;1230;1;1;1;1;4;65;A86 EXT;M;4875423;235072;940
2,02E+11;18;3;6;1735;1;1;1;1;4;112;A4;M;4881726;244209;750
2,02E+11;18;3;7;1640;1;1;9;2;6;514;A104 EXTERIEUR;M;4894199;262850;770
2,02E+11;18;3;7;1815;2;1;1;2;3;46;A86 EXT;M;4881111;244912;940
2,02E+11;18;3;8;1700;1;1;1;3;4;294;A104 - LA FRANCILIENNE;M;4897534;258456;770
2,02E+11;18;3;8;1900;3;1;1;2;3;81;A 86 EXT;M;4877416;240636;940
2,02E+11;18;3;8;2310;3;1;1;2;5;15;A4;M;4883248;253318;940
2,02E+11;18;3;10;33;5;1;1;1;6;18;A4;M;4881970;240311;940
2,02E+11;18;3;10;1150;1;1;9;2;6;28;RN406.Y;M;4877237;244601;940
2,02E+11;18;3;10;1410;1;1;1;1;3;22;A86 EXT;M;4877661;241703;940
2,02E+11;18;3;10;1915;3;1;1;1;3;17;A4;M;4882649;251186;940
2,02E+11;18;3;12;1700;1;1;1;1;2;46;A86 EXT;M;4880764;244901;940
2,02E+11;18;3;13;845;1;1;1;1;4;28;A86 INT;M;4878360;243920;940
2,02E+11;18;3;13;2030;5;1;1;1;4;69;A4;M;4881750;241390;940
2,02E+11;18;3;14;930;1;1;1;1;2;28;A86 EXT;M;4878898;244047;940
2,02E+11;18;3;15;1600;1;1;1;1;4;65;A86 EXT;M;4875417;235036;940
2,02E+11;18;3;16;900;1;1;9;1;2;363;A104 - LA FRANCILIENNE;M;4891296;263522;770
2,02E+11;18;3;16;1730;1;1;1;1;3;65;A86 EXT;M;4875396;235357;940
2,02E+11;18;3;17;1505;1;1;1;2;4;17;A4;M;4882662;251541;940
2,02E+11;18;3;19;915;1;1;1;2;4;46;A86 EXT;M;4880702;244909;940
2,02E+11;18;3;19;1305;1;1;1;1;6;46;A86 INT;M;4881185;244887;940
2,02E+11;18;3;20;1900;3;1;1;1;2;46;A86 INT;M;4880023;242746;940
2,02E+11;18;3;21;800;1;1;1;1;5;17;A4;M;4882716;251614;940
2,02E+11;18;3;21;1730;1;1;1;1;6;73;A86 INT;M;4876910;237927;940
2,02E+11;18;3;22;1055;1;1;1;1;5;42;A4;M;4882810;247320;940
2,02E+11;18;3;22;1320;1;1;1;1;2;51;A4;M;4883672;254640;930
2,02E+11;18;3;23;1955;5;1;1;2;2;18;A4;M;4882444;239416;940
2,02E+11;18;3;24;210;3;1;9;1;2;79;A4;M;4883600;254116;940
2,02E+11;18;3;25;645;2;1;1;1;4;294;A104 - N2G;M;4897400;257909;770
2,02E+11;18;3;26;2045;5;1;1;1;6;28;A86 INT;M;4877796;243938;940
2,02E+11;18;3;27;900;1;1;1;2;3;17;A4;M;4883030;249430;940
2,02E+11;18;3;27;1950;1;1;1;2;4;55;A104.INT - FRANCILIENNE;M;4890150;265075;770
2,02E+11;18;3;29;810;1;1;1;1;5;51;A4;M;4883627;255233;930
2,02E+11;18;3;29;820;1;1;1;1;3;294;A104 - LA FRANCILIENNE;M;4896337;261331;770
2,02E+11;18;3;29;930;1;1;1;1;3;122;N104 - LA FRANCILIENNE;M;4864782;260662;770
2,02E+11;18;3;29;1045;1;1;1;1;2;22;A86 EXT;M;4877383;240323;940
2,02E+11;18;3;29;1235;1;1;9;1;2;517;A104.EXT - FRANCILIENNE;M;4890760;263904;770
2,02E+11;18;3;29;1300;1;1;1;1;4;17;A4;M;4882745;250811;940
2,02E+11;18;3;29;1700;1;1;1;1;3;294;A104 - LA FRANCILIENNE;M;4896036;262017;770
2,02E+11;18;3;30;1940;1;1;1;1;3;18;A4;M;4881837;241023;940
2,02E+11;18;4;2;530;5;1;1;1;6;17;A86.INT;M;4885243;248962;940
2,02E+11;18;4;3;2250;3;1;1;1;2;22;A86 INT;M;4877613;242725;940
2,02E+11;18;4;4;530;3;1;1;2;6;73;A86 INT;M;4875619;238363;940
2,02E+11;18;4;4;1830;1;1;1;1;2;33;A86.EXT;M;4884940;249058;940
2,02E+11;18;4;5;1945;1;1;1;1;6;17;A4;M;4882823;249893;940
2,02E+11;18;4;6;800;1;1;1;1;3;65;A86 INT;M;4846210;223430;940
2,02E+11;18;4;6;900;1;1;1;1;4;372;A104;M;4887588;266923;770
2,02E+11;18;4;6;915;1;1;1;1;2;258;A4.W;M;4883034;262921;770
2,02E+11;18;4;6;1330;1;1;1;1;4;112;A4;M;4882030;246050;750
2,02E+11;18;4;6;1815;1;1;1;1;3;449;A4;M;4883297;279136;770
2,02E+11;18;4;8;530;3;1;9;2;6;175;N104 - LA FRANCILIENNE;M;4867291;261134;770
2,02E+11;18;4;8;1800;1;1;1;1;4;17;A4;M;4882659;251794;940
2,02E+11;18;4;9;1645;1;1;1;3;7;175;RN104;M;4867252;261154;770
2,02E+11;18;4;10;1430;1;1;1;1;6;112;A4;M;4849280;227480;750
2,02E+11;18;4;10;1530;1;1;1;1;4;73;A86 EXT;M;4877060;238647;940
2,02E+11;18;4;11;830;1;1;1;1;6;18;A4;M;4881782;241294;940
2,02E+11;18;4;11;1548;1;1;1;1;4;69;A4;M;4881730;243270;940
2,02E+11;18;4;11;1630;1;1;1;1;3;169;RN104.INT;M;4881610;262223;770
2,02E+11;18;4;11;1715;1;1;1;1;2;73;A86 EXT;M;4876541;237967;940
2,02E+11;18;4;11;2015;1;1;9;1;3;53;N104 - LA FRANCILIENNE;M;4867285;261134;770
2,02E+11;18;4;12;630;1;1;1;1;2;73;A86 EXT;M;4877669;237847;940
2,02E+11;18;4;12;800;1;1;1;1;5;17;A4;M;4882654;251739;940
2,02E+11;18;4;12;1305;1;1;1;1;4;18;A4;M;4882282;239684;940
2,02E+11;18;4;12;2215;5;1;1;1;6;28;A86 INT;M;4877925;243891;940
2,02E+11;18;4;13;905;1;1;1;1;2;69;A4;M;4881992;245944;940
2,02E+11;18;4;13;930;1;1;1;1;3;363;A104 - LA FRANCILIENNE;M;4892880;262821;770
2,02E+11;18;4;13;1045;1;1;1;1;4;22;A86 INT;M;4877630;242400;940
2,02E+11;18;4;13;1200;1;1;1;1;4;373;RN104;M;4878312;261662;770
2,02E+11;18;4;13;1245;1;1;1;1;6;28;A86 EXT;M;4877855;244271;940
2,02E+11;18;4;15;400;3;1;1;1;6;122;RN104;M;4864750;258158;770
2,02E+11;18;4;15;520;3;1;1;1;3;22;A86 INT;M;4876275;240906;940
2,02E+11;18;4;15;1445;1;1;1;1;4;58;A86.EXT;M;4884788;249173;940
2,02E+11;18;4;16;620;2;1;1;1;2;83;A4.W;M;4883260;259758;770
2,02E+11;18;4;16;1705;1;1;1;1;4;363;A104;M;4891912;263217;770
2,02E+11;18;4;17;835;1;1;1;1;3;46;A86 EXT;M;4880958;244905;940
2,02E+11;18;4;17;1705;1;1;1;1;3;18;A4;M;4882123;239987;940
2,02E+11;18;4;18;735;1;1;1;1;6;17;A4;M;4882703;252341;940
2,02E+11;18;4;18;1250;1;1;1;1;4;18;A4;M;4882340;239510;940
2,02E+11;18;4;18;1600;1;1;1;1;2;112;A4;M;4882200;246230;750
2,02E+11;18;4;18;1925;1;1;1;1;3;294;A104;M;4897356;258948;770
2,02E+11;18;4;18;2230;3;1;1;1;2;51;A4;M;;;930
2,02E+11;18;4;13;2020;1;1;1;1;2;46;A86 EXT;M;4881155;244926;940
2,02E+11;18;4;19;945;1;1;1;1;2;17;A4;M;4882902;250060;940
2,02E+11;18;4;19;2140;4;1;1;1;3;73;A86 INT;M;4875941;238362;940
2,02E+11;18;4;20;235;3;1;1;1;5;438;A104;M;4887143;267064;770
2,02E+11;18;4;20;1700;1;1;1;1;4;52;A86 INT;M;4883406;249333;940
2,02E+11;18;4;20;1705;1;1;1;1;2;22;A86 INT;M;4877421;240933;940
2,02E+11;18;4;20;1800;1;1;1;1;2;17;A4;M;4882671;251412;940
2,02E+11;18;4;20;2205;3;1;1;1;3;372;A104;M;4887743;266841;770
2,02E+11;18;4;21;200;5;1;1;1;4;17;A4;M;4882749;251055;940
2,02E+11;18;4;21;300;3;1;1;1;7;169;RN104;M;4882160;261505;770
2,02E+11;18;4;21;640;1;1;1;1;2;28;A86 INT;M;4877000;244000;940
2,02E+11;18;4;21;1730;1;1;1;1;6;18;A4;M;4881814;241131;940
2,02E+11;18;4;22;630;2;1;6;1;6;51;A4;M;4885000;255000;930
2,02E+11;18;4;22;1245;1;1;9;1;7;146;A4 PARIS PROVINCE;M;4883088;263758;770
2,02E+11;18;4;24;1030;1;1;1;1;3;22;A86 INT;M;4877583;241388;940
2,02E+11;18;4;24;1915;1;1;1;1;2;28;A86 EXT;M;4878466;244042;940
2,02E+11;18;4;24;2030;1;1;1;1;3;28;RN406.Y;M;4877621;243325;940
2,02E+11;18;4;24;2240;3;1;1;1;7;69;A4;M;4849100;227100;940
2,02E+11;18;4;25;1100;1;1;1;1;3;73;A86 EXT;M;4877044;238460;940
2,02E+11;18;4;25;1200;1;1;1;1;2;17;A4;M;4882828;250352;940
2,02E+11;18;4;26;740;1;1;1;1;6;384;A5b;M;4861266;263301;770
2,02E+11;18;4;26;1000;1;1;1;1;6;33;A86.EXT;M;4884426;246203;940
2,02E+11;18;4;26;1345;1;1;1;1;5;46;A86 INT;M;4880000;242000;940
2,02E+11;18;4;27;1755;1;1;1;1;4;69;A4;M;4849100;255570;940
2,02E+11;18;4;28;1145;1;1;1;1;4;28;A86 EXT;M;4880112;242950;940
2,02E+11;18;4;28;1550;1;1;1;1;2;28;A86 EXT;M;4877388;243805;940
2,02E+11;18;4;29;323;3;1;1;2;2;294;A104;M;4896482;260997;770
2,02E+11;18;4;29;1310;1;1;1;2;6;258;A4.Y;M;4882990;262392;770
2,02E+11;18;4;29;2030;2;1;1;2;2;17;A4;M;4882840;250250;940
2,02E+11;18;5;1;730;1;1;1;1;2;237;A4;M;4883159;277170;770
2,02E+11;18;5;1;1900;1;1;1;1;7;15;A4;M;4883141;252967;940
2,02E+11;18;5;2;1238;1;1;1;1;5;373;N104 - LA FRANCILIENNE;M;4876678;261366;770
2,02E+11;18;5;2;1350;1;1;1;1;3;17;A4;M;4881334;250790;940
2,02E+11;18;5;3;1445;1;1;1;1;2;65;A86 EXT;M;4875398;235164;940
2,02E+11;18;5;3;1705;1;1;1;1;4;18;A4;M;4881764;241542;940
2,02E+11;18;5;4;845;1;1;1;1;6;51;A4;M;4884880;255289;930
2,02E+11;18;5;4;1305;1;1;1;1;3;28;A86 EXT;M;4877639;243633;940
2,02E+11;18;5;4;1630;1;1;1;1;2;28;A86 INT;M;4878932;244022;940
2,02E+11;18;5;4;1905;1;1;1;1;4;15;A4;M;4883421;253676;940
2,02E+11;18;5;4;2150;3;1;1;1;7;517;A104;M;4889860;265770;770
2,02E+11;18;5;5;650;1;1;1;1;6;337;A4;M;4882992;261572;770
2,02E+11;18;5;5;1220;1;1;1;1;4;52;A86.EXT;M;4884484;249255;940
2,02E+11;18;5;5;2345;3;1;1;1;7;237;A4 - PROVINCE PARIS;M;4883037;275376;770
2,02E+11;18;5;6;1100;1;1;1;1;3;169;A4.Y;M;4883151;260234;770
2,02E+11;18;5;6;1500;1;1;1;1;2;53;RN104;M;4868695;259704;770
2,02E+11;18;5;8;1215;1;1;1;7;4;52;A86 INT;M;4884145;249299;940
2,02E+11;18;5;9;1615;1;1;1;1;6;112;A4;M;4882526;246407;750
2,02E+11;18;5;9;1630;1;1;9;1;6;169;A4.Y;M;4883027;260970;770
2,02E+11;18;5;9;1834;1;1;1;1;6;146;A4.Y;M;4883230;265670;770
2,02E+11;18;5;9;1843;1;1;1;1;6;121;A104;M;4883849;266433;770
2,02E+11;18;5;11;1720;1;1;1;1;2;373;RN104;M;4877053;261227;770
2,02E+11;18;5;12;1040;1;1;1;1;6;28;A86 INT;M;4878253;243566;940
2,02E+11;18;5;12;1150;1;1;1;1;3;18;A4;M;4882468;239370;940
2,02E+11;18;5;14;800;1;1;1;3;2;83;A4.W;M;4883367;259198;770
2,02E+11;18;5;14;1500;1;1;1;2;2;53;N104 - LA FRANCILIENNE;M;4867723;260952;770
2,02E+11;18;5;16;600;2;1;1;1;2;17;A4;M;4882671;252249;940
2,02E+11;18;5;17;1342;1;1;1;1;2;52;A4;M;4882611;246520;940
2,02E+11;18;5;17;1536;1;1;1;1;3;73;A86 EXT;M;4877155;239168;940
2,02E+11;18;5;18;845;1;1;1;1;6;17;A4;M;4882737;250760;940
2,02E+11;18;5;18;1000;1;1;9;1;4;294;A104;M;4897457;258721;770
2,02E+11;18;5;18;1500;1;1;1;1;4;33;A86.INT;M;4884941;249069;940
2,02E+11;18;5;18;1620;1;1;9;1;4;450;RN104 X BRET.N19;M;4871024;259914;770
2,02E+11;18;5;18;1700;1;1;1;1;5;42;A4;M;4882789;247225;940
2,02E+11;18;5;18;1810;1;1;1;1;2;73;A86 INT;M;4876149;238199;940
2,02E+11;18;5;18;1840;1;1;1;1;4;42;A4;M;4882826;247538;940
2,02E+11;18;5;18;1830;1;1;1;1;3;74;RN406.Y;M;4876495;246048;940
2,02E+11;18;5;19;635;2;1;9;1;3;249;N104 - LA FRANCILIENNE;M;4874706;261390;770
2,02E+11;18;5;19;1020;1;1;1;1;4;52;A86 INT;M;4884263;249049;940
2,02E+11;18;5;20;2155;3;1;1;1;3;46;A86 EXT;M;4881277;244916;940
2,02E+11;18;5;21;2045;1;1;1;1;2;112;A86 EXT;M;;;750
2,02E+11;18;5;22;1;3;1;1;1;7;337;BRET. A4 PARIS-N104 SUD;M;4882844;261657;770
2,02E+11;18;5;22;800;1;1;1;1;4;17;A4;M;4882671;252240;940
2,02E+11;18;5;22;1900;1;1;1;1;2;11;RN406.Y;M;4875871;248257;940
2,02E+11;18;5;22;1955;1;1;9;2;6;294;A104 X N2 BIFURCATION;M;4897367;257857;770
2,02E+11;18;5;23;1420;1;1;1;1;2;17;A4;M;4882600;252320;940
2,02E+11;18;5;24;730;1;1;1;1;2;51;A4;M;4883665;254685;930
2,02E+11;18;5;24;830;1;1;1;1;5;384;A5b;M;4860807;263307;770
2,02E+11;18;5;24;1040;1;1;1;9;4;52;A86.EXT;M;4884072;249344;940
2,02E+11;18;5;25;1340;1;1;9;1;3;294;A104 - BRET.  INSERTION;M;4897285;257637;770
2,02E+11;18;5;25;1745;1;1;1;1;6;121;A4;M;4883139;268091;770
2,02E+11;18;5;26;100;3;1;9;3;6;337;RN104;M;4882666;261666;770
2,02E+11;18;5;29;755;1;1;1;1;4;372;A104;M;4887568;266923;770
2,02E+11;18;5;29;825;1;1;1;1;6;121;A104;M;4883313;266595;770
2,02E+11;18;5;29;945;1;1;1;1;2;17;A4;M;4882711;252307;940
2,02E+11;18;5;29;1530;1;1;1;1;7;11;RN406.W;M;4876046;248775;940
2,02E+11;18;5;29;1615;1;1;1;1;6;363;A104;M;4891394;263496;770
2,02E+11;18;5;29;2355;3;1;1;2;7;372;A104;M;4889036;266753;770
2,02E+11;18;5;31;1042;1;1;1;1;5;514;A104;M;4893274;262798;770
2,02E+11;18;5;31;1735;1;1;1;1;3;363;A104;M;4892228;263051;770
2,02E+11;18;6;1;715;1;1;1;1;2;18;A4;M;4881942;240512;940
2,02E+11;18;6;1;840;1;1;1;1;2;438;A104;M;4887387;266962;770
2,02E+11;18;6;1;1820;1;1;1;1;2;175;RN104;M;4866416;261344;770
2,02E+11;18;6;1;1900;1;1;9;2;4;22;A86 EXT;M;4877421;240786;940
2,02E+11;18;6;2;1430;1;1;1;1;2;22;A86 INT;M;4877666;241872;940
2,02E+11;18;6;3;100;3;1;1;1;1;169;RN104;M;4881601;262329;770
2,02E+11;18;6;4;915;1;1;1;1;4;363;A104;M;4891310;263540;770
2,02E+11;18;6;4;1540;1;1;1;1;7;249;RN104;M;4875350;261487;770
2,02E+11;18;6;4;1940;1;1;1;1;4;18;A4;M;4882480;239215;940
2,02E+11;18;6;4;2238;3;1;1;1;7;73;A86 INT;M;4875333;237805;940
2,02E+11;18;6;5;1530;1;1;1;1;6;112;A4;M;4882258;246306;750
2,02E+11;18;6;5;1525;1;1;1;8;2;514;A104;M;4893183;262880;770