Num_Acc;an;mois;jour;hrmn;lum;agg;int;atm;col;com;adr;gps;lat;long;dep
2,02E+11;18;6;6;713;1;1;1;2;3;15;A4;M;4883167;253176;940
2,02E+11;18;6;6;650;2;1;1;3;6;438;A104;M;4885410;266320;770
2,02E+11;18;6;6;845;1;1;1;2;6;122;RN104;M;4864874;260869;770
2,02E+11;18;6;7;700;1;1;1;8;2;373;RN104;M;4876952;261270;770
2,02E+11;18;6;7;1920;5;1;1;1;5;58;A86.EXT;M;4884103;250381;940
2,02E+11;18;6;8;915;1;1;9;1;2;46;A86 EXT;M;4880630;244860;940
2,02E+11;18;6;8;1015;1;1;1;1;5;390;RN104;M;4880430;262781;770
2,02E+11;18;6;8;1200;1;1;1;1;2;28;A86 EXT;M;4878380;244060;940
2,02E+11;18;6;8;1630;1;1;1;1;5;17;A4;M;4883009;249611;940
2,02E+11;18;6;8;1700;1;1;1;1;2;11;RN406.Y;M;4875997;248616;940
2,02E+11;18;6;8;1830;1;1;1;1;2;51;A4;M;4883647;255071;930
2,02E+11;18;6;8;1930;1;1;1;1;3;294;A104 - LA FRANCILIENNE;M;4896121;261775;770
2,02E+11;18;6;9;1630;1;1;1;1;2;294;A104 - LA FRANCILIENNE;M;4896741;260394;770
2,02E+11;18;6;9;1905;1;1;1;1;3;17;A4;M;4883038;249216;940
2,02E+11;18;6;11;139;5;1;1;8;2;73;A86 INT;M;4877194;239166;940
2,02E+11;18;6;11;155;3;1;9;2;6;121;A104;M;4883504;266531;770
2,02E+11;18;6;12;530;3;1;1;3;6;146;RN104.EXT;M;4881400;262967;770
2,02E+11;18;6;12;1050;1;1;1;1;4;258;A4.Y;M;4882983;262266;770
2,02E+11;18;6;12;1350;1;1;1;1;4;146;A4.Y;M;4883196;265108;770
2,02E+11;18;6;12;1730;1;1;1;1;2;28;A86 EXT;M;4878110;244090;940
2,02E+11;18;6;12;2110;1;1;1;1;4;146;A4.Y;M;4883223;265649;770
2,02E+11;18;6;13;20;5;1;1;1;2;112;A4;M;4881821;245716;750
2,02E+11;18;6;13;1920;1;1;1;1;4;52;A86 INT;M;4883949;249122;940
2,02E+11;18;6;14;900;1;1;1;1;4;42;A4;M;4882710;246810;940
2,02E+11;18;6;14;920;1;1;1;1;3;73;A86 INT;M;4877140;239210;940
2,02E+11;18;6;14;910;1;1;1;1;5;249;RN104;M;4875762;261558;770
2,02E+11;18;6;14;945;1;1;1;1;4;122;RN104;M;4864620;255684;770
2,02E+11;18;6;14;1815;1;1;1;1;4;15;A4;M;4882945;252870;940
2,02E+11;18;6;16;800;1;1;1;1;6;175;RN104;M;4866341;261336;770
2,02E+11;18;6;18;1830;1;1;1;1;2;51;A 4;M;4884875;255340;930
2,02E+11;18;6;19;810;1;1;1;1;2;28;RN406.W;M;4878060;244162;940
2,02E+11;18;6;20;1100;1;1;1;1;2;438;A104;M;4886116;266709;770
2,02E+11;18;6;20;2008;1;1;1;1;7;18;A4;M;4883689;281113;770
2,02E+11;18;6;21;1830;1;1;1;1;2;112;A4;M;;;750
2,02E+11;18;6;22;800;1;1;1;1;2;121;A4;M;4883216;266725;770
2,02E+11;18;6;22;915;1;1;1;1;2;52;A86 INT;M;4884675;249163;940
2,02E+11;18;6;22;1345;1;1;9;1;2;258;A4.W;M;4883171;264566;770
2,02E+11;18;6;22;1420;1;1;9;1;2;146;A4.Y;M;4883208;265244;770
2,02E+11;18;6;22;1750;1;1;9;1;6;146;A4.Y;M;4883174;264839;770
2,02E+11;18;6;22;1940;1;1;1;1;4;514;A104 - LA FRANCILIENNE;M;4894847;262890;770
2,02E+11;18;6;23;35;5;1;1;1;6;69;A4;M;4848450;226030;940
2,02E+11;18;6;23;200;5;1;1;1;6;112;A4;M;4882485;246363;750
2,02E+11;18;6;23;1100;1;1;1;1;4;52;A86 INT;M;4884411;249294;940
2,02E+11;18;6;24;535;2;1;1;1;6;51;A4;M;4883465;258066;930
2,02E+11;18;6;24;1840;1;1;9;1;4;121;A4;M;4883207;267141;770
2,02E+11;18;6;25;1810;1;1;1;1;2;69;A4;M;4881740;242090;940
2,02E+11;18;6;27;1300;1;1;1;1;3;28;A86 EXT;M;4878965;244046;940
2,02E+11;18;6;27;1540;1;1;1;1;4;22;A86 EXT;M;4877650;241998;940
2,02E+11;18;6;27;2010;1;1;1;1;4;258;A4.W;M;4883161;264459;770
2,02E+11;18;6;28;745;1;1;1;1;4;69;A86 EXT;M;4880838;244905;940
2,02E+11;18;6;28;1222;1;1;9;1;2;294;A104;M;4897414;257977;770
2,02E+11;18;6;28;2300;3;1;9;1;2;169;A4.Y;M;4883152;260235;770
2,02E+11;18;6;29;900;1;1;1;1;2;33;A86.EXT;M;4884466;249223;940
2,02E+11;18;6;29;1115;1;1;1;1;5;17;A4;M;4882656;251731;940
2,02E+11;18;6;30;240;3;1;1;1;2;294;A104;M;4896266;261434;770
2,02E+11;18;6;30;1010;1;1;1;1;2;51;A4;M;4883590;255900;930
2,02E+11;18;6;30;1515;1;1;1;1;6;65;A86 EXT;M;4875098;232955;940
2,02E+11;18;6;30;215;4;1;1;1;2;58;A4;M;4883061;269581;770
2,02E+11;18;7;2;2250;3;1;1;1;3;46;A86 EXT;M;4882970;244075;940
2,02E+11;18;7;3;753;1;1;1;1;4;28;A86 EXT;M;4879847;244505;940
2,02E+11;18;7;2;2010;1;1;1;1;6;18;A4;M;4881713;242515;940
2,02E+11;18;7;3;1250;1;1;1;1;5;373;RN104;M;4877538;261233;770
2,02E+11;18;7;3;1645;1;1;1;1;7;249;RN104;M;4873265;260983;770
2,02E+11;18;7;4;58;3;1;1;1;6;438;A104;M;4885709;266499;770
2,02E+11;18;7;4;930;1;1;1;1;5;517;A104.EXT FRANCILIENNE;M;4890468;264402;770
2,02E+11;18;7;4;1000;1;1;1;1;3;15;A4;M;4882653;225104;940
2,02E+11;18;7;4;1420;1;1;1;1;2;122;RN104;M;4866073;261331;770
2,02E+11;18;7;5;1835;1;1;1;2;2;450;RN104;M;4871014;259909;770
2,02E+11;18;7;6;2015;1;1;1;1;4;11;RN406.Y;M;4876000;248000;940
2,02E+11;18;7;7;555;2;1;1;1;4;53;RN104;M;4867554;261054;770
2,02E+11;18;7;7;805;1;1;1;1;2;121;A4;M;4883118;268626;770
2,02E+11;18;7;7;830;1;1;1;1;6;52;A86.EXT;M;4894114;249299;940
2,02E+11;18;7;8;130;4;1;1;1;2;258;A4.W;M;4883074;263354;770
2,02E+11;18;7;8;1530;1;1;1;1;2;294;A104 LA FRANCILIENNE;M;4895913;262219;770
2,02E+11;18;7;8;1915;1;1;1;1;3;53;N104 - LA FRANCILIENNE;M;4868668;259707;770
2,02E+11;18;7;8;2345;5;1;1;1;7;73;A86 EXT;M;4876086;238275;940
2,02E+11;18;7;9;745;1;1;1;1;4;495;A105-A5b;M;4858155;263750;770
2,02E+11;18;7;9;1915;1;1;1;1;2;46;A86 INT;M;4880128;244780;940
2,02E+11;18;7;10;155;3;1;1;1;7;51;A4;M;4883625;258808;930
2,02E+11;18;7;10;834;1;1;1;1;3;52;A86 INT;M;4884574;249183;940
2,02E+11;18;7;10;920;1;1;1;1;3;46;A86 EXT;M;4890700;244800;940
2,02E+11;18;7;10;1250;1;1;1;1;4;2;A86 INT;M;4875409;237207;940
2,02E+11;18;7;10;1445;1;1;1;1;2;33;A86.EXT;M;4885360;248990;940
2,02E+11;18;7;10;1445;1;1;1;1;3;517;A104.EXT;M;4890557;264249;770
2,02E+11;18;7;10;1730;1;1;1;1;5;46;A86 EXT;M;4880950;244900;940
2,02E+11;18;7;10;1938;1;1;1;1;6;28;A86 EXT;M;4878233;244087;940
2,02E+11;18;7;11;113;5;1;1;1;2;42;A4;M;4882858;247696;940
2,02E+11;18;7;11;1840;1;1;1;1;6;175;RN104;M;4866335;261358;770
2,02E+11;18;7;12;43;3;1;1;1;6;384;A5b;M;4860829;263283;770
2,02E+11;18;7;12;825;1;1;1;1;5;65;A86 INT;M;4875349;235607;940
2,02E+11;18;7;12;2000;1;1;1;1;5;69;A4 EXT;M;4881000;242000;940
2,02E+11;18;7;13;930;1;1;9;1;2;28;A86 EXT;M;4879024;244068;940
2,02E+11;18;7;13;1815;1;1;1;1;2;450;RN104;M;4871729;259912;770
2,02E+11;18;7;14;715;1;1;1;1;6;373;RN104;M;4876697;261356;770
2,02E+11;18;7;15;1615;1;1;1;1;2;22;A86 EXT;M;4877105;238947;940
2,02E+11;18;7;15;1700;1;1;9;1;3;372;A104 - LA FRANCILIENNE;M;4887569;266898;770
2,02E+11;18;7;16;835;1;1;9;1;3;83;A4 PARIS PROVINCE;M;4883046;261047;770
2,02E+11;18;7;16;1620;1;1;1;1;2;58;A86.EXT;M;4883406;249347;940
2,02E+11;18;7;16;2000;1;1;1;1;4;69;A4;M;4881742;243538;940
2,02E+11;18;7;17;1325;1;1;1;1;4;22;A86 EXT;M;4877618;242186;940
2,02E+11;18;7;17;1405;1;1;9;1;2;59;A104 - LA FRANCILIENNE;M;4884225;266330;770
2,02E+11;18;7;17;1830;1;1;1;1;5;373;RN104;M;4879905;262375;770
2,02E+11;18;7;17;1850;1;1;9;1;3;18;A4 - PROVINCE PARIS;M;4884391;282696;770
2,02E+11;18;7;18;1038;1;1;1;1;3;73;A86 EXT;M;4876176;238210;940
2,02E+11;18;7;19;640;2;1;1;1;3;17;A4;M;4882841;250204;940
2,02E+11;18;7;23;925;1;1;9;1;5;146;A4 PARIS PROVINCE;M;4883180;264955;770
2,02E+11;18;7;23;1445;1;1;1;1;4;17;A4;M;4882890;249900;940
2,02E+11;18;7;23;1700;1;1;1;1;2;169;RN104.INT;M;4880936;263011;770
2,02E+11;18;7;23;2345;5;1;1;1;2;17;A4;M;4882922;249971;940
2,02E+11;18;7;24;900;1;1;1;1;6;65;A86 INT;M;4875537;234207;940
2,02E+11;18;7;27;815;1;1;1;1;2;17;A4;M;4882671;251580;940
2,02E+11;18;7;27;1600;1;1;1;1;6;514;A104 - LA FRANCILIENNE;M;4894614;262876;770
2,02E+11;18;7;27;2050;1;1;1;2;6;69;A4;M;4881720;241700;940
2,02E+11;18;7;28;1500;1;1;1;1;2;73;A86 INT;M;4876134;238213;940
2,02E+11;18;7;30;1000;1;1;1;1;4;373;N104 - LA FRANCILIENNE;M;4876500;261475;770
2,02E+11;18;7;30;1310;1;1;1;1;5;112;A4;M;4883809;238382;750
2,02E+11;18;7;30;2050;2;1;1;1;6;52;A86 INT;M;4883270;249303;940
2,02E+11;18;7;31;900;1;1;1;1;3;51;A4;M;4883540;256810;930
2,02E+11;18;7;31;940;1;1;1;1;2;122;N104 - LA FRANCILIENNE;M;4866259;261359;770
2,02E+11;18;7;31;1740;1;1;1;1;3;69;A4;M;4828065;242384;940
2,02E+11;18;6;19;1830;1;1;1;1;3;373;N104 - LA FRANCILIENNE;M;4878240;261611;770
2,02E+11;18;8;1;900;1;1;1;1;2;337;A4 - PROVINCE PARIS;M;4882996;261628;770
2,02E+11;18;8;2;1220;1;1;1;1;4;58;A4 - PARIS PROVINCE;M;4882869;272971;770
2,02E+11;18;8;2;1700;1;1;1;1;3;175;N104 - LA FRANCILIENNE;M;4866253;261363;770
2,02E+11;18;8;2;1810;1;1;1;1;6;169;RN104.INT;M;4880620;262932;770
2,02E+11;18;8;3;915;1;1;1;1;7;363;A104 - LA FRANCILIENNE;M;4891935;263179;770
2,02E+11;18;8;3;1050;1;1;1;1;3;373;RN104;M;4876584;261442;770
2,02E+11;18;8;3;2100;1;1;1;1;7;44;RN406.W;M;4875876;247018;940
2,02E+11;18;8;6;1440;1;1;1;1;4;33;A86.INT;M;4885029;247529;940
2,02E+11;18;8;6;1830;1;1;1;1;4;18;A4;M;4800000;241652;940
2,02E+11;18;8;5;2220;3;1;1;1;2;18;A4;M;4881776;241298;940
2,02E+11;18;8;7;830;1;1;1;1;3;294;A104;M;4896981;259856;770
2,02E+11;18;8;7;1145;1;1;1;1;2;51;A4;M;4883550;256760;930
2,02E+11;18;8;8;605;2;1;1;1;6;52;A86.EXT;M;4853852;249405;940
2,02E+11;18;8;9;915;1;1;1;1;3;258;A4.Y;M;4882983;262262;770
2,02E+11;18;8;10;930;1;1;1;1;4;294;A104 - LA FRANCILIENNE;M;4896587;260756;770
2,02E+11;18;8;10;1645;1;1;1;1;4;69;A4;M;4881720;242458;940
2,02E+11;18;8;12;1315;1;1;1;1;6;69;A86 EXT;M;4882079;242367;940
2,02E+11;18;8;13;630;1;1;1;1;2;15;A4;M;4899827;252873;940
2,02E+11;18;8;14;1600;1;1;1;1;4;514;A104 - LA FRANCILIENNE;M;4894529;262870;770
2,02E+11;18;8;14;1845;1;1;1;1;4;112;A4;M;4882206;246268;750
2,02E+11;18;8;16;515;5;1;1;1;4;73;A86 EXT;M;4876777;237852;940
2,02E+11;18;8;16;1830;1;1;1;1;4;58;A4 - PROVINCE PARIS;M;4882896;272731;770
2,02E+11;18;8;17;1120;1;1;1;1;2;69;A4;M;4881753;243503;940
2,02E+11;18;8;18;1445;1;1;1;1;6;122;A5b;M;4865450;261510;770
2,02E+11;18;8;19;1600;1;1;1;1;7;22;A86 INT;M;4877343;240097;940
2,02E+11;18;8;20;1750;1;1;1;1;4;69;A4;M;4881724;242980;940
2,02E+11;18;8;21;530;3;1;1;1;2;79;A4;M;4883508;253799;940
2,02E+11;18;8;21;915;1;1;1;1;3;175;N104 - LA FRANCILIENNE;M;4866860;261233;770
2,02E+11;18;8;23;1730;1;1;1;1;2;42;A4;M;4882770;247090;940
2,02E+11;18;8;24;1930;1;1;1;1;2;18;A4;M;4881770;241287;940
2,02E+11;18;8;25;1810;1;1;1;1;6;438;A104;M;4886707;266852;770
2,02E+11;18;8;26;2130;3;1;1;1;2;450;RN104;M;4870246;259529;770
2,02E+11;18;8;27;1545;1;1;1;1;3;18;A4;M;4882586;239169;940
2,02E+11;18;8;27;2313;5;1;1;1;6;112;A4;M;4849110;227370;750
2,02E+11;18;8;28;1250;1;1;1;1;2;52;A86 INT;M;4883934;249333;940
2,02E+11;18;8;28;1600;1;1;9;1;4;294;A104 - LA FRANCILIENNE;M;4896767;260299;770
2,02E+11;18;8;29;429;5;1;1;3;2;65;A86 INT;M;4875388;235388;940
2,02E+11;18;8;29;540;4;1;1;3;6;17;A4;M;4883053;249183;940
2,02E+11;18;8;30;1020;1;1;1;1;2;18;A4;M;4881730;242220;940
2,02E+11;18;8;30;2340;3;1;1;1;5;58;A4 - PARIS PROVINCE;M;4882880;273388;770
2,02E+11;18;8;31;1815;1;1;1;1;7;18;A4;M;4882287;239601;940
2,02E+11;18;9;1;500;3;1;1;1;5;181;A4;M;4882927;271604;770
2,02E+11;18;9;1;1800;1;1;1;1;2;73;A86 EXT;M;4875332;237494;940
2,02E+11;18;9;1;2114;5;1;1;1;4;52;A4;M;4882666;246861;940
2,02E+11;18;9;2;410;5;1;1;1;3;52;A86.EXT;M;4849340;229300;940
2,02E+11;18;9;2;1700;1;1;1;1;3;450;RN104;M;4871895;259889;770
2,02E+11;18;9;3;1750;1;1;1;1;4;46;A86 EXT;M;4879660;244340;940
2,02E+11;18;9;4;645;2;1;1;1;4;51;A4;M;4850193;235229;930
2,02E+11;18;9;4;1835;1;1;1;1;2;18;A4;M;4882022;241700;940
2,02E+11;18;9;5;1730;1;1;1;1;2;17;A4;M;4881309;250841;940
2,02E+11;18;9;5;2100;3;1;1;1;4;17;A4;M;4882960;249900;940
2,02E+11;18;9;6;800;1;1;1;1;5;294;A104;M;4896962;259852;770
2,02E+11;18;9;6;915;1;1;1;1;2;46;A86 EXT;M;4880115;243255;940
2,02E+11;18;9;7;250;3;1;1;1;6;175;A5b;M;4864593;262294;770
2,02E+11;18;9;7;1650;1;1;1;1;4;28;A86 EXT;M;4877624;243504;940
2,02E+11;18;9;9;650;4;1;1;1;2;18;A4;M;4881202;241061;940
2,02E+11;18;9;9;1200;1;1;1;1;4;52;A86 INT;M;4884718;248168;940
2,02E+11;18;9;9;2100;3;1;1;1;4;46;A86 EXT;M;4880992;244915;940
2,02E+11;18;9;10;1600;1;1;9;1;2;18;A4;M;4882197;241639;940
2,02E+11;18;9;10;2000;1;1;1;1;6;17;A4;M;4881297;250768;940
2,02E+11;18;9;11;600;3;1;1;1;2;28;A86 EXT;M;4879061;244076;940
2,02E+11;18;9;11;715;1;1;1;1;3;175;RN104;M;4866421;261322;770
2,02E+11;18;9;11;1815;1;1;1;1;2;52;A4;M;4882770;247120;940
2,02E+11;18;9;11;1930;1;1;1;1;5;28;A86 EXT;M;4880770;244890;940
2,02E+11;18;9;11;2230;3;1;1;1;6;46;A86 INT;M;4880450;244814;940
2,02E+11;18;9;12;845;1;1;1;1;3;363;A104;M;4892736;262842;770
2,02E+11;18;9;12;1610;1;1;1;1;2;17;A4;M;4882649;251604;940
2,02E+11;18;9;13;645;1;1;1;1;2;15;A4;M;4883514;252315;940
2,02E+11;18;9;13;745;2;1;1;2;5;517;A104;M;4890495;264297;770
2,02E+11;18;9;13;800;1;1;1;2;6;258;A4;M;4883040;263038;770
2,02E+11;18;9;13;1000;1;1;1;2;4;517;A104;M;4889761;265990;770
2,02E+11;18;9;13;1115;1;1;1;2;3;112;A4;M;;;750
2,02E+11;18;9;13;1500;1;1;1;1;4;121;A4;M;4883219;266661;770
2,02E+11;18;9;14;1100;1;1;1;1;6;17;A4;M;4882642;251853;940
2,02E+11;18;9;15;415;3;1;1;1;2;121;A4 - PARIS PROVINCE;M;4883160;267683;770
2,02E+11;18;9;15;745;1;1;1;1;2;112;A4;M;;;750
2,02E+11;18;9;15;720;2;1;1;1;3;294;A104;M;4897292;257699;770
2,02E+11;18;9;15;1145;1;1;1;1;4;52;A86 INT;M;4884596;249154;940
2,02E+11;18;9;15;1350;1;1;1;1;2;294;A104;M;4896977;259866;770
2,02E+11;18;9;16;110;3;1;1;1;4;181;A4 - PARIS PROVINCE;M;4882915;271770;770
2,02E+11;18;9;16;930;1;1;1;1;7;468;A4.W - PROVINCE PARIS;M;4883260;266197;770
2,02E+11;18;9;16;1035;1;1;1;1;7;28;A86 EXT;M;4878060;244975;940
2,02E+11;18;9;16;1400;1;1;1;1;5;73;A86 EXT;M;4876214;239146;940
2,02E+11;18;9;16;1715;1;1;1;1;6;17;A4;M;4881298;250768;940
2,02E+11;18;9;17;1215;1;1;1;1;2;146;A4.Y;M;4883141;264401;770
2,02E+11;18;9;17;2157;3;1;1;1;4;52;A4;M;4881678;245305;940
2,02E+11;18;9;18;1700;1;1;1;2;7;373;RN104;M;4877195;261171;770
2,02E+11;18;9;18;1715;1;1;1;1;3;46;A86 EXT;M;4880773;244901;940
2,02E+11;18;9;19;310;3;1;1;1;6;15;A4;M;4883265;253129;940
2,02E+11;18;9;19;1345;1;1;1;1;6;17;A4;M;4882831;250203;940
2,02E+11;18;9;20;745;1;1;1;1;2;146;A4;M;4883236;265988;770
2,02E+11;18;9;20;845;1;1;1;1;5;58;A4 - PROVINCE PARIS;M;4882980;270944;770
2,02E+11;18;9;20;1015;1;1;1;1;2;79;A4;M;4883567;253923;940
2,02E+11;18;9;20;1100;1;1;1;1;2;55;A104 - LA FRANCILIENNE;M;4890163;265087;770
2,02E+11;18;9;20;1710;1;1;1;1;4;121;A104 - LA FRANCILIENNE;M;4883752;266486;770
2,02E+11;18;9;20;1830;1;1;1;1;3;51;A4;M;4884424;254682;930
2,02E+11;18;9;21;1850;1;1;1;1;3;73;A86 EXT;M;4877260;239830;940
2,02E+11;18;9;21;2045;3;1;1;1;6;294;A104;M;4896110;261890;770
2,02E+11;18;9;21;2145;3;1;1;1;3;112;A4;M;4882250;246250;750
2,02E+11;18;9;23;215;5;1;1;1;6;46;A86 EXT;M;4881390;244900;940
2,02E+11;18;9;23;1700;1;1;1;1;6;169;BRET. A4 PARIS N104 SUD;M;4882320;261494;770
2,02E+11;18;9;23;2045;3;1;1;1;5;17;A4;M;4282800;250410;940
2,02E+11;18;9;24;735;1;1;9;1;3;17;A4;M;4881298;250768;940
2,02E+11;18;9;24;805;1;1;1;1;3;46;A86 EXT;M;4880092;242602;940
2,02E+11;18;9;24;1500;1;1;1;1;3;438;A104 - LA FRANCILIENNE;M;4884765;266203;770
2,02E+11;18;9;24;1830;1;1;1;1;6;121;A4 - PARIS PROVINCE;M;4883144;267956;770
2,02E+11;18;9;25;1645;1;1;1;1;2;11;RN406.Y;M;4875880;248343;940
2,02E+11;18;9;25;1715;1;1;1;1;2;51;A4;M;4883575;256169;930
2,02E+11;18;9;26;830;1;1;1;1;4;258;A4 PROVINCE PARIS;M;4883018;262670;770
2,02E+11;18;9;26;1710;1;1;1;1;6;249;RN104;M;4875958;261573;770
2,02E+11;18;9;27;1100;1;1;1;1;2;42;A4;M;4882800;247337;940
2,02E+11;18;9;27;1725;1;1;1;1;6;52;A86 INT;M;4885390;249340;940
2,02E+11;18;9;27;1920;1;1;1;1;5;22;A86 EXT;M;4877666;241953;940
2,02E+11;18;9;27;2110;3;1;1;1;3;517;A104 - LA FRANCILIENNE;M;4889912;265652;770
2,02E+11;18;9;30;150;3;1;1;1;4;169;N104 - LA FRANCILIENNE;M;4881637;262206;770
2,02E+11;18;9;30;1300;1;1;1;1;2;59;A104;M;4884222;266361;770
2,02E+11;18;9;30;2155;5;1;1;1;7;52;A86 INT;M;4884541;249213;940
2,02E+11;18;9;30;2235;3;1;1;1;7;51;A4;M;4883171;260058;930
2,02E+11;18;10;1;750;1;1;9;1;2;517;A104.EXT. LA FRACILIENNE;M;4890690;264011;770
2,02E+11;18;10;1;1700;1;1;1;1;7;53;N104 - LA FRANCILIENNE;M;4868827;259614;770
2,02E+11;18;10;2;640;5;1;1;1;4;51;A4;M;4883665;254726;930
2,02E+11;18;10;2;725;2;1;1;1;3;22;A86 INT;M;4877652;241993;940
2,02E+11;18;10;2;1030;1;1;1;1;6;73;A86 EXT;M;4875998;234597;940
2,02E+11;18;10;2;1645;1;1;9;1;2;58;A4.W - PROVINCE PARIS;M;4883031;270083;770
2,02E+11;18;10;3;650;3;1;1;1;4;22;A86 INT;M;4877610;242394;940
2,02E+11;18;10;3;1755;1;1;9;1;6;258;A4 PROVINCE PARIS;M;4883181;264701;770
2,02E+11;18;10;4;900;1;1;9;1;4;337;A4 PARIS PROVINCE;M;4883043;261097;770
2,02E+11;18;10;4;1330;1;1;9;1;6;249;N104 - LA FRANCILIENNE;M;4875310;261442;770
2,02E+11;18;10;5;900;1;1;1;1;2;17;A4;M;4882870;250170;940
2,02E+11;18;10;5;1000;1;1;9;1;2;237;A4.W - PROVINCE PARIS;M;4883151;276860;770
2,02E+11;18;10;5;1740;1;1;1;1;3;372;A104 - LA FRANCILIENNE;M;4888070;266792;770
2,02E+11;18;10;6;1445;1;1;1;1;4;22;A86 INT;M;4877654;242035;940
2,02E+11;18;10;7;2010;3;1;9;8;2;146;A4 PARIS PROVINCE;M;4883218;265390;770
2,02E+11;18;10;8;830;1;1;1;1;3;69;A4;M;4881759;243694;940
2,02E+11;18;10;8;1925;5;1;1;1;6;51;A4;M;4883690;254255;930
2,02E+11;18;10;9;835;1;1;1;1;2;112;A86 EXT;M;4849200;226380;750
2,02E+11;18;10;10;1500;1;1;9;1;3;514;A104 - LA FRANCILIENNE;M;4893537;262787;770
2,02E+11;18;10;10;1815;1;1;1;1;4;28;A86 INT;M;4878330;244020;940
2,02E+11;18;10;11;630;3;1;9;2;2;83;A4 PARIS PROVINCE;M;4883044;261055;770
2,02E+11;18;10;11;1000;1;1;1;1;3;18;A4;M;;;940
2,02E+11;18;10;11;1110;1;1;1;1;4;363;A104;M;4891880;263253;770
2,02E+11;18;10;11;1345;1;1;1;1;3;17;A4;M;4882690;246740;940
2,02E+11;18;10;11;2040;3;1;9;2;3;294;A104 - LA FRANCILIENNE;M;4897311;259053;770
2,02E+11;18;10;12;5;3;1;9;2;5;121;A4.Y - PARIS PROVINCE;M;4883228;266510;770
2,02E+11;18;10;12;840;1;1;9;1;3;249;N104 - LA FRANCILIENNE;M;4874392;261379;770
2,02E+11;18;10;12;2000;3;1;1;1;3;249;N104 - LA FRANCILIENNE;M;4873293;260998;770
2,02E+11;18;10;12;2030;3;1;1;1;6;53;N104 - LA FRANCILIENNE;M;4870232;259516;770
2,02E+11;18;10;12;2105;5;1;1;1;4;17;A4;M;4882786;250397;940
2,02E+11;18;10;13;130;5;1;1;1;6;52;A86 INT;M;4850647;229349;940
2,02E+11;18;10;13;414;3;1;9;1;6;337;N104 - LA FRANCILIENNE;M;4882863;261817;770
2,02E+11;18;10;13;1530;1;1;9;1;2;146;A4 PARIS PROVINCE;M;4883153;264564;770
2,02E+11;18;10;13;1650;1;1;9;1;2;121;A104 - LA FRANCILIENNE;M;4883229;266601;770
2,02E+11;18;10;13;1750;1;1;1;1;3;17;A4;M;4882734;252362;940
2,02E+11;18;10;13;2030;5;1;1;1;4;18;A4;M;4882467;239390;940
2,02E+11;18;10;14;1755;2;1;1;1;4;42;A4;M;4882875;247737;940
2,02E+11;18;10;14;2009;2;1;1;1;2;52;A86 INT;M;4884430;249290;940
2,02E+11;18;10;15;550;3;1;1;1;4;42;A4;M;4882876;247710;940
2,02E+11;18;10;16;735;3;1;9;1;4;373;N104 - LA FRANCILIENNE;M;4877030;261238;770
2,02E+11;18;10;16;800;2;1;1;1;5;17;A86.EXT;M;4882970;248813;940
2,02E+11;18;10;16;1730;1;1;1;1;4;58;A86.EXT;M;4883980;249409;940
2,02E+11;18;10;17;930;1;1;1;1;2;28;A86 EXT;M;4879380;244147;940
2,02E+11;18;10;17;1200;1;1;1;1;2;46;A86 EXT;M;4881025;244912;940
2,02E+11;18;10;17;1740;1;1;1;1;2;73;A86 INT;M;4876016;238330;940
2,02E+11;18;10;18;1100;1;1;1;1;4;169;N104 - LA FRANCILIENNE;M;4881536;262430;770
2,02E+11;18;10;18;1730;1;1;1;1;7;169;RN104.INT;M;4881140;262951;770
2,02E+11;18;10;18;1745;1;1;1;1;7;373;N104 - LA FRANCILIENNE;M;4878710;261733;770
2,02E+11;18;10;19;1545;1;1;1;1;2;373;RN104;M;4878634;261715;770
2,02E+11;18;10;19;1930;2;1;1;1;3;28;A86 EXT;M;4879811;244447;940
2,02E+11;18;10;19;1930;5;1;1;1;3;18;A4;M;4881735;242209;940
2,02E+11;18;10;19;2030;5;1;1;1;5;69;A4;M;4881762;242182;940
2,02E+11;18;10;20;1220;1;1;1;1;2;52;A86 INT;M;4883275;264276;940
2,02E+11;18;10;21;200;3;1;9;1;6;294;A104 - BRET. VERS D84;M;4896583;260765;770
2,02E+11;18;10;21;700;3;1;1;1;6;28;A86 INT;M;4877631;243295;940
2,02E+11;18;10;22;330;3;1;1;1;6;79;A4;M;4883450;253710;940
2,02E+11;18;10;23;1230;1;1;1;1;2;373;N104 - LA FRANCILIENNE;M;4878396;261634;770
2,02E+11;18;10;23;1700;1;1;1;1;4;52;A86 INT;M;4883820;249409;940
2,02E+11;18;10;23;1815;2;1;1;1;3;450;N104 - LA FRANCILIENNE;M;4870706;259846;770
2,02E+11;18;10;23;1930;3;1;1;1;2;28;A86 INT;M;4878160;244107;940
2,02E+11;18;10;24;750;2;1;1;1;2;69;A4;M;4881764;243426;940
2,02E+11;18;10;24;1410;1;1;1;1;2;28;A86 EXT;M;4880356;244851;940
2,02E+11;18;10;24;1950;1;1;9;1;2;169;A4 PARIS PROVINCE;M;4883127;260374;770
2,02E+11;18;10;24;2000;2;1;1;1;2;73;A86 INT;M;4876220;238166;940
2,02E+11;18;10;26;2230;5;1;1;1;6;18;A4;M;4881919;240527;940
2,02E+11;18;10;28;1755;3;1;1;1;4;373;N104 - LA FRANCILIENNE;M;4879610;262160;770
2,02E+11;18;10;29;1725;2;1;1;1;2;69;A4;M;4881000;245000;940
2,02E+11;18;10;30;1840;3;1;1;1;4;51;A4;M;4883640;254182;930
2,02E+11;18;10;31;805;1;1;1;1;5;17;A4;M;4882000;250000;940
2,02E+11;18;10;31;1430;1;1;1;2;6;258;A4  BRET VERS N104 D499;M;4883009;262549;770