Num_Acc;an;mois;jour;hrmn;lum;agg;int;atm;col;com;adr;gps;lat;long;dep
2,02E+11;18;10;31;1930;3;1;1;2;4;51;A4;M;4883664;254763;930
2,02E+11;18;11;1;1;3;1;1;1;6;58;A4;M;4882875;273280;770
2,02E+11;18;11;1;1120;1;1;9;1;4;438;A104 - LA FRANCILIENNE;M;4886109;266705;770
2,02E+11;18;11;1;2115;4;1;1;2;6;73;A86 INT;M;4876947;237973;940
2,02E+11;18;11;2;630;3;1;1;5;4;112;A4;M;4882001;246083;750
2,02E+11;18;11;2;700;2;1;9;5;6;169;N104 - LA FRANCILIENNE;M;4881953;261623;770
2,02E+11;18;11;2;1215;1;1;1;1;4;17;A4;M;4883070;250737;940
2,02E+11;18;11;2;1730;2;1;1;1;2;294;A104 - LA FRANCILIENNE;M;4896176;261656;770
2,02E+11;18;11;2;1730;2;1;1;1;7;44;RN406.W;M;4875741;247637;940
2,02E+11;18;11;4;1230;1;1;1;1;7;384;A5b;M;4861899;263051;770
2,02E+11;18;11;4;1630;1;1;1;1;2;65;A86 INT;M;4845410;235140;940
2,02E+11;18;11;5;2020;5;1;1;1;2;112;A4;M;4881886;245784;750
2,02E+11;18;11;6;57;3;1;1;1;6;237;A4 - PARIS PROVINCE;M;4882985;275174;770
2,02E+11;18;11;6;800;1;1;1;1;3;74;RN406.Y;M;4876570;245810;940
2,02E+11;18;11;6;850;1;1;1;1;3;122;N104 - LA FRANCILIENNE;M;4864713;257043;770
2,02E+11;18;11;6;910;1;1;1;1;5;17;A4;M;4882660;251720;940
2,02E+11;18;11;6;900;1;1;1;1;2;69;A4;M;4881720;242370;940
2,02E+11;18;11;6;1200;1;1;1;1;2;17;A4;M;4883020;249510;940
2,02E+11;18;11;6;1700;3;1;1;1;7;514;A104 - LA FRANCILIENNE;M;4894621;262857;770
2,02E+11;18;11;6;1900;3;1;1;1;2;74;RN406.Y;M;4876591;245720;940
2,02E+11;18;11;7;10;3;1;1;1;6;42;A4;M;4882578;246289;940
2,02E+11;18;11;8;900;1;1;1;1;7;112;A86 EXT;M;4881562;245081;750
2,02E+11;18;11;8;2300;3;1;9;1;2;438;A104 - LA FRANCILIENNE;M;4886115;266703;770
2,02E+11;18;11;9;1250;1;1;1;1;5;52;A86 INT;M;4884152;249280;940
2,02E+11;18;11;11;155;3;1;1;2;6;73;A86 EXT;M;4877194;237416;940
2,02E+11;18;11;11;750;2;1;1;2;6;337;BRET. A4 VERS N104 MELUN;M;4882809;261784;770
2,02E+11;18;11;11;1345;1;1;9;2;6;58;A4 - PROVINCE PARIS;M;4883040;269932;770
2,02E+11;18;11;11;1430;1;1;1;2;7;18;A4;M;4882434;239416;940
2,02E+11;18;11;12;315;3;1;1;2;6;73;A86 INT;M;4845977;222726;940
2,02E+11;18;11;12;530;1;1;1;3;6;52;A86 INT;M;4883480;249320;940
2,02E+11;18;11;12;640;3;1;1;2;1;73;A86 INT;M;4877170;239360;940
2,02E+11;18;11;12;800;5;1;1;2;2;52;A86.EXT;M;4883490;249330;940
2,02E+11;18;11;12;945;1;1;1;2;4;112;A4;M;4882180;246220;750
2,02E+11;18;11;12;1520;1;1;1;1;6;337;BRET.N104 MELUN-A4 PARIS;M;4883007;262125;770
2,02E+11;18;11;12;1635;1;1;1;1;5;438;A104 - LA FRANCILIENNE;M;4885532;266381;770
2,02E+11;18;11;13;600;5;1;1;1;2;17;A4;M;4882677;251448;940
2,02E+11;18;11;13;915;1;1;1;1;2;52;A86 INT;M;4884553;249187;940
2,02E+11;18;11;13;1130;1;1;1;1;2;372;A104 - LA FRANCILIENNE;M;4888448;266786;770
2,02E+11;18;11;13;1700;1;1;1;1;2;81;A86 EXT;M;4877406;240814;940
2,02E+11;18;11;13;1910;3;1;1;1;2;73;A86 EXT;M;4875709;238384;940
2,02E+11;18;11;14;500;5;1;1;1;5;17;A4;M;4882649;251480;940
2,02E+11;18;11;14;1145;1;1;1;1;6;372;A104 - LA FRANCILIENNE;M;4887834;266834;770
2,02E+11;18;11;14;1500;1;1;1;1;4;517;A104.EXT;M;4890833;263826;770
2,02E+11;18;11;15;1930;3;1;1;1;5;69;A4;M;4881720;243000;940
2,02E+11;18;11;16;810;2;1;1;1;3;17;A4;M;4882834;250450;940
2,02E+11;18;11;16;900;1;1;1;1;3;17;A4;M;4883065;250752;940
2,02E+11;18;11;17;2220;3;1;1;1;6;44;RN406.W;M;4844457;227572;940
2,02E+11;18;11;19;1015;1;1;1;1;3;22;A86 EXT;M;4877555;242333;940
2,02E+11;18;11;20;40;4;1;1;2;6;17;A4;M;4882816;250317;940
2,02E+11;18;11;20;1115;1;1;1;3;6;58;A4 - PARIS PROVINCE;M;4882869;272971;770
2,02E+11;18;11;21;900;1;1;1;8;2;450;N104 - LA FRANCILIENNE;M;4870929;259894;770
2,02E+11;18;11;21;1345;1;1;1;1;4;28;A86 EXT;M;4878410;244080;940
2,02E+11;18;11;22;1440;1;1;1;2;6;44;RN406.W;M;4874960;248060;940
2,02E+11;18;11;22;1815;5;1;1;2;3;58;A86.EXT;M;4883600;249420;940
2,02E+11;18;11;23;1020;1;1;1;5;4;363;A104 - LA FRANCILIENNE;M;4892355;262993;770
2,02E+11;18;11;23;1140;1;1;9;2;6;121;A4 - PROVINCE PARIS;M;4883199;267281;770
2,02E+11;18;11;23;1810;5;1;1;1;2;52;A86 INT;M;4883942;249331;940
2,02E+11;18;11;23;1800;3;1;1;1;2;258;A4;M;4883107;263817;770
2,02E+11;18;11;24;1750;3;1;1;1;4;372;A104 - LA FRANCILIENNE;M;4888899;266749;770
2,02E+11;18;11;25;100;3;1;1;2;6;517;A104.INT;M;4890666;263984;770
2,02E+11;18;11;25;1330;1;1;1;2;3;73;A86 INT;M;4876980;238069;940
2,02E+11;18;11;25;1400;1;1;9;2;6;337;A4 - PROVINCE PARIS;M;4882995;261984;770
2,02E+11;18;11;25;1600;1;1;1;2;6;73;A86 INT;M;4876920;237940;940
2,02E+11;18;11;26;915;1;1;1;2;3;73;A86 EXT;M;4877058;238545;940
2,02E+11;18;11;27;1400;1;1;1;1;6;17;A4;M;4882000;251000;940
2,02E+11;18;11;27;1735;5;1;1;2;2;18;A4;M;4881000;241000;940
2,02E+11;18;11;28;1315;1;1;1;1;3;237;A4 - PARIS PROVINCE;M;4883129;276773;770
2,02E+11;18;11;28;1550;1;1;1;1;7;296;N104 - LA FRANCILIENNE;M;4864632;259481;770
2,02E+11;18;11;28;1800;3;1;1;1;2;69;A4;M;4881740;242320;940
2,02E+11;18;11;29;945;1;1;1;1;4;294;A104 - LA FRANCILIENNE;M;4895801;262422;770
2,02E+11;18;11;29;1900;5;1;1;1;4;18;A4;M;4881919;240772;940
2,02E+11;18;11;30;1100;1;1;1;1;6;74;RN406.W;M;4876480;246460;940
2,02E+11;18;11;30;1525;1;1;9;1;2;373;N104 - LA FRANCILIENNE;M;4877705;261381;770
2,02E+11;18;11;30;1535;1;1;1;1;3;73;A86 INT;M;4876024;238290;940
2,02E+11;18;11;30;2240;3;1;9;1;6;83;A4;M;4883367;259205;770
2,02E+11;18;12;1;1130;1;1;1;3;6;122;N104 - LA FRANCILIENNE;M;4864663;258791;770
2,02E+11;18;12;1;1640;2;1;1;2;6;28;A86 EXT;M;4877060;244280;940
2,02E+11;18;12;1;1740;5;1;1;2;2;28;A86 INT;M;4879990;244600;940
2,02E+11;18;12;1;1905;3;1;1;2;4;28;A86 EXT;M;4877620;242500;940
2,02E+11;18;12;1;2115;3;1;1;3;7;372;A104 - LA FRANCILIENNE;M;4888816;266771;770
2,02E+11;18;12;1;2300;3;1;1;2;7;373;N104 - LA FRANCILIENNE;M;4876764;261321;770
2,02E+11;18;12;2;1030;1;1;9;1;7;258;A4  BRET N104;M;4883008;262482;770
2,02E+11;18;12;2;1215;1;1;1;1;7;28;A86 EXT;M;4878900;244046;940
2,02E+11;18;12;2;2140;3;1;1;1;5;141;A4;M;4884646;283099;770
2,02E+11;18;12;2;2300;5;1;9;2;6;28;RN406.W;M;4826565;254888;940
2,02E+11;18;12;3;830;1;1;1;8;4;294;A104 - LA FRANCILIENNE;M;4897215;259275;770
2,02E+11;18;12;3;910;1;1;1;2;6;44;RN406.Y;M;4875720;247250;940
2,02E+11;18;12;3;920;1;1;1;1;6;28;RN406.W;M;4877500;244000;940
2,02E+11;18;12;4;755;3;1;1;2;2;28;A86 INT;M;4877902;244095;940
2,02E+11;18;12;4;1700;2;1;9;1;2;495;A5b (A105);M;4857187;264048;770
2,02E+11;18;12;5;530;3;1;1;1;2;22;A86 INT;M;4877400;240460;940
2,02E+11;18;12;6;415;5;1;1;2;6;46;A86 INT;M;4880762;244874;940
2,02E+11;18;12;6;830;1;1;1;1;2;112;A4;M;4883000;283000;750
2,02E+11;18;12;6;845;1;1;1;2;2;438;A104 - LA FRANCILIENNE;M;4887485;266950;770
2,02E+11;18;12;6;1100;1;1;1;1;4;517;A104.EXT. LA FRACILIENNE;M;4890516;264296;770
2,02E+11;18;12;7;215;3;1;9;1;2;258;A4 PROVINCE PARIS;M;4883242;265529;770
2,02E+11;18;12;7;1537;1;1;1;1;5;52;A86.EXT;M;4883575;249364;940
2,02E+11;18;12;7;1605;1;1;1;2;4;17;A4;M;4882653;251634;940
2,02E+11;18;12;9;1630;1;1;1;2;2;17;A4;M;4882880;250100;940
2,02E+11;18;12;9;1830;5;1;9;2;6;18;A4;M;4881730;241580;940
2,02E+11;18;12;9;1930;5;1;1;1;2;69;A4;M;4881760;241910;940
2,02E+11;18;12;10;145;3;1;9;2;6;373;RN104;M;4877399;261187;770
2,02E+11;18;12;10;540;3;1;9;2;4;337;RN104;M;4882981;261905;770
2,02E+11;18;12;10;945;1;1;9;3;3;337;N104 X BRET. ACCES D1406;M;4882598;261636;770
2,02E+11;18;12;11;730;2;1;1;1;2;73;A86 INT;M;4875320;237670;940
2,02E+11;18;12;11;1830;3;1;1;1;3;51;A4;M;4883260;259522;930
2,02E+11;18;12;12;500;4;1;1;1;7;169;RN104;M;4882351;261549;770
2,02E+11;18;12;12;650;5;1;1;1;2;28;A86 EXT;M;4877710;243930;940
2,02E+11;18;12;12;1405;1;1;1;1;4;46;A86 EXT;M;4847310;226360;940
2,02E+11;18;12;12;1845;3;1;1;1;6;337;A4 - PARIS PROVINCE;M;4883015;261212;770
2,02E+11;18;12;13;1340;1;1;9;1;2;237;A4 - PARIS PROVINCE;M;4883078;276102;770
2,02E+11;18;12;13;1410;1;1;1;1;6;73;A86 EXT;M;4876776;237863;940
2,02E+11;18;12;14;1714;5;1;1;1;3;28;A86 EXT;M;4878771;244025;940
2,02E+11;18;12;15;228;5;1;1;1;5;52;A86 INT;M;4883145;249113;940
2,02E+11;18;12;16;35;5;1;1;3;6;73;A86 INT;M;4876517;237967;940
2,02E+11;18;12;16;535;4;1;1;2;6;73;A86 EXT;M;4876856;237909;940
2,02E+11;18;12;16;1100;1;1;9;1;6;373;N104 X BRET. ACCES N4;M;4877194;261166;770
2,02E+11;18;12;17;1400;1;1;9;1;4;83;A4  PARIS PROVINCE;M;4883396;258937;770
2,02E+11;18;12;17;1815;5;1;1;1;7;112;A4;M;4881714;245493;750
2,02E+11;18;12;18;730;1;1;1;1;2;175;N104 - LA FRANCILIENNE;M;4866774;261237;770
2,02E+11;18;12;17;1005;1;1;9;1;7;514;A104 - LA FRANCILIENNE;M;4894175;262828;770
2,02E+11;18;12;19;658;5;1;1;8;3;17;A4;M;4882665;252225;940
2,02E+11;18;12;19;1100;1;1;1;8;6;17;A4;M;4882661;252203;940
2,02E+11;18;12;19;1530;1;1;1;1;4;52;A86 INT;M;4883391;249292;940
2,02E+11;18;12;19;1720;3;1;1;1;2;18;A4;M;4882330;239550;940
2,02E+11;18;12;20;645;3;1;1;1;6;146;N104 - LA FRANCILIENNE;M;4881316;262839;770
2,02E+11;18;12;20;1800;3;1;1;1;2;33;A86.EXT;M;4885220;249020;940
2,02E+11;18;12;20;1830;4;1;1;1;2;46;A86 EXT;M;4879087;244073;940
2,02E+11;18;12;22;1150;1;1;1;1;3;28;A86 INT;M;4879330;244000;940
2,02E+11;18;12;22;1800;3;1;1;1;7;181;A4.Y - PARIS PROVINCE;M;4883096;268779;770
2,02E+11;18;12;23;150;3;1;9;1;6;373;N104 - LA FRANCILIENNE;M;4877618;261333;770
2,02E+11;18;12;23;1400;1;1;1;2;6;73;A86 EXT;M;4875590;238375;940
2,02E+11;18;12;23;1545;1;1;1;2;6;258;N104 - LA FRANCILIENNE;M;4882351;261548;770
2,02E+11;18;12;23;1900;3;1;1;2;6;52;A4;M;4882689;246795;940
2,02E+11;18;12;24;350;5;1;1;2;6;73;A86 EXT;M;4875944;238833;940
2,02E+11;18;12;24;820;3;1;9;2;3;337;BRET.N104 MELUN-A4 PARIS;M;4883000;261990;770
2,02E+11;18;12;24;1500;1;1;1;1;7;121;BRET. A104 VERS A4 PARIS;M;4883404;266521;770
2,02E+11;18;12;24;1815;3;1;1;1;4;169;N104 - LA FRANCILIENNE;M;4881535;262433;770
2,02E+11;18;12;25;230;3;1;1;1;2;15;A4;M;4883083;252527;940
2,02E+11;18;12;26;500;3;1;1;1;6;169;N104 - LA FRANCILIENNE;M;4882217;261523;770
2,02E+11;18;12;28;1400;1;1;1;1;6;258;N104 - LA FRANCILIENNE;M;4882590;261643;770
2,02E+11;18;12;29;1915;3;1;9;1;4;373;N104 - LA FRANCILIENNE;M;4877052;261229;770
2,02E+11;18;12;29;1945;1;1;1;1;6;74;RN406.Y;M;4876568;245759;940
2,02E+11;18;12;30;315;5;1;1;1;4;28;A86 INT;M;4877749;245126;940
2,02E+11;18;12;31;800;3;1;1;1;6;79;A4;M;4883615;253994;940
2,02E+11;18;12;31;2030;3;1;1;8;2;28;A86 INT;M;4878400;244011;940
2,02E+11;18;1;1;530;3;1;1;1;6;505;AUTOROUTE A1;M;4917291;260012;600
2,02E+11;18;1;1;540;3;1;1;1;2;7;AUTOROUTE A 1;M;4895038;244919;930
2,02E+11;18;1;1;1110;1;1;1;3;6;5;AUTOROUTE A 104;M;4897387;249147;930
2,02E+11;18;1;1;1515;1;1;1;2;6;277;AUTOROUTE A104;M;4897350;248590;950
2,02E+11;18;1;3;5;4;1;1;2;3;78;AUTOROUTE A 104;M;4897256;249311;930
2,02E+11;18;1;2;1745;4;1;1;2;4;63;AUTOROUTE A 3;M;4887846;244717;930
2,02E+11;18;1;1;1740;3;1;1;2;3;27;AUTOROUTE A 86;M;4892584;239997;930
2,02E+11;18;1;3;1430;1;1;1;6;3;78;AUTOROUTE A104;M;4896477;251925;930
2,02E+11;18;1;3;1140;1;1;1;1;2;64;AUTOROUTE A 86;M;4887750;247742;930
2,02E+11;18;1;4;915;1;1;1;2;7;64;AUTOROUTE A86;M;4888126;247487;930
2,02E+11;18;1;4;1305;1;1;1;2;6;27;AUTOROUTE A86;M;4892629;240261;930
2,02E+11;18;12;29;325;3;1;1;1;3;7;AUTOROUTE A3;M;4893410;248091;930
2,02E+11;18;1;4;1430;1;1;1;2;7;36;AUTOROUTE A15;M;4893717;229598;920
2,02E+11;18;1;4;1740;3;1;1;2;6;27;AUTOROUTE A86;M;4892848;241631;930
2,02E+11;18;1;5;850;2;1;1;8;4;5;AUTOROUTE A3;M;4895441;247357;930
2,02E+11;18;1;5;2315;3;1;1;1;6;53;AUTOROUTE A103;M;4888640;248370;930
2,02E+11;18;1;6;500;3;1;1;1;2;64;AUTOROUTE A86;M;4886510;248190;930
2,02E+11;18;1;5;1855;3;1;1;1;2;10;AUTOROUTE A86;M;4889261;247270;930
2,02E+11;18;1;6;1830;3;1;1;1;4;78;AUTOROUTE A86;M;4893383;232100;920
2,02E+11;18;1;6;2130;3;1;1;1;4;5;AUTOROUTE A1;M;4896373;247281;930
2,02E+11;18;1;7;20;3;1;1;2;6;277;A104;M;4897290;248510;950
2,02E+11;18;1;7;1045;1;1;1;1;3;277;RD 170 B6;M;4897430;248480;950
2,02E+11;18;1;7;1230;1;1;1;1;6;582;AUTOROUTE A115;M;4897620;224010;950
2,02E+11;18;1;7;1255;1;1;1;1;6;277;RD 170 B6;M;4897360;248530;950
2,02E+11;18;1;8;800;4;1;1;1;3;66;AUTOROUTE A86;M;4892200;235859;930
2,02E+11;18;1;8;1500;1;1;1;1;2;7;AUTOROUTE A3;M;4891739;247838;930
2,02E+11;18;1;9;815;3;1;1;1;3;10;AUTOROUTE A3;M;4890633;247211;930
2,02E+11;18;1;9;2230;3;1;1;1;4;582;AUTOROUTE A115;M;4897470;224230;950
2,02E+11;18;1;10;945;1;1;1;2;7;5;AUTOROUTE A104;M;4897416;248901;930
2,02E+11;18;1;10;1800;3;1;1;1;2;612;AUTOROUTE A1;M;4920286;260915;600
2,02E+11;18;1;11;800;2;1;1;1;3;18;AUTOROUTE A15;M;4896070;226970;950
2,02E+11;18;1;11;950;1;1;1;1;2;582;RD 170;M;4896470;226940;950
2,02E+11;18;1;12;300;3;1;1;1;2;582;AUTOROUTE A15;M;4897470;224410;950
2,02E+11;18;1;12;1715;2;1;1;1;2;572;AUTOROUTE A15;M;4903380;210410;950
2,02E+11;18;1;12;1730;3;1;1;1;4;582;AUTOROUTE A15;M;4897070;224930;950
2,02E+11;18;1;12;1700;2;1;1;1;2;66;AUTOROUTE A1;M;4891032;235802;930
2,02E+11;18;1;14;730;3;1;1;1;2;7;AUTOROUTE A1;M;4894369;243609;930
2,02E+11;18;1;14;1210;1;1;1;1;3;527;AUTOROUTE A1;M;4899430;251520;950
2,02E+11;18;1;13;1815;3;1;1;1;4;6;AUTOROUTE A3;M;4886598;241613;930
2,02E+11;18;1;13;2020;3;1;1;1;2;365;RN 104;M;4906330;241240;950
2,02E+11;18;1;13;1745;3;1;1;1;3;48;AUTOROUTE A3;M;4887107;243333;930
2,02E+11;18;1;15;800;2;1;1;1;5;7;AUTOROUTE A3;M;4892788;248154;930
2,02E+11;18;1;15;820;2;1;1;1;4;675;AUTOROUTE A1;M;4905630;254910;950
2,02E+11;18;1;15;642;3;1;1;1;2;78;AUTOROUTE A104;M;4897119;249831;930
2,02E+11;18;1;15;1335;1;1;1;3;6;53;AUTOROUTE A103;M;4888770;247265;930
2,02E+11;18;1;15;1800;3;1;1;2;3;63;AUTOROUTE A3;M;4887461;243898;930
2,02E+11;18;1;15;1800;2;1;1;2;4;7;AUTOROUTE A3;M;4893233;248069;930
2,02E+11;18;1;15;1815;3;1;1;8;5;78;AUTOROUTE A86;M;4893026;232580;920
2,02E+11;18;1;15;1907;3;1;1;2;3;10;AUTOROUTE A3;M;4890260;247060;930
2,02E+11;18;1;16;620;3;1;1;2;2;36;AUTOROUTE A15;M;4894415;228636;920
2,02E+11;18;1;16;2225;3;1;9;2;6;10;AUTOROUTE A3;M;4891655;247831;930
2,02E+11;18;1;17;1550;1;1;1;1;2;78;AUTOROUTE A104;M;4857379;228242;930
2,02E+11;18;1;18;1015;1;1;1;2;7;5;AUTOROUTE A3;M;4896113;247345;930
2,02E+11;18;1;18;1820;3;1;1;1;2;572;RN 184;M;4904980;214210;950
2,02E+11;18;1;19;40;3;1;1;2;6;424;AUTOROUTE A15;M;4898850;219910;950
2,02E+11;18;1;19;610;3;1;1;8;2;527;AUTOROUTE A3;M;4898240;250237;950
2,02E+11;18;1;19;830;1;1;1;8;7;18;AUTOROUTE A15;M;4894970;228020;950
2,02E+11;18;1;19;1215;1;1;1;2;2;277;AUTOROUTE A3;M;4897370;248840;950
2,02E+11;18;1;19;1240;1;1;1;1;4;5;AUTOROUTE A3;M;4895443;247362;930
2,02E+11;18;1;19;1847;3;1;1;1;5;66;AUTOROUTE A86;M;4892300;234503;930
2,02E+11;18;1;19;1440;1;1;1;1;4;582;RD 170;M;4896360;226640;950
2,02E+11;18;1;19;2210;3;1;1;1;4;277;AUTOROUTE A3;M;4897030;248210;950
2,02E+11;18;1;20;1400;1;1;1;2;7;78;AUTOROUTE A104;M;4896766;251077;930
2,02E+11;18;1;20;1315;1;1;1;2;2;66;AUTOROUTE A1;M;4893252;237395;930
2,02E+11;18;1;19;1730;1;1;1;2;7;63;AUTOROUTE A3;M;4887849;244714;930
2,02E+11;18;1;19;1800;3;1;1;2;2;8;AUTOROUTE A86;M;4890495;246481;930
2,02E+11;18;1;21;15;4;1;1;2;3;27;AUTOROUTE A86;M;4892852;241387;930
2,02E+11;18;1;20;1950;3;1;1;1;2;268;RD 84A;M;4896070;240280;950
2,02E+11;18;1;21;1615;1;1;1;2;6;18;AUTOROUTE A15;M;4895140;227990;950
2,02E+11;18;1;21;1940;4;1;1;2;2;63;AUTOROUTE A3;M;4887666;244327;930
2,02E+11;18;1;22;650;3;1;1;3;5;48;AUTOROUTE A3;M;4887306;243530;930
2,02E+11;18;1;22;700;3;1;1;3;4;27;AUTOROUTE A1;M;4893726;241061;930
2,02E+11;18;1;22;815;1;1;1;2;4;612;AUTOROUTE A1;M;4920623;261149;600
2,02E+11;18;1;22;1320;1;1;1;2;6;27;AUTOROUTE A86;M;4892787;240957;930
2,02E+11;18;1;22;1800;2;1;1;1;4;212;AUTOROUTE A1;M;4902910;253830;950
2,02E+11;18;1;22;1820;3;1;1;1;2;1;AUTOROUTE A86;M;4892164;237705;930
2,02E+11;18;1;23;455;3;1;1;1;2;27;AUTOROUTE A86;M;4892500;239278;930
2,02E+11;18;1;23;1550;1;1;1;1;3;78;AUTOROUTE A104;M;4895972;253904;930
2,02E+11;18;1;24;1140;1;1;1;1;3;53;AUTOROUTE A3;M;4889413;247168;930
2,02E+11;18;1;25;915;1;1;1;2;2;66;AUTOROUTE A86;M;4892201;236540;930
2,02E+11;18;1;25;1915;3;1;1;1;7;5;AUTOROUTE A104;M;4897302;248751;930
2,02E+11;18;1;25;1730;1;1;1;2;3;5;AUTOROUTE A3;M;4896018;247351;930
2,02E+11;18;1;27;655;2;1;1;5;3;66;AUTOROUTE A1;M;4893171;237002;930
2,02E+11;18;1;28;935;1;1;1;1;6;36;AUTOROUTE A15;M;;;920
2,02E+11;18;1;28;1115;1;1;1;1;6;5;AUTOROUTE A104;M;4897415;248892;930
2,02E+11;18;1;28;1145;1;1;1;2;6;5;AUTOROUTE A104;M;4897333;249247;930
2,02E+11;18;1;28;1250;1;1;1;1;6;582;RD 170;M;4896110;226010;950
2,02E+11;18;1;28;1745;4;1;1;2;7;555;RD 170;M;4896970;227530;950
2,02E+11;18;1;29;110;3;1;1;1;6;678;RN 104;M;4907280;224070;950
2,02E+11;18;1;28;1716;3;1;1;1;2;36;AUTOROUTE A86;M;4893878;230118;920
2,02E+11;18;1;29;800;2;1;1;2;2;29;AUTOROUTE A86;M;4892205;242762;930
2,02E+11;18;1;29;900;1;1;1;1;2;64;AUTOROUTE A86;M;4888249;247199;930
2,02E+11;18;1;29;1330;1;1;1;1;4;78;AUTOROUTE A86;M;4892807;233171;920
2,02E+11;18;1;30;945;1;1;1;1;5;64;AUTOROUTE A3;M;4888393;246628;930
2,02E+11;18;1;30;1635;1;1;1;2;6;277;AUTOROUTE A104;M;4897270;248490;950
2,02E+11;18;1;31;1120;1;1;1;2;2;66;AUTOROUTE A1;M;4891916;235738;930
2,02E+11;18;2;1;950;1;1;1;3;5;18;AUTOROUTE A15;M;4895860;227390;950
2,02E+11;18;2;1;1250;1;1;1;1;5;64;AUTOROUTE A86;M;4887842;247660;930
2,02E+11;18;2;1;2220;4;1;1;1;6;66;AUTOROUTE A1;M;4893382;238399;930
2,02E+11;18;2;2;140;3;1;1;2;6;36;AUTOROUTE A86;M;4893792;230037;920
2,02E+11;18;2;2;1655;1;1;1;1;3;64;AUTOROUTE A86;M;4887828;247663;930
2,02E+11;18;2;2;2215;3;1;1;1;6;394;AUTOROUTE A115;M;4905230;218470;950
2,02E+11;18;2;3;100;3;1;1;1;2;6;AUTOROUTE A3;M;4886681;242557;930
2,02E+11;18;2;3;1200;1;1;1;2;2;66;AUTOROUTE A1;M;4891936;235754;930
2,02E+11;18;2;3;1545;1;1;1;2;3;277;AUTOROUTE A104;M;4897280;248720;950
2,02E+11;18;2;3;1910;3;1;1;2;4;582;AUTOROUTE A15;M;4897580;223860;950
2,02E+11;18;2;3;1940;3;1;1;2;4;424;AUTOROUTE A15;M;4898990;219730;950
2,02E+11;18;2;4;350;3;1;1;2;6;36;AUTOROUTE A86;M;4893839;231331;920
2,02E+11;18;2;4;610;3;1;9;2;6;36;AUTOROUTE A86;M;4893913;230285;920
2,02E+11;18;2;4;900;1;1;1;2;6;64;AUTOROUTE A86;M;4887066;248246;930
2,02E+11;18;2;4;1115;1;1;1;1;6;252;AUTOROUTE A15;M;4898650;221080;950
2,02E+11;18;2;4;1145;1;1;1;1;6;572;AUTOROUTE A15;M;4903280;210810;950
2,02E+11;18;2;4;2040;5;1;1;1;2;27;AUTOROUTE A86;M;4892290;238064;930
2,02E+11;18;2;5;1700;2;1;1;8;5;277;AUTOROUTE A104;M;4897410;249050;950
2,02E+11;18;2;9;2030;3;1;1;8;6;64;AUTOROUTE A103;M;4888820;247249;930
2,02E+11;18;2;10;105;4;1;1;4;6;78;AUTOROUTE A86;M;4892906;232946;920
2,02E+11;18;2;10;500;4;1;1;9;2;78;AUTOROUTE A86;M;4893040;232522;920
2,02E+11;18;2;11;2020;4;1;1;1;6;28;RN 104;M;4906437;233180;950
2,02E+11;18;2;13;910;1;1;1;1;4;277;RD 170;M;4897550;248320;950
2,02E+11;18;2;13;1000;1;1;1;1;4;78;AUTOROUTE A104;M;4896864;250722;930
2,02E+11;18;2;14;2005;3;1;1;2;4;7;AUTOROUTE A3;M;4891981;247906;930
2,02E+11;18;2;15;545;4;1;1;2;2;5;AUTOROUTE A104;M;4897377;249127;930
2,02E+11;18;2;15;500;4;1;1;2;6;5;AUTOROUTE A104;M;4897426;249124;930
2,02E+11;18;2;15;910;1;1;1;2;3;28;RN 104;M;4905990;235490;950
2,02E+11;18;2;15;1500;1;1;1;2;3;277;RD 170 B6;M;4897290;248510;950
2,02E+11;18;2;15;1930;3;1;1;2;5;527;AUTOROUTE A1;M;4901460;253090;950
2,02E+11;18;2;16;200;3;1;1;1;2;555;RD 170;M;4897370;227690;950
2,02E+11;18;2;16;1650;1;1;1;1;2;572;RN 184;M;4904110;212810;950
2,02E+11;18;2;16;2015;3;1;1;1;7;241;RN 104;M;4904750;246030;950
2,02E+11;18;2;17;1745;1;1;1;1;7;61;RN 104;M;4906790;225450;950
2,02E+11;18;2;18;215;5;1;1;1;5;66;AUTOROUTE A1;M;4891302;235804;930
2,02E+11;18;2;18;805;1;1;1;1;6;18;AUTOROUTE A9015.2;M;4895670;227450;950
2,02E+11;18;2;18;720;2;1;1;1;3;53;AUTOROUTE A3;M;4888348;245855;930
2,02E+11;18;2;19;1;4;1;1;1;5;582;AUTOROUTE A15;M;4897440;224450;950
2,02E+11;18;2;19;1750;1;1;1;2;3;10;AUTOROUTE A3;M;4891629;247789;930
2,02E+11;18;2;19;1455;1;1;1;2;2;641;AUTOROUTE A1;M;4906950;255250;950
2,02E+11;18;2;19;2130;4;1;1;2;3;18;AUTOROUTE A15;M;4895860;227430;950
2,02E+11;18;2;20;820;1;1;1;2;2;582;RD 170;M;4896230;226390;950
2,02E+11;18;2;20;1205;1;1;1;8;4;277;RD 170;M;4897790;244140;950
2,02E+11;18;2;20;1630;1;1;1;1;2;66;AUTOROUTE A86;M;4892382;234262;930
2,02E+11;18;2;22;5;3;1;1;1;3;527;AUTOROUTE A3;M;4898340;250130;950
2,02E+11;18;2;21;2000;3;1;1;1;2;53;AUTOROUTE A3;M;4888243;245631;930
2,02E+11;18;2;22;1635;1;1;1;1;2;18;AUTOROUTE A15;M;4895970;227210;950
2,02E+11;18;2;22;1645;1;1;1;1;2;18;AUTOROUTE A15;M;4895910;227320;950
2,02E+11;18;2;22;1915;3;1;1;1;3;66;AUTOROUTE A1;M;4892919;235948;930
2,02E+11;18;2;22;1950;3;1;1;1;2;252;AUTOROUTE A15;M;4898340;221870;950
2,02E+11;18;2;23;1600;1;1;1;1;4;18;AUTOROUTE A15;M;4895050;228020;950