Num_Acc;an;mois;jour;hrmn;lum;agg;int;atm;col;com;adr;gps;lat;long;dep
2,02E+11;18;2;23;2015;3;1;1;1;6;60;AUTOROUTE A115;M;4904310;218810;950
2,02E+11;18;2;25;50;3;1;1;1;2;563;AUTOROUTE A115;M;4901010;223150;950
2,02E+11;18;2;27;720;2;1;1;1;4;64;AUTOROUTE A3;M;4888378;246676;930
2,02E+11;18;2;27;1745;1;1;1;1;6;365;RN 104;M;4906480;241033;950
2,02E+11;18;2;27;1850;2;1;1;1;2;66;AUTOROUTE A1;M;4891602;235781;930
2,02E+11;18;2;28;1500;1;1;1;1;2;66;AUTOROUTE A1;M;4890610;235848;930
2,02E+11;18;3;1;115;3;1;1;1;6;218;AUTOROUTE A15;M;4903580;209649;950
2,02E+11;18;3;1;120;3;1;1;4;6;394;AUTOROUTE A115;M;4904890;218330;950
2,02E+11;18;3;1;510;5;1;1;4;6;29;AUTOROUTE A86;M;4892636;242164;930
2,02E+11;18;3;1;830;1;1;1;4;6;582;AUTOROUTE A15;M;4896910;225080;950
2,02E+11;18;3;2;1330;1;1;1;2;3;5;AUTOROUTE A104;M;4897239;249489;930
2,02E+11;18;3;3;1600;1;1;1;1;2;5;AUTOROUTE A3;M;4893142;248115;930
2,02E+11;18;3;2;1945;3;1;1;1;5;36;AUTOROUTE A15;M;4894356;228735;920
2,02E+11;18;3;3;1725;1;1;1;2;2;6;AUTOROUTE A3;M;4886998;243014;930
2,02E+11;18;3;4;1345;1;1;1;2;6;8;AUTOROUTE A86;M;4891076;244201;930
2,02E+11;18;3;4;1740;1;1;1;2;3;572;AUTOROUTE A15;M;4903130;212010;950
2,02E+11;18;3;4;1930;3;1;1;1;6;277;AUTOROUTE A104;M;4897280;248510;950
2,02E+11;18;3;4;2200;3;1;1;1;6;7;AUTOROUTE A3;M;4894930;247330;930
2,02E+11;18;3;4;2130;3;1;1;8;5;678;RN 104;M;4907290;224010;950
2,02E+11;18;3;4;2300;3;1;1;1;6;277;AUTOROUTE A104;M;4897370;248590;950
2,02E+11;18;3;4;2130;3;1;1;1;6;572;AUTOROUTE A15;M;4903240;211050;950
2,02E+11;18;3;5;700;2;1;1;1;5;7;AUTOROUTE A1;M;4895096;244993;930
2,02E+11;18;3;5;840;1;1;1;2;2;582;RD 170;M;4896210;226330;950
2,02E+11;18;3;5;1600;1;1;1;1;4;582;AUTOROUTE A15;M;4896670;225590;950
2,02E+11;18;3;6;1315;1;1;1;1;7;42;RN 104;M;4905810;228470;950
2,02E+11;18;3;6;1700;1;1;1;1;5;27;AUTOROUTE A1;M;4893390;238537;930
2,02E+11;18;3;6;1945;3;1;1;2;7;42;RN 104;M;4905830;230070;950
2,02E+11;18;3;6;2035;3;1;1;1;4;5;AUTOROUTE A3;M;4895359;247373;930
2,02E+11;18;3;6;2230;3;1;1;1;5;582;AUTOROUTE A15;M;4896850;225160;950
2,02E+11;18;3;7;530;3;1;1;2;2;6;AUTOROUTE A3;M;4886652;242455;930
2,02E+11;18;3;7;715;2;1;9;2;2;36;AUTOROUTE A86;M;4893912;230293;920
2,02E+11;18;3;7;915;1;1;1;2;7;64;AUTOROUTE A86;M;4886857;248210;930
2,02E+11;18;3;7;1630;1;1;1;1;6;277;AUTOROUTE A104;M;4897460;249110;950
2,02E+11;18;3;7;1615;1;1;1;2;2;78;AUTOROUTE A86;M;4892816;233187;920
2,02E+11;18;3;8;845;1;1;1;1;2;13;AUTOROUTE A1;M;4894028;242352;930
2,02E+11;18;3;8;930;1;1;1;1;2;212;AUTOROUTE A1;M;4902950;253810;950
2,02E+11;18;3;8;1235;1;1;1;1;2;66;AUTOROUTE A1;M;4890509;235838;930
2,02E+11;18;3;9;110;4;1;1;1;6;5;AUTOROUTE A104;M;4897418;248910;930
2,02E+11;18;3;9;940;1;1;1;2;3;5;AUTOROUTE A3;M;4894715;247574;930
2,02E+11;18;3;8;1945;3;1;1;2;4;28;RN 104;M;4906190;234090;950
2,02E+11;18;3;9;1450;1;1;1;1;4;66;AUTOROUTE A1;M;4891211;235787;930
2,02E+11;18;3;9;2245;4;1;1;1;6;572;AUTOROUTE A15;M;4903220;211310;950
2,02E+11;18;3;11;330;3;1;1;3;2;64;AUTOROUTE A3;M;4888399;246627;930
2,02E+11;18;3;11;845;1;1;1;1;6;277;AUTOROUTE A104;M;4897270;248490;950
2,02E+11;18;3;11;1310;1;1;1;1;2;66;AUTOROUTE A1;M;4891658;235750;930
2,02E+11;18;3;11;1515;1;1;1;1;4;10;AUTOROUTE A3;M;4889165;247298;930
2,02E+11;18;3;12;645;3;1;1;1;4;78;AUTOROUTE A86;M;4892960;232750;920
2,02E+11;18;3;12;940;1;1;1;1;2;66;AUTOROUTE A1;M;4892395;235726;930
2,02E+11;18;3;12;1310;1;1;1;1;7;18;AUTOROUTE A15;M;4895860;227390;950
2,02E+11;18;3;13;715;2;1;1;2;2;365;RN 104;M;4906280;241330;950
2,02E+11;18;3;13;1735;1;1;1;1;2;64;AUTOROUTE A86;M;4888756;247382;930
2,02E+11;18;3;14;1740;1;1;1;1;2;66;AUTOROUTE A1;M;4892567;235723;930
2,02E+11;18;3;15;430;3;1;1;2;2;252;AUTOROUTE A15;M;4898720;220880;950
2,02E+11;18;3;15;710;2;1;1;2;2;277;AUTOROUTE A3;M;4897180;248440;950
2,02E+11;18;3;15;705;2;1;1;2;6;18;AUTOROUTE A15;M;4895140;228010;950
2,02E+11;18;3;15;1740;1;1;1;2;3;8;AUTOROUTE A86;M;4890664;245735;930
2,02E+11;18;3;15;1815;2;1;1;2;3;53;AUTOROUTE A3;M;4889796;246935;930
2,02E+11;18;3;17;135;4;1;1;1;6;8;AUTOROUTE A86;M;4891353;243444;930
2,02E+11;18;3;16;1205;1;1;1;1;3;7;AUTOROUTE A1;M;4894533;243934;930
2,02E+11;18;3;16;830;1;1;1;8;6;61;RN 104;M;4906590;225910;950
2,02E+11;18;3;17;1300;1;1;1;4;3;582;AUTOROUTE A15;M;4896650;225590;950
2,02E+11;18;3;17;2350;3;1;1;4;6;7;AUTOROUTE A1;M;4894278;243303;930
2,02E+11;18;3;18;100;3;1;1;1;6;572;AUTOROUTE A9015.7;M;4903260;211230;950
2,02E+11;18;3;18;940;1;1;1;8;6;488;AUTOROUTE A15;M;4902010;213870;950
2,02E+11;18;3;18;1130;1;1;1;1;2;64;AUTOROUTE A86;M;4887671;247792;930
2,02E+11;18;3;18;2020;3;1;1;2;4;78;AUTOROUTE A86;M;4892938;232819;920
2,02E+11;18;3;18;2215;3;1;1;4;5;277;AUTOROUTE A104;M;4897270;248490;950
2,02E+11;18;3;19;700;3;1;1;4;6;5;AUTOROUTE A104;M;4897275;249327;930
2,02E+11;18;3;19;730;2;1;1;4;6;582;AUTOROUTE A15;M;4896350;226440;950
2,02E+11;18;3;19;1225;1;1;1;1;1;66;AUTOROUTE A86;M;4892250;234712;930
2,02E+11;18;3;20;1215;1;1;1;1;3;582;AUTOROUTE A15;M;4896840;225130;950
2,02E+11;18;3;20;2330;3;1;1;1;2;42;RN 104;M;4905680;228810;950
2,02E+11;18;3;21;750;1;1;1;1;4;53;AUTOROUTE A3;M;4889754;246980;930
2,02E+11;18;3;21;2315;3;1;1;1;6;277;RD 170;M;4897620;248110;950
2,02E+11;18;3;22;920;1;1;1;1;6;53;AUTOROUTE A3;M;4889525;247093;930
2,02E+11;18;3;22;1400;1;1;1;1;4;6;AUTOROUTE A3;M;4886605;242186;930
2,02E+11;18;3;22;1630;1;1;1;8;2;78;AUTOROUTE A104;M;4896304;254944;930
2,02E+11;18;3;23;140;3;1;1;1;7;394;RN 184;M;4905310;216890;950
2,02E+11;18;3;23;1335;1;1;1;2;2;18;AUTOROUTE A15;M;4895610;227710;950
2,02E+11;18;3;24;1330;1;1;1;1;2;64;AUTOROUTE A86;M;4888082;247523;930
2,02E+11;18;3;24;2130;3;1;1;1;5;582;AUTOROUTE A15;M;4896850;225160;950
2,02E+11;18;3;25;1700;1;1;1;1;4;10;AUTOROUTE A86;M;4889347;247204;930
2,02E+11;18;3;25;1530;1;1;1;1;4;53;AUTOROUTE A86;M;4888435;246967;930
2,02E+11;18;3;20;1705;1;1;1;1;2;394;RN 184;M;4905190;215540;950
2,02E+11;18;3;26;1420;1;1;1;1;7;48;AUTOROUTE A3;M;4887063;243119;930
2,02E+11;18;3;26;1610;1;1;1;1;4;66;AUTOROUTE A1;M;4891847;235761;930
2,02E+11;18;3;26;1545;1;1;1;1;2;256;RN 184;M;4905510;220210;950
2,02E+11;18;3;27;1410;1;1;1;2;2;36;AUTOROUTE A15;M;4894182;229055;920
2,02E+11;18;3;27;2130;3;1;1;1;2;64;AUTOROUTE A3;M;4888383;246680;930
2,02E+11;18;3;28;20;3;1;1;1;5;572;AUTOROUTE A15;M;4903180;211590;950
2,02E+11;18;3;28;745;2;1;1;2;2;5;AUTOROUTE A3;M;4893107;248073;930
2,02E+11;18;3;28;1340;1;1;1;2;3;18;AUTOROUTE A15;M;4895510;227840;950
2,02E+11;18;3;28;1600;1;1;1;2;2;10;AUTOROUTE A3;M;4891142;247597;930
2,02E+11;18;3;29;1030;1;1;1;1;3;18;AUTOROUTE A15;M;4895960;227190;950
2,02E+11;18;3;30;1550;1;1;1;1;5;527;AUTOROUTE A1;M;4901540;253140;950
2,02E+11;18;3;30;1650;1;1;1;1;3;66;AUTOROUTE A1;M;4893168;237004;930
2,02E+11;18;3;31;600;1;1;1;2;2;78;AUTOROUTE A104;M;4896353;255088;930
2,02E+11;18;3;31;1115;1;1;1;1;2;6;AUTOROUTE A3;M;4886590;242089;930
2,02E+11;18;3;31;2145;3;1;1;8;6;29;AUTOROUTE A86;M;4892635;242216;930
2,02E+11;18;3;31;2330;4;1;1;1;2;572;RN 184;M;4903610;212030;950
2,02E+11;18;4;1;750;2;1;1;1;3;53;AUTOROUTE A3;M;4888724;247397;930
2,02E+11;18;4;2;1810;1;1;1;1;6;5;AUTOROUTE A3;M;4895971;247348;930
2,02E+11;18;4;2;2330;3;1;1;1;5;66;AUTOROUTE A86;M;4892215;236269;930
2,02E+11;18;4;3;755;1;1;1;1;3;631;AUTOROUTE A1;M;4915610;259049;600
2,02E+11;18;4;3;1200;1;1;1;2;2;306;AUTOROUTE A15;M;4900680;216290;950
2,02E+11;18;4;3;1850;1;1;1;1;3;10;AUTOROUTE A3;M;4890145;247028;930
2,02E+11;18;4;4;130;3;1;1;8;2;18;A9015.02;M;4895570;227810;950
2,02E+11;18;4;5;1740;1;1;1;1;3;18;AUTOROUTE A15;M;4895230;227970;950
2,02E+11;18;4;6;445;3;1;1;1;6;582;AUTOROUTE A15;M;4896270;226610;950
2,02E+11;18;4;5;930;1;1;1;1;7;678;RN 104;M;4907310;223590;950
2,02E+11;18;4;6;850;1;1;1;1;3;7;AUTOROUTE A1;M;4895324;245418;930
2,02E+11;18;4;6;1600;1;1;1;1;3;78;AUTOROUTE A86;M;4893058;232464;920
2,02E+11;18;4;6;1835;1;1;1;1;3;6;AUTOROUTE A3;M;4886633;241353;930
2,02E+11;18;4;7;50;5;1;1;1;6;18;AUTOROUTE A15;M;4895793;227240;950
2,02E+11;18;4;7;145;3;1;1;1;6;424;AUTOROUTE A15;M;4899440;218390;950
2,02E+11;18;4;7;400;3;1;1;1;6;28;RN 104;M;4906410;233410;950
2,02E+11;18;4;9;1145;1;1;9;1;6;13;AUTOROUTE A1;M;4894138;242877;930
2,02E+11;18;4;9;1730;1;1;1;2;3;36;AUTOROUTE A86;M;4893810;229882;920
2,02E+11;18;4;9;2150;3;1;9;2;3;66;AUTOROUTE A86;M;4892650;233744;930
2,02E+11;18;4;10;915;1;1;1;1;3;241;RN 104;M;4904680;245640;950
2,02E+11;18;4;10;1540;1;1;1;1;2;66;AUTOROUTE A1;M;4891969;235756;930
2,02E+11;18;4;10;1635;1;1;1;1;7;78;AUTOROUTE A104;M;4897177;249747;930
2,02E+11;18;4;11;815;1;1;1;1;2;582;RD 170;M;4896390;226750;950
2,02E+11;18;4;11;1515;1;1;1;1;2;8;AUTOROUTE A86;M;4890864;244949;930
2,02E+11;18;4;11;1600;1;1;1;1;4;36;AUTOROUTE A86;M;4893837;230015;920
2,02E+11;18;4;11;2140;3;1;1;1;6;127;AUTOROUTE A15;M;4903860;208630;950
2,02E+11;18;4;12;610;3;1;1;1;3;64;AUTOROUTE A86;M;4887213;248105;930
2,02E+11;18;4;12;1010;1;1;1;1;2;10;AUTOROUTE A86;M;4889131;247294;930
2,02E+11;18;4;12;840;1;1;1;1;5;6;AUTOROUTE A3;M;4886608;241618;930
2,02E+11;18;4;12;1220;1;1;1;1;7;53;AUTOROUTE A103;M;4888771;247457;930
2,02E+11;18;4;12;1945;1;1;1;9;7;10;AUTOROUTE A3;M;4891098;247571;930
2,02E+11;18;4;12;1950;1;1;1;2;6;582;RD 170;M;4896250;226450;950
2,02E+11;18;4;13;520;3;1;1;1;5;7;AUTOROUTE A1;M;4894452;243836;930
2,02E+11;18;4;13;755;1;1;1;1;2;7;AUTOROUTE A3;M;4894402;247754;930
2,02E+11;18;4;13;2130;5;1;1;1;2;27;AUTOROUTE A86;M;4892363;238472;930
2,02E+11;18;4;13;2250;3;1;1;1;6;256;RN 184;M;4905510;220210;950
2,02E+11;18;4;14;10;5;1;1;1;6;8;AUTOROUTE A86;M;4890967;244574;930
2,02E+11;18;4;14;1140;1;1;1;1;4;64;AUTOROUTE A86;M;4888280;247257;930
2,02E+11;18;4;14;1135;1;1;1;2;6;18;AUTOROUTE A9015.2;M;4895580;227520;950
2,02E+11;18;4;14;1315;1;1;1;1;7;27;AUTOROUTE A1;M;4893435;239629;930
2,02E+11;18;4;15;1505;1;1;1;2;6;395;RN 104;M;4906760;238510;950
2,02E+11;18;4;15;710;1;1;1;1;2;64;AUTOROUTE A86;M;4887110;248226;930
2,02E+11;18;4;16;845;1;1;1;1;2;5;AUTOROUTE A3;M;4894663;247633;930
2,02E+11;18;4;16;1130;1;1;1;1;3;8;AUTOROUTE A86;M;4891741;242937;930
2,02E+11;18;4;16;1620;1;1;1;1;2;27;AUTOROUTE A86;M;4892786;240957;930
2,02E+11;18;4;16;1945;1;1;1;1;2;36;AUTOROUTE A15;M;4894252;228976;920
2,02E+11;18;4;16;2015;1;1;1;1;3;582;AUTOROUTE A15;M;4896410;226280;950
2,02E+11;18;4;17;1445;1;1;1;1;5;277;RD 170;M;4897560;248250;950
2,02E+11;18;4;17;1610;1;1;1;1;6;252;AUTOROUTE A15;M;4898830;220410;950
2,02E+11;18;4;17;1845;1;1;1;1;6;61;RN 104;M;4906490;226150;950
2,02E+11;18;4;18;1020;1;1;1;1;3;1;AUTOROUTE A86;M;4892115;237032;930
2,02E+11;18;4;19;1325;1;1;1;1;4;66;AUTOROUTE A1;M;4891799;235741;930
2,02E+11;18;4;19;1525;1;1;1;1;5;53;AUTOROUTE A3;M;4891967;247907;930
2,02E+11;18;4;19;1745;1;1;1;1;2;7;AUTOROUTE A3;M;4892002;247927;930
2,02E+11;18;4;19;1840;1;1;1;1;4;394;AUTOROUTE A115;M;4905030;218430;950
2,02E+11;18;4;19;2135;4;1;1;1;6;36;AUTOROUTE A15;M;4894189;229090;920
2,02E+11;18;4;19;2350;3;1;1;1;6;488;AUTOROUTE A15;M;4901520;214510;950
2,02E+11;18;4;19;750;1;1;1;1;3;5;AUTOROUTE A3;M;4893126;248097;930
2,02E+11;18;4;20;825;1;1;1;1;5;18;AUTOROUTE A15;M;4896240;226640;950
2,02E+11;18;4;20;2115;3;1;1;1;2;13;AUTOROUTE A1;M;4894230;243210;930
2,02E+11;18;4;20;1730;1;1;1;1;2;631;AUTOROUTE A1;M;4915332;258692;600
2,02E+11;18;4;20;1945;1;1;1;1;4;604;AUTOROUTE A1;M;4910780;255160;950
2,02E+11;18;4;21;830;1;1;1;1;3;78;AUTOROUTE A104;M;4896460;255364;930
2,02E+11;18;4;21;1430;1;1;1;1;2;66;AUTOROUTE A1;M;4893266;237448;930
2,02E+11;18;4;21;1510;1;1;1;1;4;7;AUTOROUTE A1;M;4894798;244475;930
2,02E+11;18;4;21;1655;1;1;1;1;6;252;AUTOROUTE A15;M;4898540;221410;950
2,02E+11;18;4;21;1855;1;1;1;1;4;30;AUTOROUTE A1;M;4893929;241849;930
2,02E+11;18;4;22;215;3;1;1;1;6;394;AUTOROUTE A115;M;4905080;218160;950
2,02E+11;18;4;22;1430;1;1;1;1;2;18;AUTOROUTE A15;M;4895050;227990;950
2,02E+11;18;4;22;1500;1;1;1;1;5;53;AUTOROUTE A3;M;4889260;247270;930
2,02E+11;18;4;22;1545;1;1;1;1;4;5;AUTOROUTE A3;M;4895928;247343;930
2,02E+11;18;4;23;1435;1;1;1;1;2;27;AUTOROUTE A86;M;4892492;239266;930
2,02E+11;18;4;23;1425;1;1;1;1;2;572;AUTOROUTE A15;M;4903290;210790;950
2,02E+11;18;4;23;1845;1;1;1;1;3;78;AUTOROUTE A104;M;4897140;249735;930
2,02E+11;18;4;23;1805;1;1;1;1;4;8;AUTOROUTE A86;M;4891399;243317;930
2,02E+11;18;4;24;1020;1;1;1;1;6;572;AUTOROUTE A15;M;4903340;210530;950
2,02E+11;18;4;24;1355;1;1;1;1;6;8;AUTOROUTE A86;M;4891074;244204;930
2,02E+11;18;4;24;1730;1;1;1;1;4;27;AUTOROUTE A86;M;4892725;240722;930
2,02E+11;18;4;24;2345;3;1;1;1;6;582;AUTOROUTE A15;M;4896850;225160;950
2,02E+11;18;4;24;2100;1;1;1;1;5;48;AUTOROUTE A86;M;4886420;248223;930
2,02E+11;18;4;25;830;1;1;1;1;2;36;AUTOROUTE A15;M;4894078;229300;920
2,02E+11;18;4;25;1140;1;1;1;1;2;30;AUTOROUTE A1;M;4893959;242024;930
2,02E+11;18;4;25;1640;1;1;1;1;2;5;AUTOROUTE A1;M;4896058;246799;930
2,02E+11;18;4;25;1900;1;1;1;1;5;66;AUTOROUTE A1;M;4893381;238399;930
2,02E+11;18;4;25;1830;1;1;1;1;2;1;AUTOROUTE A86;M;4892167;237706;930
2,02E+11;18;4;25;2355;3;1;1;1;3;48;AUTOROUTE A3;M;4887363;243737;930
2,02E+11;18;4;26;1650;1;1;1;1;4;64;AUTOROUTE A86;M;4888797;247434;930
2,02E+11;18;4;26;1740;1;1;1;1;3;36;AUTOROUTE A15;M;4894094;229203;920
2,02E+11;18;4;27;835;1;1;1;1;4;27;AUTOROUTE A86;M;4892293;238061;930
2,02E+11;18;4;27;940;1;1;1;1;3;7;AUTOROUTE A3;M;4892610;248146;930
2,02E+11;18;4;27;1220;1;1;1;1;7;78;AUTOROUTE A86;M;4892732;233337;920
2,02E+11;18;4;27;1955;1;1;1;1;3;13;AUTOROUTE A1;M;4893873;241714;930
2,02E+11;18;4;28;830;1;1;1;1;6;351;RN 104;M;4902870;250310;950
2,02E+11;18;4;29;210;5;1;1;1;2;66;AUTOROUTE A1;M;4891210;235780;930
2,02E+11;18;4;29;10;3;1;1;1;5;18;AUTOROUTE A15;M;4896070;227010;950
2,02E+11;18;4;29;1020;1;1;1;1;7;572;AUTOROUTE A9015;M;4903340;211080;950
2,02E+11;18;4;29;1550;1;1;1;1;6;277;AUTOROUTE A104;M;4897290;248510;950
2,02E+11;18;4;29;2020;2;1;1;2;3;18;AUTOROUTE A15;M;4895660;227480;950
2,02E+11;18;4;30;150;3;1;1;3;6;27;AUTOROUTE A86;M;4892646;240330;930
2,02E+11;18;4;29;2230;3;1;1;3;6;61;RN 104;M;4906560;226010;950
2,02E+11;18;4;30;130;3;1;1;3;2;13;AUTOROUTE A1;M;4893980;243933;930
2,02E+11;18;4;30;315;4;1;1;3;6;18;AUTOROUTE A15;M;4895080;228010;950
2,02E+11;18;4;30;600;3;1;1;2;6;64;AUTOROUTE A86;M;4887224;248117;930
2,02E+11;18;4;30;605;3;1;1;2;6;66;AUTOROUTE A1;M;4892760;235730;930
2,02E+11;18;4;29;2015;2;1;1;2;6;53;AUTOROUTE A3;M;4888337;245796;930
2,02E+11;18;4;30;1550;1;1;1;2;6;572;AUTOROUTE A9015;M;4903330;211030;950
2,02E+11;18;4;30;1830;1;1;1;2;6;78;AUTOROUTE A104;M;4896304;252243;930
2,02E+11;18;5;1;645;1;1;1;1;6;36;AUTOROUTE A15;M;4893874;229416;920
2,02E+11;18;5;1;705;2;1;1;1;3;5;AUTOROUTE A104;M;4897381;248700;930
2,02E+11;18;5;1;1135;1;1;1;1;6;582;A 9015.03;M;4896240;226350;950
2,02E+11;18;5;1;1525;1;1;1;1;2;27;AUTOROUTE A1;M;4893387;238946;930
2,02E+11;18;5;2;1155;1;1;1;1;6;64;AUTOROUTE A86;M;4887841;247657;930
2,02E+11;18;5;2;1415;1;1;1;1;2;607;AUTOROUTE A115;M;4901260;222120;950
2,02E+11;18;5;1;1700;1;1;1;1;3;582;AUTOROUTE A115;M;4897450;224280;950
2,02E+11;18;5;2;1750;1;1;1;1;2;66;AUTOROUTE A1;M;4891758;235776;930
2,02E+11;18;5;3;1400;1;1;1;1;6;582;AUTOROUTE A15;M;4896780;225230;950
2,02E+11;18;5;3;1740;1;1;1;1;2;5;AUTOROUTE A3;M;4896806;247794;930
2,02E+11;18;5;3;1635;1;1;1;1;5;5;AUTOROUTE A3;M;4894130;247855;930
2,02E+11;18;5;3;1945;1;1;1;1;7;582;A9015.03;M;4896490;226150;950
2,02E+11;18;5;4;1620;1;1;1;1;3;66;AUTOROUTE A1;M;4891481;235765;930
2,02E+11;18;5;4;1745;1;1;1;1;3;1;AUTOROUTE A86;M;4892132;237560;930
2,02E+11;18;5;5;1635;1;1;1;1;3;27;AUTOROUTE A86;M;4892511;239253;930
2,02E+11;18;5;6;230;3;1;1;1;6;500;AUTOROUTE A15;M;4904170;208029;950
2,02E+11;18;5;6;1200;1;1;1;1;7;5;AUTOROUTE A1;M;4896248;247096;930
2,02E+11;18;5;7;135;3;1;1;1;6;218;AUTOROUTE A15;M;4903510;209850;950
2,02E+11;18;5;7;1130;1;1;1;1;3;53;AUTOROUTE A3;M;4889550;247100;930
2,02E+11;18;5;7;1650;1;1;1;1;3;7;AUTOROUTE A1;M;4895508;245813;930
2,02E+11;18;5;7;1710;1;1;1;1;3;252;AUTOROUTE A15;M;4897780;223210;950
2,02E+11;18;5;9;130;3;1;1;1;5;641;AUTOROUTE A1;M;4907770;255160;950
2,02E+11;18;5;9;855;1;1;1;1;3;18;AUTOROUTE A15;M;4895320;227910;950
2,02E+11;18;5;10;1335;1;1;1;1;5;66;AUTOROUTE A1;M;4891854;235765;930
2,02E+11;18;5;10;1725;1;1;1;1;6;28;RN 104;M;4906040;235610;950
2,02E+11;18;5;10;2015;1;1;1;1;5;154;AUTOROUTE A1;M;4903690;254130;950
2,02E+11;18;5;11;845;1;1;1;1;3;572;RN 184;M;4903710;212210;950
2,02E+11;18;5;11;1400;1;1;1;1;2;64;AUTOROUTE A86;M;4888000;247582;930
2,02E+11;18;5;12;630;2;1;1;1;6;277;AUTOROUTE A3;M;4897440;248930;950
2,02E+11;18;5;12;720;1;1;1;1;6;42;RN 104;M;4906190;232050;950
2,02E+11;18;5;12;1800;1;1;1;3;5;64;AUTOROUTE A86;M;4887035;248236;930
2,02E+11;18;5;12;2030;1;1;1;2;2;277;AUTOROUTE A104;M;4897250;248480;950
2,02E+11;18;5;14;940;1;1;1;1;2;66;AUTOROUTE A1;M;4891211;235811;930
2,02E+11;18;5;14;950;1;1;1;2;4;53;AUTOROUTE A3;M;4889212;247281;930
2,02E+11;18;5;13;1821;1;1;1;1;4;7;AUTOROUTE A1;M;4894625;244160;930
2,02E+11;18;5;14;1940;1;1;1;2;2;582;AUTOROUTE A15;M;4896850;225160;950
2,02E+11;18;5;14;1420;1;1;1;1;2;88;RD 170;M;4897520;242650;950
2,02E+11;18;5;15;1300;1;1;1;1;6;252;AUTOROUTE A15;M;4898110;222420;950
2,02E+11;18;5;15;1930;1;1;1;1;3;63;AUTOROUTE A3;M;4887401;243759;930
2,02E+11;18;5;9;1735;1;1;1;1;4;10;AUTOROUTE A3;M;4890549;247810;930
2,02E+11;18;5;16;725;1;1;1;1;2;78;AUTOROUTE A104;M;4896770;251061;930
2,02E+11;18;5;16;1930;1;1;1;1;3;78;AUTOROUTE A104;M;4895835;252809;930
2,02E+11;18;5;17;810;1;1;1;1;3;64;AUTOROUTE A3;M;4888550;247233;930
2,02E+11;18;5;17;845;1;1;1;1;2;7;AUTOROUTE A3;M;4892598;248149;930
2,02E+11;18;5;17;730;1;1;1;1;5;365;RN 104;M;4906480;240890;950
2,02E+11;18;5;17;1015;1;1;1;1;5;582;AUTOROUTE A15;M;4897080;224920;950
2,02E+11;18;5;17;1415;1;1;1;1;4;7;AUTOROUTE A1;M;4894817;244497;930
2,02E+11;18;5;17;1840;1;1;1;1;6;527;A9001.06;M;4898780;250780;950
2,02E+11;18;5;17;1615;1;1;1;1;4;64;AUTOROUTE A86;M;4886771;248173;930
2,02E+11;18;5;18;1230;1;1;1;1;2;6;AUTOROUTE A3;M;4886586;241675;930
2,02E+11;18;5;18;1230;1;1;1;1;2;277;AUTOROUTE A3;M;4896980;248240;950
2,02E+11;18;5;18;1715;1;1;1;1;3;572;RN 184;M;4904280;212880;950
2,02E+11;18;5;18;1410;1;1;1;1;4;277;RD 170;M;4897780;244890;950
2,02E+11;18;5;18;1935;1;1;1;1;4;30;AUTOROUTE A1;M;4893978;242095;930
2,02E+11;18;5;18;2125;1;1;1;1;3;66;AUTOROUTE A86;M;4892188;236684;930
2,02E+11;18;5;19;1415;1;1;1;1;3;78;AUTOROUTE A104;M;4896745;251061;930
2,02E+11;18;5;19;1630;1;1;1;1;4;18;AUTOROUTE A15;M;4895960;227180;950
2,02E+11;18;5;21;1750;1;1;1;1;2;7;AUTOROUTE A1;M;4894788;244418;930
2,02E+11;18;5;22;2030;1;1;1;1;6;27;AUTOROUTE A86;M;4892864;241536;930
2,02E+11;18;5;22;2138;2;1;1;1;2;78;AUTOROUTE A86;M;4893096;232284;920
2,02E+11;18;5;22;2135;3;1;1;2;3;27;AUTOROUTE A86;M;4892523;239370;930
2,02E+11;18;5;22;1930;1;1;1;2;3;64;AUTOROUTE A86;M;4887918;247632;930
2,02E+11;18;5;23;1600;1;1;1;1;2;27;AUTOROUTE A1;M;4893405;239222;930
2,02E+11;18;5;24;635;2;1;1;1;2;66;AUTOROUTE A1;M;4891948;235736;930
2,02E+11;18;5;24;930;1;1;1;1;7;66;AUTOROUTE A86;M;4892228;235447;930
2,02E+11;18;5;25;800;1;1;1;1;4;18;RD 170;M;4896160;226160;950
2,02E+11;18;5;25;830;1;1;1;1;2;29;AUTOROUTE A86;M;4891915;242853;930
2,02E+11;18;5;25;1140;1;1;1;1;7;555;RD 170;M;4897610;228020;950
2,02E+11;18;5;25;1405;1;1;1;1;4;7;AUTOROUTE A3;M;4894402;247754;930
2,02E+11;18;5;25;1645;1;1;1;3;2;66;AUTOROUTE A1;M;4893388;238206;930
2,02E+11;18;5;25;1545;1;1;1;1;3;505;AUTOROUTE A1;M;4917312;260034;600
2,02E+11;18;5;25;1620;1;1;1;1;3;500;AUTOROUTE A15;M;4904250;207890;950
2,02E+11;18;5;25;2130;3;1;1;3;2;78;AUTOROUTE A86;M;4892955;232845;920
2,02E+11;18;5;26;505;3;1;1;3;7;78;AUTOROUTE A86;M;4892958;232847;920
2,02E+11;18;5;26;1840;1;1;1;1;2;27;AUTOROUTE A86;M;4892788;240958;930
2,02E+11;18;5;4;750;1;1;1;1;2;582;AUTOROUTE A15;M;4897510;224250;950
2,02E+11;18;5;27;1515;1;1;1;1;6;60;AUTOROUTE A115;M;4904150;218930;950
2,02E+11;18;5;28;1115;1;1;1;1;3;394;AUTOROUTE A115;M;4905020;218140;950
2,02E+11;18;5;29;105;4;1;1;8;4;64;AUTOROUTE A86;M;4888741;247427;930
2,02E+11;18;5;29;1450;1;1;1;1;2;78;AUTOROUTE A104;M;4896114;254329;930
2,02E+11;18;5;29;1555;1;1;1;1;3;53;AUTOROUTE A3;M;4888211;245557;930
2,02E+11;18;5;29;1440;1;1;1;1;6;154;AUTOROUTE A1;M;4904450;254480;950
2,02E+11;18;5;29;2010;1;1;1;1;4;66;AUTOROUTE A1;M;4891034;235794;930
2,02E+11;18;5;29;2240;5;1;1;3;6;8;AUTOROUTE A86;M;4891614;242974;930
2,02E+11;18;5;30;225;3;1;1;2;2;527;AUTOROUTE A3;M;4898710;250510;950
2,02E+11;18;5;30;215;3;1;1;2;6;572;A9015.07;M;4903320;211150;950