Num_Acc;an;mois;jour;hrmn;lum;agg;int;atm;col;com;adr;gps;lat;long;dep
2,02E+11;18;5;31;815;1;1;1;1;2;351;RN 104;M;4903540;248720;950
2,02E+11;18;5;31;915;1;1;1;1;2;48;AUTOROUTE A3;M;4887115;243236;930
2,02E+11;18;5;31;950;1;1;1;1;3;10;AUTOROUTE A3;M;4888893;247375;930
2,02E+11;18;5;31;1345;1;1;1;1;2;42;RN 104;M;4905890;228360;950
2,02E+11;18;6;1;530;2;1;1;1;1;28;RN 104;M;4906170;234370;950
2,02E+11;18;6;1;945;1;1;1;1;2;424;AUTOROUTE A15;M;4899180;218970;950
2,02E+11;18;6;1;1600;1;1;1;1;3;5;AUTOROUTE A3;M;4894216;247815;930
2,02E+11;18;6;1;1750;1;1;1;2;3;64;AUTOROUTE A86;M;4887111;248225;930
2,02E+11;18;6;1;2015;1;1;1;1;5;36;AUTOROUTE A15;M;4894086;229277;920
2,02E+11;18;6;1;2200;3;1;1;3;6;36;AUTOROUTE A15;M;4894364;228775;920
2,02E+11;18;6;2;800;1;1;1;1;3;53;AUTOROUTE A3;M;4889233;247280;930
2,02E+11;18;6;2;545;2;1;1;1;2;607;AUTOROUTE A115;M;4903830;219270;950
2,02E+11;18;6;2;1040;1;1;1;1;3;66;AUTOROUTE A1;M;4890206;235817;930
2,02E+11;18;6;3;2150;1;1;1;1;6;36;AUTOROUTE A86;M;4893916;230189;920
2,02E+11;18;6;4;145;3;1;1;1;2;53;AUTOROUTE A3;M;4889460;247129;930
2,02E+11;18;6;3;1750;1;1;1;1;4;582;AUTOROUTE A15;M;4896560;225830;950
2,02E+11;18;6;4;855;1;1;1;1;2;78;AUTOROUTE A104;M;4896805;250961;930
2,02E+11;18;6;4;1400;1;1;1;1;4;66;AUTOROUTE A1;M;4891476;235766;930
2,02E+11;18;6;4;1735;1;1;1;1;3;66;AUTOROUTE A1;M;4892933;236176;930
2,02E+11;18;6;5;1820;1;1;1;1;2;66;AUTOROUTE A1;M;4891211;235812;930
2,02E+11;18;6;5;1925;1;1;9;1;5;66;AUTOROUTE A1;M;4891300;235775;930
2,02E+11;18;6;6;950;1;1;1;2;3;582;AUTOROUTE A15;M;4897350;224590;950
2,02E+11;18;6;6;905;1;1;1;2;2;572;RN 184;M;4904840;213410;950
2,02E+11;18;6;6;1130;1;1;1;2;2;18;AUTOROUTE A15;M;4895480;227820;950
2,02E+11;18;6;6;1445;1;1;1;1;2;64;AUTOROUTE A103;M;4888670;247784;930
2,02E+11;18;6;6;2030;1;1;1;2;5;64;AUTOROUTE A3;M;4888595;247295;930
2,02E+11;18;6;6;2245;3;1;1;2;6;36;AUTOROUTE A86;M;4893746;231706;920
2,02E+11;18;6;7;100;3;1;1;2;2;78;AUTOROUTE A86;M;4892851;233136;920
2,02E+11;18;6;7;740;1;1;1;1;2;66;AUTOROUTE A1;M;4892308;235691;930
2,02E+11;18;6;7;1015;1;1;1;1;3;18;AUTOROUTE A15;M;4896240;226640;950
2,02E+11;18;6;7;1050;1;1;1;1;2;604;AUTOROUTE A1;M;4909750;254990;950
2,02E+11;18;6;6;1900;1;1;1;8;3;582;AUTOROUTE A15;M;4897270;224750;950
2,02E+11;18;6;7;1730;1;1;1;1;6;66;AUTOROUTE A1;M;4891485;235792;930
2,02E+11;18;6;8;1530;1;1;1;1;2;66;AUTOROUTE A1;M;4893343;237788;930
2,02E+11;18;6;8;2210;3;1;1;1;2;48;AUTOROUTE A86;M;4886552;248163;930
2,02E+11;18;6;9;615;2;1;1;1;2;53;AUTOROUTE A 3;M;4889246;247269;930
2,02E+11;18;6;9;2330;4;1;1;3;6;53;AUTOROUTE A86;M;4888805;247442;930
2,02E+11;18;6;9;2300;3;1;1;1;5;10;AUTOROUTE A3;M;4890061;246964;930
2,02E+11;18;6;10;905;1;1;1;1;6;394;AUTOROUTE A115;M;4905080;218670;950
2,02E+11;18;6;10;1650;1;1;1;1;7;241;RN 104;M;4905350;242620;950
2,02E+11;18;6;10;315;4;1;1;1;2;53;AUTOROUTE A3;M;4889885;246930;930
2,02E+11;18;6;11;2245;3;1;1;3;7;53;AUTOROUTE A3;M;4888325;245808;930
2,02E+11;18;6;12;815;1;1;1;3;6;678;RN 184;M;4907310;222990;950
2,02E+11;18;6;12;915;1;1;1;3;3;18;AUTOROUTE A15;M;4895140;227990;950
2,02E+11;18;6;12;1120;1;1;1;2;2;5;AUTOROUTE A1;M;4896344;247178;930
2,02E+11;18;6;12;1740;1;1;1;1;3;218;AUTOROUTE A15;M;4903580;209649;950
2,02E+11;18;6;13;1420;1;1;1;1;5;63;AUTOROUTE A3;M;4887565;244077;930
2,02E+11;18;6;13;1815;1;1;1;1;2;527;AUTOROUTE A3;M;4898280;250370;950
2,02E+11;18;6;14;820;1;1;1;1;3;7;AUTOROUTE A3;M;4892526;248118;930
2,02E+11;18;6;14;1000;1;1;1;1;3;36;AUTOROUTE A86;M;4893821;231340;920
2,02E+11;18;6;14;940;1;1;1;1;3;582;AUTOROUTE A15;M;4897510;224250;950
2,02E+11;18;6;14;1600;1;1;1;1;6;494;AUTOROUTE A1;M;4912599;255712;600
2,02E+11;18;6;14;1900;1;1;1;1;2;48;AUTOROUTE A3;M;4887139;243230;930
2,02E+11;18;6;14;820;1;1;1;1;3;555;RD 170;M;4897040;227530;950
2,02E+11;18;6;15;934;1;1;1;1;5;78;AUTOROUTE A86;M;4892876;233089;920
2,02E+11;18;6;15;1730;1;1;1;1;3;1;AUTOROUTE A86;M;4891171;236653;930
2,02E+11;18;6;15;2020;2;1;1;1;5;48;AUTOROUTE A86;M;4886594;248149;930
2,02E+11;18;6;16;40;3;1;1;1;3;252;AUTOROUTE A15;M;4898370;221810;950
2,02E+11;18;6;16;2020;1;1;1;1;6;580;AUTOROUTE A1;M;4908750;255090;950
2,02E+11;18;6;17;740;1;1;1;1;6;10;AUTOROUTE A3;M;4890416;247222;930
2,02E+11;18;6;17;1530;1;1;1;1;4;64;AUTOROUTE A86;M;4887919;247634;930
2,02E+11;18;6;18;845;1;1;1;1;4;8;AUTOROUTE A86;M;4891189;243923;930
2,02E+11;18;6;18;1745;1;1;1;1;5;678;RN 184;M;4907310;223130;950
2,02E+11;18;6;19;909;1;1;1;1;2;582;RD 170;M;4896520;227060;950
2,02E+11;18;6;19;1115;1;1;1;1;5;5;AUTOROUTE A3;M;4895088;247454;930
2,02E+11;18;6;19;1245;1;1;1;1;5;53;AUTOROUTE A3;M;4888238;245572;930
2,02E+11;18;6;19;2100;1;1;1;1;6;78;AUTOROUTE A86;M;4892998;232645;920
2,02E+11;18;6;19;1650;1;1;1;1;4;42;RN 104;M;4906320;232970;950
2,02E+11;18;6;20;1000;1;1;1;1;2;277;AUTOROUTE A1;M;4896990;248190;950
2,02E+11;18;6;20;820;1;1;1;1;6;582;AUTOROUTE A15;M;4896410;226330;950
2,02E+11;18;6;20;2325;3;1;1;1;6;36;AUTOROUTE A86;M;4892900;233040;920
2,02E+11;18;6;21;830;1;1;1;1;6;66;AUTOROUTE A1;M;4893351;237971;930
2,02E+11;18;6;20;750;1;1;1;1;3;1;AUTOROUTE A86;M;4892105;237168;930
2,02E+11;18;6;21;1350;1;1;1;1;2;282;AUTOROUTE A1;M;4902259;253505;770
2,02E+11;18;6;21;1730;1;1;1;1;5;6;AUTOROUTE A3;M;4886624;242336;930
2,02E+11;18;6;21;2005;1;1;1;1;2;27;AUTOROUTE A1;M;4893783;238865;930
2,02E+11;18;6;22;2230;4;1;1;1;5;66;AUTOROUTE A86;M;4892213;236112;930
2,02E+11;18;6;23;5;3;1;1;1;3;572;RN 184;M;4903380;211140;950
2,02E+11;18;6;23;1015;1;1;1;1;2;252;AUTOROUTE A15;M;4898480;221530;950
2,02E+11;18;6;24;1450;1;1;1;1;4;64;AUTOROUTE A86;M;4888907;247394;930
2,02E+11;18;6;24;2310;3;1;1;1;6;53;AUTOROUTE A103;M;4888867;247255;930
2,02E+11;18;6;25;800;1;1;1;1;2;154;AUTOROUTE A1;M;4903540;254080;950
2,02E+11;18;6;26;725;1;1;1;1;2;252;AUTOROUTE A15;M;4898760;220660;950
2,02E+11;18;6;26;845;1;1;1;1;4;13;AUTOROUTE A1;M;4894042;242283;930
2,02E+11;18;6;26;815;1;1;1;1;4;63;AUTOROUTE A3;M;4887856;244648;930
2,02E+11;18;6;26;930;1;1;1;1;3;53;AUTOROUTE A3;M;4888403;246458;930
2,02E+11;18;6;27;135;3;1;1;1;5;488;AUTOROUTE A15;M;4902110;213670;950
2,02E+11;18;6;27;800;1;1;1;1;5;7;AUTOROUTE A1;M;4894924;244700;930
2,02E+11;18;6;27;824;1;1;1;1;3;582;AUTOROUTE A115;M;4897560;224060;950
2,02E+11;18;6;27;800;1;1;1;1;5;66;AUTOROUTE A86;M;4892295;234505;930
2,02E+11;18;6;27;915;1;1;1;1;4;277;RD 170;M;4897810;245510;950
2,02E+11;18;6;27;1930;1;1;1;1;3;66;AUTOROUTE A86;M;4892381;234285;930
2,02E+11;18;6;27;2000;1;1;1;1;6;27;AUTOROUTE A 86;M;4892467;238981;930
2,02E+11;18;6;28;205;3;1;1;1;6;5;AUTOROUTE A3;M;4896087;247276;930
2,02E+11;18;6;27;1845;1;1;1;1;4;572;AUTOROUTE A15;M;4903290;210830;950
2,02E+11;18;6;28;650;1;1;1;1;6;53;AUTOROUTE A103;M;4888835;247234;930
2,02E+11;18;6;29;35;3;1;1;1;6;394;RN 184;M;4905310;217290;950
2,02E+11;18;6;29;1100;1;1;1;1;5;64;AUTOROUTE A86;M;4888187;247292;930
2,02E+11;18;6;29;1500;1;1;1;1;3;582;AUTOROUTE A15;M;4896610;225710;950
2,02E+11;18;6;29;1700;1;1;1;1;2;66;AUTOROUTE A1;M;4891936;235757;930
2,02E+11;18;6;30;100;3;1;1;1;3;252;AUTOROUTE A15;M;4898380;221790;950
2,02E+11;18;6;30;1215;1;1;1;1;2;63;AUTOROUTE A3;M;4887421;243819;930
2,02E+11;18;6;30;1610;1;1;1;1;2;66;AUTOROUTE A86;M;4892232;235857;930
2,02E+11;18;6;30;1845;1;1;1;1;3;582;AUTOROUTE A115;M;4897310;224630;950
2,02E+11;18;7;1;630;1;1;1;1;6;394;AUTOROUTE A115;M;4905080;218160;950
2,02E+11;18;7;1;2200;2;1;1;1;6;29;AUTOROUTE A86;M;4892041;242783;930
2,02E+11;18;7;2;1100;1;1;1;1;2;13;AUTOROUTE A1;M;4893872;241631;930
2,02E+11;18;7;2;1540;1;1;1;1;3;66;AUTOROUTE A86;M;4892552;233990;930
2,02E+11;18;7;3;800;1;1;1;1;4;18;RD 170;M;4896160;226150;950
2,02E+11;18;7;3;840;1;1;9;1;2;8;AUTOROUTE A86;M;4991048;244382;930
2,02E+11;18;7;3;650;1;1;1;1;3;78;AUTOROUTE A104;M;4897236;249501;930
2,02E+11;18;7;3;930;1;1;1;1;2;28;RN 104;M;4906450;236980;950
2,02E+11;18;7;3;1040;1;1;1;1;2;28;RN 104;M;4906340;236580;950
2,02E+11;18;7;3;1945;1;1;1;1;2;66;AUTOROUTE A1;M;4892141;235737;930
2,02E+11;18;7;3;2010;1;1;1;1;3;53;AUTOROUTE A3;M;4889373;247231;930
2,02E+11;18;7;4;1620;1;1;1;1;2;7;AUTOROUTE A1;M;4894695;244317;930
2,02E+11;18;7;4;1925;1;1;1;1;2;36;AUTOROUTE A86;M;4893396;232093;920
2,02E+11;18;7;5;920;1;1;1;1;2;527;AUTOROUTE A3;M;4898690;250490;950
2,02E+11;18;7;5;1700;1;1;1;1;5;64;AUTOROUTE A86;M;4887758;247711;930
2,02E+11;18;7;5;2015;1;1;1;1;2;563;AUTOROUTE A115;M;4900850;223850;950
2,02E+11;18;7;6;900;1;1;1;1;2;631;AUTOROUTE A1;M;4915678;259136;600
2,02E+11;18;7;6;1335;1;1;1;1;6;527;AUTOROUTE A3;M;4899340;251580;950
2,02E+11;18;7;6;2230;3;1;1;1;4;53;AUTOROUTE A3;M;4889331;247225;930
2,02E+11;18;7;7;20;3;1;1;1;4;53;AUTOROUTE A86;M;4890215;246797;930
2,02E+11;18;7;7;130;3;1;1;1;2;48;AUTOROUTE A3;M;4887264;243460;930
2,02E+11;18;7;7;520;2;1;1;1;2;306;AUTOROUTE A15;M;4900440;216690;950
2,02E+11;18;7;7;1145;1;1;1;1;2;66;AUTOROUTE A1;M;4890699;235825;930
2,02E+11;18;7;7;1230;1;1;1;1;4;27;AUTOROUTE A86;M;4892451;238999;930
2,02E+11;18;7;6;1905;1;1;1;1;2;6;AUTOROUTE A3;M;4886596;241611;930
2,02E+11;18;7;7;2120;2;1;1;1;6;675;AUTOROUTE A1;M;4905460;254870;950
2,02E+11;18;7;8;235;3;1;1;1;7;505;AUTOROUTE A1;M;4917138;259972;600
2,02E+11;18;7;8;1210;1;1;1;1;3;5;AUTOROUTE A1;M;4895995;246694;930
2,02E+11;18;7;8;1515;1;1;1;1;3;64;AUTOROUTE A86;M;4888009;247550;930
2,02E+11;18;7;8;2145;1;1;1;1;2;563;AUTOROUTE A115;M;4901140;222490;950
2,02E+11;18;7;7;1630;1;1;1;1;3;48;AUTOROUTE A3;M;4887365;243705;930
2,02E+11;18;7;9;1400;1;1;1;1;2;7;AUTOROUTE A1;M;4895041;244890;930
2,02E+11;18;7;9;1815;1;1;1;1;6;60;AUTOROUTE A115;M;4904180;218890;950
2,02E+11;18;7;10;550;2;1;1;1;6;36;AUTOROUTE A15;M;4894815;228109;920
2,02E+11;18;7;10;1400;1;1;1;1;6;18;A 901503;M;4896260;226830;950
2,02E+11;18;6;28;830;1;1;1;1;2;277;RD 170;M;4897810;245850;950
2,02E+11;18;7;11;750;1;1;1;1;2;7;AUTOROUTE A3;M;4892400;248076;930
2,02E+11;18;7;12;830;1;1;1;1;6;582;AUTOROUTE A115;M;4898060;224080;950
2,02E+11;18;7;12;1215;1;1;1;1;6;424;AUTOROUTE A15;M;4899370;218550;950
2,02E+11;18;7;12;1555;1;1;1;1;2;39;AUTOROUTE A86;M;4892712;233468;930
2,02E+11;18;7;12;1745;1;1;1;1;2;5;AUTOROUTE A3;M;4896859;248050;930
2,02E+11;18;7;13;220;3;1;1;1;2;78;AUTOROUTE A86;M;4893183;232206;920
2,02E+11;18;7;13;1825;1;1;1;1;2;500;AUTOROUTE A15;M;4904130;208090;950
2,02E+11;18;7;14;1410;1;1;1;1;7;36;AUTOROUTE A15;M;4893722;229424;920
2,02E+11;18;7;15;1850;1;1;1;1;6;53;AUTOROUTE A103;M;4888839;247239;930
2,02E+11;18;7;15;2130;1;1;1;1;6;277;AUTOROUTE A3;M;4897630;249130;950
2,02E+11;18;7;16;200;3;1;1;1;2;252;AUTOROUTE A15;M;4898340;221870;950
2,02E+11;18;7;15;2340;4;1;1;1;3;48;AUTOROUTE A3;M;4886940;242984;930
2,02E+11;18;7;5;720;1;1;1;1;2;582;RD 170;M;4896220;226390;950
2,02E+11;18;7;16;620;1;1;1;1;3;582;AUTOROUTE A15;M;4896520;225960;950
2,02E+11;18;7;16;1545;1;1;1;1;4;78;AUTOROUTE A104;M;4896836;250831;930
2,02E+11;18;7;17;1635;1;1;1;1;6;582;AUTOROUTE A115;M;4898190;224120;950
2,02E+11;18;7;17;1810;1;1;1;1;7;18;AUTOROUTE A15;M;4895560;227760;950
2,02E+11;18;7;17;1930;1;1;1;1;7;10;AUTOROUTE A3;M;4890461;247113;930
2,02E+11;18;6;27;245;3;1;1;1;7;66;AUTOROUTE A1;M;4892427;235710;930
2,02E+11;18;7;18;1050;1;1;1;1;2;6;AUTOROUTE A3;M;4886691;242529;930
2,02E+11;18;7;19;1435;1;1;1;1;5;5;AUTOROUTE A 3;M;4896804;247784;930
2,02E+11;18;7;20;846;1;1;1;2;3;277;AUTOROUTE A1;M;4895580;245910;950
2,02E+11;18;7;20;945;1;1;1;1;3;18;AUTOROUTE A15;M;4895860;227390;950
2,02E+11;18;7;20;1600;1;1;1;1;3;66;AUTOROUTE A86;M;4892298;234393;930
2,02E+11;18;7;20;1430;1;1;1;1;2;36;AUTOROUTE A86;M;4893750;229577;920
2,02E+11;18;7;20;1630;1;1;1;2;2;18;AUTOROUTE A15;M;4896060;227030;950
2,02E+11;18;7;20;2015;1;1;1;2;6;277;RD 170 B5;M;4897390;248620;950
2,02E+11;18;7;21;500;3;1;1;1;5;27;BDL;M;4893283;240321;930
2,02E+11;18;7;21;700;1;1;1;1;2;18;AUTOROUTE A15;M;4895140;227970;950
2,02E+11;18;7;22;235;4;1;1;1;3;64;AUTOROUTE A86;M;4887341;247975;930
2,02E+11;18;7;23;1830;1;1;1;1;5;10;AUTOROUTE A3;M;4891141;247594;930
2,02E+11;18;7;24;1220;1;1;1;1;2;7;AUTOROUTE A1;M;4894359;243607;930
2,02E+11;18;7;24;2230;3;1;1;1;6;394;AUTOROUTE A115;M;4904840;218330;950
2,02E+11;18;7;25;30;4;1;1;1;6;582;AUTOROUTE A15;M;4897480;224380;950
2,02E+11;18;7;25;845;1;1;1;1;2;13;AUTOROUTE A 1;M;4894079;242620;930
2,02E+11;18;7;27;605;2;1;1;1;6;18;AUTOROUTE A15;M;4896130;226910;950
2,02E+11;18;7;26;1800;1;1;1;1;4;607;AUTOROUTE A115;M;4901510;221690;950
2,02E+11;18;7;27;1530;1;1;1;1;7;66;AUTOROUTE A1;M;4892809;235796;930
2,02E+11;18;7;28;615;2;1;1;1;6;66;AUTOROUTE A1;M;4891781;235736;930
2,02E+11;18;7;28;1850;1;1;1;1;2;256;AUTOROUTE A115;M;4904740;218390;950
2,02E+11;18;7;29;130;3;1;1;1;2;582;AUTOROUTE A15;M;4897260;224750;950
2,02E+11;18;7;30;700;1;1;1;1;3;18;AUTOROUTE A15;M;4896160;226810;950
2,02E+11;18;7;30;855;1;1;1;1;6;36;AUTOROUTE A15;M;4893713;229560;920
2,02E+11;18;7;30;1720;1;1;1;1;3;36;AUTOROUTE A86;M;4893464;232042;920
2,02E+11;18;7;31;800;1;1;1;1;7;572;AUTOROUTE A15;M;4903090;212120;950
2,02E+11;18;7;31;845;1;1;1;1;4;18;RD 170;M;4896210;226320;950
2,02E+11;18;7;31;1700;1;1;1;1;2;582;AUTOROUTE A15;M;4896990;224990;950
2,02E+11;18;8;1;945;1;1;1;1;3;18;AUTOROUTE A15;M;4895790;227510;950
2,02E+11;18;8;1;1905;1;1;1;1;3;5;AUTOROUTE A3;M;4895251;247387;930
2,02E+11;18;8;2;100;3;1;1;1;2;63;AUTOROUTE A 3;M;4887944;244944;930
2,02E+11;18;8;2;1005;1;1;1;1;2;53;AUTOROUTE A3;M;4888349;245858;930
2,02E+11;18;8;3;645;2;1;1;1;5;5;AUTOROUTE A1;M;4895833;246355;930
2,02E+11;18;8;4;1110;1;1;1;1;4;7;AUTOROUTE A3;M;4893667;248044;930
2,02E+11;18;8;4;1240;1;1;1;1;2;394;AUTOROUTE A115;M;4904750;218390;950
2,02E+11;18;8;4;1820;1;1;1;1;2;7;AUTOROUTE A3;M;4894297;247777;930
2,02E+11;18;8;4;435;3;1;1;1;5;306;AUTOROUTE A15;M;4899960;217510;950
2,02E+11;18;8;4;2310;3;1;1;1;2;18;AUTOROUTE A15;M;4895280;227930;950
2,02E+11;18;8;5;1520;1;1;1;1;6;277;RD 170;M;4897790;246250;950
2,02E+11;18;8;6;1300;1;1;1;1;6;306;AUTOROUTE A15;M;4900050;217380;950
2,02E+11;18;8;6;1600;1;1;1;1;7;7;AUTOROUTE A1;M;4895314;245434;930
2,02E+11;18;8;6;1920;1;1;1;1;4;66;AUTOROUTE A1;M;4891482;235794;930
2,02E+11;18;8;7;1330;1;1;1;1;3;53;AUTOROUTE A3;M;4889779;246951;930
2,02E+11;18;8;7;1855;1;1;1;1;7;64;AUTOROUTE A86;M;4888534;247245;930
2,02E+11;18;8;7;2120;1;1;1;1;1;27;AUTOROUTE A86;M;4892689;240409;930
2,02E+11;18;8;8;1830;1;1;1;1;4;5;AUTOROUTE A104;M;4897213;249485;930
2,02E+11;18;8;10;1110;1;1;1;1;2;66;AUTOROUTE A1;M;4890700;235825;930
2,02E+11;18;8;10;2140;3;1;1;1;2;505;AUTOROUTE A1;M;4916880;259929;600
2,02E+11;18;8;12;425;3;1;1;1;6;176;AUTOROUTE A15;M;4898910;220150;950
2,02E+11;18;8;14;600;3;1;1;1;6;212;RN 104;M;4902899;253236;950
2,02E+11;18;8;14;1415;1;1;1;1;2;394;RN 184;M;4905230;217980;950
2,02E+11;18;8;15;40;4;1;1;1;4;53;AUTOROUTE A3;M;4889440;247150;930
2,02E+11;18;8;15;640;2;1;1;1;6;5;AUTOROUTE A3;M;4895679;247355;930
2,02E+11;18;8;15;800;1;1;1;1;6;678;RN 104;M;4906830;225210;950
2,02E+11;18;8;15;2330;5;1;1;1;2;66;AUTOROUTE A1;M;4892286;235728;930
2,02E+11;18;8;16;1545;1;1;1;1;2;678;RN 184;M;4907110;222240;950
2,02E+11;18;8;16;1700;1;1;1;1;7;394;RN 184;M;4905140;218510;950
2,02E+11;18;8;19;935;1;1;1;1;5;10;AUTOROUTE A3;M;4888893;247376;930
2,02E+11;18;8;20;1640;1;1;1;1;2;5;AUTOROUTE A3;M;4895786;247341;930
2,02E+11;18;8;20;2200;3;1;1;1;2;572;AUTOROUTE A15;M;4903190;211320;950
2,02E+11;18;8;21;340;3;1;1;1;6;66;AUTOROUTE A1;M;4892904;235569;930
2,02E+11;18;8;21;1500;1;1;1;1;5;582;AUTOROUTE A115;M;4897330;224680;950
2,02E+11;18;8;21;1800;1;1;1;1;2;306;AUTOROUTE A15;M;4900730;216230;950
2,02E+11;18;8;22;2020;1;1;1;1;2;27;AUTOROUTE A1;M;4893448;239765;930
2,02E+11;18;8;23;1230;1;1;1;1;2;53;AUTOROUTE A3;M;4888418;246181;930
2,02E+11;18;8;24;1250;1;1;1;1;6;6;AUTOROUTE A3;M;4886507;241645;930
2,02E+11;18;8;24;1600;1;1;1;1;4;48;AUTOROUTE A 3;M;4886995;243083;930
2,02E+11;18;8;26;30;5;1;1;1;5;66;AUTOROUTE A1;M;4892386;235718;930
2,02E+11;18;8;26;2140;3;1;1;1;2;582;A115;M;4897410;224390;950
2,02E+11;18;8;27;1710;1;1;1;1;7;63;AUTOROUTE A3;M;4887992;245050;930
2,02E+11;18;8;27;1800;1;1;1;1;2;66;AUTOROUTE A86;M;4892586;233839;930
2,02E+11;18;8;27;1852;1;1;1;1;2;66;AUTOROUTE A1;M;4890879;235845;930
2,02E+11;18;8;28;305;3;1;1;1;7;63;AUTOROUTE A3;M;4887948;244951;930
2,02E+11;18;8;28;955;1;1;1;1;2;53;AUTOROUTE A3;M;4888319;245746;930
2,02E+11;18;8;29;1030;1;1;1;2;6;394;AUTOROUTE A115;M;4905210;218340;950
2,02E+11;18;8;29;1210;1;1;1;1;2;18;AUTOROUTE A15;M;4896070;226960;950
2,02E+11;18;8;29;1420;1;1;1;2;6;18;RD 170;M;4896140;226080;950
2,02E+11;18;8;30;2325;5;1;1;1;2;8;AUTOROUTE A86;M;4890725;245457;930
2,02E+11;18;8;31;1410;1;1;1;1;3;127;AUTOROUTE A15;M;4904138;208040;950
2,02E+11;18;9;1;635;2;1;1;1;3;580;AUTOROUTE A1;M;4909550;255030;950
2,02E+11;18;9;1;1500;1;1;1;1;2;6;AUTOROUTE A3;M;4886610;241530;930
2,02E+11;18;9;1;1930;1;1;1;1;2;252;AUTOROUTE A15;M;4897850;223010;950
2,02E+11;18;9;3;230;3;1;1;1;3;572;AUTOROUTE A15;M;4903180;211610;950
2,02E+11;18;9;3;2230;3;1;1;1;6;631;AUTOROUTE A1;M;4915033;258303;600
2,02E+11;18;9;4;1500;1;1;1;1;6;27;BDL;M;4892648;240172;930
2,02E+11;18;9;4;1840;1;1;1;1;3;27;AUTOROUTE A1;M;4893446;239765;930
2,02E+11;18;9;4;1420;1;1;1;1;2;63;AUTOROUTE A3;M;4887625;244195;930
2,02E+11;18;9;4;1735;1;1;1;1;5;8;AUTOROUTE A86;M;4890695;245582;930
2,02E+11;18;9;6;900;1;1;1;1;2;219;AUTOROUTE A115;M;4899270;224550;950
2,02E+11;18;9;6;1005;1;1;1;2;3;491;AUTOROUTE A115;M;4899810;224640;950
2,02E+11;18;9;6;1745;1;1;1;1;3;39;AUTOROUTE A86;M;4892619;233748;930
2,02E+11;18;9;7;1315;1;1;1;1;5;13;AUTOROUTE A1;M;4894024;242277;930
2,02E+11;18;9;7;1430;1;1;1;1;5;678;RN 184;M;4906430;221410;950
2,02E+11;18;9;7;1615;1;1;1;1;4;13;AUTOROUTE A1;M;4894024;242354;930
2,02E+11;18;9;8;117;4;1;1;1;2;527;AUTOROUTE A1;M;4899870;252010;950
2,02E+11;18;9;8;1350;1;1;1;1;3;36;AUTOROUTE A86;M;4893860;230939;920
2,02E+11;18;9;8;1355;1;1;1;1;2;306;AUTOROUTE A15;M;4900020;217430;950
2,02E+11;18;9;9;330;3;1;1;1;2;6;AUTOROUTE A3;M;4886390;241434;930
2,02E+11;18;9;9;1740;1;1;1;1;4;66;AUTOROUTE A1;M;4890941;235805;930
2,02E+11;18;9;9;2345;3;1;1;1;2;612;AUTOROUTE A1;M;4918502;260530;600
2,02E+11;18;9;10;845;1;1;1;1;5;678;RN 184;M;4907310;223500;950
2,02E+11;18;9;10;830;1;1;1;1;6;6;AUTOROUTE A3;M;4886390;241437;930
2,02E+11;18;9;10;1710;1;1;1;1;2;8;AUTOROUTE A86;M;4890664;245717;930
2,02E+11;18;9;11;1230;1;1;1;1;2;604;AUTOROUTE A1;M;4909660;255010;950
2,02E+11;18;9;11;1330;1;1;1;1;3;39;AUTOROUTE A 86;M;4892785;233262;930
2,02E+11;18;9;11;1700;1;1;1;1;5;394;RN 184;M;4906710;221690;950
2,02E+11;18;9;12;1900;1;1;1;1;7;66;AUTOROUTE A86;M;4892183;236546;930
2,02E+11;18;9;13;745;1;1;1;2;6;64;AUTOROUTE A86;M;4887917;247635;930
2,02E+11;18;9;14;1135;1;1;1;1;5;66;AUTOROUTE A86;M;4892631;233801;930
2,02E+11;18;9;14;1700;1;1;1;1;2;39;AUTOROUTE A86;M;4892683;233612;930
2,02E+11;18;9;14;2240;5;1;1;1;3;66;AUTOROUTE A1;M;4890879;235841;930
2,02E+11;18;9;15;1320;1;1;1;1;3;582;AUTOROUTE A15;M;4896660;225620;950
2,02E+11;18;9;15;1545;1;1;1;1;2;30;AUTOROUTE A1;M;4893966;245032;930
2,02E+11;18;9;15;2120;3;1;1;1;2;78;AUTOROUTE A86;M;4892745;233354;920
2,02E+11;18;9;16;2250;3;1;1;1;3;28;RN 104;M;4906380;236730;950
2,02E+11;18;9;16;2315;5;1;1;1;2;66;AUTOROUTE A1;M;4892798;235750;930
2,02E+11;18;9;17;1215;1;1;1;1;7;10;AUTOROUTE A3;M;4888936;247382;930
2,02E+11;18;9;17;1040;1;1;1;1;2;48;AUTOROUTE A86;M;4886375;248247;930
2,02E+11;18;9;17;1650;1;1;1;1;2;678;RN 184;M;4906180;221250;950
2,02E+11;18;9;17;1600;1;1;1;1;4;66;AUTOROUTE A1;M;4891890;235763;930
2,02E+11;18;9;18;830;1;1;1;1;2;252;AUTOROUTE A15;M;4898060;222470;950
2,02E+11;18;9;18;1905;1;1;1;1;7;48;AUTOROUTE A86;M;4886289;248283;930
2,02E+11;18;9;19;710;2;1;1;1;3;64;AUTOROUTE A86;M;4886125;248381;930
2,02E+11;18;9;19;1405;1;1;1;1;5;27;AUTOROUTE A86;M;4892490;239116;930
2,02E+11;18;9;19;1620;1;1;1;1;2;66;AUTOROUTE A1;M;4891030;235794;930
2,02E+11;18;9;19;1815;1;1;1;1;2;13;AUTOROUTE A1;M;4894024;242350;930
2,02E+11;18;9;19;1550;1;1;1;1;3;78;AUTOROUTE A86;M;4893114;232353;920
2,02E+11;18;9;19;2355;3;1;1;1;2;27;AUTOROUTE A86;M;4892452;238999;930
2,02E+11;18;9;20;435;3;1;1;1;6;582;AUTOROUTE A115;M;4898320;224140;950
2,02E+11;18;9;20;840;1;1;1;1;3;66;AUTOROUTE A1;M;4893067;236618;930
2,02E+11;18;9;17;2012;2;1;1;1;3;7;AUTOROUTE A3;M;4894316;247791;930
2,02E+11;18;9;20;1830;1;1;1;1;4;572;RN 184;M;4904840;213450;950
2,02E+11;18;9;20;2355;3;1;1;1;6;488;AUTOROUTE A15;M;4902050;213780;950
2,02E+11;18;9;21;540;4;1;1;2;5;678;RN 184;M;4907250;222610;950