Num_Acc;an;mois;jour;hrmn;lum;agg;int;atm;col;com;adr;gps;lat;long;dep
2,02E+11;18;11;29;845;1;1;1;2;2;10;AUTOROUTE A3;M;4891474;247763;930
2,02E+11;18;11;29;817;3;1;1;2;5;7;AUTOROUTE A3;M;4894233;247833;930
2,02E+11;18;11;29;1330;1;1;1;1;2;604;AUTOROUTE A1;M;4910810;255170;950
2,02E+11;18;11;29;1605;1;1;1;1;3;48;AUTOROUTE A86;M;4886583;248172;930
2,02E+11;18;11;29;1915;3;1;1;1;2;66;AUTOROUTE A1;M;4892997;236354;930
2,02E+11;18;11;30;1430;1;1;1;1;2;5;AUTOROUTE A3;M;4896797;247956;930
2,02E+11;18;12;1;50;4;1;1;1;2;252;AUTOROUTE A15;M;4898690;220920;950
2,02E+11;18;12;1;55;3;1;1;1;5;527;AUTOROUTE A1;M;4901380;253060;950
2,02E+11;18;12;1;1300;1;1;1;2;5;78;AUTOROUTE A104;M;4896284;252273;930
2,02E+11;18;12;1;1845;3;1;1;2;2;18;A 9015 02;M;4895640;227470;950
2,02E+11;18;12;1;2020;4;1;1;2;4;5;AUTOROUTE A3;M;4896796;247953;930
2,02E+11;18;12;1;2100;3;1;1;3;2;36;AUTOROUTE A15;M;4893884;229427;920
2,02E+11;18;12;2;5;3;1;1;2;6;27;BDL;M;4892685;240330;930
2,02E+11;18;12;1;1240;1;1;1;2;6;27;BDL;M;4892753;240342;930
2,02E+11;18;12;2;500;3;1;1;3;6;64;AUTOROUTE A86;M;4887117;248216;930
2,02E+11;18;12;2;518;3;1;1;3;6;64;AUTOROUTE A86;M;4888791;247433;930
2,02E+11;18;12;2;855;1;1;1;8;2;277;AUTOROUTE A104;M;4897290;248510;950
2,02E+11;18;12;2;715;3;1;1;2;6;48;AUTOROUTE A86;M;4886348;248276;930
2,02E+11;18;12;2;1045;1;1;1;8;6;36;AUTOROUTE A86;M;4893405;232054;920
2,02E+11;18;12;1;1650;2;1;1;2;6;256;RN 184;M;4905870;220980;950
2,02E+11;18;12;2;1925;3;1;1;1;4;252;AUTOROUTE A15;M;4897860;223010;950
2,02E+11;18;12;2;215;3;1;1;2;6;277;A900352;M;4897470;249110;950
2,02E+11;18;12;3;805;2;1;1;1;2;27;AUTOROUTE A86;M;4892601;239912;930
2,02E+11;18;12;3;920;1;1;1;1;2;8;AUTOROUTE A86;M;4891314;243558;930
2,02E+11;18;12;3;900;1;1;1;1;6;604;AUTOROUTE A1;M;4909660;255010;950
2,02E+11;18;12;3;1415;1;1;1;3;6;582;AUTOROUTE A15;M;4896340;226430;950
2,02E+11;18;12;3;1525;1;1;1;1;2;53;AUTOROUTE A3;M;4889875;246933;930
2,02E+11;18;12;4;725;2;1;1;2;7;53;AUTOROUTE A3;M;4888403;246435;930
2,02E+11;18;12;4;1050;1;1;1;1;6;582;AUTOROUTE A15;M;4897350;224590;950
2,02E+11;18;12;3;1940;3;1;1;2;4;365;RN 104;M;4906570;240630;950
2,02E+11;18;12;5;520;3;1;1;1;2;78;AUTOROUTE A104;M;4896671;251318;930
2,02E+11;18;12;5;900;1;1;1;1;2;36;AUTOROUTE A86;M;4893783;229754;920
2,02E+11;18;12;5;1730;3;1;1;1;6;394;RN 184;M;4905290;216890;950
2,02E+11;18;12;6;725;5;1;1;2;2;66;AUTOROUTE A1;M;4892816;235797;930
2,02E+11;18;12;6;125;4;1;1;1;2;5;AUTOROUTE A3;M;4894214;247811;930
2,02E+11;18;12;6;1100;1;1;1;2;6;394;AUTOROUTE A115;M;4905160;218230;950
2,02E+11;18;12;6;1300;1;1;1;1;5;277;AUTOROUTE A3;M;4898010;249680;950
2,02E+11;18;12;7;725;2;1;1;1;7;582;AUTOROUTE A15;M;4896610;225710;950
2,02E+11;18;12;8;40;5;1;1;1;4;66;AUTOROUTE A1;M;4891939;235751;930
2,02E+11;18;12;8;1620;1;1;1;2;2;66;AUTOROUTE A1;M;4893335;237842;930
2,02E+11;18;12;8;2240;3;1;1;3;7;27;AUTOROUTE A1;M;4893458;239686;930
2,02E+11;18;12;8;2330;3;1;1;3;2;36;AUTOROUTE A86;M;4893840;231332;920
2,02E+11;18;12;8;2345;3;1;1;2;2;78;AUTOROUTE A86;M;4892921;232965;920
2,02E+11;18;12;9;300;4;1;1;3;3;572;RN 184;M;4904860;213480;950
2,02E+11;18;12;9;1410;1;1;1;1;6;61;RN 104;M;4906790;225450;950
2,02E+11;18;12;9;1450;1;1;1;2;6;277;AUTOROUTE A3;M;4897350;248690;950
2,02E+11;18;12;9;1710;3;1;1;2;6;78;AUTOROUTE A104;M;4896420;252036;930
2,02E+11;18;12;9;1615;1;1;1;1;2;394;AUTOROUTE A115;M;4905080;218160;950
2,02E+11;18;12;9;1820;3;1;1;3;2;582;AUTOROUTE A15;M;4897510;224260;950
2,02E+11;18;12;10;1540;1;1;1;1;3;27;AUTOROUTE A86;M;4892429;238869;930
2,02E+11;18;12;10;1515;1;1;1;1;4;66;AUTOROUTE A1;M;4891967;235752;930
2,02E+11;18;12;10;1800;3;1;1;1;3;36;AUTOROUTE A86;M;4893818;231341;920
2,02E+11;18;12;11;1015;1;1;1;1;5;8;AUTOROUTE A86;M;4890793;245286;930
2,02E+11;18;12;11;1635;1;1;1;1;2;42;RN 104;M;4905820;230060;950
2,02E+11;18;12;12;1005;1;1;1;1;4;42;RN 104;M;4906210;232320;950
2,02E+11;18;12;12;1010;1;1;1;1;2;6;AUTOROUTE A3;M;4886596;241659;930
2,02E+11;18;12;12;1440;1;1;1;1;4;66;AUTOROUTE A1;M;4892114;235742;930
2,02E+11;18;12;12;1850;3;1;1;1;2;78;AUTOROUTE A104;M;4896874;250703;930
2,02E+11;18;12;12;1915;5;1;1;1;3;8;AUTOROUTE A86;M;4891159;243959;930
2,02E+11;18;12;12;2100;3;1;1;1;2;10;AUTOROUTE A3;M;4890710;247250;930
2,02E+11;18;12;13;550;3;1;1;9;6;631;AUTOROUTE A1;M;4915113;258449;600
2,02E+11;18;12;13;525;3;1;1;9;6;365;RN 104;M;4906730;239840;950
2,02E+11;18;12;13;1400;1;1;1;1;2;7;AUTOROUTE A3;M;4892246;248014;930
2,02E+11;18;12;13;1500;1;1;1;1;3;66;AUTOROUTE A86;M;4892651;233740;930
2,02E+11;18;12;14;900;1;1;1;1;4;7;AUTOROUTE A3;M;4991809;247834;930
2,02E+11;18;12;14;2145;3;1;1;1;6;572;AUTOROUTE A15;M;4903110;212140;950
2,02E+11;18;12;15;418;3;1;1;1;2;582;AUTOROUTE A15;M;4897070;224930;950
2,02E+11;18;12;15;1355;1;1;1;1;6;28;RN 104;M;4906041;235610;950
2,02E+11;18;12;15;1656;2;1;1;2;6;277;RD 170;M;4897390;248930;950
2,02E+11;18;12;16;1130;1;1;1;2;6;78;AUTOROUTE A104;M;4896230;252329;930
2,02E+11;18;12;17;320;3;1;1;2;3;6;AUTOROUTE A3;M;4886680;242556;930
2,02E+11;18;12;17;945;1;1;1;1;2;36;AUTOROUTE A86;M;4893838;230015;920
2,02E+11;18;12;17;800;3;1;1;1;3;10;AUTOROUTE A3;M;4889974;246942;930
2,02E+11;18;12;17;2255;3;1;9;1;6;10;AUTOROUTE A3;M;4891662;247818;930
2,02E+11;18;12;10;1;4;1;1;2;6;36;AUTOROUTE A15;M;4893956;229404;920
2,02E+11;18;12;18;1240;1;1;1;1;5;488;AUTOROUTE A15;M;4901850;214060;950
2,02E+11;18;12;20;10;3;1;1;1;7;256;AUTOROUTE A115;M;4904690;218450;950
2,02E+11;18;12;21;740;4;1;1;2;7;18;AUTOROUTE A15;M;4896090;226940;950
2,02E+11;18;12;21;1400;1;1;1;2;3;36;AUTOROUTE A86;M;4893686;231823;920
2,02E+11;18;12;21;1750;3;1;1;1;2;5;AUTOROUTE A3;M;4895090;247454;930
2,02E+11;18;12;21;1945;3;1;1;1;2;500;AUTOROUTE A15;M;4903765;209019;950
2,02E+11;18;12;22;725;3;1;1;2;4;365;RN 104;M;4905830;241990;950
2,02E+11;18;12;22;650;3;1;1;2;6;78;AUTOROUTE A86;M;4892876;233085;920
2,02E+11;18;12;12;645;3;1;1;1;5;27;AUTOROUTE A86;M;4892840;241384;930
2,02E+11;18;12;22;1820;2;1;1;2;3;6;AUTOROUTE A3;M;4886624;242251;930
2,02E+11;18;12;22;2245;3;1;1;1;6;36;AUTOROUTE A86;M;4893889;230813;920
2,02E+11;18;12;22;2030;3;1;1;1;2;73;AUTOROUTE A104;M;4896568;255693;930
2,02E+11;18;12;23;1015;1;1;1;2;3;6;AUTOROUTE A3;M;4886656;242406;930
2,02E+11;18;12;23;1150;1;1;1;2;6;277;AUTOROUTE A104;M;4897190;248440;950
2,02E+11;18;12;23;1045;1;1;1;3;2;36;AUTOROUTE A15;M;4894539;228462;920
2,02E+11;18;12;23;925;1;1;1;3;6;582;AUTOROUTE A15;M;4897510;224270;950
2,02E+11;18;12;23;1850;2;1;1;2;6;5;AUTOROUTE A104;M;4897415;248890;930
2,02E+11;18;12;24;25;4;1;1;2;6;53;AUTOROUTE A3;M;4888381;246671;930
2,02E+11;18;12;24;545;3;1;1;2;6;78;AUTOROUTE A104;M;4896418;252039;930
2,02E+11;18;12;24;550;3;1;1;2;6;27;AUTOROUTE A86;M;4892808;241093;930
2,02E+11;18;12;24;1115;1;1;1;1;6;6;AUTOROUTE A3;M;4886615;242206;930
2,02E+11;18;12;24;630;3;1;1;3;6;27;BDL;M;4892704;240287;930
2,02E+11;18;12;24;820;2;1;1;3;2;78;AUTOROUTE A86;M;4893113;232353;920
2,02E+11;18;12;24;915;1;1;1;2;6;27;BDL;M;4892637;240287;930
2,02E+11;18;12;24;1000;1;1;1;3;2;66;AUTOROUTE A86;M;4892270;235324;930
2,02E+11;18;12;25;800;2;1;1;1;2;277;RD 170;M;4897730;246880;950
2,02E+11;18;12;25;2005;3;1;1;1;2;64;AUTOROUTE A86;M;4886947;248240;930
2,02E+11;18;12;26;1750;3;1;1;1;3;6;AUTOROUTE A3;M;4886628;241434;930
2,02E+11;18;12;27;1252;1;1;1;1;5;53;AUTOROUTE A3;M;4888033;245108;930
2,02E+11;18;12;27;1705;2;1;1;1;2;36;AUTOROUTE A86;M;4893854;230003;920
2,02E+11;18;12;27;1945;3;1;1;1;2;424;AUTOROUTE A15;M;4899320;218660;950
2,02E+11;18;12;28;630;5;1;1;1;6;5;AUTOROUTE A3;M;4894914;247385;930
2,02E+11;18;12;29;700;3;1;1;1;6;572;A9015 07;M;4903210;210840;950
2,02E+11;18;12;29;1745;5;1;1;1;3;66;AUTOROUTE A1;M;4892990;236423;930
2,02E+11;18;12;30;700;3;1;1;1;5;10;AUTOROUTE A3;M;4890653;247248;930
2,02E+11;18;12;30;1100;1;1;1;1;6;572;A9015 07;M;4903320;211020;950
2,02E+11;18;12;30;1830;3;1;1;2;4;6;AUTOROUTE A3;M;4886603;241645;930
2,02E+11;18;12;31;830;3;1;1;2;6;36;AUTOROUTE A15;M;4893723;229600;920
2,02E+11;18;1;1;1318;1;1;1;3;6;7;A13W;M;;;780
2,02E+11;18;1;2;2352;3;1;1;2;6;72;N118;M;;;920
2,02E+11;18;1;2;843;1;1;1;1;6;423;RN12;M;;;780
2,02E+11;18;1;3;1913;1;1;1;2;2;50;A86;M;;;920
2,02E+11;18;1;4;815;1;1;1;2;4;466;A13;M;;;780
2,02E+11;18;1;4;915;1;1;1;2;7;47;A13;M;;;920
2,02E+11;18;1;4;1831;3;1;1;2;6;64;A13;M;4883958;219655;920
2,02E+11;18;1;4;1905;3;1;1;2;7;7;A13 Y;M;4889554;200720;780
2,02E+11;18;1;5;858;1;1;1;2;6;47;A13;M;;;920
2,02E+11;18;1;5;1858;5;1;1;1;2;362;A13;M;4898000;169944;780
2,02E+11;18;1;6;320;3;1;1;1;6;498;A13;M;4890450;200539;780
2,02E+11;18;1;6;1810;3;1;1;1;4;43;A12 Y;M;4850170;252900;780
2,02E+11;18;1;7;720;2;1;1;2;5;126;A13;M;4883654;212801;780
2,02E+11;18;1;7;1235;1;1;1;1;6;47;A13;M;4883193;215196;920
2,02E+11;18;1;8;1040;1;1;1;1;7;36;A86;M;4893520;228323;920
2,02E+11;18;1;8;1445;1;1;1;1;2;64;N118;M;;;920
2,02E+11;18;1;9;735;5;1;1;1;4;25;A86;M;;;920
2,02E+11;18;1;9;833;1;1;1;1;5;640;A86 EXT;M;;;780
2,02E+11;18;1;10;1016;1;1;1;1;5;47;A13;M;;;920
2,02E+11;18;1;10;2136;3;1;1;1;6;50;A86;M;;;920
2,02E+11;18;1;11;812;2;1;1;1;6;291;A13;M;4897307;172953;780
2,02E+11;18;1;11;1009;1;1;1;2;6;402;A13;M;4896532;180452;780
2,02E+11;18;1;11;1753;3;1;1;5;5;43;A12 Y;M;4883790;209130;780
2,02E+11;18;1;12;535;2;1;1;1;2;47;A13;M;4883413;216653;920
2,02E+11;18;1;19;845;1;1;1;1;3;524;A13;M;4884008;211491;780
2,02E+11;18;1;13;2115;3;1;1;1;6;291;A13;M;4891240;217960;780
2,02E+11;18;1;15;812;2;1;1;1;3;490;RN12 INT;M;;;780
2,02E+11;18;1;16;640;5;1;1;2;7;73;A12 W;M;;;780
2,02E+11;18;1;16;1030;1;1;1;2;2;640;A86 EXT;M;;;780
2,02E+11;18;1;17;1555;1;1;1;1;6;140;A13;M;4896335;192705;780
2,02E+11;18;1;18;430;3;1;1;2;6;64;A13;M;;;920
2,02E+11;18;1;18;608;3;1;1;2;6;43;A12 Y;M;4884109;209290;780
2,02E+11;18;1;18;1903;2;1;1;2;2;423;RN12;M;4877980;202610;780
2,02E+11;18;1;19;839;1;1;1;8;7;498;A13;M;4891432;200573;780
2,02E+11;18;1;19;2120;5;1;1;1;6;431;A13;M;4893620;196200;780
2,02E+11;18;1;20;1150;1;1;1;2;6;140;A13;M;4896450;192550;780
2,02E+11;18;1;20;1418;1;1;1;2;6;217;A13;M;;;780
2,02E+11;18;1;20;2147;3;1;1;2;2;25;A86;M;;;920
2,02E+11;18;1;21;1505;1;1;1;3;6;423;RN12;M;4879540;204532;780
2,02E+11;18;1;21;350;5;1;1;2;6;140;A13;M;;;780
2,02E+11;18;1;22;715;5;1;1;3;6;524;A13;M;;;780
2,02E+11;18;1;22;845;1;1;1;3;3;640;A86 INT;M;4878466;206046;780
2,02E+11;18;1;22;1015;1;1;1;3;3;72;N118;M;4882185;222182;920
2,02E+11;18;1;22;1506;1;1;1;2;6;423;RN12;M;4879575;204429;780
2,02E+11;18;1;22;1840;3;1;1;1;2;43;A12 W;M;4884114;210004;780
2,02E+11;18;11;30;1040;1;1;1;1;3;25;A86;M;4892131;222529;920
2,02E+11;18;1;23;1530;1;1;1;8;6;48;N118;M;4879504;221822;920
2,02E+11;18;1;23;1745;3;1;1;8;3;242;A12 W;M;4883714;209010;780
2,02E+11;18;1;24;640;3;1;1;2;4;498;A13;M;4890653;200514;780
2,02E+11;18;1;24;1100;1;1;1;1;2;423;N12W;M;4879721;201698;780
2,02E+11;18;1;24;1815;3;1;1;8;4;133;A13;M;4889306;200826;780
2,02E+11;18;1;25;830;1;1;1;2;3;640;A86 EXT;M;4878072;217898;780
2,02E+11;18;1;25;1630;1;1;1;1;7;297;RN12;M;4878793;206476;780
2,02E+11;18;1;25;1710;2;1;1;2;2;47;A13;M;4883374;216291;920
2,02E+11;18;1;25;1740;3;1;1;2;2;90;A13;M;4897038;190211;780
2,02E+11;18;1;26;700;2;1;1;1;3;545;A12 W;M;4881282;205872;780
2,02E+11;18;1;26;710;2;1;1;1;2;640;N118;M;4877704;222209;780
2,02E+11;18;1;26;1800;3;1;1;1;7;73;A12 W;M;4880107;204633;780
2,02E+11;18;1;27;910;1;1;1;5;6;423;N12W;M;;;780
2,02E+11;18;1;27;2330;3;1;1;2;6;321;RN12 INT;M;4879920;192190;780
2,02E+11;18;1;28;720;3;1;1;2;3;158;A13;M;4883161;214235;780
2,02E+11;18;1;30;2045;3;1;1;2;6;291;A13;M;4884480;215290;780
2,02E+11;18;1;31;745;5;1;1;1;2;50;A14;M;4890387;219749;920
2,02E+11;18;2;1;825;2;1;1;3;3;25;A86;M;;;920
2,02E+11;18;2;1;1025;1;1;1;2;7;36;A86;M;4893521;228336;920
2,02E+11;18;2;1;1920;5;1;1;1;4;63;A86;M;4889115;217516;920
2,02E+11;18;2;1;2030;5;1;1;1;5;48;N118;M;4877380;224125;920
2,02E+11;18;2;2;615;5;1;1;1;7;133;A14;M;;;780
2,02E+11;18;2;2;904;1;1;1;1;3;36;RN315 W;M;;;920
2,02E+11;18;2;2;1309;1;1;1;1;4;36;RN315 W;M;4892111;230624;920
2,02E+11;18;2;3;1321;1;1;1;2;6;36;A86;M;4893681;229257;920
2,02E+11;18;2;3;1815;5;1;1;2;6;118;A13;M;4898278;168632;780
2,02E+11;18;2;3;1820;3;1;1;1;4;640;A86 EXT;M;4877792;221496;780
2,02E+11;18;2;4;542;5;1;1;2;7;396;A14;M;4891657;211516;780
2,02E+11;18;2;5;635;3;1;1;1;6;90;A13;M;4897045;189042;780
2,02E+11;18;2;5;901;4;1;1;1;6;50;A86;M;4889881;219907;920
2,02E+11;18;2;5;1620;1;1;1;2;5;640;N118;M;4878372;222317;780
2,02E+11;18;2;6;630;3;1;1;4;4;640;A86 EXT;M;4877998;283353;780
2,02E+11;18;2;6;940;1;1;1;4;7;640;A86 EXT;M;4877621;222765;780
2,02E+11;18;2;6;930;1;1;1;4;4;25;A86;M;4892709;223628;920
2,02E+11;18;2;9;545;5;1;1;1;6;63;A86;M;;;920
2,02E+11;18;2;11;800;2;1;1;2;6;455;A13;M;;;780
2,02E+11;18;2;12;235;3;1;1;1;6;571;A13;M;4800000;1000000;780
2,02E+11;18;2;12;819;1;1;1;1;7;217;A13;M;4896581;181415;780
2,02E+11;18;2;12;930;1;1;1;1;4;291;A13;M;4896538;175934;780
2,02E+11;18;2;13;845;1;1;1;1;2;455;A13;M;4885405;206054;780
2,02E+11;18;2;13;2010;5;1;1;4;2;362;A13;M;4897828;170956;780
2,02E+11;18;2;13;2219;3;1;1;2;5;36;A86;M;4893640;229060;920
2,02E+11;18;2;14;2200;3;1;1;2;6;158;A13;M;4883390;213440;780
2,02E+11;18;2;15;1215;1;1;1;2;4;25;A86;M;4892275;222810;920
2,02E+11;18;2;16;310;3;1;1;2;6;217;A13;M;4896318;183415;780
2,02E+11;18;2;16;925;1;1;9;1;6;48;N118;M;4879732;221700;920
2,02E+11;18;2;16;1545;1;1;1;1;2;640;A86 EXT;M;4877670;222531;780
2,02E+11;18;2;16;1854;3;1;1;1;2;466;A13;M;4893216;197575;780
2,02E+11;18;2;17;319;3;1;1;1;2;73;N12Y;M;;;780
2,02E+11;18;2;17;1040;1;1;1;1;6;25;A86;M;4892498;223221;920
2,02E+11;18;2;17;1440;1;1;1;1;4;64;A13;M;4884428;222295;920
2,02E+11;18;2;17;1610;1;1;1;1;4;466;A13;M;4890438;219714;780
2,02E+11;18;2;17;1855;4;1;1;1;7;640;A86 INT;M;4877758;222424;780
2,02E+11;18;2;19;720;2;1;1;1;4;133;A13;M;4889475;200740;780
2,02E+11;18;2;19;930;1;1;1;1;3;64;A13;M;4883932;219660;920
2,02E+11;18;2;19;1450;1;1;1;2;6;50;A14;M;4890346;219824;920
2,02E+11;18;2;19;1600;2;1;1;2;2;50;A86;M;4897030;190982;920
2,02E+11;18;2;21;1635;1;1;1;1;6;498;A13;M;4891063;200527;780
2,02E+11;18;2;21;1849;3;1;9;1;7;25;A86;M;4891881;222485;920
2,02E+11;18;2;22;2125;5;1;1;1;5;64;A13;M;4896318;213440;920
2,02E+11;18;2;23;150;3;1;1;1;6;490;RN12 INT;M;4200000;213440;780
2,02E+11;18;2;23;817;1;1;1;1;6;64;N118;M;4882777;222480;920
2,02E+11;18;2;23;1735;1;1;1;1;2;455;A13;M;4885570;205728;780
2,02E+11;18;2;23;2115;3;1;1;1;6;72;N118;M;;;920
2,02E+11;18;2;24;730;2;1;1;1;6;490;RN12 EXT;M;4880105;195258;780
2,02E+11;18;2;26;1858;3;1;1;1;7;50;A86;M;4889262;218764;920
2,02E+11;18;2;27;930;1;1;1;1;2;47;A13;M;4883763;218905;920
2,02E+11;18;3;1;1038;1;1;1;1;6;50;A86;M;4891356;221856;920
2,02E+11;18;3;2;30;5;1;9;1;6;72;N118;M;4200000;213440;920
2,02E+11;18;3;2;900;1;1;1;2;4;545;A12 Y;M;4881137;205663;780
2,02E+11;18;3;2;906;1;1;1;2;3;25;A86;M;4891432;200573;920
2,02E+11;18;3;2;1600;1;1;1;1;4;455;A13;M;4885265;206408;780
2,02E+11;18;3;3;650;3;1;1;1;6;36;A86;M;4893704;229285;920
2,02E+11;18;3;2;1630;1;1;1;1;4;455;A13;M;;;780
2,02E+11;18;3;3;1500;1;1;1;1;4;36;A86;M;;;920
2,02E+11;18;3;4;1820;2;1;1;1;7;43;A13Y;M;4884137;209276;780
2,02E+11;18;3;4;2350;5;1;1;1;6;50;A14;M;4200000;213440;920
2,02E+11;18;3;5;500;5;1;1;1;6;36;A86;M;4893370;227425;920
2,02E+11;18;3;4;645;3;1;1;2;6;43;A12 Y;M;;;780
2,02E+11;18;3;5;942;1;1;1;1;7;640;A86 EXT;M;4877765;221946;780
2,02E+11;18;3;6;1450;1;1;1;1;4;50;A14;M;4890413;219718;920
2,02E+11;18;3;8;800;1;1;1;8;7;423;RN12;M;4890433;219716;780
2,02E+11;18;3;8;900;1;1;1;1;4;48;N118;M;;;920
2,02E+11;18;3;9;1430;1;1;1;1;2;73;N12Y;M;4880038;198120;780
2,02E+11;18;3;10;200;5;1;1;1;6;524;A13;M;;;780
2,02E+11;18;3;10;535;3;1;1;1;6;50;A86;M;4889406;218999;920
2,02E+11;18;3;10;950;1;1;1;3;5;7;A13W;M;4890061;200508;780
2,02E+11;18;3;11;440;3;1;1;2;7;291;A13;M;4897221;173079;780
2,02E+11;18;3;11;624;3;1;1;3;6;48;N118;M;4880084;221540;920
2,02E+11;18;3;11;445;3;1;1;3;4;571;A13;M;4897221;173079;780
2,02E+11;18;3;11;1254;1;1;1;1;6;7;A13 Y;M;4889896;200572;780
2,02E+11;18;3;13;1845;3;1;1;1;5;90;A13;M;4897050;189082;780
2,02E+11;18;3;14;1232;1;2;1;1;2;73;N12Y;M;4879805;200991;780
2,02E+11;18;3;15;850;1;1;1;2;2;64;A13;M;4890424;219737;920
2,02E+11;18;3;15;1725;1;1;1;1;3;48;N118;M;4878790;222219;920
2,02E+11;18;3;16;840;1;1;1;1;2;43;A13W;M;4884758;207728;780
2,02E+11;18;3;16;915;1;1;1;1;2;672;A13;M;4892838;198887;780
2,02E+11;18;3;16;1040;1;1;1;1;2;206;A13;M;4895692;193539;780
2,02E+11;18;3;16;1145;1;1;1;1;7;36;A86;M;4895689;193544;920
2,02E+11;18;3;17;1525;1;1;1;2;2;140;A13;M;4896695;192263;780
2,02E+11;18;3;17;2125;3;1;1;2;4;498;A13;M;4891620;200539;780
2,02E+11;18;3;19;909;1;1;1;1;6;490;RN12 EXT;M;4879861;192441;780
2,02E+11;18;3;19;1745;1;1;1;8;6;640;N118;M;4878073;222264;780
2,02E+11;18;3;20;410;3;1;1;1;7;118;A13;M;;;780
2,02E+11;18;3;20;1200;1;1;1;1;4;36;A86;M;4893707;229374;920
2,02E+11;18;3;20;2135;5;2;1;1;4;51;N13;M;4888542;225866;920
2,02E+11;18;3;21;730;1;1;1;1;3;646;RN12;M;4879147;207242;780
2,02E+11;18;3;22;2103;3;1;1;1;6;291;A13;M;;;780
2,02E+11;18;3;23;655;1;1;1;1;7;73;A12 W;M;4880299;204758;780
2,02E+11;18;3;23;1400;1;1;1;1;6;62;RN1014 W;M;4888798;224990;920
2,02E+11;18;3;23;2319;3;1;1;2;6;43;A12 Y;M;4200000;196200;780
2,02E+11;18;3;25;1910;1;1;1;1;3;640;A86 EXT;M;4877757;221911;780
2,02E+11;18;3;26;550;3;1;1;1;2;362;A13;M;4897697;171565;780
2,02E+11;18;3;27;948;1;1;1;2;3;62;RN1014 W;M;4890367;219752;920
2,02E+11;18;3;27;2310;3;1;1;1;6;43;A12 Y;M;;;780
2,02E+11;18;3;28;830;1;1;1;2;3;640;A86 EXT;M;4878028;218231;780
2,02E+11;18;3;28;900;1;1;1;3;7;158;A13;M;4883869;212383;780
2,02E+11;18;3;28;920;1;1;1;3;7;640;N118;M;4878248;222319;780
2,02E+11;18;3;28;1828;1;1;1;1;6;43;A12 W;M;4883654;208948;780
2,02E+11;18;3;29;2025;5;1;1;1;4;26;RN1014 Y;M;4888981;224464;920
2,02E+11;18;3;30;50;5;1;9;2;6;50;A86;M;4200000;183415;920
2,02E+11;18;3;30;850;1;1;1;8;6;72;N118;M;4881897;221737;920
2,02E+11;18;3;30;955;1;1;1;1;2;47;A13;M;4883331;216102;920
2,02E+11;18;3;30;1630;1;1;1;1;4;73;A12 Y;M;4880024;204498;780
2,02E+11;18;3;30;1745;1;1;1;1;6;50;A14;M;4880253;213114;920
2,02E+11;18;3;30;1830;1;1;1;1;3;25;A86;M;4893263;224927;920
2,02E+11;18;3;31;2030;3;1;1;1;6;43;A13Y;M;4884471;208997;780
2,02E+11;18;4;3;1145;1;1;1;1;2;47;A13;M;4894220;195102;920
2,02E+11;18;4;3;1628;1;1;9;1;6;217;A13;M;4896277;183630;780
2,02E+11;18;4;3;1630;1;1;1;2;6;50;A86;M;4891050;221590;920
2,02E+11;18;4;3;1716;1;1;1;2;6;62;A14;M;4889020;224097;920
2,02E+11;18;4;4;645;2;1;1;2;4;90;A13;M;4897047;189003;780
2,02E+11;18;4;5;1320;1;1;9;1;6;322;RN12 EXT;M;4878520;215516;780
2,02E+11;18;4;5;1800;1;1;1;1;5;25;A86;M;4892940;224122;920
2,02E+11;18;4;6;214;3;1;1;1;6;490;RN12 EXT;M;;;780
2,02E+11;18;4;6;1419;1;1;1;1;6;43;A12 W;M;4884091;209760;780
2,02E+11;18;4;7;340;3;1;9;1;3;498;A13;M;4891184;200550;780
2,02E+11;18;4;7;1630;1;1;1;1;3;498;A14;M;4891563;202817;780
2,02E+11;18;4;7;1720;1;1;1;1;3;47;A13;M;4883398;216549;920
2,02E+11;18;4;8;1930;3;1;1;1;2;455;A13;M;4885895;205090;780
2,02E+11;18;4;9;745;1;1;1;1;7;423;N12W;M;4885895;205090;780
2,02E+11;18;4;11;834;1;1;1;1;3;524;A13;M;4884050;211133;780
2,02E+11;18;4;11;944;1;1;1;1;6;545;A12 W;M;4881529;206195;780
2,02E+11;18;4;12;735;2;1;1;1;6;238;A13;M;4897031;187152;780
2,02E+11;18;4;12;1200;1;1;1;1;6;36;RN315 W;M;4892195;230565;920
2,02E+11;18;4;12;1215;1;1;1;1;6;43;A12 Y;M;4883411;208658;780
2,02E+11;18;4;12;1840;2;1;1;2;4;50;A86;M;;;920
2,02E+11;18;4;13;735;1;1;1;1;6;48;N118;M;4890423;219687;920
2,02E+11;18;4;12;1750;5;2;1;2;3;51;RN13;M;4888576;225718;920
2,02E+11;18;4;13;1630;1;1;1;1;4;498;A13;M;4891337;200519;780
2,02E+11;18;4;14;420;4;1;1;1;2;158;A13;M;4883470;213282;780
2,02E+11;18;4;14;1049;1;1;1;1;3;62;RN1014 W;M;4890408;219734;920
2,02E+11;18;4;15;1645;1;1;1;1;4;640;A86 EXT;M;4877700;221970;780
2,02E+11;18;4;15;2243;3;1;1;1;6;133;A13;M;4888650;201200;780
2,02E+11;18;4;16;710;1;1;1;1;2;524;A13;M;4884029;211482;780
2,02E+11;18;4;17;1620;1;1;1;1;2;51;RN13;M;4888594;225646;920
2,02E+11;18;4;17;1945;1;1;1;1;2;36;RN315 Y;M;4893027;230219;920
2,02E+11;18;4;17;2234;5;1;1;1;6;362;A13;M;4897900;170490;780
2,02E+11;18;4;18;725;2;1;1;1;6;640;A86 EXT;M;4877760;221894;780
2,02E+11;18;4;18;1655;1;1;1;1;2;117;RN12;M;4890414;219736;780
2,02E+11;18;4;19;920;1;1;1;1;2;43;A12 Y;M;4882692;207689;780
2,02E+11;18;4;20;1315;1;1;1;1;6;64;A13;M;4883890;219300;920
2,02E+11;18;4;22;1630;1;1;9;1;6;63;A86;M;4888801;216748;920