Num_Acc;an;mois;jour;hrmn;lum;agg;int;atm;col;com;adr;gps;lat;long;dep
2,02E+11;18;4;23;1920;1;1;1;1;2;36;A86;M;4893410;226932;920
2,02E+11;18;4;24;550;2;1;1;1;6;29;A13Y;M;4896479;184654;780
2,02E+11;18;4;24;1740;1;1;1;1;4;25;A86;M;4893323;225273;920
2,02E+11;18;4;25;1550;1;1;1;1;5;466;A13;M;4892864;198868;780
2,02E+11;18;4;26;1050;1;1;1;1;6;418;A14;M;4891543;213390;780
2,02E+11;18;4;26;1630;1;1;1;1;3;50;A86;M;4890431;219666;920
2,02E+11;18;4;26;1630;1;1;1;1;2;64;A13;M;4884440;222296;920
2,02E+11;18;4;26;2120;3;1;1;1;4;640;A86 EXT;M;;;780
2,02E+11;18;4;27;1710;1;1;1;1;4;133;A13;M;4889100;200949;780
2,02E+11;18;4;30;2235;5;1;1;2;5;12;A13;M;4884773;222493;920
2,02E+11;18;5;1;2340;3;1;1;2;6;455;A13;M;;;780
2,02E+11;18;5;1;550;5;1;9;2;7;62;RN1013;M;4890440;219674;920
2,02E+11;18;5;1;820;1;1;9;1;6;12;A13;M;4884829;222646;920
2,02E+11;18;5;1;2140;3;1;1;1;6;571;A13;M;;;780
2,02E+11;18;5;2;750;1;1;1;1;4;126;A13;M;4883828;212281;780
2,02E+11;18;5;3;814;1;1;1;1;5;47;A13;M;4883420;216800;920
2,02E+11;18;5;3;1035;1;2;1;1;2;51;RN13;M;4883420;216800;920
2,02E+11;18;5;4;1620;1;1;1;1;6;50;A86;M;4891400;221930;920
2,02E+11;18;5;4;1640;1;1;1;1;7;36;RN315 Y;M;4892914;230250;920
2,02E+11;18;5;4;1640;1;1;1;1;2;36;RN315 Y;M;4892914;230250;920
2,02E+11;18;5;4;2240;5;1;9;1;6;50;A86;M;;;920
2,02E+11;18;5;4;1907;1;1;1;1;4;48;N118;M;;;920
2,02E+11;18;5;4;1937;1;1;1;1;6;133;A13;M;;;780
2,02E+11;18;5;6;1359;1;1;1;1;2;23;RN385;M;4877590;222980;920
2,02E+11;18;5;7;15;3;1;1;1;4;206;A13;M;4895181;194169;780
2,02E+11;18;5;7;1837;1;1;1;1;4;64;A13;M;4883759;218987;920
2,02E+11;18;5;8;1843;1;1;1;1;7;423;N12W;M;4879826;204467;780
2,02E+11;18;5;15;1950;1;2;1;1;6;51;RN13;M;4888529;225845;920
2,02E+11;18;5;16;905;1;1;9;1;6;50;A86;M;4891007;221518;920
2,02E+11;18;5;16;1055;1;1;1;1;6;140;A13;M;4896446;192560;780
2,02E+11;18;5;16;2000;1;1;1;1;6;63;A86;M;4887303;215638;920
2,02E+11;18;5;18;1224;1;1;1;1;7;62;RN1013;M;;;920
2,02E+11;18;5;18;2007;1;1;1;1;3;498;A13;M;4891311;200569;780
2,02E+11;18;5;18;1957;1;1;1;1;5;50;A86;M;4891534;222029;920
2,02E+11;18;5;19;1700;1;1;1;1;2;25;A86;M;4892884;223905;920
2,02E+11;18;5;20;745;1;1;1;1;7;640;A86 INT;M;4877760;222323;780
2,02E+11;18;5;21;1040;1;1;1;1;6;43;A13W;M;;;780
2,02E+11;18;5;22;1953;1;1;1;2;5;490;RN12 EXT;M;4879940;196409;780
2,02E+11;18;5;23;120;5;1;9;1;6;418;A14;M;4891350;215690;780
2,02E+11;18;5;23;1715;1;1;1;1;2;72;N118;M;4881154;221205;920
2,02E+11;18;5;24;605;1;1;1;1;6;50;A14;M;;;920
2,02E+11;18;5;24;1400;1;1;1;1;2;646;RN12;M;4879295;208558;780
2,02E+11;18;5;25;2045;1;1;1;2;6;321;RN12 INT;M;4879910;191970;780
2,02E+11;18;5;28;800;1;1;1;1;3;291;A13;M;4897565;172352;780
2,02E+11;18;5;28;915;1;1;1;1;4;158;A13;M;4883509;213154;780
2,02E+11;18;5;29;546;3;1;1;1;7;571;A13;M;4887926;201788;780
2,02E+11;18;5;29;838;1;1;1;1;2;50;A86;M;4891135;221663;920
2,02E+11;18;5;29;928;1;1;1;8;3;50;A86;M;4889262;218627;920
2,02E+11;18;5;30;816;1;1;1;1;6;90;A13;M;4896956;191330;780
2,02E+11;18;5;30;810;1;1;1;1;6;490;RN12 EXT;M;;;780
2,02E+11;18;5;30;1814;1;1;1;1;2;640;A86 EXT;M;4877816;220886;780
2,02E+11;18;5;31;730;1;1;1;1;1;47;A13;M;4883341;216317;920
2,02E+11;18;5;31;730;1;1;1;1;3;43;A12 W;M;4883813;209136;780
2,02E+11;18;5;31;1240;1;1;1;1;4;116;A13W;M;4884825;224522;750
2,02E+11;18;5;31;1615;1;1;1;1;3;36;A86;M;4893378;227298;920
2,02E+11;18;5;31;1810;5;1;1;1;4;50;A86;M;4890809;221359;920
2,02E+11;18;5;31;1850;1;1;1;1;3;50;A86;M;4890317;220551;920
2,02E+11;18;6;1;35;5;1;1;1;2;50;A14;M;;;920
2,02E+11;18;6;1;820;1;1;1;1;2;72;N118;M;4882375;222165;920
2,02E+11;18;6;1;950;1;1;1;1;6;7;A13 Y;M;4890094;200507;780
2,02E+11;18;6;1;1130;1;1;1;1;4;25;A86;M;4893415;225572;920
2,02E+11;18;6;1;1410;1;1;1;2;2;362;A13;M;4898206;168942;780
2,02E+11;18;6;1;1615;1;1;1;1;3;25;A86;M;4892646;223529;920
2,02E+11;18;6;1;1845;1;1;1;1;2;50;A86;M;4891503;222008;920
2,02E+11;18;6;1;2030;1;1;1;1;3;640;A86 EXT;M;4877734;222302;780
2,02E+11;18;6;3;330;4;1;1;1;6;48;N118;M;;;920
2,02E+11;18;6;5;900;1;1;1;3;2;362;A13;M;4897803;171008;780
2,02E+11;18;6;5;1935;1;1;1;1;4;126;A13;M;4883687;212640;780
2,02E+11;18;6;6;725;2;1;1;2;4;62;RN1013;M;4888662;225416;920
2,02E+11;18;6;6;1355;1;1;1;1;6;362;A13;M;4897535;172459;780
2,02E+11;18;6;6;2000;1;1;1;1;2;640;A86 EXT;M;4877749;222086;780
2,02E+11;18;6;7;1510;1;1;1;1;6;455;A13;M;4886000;204815;780
2,02E+11;18;6;7;1915;1;1;1;1;5;50;A86;M;4886002;204818;920
2,02E+11;18;6;8;330;5;2;1;1;2;51;RN13;M;4888450;226780;920
2,02E+11;18;6;8;1335;1;1;1;1;3;64;A13;M;4883949;221928;920
2,02E+11;18;6;8;1410;1;1;1;1;3;43;A13Y;M;;;780
2,02E+11;18;6;8;1745;1;1;1;1;2;640;A86 EXT;M;4877762;221871;780
2,02E+11;18;6;8;1645;1;1;1;1;4;64;A13;M;4883987;220395;920
2,02E+11;18;6;8;1830;1;1;1;1;6;48;N118;M;4879821;221661;920
2,02E+11;18;6;11;855;1;1;1;8;6;50;A86;M;4889200;217903;920
2,02E+11;18;6;11;1145;1;1;1;1;7;322;RN12;M;;;780
2,02E+11;18;6;11;2100;2;1;1;3;6;25;A86;M;4893476;225902;920
2,02E+11;18;6;12;20;3;1;9;2;6;64;A13;M;;;920
2,02E+11;18;6;12;945;1;1;1;2;3;47;A13;M;;;920
2,02E+11;18;6;12;750;1;1;1;3;2;126;A13;M;;;780
2,02E+11;18;6;13;120;3;1;1;1;2;36;A86;M;4893503;228398;920
2,02E+11;18;6;13;835;1;1;1;1;3;640;A86 EXT;M;4890443;219706;780
2,02E+11;18;6;13;1345;1;1;1;1;3;25;A86;M;4892830;223880;920
2,02E+11;18;6;14;835;1;1;1;1;2;646;RN12;M;4879079;210831;780
2,02E+11;18;6;14;1410;1;1;1;1;3;36;A86;M;4893536;228544;920
2,02E+11;18;6;14;1900;1;1;1;1;3;50;A86;M;4890527;220898;920
2,02E+11;18;6;14;1850;1;1;1;1;7;640;A86 EXT;M;;;780
2,02E+11;18;6;15;1355;1;1;1;1;2;402;A13;M;4892535;199842;780
2,02E+11;18;6;15;1445;1;1;1;1;7;25;A86;M;4893156;224607;920
2,02E+11;18;6;15;1853;1;1;1;1;2;73;A12 Y;M;4890521;220911;780
2,02E+11;18;6;15;2130;2;1;1;7;3;62;A14;M;4888712;225213;920
2,02E+11;18;6;16;930;1;1;1;1;4;64;A13;M;4883795;219044;920
2,02E+11;18;6;16;1110;1;1;1;1;7;490;RN12 INT;M;4879883;193387;780
2,02E+11;18;6;16;1625;1;1;1;1;4;362;A13;M;4897808;171048;780
2,02E+11;18;6;16;2345;3;1;1;1;3;36;A86;M;4893429;227071;920
2,02E+11;18;6;18;720;1;1;1;1;6;640;N118;M;4878094;222232;780
2,02E+11;18;6;18;820;2;1;1;1;7;76;A13;M;4883199;215233;920
2,02E+11;18;6;18;930;1;1;1;2;6;362;A13;M;4977211;171531;780
2,02E+11;18;6;18;2010;1;1;1;1;7;25;A86;M;4878491;206021;920
2,02E+11;18;6;19;820;1;1;1;1;2;50;A14;M;;;920
2,02E+11;18;6;18;500;2;1;1;1;7;490;RN12 EXT;M;4879924;196355;780
2,02E+11;18;6;19;1200;1;1;1;1;2;242;A12 W;M;4880553;205100;780
2,02E+11;18;6;20;1025;1;1;1;1;2;640;RN12 INT;M;4878141;222295;780
2,02E+11;18;6;22;410;5;1;1;1;2;50;A86;M;4891106;221657;920
2,02E+11;18;6;22;800;1;1;1;1;3;76;A13;M;4883192;215196;920
2,02E+11;18;6;22;1222;1;1;1;1;6;206;A13;M;4895588;193709;780
2,02E+11;18;6;22;1440;1;1;1;1;4;43;A12 W;M;4883663;208971;780
2,02E+11;18;6;22;1630;1;1;1;1;6;63;A86;M;4890402;219694;920
2,02E+11;18;6;22;1635;1;1;1;1;4;362;A13;M;4897808;171020;780
2,02E+11;18;6;22;1810;1;1;1;1;2;640;N118;M;4878304;222288;780
2,02E+11;18;6;22;1920;1;1;1;1;5;43;A12 W;M;4883179;208357;780
2,02E+11;18;6;23;640;1;1;1;7;6;29;A13W;M;4881047;221220;780
2,02E+11;18;6;23;856;1;1;9;1;6;423;RN12;M;4879511;204735;780
2,02E+11;18;6;24;1738;1;1;1;1;5;25;A86;M;;;920
2,02E+11;18;6;25;815;1;1;1;1;4;25;A86;M;;;920
2,02E+11;18;6;25;850;1;1;1;1;2;64;A13;M;;;920
2,02E+11;18;6;25;2000;1;1;1;1;2;23;RN385;M;4890398;219702;920
2,02E+11;18;6;26;618;1;1;1;1;2;36;A86;M;4893443;227060;920
2,02E+11;18;6;26;1445;1;1;1;1;6;48;N118;M;4879455;221863;920
2,02E+11;18;6;27;815;1;1;1;1;4;466;A13;M;4892841;198871;780
2,02E+11;18;6;27;1903;1;1;1;1;2;76;A13;M;4883161;214318;920
2,02E+11;18;6;28;828;1;1;1;1;2;117;RN12;M;4878801;214422;780
2,02E+11;18;6;29;822;1;1;1;1;2;640;N118;M;4877738;222055;780
2,02E+11;18;6;29;1615;1;1;1;1;4;64;A13;M;4890412;219715;920
2,02E+11;18;6;29;1810;1;1;1;1;5;396;A14;M;4890412;219716;780
2,02E+11;18;6;30;610;2;1;1;1;6;51;N13;M;4888639;225634;920
2,02E+11;18;6;30;1841;1;1;1;1;6;362;A13;M;4897266;173009;780
2,02E+11;18;6;30;1930;1;1;1;1;4;640;A86 INT;M;4877833;220953;780
2,02E+11;18;6;30;2045;1;1;1;1;5;322;RN12 EXT;M;4878156;216513;780
2,02E+11;18;7;1;1423;1;1;1;1;6;72;N118;M;4881407;221434;920
2,02E+11;18;7;2;803;1;1;1;1;2;48;N118;M;4890401;219721;920
2,02E+11;18;7;2;815;1;1;1;1;2;126;A13;M;4883565;212956;780
2,02E+11;18;7;2;2045;1;1;1;1;3;217;A13;M;4896486;181932;780
2,02E+11;18;7;3;1552;1;1;1;1;3;133;A13;M;4887630;202125;780
2,02E+11;18;7;3;1543;1;1;1;1;4;133;A13;M;4878801;214422;780
2,02E+11;18;7;4;1415;1;1;1;1;2;640;A86 EXT;M;4890375;219715;780
2,02E+11;18;7;4;1715;1;1;1;1;3;402;A13;M;4878197;218581;780
2,02E+11;18;7;5;643;1;1;1;1;3;140;A13;M;4896370;192633;780
2,02E+11;18;7;5;850;1;1;1;1;2;48;N118;M;4880020;221588;920
2,02E+11;18;7;5;1230;1;1;1;1;7;640;N118;M;4877705;222233;780
2,02E+11;18;7;5;1720;1;1;1;1;5;640;N118;M;4879902;198770;780
2,02E+11;18;7;6;1530;1;1;1;1;3;297;RN12;M;4878867;206110;780
2,02E+11;18;7;6;1515;1;1;1;1;4;64;A13;M;;;920
2,02E+11;18;7;6;1555;1;1;1;1;2;402;A13;M;4896433;179712;780
2,02E+11;18;7;9;853;1;1;1;1;4;524;A13;M;4883983;211552;780
2,02E+11;18;7;9;1145;1;1;1;1;3;545;A12 W;M;4890412;219742;780
2,02E+11;18;7;9;1315;1;1;1;1;6;206;A13;M;4894603;194809;780
2,02E+11;18;7;9;1633;1;1;1;1;7;321;RN12 INT;M;4879670;190767;780
2,02E+11;18;7;9;1716;1;1;1;1;4;64;A13;M;4884407;222291;920
2,02E+11;18;7;10;840;1;1;1;1;6;50;A14;M;;;920
2,02E+11;18;7;10;1530;1;1;1;1;1;47;A13;M;4883690;218700;920
2,02E+11;18;7;11;1159;1;1;1;1;2;43;A12 Y;M;4884006;209288;780
2,02E+11;18;7;11;1910;1;1;1;1;3;640;A86 EXT;M;4877825;221051;780
2,02E+11;18;7;12;855;1;1;1;1;3;43;A12 W;M;4883689;208992;780
2,02E+11;18;7;12;940;1;1;1;1;7;25;A86;M;4887926;500000;920
2,02E+11;18;7;12;915;1;1;1;1;4;64;A13;M;;;920
2,02E+11;18;7;12;1245;1;1;1;1;3;43;A12 Y;M;4880023;204510;780
2,02E+11;18;7;13;845;1;1;1;1;5;64;A13;M;4883839;219195;920
2,02E+11;18;7;13;1750;1;1;1;1;2;242;A12 Y;M;4880389;204896;780
2,02E+11;18;7;13;1929;1;1;1;1;2;133;A14;M;4891429;204122;780
2,02E+11;18;7;13;2050;2;1;1;1;2;217;A13;M;4896354;183010;780
2,02E+11;18;7;14;150;5;1;1;1;2;466;A13;M;4892757;199148;780
2,02E+11;18;7;14;1035;1;1;1;1;4;238;A13;M;4890441;219693;780
2,02E+11;18;7;14;2120;4;1;1;1;2;62;RN1014 W;M;4888910;224360;920
2,02E+11;18;7;16;410;3;1;1;1;6;36;A86;M;4893395;227838;920
2,02E+11;18;7;17;739;1;1;1;1;3;242;A12 W;M;4880555;205097;780
2,02E+11;18;7;17;1510;1;1;1;1;2;498;A13;M;4890903;200549;780
2,02E+11;18;7;18;1120;1;1;1;1;2;25;A86;M;4892372;222944;920
2,02E+11;18;7;18;1228;1;1;1;1;2;466;A13;M;4892972;198470;780
2,02E+11;18;7;19;440;5;1;1;1;6;64;A13;M;4883909;221822;920
2,02E+11;18;7;19;2215;3;1;9;1;2;50;A86;M;4891509;222025;920
2,02E+11;18;7;20;125;3;1;1;1;6;322;RN12;M;;;780
2,02E+11;18;7;20;1650;1;1;1;1;3;50;A86;M;4891456;221987;920
2,02E+11;18;7;20;1807;1;1;1;1;2;63;A86;M;4888940;216870;920
2,02E+11;18;7;20;1835;1;1;1;1;2;51;RN13;M;4888427;226223;920
2,02E+11;18;7;21;1715;1;2;1;1;2;423;RN12;M;4879557;203358;780
2,02E+11;18;7;24;1248;1;1;1;1;2;640;A86 EXT;M;4890406;219722;780
2,02E+11;18;7;25;820;1;1;1;1;3;23;RN385;M;4877601;222937;920
2,02E+11;18;7;25;1530;1;1;9;1;2;640;A86 EXT;M;4890427;219712;780
2,02E+11;18;7;25;1630;1;1;1;1;7;73;A12 Y;M;4890400;219716;780
2,02E+11;18;7;26;935;1;1;1;1;4;297;RN12;M;4879000;205873;780
2,02E+11;18;7;26;1850;1;1;1;1;2;64;A13;M;4883690;218655;920
2,02E+11;18;7;28;1730;1;1;1;1;7;63;A86;M;4888621;216625;920
2,02E+11;18;7;30;1100;1;1;1;1;2;545;A12 W;M;;;780
2,02E+11;18;7;31;15;5;1;1;1;6;242;A12 W;M;4880628;205176;780
2,02E+11;18;7;31;1515;1;1;1;1;6;418;A14;M;4891592;213108;780
2,02E+11;18;8;1;2345;3;1;1;1;2;571;A13;M;;;780
2,02E+11;18;8;3;1345;1;1;1;1;4;291;A13;M;4896526;176002;780
2,02E+11;18;8;3;1621;1;1;1;1;5;50;A86;M;4891596;222100;920
2,02E+11;18;8;4;255;3;1;1;1;6;36;A86;M;4893565;226279;920
2,02E+11;18;8;4;1420;1;1;1;1;2;498;A13;M;4890417;219678;780
2,02E+11;18;8;4;2345;4;1;1;1;3;36;A86;M;4893509;228269;920
2,02E+11;18;8;5;300;3;1;1;1;7;25;A86;M;4893532;226005;920
2,02E+11;18;8;7;140;3;1;1;1;6;126;A13;M;4889259;218662;780
2,02E+11;18;8;7;930;1;1;1;1;3;72;N118;M;4890394;219735;920
2,02E+11;18;8;7;945;1;1;1;1;2;25;A86;M;4891812;222273;920
2,02E+11;18;8;8;1130;1;1;1;1;2;64;A13;M;4883950;220289;920
2,02E+11;18;8;9;709;2;1;1;1;7;63;A86;M;4894209;195122;920
2,02E+11;18;8;9;1855;1;1;1;1;3;455;A13;M;4885992;204860;780
2,02E+11;18;8;10;855;1;1;1;1;4;25;A86;M;4893188;224716;920
2,02E+11;18;8;13;400;3;1;9;2;6;402;A13;M;4896405;179106;780
2,02E+11;18;8;16;120;3;1;1;1;2;47;A13;M;4883492;217379;920
2,02E+11;18;8;16;2130;3;1;1;1;7;545;A12 W;M;4882004;206846;780
2,02E+11;18;8;17;800;1;1;1;1;5;206;A13;M;4895581;193670;780
2,02E+11;18;8;21;120;3;1;1;1;2;291;A13;M;;;780
2,02E+11;18;8;22;1600;1;1;1;1;2;321;RN12 INT;M;4880042;184707;780
2,02E+11;18;8;22;1640;1;1;1;1;2;321;RN12 INT;M;4879319;188758;780
2,02E+11;18;8;23;853;1;1;1;1;3;43;A12 Y;M;4883790;209042;780
2,02E+11;18;8;23;1850;1;1;1;1;3;12;A13;M;4884859;223120;920
2,02E+11;18;8;24;1148;1;1;1;1;6;36;A86;M;4893572;226302;920
2,02E+11;18;8;24;1630;1;1;1;1;2;48;N118;M;4881202;221339;920
2,02E+11;18;8;24;2135;3;1;1;1;6;206;A13;M;4890402;219691;780
2,02E+11;18;8;25;1614;1;1;1;1;4;43;A12 W;M;4884131;209764;780
2,02E+11;18;8;25;1640;1;1;1;1;6;362;A13;M;4898176;169042;780
2,02E+11;18;8;27;720;1;1;1;1;2;62;RN1014 Y;M;4888813;224953;920
2,02E+11;18;8;27;1735;1;1;1;1;4;455;A13;M;4885296;206300;780
2,02E+11;18;8;27;2125;3;1;1;1;7;63;A86;M;4888653;216574;920
2,02E+11;18;8;28;802;1;1;1;1;2;640;A86 EXT;M;4877632;222770;780
2,02E+11;18;8;28;1425;1;1;1;1;3;640;A86 EXT;M;4877836;221256;780
2,02E+11;18;8;29;1225;1;1;1;2;6;362;A13;M;4890392;219682;780
2,02E+11;18;8;30;1115;1;1;1;1;2;50;A86;M;4890322;220607;920
2,02E+11;18;8;30;2240;3;1;1;1;6;646;RN12;M;4894126;195480;780
2,02E+11;18;6;14;1455;1;1;1;1;2;297;RN12;M;4878891;206088;780
2,02E+11;18;8;31;1456;1;1;1;1;2;117;RN12;M;4878820;213790;780
2,02E+11;18;9;1;1629;1;1;1;1;2;50;A86;M;4891611;222083;920
2,02E+11;18;9;2;1710;1;1;1;1;4;362;A13;M;4897824;170949;780
2,02E+11;18;9;2;1715;1;1;1;1;2;362;A13;M;4890403;219700;780
2,02E+11;18;9;3;757;1;1;1;1;2;36;RN315 W;M;4892990;230212;920
2,02E+11;18;9;3;950;1;1;1;1;3;242;A12 W;M;4880550;205100;780
2,02E+11;18;9;3;1700;1;1;1;1;4;25;A86;M;4892988;224166;920
2,02E+11;18;9;4;1420;1;1;1;1;7;36;A86;M;;;920
2,02E+11;18;9;4;2324;5;1;1;1;6;63;A86;M;4890429;219706;920
2,02E+11;18;9;5;815;1;1;1;1;7;640;A86 EXT;M;4877766;221716;780
2,02E+11;18;9;6;900;1;1;1;1;3;640;N118;M;;;780
2,02E+11;18;9;6;2300;5;1;9;1;7;362;A13;M;4897700;171893;780
2,02E+11;18;9;7;700;1;1;1;1;3;640;N118;M;;;780
2,02E+11;18;9;7;1730;1;1;1;1;4;48;N118;M;4879700;221725;920
2,02E+11;18;9;8;1330;1;1;1;1;4;36;A86;M;4893547;226233;920
2,02E+11;18;9;8;2035;2;1;9;1;4;640;A86 EXT;M;4877788;221925;780
2,02E+11;18;9;9;706;2;1;1;1;3;571;A13;M;4887310;202389;780
2,02E+11;18;9;11;823;1;1;1;1;3;646;RN12;M;4878955;212646;780
2,02E+11;18;9;11;845;5;1;1;1;3;50;A14;M;;;920
2,02E+11;18;9;11;1730;1;1;1;1;4;455;A13;M;;;780
2,02E+11;18;9;11;1725;1;1;1;1;5;362;A13;M;4890429;219724;780
2,02E+11;18;9;11;1845;1;1;1;1;2;124;SE A14;M;;;780
2,02E+11;18;9;12;920;1;1;1;1;3;25;A86;M;;;920
2,02E+11;18;9;13;610;3;1;9;2;6;217;A13;M;4896483;181816;780
2,02E+11;18;9;13;1445;1;1;1;1;3;25;A86;M;4892550;223360;920
2,02E+11;18;9;13;2330;3;1;1;1;2;545;A12 Y;M;4881300;205850;780
2,02E+11;18;9;14;1720;1;1;1;1;4;238;A13;M;4897028;187073;780
2,02E+11;18;9;14;1819;1;1;1;1;5;50;A86;M;4891382;221906;920
2,02E+11;18;9;16;1320;1;1;1;1;2;217;A13;M;4896504;180280;780
2,02E+11;18;9;16;1800;1;1;1;1;4;362;A13;M;;;780
2,02E+11;18;9;16;1845;1;1;1;1;2;640;A86 EXT;M;4890374;219719;780
2,02E+11;18;9;17;330;5;1;1;1;2;51;RN13;M;4888380;226340;920
2,02E+11;18;9;17;935;1;1;1;1;2;7;A13W;M;4889834;200561;780
2,02E+11;18;9;18;820;1;1;1;1;3;545;A12 Y;M;4890396;219714;780
2,02E+11;18;9;18;853;1;1;1;1;4;466;A13;M;;;780
2,02E+11;18;9;18;1135;1;1;1;1;4;64;A13;M;4890431;219759;920
2,02E+11;18;9;18;1850;1;1;1;1;3;50;A86;M;4890420;220755;920
2,02E+11;18;9;18;2110;3;1;1;1;4;640;A86 EXT;M;4877620;222726;780
2,02E+11;18;9;19;1819;1;1;1;1;3;423;RN12;M;4879655;203655;780
2,02E+11;18;9;20;905;1;1;1;1;4;423;N12W;M;4879873;199900;780
2,02E+11;18;9;20;946;1;1;1;1;5;321;RN12 INT;M;4880054;183722;780
2,02E+11;18;9;21;926;1;1;1;2;3;36;A86;M;4893455;226972;920
2,02E+11;18;9;21;1257;1;1;1;1;3;25;A86;M;4891953;222432;920
2,02E+11;18;9;23;930;1;1;1;1;6;50;A86;M;4890320;220509;920
2,02E+11;18;9;23;1645;1;1;1;2;2;50;A86;M;;;920
2,02E+11;18;9;23;1800;1;1;1;3;6;524;A13;M;4884172;210884;780
2,02E+11;18;9;23;1840;1;1;1;1;7;640;N118;M;;;780
2,02E+11;18;9;23;1930;3;1;1;2;4;25;A86;M;4884172;210884;920
2,02E+11;18;9;24;730;2;1;1;1;3;640;N118;M;;;780
2,02E+11;18;9;24;950;1;1;1;1;3;25;A86;M;4892420;223106;920
2,02E+11;18;9;24;1300;1;1;9;1;6;50;A86;M;4889972;220057;920
2,02E+11;18;9;24;1400;1;1;1;1;3;117;RN12;M;4878781;214467;780
2,02E+11;18;9;24;1510;1;1;1;1;7;646;RN12;M;4879014;211661;780
2,02E+11;18;9;24;1815;1;1;1;1;6;362;A13;M;4897758;171272;780
2,02E+11;18;9;25;50;3;1;1;1;2;25;A86;M;4893460;225770;920
2,02E+11;18;9;25;1743;1;1;1;1;6;640;N118;M;;;780
2,02E+11;18;9;25;1835;1;1;1;1;2;47;A13;M;4883477;217388;920
2,02E+11;18;9;26;830;1;1;1;1;6;51;N13;M;4888571;225670;920
2,02E+11;18;9;26;2225;4;1;1;1;6;36;A86;M;4893579;226232;920
2,02E+11;18;9;28;830;1;1;1;1;3;64;A13;M;4883842;219175;920
2,02E+11;18;9;28;1215;1;1;1;1;2;25;A86;M;4891875;222350;920
2,02E+11;18;9;28;1205;1;1;1;1;3;36;A86;M;4893693;229231;920
2,02E+11;18;9;29;620;3;1;1;1;5;29;A13W;M;4896422;184545;780
2,02E+11;18;9;30;1401;1;1;1;1;6;25;A86;M;4893442;225816;920
2,02E+11;18;10;1;848;1;1;1;1;2;640;A86 INT;M;4878057;217844;780
2,02E+11;18;10;1;1311;1;1;1;1;3;36;A86;M;4856078;215400;920
2,02E+11;18;10;1;1550;1;1;1;1;3;50;A86;M;4890820;221380;920
2,02E+11;18;10;1;1626;1;1;1;1;3;25;A86;M;4892790;223851;920
2,02E+11;18;10;1;1825;1;1;1;1;6;36;A86;M;4893386;227299;920
2,02E+11;18;10;2;838;1;1;1;1;3;25;A86;M;4892361;222907;920
2,02E+11;18;10;2;848;1;1;1;1;2;466;A13;M;4892710;299283;780
2,02E+11;18;10;2;1038;1;1;1;1;4;25;A86;M;4892150;222617;920
2,02E+11;18;10;3;1610;1;1;1;1;2;36;A86;M;4856800;215460;920
2,02E+11;18;10;4;828;2;1;1;1;2;423;N12W;M;;;780
2,02E+11;18;10;5;917;1;1;1;1;7;640;A86 INT;M;4878080;217595;780
2,02E+11;18;10;5;1830;4;1;1;1;2;50;A14;M;;;920
2,02E+11;18;10;5;2246;3;1;1;1;6;490;RN12 INT;M;4879916;196361;780
2,02E+11;18;10;5;2113;5;1;1;1;6;362;A13;M;4800000;168770;780
2,02E+11;18;10;7;520;3;1;1;1;6;490;RN12 EXT;M;4880010;196929;780
2,02E+11;18;10;7;930;1;1;1;1;6;36;A86;M;4880011;196933;920
2,02E+11;18;10;7;1335;1;1;1;2;6;217;A13;M;4890434;219675;780
2,02E+11;18;10;8;755;1;1;1;1;5;431;A13;M;4893606;196186;780
2,02E+11;18;10;8;1928;1;1;1;1;4;297;RN12;M;;;780
2,02E+11;18;10;8;2030;5;1;1;1;3;36;RN315 Y;M;4893000;230230;920
2,02E+11;18;10;9;850;1;1;1;1;3;640;N118;M;4878530;222310;780
2,02E+11;18;10;9;1240;1;1;1;1;6;90;A13;M;4897010;190990;780
2,02E+11;18;10;9;1845;5;1;1;1;3;63;A86;M;4887095;215662;920
2,02E+11;18;10;9;1830;1;1;1;1;2;455;A13;M;4884790;207527;780
2,02E+11;18;10;10;730;1;1;1;1;3;126;A13;M;;;780
2,02E+11;18;10;10;1930;3;1;1;1;2;640;A86 INT;M;;;780
2,02E+11;18;10;11;650;2;1;1;1;3;126;A13;M;;;780
2,02E+11;18;10;11;948;1;1;1;1;3;25;A86;M;4891920;222385;920
2,02E+11;18;10;11;1555;1;1;1;1;6;25;A86;M;;;920
2,02E+11;18;10;11;1850;1;1;1;2;3;47;A13;M;;;920
2,02E+11;18;10;13;430;5;1;1;1;6;50;A86;M;4889956;220028;920
2,02E+11;18;10;13;515;3;1;1;1;6;208;RN12 EXT;M;;;780
2,02E+11;18;10;13;1145;1;1;1;1;3;47;A13;M;;;920
2,02E+11;18;10;13;2016;3;1;1;1;2;50;A86;M;4891822;222322;920
2,02E+11;18;10;14;510;3;1;1;1;2;545;A12 Y;M;4881734;206400;780
2,02E+11;18;10;15;1728;1;1;1;1;3;51;RN13;M;4888665;225480;920
2,02E+11;18;10;16;835;1;1;1;1;3;48;N118;M;;;920
2,02E+11;18;10;16;1220;1;1;1;1;2;362;A13;M;4897000;170000;780
2,02E+11;18;10;16;1445;1;1;1;1;2;466;A13;M;4891880;200454;780
2,02E+11;18;10;16;1805;1;1;1;1;3;297;RN12;M;4890406;219745;780
2,02E+11;18;10;16;1830;2;1;1;1;2;51;N13;M;;;920
2,02E+11;18;10;17;340;5;1;9;1;3;238;A13;M;4897010;187150;780
2,02E+11;18;10;17;700;5;1;1;1;3;490;RN12 INT;M;4880277;197166;780
2,02E+11;18;10;17;725;2;1;1;1;4;126;A13;M;4890408;219704;780
2,02E+11;18;10;17;1709;1;1;1;1;3;48;N118;M;4881019;221206;920
2,02E+11;18;10;18;1903;3;1;1;1;3;50;A86;M;4890284;220525;920
2,02E+11;18;10;18;1945;5;1;1;1;3;50;A86;M;4891645;222101;920
2,02E+11;18;10;19;940;1;1;1;5;3;43;A13W;M;;;780
2,02E+11;18;10;19;1945;3;1;1;1;3;43;A13Y;M;4884556;208517;780