Num_Acc;an;mois;jour;hrmn;lum;agg;int;atm;col;com;adr;gps;lat;long;dep
2,02E+11;18;10;19;2101;3;1;1;1;2;43;A12 W;M;4883420;208670;780
2,02E+11;18;10;19;2240;5;1;1;1;2;36;RN315 Y;M;4893500;230250;920
2,02E+11;18;10;20;2310;5;1;9;1;5;524;A13;M;4883990;211680;780
2,02E+11;18;10;21;642;3;1;1;1;6;116;A13W;M;4884830;224618;750
2,02E+11;18;10;21;1145;1;1;1;1;6;206;A13;M;4894885;194565;780
2,02E+11;18;10;21;1435;1;1;1;1;6;646;RN12;M;4890409;219737;780
2,02E+11;18;10;22;730;3;1;1;1;1;158;A13;M;;;780
2,02E+11;18;9;29;1500;1;1;1;1;3;47;A13;M;4883532;217600;920
2,02E+11;18;10;23;755;2;1;1;1;4;51;N13;M;4882000;212000;920
2,02E+11;18;10;23;1250;1;1;1;1;2;47;A13;M;;;920
2,02E+11;18;10;25;103;3;1;1;1;6;158;A13;M;4883480;213270;780
2,02E+11;18;10;25;1000;1;1;1;1;2;50;A86;M;;;920
2,02E+11;18;10;26;1435;1;1;1;1;6;423;N12W;M;;;780
2,02E+11;18;10;27;1830;3;1;1;1;7;362;A13;M;4897203;173140;780
2,02E+11;18;10;27;2130;3;1;1;1;2;47;A13;M;4883660;218530;920
2,02E+11;18;10;27;2340;3;1;1;1;2;116;A13W;M;4884860;224880;750
2,02E+11;18;10;28;735;2;2;1;1;6;322;RN12 EXT;M;4890406;219711;780
2,02E+11;18;10;28;1600;1;1;1;1;2;640;RN12 INT;M;4884598;215327;780
2,02E+11;18;10;29;155;3;1;1;1;6;64;A13;M;4883950;219600;920
2,02E+11;18;10;31;340;3;1;1;1;6;73;RN12 INT;M;4879890;199140;780
2,02E+11;18;10;31;2130;5;1;1;2;4;51;RN13;M;4888380;226340;920
2,02E+11;18;10;31;2200;5;1;1;2;6;72;N118;M;4882760;222460;920
2,02E+11;18;10;31;2345;3;1;1;1;6;43;A13W;M;4884440;208880;780
2,02E+11;18;10;31;2330;5;1;1;8;6;72;N118;M;4882760;222460;920
2,02E+11;18;11;1;500;3;1;1;1;6;571;A13;M;4890168;200516;780
2,02E+11;18;11;1;1140;1;1;1;8;2;64;A13;M;4883794;210698;920
2,02E+11;18;11;1;1500;1;1;1;3;2;423;N12W;M;4879543;204654;780
2,02E+11;18;11;1;2250;3;1;1;8;6;423;RN12;M;4879538;204565;780
2,02E+11;18;11;2;100;3;1;1;1;2;646;RN12;M;4879355;207880;780
2,02E+11;18;11;2;1310;1;1;1;1;4;133;A13;M;4888777;204165;780
2,02E+11;18;11;2;1422;1;1;9;1;6;90;A13;M;4897000;190506;780
2,02E+11;18;11;2;1710;2;1;1;1;4;36;A86;M;4897000;170000;920
2,02E+11;18;11;2;1700;1;1;1;1;5;23;RN385;M;4877722;222611;920
2,02E+11;18;11;2;1710;2;1;1;1;2;25;A86;M;4912000;190000;920
2,02E+11;18;11;2;1825;2;1;1;1;2;50;A86;M;4854500;213100;920
2,02E+11;18;11;4;1710;3;1;1;1;2;50;A86;M;4891752;222217;920
2,02E+11;18;11;5;1850;3;1;1;1;6;322;RN12 EXT;M;;;780
2,02E+11;18;11;6;635;5;1;1;1;2;50;A86;M;;;920
2,02E+11;18;11;6;1206;1;1;1;1;2;36;A86;M;4893745;229487;920
2,02E+11;18;11;6;2125;3;1;1;1;6;490;RN12 INT;M;4879910;199080;780
2,02E+11;18;11;7;930;5;1;1;2;5;50;A86;M;4889910;219960;920
2,02E+11;18;11;7;1420;1;1;1;8;3;297;RN12;M;;;780
2,02E+11;18;11;7;1750;3;1;1;1;2;217;A13;M;4896510;181892;780
2,02E+11;18;11;8;900;2;1;1;1;6;26;RN1014 Y;M;4888787;225132;920
2,02E+11;18;11;8;1405;1;1;1;1;7;322;A86 EXT;M;4878042;217389;780
2,02E+11;18;11;9;810;1;1;1;1;4;646;RN12 INT;M;4878617;215261;780
2,02E+11;18;11;9;1215;1;1;1;1;3;402;A13;M;;;780
2,02E+11;18;11;10;740;3;1;1;2;3;43;A13Y;M;;;780
2,02E+11;18;11;10;1345;1;1;1;2;6;297;RN12;M;4878790;206508;780
2,02E+11;18;11;11;155;4;1;9;1;6;297;RN12;M;4878697;206280;780
2,02E+11;18;11;11;412;3;1;1;2;6;36;A86;M;4893390;227330;920
2,02E+11;18;11;12;944;1;1;1;1;5;551;SE A14;M;;;780
2,02E+11;18;11;12;1338;1;1;1;8;6;63;A86;M;4887086;215897;920
2,02E+11;18;11;12;1815;3;1;1;1;3;206;A13;M;4895630;193662;780
2,02E+11;18;11;12;1845;3;1;1;1;4;217;A13;M;4896510;181910;780
2,02E+11;18;11;13;832;1;1;1;1;2;126;A13;M;4884100;210830;780
2,02E+11;18;11;13;1715;1;1;1;1;2;43;A12 Y;M;4883392;208535;780
2,02E+11;18;11;14;1927;3;1;1;1;2;646;RN12;M;4879241;207344;780
2,02E+11;18;11;15;517;3;1;1;1;6;72;N118;M;4882638;222361;920
2,02E+11;18;11;15;629;3;1;1;8;4;238;A13;M;4883110;212781;780
2,02E+11;18;11;15;1958;4;1;1;9;2;545;RN12;M;;;780
2,02E+11;18;11;18;200;3;1;1;1;7;73;A12 Y;M;4880110;204619;780
2,02E+11;18;11;18;400;3;1;1;1;1;158;A13;M;4883460;213300;780
2,02E+11;18;11;19;940;1;1;1;1;6;36;RN315 W;M;4892578;230451;920
2,02E+11;18;11;19;1230;1;1;1;1;6;36;A86;M;4893625;228990;920
2,02E+11;18;11;19;2115;5;1;1;2;7;62;RN1013;M;4889323;223212;920
2,02E+11;18;11;20;1330;1;1;1;4;6;646;RN12;M;4847240;265800;780
2,02E+11;18;11;22;800;4;1;1;5;3;640;A86 INT;M;4877805;221546;780
2,02E+11;18;11;22;1900;3;1;1;2;7;36;A86;M;;;920
2,02E+11;18;11;23;900;1;1;1;1;2;64;A13;M;;;920
2,02E+11;18;11;23;1935;5;1;1;1;3;64;A13;M;4883958;221308;920
2,02E+11;18;11;25;1530;1;1;1;2;2;36;A86;M;4856000;216000;920
2,02E+11;18;11;25;1750;5;1;1;2;6;297;RN12;M;4893386;227381;780
2,02E+11;18;11;25;1920;5;1;1;2;2;640;A86 EXT;M;;;780
2,02E+11;18;11;25;2050;3;1;1;2;6;36;A86;M;4893387;227292;920
2,02E+11;18;11;26;418;3;1;1;2;6;36;A86;M;4893900;229110;920
2,02E+11;18;11;26;750;2;1;1;1;4;362;A13;M;4897338;172947;780
2,02E+11;18;11;26;1740;3;1;1;1;4;455;A13;M;4885127;206674;780
2,02E+11;18;11;27;1600;2;1;1;1;2;26;RN1014 Y;M;;;920
2,02E+11;18;11;28;1150;1;1;1;2;3;47;A13;M;4883333;218333;920
2,02E+11;18;11;28;1815;2;1;1;1;5;43;A13Y;M;;;780
2,02E+11;18;11;30;1730;5;1;1;1;7;118;A13;M;4898296;168556;780
2,02E+11;18;11;30;1910;3;1;1;1;7;423;RN12;M;4879708;202383;780
2,02E+11;18;12;1;510;4;1;1;1;6;117;RN12;M;4878819;213972;780
2,02E+11;18;12;1;1705;1;1;1;2;7;36;A86;M;4893581;226120;920
2,02E+11;18;12;1;1920;5;1;1;2;7;62;A14;M;;;920
2,02E+11;18;12;2;200;5;2;1;3;6;64;N118;M;4882720;222494;920
2,02E+11;18;12;2;620;1;1;1;2;6;36;A86;M;4893573;226216;920
2,02E+11;18;12;2;1050;1;1;9;1;6;47;A13;M;4883192;215332;920
2,02E+11;18;12;2;1145;1;1;1;1;3;48;N118;M;4878589;222400;920
2,02E+11;18;12;2;1300;1;1;9;8;7;50;A14;M;4889772;222783;920
2,02E+11;18;12;3;200;5;1;1;2;5;12;A13;M;4884860;222950;920
2,02E+11;18;12;3;1130;1;1;1;2;4;362;A13;M;;;780
2,02E+11;18;12;3;1815;1;1;1;2;2;25;A86;M;;;920
2,02E+11;18;12;3;1825;3;1;1;2;2;640;A86 EXT;M;4878050;217820;780
2,02E+11;18;12;4;445;3;1;1;2;6;646;RN12;M;;;780
2,02E+11;18;12;3;1720;3;1;1;2;2;640;A86 EXT;M;4877888;221500;780
2,02E+11;18;12;4;845;1;1;1;1;2;640;A86 INT;M;4878186;216653;780
2,02E+11;18;12;4;950;1;1;1;1;3;23;RN385;M;4877650;223424;920
2,02E+11;18;12;5;2320;5;1;1;1;6;63;A86;M;4889000;217010;920
2,02E+11;18;12;5;2305;5;1;1;2;2;12;A13;M;4897700;219600;920
2,02E+11;18;12;6;850;1;1;1;1;7;62;RN1013;M;;;920
2,02E+11;18;12;6;900;1;1;1;1;3;62;A14;M;;;920
2,02E+11;18;12;6;1050;1;1;1;2;2;60;RN385;M;;;920
2,02E+11;18;12;6;1930;3;1;1;1;2;466;A13;M;4892880;198770;780
2,02E+11;18;12;6;1945;3;1;1;1;4;466;A13;M;4893449;196707;780
2,02E+11;18;12;9;2005;3;1;1;2;6;48;N118;M;;;920
2,02E+11;18;12;10;310;3;1;1;2;3;36;A86;M;4893370;227430;920
2,02E+11;18;12;10;720;3;1;1;1;3;50;A86;M;4890952;221509;920
2,02E+11;18;12;10;845;1;1;1;1;3;431;A13;M;;;780
2,02E+11;18;12;10;933;1;1;1;1;2;43;A12 Y;M;4884185;209506;780
2,02E+11;18;12;10;1055;1;1;1;1;4;133;A13;M;;;780
2,02E+11;18;12;10;1835;4;1;1;1;3;48;N118;M;;;920
2,02E+11;18;12;12;910;1;1;1;1;2;23;RN385;M;;;920
2,02E+11;18;12;12;1830;4;1;1;1;3;640;A86 EXT;M;4877927;219719;780
2,02E+11;18;12;12;2225;5;1;1;1;6;640;;M;4877760;222290;780
2,02E+11;18;12;13;1730;3;1;1;1;5;43;A12 W;M;4883640;208950;780
2,02E+11;18;12;14;912;1;1;1;1;3;423;RN12;M;4879492;204842;780
2,02E+11;18;12;14;1810;3;1;1;1;3;48;N118;M;4878993;222050;920
2,02E+11;18;12;14;1820;3;1;1;1;3;423;RN12;M;4879720;201719;780
2,02E+11;18;12;15;915;1;1;1;1;6;640;N118;M;4878111;222388;780
2,02E+11;18;12;15;1730;5;1;1;2;2;62;RN1014 W;M;;;920
2,02E+11;18;12;15;2050;3;1;1;2;6;47;A13;M;4883640;218520;920
2,02E+11;18;12;16;105;3;1;1;2;6;47;A13;M;4883666;216265;920
2,02E+11;18;12;16;755;2;1;1;5;6;72;N118;M;;;920
2,02E+11;18;12;16;1605;1;1;1;1;5;362;A13;M;;;780
2,02E+11;18;12;16;2230;3;1;1;2;6;43;A13W;M;4884579;208434;780
2,02E+11;18;12;17;810;5;1;1;1;4;418;A14;M;;;780
2,02E+11;18;12;17;1335;1;1;1;1;6;217;A13;M;4896569;181386;780
2,02E+11;18;12;18;1745;3;1;1;1;6;466;A13;M;4892752;199228;780
2,02E+11;18;12;18;2057;5;1;1;2;2;116;A13Y;M;4884844;224554;750
2,02E+11;18;12;19;1920;3;1;1;1;3;50;A86;M;4890414;220726;920
2,02E+11;18;12;19;2015;3;1;1;8;4;158;A13;M;;;780
2,02E+11;18;12;21;910;1;1;1;2;7;25;A86;M;4891926;222419;920
2,02E+11;18;12;21;1211;1;1;1;1;6;64;A13;M;4883959;219988;920
2,02E+11;18;12;21;1250;1;1;1;2;3;63;A86;M;;;920
2,02E+11;18;12;21;1630;1;1;1;1;4;646;RN12 INT;M;;;780
2,02E+11;18;12;22;730;3;1;1;8;5;402;A13;M;;;780
2,02E+11;18;12;23;1220;1;1;1;1;6;50;A14;M;;;920
2,02E+11;18;12;23;1850;3;1;1;2;6;90;A13;M;4897052;188941;780
2,02E+11;18;12;23;2230;3;1;1;2;1;73;N12Y;M;;;780
2,02E+11;18;12;24;140;3;1;1;2;6;25;A86;M;4892680;223570;920
2,02E+11;18;12;24;1825;3;1;1;1;3;50;A86;M;;;920
2,02E+11;18;12;25;55;5;1;1;1;2;50;A14;M;4889740;222160;920
2,02E+11;18;12;25;1155;1;1;1;1;6;524;A13;M;4895152;210524;780
2,02E+11;18;12;26;1205;1;1;1;1;6;25;A86;M;4892086;222602;920
2,02E+11;18;12;26;1705;3;1;1;1;2;133;A13;M;;;780
2,02E+11;18;12;27;1430;1;1;1;1;4;50;A86;M;;;920
2,02E+11;18;12;28;2015;5;1;1;1;3;51;N13;M;;;920
2,02E+11;18;12;29;1855;3;1;1;1;6;646;RN12 INT;M;4879086;215445;780
2,02E+11;18;12;29;2200;5;1;1;2;2;322;RN12;M;4878750;215010;780
2,02E+11;18;12;31;150;3;1;1;2;1;36;A86;M;4893380;227370;920
2,02E+11;18;1;1;1510;1;1;1;2;6;37;AUTOROUTE A6B;M;4880766;234696;940
2,02E+11;18;1;1;1640;2;1;1;2;3;534;RN 118;M;4873113;216656;910
2,02E+11;18;1;1;1600;1;1;1;3;2;340;RN 104;M;4860919;243434;910
2,02E+11;18;1;1;1845;3;1;1;2;6;521;RN 104;M;4863056;240013;910
2,02E+11;18;1;2;940;1;1;1;8;6;521;RN 104;M;4863361;240083;910
2,02E+11;18;1;2;2100;3;1;1;8;3;340;AUTOROUTE A6;M;4860545;243608;910
2,02E+11;18;1;2;2349;3;1;1;2;7;471;RN 118;M;4871176;218415;910
2,02E+11;18;1;3;520;3;1;1;2;6;589;AUTOROUTE A6;M;4867593;234052;910
2,02E+11;18;1;3;646;3;1;1;3;5;228;AUTOROUTE A6;M;4862069;242460;910
2,02E+11;18;1;3;1050;1;1;1;4;6;521;AUTOROUTE A6;M;4863971;239491;910
2,02E+11;18;1;5;655;3;1;1;2;5;182;RN 104;M;4862509;241732;910
2,02E+11;18;1;5;900;1;1;1;2;5;216;AUTOROUTE A6;M;4868318;232935;910
2,02E+11;18;1;6;628;3;1;1;1;2;64;RN 118;M;4874652;221975;910
2,02E+11;18;1;6;1520;1;1;1;1;7;179;AUTOROUTE A6;M;4855355;249305;910
2,02E+11;18;1;6;1730;3;1;1;1;2;377;AUTOROUTE A10;M;4871560;229070;910
2,02E+11;18;1;7;845;1;1;1;8;6;136;AUTOROUTE A10;M;4871094;228863;910
2,02E+11;18;1;7;1230;1;1;1;8;6;340;RN 104;M;4860872;243650;910
2,02E+11;18;1;9;1710;2;1;1;2;3;38;AUTOROUTE A6B;M;4877740;234626;940
2,02E+11;18;1;9;1850;3;1;1;2;6;251;AUTOROUTE A5A;M;4861887;255276;770
2,02E+11;18;1;10;15;3;1;1;2;2;340;RN 104;M;4860881;243241;910
2,02E+11;18;1;10;1611;1;1;1;1;6;37;AUTOROUTE A6;M;4852820;250194;910
2,02E+11;18;1;10;1845;3;1;1;1;4;86;RN 104;M;4862336;238372;910
2,02E+11;18;1;12;950;1;1;1;1;7;34;AUTOROUTE A86;M;4875855;232527;940
2,02E+11;18;1;12;1355;1;1;1;8;2;570;RN 104;M;4862960;232850;910
2,02E+11;18;1;12;1645;2;1;1;1;3;235;RN 104;M;4862530;236070;910
2,02E+11;18;1;13;30;3;1;1;9;2;3;AUTOROUTE A6A;M;4879900;234210;940
2,02E+11;18;1;13;1456;1;1;1;1;2;286;AUTOROUTE A6;M;4865819;237572;910
2,02E+11;18;1;13;1638;1;1;1;1;3;384;AUTOROUTE A5A;M;4860381;259275;770
2,02E+11;18;1;14;535;3;1;1;8;2;340;RN 104;M;4860807;243490;910
2,02E+11;18;1;15;2245;3;1;1;2;7;477;AUTOROUTE A10;M;4871891;225667;910
2,02E+11;18;1;16;705;3;1;1;2;5;689;AUTOROUTE A6;M;4874464;232349;910
2,02E+11;18;1;16;1119;1;1;1;2;3;216;AUTOROUTE A6;M;4868343;232921;910
2,02E+11;18;1;16;1440;1;1;1;2;7;339;RN 104;M;4862893;225551;910
2,02E+11;18;1;16;1900;3;1;1;2;6;589;AUTOROUTE A6;M;4867547;234076;910
2,02E+11;18;1;17;825;2;1;1;8;7;34;AUTOROUTE A86;M;4875877;232478;940
2,02E+11;18;1;17;1900;3;1;1;1;3;174;RN 104;M;4860988;244194;910
2,02E+11;18;1;18;1700;1;1;1;8;3;521;RN 104;M;4863388;240088;910
2,02E+11;18;1;19;1430;1;1;1;2;4;2;AUTOROUTE A86;M;4876247;231275;920
2,02E+11;18;1;19;2200;3;1;1;1;2;377;RN20;M;4871313;228905;910
2,02E+11;18;1;20;1445;1;1;1;2;2;340;RN 104;M;4836326;228197;910
2,02E+11;18;1;20;1918;3;1;1;3;5;161;AUTOROUTE A6;M;4869377;232002;910
2,02E+11;18;1;21;130;3;1;1;1;6;589;AUTOROUTE A6;M;4867922;233379;910
2,02E+11;18;1;21;1320;1;1;1;2;7;477;AUTOROUTE A10;M;4871874;225638;910
2,02E+11;18;1;21;1710;2;1;1;2;6;589;AUTOROUTE A6;M;4867941;233379;910
2,02E+11;18;1;22;732;2;1;1;2;2;521;AUTOROUTE A6;M;4863452;240241;910
2,02E+11;18;1;22;750;2;1;1;2;3;377;RD 444;M;4844434;213159;910
2,02E+11;18;1;20;1210;1;1;1;1;6;692;RN 118;M;4868246;218971;910
2,02E+11;18;1;21;310;4;1;1;1;6;34;AUTOROUTE A86;M;4875640;233926;940
2,02E+11;18;1;22;1340;1;1;1;3;7;477;AUTOROUTE A10;M;4871891;225713;910
2,02E+11;18;1;20;2330;3;1;1;2;6;521;RN 104;M;4863387;240062;910
2,02E+11;18;1;22;1620;1;1;1;1;7;477;AUTOROUTE A10;M;4871961;225788;910
2,02E+11;18;1;22;1715;1;1;1;1;2;64;RD 444;M;4874685;221921;910
2,02E+11;18;1;24;935;1;1;1;1;2;65;AUTOROUTE A86;M;4875484;234625;940
2,02E+11;18;1;25;900;1;1;1;2;4;136;AUTOROUTE A10;M;4871780;226230;910
2,02E+11;18;1;25;910;1;1;1;2;2;38;AUTOROUTE A6B;M;4879047;234461;940
2,02E+11;18;1;25;1810;3;1;1;2;4;340;AUTOROUTE A6;M;4859638;244180;910
2,02E+11;18;1;26;1936;3;1;1;1;1;235;RN 104;M;4862577;235305;910
2,02E+11;18;1;27;1230;1;1;1;1;6;161;AUTOROUTE A6;M;4869457;231927;910
2,02E+11;18;1;27;1755;1;1;1;1;2;182;AUTOROUTE A6;M;4863143;240810;910
2,02E+11;18;1;28;812;1;1;1;8;2;161;AUTOROUTE A126;M;4870913;230772;910
2,02E+11;18;1;29;830;1;1;1;2;6;384;AUTOROUTE A5A;M;4860169;260044;770
2,02E+11;18;1;29;1650;1;1;1;1;3;37;AUTOROUTE A6B;M;4881340;235460;940
2,02E+11;18;1;29;1915;3;1;1;1;4;161;AUTOROUTE A126;M;4871106;229668;910
2,02E+11;18;1;30;1230;1;1;1;2;4;3;AUTOROUTE A6B;M;4879514;234447;940
2,02E+11;18;1;30;2100;5;1;1;1;2;38;AUTOROUTE A6B;M;4877872;234609;940
2,02E+11;18;1;31;1430;1;1;1;2;2;38;AUTOROUTE A6A;M;4877905;234661;940
2,02E+11;18;2;1;305;3;1;1;2;7;347;RN 104;M;4862385;229787;910
2,02E+11;18;2;1;2004;3;1;1;1;3;64;RN 118;M;4876573;222975;910
2,02E+11;18;2;2;835;2;1;1;1;3;21;AUTOROUTE A6A;M;4876966;234513;940
2,02E+11;18;2;2;1910;3;1;1;1;2;86;RN 104;M;4862380;239030;910
2,02E+11;18;2;3;1350;1;1;1;2;4;43;AUTOROUTE A6B;M;4881639;235500;940
2,02E+11;18;2;4;628;3;1;1;2;6;434;AUTOROUTE A6;M;4866772;235686;910
2,02E+11;18;2;4;911;1;1;1;1;6;34;AUTOROUTE A86;M;4875780;233508;940
2,02E+11;18;2;4;1030;1;1;1;8;6;136;AUTOROUTE A10;M;4871516;228977;910
2,02E+11;18;2;5;615;3;1;1;1;5;64;RN 118;M;4876088;222619;910
2,02E+11;18;2;5;1155;1;1;1;4;2;340;AUTOROUTE A6;M;4860846;243388;910
2,02E+11;18;2;5;1730;1;1;1;1;4;617;RN 104;M;4863160;249430;910
2,02E+11;18;2;6;1215;1;1;1;4;4;161;AUTOROUTE A126;M;4871060;230080;910
2,02E+11;18;2;8;1015;1;1;1;4;6;521;RN 104;M;4862959;239996;910
2,02E+11;18;2;8;1102;1;1;1;1;4;161;AUTOROUTE A6;M;4869766;231455;910
2,02E+11;18;2;10;1800;2;1;1;1;6;689;AUTOROUTE A6B;M;4873893;231825;910
2,02E+11;18;2;10;1820;5;1;1;2;3;64;RN 118;M;4874899;221239;910
2,02E+11;18;2;11;15;3;1;1;3;4;521;AUTOROUTE A6;M;4864064;239401;910
2,02E+11;18;2;12;648;4;1;1;1;2;34;AUTOROUTE A6A;M;4875910;233720;940
2,02E+11;18;2;12;1030;1;1;1;1;3;216;AUTOROUTE A6;M;4868075;233152;910
2,02E+11;18;2;12;1500;1;1;1;1;7;377;AUTOROUTE A10;M;4872277;229694;910
2,02E+11;18;2;12;2150;3;1;1;1;3;34;AUTOROUTE A86;M;4875557;234098;940
2,02E+11;18;2;13;935;1;1;1;1;3;689;AUTOROUTE A6B;M;4873657;231810;910
2,02E+11;18;2;14;1746;1;1;1;2;2;34;AUTOROUTE A6B;M;4875083;232922;940
2,02E+11;18;2;15;220;5;1;1;2;6;38;AUTOROUTE A6B;M;4877000;234000;940
2,02E+11;18;2;15;120;3;1;1;2;7;477;AUTOROUTE A10;M;4871867;225589;910
2,02E+11;18;2;15;350;3;1;1;2;6;363;RN 104;M;4865702;218157;910
2,02E+11;18;2;15;1110;1;1;1;2;6;363;RN 104;M;4864382;219660;910
2,02E+11;18;2;15;1940;4;1;1;1;5;477;AUTOROUTE A10;M;4871329;225278;910
2,02E+11;18;2;17;645;2;1;1;2;3;340;RN 104;M;4860925;244011;910
2,02E+11;18;2;20;1737;1;1;1;2;2;339;RN 104;M;4862733;225858;910
2,02E+11;18;2;21;2225;3;1;1;1;4;553;RN 104;M;4862770;247814;910
2,02E+11;18;2;22;1841;1;1;1;1;2;34;AUTOROUTE A86;M;4875832;232578;940
2,02E+11;18;2;21;1915;5;2;1;1;2;161;D120Z;M;4871520;230978;910
2,02E+11;18;2;23;1000;1;1;1;1;3;589;AUTOROUTE A6;M;4867925;233427;910
2,02E+11;18;2;23;1345;1;1;1;1;2;38;AUTOROUTE A6B;M;4877491;234650;940
2,02E+11;18;2;23;1900;3;1;1;1;2;377;AUTOROUTE A10;M;4871755;225444;910
2,02E+11;18;2;23;2236;3;1;1;1;4;363;AUTOROUTE A10;M;4866364;218899;910
2,02E+11;18;2;24;1015;1;1;1;1;4;434;AUTOROUTE A6;M;4866780;235666;910
2,02E+11;18;2;24;1729;1;1;1;1;2;589;AUTOROUTE A6;M;4867352;234288;910
2,02E+11;18;2;24;1820;2;1;1;1;4;553;RN 104;M;4863061;248708;910
2,02E+11;18;2;25;830;1;1;1;7;2;553;RN 104;M;4863166;249288;910
2,02E+11;18;2;25;1930;2;1;1;1;4;471;RN 118;M;4871634;217197;910
2,02E+11;18;2;26;919;1;1;1;1;2;570;RN 104;M;4862536;232369;910
2,02E+11;18;2;26;1450;1;1;1;1;2;347;RN 104;M;4862458;230398;910
2,02E+11;18;2;26;1734;1;1;1;1;5;182;AUTOROUTE A6;M;4862606;241612;910
2,02E+11;18;2;27;2232;3;1;1;1;5;3;AUTOROUTE A6A;M;4879976;234225;940
2,02E+11;18;2;28;1100;1;1;1;1;4;34;AUTOROUTE A86;M;4876111;231777;940
2,02E+11;18;2;28;1450;1;1;1;1;7;86;RN 104;M;4862483;239513;910
2,02E+11;18;3;2;1621;1;1;1;1;3;521;RN 104;M;4863291;240563;910
2,02E+11;18;3;2;2145;5;1;1;1;2;43;AUTOROUTE A6B;M;4881013;234969;940
2,02E+11;18;3;3;1015;1;1;1;1;6;179;AUTOROUTE A6;M;4856730;247260;910
2,02E+11;18;3;3;1930;3;1;1;1;1;235;RN 104;M;4862670;235553;910
2,02E+11;18;3;4;1135;1;1;1;2;2;347;RN 104;M;4862206;227668;910
2,02E+11;18;3;4;1548;1;1;1;2;6;182;RN 104;M;4861115;243126;910
2,02E+11;18;3;4;1855;2;1;1;1;6;521;RN 104;M;4862719;239914;910
2,02E+11;18;3;5;1300;1;1;1;1;7;136;RN20;M;4870858;229132;910
2,02E+11;18;3;6;1120;1;1;1;1;4;589;AUTOROUTE A6;M;4867916;233388;910
2,02E+11;18;3;6;1640;1;1;1;1;1;136;AUTOROUTE A126;M;4871230;228739;910
2,02E+11;18;3;7;845;1;1;1;2;7;161;AUTOROUTE A126;M;4870930;230777;910
2,02E+11;18;3;7;933;1;1;1;2;3;434;AUTOROUTE A6;M;4867167;234567;910
2,02E+11;18;3;7;845;1;1;1;2;7;21;AUTOROUTE A106;M;4845540;239357;940
2,02E+11;18;3;7;935;1;1;1;2;2;689;AUTOROUTE A6;M;4874286;232273;910
2,02E+11;18;3;7;1850;3;1;1;1;7;64;RN 118;M;4876286;222880;910
2,02E+11;18;3;8;945;1;1;1;1;2;689;AUTOROUTE A6;M;4872890;231430;910
2,02E+11;18;3;9;850;1;1;1;1;3;86;RN 104;M;4862280;238750;910
2,02E+11;18;3;9;1725;1;1;1;1;5;521;RN 104;M;4862406;239275;910
2,02E+11;18;3;9;1735;1;1;1;1;2;38;AUTOROUTE A6B;M;4878913;234502;940
2,02E+11;18;3;10;1141;1;1;1;8;6;235;RN 104;M;4862572;235658;910
2,02E+11;18;3;10;1600;1;1;1;1;2;34;AUTOROUTE A86;M;4875986;232061;940
2,02E+11;18;3;10;2330;5;1;1;3;3;3;AUTOROUTE A6A;M;4881428;233633;940
2,02E+11;18;3;11;1945;2;1;1;1;7;339;RN 104;M;4862608;226065;910
2,02E+11;18;3;12;925;1;1;1;1;7;161;AUTOROUTE A126;M;4870901;230590;910
2,02E+11;18;3;12;658;1;1;1;1;5;689;AUTOROUTE A6A;M;4874290;232217;910
2,02E+11;18;3;13;1340;1;1;1;1;3;661;RD 188 CHEVREUSE;M;4869800;223974;910
2,02E+11;18;3;14;935;1;1;1;1;4;34;AUTOROUTE A86;M;4876021;232127;940
2,02E+11;18;3;15;1530;1;1;1;1;2;76;AUTOROUTE A6B;M;4878497;234655;940
2,02E+11;18;3;15;2114;3;1;1;2;2;570;RN 104;M;4862222;228361;910
2,02E+11;18;3;16;725;1;1;1;1;2;161;AUTOROUTE A6;M;4870860;230722;910
2,02E+11;18;3;16;1100;1;1;1;1;4;16;AUTOROUTE A6A;M;4879830;234322;940
2,02E+11;18;3;16;1620;1;1;1;1;3;645;RN 385 ExtЉrieure;M;4875963;226305;910
2,02E+11;18;3;17;20;5;1;1;1;2;38;AUTOROUTE A6B;M;4877865;234610;940
2,02E+11;18;3;16;2350;5;1;1;1;7;21;AUTOROUTE A6B;M;4877114;234529;940
2,02E+11;18;3;17;1435;1;1;1;3;4;34;AUTOROUTE A86;M;4875743;232823;940
2,02E+11;18;3;18;1212;1;1;1;1;3;340;RN 104;M;4861025;244358;910
2,02E+11;18;3;19;730;1;1;1;8;3;477;AUTOROUTE A126;M;4871791;226130;910
2,02E+11;18;3;19;838;1;1;1;1;4;3;AUTOROUTE A6B;M;4880266;234351;940
2,02E+11;18;3;20;850;1;1;1;1;2;549;RN 104;M;4862438;237744;910
2,02E+11;18;3;21;1330;1;1;1;1;4;161;AUTOROUTE A126;M;4870750;230594;910
2,02E+11;18;3;22;850;1;1;1;1;3;64;RN 118;M;4874161;218560;910
2,02E+11;18;3;22;908;1;1;1;1;2;216;AUTOROUTE A6;M;4868536;232738;910
2,02E+11;18;3;22;1923;5;1;1;1;3;37;AUTOROUTE A6A;M;4881574;233650;940
2,02E+11;18;3;23;825;1;1;1;1;2;377;AUTOROUTE A10;M;4872130;229524;910
2,02E+11;18;3;23;1737;1;1;1;2;5;2;AUTOROUTE A86;M;4875561;229619;920
2,02E+11;18;3;24;2125;3;1;1;1;2;689;AUTOROUTE A6B;M;4874673;232633;910
2,02E+11;18;3;25;1820;1;1;1;1;4;37;AUTOROUTE A6B;M;4878382;234676;940
2,02E+11;18;3;27;2230;3;1;1;1;2;689;AUTOROUTE A6;M;4873361;231595;910
2,02E+11;18;3;28;1045;1;1;1;3;3;2;AUTOROUTE A86;M;4876122;229622;920
2,02E+11;18;3;28;1825;1;1;1;8;2;174;RN 104;M;4861675;245547;910
2,02E+11;18;3;30;20;3;1;1;2;7;477;AUTOROUTE A10;M;4871889;225610;910
2,02E+11;18;3;30;1125;1;1;1;2;2;64;RN 118;M;4876885;223001;910