Num_Acc;an;mois;jour;hrmn;lum;agg;int;atm;col;com;adr;gps;lat;long;dep
2,02E+11;18;3;30;1645;1;1;1;1;1;136;A10 PROVINCE / RD188 PRO;M;4869663;222633;910
2,02E+11;18;3;30;1815;1;1;1;1;3;553;RN 104;M;4863034;248685;910
2,02E+11;18;3;30;1900;1;1;1;1;2;19;RN 385 ExtЉrieure;M;4875976;226239;920
2,02E+11;18;3;30;2100;3;1;1;1;7;161;AUTOROUTE A6;M;4870210;230800;910
2,02E+11;18;4;2;700;1;1;1;1;3;161;AUTOROUTE A6;M;4870770;230640;910
2,02E+11;18;4;3;817;1;1;1;2;4;161;AUTOROUTE A6;M;4871302;230830;910
2,02E+11;18;4;3;1930;2;1;1;1;2;339;RN 104;M;4837237;217414;910
2,02E+11;18;4;4;715;1;1;1;2;3;2;AUTOROUTE A6;M;4873661;231719;920
2,02E+11;18;4;4;812;1;1;1;8;3;251;A5A  / RN104 INT;M;4863297;253833;770
2,02E+11;18;4;4;2045;3;1;1;1;5;689;AUTOROUTE A6;M;4873119;231516;910
2,02E+11;18;4;5;930;1;1;1;1;2;377;AUTOROUTE A10;M;4872716;230344;910
2,02E+11;18;4;5;1410;1;1;1;1;2;37;AUTOROUTE A6B;M;4877941;232636;940
2,02E+11;18;4;5;1930;1;1;1;1;4;2;AUTOROUTE A86;M;4876294;231191;920
2,02E+11;18;4;6;835;1;1;1;1;4;570;RN 104;M;4862519;232936;910
2,02E+11;18;4;6;840;1;1;1;1;2;534;RN 118;M;4872425;216719;910
2,02E+11;18;4;6;1615;1;1;1;1;2;689;AUTOROUTE A6;M;4874979;232801;910
2,02E+11;18;4;6;1650;1;1;1;1;5;34;AUTOROUTE A6A;M;4875061;232932;940
2,02E+11;18;4;7;620;3;1;1;1;3;216;AUTOROUTE A6;M;4869267;232165;910
2,02E+11;18;4;8;640;2;1;1;1;6;37;AUTOROUTE A6;M;4853022;250143;910
2,02E+11;18;4;6;2140;5;1;1;1;7;37;AUTOROUTE A6B;M;4881458;235564;940
2,02E+11;18;4;9;1230;1;1;1;2;5;34;AUTOROUTE A86;M;4875552;234286;940
2,02E+11;18;4;9;1652;1;1;1;2;4;37;AUTOROUTE A6B;M;4880969;234913;940
2,02E+11;18;4;9;1835;1;1;1;2;7;161;AUTOROUTE A126;M;4842860;218211;910
2,02E+11;18;4;10;2025;2;1;1;1;5;434;AUTOROUTE A6;M;4866897;235183;910
2,02E+11;18;4;11;900;1;1;1;1;3;182;RN 104;M;4861116;243258;910
2,02E+11;18;4;11;900;1;1;1;1;4;179;AUTOROUTE A6;M;4857083;246925;910
2,02E+11;18;4;11;945;1;1;1;1;4;76;AUTOROUTE A6A;M;4879336;234500;940
2,02E+11;18;4;12;1005;1;1;1;1;4;570;RN 104;M;4862505;231072;910
2,02E+11;18;4;12;1715;1;1;1;2;2;687;AUTOROUTE A6;M;4866180;236970;910
2,02E+11;18;4;12;1805;1;1;1;2;3;161;AUTOROUTE A6;M;4871320;230800;910
2,02E+11;18;4;12;2000;2;1;1;2;7;340;RN 104;M;4861040;243120;910
2,02E+11;18;4;12;1715;1;1;1;2;2;471;RN 118;M;4870572;215213;910
2,02E+11;18;4;13;1620;1;1;1;1;4;2;AUTOROUTE A86;M;;;920
2,02E+11;18;4;13;1708;1;1;1;1;3;687;AUTOROUTE A6;M;4865903;237434;910
2,02E+11;18;4;13;1820;1;1;1;1;2;549;RN 104;M;4862530;232465;910
2,02E+11;18;4;15;600;3;1;1;1;1;136;AUTOROUTE A126;M;4871210;228908;910
2,02E+11;18;4;15;730;1;1;1;1;6;617;A5A/N6;M;4863326;253566;910
2,02E+11;18;4;15;1820;1;1;1;1;4;2;AUTOROUTE A10;M;4843487;18280;920
2,02E+11;18;4;16;1910;1;1;1;1;4;34;AUTOROUTE A86;M;4845409;217481;940
2,02E+11;18;4;17;1220;1;1;1;1;2;38;AUTOROUTE A6A;M;4877316;234594;940
2,02E+11;18;4;17;1850;1;1;6;1;3;549;RN 104;M;4862580;234200;910
2,02E+11;18;4;20;236;5;1;1;1;2;38;AUTOROUTE A6A;M;4878397;234608;940
2,02E+11;18;4;20;920;1;1;1;1;2;2;AUTOROUTE A86;M;4845360;219140;920
2,02E+11;18;4;20;1720;1;1;1;1;4;21;AUTOROUTE A6A;M;4845423;222586;940
2,02E+11;18;4;21;120;5;1;1;1;6;38;AUTOROUTE A6B;M;4877890;234632;940
2,02E+11;18;4;21;2220;3;1;1;1;2;689;AUTOROUTE A6;M;4874364;232277;910
2,02E+11;18;4;22;1213;1;1;1;1;4;34;AUTOROUTE A86;M;4875986;232116;940
2,02E+11;18;4;22;1729;1;1;1;1;2;2;AUTOROUTE A10;M;;;920
2,02E+11;18;4;22;2340;3;1;1;2;7;521;RN 104;M;4863202;240091;910
2,02E+11;18;4;23;830;1;1;1;1;7;34;AUTOROUTE A6B;M;4875433;233294;940
2,02E+11;18;4;25;820;1;1;1;1;3;136;AUTOROUTE A10;M;4871285;228482;910
2,02E+11;18;4;25;1310;1;1;1;1;6;659;AUTOROUTE A6;M;4858581;245270;910
2,02E+11;18;4;26;1755;1;1;1;1;4;64;RN 118;M;4874302;218850;910
2,02E+11;18;4;26;1905;1;1;1;1;3;2;AUTOROUTE A86;M;4876136;229752;920
2,02E+11;18;4;26;1854;1;1;1;1;5;38;AUTOROUTE A6B;M;4846239;2204;940
2,02E+11;18;4;27;1955;1;1;1;1;4;136;AUTOROUTE A126;M;4871352;227838;910
2,02E+11;18;4;28;1830;1;1;1;1;2;2;AUTOROUTE A10;M;4872988;230755;920
2,02E+11;18;4;29;630;2;1;1;2;7;21;AUTOROUTE A6B;M;4845274;220061;940
2,02E+11;18;4;29;1445;1;1;1;2;3;521;RN 440;M;4363392;240617;910
2,02E+11;18;4;29;1400;1;1;1;8;2;235;RN 104;M;4862630;235220;910
2,02E+11;18;4;29;1645;1;1;1;8;2;689;AUTOROUTE A6;M;4873815;231494;910
2,02E+11;18;4;29;1740;1;1;1;8;4;692;AUTOROUTE A10;M;4867047;219530;910
2,02E+11;18;4;30;752;1;1;1;1;7;477;AUTOROUTE A10;M;4871875;225638;910
2,02E+11;18;4;30;1520;1;1;1;2;4;37;AUTOROUTE A6B;M;4880160;234020;940
2,02E+11;18;3;30;2000;1;1;1;2;6;86;RN 104;M;4838000;224030;910
2,02E+11;18;4;29;2220;3;1;1;2;6;521;RN 104;M;4862714;240016;910
2,02E+11;18;5;2;920;1;1;1;1;5;468;AUTOROUTE A6;M;4857510;246580;910
2,02E+11;18;5;2;1120;1;1;1;1;2;687;A6 / RD445;M;4866155;237056;910
2,02E+11;18;5;2;1340;1;1;1;1;2;432;AUTOROUTE A6;M;4869311;232002;910
2,02E+11;18;5;2;1705;1;1;1;1;2;34;AUTOROUTE A86;M;4875650;233197;940
2,02E+11;18;5;2;1716;1;1;1;1;3;363;RN 104;M;4866533;218972;910
2,02E+11;18;5;2;1730;1;1;1;1;3;689;AUTOROUTE A6;M;4872991;231430;910
2,02E+11;18;5;3;1745;1;1;1;1;3;174;RN 104;M;4861025;244419;910
2,02E+11;18;5;3;1800;1;1;1;1;7;339;RN 104;M;4862475;226005;910
2,02E+11;18;5;3;1855;1;1;1;1;2;38;AUTOROUTE A6B;M;4877488;234563;940
2,02E+11;18;5;3;1004;1;1;1;1;3;2;AUTOROUTE A86;M;4876188;229908;920
2,02E+11;18;5;4;1140;1;1;1;1;6;477;AUTOROUTE A10;M;4842434;217207;910
2,02E+11;18;5;4;1800;1;1;1;1;7;174;AUTOROUTE A6;M;4866127;234138;910
2,02E+11;18;5;4;1745;1;1;1;1;5;2;AUTOROUTE A86;M;;;920
2,02E+11;18;5;4;1945;1;1;1;1;2;617;RN 104;M;4863172;249575;910
2,02E+11;18;5;5;1230;1;1;1;1;2;589;AUTOROUTE A6;M;4868011;233233;910
2,02E+11;18;5;6;135;3;1;1;1;7;251;AUTOROUTE A5A;M;4862968;253663;770
2,02E+11;18;5;6;705;1;1;1;1;2;471;RN 118;M;4870661;219140;910
2,02E+11;18;4;30;715;1;1;1;1;2;432;AUTOROUTE A6;M;4869236;232123;910
2,02E+11;18;5;7;1415;1;1;1;1;3;86;RN 104;M;4862369;238741;910
2,02E+11;18;5;7;1720;1;1;1;1;7;377;AUTOROUTE A10;M;4871433;228891;910
2,02E+11;18;5;8;515;3;1;1;1;2;687;AUTOROUTE A6;M;4866378;236598;910
2,02E+11;18;5;8;1245;1;1;1;1;2;37;AUTOROUTE A6B;M;4880944;234912;940
2,02E+11;18;5;9;910;1;1;1;1;3;549;RN 104;M;4862628;234275;910
2,02E+11;18;5;9;1455;1;1;1;1;6;2;AUTOROUTE A86;M;;;920
2,02E+11;18;5;10;1226;1;1;1;1;3;65;AUTOROUTE A86;M;4845182;2204;940
2,02E+11;18;5;10;2039;2;1;1;1;7;340;AUTOROUTE A6;M;4860241;243819;910
2,02E+11;18;5;11;1915;1;1;1;1;5;2;AUTOROUTE A86;M;4876138;229777;920
2,02E+11;18;5;13;1725;1;1;1;1;2;34;AUTOROUTE A86;M;4875927;232308;940
2,02E+11;18;5;14;915;1;1;1;1;3;2;AUTOROUTE A86;M;4876019;225599;920
2,02E+11;18;5;14;1350;1;1;1;2;6;477;AUTOROUTE A10;M;4871880;225677;910
2,02E+11;18;5;14;1435;1;1;1;2;4;377;AUTOROUTE A10;M;4872388;229905;910
2,02E+11;18;5;14;1610;1;1;1;8;4;471;RN 118;M;4870809;218989;910
2,02E+11;18;5;14;1805;1;1;1;8;4;363;RN 104;M;4866447;218923;910
2,02E+11;18;5;14;1944;1;1;1;8;1;161;CARREFOUR RN20 / CD120;M;4873026;230049;910
2,02E+11;18;5;15;1126;1;1;1;1;3;161;AUTOROUTE A6;M;4870680;230619;910
2,02E+11;18;5;15;1330;1;1;1;1;4;37;AUTOROUTE A6B;M;4881156;235143;940
2,02E+11;18;5;16;1750;1;1;1;1;2;617;RN6 PROVINCE / RN104 INT;M;4863913;253505;910
2,02E+11;18;5;16;1840;1;1;1;1;3;645;RN 385 Extиrieure;M;4875988;225948;910
2,02E+11;18;5;17;900;1;1;1;8;6;689;AUTOROUTE A6B;M;4874631;232449;910
2,02E+11;18;5;17;910;1;1;1;1;6;689;AUTOROUTE A6B;M;4874196;232019;910
2,02E+11;18;5;17;1420;1;1;1;1;2;43;AUTOROUTE A6B;M;4880350;234440;940
2,02E+11;18;5;17;1800;1;1;1;1;4;38;AUTOROUTE A6B;M;4877610;234560;940
2,02E+11;18;5;17;2015;1;1;1;1;3;19;RN 385 ExtЉrieure;M;4876861;224388;920
2,02E+11;18;5;18;815;1;1;1;1;2;179;AUTOROUTE A6;M;4854955;249504;910
2,02E+11;18;5;18;930;1;1;1;1;7;161;AUTOROUTE A6;M;4870711;230642;910
2,02E+11;18;5;18;1945;1;1;1;1;3;21;AUTOROUTE A6A;M;4877080;234550;940
2,02E+11;18;5;19;1350;1;1;1;1;2;377;AUTOROUTE A10;M;4843489;218273;910
2,02E+11;18;5;19;1342;1;1;1;1;3;617;AUTOROUTE A5A;M;4863428;253542;910
2,02E+11;18;5;21;707;1;1;1;1;6;37;AUTOROUTE A6B;M;4881444;233645;940
2,02E+11;18;5;21;1956;1;1;1;1;7;534;RN 118;M;4873300;216813;910
2,02E+11;18;5;22;822;1;1;1;1;3;689;AUTOROUTE A6B;M;4874902;232830;910
2,02E+11;18;5;22;907;1;1;1;1;3;312;RD 444;M;4874686;221953;910
2,02E+11;18;5;22;1910;1;1;1;3;2;64;RN 118;M;4877074;222929;910
2,02E+11;18;5;23;810;1;1;1;1;2;617;RN 104;M;4863517;253521;910
2,02E+11;18;5;23;1740;1;1;1;1;2;589;AUTOROUTE A6;M;4867850;233520;910
2,02E+11;18;5;23;812;1;1;1;1;3;64;RN 118;M;4874967;220708;910
2,02E+11;18;5;24;1730;1;1;1;1;3;617;RN 104;M;4863180;249600;910
2,02E+11;18;5;24;1850;1;1;1;1;3;76;AUTOROUTE A6A;M;4879090;234458;940
2,02E+11;18;5;24;1625;1;1;1;1;2;76;AUTOROUTE A6B;M;4879272;234494;940
2,02E+11;18;5;24;1815;1;1;1;1;5;3;AUTOROUTE A6A;M;4881030;233800;940
2,02E+11;18;5;25;745;1;1;1;1;3;216;AUTOROUTE A6;M;4868340;232920;910
2,02E+11;18;5;25;630;1;1;1;1;6;182;RN 104;M;4862390;242020;910
2,02E+11;18;5;25;1200;1;1;1;7;4;589;AUTOROUTE A6;M;4867880;233550;910
2,02E+11;18;5;25;1400;1;1;1;1;3;37;AUTOROUTE A6;M;4853492;250029;910
2,02E+11;18;5;25;1825;1;1;1;1;2;689;AUTOROUTE A6;M;4872910;231414;910
2,02E+11;18;5;26;710;1;1;1;1;6;182;AUTOROUTE A6;M;4862580;241720;910
2,02E+11;18;5;26;1230;1;1;1;1;5;689;AUTOROUTE A6B;M;4874070;232080;910
2,02E+11;18;5;26;1235;1;1;1;1;4;363;RN 104;M;4864310;219780;910
2,02E+11;18;5;26;1430;1;1;1;1;2;21;AUTOROUTE A6A;M;4876088;233929;940
2,02E+11;18;5;27;1740;1;1;1;1;3;21;AUTOROUTE A6A;M;4876177;234013;940
2,02E+11;18;5;28;630;1;1;1;1;4;37;AUTOROUTE A6B;M;4881452;235577;940
2,02E+11;18;5;28;915;1;1;1;1;3;659;AUTOROUTE A6;M;4858962;244730;910
2,02E+11;18;5;28;1520;1;1;1;1;2;251;AUTOROUTE A5A;M;4862118;254765;770
2,02E+11;18;5;28;2050;2;1;1;2;6;136;RD 188 PARIS / A 10 PARI;M;4871812;226864;910
2,02E+11;18;5;28;2140;5;2;1;2;2;377;RN20;M;4871869;229901;910
2,02E+11;18;5;29;630;1;1;1;8;7;689;AUTOROUTE A6;M;4874304;232225;910
2,02E+11;18;5;29;1647;1;1;1;1;2;347;RN 104;M;4862217;228485;910
2,02E+11;18;5;29;1800;1;1;1;1;3;2;AUTOROUTE A86;M;4875988;227664;920
2,02E+11;18;5;30;2350;3;1;1;1;7;3;AUTOROUTE A6A;M;4880974;233897;940
2,02E+11;18;5;31;1902;1;1;1;1;2;76;AUTOROUTE A6B;M;4879562;234431;940
2,02E+11;18;6;1;1651;1;1;1;1;4;589;AUTOROUTE A6;M;4867431;234196;910
2,02E+11;18;6;1;2037;1;1;1;8;4;296;AUTOROUTE A5A;M;4860586;258586;770
2,02E+11;18;6;2;5;3;1;1;1;7;687;AUTOROUTE A6;M;4866107;237091;910
2,02E+11;18;6;2;1313;1;1;1;1;5;477;AUTOROUTE A126;M;4871886;225877;910
2,02E+11;18;6;2;1610;1;1;1;1;2;34;AUTOROUTE A86;M;4875866;232554;940
2,02E+11;18;6;2;1600;1;1;1;1;4;34;AUTOROUTE A86;M;4876165;231573;940
2,02E+11;18;6;2;1930;1;1;1;1;4;549;RN 104;M;4862579;233878;910
2,02E+11;18;6;3;850;1;1;1;1;3;689;AUTOROUTE A6B;M;4874496;232472;910
2,02E+11;18;6;3;1801;1;1;1;1;7;363;RN 104;M;4863415;222044;910
2,02E+11;18;6;4;845;1;1;1;1;4;432;AUTOROUTE A6;M;4869274;232090;910
2,02E+11;18;6;4;1205;1;1;1;1;5;689;AUTOROUTE A6B;M;4873808;231925;910
2,02E+11;18;6;4;1700;1;1;1;2;4;347;RN 104;M;4862520;230510;910
2,02E+11;18;6;4;1900;1;1;1;1;2;21;AUTOROUTE A106;M;4876388;234435;940
2,02E+11;18;6;5;720;1;1;1;2;3;377;AUTOROUTE A10;M;4878793;230435;910
2,02E+11;18;6;5;910;1;1;1;2;3;689;AUTOROUTE A6B;M;4874633;232586;910
2,02E+11;18;6;5;1420;1;1;1;8;6;689;AUTOROUTE A6;M;4873899;231839;910
2,02E+11;18;6;6;730;1;1;1;1;4;161;AUTOROUTE A6;M;4871420;231870;910
2,02E+11;18;6;6;1825;1;1;1;2;5;432;AUTOROUTE A6;M;4869226;232138;910
2,02E+11;18;6;6;2018;1;1;1;2;4;377;RD 188;M;4872758;228918;910
2,02E+11;18;6;7;730;1;1;1;1;2;689;AUTOROUTE A6;M;4874469;232345;910
2,02E+11;18;6;7;1512;1;1;1;1;4;2;AUTOROUTE A6;M;4873467;231632;920
2,02E+11;18;6;7;1635;1;1;1;1;3;363;RN 104;M;4866727;219114;910
2,02E+11;18;6;7;1809;1;1;1;1;4;432;AUTOROUTE A6;M;4869122;232236;910
2,02E+11;18;6;8;1910;1;1;1;1;6;363;RN 104;M;4865170;218282;910
2,02E+11;18;6;8;1847;1;1;1;1;2;174;RN 104;M;4861946;245923;910
2,02E+11;18;6;9;1805;1;1;1;1;3;182;RN 104;M;4861761;242743;910
2,02E+11;18;6;9;1940;1;1;1;1;4;434;AUTOROUTE A6;M;4866766;235721;910
2,02E+11;18;6;9;2005;1;1;1;1;2;589;AUTOROUTE A6;M;4867880;233466;910
2,02E+11;18;6;10;1655;1;1;1;1;5;553;RN 104;M;4862700;247597;910
2,02E+11;18;6;11;915;1;1;1;1;3;34;AUTOROUTE A86;M;4875633;233496;940
2,02E+11;18;6;11;1630;1;1;1;2;2;216;AUTOROUTE A6;M;4868460;233070;910
2,02E+11;18;6;11;1800;1;1;1;2;3;2;AUTOROUTE A10;M;4873192;231041;920
2,02E+11;18;6;12;1717;1;1;1;1;2;76;AUTOROUTE A6B;M;4879098;234450;940
2,02E+11;18;6;12;2038;1;1;1;1;1;312;RD 444;M;4873083;224110;910
2,02E+11;18;6;13;635;1;1;1;1;7;34;AUTOROUTE A86;M;4875936;232374;940
2,02E+11;18;6;13;815;1;1;1;1;2;21;AUTOROUTE A106;M;4876172;234502;940
2,02E+11;18;6;14;1011;1;1;1;1;4;37;AUTOROUTE A6B;M;4881327;235433;940
2,02E+11;18;6;14;1710;1;1;1;1;3;38;AUTOROUTE A6B;M;4878935;234498;940
2,02E+11;18;6;14;1954;1;1;1;1;7;34;AUTOROUTE A86;M;4875905;232386;940
2,02E+11;18;6;15;1700;1;1;1;1;5;645;RN 385 Extйrieure;M;4875969;226476;910
2,02E+11;18;6;15;1920;1;1;1;1;4;136;AUTOROUTE A126;M;4871194;229003;910
2,02E+11;18;6;15;1930;1;1;1;1;3;2;AUTOROUTE A86;M;;;920
2,02E+11;18;6;15;2030;1;1;1;1;2;432;AUTOROUTE A6;M;4869087;232271;910
2,02E+11;18;6;16;2315;3;1;1;1;6;37;AUTOROUTE A6;M;4853300;250000;910
2,02E+11;18;6;17;1710;1;1;1;1;2;689;AUTOROUTE A6B;M;4873784;231881;910
2,02E+11;18;6;18;1445;1;1;1;1;4;345;AUTOROUTE A6;M;4868982;232354;910
2,02E+11;18;6;18;1545;1;1;1;1;4;689;AUTOROUTE A6;M;4872898;231445;910
2,02E+11;18;6;18;1756;1;1;1;1;4;34;AUTOROUTE A86;M;4875976;232184;940
2,02E+11;18;6;18;1950;1;1;1;1;2;174;RN 104;M;4861006;244522;910
2,02E+11;18;6;19;1655;1;1;1;1;3;689;AUTOROUTE A6;M;4872897;231415;910
2,02E+11;18;6;19;1640;1;1;1;1;2;692;RN 118;M;4867615;219345;910
2,02E+11;18;6;20;800;1;1;1;1;5;377;AUTOROUTE A10;M;4872611;230197;910
2,02E+11;18;6;21;821;1;1;1;1;5;216;AUTOROUTE A6;M;4868443;232829;910
2,02E+11;18;6;21;1810;1;1;1;1;4;617;RN 104;M;4864189;253354;910
2,02E+11;18;6;22;1110;1;1;9;1;3;251;AUTOROUTE A5A;M;4862859;253713;770
2,02E+11;18;6;22;1700;1;1;1;1;3;689;AUTOROUTE A6;M;4873131;231487;910
2,02E+11;18;6;22;1845;1;1;1;1;3;38;AUTOROUTE A6A;M;4878090;234680;940
2,02E+11;18;6;23;540;2;1;1;1;2;661;AUTOROUTE A10;M;4869939;224446;910
2,02E+11;18;6;23;1340;1;1;1;1;4;432;AUTOROUTE A6;M;4869392;231975;910
2,02E+11;18;6;23;1520;1;1;1;1;2;38;AUTOROUTE A6A;M;4877886;234669;940
2,02E+11;18;6;24;1850;1;1;1;1;7;617;RN 104;M;4863850;253560;910
2,02E+11;18;6;25;900;1;1;1;1;3;38;AUTOROUTE A6B;M;4878919;234500;940
2,02E+11;18;6;25;900;1;1;1;1;5;34;AUTOROUTE A6B;M;4875990;233850;940
2,02E+11;18;6;25;1526;1;1;1;1;2;86;RN 104;M;4862390;237507;910
2,02E+11;18;6;25;2000;1;1;1;1;6;38;AUTOROUTE A6A;M;4878374;234678;940
2,02E+11;18;6;26;1520;1;1;1;1;4;182;AUTOROUTE A6;M;4862744;241368;910
2,02E+11;18;6;26;1635;1;1;1;1;2;34;AUTOROUTE A6B;M;4875357;233135;940
2,02E+11;18;6;27;853;1;1;1;1;2;661;AUTOROUTE A10;M;4868822;221788;910
2,02E+11;18;6;27;1540;1;1;1;1;4;86;RN 104;M;4862401;237404;910
2,02E+11;18;6;27;1815;1;1;1;1;2;689;AUTOROUTE A6;M;4874293;232215;910
2,02E+11;18;6;27;1900;1;1;1;1;5;34;AUTOROUTE A86;M;4875580;293540;940
2,02E+11;18;6;27;2104;2;1;1;1;3;377;RD 444;M;4873152;223816;910
2,02E+11;18;6;28;1515;1;1;1;1;4;161;AUTOROUTE A6;M;4871060;230470;910
2,02E+11;18;6;28;1810;1;1;1;1;2;34;AUTOROUTE A86;M;4875652;233624;940
2,02E+11;18;6;29;125;3;1;1;1;1;179;RN 337;M;4855506;250142;910
2,02E+11;18;6;29;1645;1;1;1;1;2;86;RN 104;M;4862402;237475;910
2,02E+11;18;6;29;2100;1;1;1;1;4;34;AUTOROUTE A86;M;4875970;232187;940
2,02E+11;18;6;30;940;1;1;1;1;2;521;AUTOROUTE A6;M;4863488;240210;910
2,02E+11;18;6;30;1630;1;1;1;1;2;687;AUTOROUTE A6;M;4866575;236250;910
2,02E+11;18;7;1;1050;1;1;1;1;4;687;AUTOROUTE A6;M;4866670;235393;910
2,02E+11;18;7;1;1741;1;1;1;1;4;468;AUTOROUTE A6;M;4866054;237200;910
2,02E+11;18;7;1;1810;1;1;1;1;2;570;RN 104;M;4864015;229862;910
2,02E+11;18;7;1;1813;1;1;1;1;3;432;AUTOROUTE A6;M;4869122;232229;910
2,02E+11;18;7;1;2047;1;1;1;1;2;521;RN 104;M;4863260;240200;910
2,02E+11;18;7;2;120;3;1;1;1;6;521;RN 104;M;4863250;240072;910
2,02E+11;18;7;2;815;1;1;1;1;5;589;AUTOROUTE A6;M;4867987;233288;910
2,02E+11;18;7;2;1650;1;1;1;1;5;161;AUTOROUTE A6;M;4870814;230630;910
2,02E+11;18;7;2;1748;1;1;1;1;2;161;AUTOROUTE A6;M;4870134;230887;910
2,02E+11;18;7;2;1913;1;1;1;1;3;659;AUTOROUTE A6;M;4859320;244380;910
2,02E+11;18;7;2;2310;3;1;1;1;4;553;RN 104;M;4861647;247540;910
2,02E+11;18;7;3;839;1;1;1;1;2;38;AUTOROUTE A6A;M;4874721;234656;940
2,02E+11;18;7;3;1829;1;1;1;1;2;534;RN 118;M;4873620;217410;910
2,02E+11;18;7;3;1845;1;1;1;1;3;161;CARREFOUR RN20 / CD120;M;4871559;229790;910
2,02E+11;18;7;4;610;1;1;1;1;2;689;AUTOROUTE A6;M;4872901;234139;910
2,02E+11;18;7;4;743;1;1;1;1;4;76;AUTOROUTE A6B;M;4879098;234464;940
2,02E+11;18;7;4;1055;1;1;1;1;5;553;RN 104;M;4862675;247572;910
2,02E+11;18;7;4;1500;1;1;1;1;6;617;RN 104;M;4864200;253552;910
2,02E+11;18;7;4;1610;1;1;1;1;2;34;AUTOROUTE A86;M;4876010;232080;940
2,02E+11;18;7;4;1810;1;1;1;1;3;340;RN 104;M;4860880;243580;910
2,02E+11;18;7;5;830;1;1;1;1;6;235;RN 104;M;4862608;235369;910
2,02E+11;18;7;5;1400;1;1;1;1;4;434;AUTOROUTE A6;M;4867242;234462;910
2,02E+11;18;7;5;1735;1;1;1;2;3;521;RN 449;M;4863548;240160;910
2,02E+11;18;7;5;1730;1;1;1;1;2;589;AUTOROUTE A6;M;4867606;233981;910
2,02E+11;18;7;5;1945;1;1;1;1;3;19;RN 385 Extйrieure;M;4875993;225860;920
2,02E+11;18;7;6;730;1;1;1;1;4;3;AUTOROUTE A6A;M;4880971;233930;940
2,02E+11;18;7;6;820;1;1;1;1;3;589;AUTOROUTE A6;M;4867710;233830;910
2,02E+11;18;7;6;1650;1;1;1;1;7;659;AUTOROUTE A6;M;4859113;244540;910
2,02E+11;18;7;7;415;3;1;1;1;4;689;AUTOROUTE A6;M;4872400;231310;910
2,02E+11;18;7;7;1030;1;1;1;1;3;521;RN 104;M;4863250;240070;910
2,02E+11;18;7;7;1525;1;1;1;1;4;38;AUTOROUTE A6B;M;4877447;234605;940
2,02E+11;18;7;7;1435;1;1;1;1;2;689;AUTOROUTE A6B;M;4875008;232819;910
2,02E+11;18;7;7;1612;1;1;1;1;1;661;RD 188 CHEVREUSE;M;4869646;222607;910
2,02E+11;18;7;8;1350;1;1;1;1;2;589;AUTOROUTE A6;M;4867123;234657;910
2,02E+11;18;7;8;1645;1;1;1;1;4;34;AUTOROUTE A86;M;4875959;232246;940
2,02E+11;18;7;7;120;3;1;1;1;6;495;AUTOROUTE A5;M;4859018;263661;770
2,02E+11;18;7;9;1616;1;1;1;1;5;235;RN 104;M;4862424;236909;910
2,02E+11;18;7;9;1720;1;1;1;1;5;38;AUTOROUTE A6A;M;4877962;234674;940
2,02E+11;18;7;10;1410;1;1;1;1;3;661;RD 188 CHEVREUSE;M;4869680;221110;910
2,02E+11;18;7;10;1930;1;1;1;1;3;38;AUTOROUTE A6A;M;4878450;234660;940
2,02E+11;18;7;10;2359;5;1;1;1;7;37;AUTOROUTE A6A;M;4880973;233897;940
2,02E+11;18;7;11;1515;1;1;1;1;6;21;AUTOROUTE A6B;M;4877199;234530;940
2,02E+11;18;7;12;1726;1;1;1;1;7;65;AUTOROUTE A106;M;4874127;236458;940
2,02E+11;18;7;13;830;1;1;1;1;3;589;AUTOROUTE A6;M;4867820;233600;910
2,02E+11;18;7;13;1430;1;1;1;1;7;3;AUTOROUTE A6B;M;4879869;234384;940
2,02E+11;18;7;13;1838;1;1;1;1;3;86;RN 104;M;4862380;237738;910
2,02E+11;18;7;14;1445;1;1;1;1;4;689;AUTOROUTE A6;M;4872661;231347;910
2,02E+11;18;7;14;1528;1;1;1;1;3;689;AUTOROUTE A6B;M;4874795;232727;910
2,02E+11;18;7;15;540;2;1;1;2;3;3;AUTOROUTE A6A;M;4879937;234230;940
2,02E+11;18;7;15;616;2;1;1;1;7;64;RN 118;M;4875038;222173;910
2,02E+11;18;7;15;1655;1;1;1;1;3;468;AUTOROUTE A6;M;4857294;246791;910
2,02E+11;18;7;16;750;1;1;1;1;5;2;AUTOROUTE A10;M;4872991;230758;920
2,02E+11;18;7;16;940;1;1;1;1;4;161;AUTOROUTE A126;M;4871179;229193;910
2,02E+11;18;7;16;1520;1;1;1;1;7;34;AUTOROUTE A86;M;4878590;234460;940
2,02E+11;18;7;17;906;1;1;1;1;5;38;AUTOROUTE A6B;M;4878742;234570;940
2,02E+11;18;7;17;945;1;1;1;1;6;553;RN 104;M;4869157;249079;910
2,02E+11;18;7;17;1550;1;1;1;1;5;161;AUTOROUTE A6;M;4869880;231320;910
2,02E+11;18;7;18;1000;1;1;1;1;3;3;AUTOROUTE A6B;M;4880110;234340;940
2,02E+11;18;7;18;1705;1;1;1;1;3;2;RN 385 INT;M;4876123;225094;920
2,02E+11;18;7;19;900;1;1;1;1;2;553;RN 104;M;4862880;248090;910
2,02E+11;18;7;21;1140;1;1;1;1;4;689;AUTOROUTE A6B;M;4874958;232872;910
2,02E+11;18;7;21;1750;1;1;1;1;3;76;AUTOROUTE A6B;M;4879531;234528;940
2,02E+11;18;7;21;1850;1;1;1;1;7;34;AUTOROUTE A6A;M;4875699;233480;940
2,02E+11;18;7;22;750;1;1;1;1;6;553;RN 104;M;4862842;247993;910
2,02E+11;18;7;22;2200;3;1;1;1;4;617;RN 104;M;4863567;253515;910
2,02E+11;18;7;24;840;1;1;1;1;2;286;AUTOROUTE A6;M;4864850;238600;910
2,02E+11;18;7;24;840;1;1;1;1;2;286;AUTOROUTE A6;M;4864850;238600;910
2,02E+11;18;7;25;640;1;1;1;1;6;21;AUTOROUTE A6B;M;4877124;234471;940
2,02E+11;18;7;25;1900;1;1;1;1;5;689;AUTOROUTE A6B;M;4874201;232185;910