Num_Acc;an;mois;jour;hrmn;lum;agg;int;atm;col;com;adr;gps;lat;long;dep
2,02E+11;18;11;28;815;1;1;1;1;3;377;AUTOROUTE A10;M;4871950;229350;910
2,02E+11;18;11;28;945;1;1;1;2;6;235;RN 104;M;4862430;236740;910
2,02E+11;18;11;28;1105;1;1;1;2;3;174;RN 104;M;4861941;245923;910
2,02E+11;18;11;28;1750;3;1;1;2;4;521;RN 104;M;4862601;239797;910
2,02E+11;18;11;28;1910;3;1;1;1;3;21;AUTOROUTE A6A;M;4876879;234472;940
2,02E+11;18;11;28;2030;4;1;1;1;2;38;AUTOROUTE A6B;M;4877948;234689;940
2,02E+11;18;11;28;1940;3;1;1;2;2;38;AUTOROUTE A6A;M;4878042;234668;940
2,02E+11;18;11;29;815;1;1;1;1;2;136;AUTOROUTE A10;M;4871648;226487;910
2,02E+11;18;11;29;1925;3;1;1;1;3;174;RN 104;M;4861224;244906;910
2,02E+11;18;11;30;829;2;1;1;1;4;345;AUTOROUTE A6;M;4868832;232483;910
2,02E+11;18;11;30;758;2;1;9;1;5;251;RN104 INT;M;4863214;252771;770
2,02E+11;18;11;30;1020;1;1;1;1;3;477;AUTOROUTE A126;M;4872290;224830;910
2,02E+11;18;11;30;935;1;1;1;1;3;471;RN 118;M;4869806;219227;910
2,02E+11;18;11;30;1717;3;1;1;1;2;2;AUTOROUTE A6;M;4873706;231724;920
2,02E+11;18;11;30;1745;2;1;1;1;2;64;RN 118;M;4874918;221170;910
2,02E+11;18;12;1;1345;1;1;1;2;6;136;AUTOROUTE A10;M;4871080;228840;910
2,02E+11;18;12;1;1755;3;1;9;2;2;251;AUTOROUTE A5A;M;4862761;253817;770
2,02E+11;18;12;1;2250;3;1;1;2;6;161;AUTOROUTE A6;M;4869300;232000;910
2,02E+11;18;12;2;335;5;1;1;2;6;34;AUTOROUTE A86;M;4875888;233665;940
2,02E+11;18;12;3;813;1;1;1;1;7;174;RN 104;M;4862504;247115;910
2,02E+11;18;12;3;1510;1;1;1;8;1;477;AUTOROUTE A126;M;4872578;223682;910
2,02E+11;18;12;4;800;1;1;1;2;7;377;AUTOROUTE A10;M;4871913;223373;910
2,02E+11;18;12;5;1705;2;1;1;1;4;339;RN 104;M;4862555;226238;910
2,02E+11;18;12;6;540;3;1;1;2;2;689;AUTOROUTE A6B;M;4874057;232073;910
2,02E+11;18;12;6;1530;1;1;1;1;6;64;RN 118;M;4875000;220656;910
2,02E+11;18;12;6;1730;3;1;1;1;2;589;AUTOROUTE A6;M;4867525;234158;910
2,02E+11;18;12;7;859;1;1;1;2;5;161;AUTOROUTE A6;M;4870085;230987;910
2,02E+11;18;12;7;1600;1;1;1;1;2;689;AUTOROUTE A6;M;4872250;231170;910
2,02E+11;18;12;8;140;5;1;1;1;2;161;AUTOROUTE A6;M;4870216;230776;910
2,02E+11;18;12;8;1950;3;1;1;2;4;689;AUTOROUTE A6;M;4873314;231583;910
2,02E+11;18;12;9;1629;1;1;1;1;2;37;AUTOROUTE A6B;M;4881528;235630;940
2,02E+11;18;12;10;900;1;1;1;1;7;645;RN 385 ExtЉrieure;M;4845160;216700;910
2,02E+11;18;12;10;1050;1;1;1;2;7;216;AUTOROUTE A6;M;4868360;232880;910
2,02E+11;18;12;10;1800;3;1;1;1;2;286;AUTOROUTE A6;M;4864668;238748;910
2,02E+11;18;12;10;2010;5;1;1;1;2;64;RN 118;M;4874917;221341;910
2,02E+11;18;12;11;922;1;1;1;1;2;589;AUTOROUTE A6;M;4867880;233489;910
2,02E+11;18;12;11;1803;3;1;1;1;3;174;RN 104;M;4861967;245951;910
2,02E+11;18;12;11;2010;3;1;1;1;7;617;RN 104;M;4863989;253505;910
2,02E+11;18;12;12;1730;5;1;1;1;4;34;AUTOROUTE A86;M;4875972;232174;940
2,02E+11;18;12;12;1805;3;1;1;1;2;340;AUTOROUTE A6;M;4860370;243733;910
2,02E+11;18;12;13;900;1;1;1;1;5;589;AUTOROUTE A6;M;4867130;234650;910
2,02E+11;18;12;13;1020;1;1;1;1;6;495;AUTOROUTE A5a;M;4859380;262509;770
2,02E+11;18;12;13;1850;3;1;1;1;6;477;AUTOROUTE A126;M;4871694;226397;910
2,02E+11;18;12;13;2150;3;1;1;1;4;553;RN 104;M;4862449;246985;910
2,02E+11;18;12;14;1720;3;1;1;1;2;689;AUTOROUTE A6;M;4872860;231400;910
2,02E+11;18;12;14;1950;3;1;1;1;4;689;AUTOROUTE A6;M;4872630;231350;910
2,02E+11;18;12;15;2005;5;1;1;2;2;37;AUTOROUTE A6B;M;4881016;234964;940
2,02E+11;18;12;15;2015;5;1;1;3;4;3;AUTOROUTE A6A;M;4880468;234186;940
2,02E+11;18;12;15;2300;4;1;1;3;7;3;AUTOROUTE A6A;M;4880951;233924;940
2,02E+11;18;12;17;819;1;1;1;1;3;345;AUTOROUTE A6;M;4869899;231386;910
2,02E+11;18;12;17;647;3;1;1;1;4;174;RN 104;M;4862098;246157;910
2,02E+11;18;12;17;910;1;1;1;1;3;534;RN 118;M;4872268;216819;910
2,02E+11;18;12;17;1813;3;1;1;1;3;689;AUTOROUTE A6;M;4874319;232240;910
2,02E+11;18;12;18;1205;1;1;1;1;5;174;RN 104;M;4862059;246068;910
2,02E+11;18;12;18;1708;5;1;1;1;5;34;AUTOROUTE A86;M;4876009;232086;940
2,02E+11;18;12;18;1800;3;1;1;1;2;339;RN 104;M;4862893;225551;910
2,02E+11;18;12;19;1300;1;1;1;1;2;182;RN 104;M;4861848;242673;910
2,02E+11;18;12;20;730;2;1;1;1;4;161;AUTOROUTE A6;M;4870770;230640;910
2,02E+11;18;12;20;1205;1;1;1;1;4;34;AUTOROUTE A6A;M;4875831;232600;940
2,02E+11;18;12;20;1600;1;1;1;1;3;689;AUTOROUTE A6B;M;4874440;232260;910
2,02E+11;18;12;20;1700;1;1;1;1;3;340;RN 104;M;4860910;243940;910
2,02E+11;18;12;21;1230;1;1;1;2;6;2;AUTOROUTE A10;M;4873208;231093;920
2,02E+11;18;12;21;1435;1;1;1;2;2;477;AUTOROUTE A10;M;4871476;225780;910
2,02E+11;18;12;21;1406;1;1;1;2;5;37;AUTOROUTE A6B;M;4881102;235030;940
2,02E+11;18;12;21;1625;1;1;1;1;7;34;AUTOROUTE A86;M;4876017;232068;940
2,02E+11;18;12;21;2215;3;1;1;2;3;21;AUTOROUTE A6A;M;4879300;234000;940
2,02E+11;18;12;22;625;3;1;1;1;2;553;RN 104;M;4862550;247230;910
2,02E+11;18;12;23;1952;3;1;1;1;6;340;RN 104;M;4861080;244401;910
2,02E+11;18;12;23;2320;3;1;1;1;6;661;AUTOROUTE A10;M;4869983;224565;910
2,02E+11;18;12;24;920;1;1;1;2;7;363;RN 118;M;4866951;219439;910
2,02E+11;18;12;24;2350;3;1;1;1;7;340;AUTOROUTE A6;M;4859602;244228;910
2,02E+11;18;12;25;735;3;1;1;1;6;64;RN 118;M;4864295;228280;910
2,02E+11;18;12;25;1200;1;1;1;1;2;182;RN 104;M;4861371;243089;910
2,02E+11;18;12;26;1630;1;1;1;1;4;174;RN 104;M;4862164;246271;910
2,02E+11;18;12;26;1930;3;1;1;1;4;174;RN 104;M;4837800;227300;910
2,02E+11;18;12;27;2140;3;1;1;1;2;687;AUTOROUTE A6;M;4866416;236530;910
2,02E+11;18;12;28;1100;1;1;1;1;2;161;AUTOROUTE A126;M;4871080;229890;910
2,02E+11;18;12;28;1547;1;1;1;1;2;570;RN 104;M;4862491;231184;910
2,02E+11;18;12;29;320;3;1;1;1;2;689;AUTOROUTE A6;M;4872973;231473;910
2,02E+11;18;12;31;830;1;1;1;2;6;34;AUTOROUTE A86;M;4875773;233497;940
2,02E+11;18;12;31;1530;1;1;1;1;2;3;AUTOROUTE A6B;M;4879320;234520;940
2,02E+11;18;1;2;1450;1;2;6;8;6;353;RD POINT TOGA;M;4270866;945381;202
2,02E+11;18;1;6;1340;1;2;1;1;5;33;Rte Front de Mer;M;4269021;944869;202
2,02E+11;18;1;8;935;1;2;1;8;6;37;Rue V. d'Istria;M;4262427;943346;202
2,02E+11;18;1;9;1800;2;2;1;1;4;37;RT11;M;4262775;943732;202
2,02E+11;18;1;11;1055;1;2;1;2;1;120;T11;M;4263634;943866;202
2,02E+11;18;1;13;1158;1;2;1;6;6;120;Place de l'Eglise;M;4265840;941379;202
2,02E+11;18;1;14;353;5;2;2;1;1;33;MIOT - RUE;M;4269934;945027;202
2,02E+11;18;1;15;1240;1;2;2;1;3;33;PAOLI DU NR 21 AU 45 -BL;M;4269943;944972;202
2,02E+11;18;1;19;1800;5;2;1;1;7;37;T11;M;4261879;943704;202
2,02E+11;18;1;26;1755;3;2;9;1;6;33;AV DE LA LIBERATION;M;4268238;944423;202
2,02E+11;18;1;28;1125;1;2;1;1;3;33;Rue Franзois Lota;M;4266362;943946;202
2,02E+11;18;1;29;1400;1;2;8;1;6;33;VEZZANI - RUE CESAR;M;4268710;944578;202
2,02E+11;18;1;31;1600;1;2;1;1;2;120;IMPERIALE (Route);M;4266261;943437;202
2,02E+11;18;1;31;1715;1;2;1;1;4;33;TUNNEL;M;4269468;945228;202
2,02E+11;18;2;3;1955;3;1;1;1;3;33;ROUTE ROYALE;M;4268191;942207;202
2,02E+11;18;2;8;757;2;2;1;7;2;120;Av. Sampiero Corso T11;M;4265492;944117;202
2,02E+11;18;2;8;1255;1;1;1;1;3;353;CAP - ROUTE DU CAP;M;4271529;945548;202
2,02E+11;18;2;13;1000;1;2;1;2;6;33;1  PAOLI DU NR 1 A 20 -;M;4269574;944709;202
2,02E+11;18;2;22;1900;5;2;1;3;6;33;SARI - AV EMILE;M;4270222;945122;202
2,02E+11;18;2;26;945;1;2;1;8;2;33;TOUTES RUES;M;4267209;944261;202
2,02E+11;18;3;1;1225;1;2;6;5;6;33;ROUTE ROYALE;M;4267877;943107;202
2,02E+11;18;3;3;2306;5;2;6;6;4;33;AV DE LA LIBERATION;M;4267834;944306;202
2,02E+11;18;3;4;1610;1;2;1;2;2;33;179  AV DE LA LIBERATION;M;4268425;944486;202
2,02E+11;18;3;4;1955;5;2;1;2;2;33;ROUTE ROYALE;M;4267642;944130;202
2,02E+11;18;3;15;1905;5;2;1;1;2;33;TUNNEL;;;;202
2,02E+11;18;3;23;1110;1;2;1;1;6;33;Parking livraison U;M;4267551;943779;202
2,02E+11;18;3;25;750;2;2;2;1;3;120;0  IMPERIALE (Route) D46;M;4263787;943387;202
2,02E+11;18;3;28;930;1;2;6;1;2;33;RD POINT TOGA;M;4270832;945373;202
2,02E+11;18;3;31;1140;1;2;1;2;6;33;SEBASTIANI  - AVENUE;M;4270242;944955;202
2,02E+11;18;3;30;1617;1;2;3;1;1;33;ST FLORENT-ANCIENNE RT D;M;4268276;942205;202
2,02E+11;18;4;2;511;5;1;6;1;7;33;ERBAJOLO;M;4266332;944193;202
2,02E+11;18;4;2;1920;1;2;3;1;3;33;AV DE LA LIBERATION;M;4267954;944334;202
2,02E+11;18;4;9;2020;4;2;1;1;3;33;SAMPIERO CORSO - AV;M;4267085;944315;202
2,02E+11;18;4;11;1715;2;2;6;3;7;33;SAMPIERO CORSO - AV;M;4267727;944450;202
2,02E+11;18;4;14;955;1;2;1;1;3;33;AV DE LA LIBERATION;M;4267915;944319;202
2,02E+11;18;4;22;1840;1;2;1;1;6;120;MARANA (ROUTE);M;4263740;946030;202
2,02E+11;18;4;24;1730;1;2;1;1;6;33;Le Polygone;M;4267418;944347;202
2,02E+11;18;4;26;1915;1;1;1;1;3;37;11 - RT;M;4260786;943789;202
2,02E+11;18;4;30;1100;1;2;9;1;6;33;MIOT - RUE;M;4269943;944985;202
2,02E+11;18;5;1;1435;1;2;1;2;2;37;11 - RT;M;4262846;943757;202
2,02E+11;18;5;5;1544;1;2;1;1;2;120;11 - RT;M;4265330;944123;202
2,02E+11;18;5;5;1611;1;2;1;1;2;33;11 - RT;M;4267429;944389;202
2,02E+11;18;5;8;1610;1;2;1;1;6;33;11 - RT;M;4266830;944323;202
2,02E+11;18;5;11;200;5;1;1;1;2;120;11 - RT;M;4265755;944153;202
2,02E+11;18;5;15;2104;5;2;9;1;7;33;LUPINO;M;4267718;943925;202
2,02E+11;18;5;20;514;2;2;1;1;7;33;CHANOINE LESCHI - RUE;M;4270468;945411;202
2,02E+11;18;5;22;1700;1;2;1;2;4;37;11 - RT;M;4261998;943697;202
2,02E+11;18;5;22;1925;1;1;1;2;2;37;11 - RT;M;4259876;943852;202
2,02E+11;18;5;29;1000;1;2;1;1;6;37;Parking boulangerie;M;4261722;943666;202
2,02E+11;18;5;29;1640;1;2;1;1;1;33;FRANCOIS VITTORI;M;4267976;943884;202
2,02E+11;18;5;31;1615;1;2;1;1;3;33;AV DE LA LIBERATION;M;4268370;944462;202
2,02E+11;18;6;3;1528;1;2;1;1;7;33;ROUTE ROYALE;M;4268092;942595;202
2,02E+11;18;6;3;2252;5;2;6;1;7;33;NOGUES;M;4270180;945257;202
2,02E+11;18;6;4;1925;1;1;1;1;6;120;11 - RT;M;4265018;944050;202
2,02E+11;18;6;6;1550;1;2;6;2;7;37;11 - RT;M;4262018;943696;202
2,02E+11;18;6;7;2004;1;2;9;1;2;33;FAVALE - COURS;M;4269308;945010;202
2,02E+11;18;6;8;1048;1;1;1;1;4;120;11 - RT;M;4265915;944191;202
2,02E+11;18;6;12;1856;2;2;1;1;6;33;SEBASTIANI  - AVENUE;M;4270232;945008;202
2,02E+11;18;6;15;1800;1;1;1;7;2;265;TOUTES RUES;M;4259683;941181;202
2,02E+11;18;6;16;723;1;1;6;1;3;37;11 - RT;M;4259433;943853;202
2,02E+11;18;6;16;1040;1;2;1;1;2;37;T11;M;4262666;943730;202
2,02E+11;18;6;16;1150;1;2;1;1;3;33;11 - RT;M;4266422;944247;202
2,02E+11;18;6;18;844;1;2;1;1;2;37;TOUTES RUES;M;4262183;943700;202
2,02E+11;18;6;19;1900;2;2;1;1;6;33;SEBASTIANI  - AVENUE;M;4270236;944991;202
2,02E+11;18;6;22;1710;1;2;1;1;2;120;IMPERIALE - ROUTE;M;4264560;943153;202
2,02E+11;18;6;22;1900;1;2;3;1;2;120;SAMPIERO CORSO - AV;M;4264590;943982;202
2,02E+11;18;6;30;429;5;2;1;1;1;33;VEZZANI - RUE CESAR;M;4269163;944963;202
2,02E+11;18;7;2;2030;5;2;1;1;6;33;DANESI - BLD BENOITE;M;4269627;944329;202
2,02E+11;18;7;4;1653;1;2;6;1;3;37;11 - RT;M;4259484;943879;202
2,02E+11;18;7;6;1600;1;2;1;1;2;37;TOUTES RUES;M;4261993;943706;202
2,02E+11;18;7;6;2300;5;2;3;1;3;33;AV DE LA LIBERATION;M;4267961;944337;202
2,02E+11;18;7;9;1722;1;2;1;1;5;33;VEZZANI - RUE CESAR;M;4269146;944943;202
2,02E+11;18;7;10;920;1;1;6;1;3;120;TOUTES RUES;M;4265448;944130;202
2,02E+11;18;7;10;1730;1;2;1;1;4;33;11 - RT;M;4266887;944323;202
2,02E+11;18;7;11;1515;1;1;1;1;4;120;11 - RT;M;4265346;944106;202
2,02E+11;18;7;11;2305;3;1;1;1;2;37;11 - RT;M;4260221;943851;202
2,02E+11;18;7;12;1850;1;2;1;1;2;33;11 - RT;M;4267177;944367;202
2,02E+11;18;7;14;1145;1;2;1;1;6;33;DE MONTERA - BD HYACINTE;M;4269576;944664;202
2,02E+11;18;7;18;1810;1;2;1;1;3;33;AV DE LA LIBERATION;M;4267915;944321;202
2,02E+11;18;7;19;1030;1;2;2;1;3;33;ROUTE ROYALE;M;4267612;943842;202
2,02E+11;18;7;20;1523;1;1;1;1;6;120;MARANA (ROUTE);M;4265159;945111;202
2,02E+11;18;7;20;2207;5;2;1;1;6;33;TUNNEL - PASSERELLE NORD;M;4269504;945224;202
2,02E+11;18;7;21;630;1;1;9;1;2;37;RT11;M;4259490;943855;202
2,02E+11;18;7;24;1800;1;2;9;1;1;353;PIETRABUGNO - ROUTE DE;M;4271188;943455;202
2,02E+11;18;7;26;1815;1;2;1;1;1;37;TOUTES RUES;M;4262893;943634;202
2,02E+11;18;7;28;100;3;1;1;1;2;37;TOUTES RUES;M;4260186;943832;202
2,02E+11;18;8;1;2333;5;2;3;1;2;33;ARINELLA -CHEMIN DE L';M;4267931;944700;202
2,02E+11;18;8;2;1045;1;2;1;1;2;33;SAMPIERO CORSO - AV;M;4267609;944425;202
2,02E+11;18;8;6;350;3;1;1;1;6;37;T11;M;4260276;943819;202
2,02E+11;18;8;7;830;1;1;1;1;5;37;MARANA (ROUTE);M;4262633;946895;202
2,02E+11;18;8;7;2318;5;1;1;1;6;33;11 - RT;M;4266510;944256;202
2,02E+11;18;8;8;1350;1;2;1;1;4;120;11 - RT;M;4265204;944111;202
2,02E+11;18;8;10;1215;1;1;1;1;2;120;11 - RT;M;4264820;944029;202
2,02E+11;18;8;11;1750;1;2;1;1;3;120;11 - RT;M;4265498;944121;202
2,02E+11;18;8;14;25;5;2;1;1;3;33;SAMPIERO CORSO - AV;M;4267722;944429;202
2,02E+11;18;8;15;2300;3;2;1;1;6;120;IMPERIALE (Route) D464;M;4265732;943177;202
2,02E+11;18;8;17;336;3;1;1;1;2;37;11 - RT;M;4261528;943751;202
2,02E+11;18;8;25;1715;1;2;1;1;1;353;SAINT VICTOR -RUE;M;4271168;945100;202
2,02E+11;18;8;27;2245;3;1;1;1;7;33;PIETRABUGNO - ROUTE DE;M;4270013;944263;202
2,02E+11;18;8;31;1500;1;2;1;1;4;37;T11;M;4262320;943692;202
2,02E+11;18;9;3;1040;1;2;1;1;4;33;11 - RT;M;4267387;944396;202
2,02E+11;18;9;3;1358;1;2;1;1;3;353;Ch. Ste Lucie;M;4270681;944153;202
2,02E+11;18;9;3;1545;1;2;1;1;6;33;ANNONCIADE - CHEMIN DE L;M;4270662;944242;202
2,02E+11;18;9;5;708;1;2;1;1;3;33;11 - RT;M;4266601;944285;202
2,02E+11;18;9;7;710;1;2;2;1;3;33;Rue C. COLOMBANI;M;4270295;945096;202
2,02E+11;18;9;7;1510;1;2;6;1;6;33;FORT DE TOGA (RUE DU);M;4270872;945351;202
2,02E+11;18;9;7;1745;1;2;1;2;6;33;DANESI - BLD BENOITE;M;4269374;944069;202
2,02E+11;18;9;8;1120;1;2;1;1;2;33;11 - RT;M;4269971;945192;202
2,02E+11;18;9;8;2220;5;1;1;1;3;120;11 - RT;M;4265367;944127;202
2,02E+11;18;9;11;944;1;2;2;1;3;33;PAOLI DU NR 1 A 20 - BLD;M;4269841;944933;202
2,02E+11;18;9;12;2330;3;1;1;1;7;33;ST FLORENT-ANCIENNE RT D;M;4268721;942304;202
2,02E+11;18;9;19;1635;1;2;1;1;2;33;SARI - AV EMILE;M;4270482;945227;202
2,02E+11;18;9;25;1403;1;2;9;1;1;33;MAGDELENA - RUE SANTA;M;4268013;944212;202
2,02E+11;18;9;26;1400;1;2;1;1;6;33;LUCE DE CASABIANCA -RUE;M;4270551;945329;202
2,02E+11;18;9;30;1900;2;2;3;1;6;33;PAOLI DU NR 1 A 20 - BLD;M;4269780;944906;202
2,02E+11;18;10;1;1800;1;2;1;1;3;33;AV DE LA LIBERATION;M;4267920;944320;202
2,02E+11;18;10;2;1205;1;2;1;8;4;120;TOUTES RUES;M;4265920;944187;202
2,02E+11;18;10;8;1522;1;2;3;1;3;33;MARTYRS - QUAI DES;M;4269779;945253;202
2,02E+11;18;10;9;810;1;1;1;1;3;33;ST FLORENT-ANCIENNE RT D;M;4269003;943407;202
2,02E+11;18;10;10;1055;1;2;1;1;4;33;VEZZANI - RUE CESAR;M;4268995;944708;202
2,02E+11;18;10;13;1735;1;2;9;1;2;33;AV DE LA LIBERATION;M;4268136;944395;202
2,02E+11;18;10;18;740;1;2;1;1;4;120;11 - RT;M;4264965;944051;202
2,02E+11;18;10;19;1350;1;2;1;1;2;33;IMPERIALE - ROUTE;M;4266946;944145;202
2,02E+11;18;10;23;1655;1;2;1;1;4;37;TOUTES RUES;M;4261899;943716;202
2,02E+11;18;10;24;1059;1;2;1;1;6;33;ANNONCIADE - CHEMIN DE L;M;4270483;944598;202
2,02E+11;18;10;24;1440;1;2;1;1;6;33;SEBASTIANI  - AVENUE;M;4270235;944992;202
2,02E+11;18;10;26;1130;1;2;1;1;3;33;11 - RT;M;4265501;944092;202
2,02E+11;18;11;2;1145;1;2;1;3;6;33;11 - RT;M;4269776;945281;202
2,02E+11;18;11;12;1820;5;2;1;1;2;120;11 - RT;M;4265833;944175;202
2,02E+11;18;11;14;1456;1;2;1;1;3;37;TOUTES RUES;M;4259428;943865;202
2,02E+11;18;11;16;1215;1;1;1;1;2;120;11 - RT;M;4265701;944155;202
2,02E+11;18;11;16;1846;5;2;1;1;6;33;ROUTE ROYALE;M;4267679;943534;202
2,02E+11;18;11;17;1558;1;2;3;1;3;33;AV DE LA LIBERATION;M;4268072;944372;202
2,02E+11;18;11;26;1744;3;2;1;1;6;120;IMPERIALE (Route) D464;M;4265759;943163;202
2,02E+11;18;11;27;1715;5;2;1;2;4;33;11 - RT;M;4266848;944309;202
2,02E+11;18;11;28;855;1;2;1;1;2;33;11 - RT;M;4269437;945225;202
2,02E+11;18;11;29;1105;1;2;1;1;6;120;STADE (Route du) D764;M;4265309;944159;202
2,02E+11;18;11;30;1450;1;2;2;1;3;33;ROUTE ROYALE;M;4267630;943860;202
2,02E+11;18;12;1;313;5;2;9;1;7;353;CAP - ROUTE DU CAP;M;4271203;945372;202
2,02E+11;18;12;4;2010;3;1;1;1;7;120;11 - RT;M;4264152;943960;202
2,02E+11;18;12;5;1130;1;2;1;1;6;33;PIERANGELLI -COURS;M;4269904;945114;202
2,02E+11;18;12;11;1000;1;2;1;1;6;33;MONTE PIANO -CHEMIN DE;M;4270123;944147;202
2,02E+11;18;12;14;1120;1;2;1;2;2;120;11 - RT;M;4265699;944148;202
2,02E+11;18;12;15;1350;1;1;1;1;6;33;Chemin de Pinello;M;4267641;942636;202
2,02E+11;18;12;17;805;1;1;1;2;4;120;11 - RT;M;4264970;944060;202
2,02E+11;18;12;19;2005;5;2;1;2;2;120;VULPAGHJU (Chemin de);M;4266076;943613;202
2,02E+11;18;1;1;510;5;2;5;8;7;152;  EUROPE (DE L');M;4570324;482103;690
2,02E+11;18;1;3;1800;5;2;1;1;2;142;55  STEPHANE DECHANT;M;4572721;481481;690
2,02E+11;18;1;5;1425;1;2;2;1;3;389;128  SIDOINE APPOLINAIRE;M;4576501;480126;690
2,02E+11;18;1;5;1800;5;2;1;1;4;34;GENERAL LECLERC;M;4580315;485993;690
2,02E+11;18;1;7;405;5;2;1;1;6;389;PORT MOUTON (DU);M;4577394;480924;690
2,02E+11;18;1;9;1445;1;2;1;8;6;34;PEUPLIERS (DES);M;4579753;487070;690
2,02E+11;18;1;9;1825;5;2;3;1;3;382;MARECHAL JOFFRE (DU);M;4575118;482351;690
2,02E+11;18;1;10;1925;5;2;1;1;6;389;50  ST CYR (DE);M;4578310;480765;690
2,02E+11;18;1;11;550;5;2;1;1;1;385;1  BONDY (DE);M;4576717;482726;690
2,02E+11;18;1;11;1300;1;2;1;1;6;382;PLAT (DU);M;4575735;482865;690
2,02E+11;18;1;11;1445;1;2;1;1;3;389;13  PIERRE SCIZE;M;4576751;484138;690
2,02E+11;18;1;11;1610;1;2;1;1;6;382;40  DOCTEUR GAILLETON (D;M;4575000;483000;690
2,02E+11;18;1;12;1642;1;2;1;1;6;149;63  GRANDE RUE;M;4571750;480961;690
2,02E+11;18;1;14;1455;1;2;2;1;3;382;GUILLOTIERE (DE LA);M;4575720;483692;690
2,02E+11;18;1;14;30;5;2;1;1;6;286;11  GENERAL LECLERC;M;4581355;489684;690
2,02E+11;18;1;15;110;5;2;1;1;6;142;80  STEPHANE DECHANT;M;4572550;481406;690
2,02E+11;18;1;15;1400;1;2;1;1;1;34;3  PETIT VERSAILLES (DU);M;4578900;485283;690
2,02E+11;18;1;16;750;5;2;1;2;2;382;TREMIE Nш6;M;4574980;482530;690
2,02E+11;18;1;16;1805;5;2;3;2;3;34;STRASBOURG (DE);M;4579132;486262;690
2,02E+11;18;1;16;2050;3;2;1;2;3;152;BARRAGE;M;4569523;483147;690
2,02E+11;18;1;16;1200;1;2;1;2;6;384;42  JOSEPH GILLET;M;4577725;481085;690
2,02E+11;18;1;16;1210;1;2;1;1;3;34;400  CANUTS (DES);M;4578499;483263;690
2,02E+11;18;1;16;1300;1;2;1;2;7;385;30  CHOULANS (DE);M;4575299;482005;690
2,02E+11;18;1;18;830;1;2;1;1;6;286;26  EUROPE (DE L');M;4581360;489430;690
2,02E+11;18;1;18;1035;1;2;3;1;3;382;37  BELLECOUR;M;4575881;483074;690
2,02E+11;18;1;17;1225;1;2;1;8;6;389;DOCKS (DES);M;4578745;481230;690
2,02E+11;18;1;17;758;1;2;9;1;6;34;WETTE FAYS (DE);M;4578803;485310;690
2,02E+11;18;1;15;1829;5;2;1;2;6;34;PIERRE BRUNIER;M;4578499;482961;690
2,02E+11;18;1;19;2100;5;2;1;8;7;389;11  MOUILLARD;M;4578417;480340;690
2,02E+11;18;1;16;1935;2;2;1;1;4;382;MARECHAL JOFFRE (DU);M;4575276;482476;690
2,02E+11;18;1;20;1920;5;2;1;2;6;389;BARTHELEMY BUYER;M;4576103;480432;690
2,02E+11;18;1;21;140;5;2;1;2;6;389;39  JAYR;M;4577500;480800;690
2,02E+11;18;1;20;2000;5;2;1;2;3;389;19  ARLOING;M;4577264;481066;690
2,02E+11;18;1;22;835;1;2;1;1;6;385;15  MAURICE JACOB;M;4575678;479216;690
2,02E+11;18;1;22;805;2;2;1;8;6;34;10  JEAN PETIT;M;4580413;486028;690
2,02E+11;18;1;21;1000;1;2;2;1;3;384;BOUCLE (DE LA);M;4577930;484119;690
2,02E+11;18;1;22;1310;1;2;3;2;3;34;ECLUSE (DE L');M;4579509;482905;690
2,02E+11;18;1;22;1630;1;2;1;2;6;34;1  MARECHAL FOCH (DU);M;4579000;485000;690
2,02E+11;18;1;23;1650;1;2;1;1;3;152;25  MURIERS (DES);M;4569515;482445;690
2,02E+11;18;1;23;910;1;2;1;1;7;385;CHEMIN NEUF (DU);M;4576085;482497;690
2,02E+11;18;1;26;755;2;2;1;3;6;286;58  EUROPE (DE L');M;4581766;490221;690
2,02E+11;18;1;26;1536;1;2;1;2;6;381;5  JARDIN DES PLANTES (D;M;4576957;482988;690
2,02E+11;18;1;26;930;1;2;1;3;2;202;VALIOUD;M;4573706;480522;690
2,02E+11;18;1;26;1955;5;2;2;3;7;389;1  GARE D'EAU (DE LA);M;4578147;480680;690
2,02E+11;18;1;26;2136;5;2;1;3;6;149;67  GRANDE RUE;M;4571687;480965;690
2,02E+11;18;1;29;1030;1;2;1;2;1;385;30  CHOULANS (DE);M;4575281;482058;690
2,02E+11;18;1;29;1654;1;2;1;1;6;389;GARE DE VAISE (ESPLANADE;M;4578097;480466;690
2,02E+11;18;1;29;1620;1;2;3;1;3;34;PASTEUR;M;4579512;484747;690
2,02E+11;18;1;30;850;1;2;1;8;6;382;CELESTINS (DES);M;4575929;482970;690
2,02E+11;18;1;31;1320;1;2;3;1;3;152;11  EMILE ZOLA;M;4570523;481997;690
2,02E+11;18;1;31;1110;1;2;1;1;3;382;11  PERRACHE;M;4574657;482864;690
2,02E+11;18;2;1;840;1;2;1;2;7;389;207  25EME REGIMENT DE T;M;4579102;448638;690
2,02E+11;18;2;1;1640;1;2;2;1;6;385;98-100  DOCTEUR EDMOND L;M;4575982;479595;690
2,02E+11;18;1;31;1320;1;2;1;1;3;385;157  BARTHELEMY BUYER;M;4576349;479657;690
2,02E+11;18;2;3;1340;1;2;1;1;3;389;176  ST CYR (DE);M;4579678;481752;690
2,02E+11;18;1;31;1813;5;2;3;1;2;34;CREPIEUX (DE);M;4580165;486646;690
2,02E+11;18;2;4;905;1;2;1;1;7;149;72  GRANDE RUE;M;4571653;480962;690