Num_Acc;an;mois;jour;hrmn;lum;agg;int;atm;col;com;adr;gps;lat;long;dep
2,02E+11;18;4;22;1530;1;1;1;1;2;90;AUTOROUTE A22;M;5072228;312436;590
2,02E+11;18;4;26;910;1;1;1;1;2;646;ROUTE DEPARTEMENTALE 656;M;5067452;311909;590
2,02E+11;18;5;6;1035;1;1;1;1;2;43;AUTOROUTE A25;M;5072811;271546;590
2,02E+11;18;5;16;1830;1;1;1;1;6;458;AUTOROUTE A23;M;5056702;316025;590
2,02E+11;18;5;5;925;1;1;1;1;6;350;ROUTE NATIONALE 356;M;5064473;309402;590
2,02E+11;18;5;22;2045;1;1;1;1;2;274;AUTOROUTE A1;M;5043348;297822;620
2,02E+11;18;5;18;1745;1;1;1;1;3;609;AUTOROUTE A1;M;5057499;308233;590
2,02E+11;18;5;26;1210;1;1;1;1;2;343;AUTOROUTE A23;M;5059218;309933;590
2,02E+11;18;5;16;1134;1;1;1;1;2;599;ROUTE DEPARTEMENTALE 656;M;5070224;315710;590
2,02E+11;18;5;28;1725;1;1;1;1;2;646;ROUTE DEPARTEMENTALE 656;M;5067305;311746;590
2,02E+11;18;5;29;1050;1;1;1;1;7;605;AUTOROUTE A16;M;5103440;244106;590
2,02E+11;18;5;30;800;1;1;1;1;4;449;AUTOROUTE A23;M;5046767;323622;590
2,02E+11;18;5;31;745;1;1;1;2;2;581;AUTOROUTE A25;M;5070500;278725;590
2,02E+11;18;6;5;845;1;1;1;1;4;386;ROUTE DEPARTEMENTALE 652;M;5067950;305394;590
2,02E+11;18;6;8;2130;1;1;1;1;2;431;AUTOROUTE A25;M;5069278;281220;590
2,02E+11;18;6;9;110;3;1;1;1;2;80;AUTOROUTE A23;M;5045615;328543;590
2,02E+11;18;6;12;455;3;1;1;1;7;393;AUTOROUTE A16;M;5093435;199905;620
2,02E+11;18;6;20;1233;1;1;1;1;4;507;AUTOROUTE A1;M;5061132;309047;590
2,02E+11;18;6;23;900;1;1;1;1;6;260;AUTOROUTE A16;M;5104732;253470;590
2,02E+11;18;6;22;2330;3;1;1;1;1;574;AUTOROUTE A 21;M;5035204;326341;590
2,02E+11;18;6;26;2030;1;1;1;1;3;346;ROUTE NATIONALE 227;M;5061290;313478;590
2,02E+11;18;6;28;755;1;1;1;1;2;179;AUTOROUTE A2;M;5030376;337518;590
2,02E+11;18;6;29;805;1;1;1;1;3;360;AUTOROUTE A25;M;5062060;301496;590
2,02E+11;18;6;11;205;3;1;1;1;6;359;AUTOROUTE A16;M;5099040;224353;590
2,02E+11;18;7;3;840;1;1;1;1;2;646;ROUTE DEPARTEMENTALE 656;M;5067466;311931;590
2,02E+11;18;7;4;940;1;1;1;1;7;491;AUTOROUTE A23;M;5038417;346223;590
2,02E+11;18;7;8;1800;1;1;1;1;3;343;AUTOROUTE A1;M;5059314;310041;590
2,02E+11;18;7;19;1435;1;1;1;1;6;359;AUTOROUTE A16;M;5098905;223810;590
2,02E+11;18;7;1;1100;1;1;1;1;2;566;AUTOROUTE A25;M;5061732;298049;590
2,02E+11;18;7;21;630;2;1;1;2;6;646;ROUTE NATIONALE 356;M;5067504;311892;590
2,02E+11;18;7;21;2330;3;1;1;1;2;498;AUTOROUTE A211;M;5042648;283374;620
2,02E+11;18;7;26;1600;1;1;1;1;6;574;AUTOROUTE A 21;M;5035947;326211;590
2,02E+11;18;7;24;1445;1;1;1;1;4;43;AUTOROUTE A25;M;5072512;272887;590
2,02E+11;18;7;28;1600;1;1;1;1;4;179;AUTOROUTE A2;M;5030724;338277;590
2,02E+11;18;8;6;606;1;1;1;1;2;459;AUTOROUTE A23;M;5036774;348361;590
2,02E+11;18;8;7;1530;1;1;1;1;3;435;AUTOROUTE A23;M;5050070;321244;590
2,02E+11;18;8;2;745;1;1;1;1;7;603;AUTOROUTE A2;M;5033678;345273;590
2,02E+11;18;8;19;1930;1;1;1;1;2;498;AUTOROUTE A21;M;5045042;283031;620
2,02E+11;18;8;20;900;1;1;1;1;2;560;AUTOROUTE A1;M;5054312;305457;590
2,02E+11;18;8;22;1605;1;1;1;1;6;202;AUTOROUTE A25;M;5000000;284918;590
2,02E+11;18;8;24;1040;1;1;1;1;2;456;AUTOROUTE A 21;M;5038280;320874;590
2,02E+11;18;8;23;1640;1;1;1;1;2;82;ROUTE NATIONALE 225;M;5096335;240138;590
2,02E+11;18;8;29;1010;1;1;1;3;4;393;AUTOROUTE A16;M;5093372;199746;620
2,02E+11;18;8;31;1650;1;1;1;1;2;350;ROUTE NATIONALE 356;M;5062970;308200;590
2,02E+11;18;8;31;2130;2;1;1;1;4;350;AUTOROUTE A25;M;5061696;306724;590
2,02E+11;18;9;2;1345;1;1;1;1;2;508;AUTOROUTE A22;M;5075296;314721;590
2,02E+11;18;8;22;1600;1;1;1;1;2;462;AUTOROUTE A1;M;5051627;303567;590
2,02E+11;18;9;3;2215;3;1;1;1;2;350;ROUTE NATIONALE 356;M;5063166;308217;590
2,02E+11;18;9;8;2350;3;1;1;1;2;410;ROUTE NATIONALE 356;M;5064295;309431;590
2,02E+11;18;9;14;1420;1;1;1;1;7;284;AUTOROUTE A23;M;5042424;339960;590
2,02E+11;18;9;15;630;2;1;1;1;6;351;AUTOROUTE A21;M;5043268;291325;620
2,02E+11;18;9;20;1813;1;1;1;1;5;123;AUTOROUTE A1;M;5049967;300620;590
2,02E+11;18;9;22;1150;1;1;1;1;1;574;AUTOROUTE A 21;M;5035947;326203;590
2,02E+11;18;9;25;1815;1;1;1;1;2;356;ROUTE DEPARTEMENTALE 652;M;5065306;299774;590
2,02E+11;18;9;23;130;3;1;1;3;4;351;AUTOROUTE A21;M;5043265;291166;620
2,02E+11;18;9;25;1740;1;1;1;1;6;239;AUTOROUTE A16;M;5093627;180495;620
2,02E+11;18;9;30;745;1;1;1;1;6;195;ROUTE DEPARTEMENTALE 652;M;5062830;295813;590
2,02E+11;18;9;26;855;1;1;1;1;4;80;AUTOROUTE A23;M;5045601;328525;590
2,02E+11;18;9;27;1700;1;1;1;1;4;80;AUTOROUTE A23;M;5045617;328598;590
2,02E+11;18;9;28;1700;1;1;1;1;3;155;AUTOROUTE A16;M;5101411;238472;590
2,02E+11;18;9;17;2150;3;1;1;1;2;498;AUTOROUTE A21;M;5045184;282135;620
2,02E+11;18;10;11;1410;1;1;1;1;6;350;ROUTE NATIONALE 356;M;5063097;308195;590
2,02E+11;18;10;12;830;1;1;1;1;4;907;AUTOROUTE A1;M;5048356;298340;620
2,02E+11;18;10;14;448;3;1;1;1;6;274;AUTOROUTE A21;M;5042725;298792;620
2,02E+11;18;10;19;1445;1;1;1;1;2;29;AUTOROUTE A23;M;5048462;321627;590
2,02E+11;18;10;31;730;1;1;1;1;7;343;AUTOROUTE A22;M;5060037;311208;590
2,02E+11;18;10;30;550;3;1;1;1;6;234;AUTOROUTE A21;M;5040235;306122;590
2,02E+11;18;10;26;1800;1;1;1;2;5;603;AUTOROUTE A2;M;5033656;345244;590
2,02E+11;18;11;7;1230;1;1;1;2;6;343;ROUTE NATIONALE 227;M;5060004;312946;590
2,02E+11;18;11;16;35;3;1;1;1;6;475;AUTOROUTE A2;M;5032566;343298;590
2,02E+11;18;11;16;1800;2;1;1;2;6;350;AUTOROUTE A25;M;5061642;304046;590
2,02E+11;18;11;18;1500;1;1;1;1;2;271;AUTOROUTE A16;M;5101240;234769;590
2,02E+11;18;11;17;1653;1;1;1;1;4;378;ROUTE DEPARTEMENTALE 652;M;5068446;309211;590
2,02E+11;18;11;17;1630;1;1;1;1;6;172;AUTOROUTE A 21;M;5031719;341449;590
2,02E+11;18;11;23;1805;2;1;1;1;6;350;AUTOROUTE A25;M;5061620;306398;590
2,02E+11;18;11;30;1900;3;1;1;1;5;523;AUTOROUTE A27;M;5059942;316492;590
2,02E+11;18;12;3;1200;2;1;1;1;6;346;ROUTE NATIONALE 227;M;5061290;313334;590
2,02E+11;18;12;4;1525;1;1;1;1;4;566;AUTOROUTE A25;M;5061597;298659;590
2,02E+11;18;12;13;2140;3;1;1;1;6;498;AUTOROUTE A21;M;5045080;282773;620
2,02E+11;18;12;15;545;3;1;1;8;4;427;AUTOROUTE A1;M;5044338;297179;620
2,02E+11;18;12;11;1900;3;1;1;1;5;507;AUTOROUTE A1;M;5060937;309330;590
2,02E+11;18;12;26;405;3;1;1;1;2;662;AUTOROUTE A25;M;5084000;256000;590
2,02E+11;18;12;27;130;3;1;1;1;6;274;AUTOROUTE A1;M;5043684;297539;620
2,02E+11;18;12;27;530;3;1;1;1;6;9;ROUTE NATIONALE 227;M;5063051;313958;590
2,02E+11;18;1;1;1650;2;2;1;2;2;388;79  ETATS UNIS (DES);M;4573234;486567;690
2,02E+11;18;1;1;415;5;2;1;1;6;388;ALBERT THOMAS;M;4574400;487540;690
2,02E+11;18;1;1;2245;5;2;1;1;6;199;46  CARNOT;M;4570677;486106;690
2,02E+11;18;1;2;2000;5;2;1;1;3;387;61  DEBOURG;M;4573140;483361;690
2,02E+11;18;1;3;1430;2;2;3;2;3;199;ALBERT THOMAS;M;4570554;485904;690
2,02E+11;18;1;3;1810;5;2;1;2;6;386;58  VITTON;M;4576970;485510;690
2,02E+11;18;1;4;1800;5;2;1;2;2;387;21  DEBOURG;M;4573164;482464;690
2,02E+11;18;1;4;2230;5;2;2;8;3;259;JODINO (DE);M;4569695;488764;690
2,02E+11;18;1;5;1005;1;2;3;1;3;387;64  LECLERC;M;4573339;482328;690
2,02E+11;18;1;5;1345;1;2;1;1;2;259;AMBROISE CROIZAT;M;4570347;488748;690
2,02E+11;18;1;8;2319;5;2;1;3;6;383;PAUL BERT;M;4575700;485260;690
2,02E+11;18;1;9;730;5;2;2;2;6;259;1  JODINO (DE);M;4569670;488787;690
2,02E+11;18;1;9;835;1;2;1;1;6;386;25  VAUBAN;M;4576496;484430;690
2,02E+11;18;1;9;900;1;2;2;3;6;387;CREQUI (DE);M;4575109;484827;690
2,02E+11;18;1;9;840;2;2;2;2;5;388;JEAN SARRAZIN;M;4573056;486448;690
2,02E+11;18;1;9;730;5;2;2;2;6;259;PIERRE SEMARD;M;4570545;487832;690
2,02E+11;18;1;10;935;1;2;1;1;6;386;15  DUQUESNE;M;4577254;484333;690
2,02E+11;18;1;10;1300;1;2;1;2;6;383;47  LACASSAGNE;M;4575332;486866;690
2,02E+11;18;1;10;1325;1;2;2;2;6;386;SEZE (DE);M;4576854;485079;690
2,02E+11;18;1;10;1603;1;2;1;1;6;383;44  MARIUS VIVIER MERLE;M;4575979;485801;690
2,02E+11;18;1;11;1530;1;2;2;1;3;387;JEAN MACE;M;4574665;484267;690
2,02E+11;18;1;11;1712;5;2;2;1;3;259;10  8 MAI 1945 (DU);M;4569334;487138;690
2,02E+11;18;1;11;1210;1;2;1;1;2;259;CHARLES DE GAULLE;M;4571527;489715;690
2,02E+11;18;1;11;2000;5;2;2;2;3;386;161  THIERS;M;4576628;486189;690
2,02E+11;18;1;12;1200;1;2;1;1;6;383;32  LAFAYETTE;M;4576354;484558;690
2,02E+11;18;1;13;615;5;2;6;1;6;276;LYON (DE);M;4568610;486100;690
2,02E+11;18;1;13;330;5;2;1;1;7;387;  CROIX BARRET (DE LA);M;4573683;484590;690
2,02E+11;18;1;14;1805;5;2;1;1;6;383;194  FELIX FAURE;M;4575499;487044;690
2,02E+11;18;1;14;1842;5;2;1;1;1;388;148  VIENNE (DE);M;4573510;485321;690
2,02E+11;18;1;15;530;5;2;3;1;3;383;15  JEANNE D'ARC;M;4575191;487665;690
2,02E+11;18;1;15;1050;1;2;6;1;2;388;EDMOND MICHELET;M;4573214;487589;690
2,02E+11;18;1;16;850;1;2;2;2;3;386;44  STE GENEVIEVE;M;4576512;486504;690
2,02E+11;18;1;17;1455;1;2;5;2;3;388;218  PINEL;M;4573062;488762;690
2,02E+11;18;1;18;1650;2;2;1;2;6;383;42  FEUILLAT;M;4575065;487591;690
2,02E+11;18;1;19;5;5;2;3;8;1;387;23  CHAMBAUD DE LA BRUYE;M;4572274;484221;690
2,02E+11;18;1;19;935;1;2;3;2;6;388;PROFESSEUR BEAUVISAGE (D;M;4572949;486801;690
2,02E+11;18;1;5;1700;5;2;1;1;2;387;CHAMBAUD DE LA BRUYERE;M;4572195;484222;690
2,02E+11;18;1;19;1820;5;2;2;2;3;387;108  BERTHELOT;M;4574346;484731;690
2,02E+11;18;1;19;2210;5;2;1;9;3;259;91  IRENE JOLIOT CURIE;M;4571212;488114;690
2,02E+11;18;1;19;2355;5;2;1;9;6;386;79  VITTON;M;4577030;485992;690
2,02E+11;18;1;20;1200;1;2;1;3;6;259;16  JULES FERRY;M;4569922;488601;690
2,02E+11;18;1;20;2103;5;2;2;2;3;259;AMBROISE CROIZAT;M;4570311;488749;690
2,02E+11;18;1;22;800;2;1;1;2;6;386;JULES FAVRE;M;4576620;485913;690
2,02E+11;18;1;22;850;2;2;1;2;2;386;82  VITTON;M;4576983;485784;690
2,02E+11;18;1;22;1720;2;2;2;2;3;387;RAOUL SERVANT;M;4574556;483638;690
2,02E+11;18;1;23;755;1;2;9;1;3;387;6  BERTHELOT;M;4574750;483493;690
2,02E+11;18;1;23;1335;1;2;2;1;3;383;193  LACASSAGNE;M;4574665;488529;690
2,02E+11;18;1;24;1610;1;2;1;1;6;388;126  VIENNE (DE);M;4573664;485280;690
2,02E+11;18;1;25;1635;1;2;2;1;6;388;JEAN SARRAZIN;M;4573154;486703;690
2,02E+11;18;1;26;725;5;2;2;3;3;383;VICTOR AUGAGNEUR;M;4576002;484088;690
2,02E+11;18;1;25;1145;1;2;1;1;3;388;35  VIVIANI;M;4572379;487367;690
2,02E+11;18;1;26;1400;1;2;2;2;6;383;137  ANTOINE CHARIAL;M;4575731;487318;690
2,02E+11;18;1;26;1925;2;2;2;2;6;383;135  MARECHAL DE SAXE;M;4575648;484665;690
2,02E+11;18;1;26;1845;5;2;1;2;2;383;  VICTOR AUGAGNEUR;M;4575636;484043;690
2,02E+11;18;1;28;1100;1;2;2;1;6;387;RASPAIL;M;4575610;484046;690
2,02E+11;18;1;29;1625;1;2;1;1;2;388;12  AUDIBERT ET LAVIROTT;M;4574053;485995;690
2,02E+11;18;1;29;1830;5;2;3;1;3;259;283  VIENNE (DE);M;4571666;485487;690
2,02E+11;18;1;30;1845;5;2;1;1;6;383;LACASSAGNE;M;4575617;486391;690
2,02E+11;18;1;30;2050;3;2;3;1;3;387;152  GAMBETTA;M;4574992;485830;690
2,02E+11;18;1;31;815;1;2;2;1;7;388;LAENNEC;M;4573991;488200;690
2,02E+11;18;1;31;1330;1;2;1;1;6;387;5  PIERRE DE COUBERTIN;M;4572598;482478;690
2,02E+11;18;1;31;1630;1;2;1;1;2;259;26  EMILE ZOLA;M;4570300;488610;690
2,02E+11;18;2;1;1100;1;2;2;2;3;388;JEAN MERMOZ;M;4573260;488134;690
2,02E+11;18;2;1;1345;1;2;1;1;2;387;73  BERTHELOT;M;4574485;488431;690
2,02E+11;18;2;2;700;2;2;2;1;3;386;CREQUI (DE);M;4577036;484576;690
2,02E+11;18;2;2;1400;1;2;1;1;2;387;45  BECHEVELIN;M;4575191;484139;690
2,02E+11;18;2;2;1310;1;2;1;1;2;386;104  VITTON;M;4577085;486430;690
2,02E+11;18;2;5;820;1;2;1;4;7;387;70  LECLERC;M;4573298;482300;690
2,02E+11;18;2;5;1550;1;2;4;8;6;387;DOMER;M;4574691;484540;690
2,02E+11;18;2;5;1830;5;2;2;1;3;383;PAUL BERT;M;4575680;484834;690
2,02E+11;18;2;6;1005;1;2;1;1;3;388;131  MARIUS BERLIET;M;4573839;486717;690
2,02E+11;18;2;6;1430;1;2;2;1;6;386;VIABERT (DE LA);M;4576630;486157;690
2,02E+11;18;2;7;730;1;2;1;2;6;387;54  BERTHELOT;M;4574561;484056;690
2,02E+11;18;2;7;2116;5;2;2;1;6;383;98  DOCTEUR LONG (DU);M;4575097;488902;690
2,02E+11;18;2;8;1200;1;2;2;1;6;259;PAUL BERT;M;4570059;488774;690
2,02E+11;18;2;8;1718;2;2;1;1;3;387;6  VIENNE (DE);M;4574488;484927;690
2,02E+11;18;2;8;2125;5;2;1;1;6;383;MARIUS VIVIER MERLE;M;4575215;485972;690
2,02E+11;18;2;6;1600;1;2;2;2;6;388;4  ROCKEFELLER;M;4574238;487996;690
2,02E+11;18;2;9;1200;1;2;3;1;3;387;69  MARSEILLE (DE);M;4574840;483803;690
2,02E+11;18;2;9;2236;5;2;1;2;6;383;15  GAMBETTA;M;4575526;484349;690
2,02E+11;18;2;11;2040;5;2;3;9;7;387;BERTHELOT;M;4574077;485607;690
2,02E+11;18;2;12;135;5;2;6;2;6;387;TONY GARNIER;M;4573163;482407;690
2,02E+11;18;2;12;2335;5;2;1;8;6;276;1  VERNAY (DU);M;4568143;485454;690
2,02E+11;18;2;13;830;1;2;1;1;3;259;02  FRERES LAFRANCHI (DE;M;4571784;487241;690
2,02E+11;18;2;13;940;1;2;2;7;6;383;64  GAMBETTA;M;4575320;484900;690
2,02E+11;18;2;13;1015;1;2;1;1;3;387;JEAN JAURES;M;4574014;483831;690
2,02E+11;18;2;13;1220;1;2;3;1;3;383;SERVIENT;M;4576037;484967;690
2,02E+11;18;2;8;845;1;2;2;8;3;383;GENERAL MOUTON DUVERNET;M;4575000;487000;690
2,02E+11;18;2;14;1240;1;2;1;1;3;388;45  MARYSE BASTIE;M;4573787;487411;690
2,02E+11;18;2;14;1630;1;2;3;1;6;387;10  LECLERC;M;4574623;483271;690
2,02E+11;18;2;14;1745;2;2;1;1;4;388;8  FRANCIS DE PRESSENSE;M;4573090;485978;690
2,02E+11;18;2;19;712;2;2;1;1;6;259;11 NOVEMBRE 1918 (DU);M;4568923;486494;690
2,02E+11;18;2;19;730;2;2;1;1;2;383;105  ALBERT THOMAS;M;4574565;487172;690
2,02E+11;18;2;20;1620;1;2;3;1;3;383;108  FELIX FAURE;M;4575377;486019;690
2,02E+11;18;2;21;515;5;2;3;1;6;259;5  FRERES LAFRANCHI (DES;M;4571806;487232;690
2,02E+11;18;2;21;1635;1;2;1;1;6;388;277  VIENNE (DE);M;4572681;485382;690
2,02E+11;18;2;21;1625;1;2;2;1;3;386;BROTTEAUX (DES);M;4576953;485668;690
2,02E+11;18;2;21;1735;1;2;1;1;3;388;246  VIENNE (DE);M;4572848;485362;690
2,02E+11;18;2;21;440;5;2;1;1;7;387;GAMBETTA;M;4575439;484511;690
2,02E+11;18;2;22;2120;5;2;2;1;3;387;177  GUILLOTIERE (DE LA);M;4574994;485205;690
2,02E+11;18;2;19;450;5;2;2;1;6;386;DUQUESNE;M;4577234;484120;690
2,02E+11;18;1;31;1450;1;2;1;1;2;387;TONY GARNIER;M;4572649;482624;690
2,02E+11;18;2;24;1650;1;2;2;1;3;388;CONCORDE (DE LA);M;4573218;486982;690
2,02E+11;18;2;26;850;1;2;1;1;6;383;104  DAUPHINE (DU);M;4575372;487195;690
2,02E+11;18;2;26;1645;1;2;1;1;4;259;PIERRE SEMARD;M;4570981;487563;690
2,02E+11;18;2;27;1220;1;2;2;1;3;387;174  JEAN JAURES;M;4573813;483760;690
2,02E+11;18;2;27;1745;1;2;1;1;3;387;156  MARCEL MERIEUX;M;4573578;482940;690
2,02E+11;18;2;28;830;1;2;2;8;3;388;69  ETATS UNIS (DES);M;4573344;486466;690
2,02E+11;18;3;1;830;1;2;2;1;3;383;69  GAMBETTA;M;4575216;485226;690
2,02E+11;18;3;1;830;1;2;1;4;5;259;GEORGES ROUDIL;M;4569157;488883;690
2,02E+11;18;3;2;1410;1;2;2;1;6;383;246  CREQUI (DE);M;4575413;484873;690
2,02E+11;18;3;2;2305;5;2;2;8;3;383;191  BONNEL (DE);M;4576270;495789;690
2,02E+11;18;3;3;2215;5;2;2;1;3;383;56  BARABAN;M;4576130;486822;690
2,02E+11;18;3;4;420;5;2;2;1;3;386;12  DUQUESNE;M;4577244;484311;690
2,02E+11;18;3;4;510;5;2;2;1;6;387;114  BERTHELOT;M;4574325;484769;690
2,02E+11;18;3;3;1810;1;2;1;1;3;388;230  BERTHELOT;M;4573980;485850;690
2,02E+11;18;3;6;1620;1;2;1;2;6;388;173  PAUL SANTY;M;4572515;488190;690
2,02E+11;18;3;7;2015;5;2;1;1;6;199;57  JEAN JAURES;M;4571111;485510;690
2,02E+11;18;3;8;1355;1;2;1;1;6;383;168  LAFAYETTE;M;4576360;485645;690
2,02E+11;18;3;9;1150;1;2;1;1;3;259;20  PAUL BERT;M;4570014;488635;690
2,02E+11;18;3;9;1045;1;2;1;1;6;383;15 BIS  DAUPHINE (DU);M;4575060;486510;690
2,02E+11;18;3;10;350;5;2;1;3;7;386;36  BELGES (DES);M;4577439;484993;690
2,02E+11;18;3;10;1210;1;2;1;1;2;259;7  JEAN MOULIN;M;4568863;487693;690
2,02E+11;18;3;10;1650;1;2;1;1;3;387;133  SEBASTIEN GRYPHE;M;4574768;483880;690
2,02E+11;18;3;10;1630;1;2;2;1;3;383;CHATEAU (DU);M;4574857;488374;690
2,02E+11;18;3;12;1000;1;2;2;1;3;386;50  VENDOME;M;4577108;484462;690
2,02E+11;18;3;13;30;5;2;2;1;3;388;VILLON (DE);M;4573900;486300;690
2,02E+11;18;3;13;830;1;2;1;1;6;388;36  PROFESSEUR TAVERNIER;M;4572616;486894;690
2,02E+11;18;3;13;1650;1;2;2;1;3;388;JEAN MERMOZ;M;4573100;488580;690
2,02E+11;18;3;15;1115;1;2;1;3;6;386;59  GARIBALDI;M;4576909;485053;690
2,02E+11;18;3;16;1755;2;2;1;2;6;388;103  ETATS UNIS (DES);M;4572956;486753;690
2,02E+11;18;3;17;340;5;2;2;2;3;383;9  VILLETTE (DE LA);M;4576291;486181;690
2,02E+11;18;3;19;1320;1;2;2;1;3;388;FRERES LUMIERE (DES);M;4574338;487425;690
2,02E+11;18;3;19;2235;5;2;2;1;3;383;CREQUI (DE);M;4575958;484783;690
2,02E+11;18;3;20;1345;1;2;1;8;3;383;GAMBETTA;M;4575394;484742;690
2,02E+11;18;3;21;1930;2;2;2;1;3;387;FELIX BRUN;M;4573988;483300;690
2,02E+11;18;3;16;1346;1;2;1;1;6;388;26  STEPHANE COIGNET;M;4572648;487479;690
2,02E+11;18;3;22;1030;1;2;2;1;6;386;TETE D'OR (DE LA);M;4576870;485239;690
2,02E+11;18;3;22;1125;1;2;2;1;3;388;ANTOINE LUMIERE;M;4574146;486862;690
2,02E+11;18;3;22;1330;1;2;1;1;6;383;62  SERVIENT;M;4576030;484788;690
2,02E+11;18;3;22;1650;1;2;3;1;3;388;  PINEL;M;4572791;488666;690
2,02E+11;18;3;22;1715;1;2;2;1;6;386;JEAN NOVEL;M;4577197;485997;690
2,02E+11;18;3;21;1130;1;2;1;1;6;383;32  JEANNE HACHETTE;M;4575160;486415;690
2,02E+11;18;3;23;915;1;2;1;8;6;388;103  ETATS UNIS (DES);M;4572000;487000;690
2,02E+11;18;3;20;1155;1;2;1;8;7;259;2  VLADIMIR KOMAROV;M;4569209;487319;690
2,02E+11;18;3;22;1945;5;2;3;1;1;199;ANTOINE GRAVALLON;M;4570000;486000;690
2,02E+11;18;3;24;1140;1;2;3;1;3;259;  VIENNE (DE);M;4572402;485412;690
2,02E+11;18;3;24;1525;1;1;1;1;6;259;402  CHARLES DE GAULLE;M;4571389;489854;690
2,02E+11;18;3;24;1455;1;2;1;1;6;199;RASPAIL;M;4570943;485597;690
2,02E+11;18;3;24;1654;1;2;2;1;3;383;229  DUGUESCLIN;M;4575898;484918;690
2,02E+11;18;3;22;1414;1;2;3;1;3;383;202  GARIBALDI;M;4575921;485228;690
2,02E+11;18;3;27;840;1;2;9;8;6;199;01  FRERES PERRET;M;4569511;484503;690
2,02E+11;18;3;27;1050;1;2;1;1;6;383;135  FELIX FAURE;M;4575404;486233;690
2,02E+11;18;3;28;825;1;2;1;2;2;383;217  FELIX FAURE;M;4575552;487384;690
2,02E+11;18;3;28;1620;1;2;1;1;6;388;2  TRANSVAAL (DU);M;4573820;487800;690
2,02E+11;18;3;29;900;1;2;1;1;6;387;160  GUILLOTIERE (DE LA);M;4574960;485240;690
2,02E+11;18;3;29;1750;1;2;1;1;2;259;CLOSES (DES);M;4571856;487013;690
2,02E+11;18;3;31;1215;1;2;1;1;5;259;ROGER SALENGRO;M;4571870;487147;690
2,02E+11;18;4;1;1905;1;2;4;1;3;388;VIVIANI;M;4572642;486000;690
2,02E+11;18;4;1;2215;5;2;9;1;6;387;GALLIENI;M;4574895;483035;690
2,02E+11;18;4;3;1000;1;2;3;1;3;383;FELIX FAURE;M;4575504;487066;690
2,02E+11;18;4;4;1415;1;2;1;2;2;387;CHAMBAUD DE LA BRUYERE;M;4572238;484245;690
2,02E+11;18;4;4;1430;1;2;2;8;5;383;BONNEL (DE);M;4576172;484632;690
2,02E+11;18;4;4;1745;1;2;3;1;6;259;MARCEL SEMBAT;M;4571231;487537;690
2,02E+11;18;4;6;520;5;2;2;1;6;388;PROFESSEUR BEAUVISAGE (D;M;4572856;486582;690
2,02E+11;18;4;6;855;1;2;6;1;3;259;JEAN MOULIN;M;4568874;487781;690
2,02E+11;18;3;25;530;5;2;2;1;3;387;GUILLOTIERE (DE LA);M;4575102;484822;690
2,02E+11;18;4;6;1100;1;1;2;1;6;383;ETIENNE RICHERAND;M;4576296;486687;690
2,02E+11;18;4;6;1410;1;2;2;1;3;387;JEAN JAURES;M;4574000;484100;690
2,02E+11;18;4;6;1755;1;2;1;1;6;259;GENERAL PETIT (DU);M;4571515;488578;690
2,02E+11;18;4;8;1345;1;2;2;8;3;383;TURBIL;M;4575664;486837;690
2,02E+11;18;4;10;1647;1;2;9;1;6;387;CLAUDE BERNARD;M;4574982;483544;690
2,02E+11;18;4;11;25;5;2;2;1;6;386;DUQUESNE;M;4577238;484096;690
2,02E+11;18;4;11;1847;1;2;1;8;7;259;CHARLES DE GAULLE;M;4571933;488825;690
2,02E+11;18;4;12;1525;1;2;2;1;6;386;DUQUESNE;M;4577255;484273;690
2,02E+11;18;4;12;1820;1;2;1;1;2;383;ALBERT THOMAS;M;4574930;486071;690
2,02E+11;18;4;15;2150;5;2;2;1;3;259;FELIX BRUN;M;4570254;489126;690
2,02E+11;18;4;17;1036;1;2;1;1;6;259;IRENE JOLIOT CURIE;M;4571601;487814;690
2,02E+11;18;4;17;1937;1;2;2;1;3;388;ALBERT THOMAS;M;4574484;487323;690
2,02E+11;18;4;18;1030;1;2;1;1;2;387;TCHECOSLOVAQUES (DES);M;4574402;485804;690
2,02E+11;18;4;18;1315;1;1;9;1;6;276;ALBERT RAMBOZ;M;4568684;484622;690
2,02E+11;18;4;18;1500;1;2;1;1;6;383;GAMBETTA;M;4575800;485040;690
2,02E+11;18;4;18;1845;1;2;1;1;6;386;6RANDE BRETAGNE (DE);M;4577789;484466;690
2,02E+11;18;4;19;1800;1;2;1;1;4;383;FELIX FAURE;M;4586472;486476;690
2,02E+11;18;4;20;1100;1;2;1;1;6;387;MADELEINE (DE LA);M;4574782;484791;690
2,02E+11;18;4;20;2330;5;2;2;1;3;383;FELIX FAURE;M;4575291;485357;690
2,02E+11;18;4;21;100;5;2;1;1;2;388;JEAN MERMOZ;M;4573299;488008;690
2,02E+11;18;4;21;1000;1;2;1;1;1;383;GAMBETTA;M;4575520;484349;690
2,02E+11;18;4;21;1150;1;2;2;1;3;386;CRILLON;M;4577114;485391;690
2,02E+11;18;4;21;1320;1;2;1;1;6;199;JEAN JAURES;M;4571197;485508;690
2,02E+11;18;4;21;1600;1;2;9;1;6;199;SEMAILLES (DES);M;4569026;485521;690
2,02E+11;18;4;22;1800;1;2;1;1;1;383;VICTOR AUGAGNEUR;M;4575868;484091;690
2,02E+11;18;4;22;2130;5;2;1;1;1;387;GUILLOTIERE (DE LA);M;4574730;485860;690
2,02E+11;18;4;23;945;1;2;9;1;6;276;LYON (DE);M;4568074;486131;690