Num_Acc;an;mois;jour;hrmn;lum;agg;int;atm;col;com;adr;gps;lat;long;dep
2,02E+11;18;12;19;100;5;2;2;1;3;386;SEZE (DE);M;4576876;485253;690
2,02E+11;18;12;20;900;1;1;1;1;4;386;CHARLES DE GAULLE;M;4578618;485715;690
2,02E+11;18;12;20;945;1;2;4;1;3;387;BERTHELOT;M;4574458;484392;690
2,02E+11;18;12;20;1245;1;2;1;1;2;199;CARNOT;M;4570803;485861;690
2,02E+11;18;12;20;1525;1;2;1;1;6;388;EPARGNE (DE L');M;4574188;485974;690
2,02E+11;18;12;20;1828;5;2;1;1;6;259;LENINE;M;4569390;486380;690
2,02E+11;18;12;21;50;5;2;2;1;3;383;LAFAYETTE;M;4576360;484500;690
2,02E+11;18;12;21;750;5;2;1;1;4;383;SERVIENT;M;4576037;484797;690
2,02E+11;18;12;21;920;1;2;2;3;1;383;GAMBETTA;M;4575625;484035;690
2,02E+11;18;12;21;1220;1;2;1;2;2;383;ABONDANCE (DE L');M;4575350;485140;690
2,02E+11;18;12;21;2050;5;2;2;8;1;388;JEAN SARRAZIN;M;4573164;486710;690
2,02E+11;18;12;20;2320;5;2;1;2;1;386;MARECHAL DE SAXE;M;4575403;484700;690
2,02E+11;18;12;22;520;5;2;2;1;2;386;GERMAIN;M;4576519;486586;690
2,02E+11;18;12;22;1850;5;2;3;9;3;386;ROBERT;M;4576457;485604;690
2,02E+11;18;12;22;1900;5;2;9;1;3;383;GARIBALDI;M;4575701;485261;690
2,02E+11;18;12;21;2052;5;2;1;2;2;259;FRANCIS DE PRESSENSE;M;4571278;487411;690
2,02E+11;18;12;25;1235;1;2;2;1;3;259;MAURICE THOREZ;M;4569973;486383;690
2,02E+11;18;12;26;1555;1;2;1;8;2;388;ETATS UNIS (DES);M;4572476;487140;690
2,02E+11;18;12;28;845;1;2;2;1;3;386;DUQUESNE;M;4577276;484653;690
2,02E+11;18;12;28;1305;1;2;9;1;2;383;FEUILLAT;M;4575491;487732;690
2,02E+11;18;12;29;130;5;2;2;1;3;387;MARC BLOCH;M;4574697;484589;690
2,02E+11;18;12;29;1415;1;2;1;1;6;259;GENIE (DU);M;4571541;485877;690
2,02E+11;18;12;30;1810;5;2;2;1;1;388;MOSELLE (DE LA);M;4572852;488150;690
2,02E+11;18;12;31;730;5;2;2;1;6;387;JEAN JAURES;M;4574732;484314;690
2,02E+11;18;12;31;1455;1;2;1;1;6;383;GARIBALDI;M;4575764;485259;690
2,02E+11;18;12;31;1500;1;2;2;1;3;387;MARCEL MERIEUX;M;4573084;483000;690
2,02E+11;18;1;2;855;1;1;1;2;6;318;ROCADE A 630;M;4479075;-64536;330
2,02E+11;18;1;8;1800;2;1;1;1;4;550;ROCADE A 630;M;4478202;-54345;330
2,02E+11;18;1;9;1230;1;1;1;1;4;192;ROCADE A 630.;M;4478908;-60305;330
2,02E+11;18;1;8;1752;2;1;1;1;6;366;bretelle PR526+850 rйel.;M;4501097;-43045;330
2,02E+11;18;1;10;855;1;1;1;2;2;550;ROCADE A 630;M;4477864;-55443;330
2,02E+11;18;1;10;1225;1;1;1;1;4;63;ROCADE A 630;M;4488358;-55931;330
2,02E+11;18;1;15;840;1;1;1;1;3;96;AUTOROUTE A 10;M;4489368;-49929;330
2,02E+11;18;1;16;25;3;1;1;2;6;143;AUTOROUTE A 10;M;4497304;-43465;330
2,02E+11;18;1;16;910;1;1;1;2;5;80;AUTOROUTE A 62.;M;4474767;-53982;330
2,02E+11;18;1;18;1810;5;1;1;2;4;96;AUTOROUTE A 10;M;4489432;-49857;330
2,02E+11;18;1;20;15;5;1;1;2;6;487;AUTOROUTE A 10;M;4494972;-46308;330
2,02E+11;18;1;20;1010;1;1;1;2;4;63;ROCADE A 630;M;4488093;-54226;330
2,02E+11;18;1;21;530;3;1;1;2;6;143;AUTOROUTE A 10.;M;4495813;-44789;330
2,02E+11;18;1;21;1005;1;1;1;2;6;249;N230 ext vers A630 ext.;M;4488306;-51098;330
2,02E+11;18;1;21;2200;3;1;1;2;6;366;AUTOROUTE A 10;M;4500508;-42747;330
2,02E+11;18;1;22;1344;1;1;1;2;2;13;RN230 йch24;M;4484516;-50194;330
2,02E+11;18;1;24;910;1;1;1;1;3;162;ROCADE A 630;M;4487089;-64276;330
2,02E+11;18;1;24;1400;1;1;1;1;6;281;A630 йch12;M;4481935;-67383;330
2,02E+11;18;1;24;1730;1;1;1;1;3;75;ROCADE A 630;M;4488254;-62348;330
2,02E+11;18;1;25;115;3;1;1;1;3;318;ROCADE A 630;M;4480225;-65882;330
2,02E+11;18;1;25;815;2;1;1;1;2;13;ROUTE NATIONALE 230.;M;4484679;-50277;330
2,02E+11;18;1;25;1920;3;1;1;2;3;39;Ex A 631 PR0+699 reel.;M;4480787;-53196;330
2,02E+11;18;1;26;1217;1;1;1;1;5;96;AUTOROUTE A 10;M;4489058;-50242;330
2,02E+11;18;1;26;1500;1;1;1;1;4;122;AUTOROUTE A 63;M;4474269;-70777;330
2,02E+11;18;1;30;815;1;1;1;1;3;249;RN230 direction Bordeaux;M;4488502;-51182;330
2,02E+11;18;1;31;1900;5;1;1;1;3;550;ROCADE A 630.;M;4478302;-58731;330
2,02E+11;18;2;1;1850;3;1;1;1;5;75;ROCADE A 630;M;4488995;-61252;330
2,02E+11;18;2;3;2150;4;1;1;3;6;249;RN230 PR44+095 reel.;M;4488295;-51103;330
2,02E+11;18;2;4;2125;3;1;1;1;2;281;ROCADE A630 PR16+839 REE;M;4483641;-67620;330
2,02E+11;18;2;5;735;2;1;1;1;7;397;AUTOROUTE A 10.;M;4492093;-47541;330
2,02E+11;18;2;6;740;2;1;1;1;5;397;AUTOROUTE A 10.;M;4490139;-49408;330
2,02E+11;18;2;7;730;2;1;1;1;3;249;A10 PR542+916 reel.;M;4488612;-50755;330
2,02E+11;18;2;12;1725;1;1;1;1;2;550;ROCADE A 630.;M;4477791;-55814;330
2,02E+11;18;2;13;1515;1;1;1;2;2;143;AUTOROUTE A 10.;M;4495636;-45132;330
2,02E+11;18;2;16;725;2;1;1;2;5;63;ROCADE A 630;M;4488256;-55054;330
2,02E+11;18;2;16;1518;1;1;1;1;2;162;ROCADE A 630.;M;4487675;-63249;330
2,02E+11;18;2;16;2050;5;1;1;1;2;397;AUTOROUTE A 10.;M;4491157;-48518;330
2,02E+11;18;2;22;1803;1;1;1;1;4;318;AUTOROUTE A 63;M;4478750;-62395;330
2,02E+11;18;2;22;1935;3;1;1;1;2;162;ROCADE A 630;M;4487510;-63544;330
2,02E+11;18;2;23;1500;1;1;1;1;3;550;A630 йch18;M;4477780;-56254;330
2,02E+11;18;2;26;2200;5;1;1;1;2;63;A630 pont Aquitaine;M;4488305;-55314;330
2,02E+11;18;2;27;735;2;1;1;1;3;192;ROCADE A 630;M;4478958;-60510;330
2,02E+11;18;3;1;725;2;1;1;1;4;75;ROCADE A 630;M;4488853;-58873;330
2,02E+11;18;3;3;1000;1;1;1;1;6;13;ROUTE NATIONALE 230;M;4486600;-50395;330
2,02E+11;18;3;3;1120;1;1;1;1;4;65;ROUTE NATIONALE 230;M;4480901;-52554;330
2,02E+11;18;3;4;555;3;1;1;2;2;80;AUTOROUTE A 62;M;4473589;-53320;330
2,02E+11;18;3;5;2014;4;1;1;1;2;249;ROCADE A 630;M;4488117;-52370;330
2,02E+11;18;3;5;2125;5;1;1;1;3;39;ROCADE A 630;M;4479549;-53879;330
2,02E+11;18;3;6;925;1;1;1;1;4;75;ROCADE A 630;M;4488954;-60366;330
2,02E+11;18;3;6;1930;2;1;1;2;3;366;AUTOROUTE A 10;M;4500780;-42810;330
2,02E+11;18;3;8;800;1;1;1;1;7;397;AUTOROUTE A 10;M;4491898;-47619;330
2,02E+11;18;3;9;705;2;1;1;1;2;281;ROCADE A 630;M;4484456;-67156;330
2,02E+11;18;3;9;1440;1;1;1;1;3;397;A10 йch43 bret entrйe;M;4491025;-48776;330
2,02E+11;18;3;12;918;2;1;1;2;3;162;ROCADE A 630;M;4486744;-64912;330
2,02E+11;18;3;13;850;1;1;1;1;3;13;ROUTE NATIONALE 230.;M;4485090;-50425;330
2,02E+11;18;3;13;815;1;1;1;1;2;90;AUTOROUTE A 63;M;4476640;-66982;330
2,02E+11;18;3;13;1445;1;1;1;1;4;162;ROCADE A 630;M;4486734;-64931;330
2,02E+11;18;3;13;1735;1;1;1;1;4;13;ROUTE NATIONALE 230;M;4484812;-50312;330
2,02E+11;18;3;14;905;1;1;1;1;2;249;ROCADE A 630;M;4488124;-52383;330
2,02E+11;18;3;15;720;1;1;1;2;4;143;AUTOROUTE A 10.;M;4495938;-44635;330
2,02E+11;18;3;15;745;1;1;1;1;6;487;AUTOROUTE A 10;M;4494289;-46630;330
2,02E+11;18;3;15;1546;1;1;1;1;5;39;ROCADE A 630.;M;4480575;-53012;330
2,02E+11;18;3;19;720;1;1;1;1;2;397;A10 bret sortie 43;M;4490821;-48977;330
2,02E+11;18;3;19;1800;1;1;1;2;2;13;ROUTE NATIONALE 230.;M;4486896;-50461;330
2,02E+11;18;3;20;2222;5;1;4;1;3;39;N230/A631 bret insertion;M;4480499;-53122;330
2,02E+11;18;3;21;755;1;1;1;1;3;162;ROCADE A 630.;M;4487093;-64309;330
2,02E+11;18;3;21;820;1;1;1;1;2;80;AUTOROUTE A 62.;M;4473940;-53505;330
2,02E+11;18;3;26;1655;1;1;1;1;3;318;ROCADE A 630.;M;4480597;-66503;330
2,02E+11;18;3;28;905;1;1;1;2;3;96;AUTOROUTE A 10;M;4489147;-50168;330
2,02E+11;18;3;28;948;1;1;1;2;6;122;AUTOROUTE A 63;M;4472235;-73573;330
2,02E+11;18;3;29;800;1;1;1;1;3;366;AUTOROUTE A 10;M;4500887;-42841;330
2,02E+11;18;3;30;1415;1;1;1;1;2;96;AUTOROUTE A 10;M;4489111;-50207;330
2,02E+11;18;3;30;1710;1;1;1;1;3;162;ROCADE A 630;M;4486811;-64757;330
2,02E+11;18;3;30;1745;1;1;1;7;4;63;ROCADE A 630.;M;4488236;-54947;330
2,02E+11;18;3;30;2140;5;1;1;1;3;487;AUTOROUTE A 10;M;4495104;-46169;330
2,02E+11;18;4;3;1110;1;1;1;1;2;90;AUTOROUTE A 63.;M;4477055;-66141;330
2,02E+11;18;4;5;1715;1;1;1;1;5;162;A630 au niveau йch8;M;4486582;-65151;330
2,02E+11;18;4;7;345;5;1;1;1;2;63;ROCADE A 630;M;4488537;-56335;330
2,02E+11;18;4;7;2030;2;1;1;2;1;75;A630 йch6 sens 2;M;4488997;-61289;330
2,02E+11;18;4;7;2045;5;1;1;2;6;23;A62 bret vers Bdx sens 2;M;4469476;-49601;330
2,02E+11;18;4;9;850;2;1;1;2;2;122;AUTOROUTE A 63.;M;4473084;-72517;330
2,02E+11;18;4;12;1045;1;1;1;1;3;65;ROUTE NATIONALE 230;M;4480885;-52576;330
2,02E+11;18;4;13;1420;1;1;1;1;3;90;AUTOROUTE A 63;M;4476223;-67665;330
2,02E+11;18;4;13;1425;1;1;1;1;2;90;AUTOROUTE A 63;M;4476255;-67656;330
2,02E+11;18;4;13;1745;1;1;1;1;4;397;AUTOROUTE A 10;M;4492342;-47375;330
2,02E+11;18;4;13;2250;5;1;1;3;4;63;ROCADE A 630;M;4488150;-54595;330
2,02E+11;18;4;15;325;3;1;1;1;2;448;AUTOROUTE A 62;M;4471380;-51714;330
2,02E+11;18;4;17;645;2;1;1;1;2;23;AUTOROUTE A 62;M;4468800;-49270;330
2,02E+11;18;4;17;835;1;1;1;1;3;162;ROCADE A 630;M;4487176;-64160;330
2,02E+11;18;4;18;1440;1;1;1;1;2;39;ROCADE A 630;M;4479185;-54016;330
2,02E+11;18;4;19;810;1;1;1;1;3;162;ROCADE A 630;M;4487959;-62799;330
2,02E+11;18;4;19;2300;3;1;1;1;6;122;AUTOROUTE A 63;M;4475496;-68833;330
2,02E+11;18;4;20;1631;1;1;1;1;4;162;ROCADE A 630;M;4487582;-63418;330
2,02E+11;18;4;23;1755;1;1;1;1;2;143;AUTOROUTE A 10.;M;4495678;-45046;330
2,02E+11;18;4;24;815;1;1;1;1;4;90;AUTOROUTE A 63.;M;4476363;-67455;330
2,02E+11;18;4;26;1310;1;1;1;1;5;39;ROUTE NATIONALE 230.;M;4480728;-52789;330
2,02E+11;18;4;28;540;5;1;1;2;6;63;A630 bret entrйe йch 4c.;M;4488261;-56087;330
2,02E+11;18;4;28;630;5;1;1;1;5;119;ROUTE NATIONALE 230;M;4486394;-50398;330
2,02E+11;18;4;28;2210;5;1;1;2;6;550;A62 йch19 sens 1;M;4477820;-55926;330
2,02E+11;18;4;29;1050;1;1;1;1;2;249;RN230 йch 1 bret -> A10;M;4488411;-51139;330
2,02E+11;18;5;3;1520;1;1;1;1;3;318;AUTOROUTE A 63;M;4478133;-63672;330
2,02E+11;18;5;3;1745;1;1;1;1;4;13;ROUTE NATIONALE 230;M;4484874;-50342;330
2,02E+11;18;5;9;1926;1;1;1;1;3;550;ROCADE A 630;M;4477826;-56545;330
2,02E+11;18;5;11;1615;1;1;1;1;3;90;AUTOROUTE A 63;M;4476686;-66897;330
2,02E+11;18;5;12;1440;1;1;1;2;5;448;AUTOROUTE A 62;M;4472206;-52354;330
2,02E+11;18;5;14;600;3;1;1;1;2;366;AUTOROUTE A 10;M;4498647;-42768;330
2,02E+11;18;5;15;1430;1;1;1;1;6;397;AUTOROUTE A 10;M;4491159;-48529;330
2,02E+11;18;5;16;840;1;1;1;1;2;550;ROCADE A 630;M;4478184;-58283;330
2,02E+11;18;5;16;1535;1;1;1;1;3;63;йch4 bret > pont Aquitai;M;4488407;-55925;330
2,02E+11;18;5;18;1830;1;1;1;1;2;96;AUTOROUTE A 10;M;4489002;-50334;330
2,02E+11;18;5;18;2000;1;1;1;1;4;167;ROUTE NATIONALE 230;M;4484260;-50161;330
2,02E+11;18;5;21;2355;5;1;1;1;2;39;ROCADE A 630;M;4479833;-53714;330
2,02E+11;18;5;22;918;1;1;1;1;4;192;ROCADE A 630.;M;4478656;-59599;330
2,02E+11;18;5;23;847;1;1;1;1;3;39;ROCADE A 630;M;4478942;-54088;330
2,02E+11;18;5;25;830;1;1;1;1;3;3;AUTOROUTE A 10;M;4492759;-47126;330
2,02E+11;18;5;25;1130;1;1;1;2;2;96;AUTOROUTE A 10;M;4489074;-50249;330
2,02E+11;18;5;26;1510;1;1;1;1;5;39;ROCADE A 630.;M;4479407;-53964;330
2,02E+11;18;5;28;830;1;1;1;2;6;487;AUTOROUTE A 10;M;4495135;-46139;330
2,02E+11;18;5;28;1741;1;1;1;1;2;281;ROCADE A 630;M;4484016;-67492;330
2,02E+11;18;5;30;1825;1;1;1;1;7;162;ROCADE A 630;M;4487889;-62884;330
2,02E+11;18;5;31;1610;1;1;1;1;4;13;ROUTE NATIONALE 230;M;4485699;-50492;330
2,02E+11;18;6;2;310;3;1;1;1;6;122;AUTOROUTE A 63;M;4472918;-72728;330
2,02E+11;18;6;5;845;1;1;1;1;3;550;A630 entre йch19 et 18;M;4477775;-56186;330
2,02E+11;18;6;5;1650;1;1;1;1;4;13;ROUTE NATIONALE 230;M;4485265;-50495;330
2,02E+11;18;6;5;1745;1;1;1;1;4;63;ROCADE A 630;M;4488550;-56336;330
2,02E+11;18;6;8;645;1;1;1;1;5;96;AUTOROUTE A10;M;4489725;-49584;330
2,02E+11;18;6;8;2043;2;1;1;1;2;318;A630ech15int>A63 PR0+500;M;4478513;-62920;330
2,02E+11;18;6;9;110;5;1;1;1;2;318;ROCADE A 630;M;4478815;-63182;330
2,02E+11;18;6;9;2215;2;1;1;1;6;122;AUTOROUTE A 63;M;4475702;-68472;330
2,02E+11;18;6;13;1655;1;1;1;1;3;550;ROCADE A 630;M;4477992;-57560;330
2,02E+11;18;6;14;805;1;1;1;1;2;39;ROCADE A 630;M;4480288;-53307;330
2,02E+11;18;6;14;1835;1;1;1;1;3;192;AUTOROUTE A 63;M;4478389;-63100;330
2,02E+11;18;6;17;1600;1;1;1;1;6;143;AUTOROUTE A 10;M;4496913;-43660;330
2,02E+11;18;6;18;955;1;1;1;2;4;80;AUTOROUTE A 62;M;4474766;-53983;330
2,02E+11;18;6;20;1350;1;1;1;1;5;75;ROCADE A 630;M;4488918;-59830;330
2,02E+11;18;6;22;1730;1;1;1;1;2;80;AUTOROUTE A 62;M;4475896;-54619;330
2,02E+11;18;6;22;2015;1;1;1;1;4;192;ROCADE A 630;M;4478703;-59763;330
2,02E+11;18;6;24;1130;1;1;1;7;2;90;A 63 PR2+546 REEL;M;4477416;-65351;330
2,02E+11;18;6;26;700;1;1;1;1;2;281;A630 йch 10 bretelle;M;4484535;-67139;330
2,02E+11;18;6;26;955;1;1;1;1;4;550;AUTOROUTE A 62;M;4477418;-55627;330
2,02E+11;18;6;26;1230;1;1;1;1;3;65;RN230 йch 23;M;4481453;-52054;330
2,02E+11;18;6;27;925;1;1;1;1;3;75;ROCADE A 630;M;4488957;-60415;330
2,02E+11;18;6;27;1708;1;1;1;1;4;63;ROCADE A 630.;M;4488323;-55460;330
2,02E+11;18;6;28;845;1;1;1;1;2;550;ROCADE A 630;M;4477895;-55281;330
2,02E+11;18;6;28;1830;1;1;1;1;4;80;AUTOROUTE A 62;M;4473001;-52962;330
2,02E+11;18;6;30;2150;2;1;1;3;3;192;A630 йch 15;M;4478987;-61276;330
2,02E+11;18;7;1;700;1;1;1;1;6;192;ROCADE A 630;M;4478941;-61834;330
2,02E+11;18;7;1;1550;1;1;1;1;7;75;ROCADE A 630.;M;4488119;-62525;330
2,02E+11;18;7;2;1735;1;1;1;1;5;3;AUTOROUTE A 10;M;4493419;-46761;330
2,02E+11;18;7;4;135;4;1;1;1;6;162;ROCADE A 630;M;4485777;-66219;330
2,02E+11;18;7;5;945;1;1;1;1;4;143;AUTOROUTE A 10;M;4495997;-44527;330
2,02E+11;18;7;5;2215;3;1;1;1;6;281;A630 acces station carb;M;4484970;-66781;330
2,02E+11;18;7;7;945;1;1;1;1;4;143;AUTOROUTE A 10.;M;4495677;-45090;330
2,02E+11;18;7;8;540;2;1;1;1;2;366;A10 VD niveau йch40.b;M;4498499;-42781;330
2,02E+11;18;7;9;1435;1;1;1;1;2;281;ROCADE A 630;M;4483194;-67617;330
2,02E+11;18;7;9;1435;1;1;1;1;2;13;ROUTE NATIONALE 230;M;4486651;-50403;330
2,02E+11;18;7;9;1730;1;1;1;1;3;75;ROCADE A 630;M;4488335;-62257;330
2,02E+11;18;7;11;1510;1;1;1;1;4;249;ROUTE NATIONALE 230;M;4486969;-50497;330
2,02E+11;18;7;11;1620;1;1;1;1;3;487;AUTOROUTE A 10;M;4494223;-46625;330
2,02E+11;18;7;11;1605;1;1;1;1;2;122;AUTOROUTE A 63;M;4475923;-68129;330
2,02E+11;18;7;12;700;1;1;1;7;5;3;AUTOROUTE A 10;M;4492938;-47005;330
2,02E+11;18;7;12;1525;1;1;1;1;2;249;ROCADE A 630.;M;4488331;-51786;330
2,02E+11;18;7;13;1530;1;1;1;1;4;487;AUTOROUTE A 10.;M;4494289;-46629;330
2,02E+11;18;7;14;1025;1;1;1;1;2;249;ROUTE NATIONALE 230;M;4487444;-50747;330
2,02E+11;18;7;15;1510;1;1;1;1;4;96;AUTOROUTE A10;M;4488861;-50478;330
2,02E+11;18;7;16;2240;3;1;1;1;6;143;A10 _NATINF 22596;M;4497051;-43557;330
2,02E+11;18;7;19;220;3;1;1;1;6;80;AUTOROUTE A 62;M;4475950;-54650;330
2,02E+11;18;7;18;800;1;1;1;1;2;192;AUTOROUTE A 63;M;4477877;-64209;330
2,02E+11;18;7;20;2340;3;1;1;1;2;96;AUTOROUTE A 10;M;4489005;-50326;330
2,02E+11;18;7;21;20;3;1;1;1;2;192;AUTOROUTE A 63;M;4477883;-64207;330
2,02E+11;18;7;23;1230;1;1;1;1;4;63;ROCADE A 630;M;4488762;-57570;330
2,02E+11;18;7;23;1320;1;1;1;1;4;397;AUTOROUTE A 10;M;4491922;-47623;330
2,02E+11;18;7;24;1000;1;1;1;1;4;90;AUTOROUTE A 63.;M;4477168;-65929;330
2,02E+11;18;7;24;1740;1;1;1;1;4;75;ROCADE A 630;M;4488855;-59163;330
2,02E+11;18;7;26;1445;1;1;1;1;2;75;ROCADE A 630;M;4488977;-61662;330
2,02E+11;18;7;30;1145;1;1;1;1;4;550;ROCADE A 630;M;4477843;-55542;330
2,02E+11;18;8;1;1235;1;1;1;1;4;143;A10.;M;4495758;-44941;330
2,02E+11;18;8;2;1610;1;1;1;1;2;96;AUTOROUTE A 10;M;4489019;-50317;330
2,02E+11;18;8;2;2037;1;1;1;1;3;39;ROCADE A 630;M;4479973;-53594;330
2,02E+11;18;8;3;1802;1;1;1;1;3;281;ROCADE A 630.;M;4485102;-66689;330
2,02E+11;18;8;4;115;5;1;1;1;4;96;AUTOROUTE A10;M;4489126;-50199;330
2,02E+11;18;8;4;1745;1;1;1;1;2;281;ROCADE A 630;M;4484613;-67075;330
2,02E+11;18;8;6;1210;1;1;1;1;3;90;AUTOROUTE A 63;M;4476714;-66879;330
2,02E+11;18;8;8;1430;1;1;1;1;2;13;ROUTE NATIONALE 230;M;4484414;-50138;330
2,02E+11;18;8;11;950;1;1;1;1;4;96;AUTOROUTE A 10;M;4489020;-50317;330
2,02E+11;18;8;12;1635;1;1;1;1;2;122;AUTOROUTE A 63;M;4474315;-70653;330
2,02E+11;18;8;14;1815;1;1;1;1;6;249;ROCADE A 630;M;4488473;-51417;330
2,02E+11;18;8;16;1520;1;1;1;1;7;281;ROCADE A 630;M;4485774;-66220;330
2,02E+11;18;8;16;2217;5;1;1;1;6;39;A631 PR0+563 reel;M;4480670;-53186;330
2,02E+11;18;8;20;1135;1;1;1;1;2;249;ROUTE NATIONALE 230;M;4487176;-50571;330
2,02E+11;18;8;25;1915;1;1;1;1;2;550;AUTOROUTE A 62;M;4477400;-55633;330
2,02E+11;18;8;26;1525;1;1;1;1;2;13;ROUTE NATIONALE 230;M;4485835;-50458;330
2,02E+11;18;8;28;240;5;1;1;1;6;249;ROUTE NATIONALE 230;M;4487566;-50778;330
2,02E+11;18;8;31;1515;1;1;1;1;2;397;A10 dans bret йch43;M;4490801;-48816;330
2,02E+11;18;8;31;1620;1;1;1;1;3;281;ROCADE A 630;M;4483393;-67645;330
2,02E+11;18;9;2;1900;1;1;1;1;5;550;ROCADE A 630;M;4478213;-58451;330
2,02E+11;18;9;2;2000;1;1;1;1;6;122;AUTOROUTE A 63;M;4475192;-69237;330
2,02E+11;18;9;7;815;1;1;1;1;3;80;AUTOROUTE A 62;M;4474595;-53882;330
2,02E+11;18;9;7;2015;1;1;1;1;4;65;ROUTE NATIONALE 230.;M;4480896;-52563;330
2,02E+11;18;9;8;1430;1;1;1;1;6;550;AUTOROUTE A 62;M;4477617;-55769;330
2,02E+11;18;9;9;1645;1;1;1;1;3;90;AUTOROUTE A 63;M;4476467;-67279;330
2,02E+11;18;9;10;815;1;1;1;1;2;162;ROCADE A 630;M;4486300;-65645;330
2,02E+11;18;9;10;1735;1;1;1;1;2;90;AUTOROUTE A 63;M;4476124;-67822;330
2,02E+11;18;9;11;715;2;1;1;1;4;13;ROUTE NATIONALE 230;M;4486098;-50419;330
2,02E+11;18;9;11;920;1;1;1;1;4;39;ROUTE NATIONALE 230;M;4480685;-52874;330
2,02E+11;18;9;14;815;1;1;1;1;2;167;ROUTE NATIONALE 230;M;4481949;-52010;330
2,02E+11;18;9;15;855;1;1;1;1;6;192;ROCADE A 630.;M;4478580;-59400;330
2,02E+11;18;9;18;700;4;1;1;1;3;96;AUTOROUTE A 10;M;4490675;-49180;330
2,02E+11;18;9;19;727;2;1;1;1;3;96;AUTOROUTE A10;M;4488846;-50485;330
2,02E+11;18;9;19;754;1;1;1;1;2;65;ROUTE NATIONALE 230;M;4481140;-52220;330
2,02E+11;18;9;19;1525;1;1;1;1;6;192;ROCADE A 630;M;4478675;-59644;330
2,02E+11;18;9;20;645;5;1;1;1;3;550;ROCADE A 630;M;4478212;-54357;330
2,02E+11;18;9;20;1800;1;1;1;1;2;39;A630;M;4478813;-54102;330
2,02E+11;18;9;21;1255;1;1;1;2;2;281;ROCADE A 630;M;4482895;-67552;330
2,02E+11;18;9;21;1430;1;1;1;2;4;162;ROCADE A 630;M;4487086;-64279;330
2,02E+11;18;9;22;2340;3;1;1;1;6;474;AUTOROUTE A 62;M;4467789;-48483;330
2,02E+11;18;9;23;1555;1;1;1;1;4;96;AUTOROUTE A 10;M;4489084;-50247;330
2,02E+11;18;9;25;810;1;1;1;1;3;75;ROCADE A 630;M;4488247;-62326;330
2,02E+11;18;9;26;755;1;1;1;1;2;281;ROCADE A 630;M;4483718;-67632;330
2,02E+11;18;9;27;900;1;1;1;1;3;550;ROCADE A 630;M;4478014;-57607;330
2,02E+11;18;9;27;900;1;1;1;1;3;75;ROCADE A 630;M;4488988;-61125;330
2,02E+11;18;9;27;1000;1;1;1;1;3;13;ROUTE NATIONALE 230;M;4484845;-50326;330
2,02E+11;18;9;28;655;3;1;1;1;2;474;AUTOROUTE A 62;M;4466990;-47113;330
2,02E+11;18;9;28;720;2;1;1;5;7;80;AUTOROUTE A 62;M;4473855;-53456;330
2,02E+11;18;9;28;1805;1;1;1;1;3;75;ROCADE A 630;M;4488855;-59164;330
2,02E+11;18;9;28;1915;1;1;1;1;7;65;ROUTE NATIONALE 230.;M;4480907;-52545;330
2,02E+11;18;9;28;2035;5;1;1;1;3;397;AUTOROUTE A 10;M;4490830;-49063;330
2,02E+11;18;10;2;800;2;1;1;1;3;167;ROUTE NATIONALE 230;M;4482298;-51305;330
2,02E+11;18;10;3;1440;1;1;1;1;2;192;ROCADE A 630;M;4478947;-61978;330
2,02E+11;18;10;4;1705;1;1;1;1;3;281;ROCADE A 630;M;4483877;-67555;330
2,02E+11;18;10;5;645;4;1;1;1;2;281;ROCADE A 630;M;4484057;-67441;330
2,02E+11;18;10;6;1544;1;1;1;1;5;63;ROCADE A 630;M;4488378;-55733;330
2,02E+11;18;10;7;1900;1;1;1;2;3;39;ROCADE A 630;M;4479381;-53975;330
2,02E+11;18;10;7;2020;2;1;1;1;2;90;AUTOROUTE A 63;M;4477010;-66234;330
2,02E+11;18;10;9;1725;2;1;1;1;7;318;ROCADE A 630;M;4478912;-62135;330
2,02E+11;18;10;11;740;2;1;1;1;3;3;AUTOROUTE A 10;M;4492591;-47238;330
2,02E+11;18;10;12;1505;1;1;1;1;3;192;AUTOROUTE A 63;M;4478376;-63134;330
2,02E+11;18;10;16;945;1;1;1;1;4;80;AUTOROUTE A 62;M;4474767;-53982;330
2,02E+11;18;10;17;730;1;1;1;1;3;96;AUTOROUTE A 10;M;4489147;-50168;330
2,02E+11;18;10;19;2252;5;1;1;1;4;63;ROCADE A 630;M;4488169;-54684;330
2,02E+11;18;10;21;530;5;1;1;1;6;39;A631 PR0+240 reel;M;4480386;-53286;330
2,02E+11;18;10;22;1823;1;1;1;1;5;167;ROUTE NATIONALE 230;M;4482273;-51361;330
2,02E+11;18;10;23;1725;1;1;1;1;5;167;ROUTE NATIONALE 230;M;4484347;-50170;330
2,02E+11;18;10;26;1550;1;1;1;1;4;397;AUTOROUTE A 10;M;4491286;-48293;330
2,02E+11;18;10;26;1750;1;1;1;1;2;63;ROCADE A 630;M;4488545;-56364;330
2,02E+11;18;10;27;530;4;1;1;1;6;90;AUTOROUTE A 63;M;4476108;-67882;330
2,02E+11;18;10;28;1415;1;1;1;3;6;162;A630 bret sorti ech9 ext;M;4485933;-66091;330
2,02E+11;18;10;29;1500;1;1;1;1;2;550;ROCADE A 630;M;4478213;-58389;330
2,02E+11;18;10;31;1220;1;1;1;2;6;65;RN230 Bret Sortie ech22B;M;4481063;-52154;330
2,02E+11;18;11;2;1540;1;1;1;1;2;249;ROUTE NATIONALE 230;M;4487787;-50900;330
2,02E+11;18;11;2;2340;5;1;1;1;3;249;ROCADE A 630;M;4487924;-53387;330
2,02E+11;18;11;4;1725;1;1;1;1;2;213;AUTOROUTE A 62;M;4468409;-49024;330
2,02E+11;18;11;5;705;5;1;1;1;4;13;ROUTE NATIONALE 230;M;4485328;-50527;330
2,02E+11;18;11;5;1715;1;1;1;1;2;23;AUTOROUTE A 62;M;4469292;-49545;330