Num_Acc;an;mois;jour;hrmn;lum;agg;int;atm;col;com;adr;gps;lat;long;dep
2,02E+11;18;11;6;840;1;1;1;2;3;3;AUTOROUTE A 10;M;4492671;-47183;330
2,02E+11;18;11;6;1815;3;1;1;2;7;75;ROCADE A 630;M;4488929;-61744;330
2,02E+11;18;11;7;1915;4;1;1;1;2;13;ROUTE NATIONALE 230;M;4485162;-50448;330
2,02E+11;18;11;8;610;3;1;1;1;4;80;AUTOROUTE A 62;M;4473111;-53015;330
2,02E+11;18;11;8;1810;2;1;1;1;3;192;ROCADE A 630;M;4478953;-61683;330
2,02E+11;18;11;8;1810;3;1;1;1;6;63;ROCADE A 630;M;4488479;-56142;330
2,02E+11;18;11;9;940;1;1;1;1;2;162;ROCADE A 630;M;4486609;-65128;330
2,02E+11;18;11;9;1255;1;1;1;1;5;39;ROUTE NATIONALE 230.;M;4480480;-53175;330
2,02E+11;18;11;11;230;3;1;1;1;2;80;AUTOROUTE A 62.;M;4473115;-53019;330
2,02E+11;18;11;11;850;1;1;1;1;6;39;ROCADE A 630;M;4479555;-53964;330
2,02E+11;18;11;11;1945;4;1;1;2;3;192;ROCADE A 630;M;4478964;-61489;330
2,02E+11;18;11;13;1905;3;1;1;1;2;162;ROCADE A 630;M;4486008;-65968;330
2,02E+11;18;11;13;1845;3;1;1;1;4;122;AUTOROUTE A 63;M;4475345;-69008;330
2,02E+11;18;11;14;635;3;1;1;1;2;3;AUTOROUTE A 10;M;4493581;-46748;330
2,02E+11;18;11;15;830;1;1;1;1;3;39;ROCADE A 630.;M;4479662;-53836;330
2,02E+11;18;11;16;908;1;1;1;1;2;249;ROUTE NATIONALE 230;M;4486959;-50481;330
2,02E+11;18;11;16;1000;1;1;1;1;3;13;RN230 йch25;M;4484734;-50281;330
2,02E+11;18;11;16;1920;5;1;1;1;3;63;ROCADE A 630;M;4488313;-55407;330
2,02E+11;18;11;18;1530;1;1;1;1;2;366;AUTOROUTE A 10;M;4499168;-42692;330
2,02E+11;18;11;20;2150;3;1;1;1;2;550;ROCADE A 630.;M;4478178;-54408;330
2,02E+11;18;11;23;850;1;1;1;2;3;162;ROCADE A 630;M;4486741;-64920;330
2,02E+11;18;11;24;2040;5;1;1;1;2;249;ROUTE NATIONALE 230;M;4487699;-50882;330
2,02E+11;18;11;18;830;1;1;1;1;7;63;ROCADE A 630;M;4488330;-55513;330
2,02E+11;18;11;26;1855;5;1;1;1;3;192;ROCADE A 630;M;4478991;-61431;330
2,02E+11;18;11;27;925;1;1;1;1;5;13;ROUTE NATIONALE 230;M;4485851;-50448;330
2,02E+11;18;11;27;1240;1;1;1;1;4;122;AUTOROUTE A 63;M;4473319;-72181;330
2,02E+11;18;11;27;1750;2;1;1;1;4;281;ROCADE A 630;M;4484666;-67001;330
2,02E+11;18;11;28;900;1;1;1;1;5;192;AUTOROUTE A 63;M;4478116;-63655;330
2,02E+11;18;11;28;1910;5;1;1;1;6;318;ROCADE A 630;M;4478893;-62293;330
2,02E+11;18;11;29;2050;3;1;1;3;6;448;AUTOROUTE A 62;M;4470805;-51112;330
2,02E+11;18;11;30;1500;1;1;1;1;2;80;AUTOROUTE A 62;M;4474723;-53958;330
2,02E+11;18;12;1;530;4;1;1;1;2;143;AUTOROUTE A 10;M;4496587;-43942;330
2,02E+11;18;12;1;2025;5;1;1;2;4;249;ROCADE A 630.;M;4488272;-52130;330
2,02E+11;18;12;1;2245;5;1;1;2;5;63;ROCADE A 630;M;4488318;-55404;330
2,02E+11;18;12;3;815;2;1;1;2;6;13;ROUTE NATIONALE 230;M;4486681;-50410;330
2,02E+11;18;12;2;20;4;1;1;1;2;13;ROUTE NATIONALE 230;M;4484737;-50276;330
2,02E+11;18;12;3;1520;1;1;1;1;7;249;Bret N230 E vers A630 E;M;4488504;-51170;330
2,02E+11;18;12;3;1910;5;1;1;1;2;550;ROCADE A 630;M;4477781;-56259;330
2,02E+11;18;12;4;1800;5;1;1;1;4;63;ROCADE A 630;M;4488321;-55440;330
2,02E+11;18;12;5;915;1;1;1;1;4;75;ROCADE A 630;M;4488979;-60713;330
2,02E+11;18;12;7;130;5;1;1;1;4;63;ROCADE A 630;M;4488227;-54979;330
2,02E+11;18;12;7;810;2;1;1;1;2;122;AUTOROUTE A 63;M;4475633;-68567;330
2,02E+11;18;12;7;830;2;1;1;1;4;162;ROCADE A 630;M;4487857;-62980;330
2,02E+11;18;12;7;1800;5;1;1;8;4;550;ROCADE A 630;M;4477814;-56584;330
2,02E+11;18;12;11;2345;4;1;1;1;2;75;ROCADE A 630;M;4488873;-59464;330
2,02E+11;18;12;11;755;2;1;1;1;2;96;AUTOROUTE A 10;M;4489567;-49714;330
2,02E+11;18;12;11;810;1;1;1;1;3;550;ROCADE A 630;M;4477819;-55564;330
2,02E+11;18;12;11;1300;1;1;1;1;5;39;ROCADE A 630;M;4478880;-54079;330
2,02E+11;18;12;11;1845;3;1;1;1;4;281;ROCADE A 630;M;4484726;-66951;330
2,02E+11;18;12;12;2115;4;1;1;1;2;13;ROUTE NATIONALE 230;M;4486054;-50421;330
2,02E+11;18;12;14;1015;1;1;1;1;6;550;AUTOROUTE A 62.;M;4476010;-54662;330
2,02E+11;18;12;14;1040;1;1;1;1;2;90;AUTOROUTE A 63;M;4476401;-67379;330
2,02E+11;18;12;14;1100;1;1;1;1;3;487;AUTOROUTE A 10;M;4494582;-46576;330
2,02E+11;18;12;15;30;3;1;1;1;5;366;AUTOROUTE A 10;M;4499452;-42681;330
2,02E+11;18;12;16;800;2;1;1;1;5;249;ROCADE RN 230;M;4487623;-50810;330
2,02E+11;18;12;16;845;1;1;1;2;3;281;ROCADE A 630;M;4483389;-67648;330
2,02E+11;18;12;16;1255;1;1;1;3;6;550;A62;M;4477855;-55651;330
2,02E+11;18;12;17;1;5;1;1;2;6;249;ROUTE NATIONALE 230;M;4487829;-50921;330
2,02E+11;18;12;17;745;2;1;1;2;3;397;AUTOROUTE A 10;M;4491760;-47719;330
2,02E+11;18;12;17;745;2;1;1;1;2;249;ROUTE NATIONALE 230;M;4488211;-51124;330
2,02E+11;18;12;17;820;1;1;1;1;2;249;ROUTE NATIONALE 230;M;4488211;-51124;330
2,02E+11;18;12;17;1555;1;1;1;1;3;550;ROCADE A 630;M;4477752;-56076;330
2,02E+11;18;12;18;905;1;1;1;1;2;318;ROCADE A 630;M;4480396;-66207;330
2,02E+11;18;12;19;1910;3;1;1;2;4;75;ROCADE A 630;M;4488812;-61949;330
2,02E+11;18;12;20;1810;5;1;1;1;2;550;ROCADE A 630;M;4478267;-58379;330
2,02E+11;18;12;21;1830;3;1;1;3;5;281;ROCADE A 630;M;4485083;-66701;330
2,02E+11;18;12;21;2108;4;1;1;2;6;318;ROCADE A 630;M;4481154;-67187;330
2,02E+11;18;12;27;110;5;1;1;5;6;249;Route Nationale 230;M;4488481;-51261;330
2,02E+11;18;12;28;1525;1;1;1;1;3;192;ROCADE A 630;M;4478969;-60481;330
2,02E+11;18;12;28;1610;1;1;1;1;2;397;AUTOROUTE A 10;M;4492001;-47591;330
2,02E+11;18;1;13;417;4;1;1;1;2;482;Autoroute A.35;M;;;670
2,02E+11;18;1;22;1140;1;1;1;2;6;482;Route Nationale 2350;M;4859247;773677;670
2,02E+11;18;2;12;730;2;1;1;1;2;118;Autoroute A.351;M;4859222;767913;670
2,02E+11;18;2;12;1100;1;1;1;1;5;447;Autoroute A.4;M;4860123;773405;670
2,02E+11;18;2;13;1800;2;1;1;1;4;43;Autoroute A.4;M;4861905;772588;670
2,02E+11;18;2;15;1406;1;1;1;1;2;365;Autoroute A.35;M;4854858;772980;670
2,02E+11;18;2;13;840;1;1;1;1;2;482;Autoroute A.351;M;4858751;771119;670
2,02E+11;18;2;21;1750;2;1;9;1;5;152;Autoroute A.35;M;4852814;768959;670
2,02E+11;18;3;6;1450;1;1;1;1;3;365;Autoroute A.35;M;4853601;770771;670
2,02E+11;18;3;9;1515;1;1;1;8;3;482;Autoroute A.35;M;4858190;772400;670
2,02E+11;18;3;15;1055;1;1;1;1;5;482;Autoroute A.35;M;4856344;773323;670
2,02E+11;18;3;21;655;1;1;1;1;6;482;Bretelle sortie autorout;M;4859678;774125;670
2,02E+11;18;3;27;1330;1;1;1;1;2;482;Autoroute A.35;M;4858629;772643;670
2,02E+11;18;3;31;2215;3;1;1;1;7;482;Bretelle accЉs autoroute;M;;;670
2,02E+11;18;3;28;1515;1;1;9;2;4;137;Route D‚partementale 108;M;4850686;769588;670
2,02E+11;18;4;4;900;1;1;1;1;2;389;Autoroute A.4;M;4864268;773143;670
2,02E+11;18;4;9;1745;1;1;1;7;6;118;Autoroute A.351;M;4859168;768334;670
2,02E+11;18;4;12;1930;1;1;1;1;7;218;R.N. 353;M;4849825;774085;670
2,02E+11;18;4;16;1135;1;1;1;1;4;471;Autoroute A4;M;4862505;772541;670
2,02E+11;18;4;12;1730;1;1;1;1;4;365;Autoroute A.35;M;4853733;771549;670
2,02E+11;18;4;27;710;1;1;1;1;5;482;Autoroute A.35;M;4855361;773250;670
2,02E+11;18;4;27;1530;1;1;1;1;4;218;Autoroute A.35;M;4853153;769554;670
2,02E+11;18;4;30;1200;1;1;1;1;2;137;Route D‚partementale 108;M;4850325;769379;670
2,02E+11;18;4;27;1720;1;1;1;1;2;482;Bretelle accЉs autoroute;M;4859396;774441;670
2,02E+11;18;5;6;2025;1;1;1;1;3;482;Autoroute A.35;M;4856091;773347;670
2,02E+11;18;5;3;810;1;1;1;1;4;482;Autoroute A.351;M;4858636;771867;670
2,02E+11;18;5;2;1900;1;1;1;1;6;137;Route D‚partementale 108;M;4850510;769523;670
2,02E+11;18;5;14;1500;1;1;1;1;6;482;Autoroute A.35;M;4858264;772399;670
2,02E+11;18;5;9;1630;1;1;1;1;2;482;Autoroute A.35;M;4857984;772453;670
2,02E+11;18;5;14;835;1;1;1;1;5;218;Autoroute A.35;M;4854628;772784;670
2,02E+11;18;5;29;1320;1;1;1;1;3;482;Bretelle sortie autorout;M;4854476;773134;670
2,02E+11;18;5;28;1205;1;1;1;1;2;482;Bretelle sortie autorout;M;4857127;772894;670
2,02E+11;18;5;31;1645;1;1;1;1;3;152;Autoroute A.35;M;4852705;768091;670
2,02E+11;18;6;6;1400;1;2;1;1;6;482;Bretelle accЉs autoroute;M;4858430;772394;670
2,02E+11;18;6;6;1745;1;1;1;8;7;118;Autoroute A.351;M;4831374;740513;670
2,02E+11;18;6;7;2123;2;1;1;1;4;365;Autoroute A.35;M;4853000;771000;670
2,02E+11;18;6;5;1820;1;1;1;1;2;43;Autoroute A.4;M;4861472;772660;670
2,02E+11;18;6;12;850;1;1;1;1;4;152;Route Nationale 83;M;4852673;769477;670
2,02E+11;18;6;7;1455;1;1;1;1;3;152;Route Nationale 83;M;4852868;769397;670
2,02E+11;18;6;21;1647;1;1;1;7;2;482;Autoroute A.35;M;4856556;773286;670
2,02E+11;18;6;26;1730;1;1;1;1;4;447;Autoroute A.4;M;4860041;773558;670
2,02E+11;18;6;22;1325;1;1;1;1;7;365;Autoroute A.35;M;4853597;770832;670
2,02E+11;18;6;22;1600;1;1;1;1;2;482;Autoroute A.35;M;4857996;772428;670
2,02E+11;18;7;11;1810;1;1;1;1;2;309;Autoroute A.4;M;4864325;773194;670
2,02E+11;18;7;26;2155;3;1;1;1;2;482;Autoroute A.35;M;4856401;773303;670
2,02E+11;18;8;2;1810;1;1;9;1;2;137;Route D‚partementale 108;M;4850357;769374;670
2,02E+11;18;8;28;1630;1;1;9;1;4;137;Route D‚partementale 108;M;4850300;769360;670
2,02E+11;18;8;29;1755;1;1;1;1;2;218;Autoroute A.35;M;4554284;772370;670
2,02E+11;18;8;30;2320;3;1;1;1;7;482;Autoroute A.35;M;4857458;773058;670
2,02E+11;18;9;8;1123;1;1;1;1;2;124;Autoroute A.35;M;4852690;767858;670
2,02E+11;18;9;14;1415;1;1;1;1;3;365;Autoroute A.35;M;4853000;770000;670
2,02E+11;18;9;17;2130;3;1;1;1;4;482;Autoroute A.35;M;4859091;773400;670
2,02E+11;18;9;20;1041;1;1;1;1;4;152;Route Nationale 83;M;4852479;769557;670
2,02E+11;18;10;12;1626;1;1;1;1;4;482;Autoroute A.35;M;4857711;772692;670
2,02E+11;18;10;20;310;3;1;1;1;5;471;Autoroute A.4;M;4863765;772753;670
2,02E+11;18;10;27;1035;1;2;1;1;3;137;Route Dйpartementale 108;M;4850376;769418;670
2,02E+11;18;10;29;1035;1;1;1;1;3;365;Autoroute A.35;M;4853590;770630;670
2,02E+11;18;11;2;700;1;1;1;1;3;365;Autoroute A.35;M;4853425;770021;670
2,02E+11;18;11;1;713;2;1;9;1;6;389;Autoroute A.4;M;4858300;745050;670
2,02E+11;18;11;5;1415;1;1;1;1;5;218;Route D‚partementale 468;M;4854401;773370;670
2,02E+11;18;11;12;957;1;1;1;1;4;447;Autoroute A.4;M;4860988;772694;670
2,02E+11;18;11;13;745;1;1;1;2;6;482;Bretelle accиs autoroute;M;4857448;773047;670
2,02E+11;18;11;23;1735;3;1;1;1;4;482;N.4 CONTOURNEMENT-SUD;M;4857075;773934;670
2,02E+11;18;11;24;1853;3;1;1;1;4;447;Autoroute A.4;M;4861103;772680;670
2,02E+11;18;11;20;2010;4;1;1;2;3;218;Autoroute A.35;M;4854383;772466;670
2,02E+11;18;12;3;1645;3;1;1;2;2;309;Autoroute A4;M;4863605;772538;670
2,02E+11;18;12;6;1350;1;1;1;1;2;482;Autoroute A.35;M;4856683;773240;670
2,02E+11;18;12;10;1925;3;1;1;2;4;482;Autoroute A.35;M;4835038;743289;670
2,02E+11;18;12;12;450;3;1;1;5;7;482;N.4 Contournement Sud;M;4857095;773546;670
2,02E+11;18;12;12;1500;1;1;1;1;4;218;R.N. 353;M;4850264;772007;670
2,02E+11;18;12;13;720;3;1;1;1;2;152;Autoroute A.35;M;4852459;765881;670
2,02E+11;18;12;18;1340;1;1;1;1;5;482;Autoroute A.35;M;4858931;773082;670
2,02E+11;18;12;18;1445;1;1;1;1;4;152;Route Nationale 83;M;4852469;769560;670
2,02E+11;18;12;19;1800;4;1;1;1;5;482;Autoroute A.351;M;4858760;771138;670
2,02E+11;18;12;21;1215;1;1;9;2;5;218;Autoroute A.35;M;4854697;772676;670
2,02E+11;18;1;1;1700;2;1;1;2;2;528;Autoroute A 31;M;4865050;587478;540
2,02E+11;18;1;5;1840;3;1;1;1;4;578;Autoroute A 33;M;4865730;612637;540
2,02E+11;18;1;9;1640;1;1;9;1;6;167;Autoroute A 31;M;4867490;592232;540
2,02E+11;18;2;4;1950;3;1;1;1;6;123;Autoroute A 33;M;4864000;614000;540
2,02E+11;18;3;4;2200;3;1;1;2;6;60;Autoroute A 31;M;4882300;610276;540
2,02E+11;18;3;9;1025;1;1;1;2;4;328;Autoroute A 330;M;4861199;617691;540
2,02E+11;18;3;20;845;1;1;1;1;4;320;Autoroute A 31;M;4885800;608800;540
2,02E+11;18;4;3;800;1;1;1;1;4;60;Autoroute A 31;M;4882304;610280;540
2,02E+11;18;4;12;1800;1;1;1;1;4;547;Autoroute A 330;M;4865612;618461;540
2,02E+11;18;5;2;745;1;1;1;1;5;462;Autoroute A 33;M;4860089;633875;540
2,02E+11;18;6;4;800;1;1;1;1;2;328;Autoroute A 330;M;4862679;618378;540
2,02E+11;18;6;8;1910;1;1;1;1;2;265;Autoroute A 330;M;4863800;618120;540
2,02E+11;18;6;14;1535;1;1;1;1;4;197;Autoroute A 33;M;4861835;620784;540
2,02E+11;18;7;6;2030;1;1;1;1;6;115;Autoroute A 31;M;4869358;608088;540
2,02E+11;18;7;9;1735;1;1;1;1;2;123;Autoroute A 31;M;4877917;614457;540
2,02E+11;18;6;27;840;1;1;1;1;3;232;Autoroute A 31;M;4869068;603211;540
2,02E+11;18;7;23;1620;1;1;1;1;4;528;Autoroute A 31;M;4865529;588969;540
2,02E+11;18;7;27;553;3;1;1;1;3;167;Autoroute A 31;M;4867332;592017;540
2,02E+11;18;8;20;750;1;1;1;1;2;265;Autoroute A 33;M;4863060;617855;540
2,02E+11;18;8;19;510;3;1;1;1;7;27;Autoroute A 31;M;4889566;610292;540
2,02E+11;18;8;31;1140;1;1;1;1;2;312;Autoroute A 31;M;4893921;611240;540
2,02E+11;18;9;16;523;3;1;1;1;2;312;Autoroute A 31;M;4993298;611180;540
2,02E+11;18;10;1;1730;1;1;1;1;5;483;Autoroute A 33;M;4861753;628882;540
2,02E+11;18;11;12;1722;3;1;1;3;5;115;Autoroute A 31;M;4873192;615919;540
2,02E+11;18;11;16;1320;1;1;9;1;2;547;Autoroute  A 33;M;4864522;614474;540
2,02E+11;18;11;18;600;3;1;1;1;2;328;Autoroute A 330;M;4861544;617903;540
2,02E+11;18;11;20;1005;1;1;1;1;5;232;Autoroute A 31;M;4868406;594934;540
2,02E+11;18;1;11;1701;2;1;1;1;2;39;RN 431;M;4903787;612395;570
2,02E+11;18;1;27;215;3;1;1;1;7;534;RN 431;M;4908780;616789;570
2,02E+11;18;1;26;1850;3;1;9;1;6;487;Autoroute A31;M;4909867;611725;570
2,02E+11;18;2;11;1933;3;1;1;1;2;96;Autoroute A30;M;4939606;594967;570
2,02E+11;18;2;16;1430;1;1;1;1;5;137;Autoroute A31;M;4897138;610465;570
2,02E+11;18;2;20;820;1;1;1;1;6;463;Autoroute A31;M;4914366;618474;570
2,02E+11;18;2;27;1016;1;1;1;4;3;226;Autoroute A30;M;4934225;599383;570
2,02E+11;18;2;27;1037;1;1;1;1;3;356;Autoroute A31;M;4943753;611706;570
2,02E+11;18;3;3;945;1;1;1;2;7;43;Autoroute  A31;M;4924410;617889;570
2,02E+11;18;3;19;535;3;1;9;4;2;487;Autoroute A31;M;4909319;611110;570
2,02E+11;18;3;30;510;3;1;1;1;3;226;Autoroute A30;M;4935065;598488;570
2,02E+11;18;4;1;125;3;1;1;1;3;206;Autoroute A30;M;4930853;611861;570
2,02E+11;18;4;17;1315;1;1;1;1;2;672;Autoroute A31;M;4934995;614971;570
2,02E+11;18;4;19;1900;1;1;1;1;2;666;Autoroute A31;M;4934951;615177;570
2,02E+11;18;4;20;1608;1;1;1;1;4;672;Autoroute A31;M;4939265;611010;570
2,02E+11;18;5;5;1537;1;1;1;1;2;356;Autoroute A31;M;4934995;614971;570
2,02E+11;18;5;10;1305;1;1;9;1;2;672;Autoroute A31;M;4939949;611484;570
2,02E+11;18;5;16;1815;1;1;1;1;6;463;Autoroute A31;M;4912976;616500;570
2,02E+11;18;5;21;700;1;1;1;1;7;226;Autoroute A30;M;4937046;598216;570
2,02E+11;18;5;26;50;3;1;1;1;6;269;Autoroute A31;M;4929875;620283;570
2,02E+11;18;6;15;1705;1;1;1;1;7;672;Autoroute A31;M;4934787;616709;570
2,02E+11;18;6;21;900;1;1;1;1;4;764;Autoroute A.31;M;4946916;612138;570
2,02E+11;18;7;4;2235;3;1;1;1;2;672;Autoroute A31;M;4940263;611166;570
2,02E+11;18;7;7;1530;1;1;1;1;4;672;Autoroute A31;M;4934960;615090;570
2,02E+11;18;7;8;315;3;1;1;1;7;751;Autoroute A31;M;4917106;618017;570
2,02E+11;18;7;4;1410;1;1;1;1;5;672;Autoroute A31;M;4934788;616838;570
2,02E+11;18;7;20;1630;1;1;9;1;7;269;Autoroute A31;M;4929521;618068;570
2,02E+11;18;7;22;920;1;1;1;1;4;474;Autoroute A31;M;4963200;662200;570
2,02E+11;18;8;17;2215;3;2;9;1;7;463;Autoroute  A31;M;4911280;616619;570
2,02E+11;18;9;13;1400;1;1;1;2;6;463;Autoroute A31;M;4912560;616058;570
2,02E+11;18;9;12;844;1;1;1;1;4;582;Autoroute A30;M;4928333;616666;570
2,02E+11;18;9;18;1755;1;1;1;1;4;498;Autoroute A30;M;4919387;602237;570
2,02E+11;18;9;26;800;1;1;1;1;3;463;RN 431;M;4910996;623569;570
2,02E+11;18;10;19;752;2;1;1;1;5;356;Autoroute A31;M;4943330;611667;570
2,02E+11;18;10;29;320;3;1;1;2;3;672;Autoroute A31;M;4936640;610690;570
2,02E+11;18;11;5;1200;1;1;1;1;2;463;Autoroute A31;M;4913022;616663;570
2,02E+11;18;11;12;2000;3;1;1;3;2;194;Autoroute A31;M;4942470;611076;570
2,02E+11;18;11;16;2240;3;1;1;1;2;303;Autoroute A31;M;4920006;617022;570
2,02E+11;18;11;23;1730;3;1;1;1;2;672;Autoroute A31;M;4936159;610683;570
2,02E+11;18;11;13;1735;1;1;9;1;2;39;Autoroute A31;M;4907388;611136;570
2,02E+11;18;12;12;110;3;1;1;8;6;480;Autoroute A31;M;4910640;614570;570
2,02E+11;18;1;1;640;5;1;1;1;6;218;RN88;M;4541997;441039;420
2,02E+11;18;12;31;700;3;1;9;1;6;218;RN88;M;4542063;441059;420
2,02E+11;18;12;31;2250;3;1;1;2;2;237;A72;M;4544683;442526;420
2,02E+11;18;1;26;1430;1;1;1;2;3;228;A47;M;4554304;465668;690
2,02E+11;18;2;12;1000;1;1;1;8;3;207;A47;M;4547965;450088;420
2,02E+11;18;2;14;1335;1;1;1;1;2;307;A47;M;4555137;468083;420
2,02E+11;18;2;25;930;1;1;1;1;7;97;A72;M;4548768;432369;420
2,02E+11;18;3;14;2140;3;1;1;1;6;218;A72 -;M;4544255;442984;420
2,02E+11;18;3;12;1920;3;1;1;1;3;97;A.72;M;4549387;431816;420
2,02E+11;18;4;1;140;3;1;9;1;6;110;A47;M;4549463;453225;420
2,02E+11;18;4;25;1300;1;1;1;1;3;218;A72 -;M;4545642;441043;420
2,02E+11;18;5;9;1750;1;1;1;1;2;218;RN88 -;M;4543461;443045;420
2,02E+11;18;5;6;2000;2;1;1;1;2;307;A47;M;4554001;466001;420
2,02E+11;18;5;25;1700;1;1;1;1;7;83;A47;M;4555048;467931;420
2,02E+11;18;5;18;1435;1;1;1;1;3;207;A47 -;M;4545443;447989;420
2,02E+11;18;5;24;845;1;1;1;1;4;123;A47 -;M;4550256;456460;420
2,02E+11;18;5;28;1330;1;1;1;2;2;44;RN88;M;4539670;435059;420
2,02E+11;18;5;18;10;3;1;1;1;3;218;A72 -;M;4545524;441204;420
2,02E+11;18;6;21;1020;1;1;1;1;2;183;RN88;M;4539706;435421;420
2,02E+11;18;6;26;1745;1;1;1;1;2;103;A47 -;M;4549721;455813;420
2,02E+11;18;6;26;2000;1;1;1;1;6;218;RN88 -;M;4543406;442180;420
2,02E+11;18;7;12;2140;2;1;1;1;2;307;A47;M;4554912;467574;420
2,02E+11;18;7;7;2240;3;1;1;1;3;218;RN88 -;M;4543367;441814;420
2,02E+11;18;7;11;1710;1;1;1;1;2;218;A72;M;4546324;440004;420
2,02E+11;18;7;20;1730;1;1;1;2;3;44;RN88;M;4539277;432166;420
2,02E+11;18;8;10;1620;1;1;1;1;7;218;A72;M;4546551;437945;420
2,02E+11;18;8;8;2330;3;1;1;1;3;237;RN88 -;M;4544485;446574;420
2,02E+11;18;8;14;1530;1;1;1;1;3;237;RN88 -;M;4544206;446237;420
2,02E+11;18;9;14;605;3;1;1;1;7;207;A47;M;4549180;451899;420
2,02E+11;18;9;26;1750;1;1;1;1;4;218;RN88;M;4543613;444383;420
2,02E+11;18;10;6;1350;1;1;1;1;2;307;A47;M;4554360;466141;420
2,02E+11;18;10;16;1640;1;1;1;1;3;91;A47;M;4557379;471525;690
2,02E+11;18;10;20;630;5;1;1;1;6;207;RN88 DECROISSANT;M;4546348;434063;420
2,02E+11;18;10;25;1620;1;1;1;1;2;186;A47;M;4552943;461200;420
2,02E+11;18;10;28;1120;1;1;9;8;3;44;RN88;M;4539539;434063;420
2,02E+11;18;10;12;1840;1;1;1;1;2;218;A72;M;4545001;442062;420
2,02E+11;18;11;14;1820;3;1;1;1;3;5;A72;M;4553188;428434;420
2,02E+11;18;11;25;2335;3;1;1;1;4;110;A47;M;4549600;455645;420
2,02E+11;18;12;7;1800;3;1;1;1;3;330;A72;M;4547520;435990;420
2,02E+11;18;10;2;715;2;1;1;1;4;44;RN88;M;4539538;434141;420
2,02E+11;18;12;16;145;3;1;1;2;2;186;A47;M;4553125;461702;420
2,02E+11;18;12;9;2155;3;1;1;1;3;44;RN88;M;4539444;433069;420
2,02E+11;18;1;1;600;5;1;1;1;7;382;A6   455.000 A 455.875;M;4575215;482051;690
2,02E+11;18;12;29;1705;3;1;1;1;4;382;A6   455.000 A 455.614;M;4574900;482700;690
2,02E+11;18;1;3;730;2;1;1;2;2;199;RD383   14.250 A 18.000;M;4571164;484345;690
2,02E+11;18;1;4;1910;3;1;1;1;4;276;BUS (RD301)   0.000 A 2.;M;4568380;485413;690
2,02E+11;18;1;8;1630;1;1;1;1;5;259;RD383   11.750 A 14.250;M;4571645;485009;690
2,02E+11;18;1;11;1345;1;1;1;1;4;266;RD383   3.750 A 7.640;M;4575389;490792;690
2,02E+11;18;1;13;310;4;1;1;1;7;199;RD383   14.250 A 18.000;M;4569400;484452;690
2,02E+11;18;2;10;110;3;1;1;3;4;249;A42   6.290 A 8.310;M;4548333;455591;10
2,02E+11;18;1;18;600;3;1;1;1;7;295;A46S   53.980 A 57.400;M;4560105;485675;690
2,02E+11;18;1;19;2150;5;1;1;2;6;29;RD383   7.640 A 11.044;M;4573618;490172;690
2,02E+11;18;12;17;1045;1;1;1;1;6;275;A42  4.020 A 4.353   GEN;M;4589400;492600;10
2,02E+11;18;1;18;1930;3;1;1;2;2;385;A6   449.450 A 449.510;M;4578253;478238;690
2,02E+11;18;12;21;750;2;1;1;1;2;29;RD383   7.640 A 11.044;M;4574042;490502;690
2,02E+11;18;1;19;2140;5;1;1;2;6;29;RD383   7.640 A 11.044;M;4573712;490301;690
2,02E+11;18;1;14;2000;3;1;1;1;4;29;A43   0.550 A 3.353;M;4572788;490643;690
2,02E+11;18;1;23;835;1;1;1;1;4;290;A43   3.865 A 9.894;M;4569266;498594;690
2,02E+11;18;1;11;1810;5;1;1;1;2;29;RD383   7.640 A 11.044;M;4572000;489000;690
2,02E+11;18;1;24;1115;1;1;1;1;4;282;RN346   34.350 A 34.850;M;4576000;498000;690
2,02E+11;18;1;28;725;2;1;1;1;7;295;A46S   53.980 A 57.400;M;;;690
2,02E+11;18;2;1;1435;1;1;1;1;2;382;A7   0.000 A 2.278;M;4573176;481641;690
2,02E+11;18;2;1;1420;1;1;1;1;4;29;RD383   7.640 A 11.044;M;4574480;490640;690
2,02E+11;18;1;29;1900;2;1;1;2;2;290;A43   3.865 A 9.894;M;4569905;497475;690
2,02E+11;18;2;4;1855;3;1;1;1;6;283;A46S   43.680 A 47.880;M;4567000;495000;690
2,02E+11;18;2;5;2145;3;1;1;1;7;91;A47;M;;;690
2,02E+11;18;2;4;305;5;1;1;1;2;152;A7   4.270 A 5.756;M;4570330;483458;690
2,02E+11;18;2;10;1810;5;1;9;1;4;275;RN346   29.300 A 34.350;M;;;690
2,02E+11;18;1;28;1;3;1;1;1;2;117;A6   439.400 A 442.500;M;;;690