Num_Acc;an;mois;jour;hrmn;lum;agg;int;atm;col;com;adr;gps;lat;long;dep
2,02E+11;18;2;18;330;5;1;1;1;6;259;RD383   11.750 A 14.250;M;4571999;488024;690
2,02E+11;18;1;26;2225;3;1;1;2;3;87;A7;M;4558261;480108;380
2,02E+11;18;1;29;2110;5;1;1;1;3;163;A46N   2.930 A 7.065;M;;;690
2,02E+11;18;2;23;200;5;1;1;1;2;259;RD383   11.750 A 14.250;M;4571986;488014;690
2,02E+11;18;2;21;1815;1;1;1;1;4;199;A7   7.000 A 8.630;M;4568314;484710;690
2,02E+11;18;2;23;2025;3;1;1;1;2;199;RD383   14.250 A 18.000;M;4569621;484489;690
2,02E+11;18;2;22;1830;5;1;1;1;3;29;A43   0.550 A 3.353;M;4572771;490692;690
2,02E+11;18;1;25;730;2;1;9;1;2;49;A432N 9.125 A 9.900;M;4584595;501384;10
2,02E+11;18;2;26;910;1;1;1;1;4;259;BUS (RD301)  2.800 A 4.4;M;4568486;487900;690
2,02E+11;18;2;24;1050;1;2;1;1;2;259;RD383   11.750 A 14.250;M;4571777;486257;690
2,02E+11;18;2;25;745;2;1;9;1;2;276;A7   8.630 A 10.992;M;4567597;484775;690
2,02E+11;18;3;2;2035;3;1;9;1;4;256;A42     0.560 A 4.020;M;4580243;492655;690
2,02E+11;18;3;11;110;5;1;1;1;3;382;A7   0.000 A 2.278;M;4574116;482426;690
2,02E+11;18;5;18;1530;1;1;1;1;4;87;A7;M;4557316;480990;380
2,02E+11;18;2;18;1420;1;1;1;1;3;193;A7   29.920 A 31.960;M;4552333;486019;690
2,02E+11;18;3;12;2000;5;1;1;1;2;29;RD383   7.640 A 11.044;M;4573923;490439;690
2,02E+11;18;3;15;740;1;1;1;1;4;388;BPNL;M;4579358;487711;690
2,02E+11;18;3;15;1830;5;1;1;1;2;29;A43   0.550 A 3.353;M;4572302;492634;690
2,02E+11;18;2;27;1830;2;1;1;1;3;266;RD383   3.750 A 7.640;M;4577823;489600;690
2,02E+11;18;3;10;515;5;1;1;2;2;276;BUS (RD301)   0.000 A 2.;M;4568388;485472;690
2,02E+11;18;3;15;1230;1;1;9;3;3;256;RN346  S/N   25.686 A 29;M;4580316;492623;690
2,02E+11;18;3;17;800;1;1;1;2;7;29;RD383   7.640 A 11.044;M;4572901;489576;690
2,02E+11;18;3;2;1745;1;1;1;1;4;275;A46N 25.180 A 25.680;M;4580677;492219;10
2,02E+11;18;3;18;2038;3;1;1;1;2;256;A42     0.560 A 4.020;M;4579491;492657;690
2,02E+11;18;3;9;1505;1;1;1;1;4;297;A7   15.770 A 20.110;M;4560204;479653;690
2,02E+11;18;3;25;620;4;1;1;1;6;29;A43   0.550 A 3.353;M;4572623;491712;690
2,02E+11;18;3;7;2000;5;1;1;1;6;275;RN346   29.300 A 34.350;M;4577397;498414;690
2,02E+11;18;3;27;930;1;1;1;1;4;29;RD383   7.640 A 11.044;M;4573833;490432;690
2,02E+11;18;3;29;711;5;1;1;9;2;34;BPNL   37.781 A 41.124;M;4578881;486558;690
2,02E+11;18;3;28;1015;1;1;1;1;3;275;RN346   29.300 A 34.350;M;4577701;497637;690
2,02E+11;18;3;31;900;1;1;1;1;2;81;A6   449.510 A 451.640;M;4578002;478080;690
2,02E+11;18;4;4;1910;1;1;1;3;4;266;RD383 2.321 A 3.750;M;4578031;489431;690
2,02E+11;18;3;29;1705;1;1;1;1;4;275;RN346   29.300 A 34.350;M;4577721;497423;690
2,02E+11;18;4;7;2110;3;1;1;1;6;59;A46N 13.378 A 14.305;M;4592838;474489;690
2,02E+11;18;4;7;2255;3;1;1;1;2;376;A42   8.310 A 9.500;M;4581802;498549;10
2,02E+11;18;4;9;1630;1;1;1;1;5;266;RD383   3.750 A 7.640;M;4575692;490894;690
2,02E+11;18;3;27;800;1;1;1;1;4;290;A43   3.865 A 9.894;M;4569380;498406;690
2,02E+11;18;1;21;730;3;1;1;1;6;297;A7   15.770 A 20.110;M;4559973;479585;690
2,02E+11;18;4;20;1730;1;1;1;1;2;152;A450   0.000 A 1.090;M;4569310;482440;690
2,02E+11;18;4;21;210;5;1;1;1;5;142;A7   2.278 A 3.690;M;4572305;481766;690
2,02E+11;18;4;18;900;1;1;1;1;2;382;A7   0.000 A 2.278;M;4574409;482697;690
2,02E+11;18;4;2;2120;3;1;9;1;6;116;A6   442.500 A 445.030;M;4582629;476285;690
2,02E+11;18;4;27;225;3;1;1;1;6;149;A7   3.690 A 4.270;M;4570909;482913;690
2,02E+11;18;3;23;745;1;1;1;1;2;287;A43   9.894 A 13.029;M;4568971;499124;690
2,02E+11;18;4;26;1009;1;1;1;1;4;297;A7   15.770 A 20.110;M;4559270;479709;690
2,02E+11;18;4;27;1800;1;1;1;1;5;266;BPNL;M;4579010;488441;690
2,02E+11;18;4;25;1545;1;1;1;1;2;59;A46N   11.650 A 12.680;M;4590816;485810;690
2,02E+11;18;4;25;1910;1;1;1;1;4;382;A6   455.000 A 455.614;M;4575271;481985;690
2,02E+11;18;4;30;1815;1;1;1;1;4;29;A43   0.550 A 3.353;M;4572660;491533;690
2,02E+11;18;4;18;610;2;1;1;1;6;270;A46S   47.880 A 49.160;M;4565071;491949;690
2,02E+11;18;4;19;715;2;1;1;1;4;385;A6   453.400 A 455.000;M;4575000;482000;690
2,02E+11;18;5;8;1110;1;1;1;1;6;295;A46S   53.980 A 57.400;M;4561000;487000;690
2,02E+11;18;5;11;2015;1;1;1;1;2;122;A6   433.690 A 435.100;M;4591000;472000;690
2,02E+11;18;5;16;1350;1;1;1;1;4;29;A43   0.550 A 3.353;M;4572000;490000;690
2,02E+11;18;5;6;1935;1;1;1;1;7;288;A43   13.029 A 15.971;M;4566758;504406;690
2,02E+11;18;5;20;210;3;1;1;1;2;294;A7   13.970 A 15.270;M;;;690
2,02E+11;18;5;20;1645;1;1;1;1;2;34;BPNL   37.781 A 41.124;M;4578822;486305;690
2,02E+11;18;5;23;2045;1;1;1;1;3;275;RN346   29.300 A 34.350;M;4577792;496749;690
2,02E+11;18;5;30;2025;2;1;1;2;6;286;A46N   N/S  25.680 A 25.;M;4580576;492466;690
2,02E+11;18;5;26;115;3;1;1;1;4;277;RN346   36.215 A 38.000;M;4573783;498388;690
2,02E+11;18;5;31;1810;1;1;1;1;5;27;A450   5.100 A 7.285;M;4566316;475847;690
2,02E+11;18;5;23;2155;3;1;1;1;2;184;A43;M;4566527;505923;380
2,02E+11;18;6;3;1500;1;1;1;1;4;281;A46S   49.160 A 53.980;M;4560497;485936;690
2,02E+11;18;5;30;2100;2;1;1;2;3;266;BPNL;M;4579133;488303;690
2,02E+11;18;6;11;20;3;1;1;1;6;116;A89 543.943 A 544.593 CL;M;4583781;475224;690
2,02E+11;18;6;4;2350;3;1;1;1;2;273;BUS (RD301)   4.470 A 7.;M;4567047;489841;690
2,02E+11;18;5;28;1850;1;1;1;3;2;283;A46S   43.680 A 47.880;M;4567150;493849;690
2,02E+11;18;6;20;1240;1;1;1;1;4;282;RD302   0.400 A 4.620;M;4575260;501342;690
2,02E+11;18;6;21;1240;1;1;1;1;7;281;A46S   49.160 A 53.980;M;4562340;489370;690
2,02E+11;18;6;21;1300;1;1;1;1;6;295;A46S   53.980 A 57.400;M;4561518;488630;690
2,02E+11;18;6;23;1630;1;1;1;1;6;285;RD302   6.350 A 7.480;M;4576660;505999;690
2,02E+11;18;6;22;1400;1;1;1;1;3;142;A7   2.278 A 3.690;M;4573051;481541;690
2,02E+11;18;6;25;900;1;1;1;1;4;87;A7   20.110 A 22.950;M;4558305;480106;380
2,02E+11;18;6;29;2100;1;1;1;1;4;152;A7  005.756  A  007.000;M;4570646;483161;690
2,02E+11;18;6;26;645;1;1;1;1;2;266;RD383   3.750 A 7.640;M;4576250;490978;690
2,02E+11;18;7;3;2200;2;1;1;1;7;283;A46S   43.680 A 47.880;M;4566023;492245;690
2,02E+11;18;6;30;1310;1;1;1;1;2;142;A7   2.278 A 3.690;M;4573091;481573;690
2,02E+11;18;7;4;1810;1;1;1;1;7;272;A46S   57.400 A 61.010;M;4559300;484600;690
2,02E+11;18;7;8;1440;1;1;1;1;6;297;A47   0.000  A 1.657;M;4558790;478291;690
2,02E+11;18;6;10;1745;1;1;1;1;5;81;A6   449.510 A 451.640;M;4577637;478241;690
2,02E+11;18;7;7;920;1;1;1;1;3;272;A46S   57.400 A 61.010;M;4559136;483617;690
2,02E+11;18;7;13;1240;1;1;1;1;4;270;A46S   47.880 A 49.160;M;4564894;491849;690
2,02E+11;18;7;13;1630;1;1;1;1;4;295;A46S   53.980 A 57.400;M;4559113;483366;690
2,02E+11;18;7;11;1514;1;1;1;1;3;290;A46S   40.883 A 43.680;M;4569422;493567;690
2,02E+11;18;7;14;1105;1;1;1;1;7;55;A6   435.100 A 437.840;M;4886272;228759;690
2,02E+11;18;7;19;1430;1;1;1;1;3;266;RD383 2.321 A 3.750;M;4578644;488860;690
2,02E+11;18;7;15;540;2;1;1;1;3;266;RD383   3.750 A 7.640;M;4576506;490706;690
2,02E+11;18;7;23;1435;1;1;1;1;4;266;RD383   3.750 A 7.640;M;4577857;489598;690
2,02E+11;18;7;25;510;4;1;1;1;2;275;A42   4.353 A 5.760   GE;M;4580961;493353;10
2,02E+11;18;7;28;2308;3;1;1;1;2;544;N7;M;4550354;484725;380
2,02E+11;18;7;29;405;3;1;1;1;2;72;A6   445.323 A 447.390;M;4582084;476468;690
2,02E+11;18;7;29;920;1;1;1;1;2;29;RD383   7.640 A 11.044;M;4572592;489347;690
2,02E+11;18;7;27;1420;1;1;1;1;7;271;RN346   34.850 A 36.215;M;4575301;498564;690
2,02E+11;18;7;26;1730;1;1;1;1;4;283;A46S   43.680 A 47.880;M;4567140;493828;690
2,02E+11;18;8;1;1600;1;1;1;1;2;81;A6   449.510 A 451.640;M;4577633;478240;690
2,02E+11;18;7;26;940;1;1;1;1;5;152;A7   4.270 A 5.756;M;4570387;482075;690
2,02E+11;18;7;26;1740;1;1;1;1;4;276;BUS (RD301)   0.000 A 2.;M;4568512;485763;690
2,02E+11;18;8;5;1325;1;1;1;1;2;115;A6   427.300 A 428.640;M;4597299;473155;690
2,02E+11;18;7;23;210;3;1;1;1;6;87;A7   20.110 A 22.950;M;4557552;480594;380
2,02E+11;18;8;11;335;3;1;1;1;5;199;A7   7.000 A 8.630;M;4568895;484611;690
2,02E+11;18;7;11;1025;1;1;1;1;2;290;RN346   38.960 A 40.883;M;4571237;496916;690
2,02E+11;18;8;15;300;3;1;1;1;6;199;A7   7.000 A 8.630;M;4569440;484207;690
2,02E+11;18;8;16;300;3;1;1;1;2;295;A46S   53.980 A 57.400;M;4560791;486191;690
2,02E+11;18;6;17;1734;1;1;9;1;2;275;A42   4.353 A 5.760   GE;M;4581271;494438;10
2,02E+11;18;8;17;1339;1;1;1;1;5;199;RD383   14.250 A 18.000;M;4569989;484571;690
2,02E+11;18;8;17;1800;1;1;1;1;3;193;A7   29.920 A 31.960;M;4550802;484461;690
2,02E+11;18;8;23;300;4;1;1;1;6;283;A46S   43.680 A 47.880;M;4567361;494828;690
2,02E+11;18;8;25;130;3;1;1;1;6;282;RD302   0.400 A 4.620;M;4575022;500571;690
2,02E+11;18;8;26;830;1;1;1;1;2;389;A6   451.790 A 453.400;M;4576410;480200;690
2,02E+11;18;7;31;1230;1;1;9;1;3;29;A43   0.550 A 3.353;M;4572710;491330;690
2,02E+11;18;8;31;1900;2;1;1;1;2;290;A46S   40.883 A 43.680;M;4570016;496626;690
2,02E+11;18;9;1;500;3;1;1;1;2;296;A7   10.992 A 13.970;M;4563634;482184;690
2,02E+11;18;8;22;740;1;1;1;1;5;259;RD383   11.750 A 14.250;M;4571790;486623;690
2,02E+11;18;9;8;2135;5;1;1;1;4;389;BPNL   36.318 A 37.781;M;4579351;482063;690
2,02E+11;18;9;12;730;2;1;1;1;4;266;RD383   3.750 A 7.640;M;4575543;490863;690
2,02E+11;18;7;20;2216;3;1;1;2;2;193;A7   29.920 A 31.960;M;;;690
2,02E+11;18;9;14;1805;1;1;1;1;4;286;A46N   N/S  25.680 A 25.;M;4580687;492203;690
2,02E+11;18;9;10;745;1;1;1;1;4;271;RN346   34.850 A 36.215;M;4573598;498205;690
2,02E+11;18;9;13;1450;1;1;1;1;4;266;RD383   3.750 A 7.640;M;4576838;490420;690
2,02E+11;18;9;20;2100;3;1;1;1;2;152;A7   4.270 A 5.756;M;4570258;483499;690
2,02E+11;18;9;23;1130;1;1;1;1;7;275;A42 4.329 A 5.760   LYON;M;4580737;492706;10
2,02E+11;18;9;13;845;1;1;1;1;7;29;A43   0.550 A 3.353;M;4572788;490578;690
2,02E+11;18;9;27;310;3;1;1;1;3;276;A7   8.630 A 10.992;M;4567639;484788;690
2,02E+11;18;9;30;710;3;1;1;1;2;290;RN346   38.960 A 40.883;M;4571157;496843;690
2,02E+11;18;10;3;1420;1;1;1;1;2;34;BPNL   37.781 A 41.124;M;4578814;486023;690
2,02E+11;18;9;30;920;1;1;1;1;4;382;A7   0.000 A 2.278;M;4573682;482051;690
2,02E+11;18;10;4;1730;1;1;1;1;2;266;RD383   3.750 A 7.640;M;4575828;490906;690
2,02E+11;18;7;8;1800;1;2;9;1;2;544;RD1407   0.000 A 2.331;M;4553621;486979;380
2,02E+11;18;10;4;1800;1;1;1;1;5;199;RD383   14.250 A 18.000;M;4569825;484537;690
2,02E+11;18;10;6;230;3;1;1;1;6;249;A42   6.290 A 8.310;M;4581413;495184;10
2,02E+11;18;10;6;2055;5;1;9;1;2;389;A6   451.790 A 453.400;M;4576291;480354;690
2,02E+11;18;10;5;1740;1;1;1;1;4;275;A46N 25.180 A 25.680;M;4580700;492165;10
2,02E+11;18;10;7;1325;1;1;1;8;7;281;A46S   49.160 A 53.980;M;4562095;489291;690
2,02E+11;18;10;10;1545;1;1;1;1;2;287;A43   9.894 A 13.029;M;4568128;501694;690
2,02E+11;18;9;18;830;1;1;9;1;3;199;RD383   14.250 A 18.000;M;4571624;484756;690
2,02E+11;18;10;11;900;1;1;1;1;2;259;BUS (RD301)  2.800 A 4.4;M;4568510;487863;690
2,02E+11;18;10;11;950;1;1;9;1;4;273;BUS (RD301)   4.470 A 7.;M;4568676;486361;690
2,02E+11;18;10;12;1430;1;1;1;1;2;33;A46N   17.210 A 18.490;M;4586598;490562;690
2,02E+11;18;9;23;308;4;1;1;1;2;382;A6   455.000 A 455.614;M;4575170;482085;690
2,02E+11;18;10;15;2054;3;1;1;1;4;116;A6   447.390 A 447.520;M;4580263;477198;690
2,02E+11;18;10;16;330;3;1;1;1;3;286;A46N   19.955 A 25.180;M;4585230;490991;690
2,02E+11;18;10;17;1619;1;1;1;1;6;277;RN346   36.215 A 38.000;M;4573874;498464;690
2,02E+11;18;10;18;355;3;1;1;1;6;275;RN346   29.300 A 34.350;M;4575625;498534;690
2,02E+11;18;10;18;620;5;1;1;1;6;199;A7   7.000 A 8.630;M;4568104;484693;690
2,02E+11;18;10;18;1020;1;1;1;1;4;389;A6   451.790 A 453.400;M;4576580;479910;690
2,02E+11;18;10;12;1440;1;1;1;1;3;297;A47   0.000  A 1.657;M;4558843;479258;690
2,02E+11;18;10;19;2025;3;1;1;1;7;199;A7   7.000 A 8.630;M;4569355;484387;690
2,02E+11;18;10;21;1230;1;1;1;1;3;199;RD383   14.250 A 18.000;M;4571618;484693;690
2,02E+11;18;6;18;1915;1;1;1;1;4;275;A42 4.329 A 5.760   LYON;M;4580000;492000;10
2,02E+11;18;10;22;1720;5;1;1;1;5;389;A6   451.790 A 453.400;M;4575677;481491;690
2,02E+11;18;10;23;1250;1;1;1;1;3;297;A47   0.000  A 1.657;M;4558800;479000;690
2,02E+11;18;10;19;915;1;1;1;1;4;259;RD383   11.750 A 14.250;M;4571891;487717;690
2,02E+11;18;10;21;1945;3;1;1;1;2;275;A42   4.353 A 5.760   GE;M;4581111;493777;10
2,02E+11;18;10;26;1915;3;1;1;1;4;290;A43   3.865 A 9.894;M;4570580;495934;690
2,02E+11;18;10;26;2040;3;1;1;2;2;296;A7   10.992 A 13.970;M;4566052;484184;690
2,02E+11;18;3;27;1440;1;1;1;1;2;557;RD302   7.480 A 8.200;M;4576600;507200;380
2,02E+11;18;10;27;445;4;1;1;2;5;152;A7  005.756  A  007.000;M;4569686;483789;690
2,02E+11;18;10;19;1555;1;1;1;1;4;266;RD383   3.750 A 7.640;M;4575000;490000;690
2,02E+11;18;11;4;340;4;1;1;2;6;29;RD383   7.640 A 11.044;M;4574698;490688;690
2,02E+11;18;10;28;1720;3;1;1;2;2;277;RN346   36.215 A 38.000;M;4573342;498017;690
2,02E+11;18;10;26;1700;1;1;1;1;3;290;RN346   38.960 A 40.883;M;4570584;496690;690
2,02E+11;18;11;10;1315;1;1;1;1;6;276;BUS (RD301)   0.000 A 2.;M;4567902;484848;690
2,02E+11;18;10;19;1940;3;1;1;1;4;256;A42     0.560 A 4.020;M;4579182;491259;690
2,02E+11;18;11;12;1840;3;1;1;1;2;271;RN346   34.850 A 36.215;M;4572859;497693;690
2,02E+11;18;11;16;315;5;1;1;1;2;382;A6   455.000 A 455.614;M;4575216;482030;690
2,02E+11;18;11;18;1100;1;1;1;1;2;288;A43   13.029 A 15.971;M;4567060;504610;690
2,02E+11;18;11;21;800;2;1;1;8;3;152;A7  005.756  A  007.000;M;4569842;483643;690
2,02E+11;18;11;17;930;1;1;1;2;2;544;A7   25.770 A 27.460;M;4554353;484979;380
2,02E+11;18;10;17;1110;1;1;9;1;3;29;RD383   7.640 A 11.044;M;4572457;489550;690
2,02E+11;18;11;25;2145;3;1;1;2;3;275;RN346   29.300 A 34.350;M;4577849;496338;690
2,02E+11;18;7;20;1620;1;1;1;1;4;290;A43   3.865 A 9.894;M;4569889;497500;690
2,02E+11;18;11;24;2100;3;1;1;1;2;199;A7   7.000 A 8.630;M;4568673;484649;690
2,02E+11;18;11;27;1930;3;1;1;1;2;275;RN346   29.300 A 34.350;M;4576550;498513;690
2,02E+11;18;11;26;1920;5;1;1;2;4;29;RD383   7.640 A 11.044;M;4573291;490000;690
2,02E+11;18;11;30;2035;5;2;1;1;4;29;RD383   7.640 A 11.044;M;4574398;490609;690
2,02E+11;18;12;2;130;5;1;1;2;2;29;RD383   7.640 A 11.044;M;4574573;490653;690
2,02E+11;18;12;2;145;3;1;1;2;2;275;RN346   29.300 A 34.350;M;4575578;498535;690
2,02E+11;18;12;1;1725;3;1;1;1;3;276;A7   8.630 A 10.992;M;4567030;484640;690
2,02E+11;18;12;3;1050;1;2;1;1;2;544;RN7   5.180 A 10.000;M;4553469;487232;380
2,02E+11;18;12;5;1240;1;1;1;1;2;91;A47   1.657 A 1.809;M;4558981;477581;690
2,02E+11;18;12;6;730;3;1;9;2;3;283;A46S   43.680 A 47.880;M;4565945;492242;690
2,02E+11;18;12;5;1955;5;1;1;8;3;256;RN346  N/S  25.736 A 29.;M;4580258;492639;690
2,02E+11;18;12;11;1755;2;1;1;1;3;271;RN346   34.850 A 36.215;M;4574928;498737;690
2,02E+11;18;12;4;1320;1;1;1;1;5;275;RN346   29.300 A 34.350;M;4578529;495587;690
2,02E+11;18;12;13;545;5;1;1;1;2;29;RD383   7.640 A 11.044;M;4574900;490700;690
2,02E+11;18;12;14;605;3;1;1;1;2;286;A46N   19.955 A 25.180;M;4584490;491341;690
2,02E+11;18;12;16;410;3;1;9;3;6;275;A42  4.020 A 4.353   GEN;M;;;10
2,02E+11;18;12;16;1405;1;1;1;1;2;266;RD383   3.750 A 7.640;M;4575356;490799;690
2,02E+11;18;12;17;1400;1;1;1;2;3;199;RD383   14.250 A 18.000;M;4570196;484530;690
2,02E+11;18;12;15;1530;1;1;1;1;4;382;A7   0.000 A 2.278;M;4574554;482811;690
2,02E+11;18;12;10;150;3;1;1;3;6;256;A42     0.560 A 4.020;M;4580457;492615;690
2,02E+11;18;12;20;55;3;1;1;1;6;275;A42   4.353 A 5.760   GE;M;;;10
2,02E+11;18;12;13;1313;1;1;1;1;6;389;BPNL   34.614 A 36.285;M;4578666;480499;690
2,02E+11;18;11;23;1800;2;1;1;3;2;271;RN346   38.000 A 38.960;M;4572442;497912;690
2,02E+11;18;12;26;1215;1;1;1;1;6;248;A46N   14.305 A 17.210;M;4588520;489391;10
2,02E+11;18;12;15;2330;3;1;1;2;5;81;A6   449.510 A 451.640;M;4577094;479127;690
2,02E+11;18;12;30;1125;1;1;1;1;3;259;RD383   11.750 A 14.250;M;4571744;486053;690
2,02E+11;18;12;31;2345;5;1;1;1;6;137;A57;M;4312132;595331;830
2,02E+11;18;1;8;1220;1;1;1;3;2;144;A57;M;4313349;598476;830
2,02E+11;18;1;8;1545;1;1;1;3;6;35;A50;M;4316144;576743;830
2,02E+11;18;1;10;1800;3;1;1;1;5;144;A57;M;4313349;598476;830
2,02E+11;18;1;15;1345;1;1;1;1;3;137;A57;M;4312132;595331;830
2,02E+11;18;1;19;2055;3;1;1;1;6;144;A57;M;4313000;598000;830
2,02E+11;18;1;20;445;5;1;1;1;6;137;A50 TUNNEL TUBE NORD;M;4312093;594350;830
2,02E+11;18;1;23;1815;3;1;1;1;3;144;A57;M;4313349;598476;830
2,02E+11;18;1;26;620;3;1;1;1;2;69;RN98;M;4312312;609686;830
2,02E+11;18;1;28;120;3;1;1;1;2;27;A50;M;4317871;576961;830
2,02E+11;18;1;30;2030;3;1;1;1;6;62;A570;M;4314340;601420;830
2,02E+11;18;2;14;1840;2;1;1;1;4;69;RN98;M;4312312;609686;830
2,02E+11;18;2;15;805;1;1;1;2;5;137;A57;M;4312132;595331;830
2,02E+11;18;2;16;1715;1;1;1;1;4;144;A57;M;4313349;598476;830
2,02E+11;18;2;22;1355;1;1;1;1;2;137;A50 TUNNEL TUBE SUD;M;4312093;594350;830
2,02E+11;18;2;22;1850;3;1;1;2;4;144;A57;M;4313349;598476;830
2,02E+11;18;3;2;1800;1;1;1;1;2;144;A57;M;4313349;598476;830
2,02E+11;18;3;3;1746;1;1;1;1;6;28;A50;M;;;130
2,02E+11;18;3;4;1338;1;1;1;2;2;27;A50;M;4317871;678696;830
2,02E+11;18;3;8;656;2;1;1;1;6;137;A57;M;4312132;595331;830
2,02E+11;18;3;13;1348;1;1;1;1;4;137;A57;M;4312132;595331;830
2,02E+11;18;3;14;1435;1;1;1;1;2;144;A57;M;4313349;598476;830
2,02E+11;18;3;15;800;1;1;1;3;6;28;A 50;M;4319292;565186;130
2,02E+11;18;3;15;1005;1;1;1;3;6;35;A50;M;4316144;576743;830
2,02E+11;18;3;18;540;2;1;1;1;3;144;A57;M;4313349;598476;830
2,02E+11;18;3;20;810;1;1;1;1;3;144;A57;M;4313340;598476;830
2,02E+11;18;3;21;1250;1;1;1;1;2;137;A50;M;4312093;590625;830
2,02E+11;18;3;23;1710;1;1;1;1;4;144;A57;M;4314172;600493;830
2,02E+11;18;3;23;2010;3;1;1;1;6;90;A50;M;4312655;589131;830
2,02E+11;18;3;23;2010;3;1;1;1;2;137;A50;M;4312506;590625;830
2,02E+11;18;3;24;20;3;1;1;1;7;62;A57;M;4314340;601420;830
2,02E+11;18;3;27;15;5;1;1;1;3;137;AccЉs A57 BenoЊt Malon T;M;4312132;595331;830
2,02E+11;18;3;28;1215;1;1;1;1;4;144;A57;M;4313349;598476;830
2,02E+11;18;3;31;115;3;1;1;1;6;90;A50;M;4312655;589131;830
2,02E+11;18;4;4;1725;1;1;1;1;4;137;A57;M;4312132;595331;830
2,02E+11;18;4;12;1230;1;1;1;8;4;62;A57;M;4314340;601420;830
2,02E+11;18;4;19;1630;1;1;1;1;2;129;A50;M;4312038;584492;830
2,02E+11;18;4;20;855;1;1;1;1;6;35;A50;M;4316144;576743;830
2,02E+11;18;4;25;1405;1;1;1;1;2;62;A570;M;4314340;601420;830
2,02E+11;18;4;27;1416;1;1;1;1;2;90;A50;M;4312655;589131;830
2,02E+11;18;4;28;1226;1;1;1;1;2;137;A57;M;4312132;595331;830
2,02E+11;18;5;4;1848;1;1;1;1;3;144;A57;M;4313349;598476;830
2,02E+11;18;5;13;1345;1;1;1;3;6;47;A570;M;4313458;604716;830
2,02E+11;18;5;21;1838;1;1;1;1;5;144;A57;M;4313349;598476;830
2,02E+11;18;5;23;1015;1;1;1;1;2;62;A57;M;4314340;601420;830
2,02E+11;18;5;24;1645;1;1;1;1;2;137;AccЉs A57 BenoЊt Malon T;M;4312132;595331;830
2,02E+11;18;5;28;905;1;1;1;1;4;90;A50;M;4312655;589131;830
2,02E+11;18;6;9;930;1;1;1;1;6;62;A570;M;4314340;601420;830
2,02E+11;18;6;13;1610;1;1;1;1;2;62;A57;M;4314340;601420;830
2,02E+11;18;6;18;725;1;1;1;1;5;137;A50;M;4312506;590625;830
2,02E+11;18;6;18;1145;1;1;1;1;7;35;A50;M;4316144;576743;830
2,02E+11;18;6;23;1325;1;1;1;1;5;112;A50;M;4319705;570657;830
2,02E+11;18;6;24;115;3;1;1;1;7;69;RN98;M;4312312;609686;830
2,02E+11;18;6;27;745;1;1;1;1;3;144;A57;M;4313349;598476;830
2,02E+11;18;6;28;1600;1;1;1;3;7;137;A50;M;4312506;590625;830
2,02E+11;18;7;5;2056;1;1;1;1;3;137;A50;M;4312132;595331;830
2,02E+11;18;7;10;1930;1;1;1;1;4;144;A57;M;4313349;595476;830
2,02E+11;18;7;13;1225;1;1;1;1;7;137;A50;M;4312506;590625;830
2,02E+11;18;7;18;1020;1;1;1;1;2;137;A57;M;4312132;595331;830
2,02E+11;18;8;1;1230;1;1;1;1;6;62;A57;M;4314340;601420;830
2,02E+11;18;8;3;825;1;1;1;1;6;90;A50;M;4312655;589131;830
2,02E+11;18;8;10;955;1;1;1;1;1;137;A50;M;4312132;595331;830
2,02E+11;18;8;13;1222;1;1;1;1;5;62;A570;M;4314340;601420;830
2,02E+11;18;8;14;1058;1;1;1;1;5;144;A57;M;4313349;598476;830
2,02E+11;18;8;25;1258;1;1;1;6;6;123;A50;M;4312931;581683;830
2,02E+11;18;9;6;1330;1;1;1;1;5;137;A57;M;4312132;595331;830
2,02E+11;18;9;11;1245;1;1;1;1;5;112;A50;M;4319705;570657;830
2,02E+11;18;9;12;745;1;1;1;1;4;137;A57;M;4312132;595331;830
2,02E+11;18;9;17;1425;1;1;1;1;6;137;A50;M;4312506;590625;830
2,02E+11;18;9;17;1700;1;1;1;1;2;137;A50;M;4312506;590625;830
2,02E+11;18;9;19;645;3;1;1;1;7;90;A50;M;4312655;589131;830
2,02E+11;18;9;19;855;1;1;1;1;7;137;A50;M;4312506;590625;830
2,02E+11;18;9;20;830;1;1;1;1;6;62;A570;M;4314340;601420;830
2,02E+11;18;9;25;1855;1;1;1;1;6;47;A570;M;4313458;604716;830
2,02E+11;18;9;28;2130;3;1;1;1;5;137;A57;M;4312132;595331;830
2,02E+11;18;9;30;2045;3;1;1;1;2;90;A50;M;4312655;589131;830
2,02E+11;18;10;3;1750;1;1;1;1;5;126;A50;M;4312424;587200;830