Num_Acc;an;mois;jour;hrmn;lum;agg;int;atm;col;com;adr;gps;lat;long;dep
2,02E+11;18;10;5;1615;1;1;1;1;3;62;A57;M;4313340;601420;830
2,02E+11;18;10;9;635;3;1;1;1;4;27;A50;M;4317871;576961;830
2,02E+11;18;10;10;1130;1;1;1;3;6;35;A50;M;4316144;576743;830
2,02E+11;18;10;10;1230;1;1;1;3;3;35;A50;M;4316144;576743;830
2,02E+11;18;10;10;1825;2;1;1;3;6;23;A50;M;4319298;565194;130
2,02E+11;18;10;11;837;1;1;1;3;3;137;A57;M;4312132;595331;830
2,02E+11;18;10;11;1810;2;1;1;1;6;126;A50;M;4312424;587200;830
2,02E+11;18;10;15;715;3;1;1;1;6;137;A50;M;4312506;590625;830
2,02E+11;18;10;17;1745;1;1;1;2;2;144;A57;M;4313349;598476;830
2,02E+11;18;10;27;2255;3;1;1;2;2;137;A57;M;4312132;595331;830
2,02E+11;18;11;1;1540;1;1;1;2;6;123;A50;M;4312931;581683;830
2,02E+11;18;11;6;800;1;1;1;3;2;144;A57;M;4313349;598476;830
2,02E+11;18;11;9;615;3;1;1;2;6;69;A570;M;4312312;609686;830
2,02E+11;18;11;15;1740;3;1;1;1;4;144;A57;M;4313349;598476;830
2,02E+11;18;11;16;1715;1;1;1;1;3;144;A57;M;4313349;598476;830
2,02E+11;18;11;17;1955;3;1;1;1;3;137;A50 Entr‚e Tunnel Tube S;M;4312506;590625;830
2,02E+11;18;11;20;1835;3;1;1;2;4;144;A57;M;4313349;598476;830
2,02E+11;18;11;23;1000;1;1;1;2;2;144;A57;M;4313349;598476;830
2,02E+11;18;12;18;820;1;1;1;1;3;137;A50;M;4312132;595331;830
2,02E+11;18;12;18;1330;1;1;1;1;6;47;A570;M;4313458;604716;830
2,02E+11;18;12;26;1830;3;1;1;2;2;144;A57;M;4313349;598476;830
2,02E+11;18;12;30;833;1;1;1;1;2;123;A50;M;4312931;581683;830
2,02E+11;18;12;30;230;3;1;1;1;6;55;A50-Sens Aubagne vers Ma;M;4317374;528204;130
2,02E+11;18;12;30;1950;3;1;1;1;2;5;A50-Sens Marseille vers;M;4327675;558722;130
2,02E+11;18;1;1;740;3;1;1;1;2;1;A51-Sens Marseille vers;M;;;130
2,02E+11;18;1;4;1215;1;1;1;1;3;56;Rocade L2;M;4329174;542451;130
2,02E+11;18;1;5;1620;1;1;1;1;6;56;A507 & Rocade L2;M;4332694;542014;130
2,02E+11;18;1;8;700;2;1;1;1;2;22;A50-Sens Toulon vers Aub;M;;;130
2,02E+11;18;1;8;1528;1;1;1;2;6;55;Tunnel Prado-Carйnage;M;4328327;540036;130
2,02E+11;18;1;8;2010;3;1;1;2;4;71;A7-Sens Marseille vers L;M;4340363;531053;130
2,02E+11;18;1;9;930;1;1;1;8;7;5;A50 - Sens Aubagne vers;M;;;130
2,02E+11;18;1;8;1950;3;1;1;2;2;55;A7-Sens Lyon vers Marsei;M;;;130
2,02E+11;18;1;9;1230;1;1;9;1;2;117;A7-Sens Lyon vers Marsei;M;;;130
2,02E+11;18;1;8;1730;3;1;1;1;6;55;A55-Sens Marseille vers;M;;;130
2,02E+11;18;1;5;1630;1;1;1;1;4;55;A7-Sens Lyon vers*Marsei;M;;;130
2,02E+11;18;1;5;1530;1;1;1;1;2;71;A51-Sens Marseille vers;M;4324500;521532;130
2,02E+11;18;1;10;1600;1;1;1;1;2;55;A7-Sens Marseille vers*L;M;;;130
2,02E+11;18;1;12;910;1;1;1;1;4;55;A50-Sens Aubagne*vers Ma;M;4328928;544509;130
2,02E+11;18;12;10;1755;2;1;1;1;4;55;A7-Sens Lyon vers Marsei;M;4338119;535373;130
2,02E+11;18;1;8;700;1;1;1;8;2;85;Sens Toulon vers Aubagne;M;4323275;558712;130
2,02E+11;18;1;11;1735;1;1;1;1;2;55;A55-Sens Marseille vers;M;4332095;536421;130
2,02E+11;18;1;9;950;1;1;1;2;2;55;A55-Sens Martigues vers;M;;;130
2,02E+11;18;1;13;1658;1;1;1;1;7;85;A50-Sens Aubagne vers To;M;;;130
2,02E+11;18;1;14;2355;3;1;1;1;2;55;A7-Sens Lyon vers Marsei;M;;;130
2,02E+11;18;1;15;1740;1;1;1;1;5;55;A7-Sens Lyon vers Marsei;M;;;130
2,02E+11;18;1;14;2200;3;1;1;1;5;85;A50-Sens Toulon vers Aub;M;;;130
2,02E+11;18;1;15;1620;1;1;1;1;6;56;A55-Sens Martigues vers;M;;;130
2,02E+11;18;1;16;1720;1;1;1;1;3;55;A50-Sens Marseille vers;M;;;130
2,02E+11;18;1;14;2015;3;1;1;1;5;85;Sens Toulon vers*Aubagne;M;4325703;559298;130
2,02E+11;18;1;18;633;3;1;1;1;4;15;A51-Sens Aix en Provence;M;4342802;538619;130
2,02E+11;18;1;19;155;3;1;1;1;7;71;A7-Sens Marseille vers L;M;;;130
2,02E+11;18;1;15;1434;1;1;1;1;6;71;A7-SensMarseille vers L;M;;;130
2,02E+11;18;1;18;1900;3;1;1;1;4;71;A51-Sens Aix en Provence;M;;;130
2,02E+11;18;1;19;1700;1;1;1;1;2;81;A7-Sens Lyon vers Marsei;M;;;130
2,02E+11;18;1;16;1825;3;1;1;1;4;88;A55-Sens Marseille vers;M;4323297;516114;130
2,02E+11;18;1;20;1615;1;1;1;2;4;55;A50-Sens Marseille vers;M;;;130
2,02E+11;18;1;23;910;1;1;1;1;2;106;A7-Sens Lyon vers Marsei;M;;;130
2,02E+11;18;1;20;2330;3;1;1;1;7;106;A 517;M;;;130
2,02E+11;18;1;25;300;3;1;1;1;6;26;A55-Sens Marseille vers;M;;;130
2,02E+11;18;1;24;915;1;1;1;1;4;5;A50-Sens Marseille vers;M;;;130
2,02E+11;18;1;25;715;3;1;1;1;4;55;A55-Sens Marseille vers;M;;;130
2,02E+11;18;1;25;1845;3;1;1;1;2;71;A7-Sens Lyon vers*Marsei;M;;;130
2,02E+11;18;1;26;1315;1;1;1;2;6;71;A7-Sens Marseille vers L;M;;;130
2,02E+11;18;1;27;245;3;1;1;1;2;43;A55-Sens Marseille vers;M;;;130
2,02E+11;18;1;27;1000;1;1;1;3;6;55;A7-Sens Marseille vers L;M;4334302;537608;130
2,02E+11;18;1;27;1240;1;1;1;3;7;26;A55-Sens Martigues vers;M;;;130
2,02E+11;18;1;26;1800;3;1;1;3;4;71;A7-Sens Marseille vers L;M;4341801;527326;130
2,02E+11;18;1;29;810;1;2;1;5;6;55;-Sens Marseille ???;M;4328903;544466;130
2,02E+11;18;1;30;932;1;1;1;1;3;55;Tunnel Prado Car‚nage;M;4328369;539011;130
2,02E+11;18;1;25;2235;3;1;1;1;7;5;A50-Sens Aubagne vers Ma;M;;;130
2,02E+11;18;1;31;855;1;1;1;1;3;55;A50-Sens Marseille vers;M;;;130
2,02E+11;18;2;1;1320;1;1;1;2;3;71;A7-Sens Marseille vers*L;M;4340940;528588;130
2,02E+11;18;2;1;1300;1;1;1;2;6;55;S10CD-Sens Aubagne vers;M;4328273;539400;130
2,02E+11;18;2;1;2300;3;1;1;1;4;106;A7-Sens Marseille vers L;M;;;130
2,02E+11;18;2;2;20;3;1;1;1;1;5;A501-Sens Aubagne vers P;M;;;130
2,02E+11;18;2;2;1400;1;1;1;1;6;71;A7-Sens Lyon vers Marsei;M;;;130
2,02E+11;18;2;4;210;3;1;1;1;7;81;A7-Sens Marseille vers L;M;;;130
2,02E+11;18;1;30;1725;1;1;1;1;3;55;Viaduc de la Joliette;M;4331144;536708;130
2,02E+11;18;2;5;1655;1;1;9;1;5;55;A7-Sens Lyon vers*Marsei;M;4337683;535863;130
2,02E+11;18;2;6;700;3;1;9;2;3;55;A50-Sens Aubagne vers*Ma;M;4328658;550857;130
2,02E+11;18;2;6;1940;3;1;1;2;6;55;A55-Sens*Marseille vers;M;4332954;535556;130
2,02E+11;18;2;6;1750;3;1;1;1;5;55;A7-Sens Lyon vers Marsei;M;;;130
2,02E+11;18;2;4;429;5;1;1;1;3;88;A55-Sens Marseille vers;M;;;130
2,02E+11;18;1;25;1545;1;1;1;1;7;15;A515CD-Gardanne vers A51;M;4342946;539865;130
2,02E+11;18;2;4;500;3;1;1;1;6;81;A7-Sens Marseille vers L;M;;;130
2,02E+11;18;2;7;1145;1;1;1;1;4;55;A50-Sens Marseille vers;M;;;130
2,02E+11;18;2;10;1120;1;1;1;1;3;55;A7-Sens Marseille vers L;M;;;130
2,02E+11;18;2;10;2250;3;1;1;1;6;26;A55-Sens Marseille vers;M;;;130
2,02E+11;18;2;11;1030;1;1;1;1;7;81;A7-Sens Lyon vers Marsei;M;;;130
2,02E+11;18;2;8;2015;3;1;1;1;2;55;A50-Sens Marseille vers;M;4328351;540077;130
2,02E+11;18;2;12;1122;1;1;1;1;6;19;A51-Sens Marseille vers;M;;;130
2,02E+11;18;2;13;915;1;1;1;1;4;55;A50-Sens Marseille*vers;M;4329049;544867;130
2,02E+11;18;2;12;1830;2;1;1;1;2;55;A50-Sens Aubagne vers Ma;M;;;130
2,02E+11;18;2;9;515;3;1;1;1;6;85;A50-Sens Toulon vers*Aub;M;4326065;559130;130
2,02E+11;18;2;14;1750;1;1;1;1;4;71;A7-Sens Marseille vers L;M;;;130
2,02E+11;18;2;15;715;1;1;1;2;7;55;A55-Sens Marseille vers;M;;;130
2,02E+11;18;2;15;1900;3;1;1;1;2;1;A51-Sens Aix en Provence;M;;;130
2,02E+11;18;2;16;1320;1;1;1;1;6;55;Tunnel Prado Car‚nage;M;;;130
2,02E+11;18;2;13;815;1;1;1;1;5;5;A50-Sens Aubagne vers Ma;M;;;130
2,02E+11;18;2;16;1455;1;1;1;1;3;55;A55-Sens*Marseille vers;M;4333477;535395;130
2,02E+11;18;2;16;1915;4;1;1;1;4;55;Sens Aubagne vers Marsei;M;;;130
2,02E+11;18;2;17;1300;1;1;1;2;7;81;A7-Sens Marseille vers L;M;;;130
2,02E+11;18;2;17;1945;3;1;1;2;5;5;A52-Sens Pont de l'Etoil;M;;;130
2,02E+11;18;2;21;930;1;1;1;4;4;88;A55-Sens Marseille vers;M;;;130
2,02E+11;18;2;18;1730;1;1;1;1;4;55;A50-Sens Aubagne vers Ma;M;;;130
2,02E+11;18;2;21;800;1;1;1;1;3;56;A507 sens Marseille - Au;M;;;130
2,02E+11;18;2;23;1315;1;1;1;1;6;71;A7-Sens Lyon vers Marsei;M;;;130
2,02E+11;18;2;23;1815;2;1;1;1;6;71;A7-Sens Lyon vers*Marsei;M;4340673;532885;130
2,02E+11;18;2;24;1040;1;1;1;2;6;55;A55-Sens Marseille vers;M;;;130
2,02E+11;18;2;24;1830;3;1;1;2;6;55;TVPCM-Sens Saint Victor;M;4329137;536575;130
2,02E+11;18;2;24;110;3;1;1;1;6;117;A7-Sens Lyon vers Marsei;M;;;130
2,02E+11;18;2;25;1310;1;1;4;1;6;55;A557-Liaison A7 Marseill;M;4332123;537575;130
2,02E+11;18;2;28;900;1;1;1;1;6;55;A557-Liaison A7 Marseill;M;;;130
2,02E+11;18;2;25;110;3;1;1;1;2;81;A7-Sens Lyon vers Marsei;M;4348768;524052;130
2,02E+11;18;2;25;1400;1;1;1;1;7;5;A52-Sens Toulon vers Pon;M;;;130
2,02E+11;18;2;28;1900;3;1;1;6;6;5;Sens Aubagne vers Pont d;M;4328334;557490;130
2,02E+11;18;3;2;1925;3;1;1;1;2;56;A55-Sens Marseille vers;M;4339965;509506;130
2,02E+11;18;3;2;830;1;1;1;3;3;85;A50-Sens Toulon vers Aub;M;;;130
2,02E+11;18;3;4;525;3;1;1;1;7;43;A55-Sens Marseille vers;M;;;130
2,02E+11;18;3;2;950;1;1;1;3;2;55;Sens Aubagne vers Marsei;M;;;130
2,02E+11;18;3;5;1140;1;1;1;1;6;5;A50 * Sens Aubagne vers;M;4326479;558769;130
2,02E+11;18;3;5;1515;1;1;1;2;2;55;A50*Sens Marseille vers;M;4329230;547920;130
2,02E+11;18;3;6;900;1;1;1;8;3;85;A50-Sens Aubagne vers To;M;;;130
2,02E+11;18;2;23;825;1;1;1;1;7;55;A50-Sens Aubagne vers Ma;M;;;130
2,02E+11;18;2;23;645;2;1;1;1;2;5;A50-Sens Marseille vers;M;;;130
2,02E+11;18;3;5;1750;1;1;1;2;6;85;A50-Sens Toulon vers Aub;M;4325999;559178;130
2,02E+11;18;3;6;1530;1;1;1;1;2;55;Tunnel de la Major ;M;4330213;536623;130
2,02E+11;18;3;7;1720;1;1;1;1;3;55;Sens Marseille vers L;M;4336504;536040;130
2,02E+11;18;3;7;2147;3;1;9;1;2;88;A55-Sens Marseille vers;M;;;130
2,02E+11;18;3;8;915;1;1;1;1;2;55;Sens Aubagne vers;M;4328288;539729;130
2,02E+11;18;3;8;445;3;1;9;1;2;55;A7-Sens Marseille vers L;M;4334513;537451;130
2,02E+11;18;3;5;1850;5;1;9;1;4;55;Tunnel Joliette Marseill;M;;;130
2,02E+11;18;3;10;45;3;1;1;1;2;55;A7-Sens Lyon vers Marsei;M;;;130
2,02E+11;18;3;9;1900;3;1;1;1;2;1;A51-Sens Marseille vers;M;;;130
2,02E+11;18;3;11;350;3;2;1;2;2;55;A50-Sens Aubagne vers Ma;M;;;130
2,02E+11;18;3;12;2128;3;1;1;1;2;71;A7-Sens Lyon vers Marsei;M;4341368;527983;130
2,02E+11;18;3;12;900;1;1;1;1;2;55;A50-Sens Marseille vers;M;4329565;101023;130
2,02E+11;18;3;13;1400;1;1;1;1;4;55;A55-Sens Martigues vers;M;4329407;536523;130
2,02E+11;18;3;13;1750;1;1;1;1;4;55;A7*Sens Lyon vers Marsei;M;4333579;537705;130
2,02E+11;18;3;14;820;1;1;1;1;4;71;A7-Sens Marseille vers L;M;4340410;530298;130
2,02E+11;18;3;14;1040;1;1;4;1;5;71;A7-Sens Lyon vers Marsei;M;4340401;530333;130
2,02E+11;18;3;14;1435;1;1;1;1;7;71;A7*Sens Marseille vers L;M;4341220;528252;130
2,02E+11;18;3;14;2120;3;1;1;1;3;88;A55-Sens Martigues vers;M;4338882;524519;130
2,02E+11;18;3;15;700;1;1;1;3;7;22;A50-Sens Toulon vers Aub;M;4322436;558231;130
2,02E+11;18;3;15;805;1;1;1;3;2;71;A7*Sens Lyon vers Marsei;M;4341221;528174;130
2,02E+11;18;3;18;415;3;1;1;1;3;19;A51-Sens Marseille vers;M;;;130
2,02E+11;18;3;18;1600;1;1;1;1;4;55;A50-Sens Marseille vers;M;;;130
2,02E+11;18;3;15;925;1;1;1;2;2;28;A50-Sens Aubagne vers To;M;4321030;558323;130
2,02E+11;18;3;15;1220;1;1;1;2;7;85;Sens Toulon vers Aubagne;M;4325454;559476;130
2,02E+11;18;3;19;915;1;1;1;1;4;55;A50-Sens Aubagne vers Ma;M;4328791;554647;130
2,02E+11;18;3;20;805;1;1;1;1;4;55;Tunnel Joliette Marseill;M;4330515;536547;130
2,02E+11;18;3;19;1720;1;1;1;1;4;117;A7-Sens Lyon vers Marsei;M;;;130
2,02E+11;18;3;18;1700;1;1;1;1;3;19;A51-Sens Aix en Provence;M;4341680;536516;130
2,02E+11;18;3;20;1915;3;1;1;1;3;1;A51-Sens Marseille vers;M;4348851;540770;130
2,02E+11;18;3;23;800;1;1;1;1;7;55;A7-Sens Marseille vers L;M;4335788;536281;130
2,02E+11;18;3;23;830;1;1;4;1;6;71;A7-Sens Lyon vers Marsei;M;4340677;532895;130
2,02E+11;18;3;21;1030;1;1;1;4;2;71;A55-Sens Martigues vers;M;4338897;530384;130
2,02E+11;18;3;23;1315;1;1;1;1;2;55;A7-Sens Marseille vers L;M;4333337;537765;130
2,02E+11;18;3;23;1625;1;1;1;1;3;55;A7-Sens Lyon vers Marsei;M;;;130
2,02E+11;18;3;24;525;3;1;1;1;3;117;A7-Sens Lyon vers Marsei;M;;;130
2,02E+11;18;3;24;1305;1;1;1;1;5;71;A7-Sens Lyon vers Marsei;M;4341146;528272;130
2,02E+11;18;3;24;1615;1;1;1;1;2;71;A51-Sens Marseille vers;M;4341443;536483;130
2,02E+11;18;3;24;2150;3;1;1;1;4;117;A7-Sens Lyon vers Marsei;M;4343690;525262;130
2,02E+11;18;3;26;1331;1;1;9;1;6;55;A55-Sens Martigues vers;M;4333085;535424;130
2,02E+11;18;3;28;830;1;1;1;1;2;71;A7-Sens Lyon vers Marsei;M;;;130
2,02E+11;18;3;28;1700;2;1;1;1;4;55;A50-Sens Marseille vers;M;;;130
2,02E+11;18;3;29;1920;2;1;9;1;2;71;A7-Sens Marseille vers L;M;;;130
2,02E+11;18;3;28;2005;3;1;1;1;7;26;A55-Sens Martigues vers;M;4339245;513044;130
2,02E+11;18;3;30;1300;1;1;1;1;3;55;A50-Sens Aubagne vers Ma;M;4329400;547121;130
2,02E+11;18;3;29;1900;2;1;1;1;4;71;A7-Sens Lyon vers Marsei;M;4341624;527623;130
2,02E+11;18;3;26;830;1;1;1;1;3;211;A50-Sens Aubagne vers Ma;M;4328785;550236;130
2,02E+11;18;3;29;1515;1;1;9;1;4;71;A7-Sens Marseille vers L;M;4341039;528473;130
2,02E+11;18;3;31;2145;3;1;1;1;6;55;A55-Sens Martigues vers;M;4331940;536360;130
2,02E+11;18;3;31;750;1;1;1;1;7;5;A50-Sens Aubagne vers Ma;M;;;130
2,02E+11;18;4;3;1055;1;1;9;1;6;15;A51-Sens Aix en Provence;M;;;130
2,02E+11;18;4;4;1450;1;2;9;1;4;55;A7 Sens Marseille Lyon;M;4337791;535717;130
2,02E+11;18;4;6;1230;1;1;1;1;6;56;A55-Sens Martigues vers;M;4324160;502256;130
2,02E+11;18;4;6;547;5;1;1;1;6;55;Tunnel Prado Car‚nage;M;4328277;539154;130
2,02E+11;18;4;6;1655;1;1;1;1;4;71;A55-Sens Martigues vers;M;4337562;531895;130
2,02E+11;18;4;6;1700;1;1;1;7;2;55;Tunnel Joliette Marseill;M;;;130
2,02E+11;18;4;6;1755;1;1;1;1;4;5;A50-Sens Aubagne vers Ma;M;;;130
2,02E+11;18;4;5;1845;1;1;1;1;7;55;A50-Sens Marseille vers;M;;;130
2,02E+11;18;4;9;1350;1;1;1;1;7;5;A50-Sens Marseille vers;M;4328457;557172;130
2,02E+11;18;4;5;1540;1;1;9;1;2;55;A7-Sens Lyon vers Marsei;M;4333988;537629;130
2,02E+11;18;4;11;15;3;1;1;1;1;55;A7-Sens Lyon vers Marsei;M;4332115;537734;130
2,02E+11;18;4;11;1040;1;1;1;1;6;55;A55-Sens Martigues vers;M;;;130
2,02E+11;18;4;12;418;5;2;1;2;6;55;Tunnel Prado Car‚nage;M;4317280;521580;130
2,02E+11;18;4;12;850;1;1;1;2;6;55;A55-Sens Marseille vers;M;;;130
2,02E+11;18;4;11;2025;3;1;1;3;6;5;A50 - Sens Aubagne vers;M;4327841;558629;130
2,02E+11;18;4;10;1250;1;1;1;1;2;71;A7-Sens Lyon vers Marsei;M;4340470;533990;130
2,02E+11;18;4;14;530;3;1;1;1;2;26;A55-Sens Martigues vers;M;4338960;513717;130
2,02E+11;18;4;13;1710;1;1;1;1;2;55;A7-Sens Lyon vers Marsei;M;4336892;536075;130
2,02E+11;18;4;12;1900;1;1;1;3;4;5;A502-Sens Toulon par R.N;M;4328410;559130;130
2,02E+11;18;4;16;720;1;1;1;1;3;55;A7-Sens Marseille vers L;M;4333451;537739;130
2,02E+11;18;4;17;315;3;1;1;1;7;55;A55-Sens Marseille vers;M;4335798;534524;130
2,02E+11;18;4;17;725;1;1;1;1;7;55;A7-Sens Lyon vers Marsei;M;4335735;536261;130
2,02E+11;18;4;17;725;1;1;1;1;4;55;A7-Sens Lyon vers Marsei;M;4332247;537785;130
2,02E+11;18;4;16;1840;2;1;1;1;2;1;A51-Sens Aix en Provence;M;;;130
2,02E+11;18;4;17;1800;1;1;1;1;4;5;Sens Aubagne vers Ma;M;4328511;552522;130
2,02E+11;18;4;19;1730;1;1;1;1;4;71;A7-Sens Marseille vers L;M;4341369;528042;130
2,02E+11;18;4;19;1300;1;1;1;1;6;55;A50-Sens Marseille vers;M;4329008;544776;130
2,02E+11;18;4;19;1800;1;1;1;1;2;71;A7-Sens Lyon vers Marsei;M;4340562;532135;130
2,02E+11;18;4;18;2235;3;1;1;1;6;55;A50-Sens Marseille vers;M;4329266;547389;130
2,02E+11;18;4;18;850;1;1;1;1;6;5;A50-Sens Marseille vers;M;;;130
2,02E+11;18;4;21;45;3;1;1;1;6;55;A7-Sens Lyon vers Marsei;M;4335968;536191;130
2,02E+11;18;4;21;1350;1;1;1;1;6;117;A7-Sens Marseille vers L;M;;;130
2,02E+11;18;4;21;1245;1;1;1;1;4;55;A50-Sens Aubagne vers Ma;M;;;130
2,02E+11;18;4;21;1025;1;1;1;1;4;55;Sens Marseille vers;M;4328732;543864;130
2,02E+11;18;4;22;1718;1;1;1;1;4;55;A7-Sens Lyon vers Marsei;M;4319132;522390;130
2,02E+11;18;4;19;900;1;1;1;1;3;55;A7-Sens Lyon vers Marsei;M;4333701;537689;130
2,02E+11;18;4;23;830;2;1;1;1;5;15;A51-Sens Marseille vers;M;4328033;524263;130
2,02E+11;18;4;24;1030;1;1;9;1;2;56;A55-Sens Marseille vers;M;4340223;504238;130
2,02E+11;18;4;27;2100;3;1;1;1;2;55;A55-Sens Martigues vers;M;4331031;536578;130
2,02E+11;18;4;30;900;1;1;1;1;4;5;A50-Sens Aubagne vers Ma;M;;;130
2,02E+11;18;5;1;105;3;1;1;1;4;71;A7-Sens Marseille vers L;M;4340537;531974;130
2,02E+11;18;5;1;55;3;1;9;1;2;71;A7-Sens Marseille vers L;M;4340505;531860;130
2,02E+11;18;4;30;2020;2;1;1;8;6;22;A50-Sens Aubagne vers To;M;4323800;559100;130
2,02E+11;18;4;29;1850;1;1;1;2;6;71;A51-Sens Marseille vers;M;4341670;536530;130
2,02E+11;18;5;1;445;3;1;1;1;2;55;A55-Sens Marseille vers;M;4333630;535167;130
2,02E+11;18;5;2;1120;1;1;1;2;2;19;A51-Sens Marseille vers;M;4341670;536540;130
2,02E+11;18;5;3;2220;3;1;1;1;3;81;A7-Sens Lyon vers Marsei;M;4349285;523963;130
2,02E+11;18;5;4;808;1;1;1;1;6;15;A51-Sens Marseille vers;M;4345778;540177;130
2,02E+11;18;5;3;1820;1;1;1;1;2;71;A51-Sens Aix en Provence;M;4341344;536443;130
2,02E+11;18;5;8;2000;1;1;1;1;2;1;A51-Sens Marseille vers;M;4351140;542110;130
2,02E+11;18;5;9;512;4;1;1;1;6;55;A7-Sens Marseille vers L;M;4320301;522354;130
2,02E+11;18;5;10;140;3;1;1;1;6;85;A50-Sens Toulon vers Aub;M;4315503;535177;130
2,02E+11;18;5;10;110;3;1;1;1;6;26;A55-Sens Martigues*vers;M;4340203;510642;130
2,02E+11;18;5;9;2010;2;1;1;2;3;85;A50-Sens Toulon vers Aub;M;4325220;559551;130
2,02E+11;18;5;7;2347;5;1;1;1;6;56;A507 sens Aubagne- Marse;M;4329868;542497;130
2,02E+11;18;5;12;2052;2;1;1;1;3;56;A507 sens Marseille - Au;M;4332995;541031;130
2,02E+11;18;5;14;947;1;1;1;2;3;55;A50-Sens Aubagne vers Ma;M;4329282;545433;130
2,02E+11;18;5;14;810;1;1;1;2;5;71;A55 - Sens Marseille ver;M;4337808;531769;130
2,02E+11;18;5;15;825;1;1;1;2;4;117;A7-Sens Lyon vers Marsei;M;4326302;514502;130
2,02E+11;18;5;15;810;1;1;1;2;4;71;A7-Sens Marseille vers L;M;;;130
2,02E+11;18;5;15;850;1;1;1;2;4;55;A7-Sens Marseille vers L;M;4332799;537819;130
2,02E+11;18;5;15;1350;1;1;9;1;5;71;A7-Sens Marseille vers L;M;;;130
2,02E+11;18;5;15;1525;1;1;9;1;2;26;A55-Sens Marseille vers;M;;;130
2,02E+11;18;5;15;1640;1;1;9;1;2;26;A55-Sens Martigues vers;M;;;130
2,02E+11;18;5;13;1140;1;1;1;3;2;71;A51-Sens Aix en Provence;M;4340570;532120;130
2,02E+11;18;5;16;2350;3;1;1;1;2;55;A7-Sens Marseille vers L;M;4334329;537596;130
2,02E+11;18;5;17;1800;1;1;1;1;2;55;S10CM-Sens Marseille ver;M;4328381;540281;130
2,02E+11;18;5;15;2040;2;1;1;1;3;55;A50-Sens Marseille vers;M;4328502;541900;130
2,02E+11;18;5;18;1330;1;1;1;1;4;55;Tunnel Joliette Marseill;M;4329359;536292;130
2,02E+11;18;5;18;1510;1;1;1;1;2;55;A7-Sens Lyon vers Marsei;M;4332640;537825;130
2,02E+11;18;5;18;1640;1;1;1;1;2;106;A7-Sens Lyon vers Marsei;M;4339704;535009;130
2,02E+11;18;5;18;1800;1;1;1;1;2;55;A50-Sens Marseille vers;M;4329306;547524;130
2,02E+11;18;5;18;1800;1;1;1;1;4;70;A50-Sens Aubagne vers Ma;M;4324428;559441;130
2,02E+11;18;5;21;1505;1;1;1;2;3;55;A55-Sens Marseille vers;M;4333418;535415;130
2,02E+11;18;5;23;823;1;1;1;1;2;55;A50-Sens Aubagne vers Ma;M;4329483;542632;130
2,02E+11;18;5;24;700;1;1;1;1;2;56;A507 sens Aubagne- Marse;M;4331910;542260;130
2,02E+11;18;5;24;1045;1;1;1;1;4;70;A50-Sens Aubagne vers Ma;M;4328540;551550;130
2,02E+11;18;5;24;1045;1;1;1;1;2;55;TVPCM-Sens Saint Victor;M;4329928;535778;130
2,02E+11;18;5;24;1730;1;1;1;1;2;55;A50-Sens Marseille vers;M;4328464;541499;130
2,02E+11;18;5;16;1715;1;1;1;1;2;71;A51-Sens Marseille vers;M;4341214;536437;130
2,02E+11;18;5;22;815;1;1;1;8;2;106;A7-Sens Marseille vers L;M;4338850;535110;130
2,02E+11;18;5;26;455;3;1;9;1;6;88;A55-Sens Martigues vers;M;4339162;525971;130
2,02E+11;18;5;25;1640;1;1;1;1;4;55;Tunnel Prado Car‚nage;M;4328336;538954;130
2,02E+11;18;5;25;1520;1;1;1;1;7;55;A50-Sens Marseille vers;M;4328889;538954;130
2,02E+11;18;5;28;1830;1;1;1;1;2;55;A7-Sens Lyon vers Marsei;M;4335149;536700;130
2,02E+11;18;5;28;1830;1;1;1;1;2;81;A7-Sens Marseille vers L;M;4348852;524052;130
2,02E+11;18;5;29;1520;1;1;1;1;7;55;A7-Sens Lyon vers Marsei;M;4337669;535867;130
2,02E+11;18;5;30;1725;1;1;1;8;3;106;A51-Sens Aix en Provence;M;4339863;535268;130
2,02E+11;18;5;31;1715;1;1;1;1;3;55;A7-Sens Marseille vers L;M;4328567;524308;130
2,02E+11;18;5;31;2045;2;1;1;1;3;55;A7-Sens Lyon vers Marsei;M;4322090;521390;130
2,02E+11;18;4;29;1900;1;1;1;1;6;215;A55-Sens Marseille vers;M;;;130
2,02E+11;18;5;31;1055;1;1;1;1;4;55;A55-Sens Marseille vers;M;4332392;536283;130
2,02E+11;18;6;1;1530;1;1;1;1;3;56;A507 sens Aubagne- Marse;M;;;130
2,02E+11;18;6;2;230;3;1;1;1;2;22;A50-Sens Aubagne vers To;M;4321181;558227;130
2,02E+11;18;6;3;530;2;1;1;1;4;56;A55-Sens Martigues vers;M;4340030;510028;130
2,02E+11;18;6;3;615;2;1;1;1;7;71;A7-Sens Lyon vers Marsei;M;4340461;533961;130
2,02E+11;18;5;31;815;1;1;1;1;2;19;A51-Sens Marseille vers;M;4342689;538195;130
2,02E+11;18;6;4;1428;1;1;1;8;2;55;A55-Sens Martigues vers;M;4331559;536480;130