Num_Acc;an;mois;jour;hrmn;lum;agg;int;atm;col;com;adr;gps;lat;long;dep
2,02E+11;18;6;4;1600;1;1;1;1;4;55;A55-Sens Martigues vers;M;;;130
2,02E+11;18;6;4;1740;1;1;1;1;3;55;A55-Sens Martigues vers;M;4330836;536628;130
2,02E+11;18;6;5;1750;1;1;1;1;5;55;A7-Sens Marseille vers L;M;;;130
2,02E+11;18;6;5;2100;2;1;1;1;6;55;A55-Sens Martigues vers;M;4320000;521150;130
2,02E+11;18;6;6;820;1;1;1;1;2;55;A7-Sens Marseille vers L;M;4334246;537629;130
2,02E+11;18;6;6;1700;1;1;1;1;2;19;A51-Sens Marseille vers;M;4342479;537624;130
2,02E+11;18;6;7;1335;1;1;1;2;6;55;A55-Sens Marseille vers;M;4332955;535586;130
2,02E+11;18;6;7;1815;1;1;1;3;6;43;A55-Sens Martigues vers;M;4337993;522083;130
2,02E+11;18;6;7;1845;1;1;1;2;6;85;A50-Sens Toulon vers Aub;M;4326345;558894;130
2,02E+11;18;6;7;900;1;1;1;1;4;55;A7-Sens Lyon vers Marsei;M;4336217;536113;130
2,02E+11;18;6;8;1730;1;1;1;1;6;71;A7-Sens Lyon vers Marsei;M;4341091;528334;130
2,02E+11;18;6;9;1853;1;1;1;1;2;5;A50-Sens Aubagne vers Ma;M;;;130
2,02E+11;18;6;12;955;1;1;1;1;2;71;A7-Sens Marseille vers L;M;4340716;529006;130
2,02E+11;18;6;13;1700;1;1;1;1;4;55;Tunnel Prado Car‚nage;M;4328288;538961;130
2,02E+11;18;6;14;815;1;1;1;1;2;55;A50-Sens Aubagne vers Ma;M;4329353;547369;130
2,02E+11;18;6;14;917;1;1;1;1;4;5;A50-Sens Aubagne vers Ma;M;4328805;554638;130
2,02E+11;18;6;15;1505;1;1;1;1;3;55;A50-Sens Marseille vers;M;4329230;547856;130
2,02E+11;18;6;15;1415;1;1;1;1;6;5;A50 - Sens Aubagne vers;M;4328030;558360;130
2,02E+11;18;6;15;1515;1;1;1;1;3;28;A50-Sens Aubagne vers To;M;4320510;558920;130
2,02E+11;18;6;15;1750;1;1;1;1;4;55;Tunnel Prado Car‚nage;M;4328850;537120;130
2,02E+11;18;6;16;1305;1;1;1;1;6;55;A7-Sens Lyon vers Marsei;M;4333490;537725;130
2,02E+11;18;6;16;1450;1;1;1;1;2;55;A50-Sens Marseille vers;M;4329425;546548;130
2,02E+11;18;6;16;1355;1;1;1;1;2;71;A7-Sens Lyon vers Marsei;M;4340347;530860;130
2,02E+11;18;6;16;1910;1;1;1;1;3;88;A55-Sens Marseille vers;M;4319456;526221;130
2,02E+11;18;6;19;1335;1;1;1;1;2;56;A507 sens Marseille - Au;M;4332886;541574;130
2,02E+11;18;6;20;1710;1;1;1;7;2;71;A7-Sens Marseille vers L;M;;;130
2,02E+11;18;6;19;2200;3;1;1;1;6;5;A52-Sens Pont de l'Etoil;M;4332016;559295;130
2,02E+11;18;6;21;1200;1;1;1;1;2;55;Tunnel Joliette Marseill;M;4317480;521457;130
2,02E+11;18;6;19;1650;1;1;1;1;2;5;A50-Sens Aubagne vers Ma;M;4328619;553192;130
2,02E+11;18;6;22;1250;1;1;1;1;7;85;A50-Sens Aubagne vers To;M;4325840;559204;130
2,02E+11;18;6;22;1450;1;1;1;1;3;26;A55-Sens Martigues vers;M;4339898;508911;130
2,02E+11;18;6;22;1400;1;1;1;1;2;55;A7-Sens Lyon vers Marsei;M;4334268;537581;130
2,02E+11;18;6;22;230;5;2;1;1;6;55;Tunnel Prado Car‚nage;M;4329208;536556;130
2,02E+11;18;6;22;543;3;1;1;1;7;26;A55-Sens Marseille vers;M;4338682;514740;130
2,02E+11;18;6;22;1850;1;1;1;1;4;55;A55-Sens Martigues vers;M;4333307;535410;130
2,02E+11;18;6;22;2015;1;1;1;1;2;55;A7-Sens Marseille vers L;M;4332037;537788;130
2,02E+11;18;6;24;415;3;1;1;1;2;117;A7-Sens Marseille vers L;M;4345164;523855;130
2,02E+11;18;6;22;815;1;1;1;1;2;55;Tunnel Prado Car‚nage;M;4329684;536287;130
2,02E+11;18;6;22;1245;1;1;1;1;3;71;A51-Sens Marseille vers;M;4341499;536495;130
2,02E+11;18;6;25;730;1;1;1;1;4;81;A7-Sens Lyon vers Marsei;M;4349342;523440;130
2,02E+11;18;6;25;1630;1;1;1;1;2;106;A7-Sens Lyon vers Marsei;M;4339271;535096;130
2,02E+11;18;6;25;1740;1;1;1;1;5;106;A7-Sens Lyon vers Marsei;M;4340560;533769;130
2,02E+11;18;6;25;1920;1;1;1;1;2;71;A7-Sens Lyon vers Marsei;M;4341681;527459;130
2,02E+11;18;6;26;1010;1;1;1;1;2;117;A7-Sens Marseille vers L;M;4341550;527818;130
2,02E+11;18;6;26;1630;1;1;1;1;2;106;A7-Sens Lyon vers Marsei;M;4323250;521028;130
2,02E+11;18;6;27;600;1;1;1;1;7;55;A50-Sens Aubagne vers Ma;M;4328955;544420;130
2,02E+11;18;6;27;1200;1;1;1;1;4;55;A50-Sens Marseille vers;M;4329204;547873;130
2,02E+11;18;6;28;2035;1;1;1;1;3;106;A51-Sens Aix en Provence;M;4340008;535399;130
2,02E+11;18;6;28;1930;1;1;1;1;4;5;A50-Sens Aubagne vers Ma;M;4328790;554600;130
2,02E+11;18;5;29;1340;1;1;1;1;7;55;Tunnel Prado Car‚nage;M;4328496;537305;130
2,02E+11;18;6;28;1600;1;1;1;1;6;56;A507 sens Marseille - Au;M;4329562;542433;130
2,02E+11;18;6;30;1200;1;1;1;1;6;71;A5502G-sens Martigues ve;M;4340278;530211;130
2,02E+11;18;7;1;320;5;1;1;1;6;55;A50-Sens Marseille vers;M;4316593;523597;130
2,02E+11;18;7;1;610;1;1;1;1;6;1;A51-Sens Aix en Provence;M;4347981;540830;130
2,02E+11;18;6;30;1300;1;1;1;1;2;1;A51-Sens Aix en Provence;M;4352984;542826;130
2,02E+11;18;6;30;1850;1;2;1;1;2;55;Sens Aubagne vers Marsei;M;4328742;543810;130
2,02E+11;18;6;27;1000;1;1;1;1;3;71;A7-Sens Marseille vers L;M;4340685;533215;130
2,02E+11;18;7;2;1815;1;1;1;1;2;117;A7-Sens Marseille vers L;M;4345859;524970;130
2,02E+11;18;6;30;345;3;1;1;1;2;55;A7-Sens Lyon vers Marsei;M;4335209;536623;130
2,02E+11;18;7;5;1400;1;1;1;1;5;55;A7-Sens Lyon vers Marsei;M;4336860;536078;130
2,02E+11;18;7;3;211;3;1;1;1;2;70;A50-Sens Aubagne vers Ma;M;4328494;551846;130
2,02E+11;18;7;7;105;3;1;1;1;6;5;A52-Sens Toulon vers Pon;M;;;130
2,02E+11;18;6;22;1400;1;1;1;1;2;106;A51-Sens Marseille vers;M;4340503;535958;130
2,02E+11;18;7;6;1515;1;1;1;1;2;117;A7-Sens Lyon vers Marsei;M;4343979;524943;130
2,02E+11;18;7;7;1500;1;1;1;1;2;71;A55 - Sens Marseille ver;M;4337353;532005;130
2,02E+11;18;7;7;1410;1;1;1;1;2;56;A507 sens Aubagne- Marse;M;;;130
2,02E+11;18;7;10;930;1;1;1;1;4;71;A7-Sens Marseille vers L;M;4340339;531065;130
2,02E+11;18;7;10;945;1;1;1;1;3;55;A55-Sens Martigues vers;M;4321185;520511;130
2,02E+11;18;7;9;1745;1;1;1;1;6;55;A55-Sens Marseille vers;M;4334246;537629;130
2,02E+11;18;7;10;1830;1;1;1;1;4;117;A7-Sens Marseille vers L;M;;;130
2,02E+11;18;7;10;2320;3;1;1;1;5;1;A51-Sens Marseille vers;M;4349916;540685;130
2,02E+11;18;7;11;2045;1;1;1;1;6;55;A7-Sens Lyon vers Marsei;M;4334063;537688;130
2,02E+11;18;7;11;1915;1;1;1;1;2;55;Sens Aubagne vers Marsei;M;4828714;550527;130
2,02E+11;18;7;12;1015;1;1;1;1;6;56;A507 sens Aubagne- Marse;M;4333266;538566;130
2,02E+11;18;7;14;430;3;1;1;1;2;71;A7-Sens Marseille vers L;M;4340438;530057;130
2,02E+11;18;7;16;745;5;1;1;1;3;55;Tunnel Prado Car‚nage;M;4329018;536816;130
2,02E+11;18;7;18;2010;2;1;1;1;3;106;A51-Sens Marseille vers;M;4340023;535447;130
2,02E+11;18;7;19;1430;1;1;1;1;6;117;A7-Sens Lyon vers Marsei;M;;;130
2,02E+11;18;7;19;1015;1;1;1;1;2;55;A7-Sens Lyon vers Marsei;M;4332660;537810;130
2,02E+11;18;7;21;1635;1;1;1;1;3;5;A50-Sens Marseille vers;M;4327818;558877;130
2,02E+11;18;7;20;2040;1;1;1;1;2;55;A50-Sens Marseille vers;M;4328513;542496;130
2,02E+11;18;7;21;2020;1;1;1;1;2;55;A55-Sens Martigues vers;M;4331366;536599;130
2,02E+11;18;7;17;1030;1;1;1;1;2;71;A7-Sens Marseille vers L;M;4341097;528393;130
2,02E+11;18;7;23;755;1;1;1;1;3;106;A51-Sens Marseille vers;M;;;130
2,02E+11;18;7;26;200;3;1;1;1;6;55;A7-Sens Marseille vers L;M;4335527;536389;130
2,02E+11;18;7;27;710;2;1;1;1;6;55;A55-Sens Marseille vers;M;4333110;535456;130
2,02E+11;18;7;28;1650;1;1;1;1;2;71;A7-Sens Marseille vers L;M;4341298;528153;130
2,02E+11;18;7;27;1440;1;1;1;7;3;26;A55-Sens Martigues vers;M;;;130
2,02E+11;18;7;31;1755;1;1;1;1;7;5;A50-Sens Marseille vers;M;4328564;553334;130
2,02E+11;18;8;4;102;3;1;1;1;6;1;A51-Sens Marseille vers;M;4328302;524273;130
2,02E+11;18;8;6;1930;1;1;1;1;3;55;Sens Aubagne vers Marsei;M;;;130
2,02E+11;18;8;9;1402;1;1;1;2;2;1;A51-Sens Marseille ...;M;4351210;542398;130
2,02E+11;18;8;8;1400;1;1;1;1;5;71;A7-Sens Marseille vers L;M;4340882;528696;130
2,02E+11;18;8;8;1950;2;1;1;1;3;88;A55-Sens Martigues vers;M;4339137;526354;130
2,02E+11;18;8;8;1750;1;1;1;1;3;5;A50-Sens Marseille vers;M;4328564;553020;130
2,02E+11;18;8;9;1345;1;1;1;2;2;1;A51-Sens Marseille vers;M;4351210;542398;130
2,02E+11;18;8;9;1942;3;1;1;3;6;81;A7-Sens Marseille vers L;M;4349572;524080;130
2,02E+11;18;8;11;810;1;1;1;1;2;55;A7-Sens Marseille vers L;M;;;130
2,02E+11;18;8;12;1330;1;1;1;1;6;19;A51-Sens Aix en Provence;M;4342166;537008;130
2,02E+11;18;8;12;1930;2;1;1;1;2;106;A51-Sens Marseille vers;M;4340234;535616;130
2,02E+11;18;8;12;2030;2;1;1;8;6;88;A55-Sens Martigues vers;M;4338420;523470;130
2,02E+11;18;8;13;801;1;1;1;8;2;117;A7-Sens Lyon vers Marsei;M;;;130
2,02E+11;18;8;14;930;1;1;1;1;2;15;A51-Sens Marseille vers;M;4343012;539312;130
2,02E+11;18;8;14;1450;1;1;1;1;7;55;A50-Sens Marseille vers;M;;;130
2,02E+11;18;8;13;1605;1;1;1;1;4;55;A50-Sens Marseille vers;M;;;130
2,02E+11;18;8;15;2035;3;1;1;1;4;5;A52-Sens Pont de l'Etoil;M;4328089;558399;130
2,02E+11;18;8;16;250;3;1;1;1;6;71;A55-Sens Mlle Vieux P;M;;;130
2,02E+11;18;8;18;640;1;1;1;1;6;55;A55-Sens Marseille vers;M;4335521;534760;130
2,02E+11;18;8;17;1845;1;1;1;7;2;55;A50-Sens Aubagne vers Ma;M;4328940;549400;130
2,02E+11;18;8;17;1915;1;1;1;1;2;5;A50-Sens Aubagne vers Ma;M;;;130
2,02E+11;18;8;14;1030;1;1;1;1;3;106;A51-Sens Marseille vers;M;4340699;536233;130
2,02E+11;18;8;18;1800;1;1;1;1;2;71;A55-Sens Martigues vers;M;4339834;529027;130
2,02E+11;18;6;14;915;1;1;1;1;3;55;A7-Sens Lyon vers Marsei;M;4333559;537706;130
2,02E+11;18;8;18;825;1;1;1;1;2;71;A51-Sens Marseille vers;M;4341487;536495;130
2,02E+11;18;8;21;1120;1;1;1;1;2;70;A50-Sens Marseille vers;M;;;130
2,02E+11;18;8;24;1250;1;1;1;1;2;56;A55-Sens Marseille vers;M;4339833;504596;130
2,02E+11;18;8;26;1937;1;1;1;1;3;55;A7-Sens Marseille vers L;M;4337290;536222;130
2,02E+11;18;8;27;1945;1;1;1;1;2;55;A50-Sens Aubagne vers Ma;M;4329248;547446;130
2,02E+11;18;8;27;1720;1;1;1;1;2;55;A50-Sens Aubagne vers Ma;M;4329432;545682;130
2,02E+11;18;8;27;1930;2;2;1;1;2;55;A7-Sens Lyon vers Marsei;M;4337734;535766;130
2,02E+11;18;8;30;1810;1;1;1;1;4;55;A50-Sens Aubagne vers Ma;M;4328737;543848;130
2,02E+11;18;8;30;1905;1;1;1;1;2;70;A50-Sens Aubagne vers Ma;M;4328557;551398;130
2,02E+11;18;8;19;806;1;1;1;1;7;71;A7-Sens Lyon vers Marsei;M;4340336;530895;130
2,02E+11;18;9;1;545;3;1;1;1;6;85;A50-Sens Aubagne vers To;M;;;130
2,02E+11;18;9;2;2100;3;1;1;1;2;55;A7-Sens Lyon vers Marsei;M;4337735;535772;130
2,02E+11;18;9;4;1830;1;1;1;7;4;55;A7-Sens Lyon vers Marsei;M;;;130
2,02E+11;18;9;5;1815;1;1;1;1;4;5;A50-Sens Aubagne vers Ma;M;;;130
2,02E+11;18;9;6;732;1;1;1;1;6;5;A52-Sens Toulon Marseill;M;4331806;559109;130
2,02E+11;18;9;7;1415;1;1;1;1;4;71;A7-Sens Marseille vers L;M;4341660;528077;130
2,02E+11;18;9;7;1830;2;1;1;1;4;71;A55 - Sens Marseille ver;M;4339296;527777;130
2,02E+11;18;9;10;750;1;1;1;1;6;5;A502-Sens Toulon par R.N;M;4328404;559322;130
2,02E+11;18;9;10;825;1;1;1;1;2;55;A7-Sens Marseille vers L;M;4336256;536113;130
2,02E+11;18;9;11;730;1;1;1;1;4;70;A50-Sens Aubagne vers Ma;M;4328570;552292;130
2,02E+11;18;9;11;2305;3;1;1;1;6;33;A55-SENS MARTIGUES/MARSE;M;;;130
2,02E+11;18;9;12;845;1;1;1;1;3;55;A7-Sens Lyon vers Marsei;M;4341652;541991;130
2,02E+11;18;9;14;1400;1;1;1;1;2;55;A50-Sens Aubagne vers Ma;M;4328737;543793;130
2,02E+11;18;9;16;140;3;1;9;1;4;106;A51-Sens Aix en Provence;M;;;130
2,02E+11;18;9;16;250;3;1;1;1;6;55;A55-Sens Marseille vers;M;4332719;535545;130
2,02E+11;18;8;23;1915;1;1;1;1;2;85;A50-Sens Toulon vers Aub;M;4325347;559508;130
2,02E+11;18;9;16;1730;1;1;1;1;6;1;A51-Sens Marseille vers;M;4350569;541037;130
2,02E+11;18;9;16;1530;1;1;1;1;3;71;A7-Sens Lyon vers Marsei;M;;;130
2,02E+11;18;9;17;850;1;1;1;1;4;15;A51-Sens Marseille vers;M;;;130
2,02E+11;18;9;17;848;1;1;1;1;2;81;A7-Sens Lyon vers Marsei;M;4349090;523993;130
2,02E+11;18;9;17;830;1;1;1;1;2;55;A50-Sens Aubagne vers Ma;M;;;130
2,02E+11;18;9;11;1230;1;1;1;1;4;71;A7-Sens Marseille vers L;M;4341339;528052;130
2,02E+11;18;9;21;900;1;1;1;1;7;5;A50-Sens Aubagne vers Ma;M;4328984;555666;130
2,02E+11;18;9;21;1330;1;1;1;1;3;55;A50-Sens Marseille vers;M;;;130
2,02E+11;18;9;21;2015;5;1;1;1;4;55;A50-Sens Marseille vers;M;;;130
2,02E+11;18;9;22;1150;1;1;1;1;7;55;A7-Sens Marseille vers L;M;4332655;537826;130
2,02E+11;18;9;23;2000;3;1;1;1;3;55;A7-Sens Lyon vers Marsei;M;4337150;536074;130
2,02E+11;18;9;24;903;1;1;1;6;5;71;A7-Sens Marseille vers L;M;4340532;529629;130
2,02E+11;18;9;26;820;1;1;1;1;6;71;A7-Sens Lyon vers Marsei;M;4340667;532897;130
2,02E+11;18;9;26;2114;3;1;1;1;3;55;A50-Sens Marseille vers;M;4328469;541669;130
2,02E+11;18;9;27;750;1;1;1;1;3;55;A50-Sens Marseille vers;M;;;130
2,02E+11;18;9;28;730;1;1;1;1;4;55;A55-Sens Marseille vers;M;4321258;520451;130
2,02E+11;18;9;25;750;1;1;1;1;2;19;A51-Sens Aix en Provence;M;4342192;537070;130
2,02E+11;18;9;29;140;5;1;1;1;6;56;A507 sens Marseille - Au;M;4328863;542439;130
2,02E+11;18;9;29;625;3;1;1;1;2;55;A50-Sens Marseille vers;M;4328974;544673;130
2,02E+11;18;9;30;1130;1;1;1;1;6;55;A557-Liaison A7 Marseill;M;4331630;536430;130
2,02E+11;18;10;1;955;1;1;1;1;3;55;A55-Sens Marseille vers;M;4329204;536569;130
2,02E+11;18;9;12;2300;3;1;1;1;4;71;A7-Sens Lyon vers Marsei;M;4340320;534450;130
2,02E+11;18;10;1;1220;1;1;1;1;3;56;A507 sens Aubagne- Marse;M;4331471;536544;130
2,02E+11;18;10;2;855;1;1;1;1;2;55;A50-Sens Marseille vers;M;4328613;543089;130
2,02E+11;18;10;2;1050;1;1;1;1;3;5;A50 - Sens Aubagne vers;M;4327760;558700;130
2,02E+11;18;10;3;1705;1;1;1;1;4;55;A50-Sens Marseille vers;M;4329315;545659;130
2,02E+11;18;10;3;2010;3;1;1;1;4;5;A50-Sens Aubagne vers Ma;M;4328508;551790;130
2,02E+11;18;10;3;2035;3;1;9;1;3;5;A50 - Sens Aubagne vers;M;4328348;557545;130
2,02E+11;18;10;3;1810;1;1;1;1;3;88;A55-Sens Martigues vers;M;4337900;522300;130
2,02E+11;18;10;5;1500;1;1;1;1;4;106;A7-Sens Marseille vers L;M;;;130
2,02E+11;18;10;5;1730;1;1;1;1;2;55;A7-Sens Lyon vers Marsei;M;4322590;521048;130
2,02E+11;18;10;6;134;5;1;1;1;6;55;Tunnel Prado Car‚nage;M;4328396;538273;130
2,02E+11;18;10;5;1615;1;1;1;1;2;5;A50-Sens Aubagne vers Ma;M;4328500;551810;130
2,02E+11;18;10;6;1320;1;1;9;1;7;81;A7-Sens Marseille vers L;M;4349532;524070;130
2,02E+11;18;10;6;1945;3;1;1;1;2;55;A7-Sens Marseille vers L;M;4334854;537028;130
2,02E+11;18;10;6;1610;1;1;9;1;6;71;A7-Sens Marseille vers L;M;4340539;532026;130
2,02E+11;18;10;8;700;1;1;1;1;3;71;A55-Sens Martigues vers;M;4339135;526937;130
2,02E+11;18;10;9;5;5;1;1;2;6;5;A50-Sens Marseille vers;M;;;130
2,02E+11;18;10;9;845;1;1;1;1;2;106;A7-Sens Lyon vers Marsei;M;4339352;535089;130
2,02E+11;18;10;9;800;1;1;1;1;3;55;A7-Sens Lyon vers Marsei;M;4337400;536077;130
2,02E+11;18;10;10;1730;1;1;1;3;2;55;A7-Sens Marseille vers L;M;;;130
2,02E+11;18;10;10;400;3;1;1;1;6;71;A55 - Sens Marseille ver;M;;;130
2,02E+11;18;10;11;715;2;1;1;8;2;71;A7-Sens Marseille vers L;M;4340991;528532;130
2,02E+11;18;9;10;1643;1;1;1;1;5;55;A7-Sens Marseille vers L;M;4337073;536095;130
2,02E+11;18;10;12;1245;1;1;1;1;4;55;A7-Sens Marseille vers L;M;4321220;521481;130
2,02E+11;18;10;12;1658;1;1;1;1;4;55;Tunnel Prado Car‚nage;M;4328888;537166;130
2,02E+11;18;10;12;2140;3;1;9;1;2;15;A515CD-Gardanne vers A51;M;4343080;539121;130
2,02E+11;18;10;14;630;3;1;1;1;2;1;A51-Sens Aix en Provence;M;4352269;542501;130
2,02E+11;18;10;12;730;2;1;1;1;5;5;A50 - Sens Aubagne vers;M;4327591;558814;130
2,02E+11;18;10;16;1330;1;1;1;1;6;55;TVPCD-Sens Les Ports ver;M;4329096;536384;130
2,02E+11;18;10;9;830;1;1;1;1;4;106;A51-Sens Marseille vers;M;4340513;535966;130
2,02E+11;18;10;9;1600;1;1;1;1;6;71;A55 - Sens Marseille ver;M;4339335;529952;130
2,02E+11;18;10;18;41;3;2;1;8;6;15;A515CD-Gardanne vers A51;M;;;130
2,02E+11;18;10;14;1910;3;1;1;1;5;55;A7-Sens Lyon vers Marsei;M;;;130
2,02E+11;18;10;18;630;3;1;1;1;6;71;A7-Sens Lyon vers Marsei;M;4340558;532086;130
2,02E+11;18;10;19;850;1;1;1;1;4;56;A507 sens Aubagne- Marse;M;4328750;550360;130
2,02E+11;18;10;11;1317;1;1;1;1;3;71;A7-Sens Marseille vers L;M;4340459;531644;130
2,02E+11;18;10;20;430;3;1;1;1;2;1;A51-Sens Aix en Provence;M;4347179;540691;130
2,02E+11;18;10;19;1830;2;1;1;1;6;71;A51-Sens Marseille vers;M;;;130
2,02E+11;18;10;20;1230;1;1;1;1;2;28;A50-Sens Toulon vers Aub;M;4321048;558339;130
2,02E+11;18;10;22;1450;1;1;1;1;6;5;A50 - Sens Aubagne vers;M;4327004;558849;130
2,02E+11;18;10;23;1745;1;1;1;1;3;71;A51-Sens Aix en Provence;M;4342392;537444;130
2,02E+11;18;10;23;1845;2;1;1;1;2;55;A7-Sens Lyon vers Marsei;M;4321598;552138;130
2,02E+11;18;10;21;600;3;1;1;1;6;71;A51-Sens Aix en Provence;M;4342200;537091;130
2,02E+11;18;10;24;920;1;1;1;1;4;71;A7-Sens Marseille vers L;M;4340547;533831;130
2,02E+11;18;10;25;1600;1;1;1;1;2;55;A7-Sens Lyon vers Marsei;M;4337874;535516;130
2,02E+11;18;10;25;1930;3;1;1;1;3;56;A55-Sens Marseille vers;M;4340986;503816;130
2,02E+11;18;10;27;250;3;1;1;1;2;5;A50-Sens Aubagne vers Ma;M;4328845;544291;130
2,02E+11;18;10;26;1500;1;1;1;1;3;55;A50-Sens Marseille vers;M;4328536;542658;130
2,02E+11;18;10;28;235;3;1;1;2;6;85;A50-Sens Toulon vers Aub;M;;;130
2,02E+11;18;10;28;630;3;1;1;2;7;117;A7-Sens Marseille vers L;M;4343800;525100;130
2,02E+11;18;10;27;1400;1;1;1;2;2;55;A50-Sens Marseille vers;M;;;130
2,02E+11;18;10;29;950;1;1;1;2;6;88;A55-Sens Martigues vers;M;4339131;526851;130
2,02E+11;18;10;29;945;1;1;1;2;2;55;A7-Sens Lyon vers Marsei;M;4336710;536071;130
2,02E+11;18;10;30;755;1;1;1;1;6;5;A50-Sens Marseille vers;M;4328634;556750;130
2,02E+11;18;10;30;1900;3;1;1;1;2;5;A50-Sens Marseille vers;M;;;130
2,02E+11;18;10;31;1715;3;1;1;1;5;55;A7-Sens Marseille vers L;M;4334969;535925;130
2,02E+11;18;10;30;1410;1;1;1;8;2;55;A50-Sens Marseille vers;M;4329185;548009;130
2,02E+11;18;11;1;1400;1;1;1;1;6;56;A507 sens Marseille - Au;M;4332757;545427;130
2,02E+11;18;11;1;1840;3;1;1;8;2;55;A50-Sens Marseille vers;M;4329110;548504;130
2,02E+11;18;11;2;900;1;1;1;8;7;85;A50-Sens Toulon vers Aub;M;;;130
2,02E+11;18;11;2;1400;1;1;1;2;6;85;A50-Sens Toulon vers Aub;M;;;130
2,02E+11;18;10;18;830;1;1;1;1;3;81;A7-Sens Lyon vers Marsei;M;4349342;523436;130
2,02E+11;18;11;2;1640;1;1;1;1;4;71;A51-Sens Marseille vers;M;4341252;536452;130
2,02E+11;18;11;2;1910;3;1;1;1;4;106;A51-Sens Aix en Provence;M;4324121;521259;130
2,02E+11;18;11;3;1500;1;1;1;1;3;55;A50-Sens Marseille vers;M;4329210;547990;130
2,02E+11;18;11;4;530;3;1;1;1;6;55;A55-Sens Marseille vers;M;4336722;530374;130
2,02E+11;18;10;23;830;1;1;1;1;4;55;A50-Sens Marseille vers;M;4328881;544425;130
2,02E+11;18;11;6;107;3;1;1;2;6;85;A50-Sens Toulon vers Aub;M;4326264;558988;130
2,02E+11;18;11;5;1930;5;1;1;9;4;56;A507 sens Aubagne- Marse;M;4329363;542444;130
2,02E+11;18;11;5;1740;5;1;1;1;4;15;A51-Sens Aix en Provence;M;4347396;540702;130
2,02E+11;18;11;7;238;3;1;1;1;5;1;A51-Sens Marseille vers;M;4329260;524250;130
2,02E+11;18;11;6;2220;3;1;1;8;3;85;A50-Sens Toulon vers Aub;M;4326508;558752;130
2,02E+11;18;11;7;1110;1;1;1;8;6;1;A51-Sens Aix en Provence;M;4350019;540670;130
2,02E+11;18;11;7;1230;1;1;1;2;2;56;A55-Sens Marseille vers;M;4339857;504585;130
2,02E+11;18;11;8;1010;1;1;1;1;3;55;A7-Sens Marseille vers L;M;4332185;537821;130
2,02E+11;18;11;8;855;1;1;1;1;2;55;A7-Sens Lyon vers Marsei;M;4336897;536095;130
2,02E+11;18;10;28;1830;5;1;1;2;2;56;A507 sens Marseille - Au;M;;;130
2,02E+11;18;11;5;1010;1;1;1;1;2;81;A7-Sens Marseille vers L;M;4349522;523951;130
2,02E+11;18;11;9;1840;3;1;1;2;2;55;A7-Sens Marseille vers L;M;4331195;537620;130
2,02E+11;18;11;10;1330;1;1;1;1;5;55;A7-Sens Marseille vers L;M;;;130
2,02E+11;18;11;10;1935;5;1;1;1;3;117;A7-Sens Marseille vers L;M;;;130
2,02E+11;18;11;12;923;1;1;1;2;3;55;A7-Sens Marseille vers L;M;4335811;536282;130
2,02E+11;18;11;13;830;1;1;1;1;3;55;A7-Sens Marseille vers L;M;;;130
2,02E+11;18;11;13;950;1;1;1;1;2;55;A7-Sens Lyon vers Marsei;M;;;130
2,02E+11;18;11;13;1100;1;1;1;1;7;85;A50-Sens Toulon vers Aub;M;4324467;559547;130
2,02E+11;18;11;13;930;1;1;1;1;7;55;A50-Sens Aubagne vers Ma;M;4328731;543775;130
2,02E+11;18;11;13;1645;1;1;1;1;7;55;A55-Sens Marseille vers;M;4336717;532902;130
2,02E+11;18;11;13;1700;5;1;1;1;4;56;A507 sens Aubagne- Marse;M;4330178;542297;130
2,02E+11;18;11;16;1900;1;1;1;1;6;19;A51-Sens Marseille vers;M;;;130
2,02E+11;18;11;16;1225;1;1;1;1;4;71;A7-Sens Marseille vers L;M;4341143;528308;130
2,02E+11;18;11;17;1015;1;1;1;8;7;5;A52-Sens Pont de l'Etoil;M;4332440;559760;130
2,02E+11;18;11;19;2047;3;1;1;1;2;106;A51-Sens Marseille vers;M;4340640;536184;130
2,02E+11;18;11;14;810;1;1;1;1;2;71;A55-Sens Martigues vers;M;4337607;531854;130
2,02E+11;18;11;20;1340;1;1;1;2;6;55;A7-Sens Marseille vers L;M;4321249;521477;130
2,02E+11;18;11;20;2040;3;1;1;3;6;85;A50-Sens Toulon vers Aub;M;4326508;558752;130
2,02E+11;18;11;22;835;1;1;1;2;6;85;A50-Sens Toulon vers Aub;M;4325446;559471;130
2,02E+11;18;11;20;1715;2;1;1;3;4;117;A7-Sens Marseille vers L;M;4346125;523497;130