Num_Acc;an;mois;jour;hrmn;lum;agg;int;atm;col;com;adr;gps;lat;long;dep
2,02E+11;18;10;1;1905;2;2;4;1;3;103;RUE DE TURBIGO;M;4886560;235599;750
2,02E+11;18;10;2;1800;2;2;2;2;6;103;RUE DES HAUDRIETTES;M;;;750
2,02E+11;18;10;5;1730;1;2;7;1;3;102;PLACE DE L OPERA;M;4887024;233256;750
2,02E+11;18;10;5;2030;5;2;2;1;6;104;RUE BEAUBOURG;M;4886100;235340;750
2,02E+11;18;10;9;1210;1;2;2;1;6;102;RUE VIVIENNE;M;4886995;234045;750
2,02E+11;18;10;15;1525;1;2;2;1;6;104;RUE SAINT ANTOINE;M;4885469;236282;750
2,02E+11;18;10;23;930;1;2;1;1;6;102;RUE DES CAPUCINES;M;4886934;232892;750
2,02E+11;18;10;30;1820;5;2;3;1;6;102;RUE DE LA BOURSE;M;4886935;234025;750
2,02E+11;18;10;31;820;1;2;3;8;3;104;BOULEVARD MORLAND;M;4884932;236419;750
2,02E+11;18;11;2;855;1;2;7;1;6;102;BOULEVARD DES CAPUCINES;M;4887100;233000;750
2,02E+11;18;11;2;2040;5;2;1;1;6;102;RUE DU MAIL;M;4886665;234192;750
2,02E+11;18;11;2;1350;1;2;3;1;6;103;BOULEVARD BEAUMARCHAIS;M;4885685;236797;750
2,02E+11;18;11;6;1800;2;2;7;1;3;102;PLACE DE L OPERA;M;4887000;233000;750
2,02E+11;18;11;10;1820;5;2;1;8;3;104;QUAI DES CELESTINS;M;4885190;236140;750
2,02E+11;18;11;16;1935;2;2;1;1;3;102;BOULEVARD DES CAPUCINES;M;4887082;233367;750
2,02E+11;18;11;19;845;1;2;1;1;7;102;AVENUE DE L OPERA;M;4886980;233260;750
2,02E+11;18;11;21;1710;2;2;7;1;6;102;PLACE DE LA BOURSE;M;4886000;234000;750
2,02E+11;18;11;30;1920;5;2;4;1;3;102;AVENUE DE L OPERA;M;;;750
2,02E+11;18;12;1;1320;1;2;2;2;6;103;RUE SAINT MARTIN;M;4886300;235240;750
2,02E+11;18;12;13;900;1;2;1;1;6;103;RUE DES FILLES DU CALVAI;M;4886230;236510;750
2,02E+11;18;12;16;1315;1;2;5;8;6;102;BOULEVARD SAINT DENIS;M;4886948;235338;750
2,02E+11;18;12;28;1855;5;2;3;1;6;104;RUE SAINT ANTOINE;M;4885000;236000;750
2,02E+11;18;1;5;1840;5;2;1;1;6;103;11  RUE DE LA PERLE;M;4885980;236096;750
2,02E+11;18;1;13;1945;5;2;2;1;3;103;58  BOULEVARD DE SEBASTO;M;4886340;235094;750
2,02E+11;18;1;23;1527;1;2;3;1;2;103;68  BOULEVARD DE SEBASTO;M;4886410;235136;750
2,02E+11;18;1;24;1130;1;2;2;1;6;103;57  RUE DE TURBIGO;M;4886570;235688;750
2,02E+11;18;1;25;2310;5;2;2;1;6;103;12  RUE DES FRANCS BOURG;M;4885690;236282;750
2,02E+11;18;1;26;730;2;2;2;1;6;103;187  RUE SAINT MARTIN;M;4886320;235248;750
2,02E+11;18;1;29;2130;5;2;2;1;3;101;RUE DE RIVOLI;M;4886150;233907;750
2,02E+11;18;1;31;1750;5;2;2;1;6;103;15  RUE DU GRENIER SAINT;M;4886280;235331;750
2,02E+11;18;2;2;1436;1;2;3;2;6;103;1  RUE SAINT CLAUDE;M;4886010;236743;750
2,02E+11;18;2;5;920;1;2;7;4;3;103;13  PLACE DE LA REPUBLIQ;M;4886730;236338;750
2,02E+11;18;2;5;2300;5;2;2;2;6;103;BOULEVARD DE SEBASTOPOL;M;4886440;235150;750
2,02E+11;18;2;8;1810;5;2;7;1;6;103;RUE DU TEMPLE;M;4886730;236338;750
2,02E+11;18;2;9;850;1;2;3;1;6;103;56  RUE DE TURENNE;M;4885880;236448;750
2,02E+11;18;2;13;1950;5;2;4;2;2;103;170  RUE DU TEMPLE;M;4886680;236178;750
2,02E+11;18;2;16;1420;1;2;2;1;3;103;13  RUE AUX OURS;M;4886320;235164;750
2,02E+11;18;3;3;2100;5;2;3;8;7;104;48  RUE DE RIVOLI;M;4885690;235380;750
2,02E+11;18;3;4;1950;5;2;4;8;6;103;170  RUE DU TEMPLE;M;4886680;236178;750
2,02E+11;18;3;7;700;5;2;2;2;3;103;  BOULEVARD DE SEBASTOPO;M;4886340;235094;750
2,02E+11;18;3;7;835;1;2;2;2;3;103;BOULEVARD DE SEBASTOPOL;M;4886340;235094;750
2,02E+11;18;3;13;1230;1;2;7;1;3;102;4  PLACE DE L OPERA;M;4887030;233244;750
2,02E+11;18;3;17;1510;1;2;2;4;6;103;38  RUE DE BRETAGNE;M;4886290;236252;750
2,02E+11;18;3;24;2200;5;2;2;1;2;104;RUE DE LA VERRERIE;M;4885840;235190;750
2,02E+11;18;3;26;910;1;2;2;1;3;103;64  RUE REAUMUR;M;4886600;235344;750
2,02E+11;18;3;28;1540;1;2;7;8;6;103;15  PLACE DE LA REPUBLIQ;M;4886730;236338;750
2,02E+11;18;3;29;640;5;2;2;1;3;103;92  BOULEVARD DE SEBASTO;M;4886620;235251;750
2,02E+11;18;3;29;950;1;2;2;1;6;103;97  RUE DE TURENNE;M;4886130;236456;750
2,02E+11;18;4;3;1900;1;2;2;8;3;103;20  RUE DES FRANCS BOURG;M;4885720;236175;750
2,02E+11;18;4;5;2040;5;2;7;1;3;103;23  PLACE DE LA REPUBLIQ;M;4886800;236223;750
2,02E+11;18;4;6;2200;5;2;3;1;3;103;53  RUE DE TURENNE;M;4885810;236446;750
2,02E+11;18;4;13;1500;1;2;4;1;2;103;103  BOULEVARD BEAUMARCH;M;4886010;236743;750
2,02E+11;18;4;16;1940;1;2;2;1;7;103;167  RUE DU TEMPLE;M;4886470;235967;750
2,02E+11;18;4;18;2210;5;2;3;1;6;104;QUAI DE L HOTEL DE VILLE;M;4885520;235280;750
2,02E+11;18;4;20;1800;1;2;1;1;3;103;RUE BEAUBOURG;M;4886140;235356;750
2,02E+11;18;4;20;2240;5;2;2;1;6;103;78  RUE VIEILLE DU TEMPL;M;4885990;236073;750
2,02E+11;18;4;23;940;1;2;1;1;3;103;22  RUE DES FRANCS BOURG;M;4885750;236110;750
2,02E+11;18;4;24;1855;1;2;3;1;3;103;3  RUE DU PARC ROYAL;M;4885830;236380;750
2,02E+11;18;4;25;1430;1;2;1;1;3;110;18  BOULEVARD SAINT MART;M;4886880;235664;750
2,02E+11;18;4;26;1625;1;2;2;1;3;103;64  RUE REAUMUR;M;4886600;235376;750
2,02E+11;18;5;2;1740;1;2;2;1;3;103;178  RUE DU TEMPLE;M;4886720;236302;750
2,02E+11;18;5;3;845;1;2;1;1;2;103;60  RUE VIEILLE DU TEMPL;M;4885900;235922;750
2,02E+11;18;5;9;1550;1;2;7;1;3;103;23  PLACE DE LA REPUBLIQ;M;4886800;236223;750
2,02E+11;18;5;9;2015;2;2;3;1;3;104;40  QUAI DES CELESTINS;M;4885290;235896;750
2,02E+11;18;5;14;1240;1;2;2;8;3;103;46  RUE DE BRETAGNE;M;4886340;236151;750
2,02E+11;18;5;22;1945;1;2;3;1;6;101;RUE DE L ECHELLE;M;4886480;233484;750
2,02E+11;18;5;27;325;5;2;2;1;6;103;13  BOULEVARD DES FILLES;M;4886250;236688;750
2,02E+11;18;5;29;2325;5;2;1;3;1;103;25  RUE DES FILLES DU CA;M;4886300;236645;750
2,02E+11;18;6;2;1750;1;2;2;1;6;103;  RUE SAINT MARTIN;M;4886600;235376;750
2,02E+11;18;6;4;2140;5;2;2;1;3;103;01  RUE DES ARCHIVES;M;4886120;235819;750
2,02E+11;18;6;8;1710;1;2;2;1;3;103;60  BOULEVARD DE SEBASTO;M;4886340;235094;750
2,02E+11;18;6;8;2212;5;2;4;8;6;103;174  RUE DU TEMPLE;M;4886690;236220;750
2,02E+11;18;6;11;1645;1;2;2;8;3;103;51  BOULEVARD SAINT MART;M;4886900;235558;750
2,02E+11;18;6;12;1725;1;2;2;1;6;103;43  RUE REAUMUR;M;4886600;235376;750
2,02E+11;18;6;18;658;1;2;3;1;6;103;28  RUE BEAUBOURG;M;4886180;235376;750
2,02E+11;18;6;25;1725;1;2;2;1;2;102;23  RUE DES CAPUCINES;M;4886990;232796;750
2,02E+11;18;7;3;1250;1;2;3;1;2;103;77  RUE DE TURBIGO;M;4886640;236039;750
2,02E+11;18;7;4;2015;1;2;1;1;6;103;123  BOULEVARD DE SEBAST;M;4886720;235302;750
2,02E+11;18;7;18;2015;1;2;1;1;2;103;RUE DU VERTBOIS;M;;;750
2,02E+11;18;7;22;15;5;2;2;1;3;102;RUE DU QUATRE SEPTEMBRE;M;4887007;233379;750
2,02E+11;18;7;27;1850;1;2;2;3;6;104;RUE DES ARCHIVES;M;4851458;217153;750
2,02E+11;18;8;5;1530;1;2;2;1;6;103;RUE BEAUBOURG;M;4886478;235517;750
2,02E+11;18;8;12;630;2;2;3;1;3;103;BOULEVARD BEAUMARCHAIS;M;4886029;236704;750
2,02E+11;18;8;15;1415;1;2;2;1;6;104;RUE DES FRANCS BOURGEOIS;M;4885731;236134;750
2,02E+11;18;8;17;515;2;2;2;1;3;104;QUAI D ORLEANS;M;4885113;235599;750
2,02E+11;18;9;1;1530;1;2;2;1;3;104;AVENUE VICTORIA;M;4885729;234917;750
2,02E+11;18;9;5;2315;5;2;3;1;3;103;RUE BEAUBOURG;M;4886183;235393;750
2,02E+11;18;9;10;1055;1;2;2;1;3;103;BOULEVARD DES FILLES DU;M;;;750
2,02E+11;18;9;17;7;5;2;2;1;6;103;RUE DE TURENNE;M;4885814;236444;750
2,02E+11;18;9;22;15;5;2;2;1;3;103;RUE BEAUBOURG;M;4886000;235000;750
2,02E+11;18;9;25;845;1;2;1;7;6;103;BOULEVARD SAINT MARTIN;M;4886000;230000;750
2,02E+11;18;9;26;1735;1;2;2;1;6;103;RUE REAUMUR;M;4886474;235934;750
2,02E+11;18;9;29;352;5;2;2;1;6;102;RUE REAUMUR;M;4886870;235106;750
2,02E+11;18;9;30;1240;1;2;1;1;3;103;RUE BEAUBOURG;M;4886153;235360;750
2,02E+11;18;10;4;2341;5;2;3;1;6;103;BOULEVARD SAINT DENIS;M;4886800;235500;750
2,02E+11;18;10;9;330;5;2;2;1;3;103;PLACE DE LA REPUBLIQUE;M;4886740;236260;750
2,02E+11;18;10;11;1720;1;2;1;1;6;104;RUE DE RIVOLI;M;4885850;23485;750
2,02E+11;18;10;15;1149;1;2;1;1;6;103;RUE DEBELLEYME;M;4886091;236356;750
2,02E+11;18;10;17;1330;1;2;7;1;6;103;PLACE DE LA REPUBLIQUE;M;4886757;236313;750
2,02E+11;18;10;17;2050;5;2;1;1;3;103;BOULEVARD SAINT MARTIN;M;4886840;235961;750
2,02E+11;18;10;22;1420;1;2;1;8;6;103;RUE FROISSART;M;4886163;236558;750
2,02E+11;18;10;23;715;2;2;3;1;3;103;PLACE DE LA REPUBLIQUE;M;4886755;236310;750
2,02E+11;18;10;23;1435;1;2;3;1;3;103;BOULEVARD BEAUMARCHAIS;M;4885944;236759;750
2,02E+11;18;10;23;1840;5;2;2;1;6;103;RUE BEAUBOURG;M;4886348;235407;750
2,02E+11;18;10;28;1940;5;2;2;1;3;104;QUAI DES CELESTINS;M;4885000;235000;750
2,02E+11;18;10;30;30;5;2;3;3;6;102;BOULEVARD DES ITALIENS;M;4887139;233680;750
2,02E+11;18;10;30;930;1;2;2;2;7;103;RUE DU GRENIER SAINT LAZ;M;4886269;235414;750
2,02E+11;18;10;31;2350;5;2;1;1;5;102;BOULEVARD POISSONNIERE;M;4887108;234447;750
2,02E+11;18;11;5;1720;2;2;1;1;6;104;BOULEVARD DE SEBASTOPOL;M;4880000;234000;750
2,02E+11;18;11;6;1414;1;2;1;1;3;103;BOULEVARD DU TEMPLE;M;;;750
2,02E+11;18;11;7;439;5;2;7;2;3;101;PLACE DU CARROUSEL;M;4886124;233615;750
2,02E+11;18;11;7;1850;5;2;2;1;7;104;RUE DES ARCHIVES;M;4885777;235433;750
2,02E+11;18;11;18;1535;1;2;3;1;3;103;RUE DE TURENNE;M;4886172;236467;750
2,02E+11;18;11;18;2340;5;2;3;1;6;104;RUE DU RENARD;M;4885813;235172;750
2,02E+11;18;12;3;730;2;2;3;1;6;103;RUE VIEILLE DU TEMPLE;M;4880000;236000;750
2,02E+11;18;12;5;130;5;2;2;1;6;103;BOULEVARD DES FILLES DU;M;4886218;236673;750
2,02E+11;18;12;5;2230;5;2;4;2;3;101;RUE SAINT HONORE;M;4886318;233552;750
2,02E+11;18;12;7;1200;1;2;7;2;6;109;RUE HALEVY;M;4887184;233288;750
2,02E+11;18;12;10;2310;5;2;3;1;6;104;RUE DE RIVOLI;M;;;750
2,02E+11;18;12;18;1635;1;2;5;1;3;103;RUE DE TURENNE;M;4886000;237000;750
2,02E+11;18;12;19;1420;1;2;7;1;3;102;BOULEVARD DES CAPUCINES;M;4887063;233270;750
2,02E+11;18;12;20;1215;1;2;1;1;6;103;RUE MESLAY;M;4886836;235774;750
2,02E+11;18;12;26;1120;1;2;1;1;2;102;RUE D ABOUKIR;M;4886740;234575;750
2,02E+11;18;12;27;50;5;2;2;1;6;103;RUE DE TURBIGO;M;4886500;235700;750
2,02E+11;18;12;28;1150;1;2;3;1;6;103;RUE DU BOURG L ABBE;M;;;750
2,02E+11;18;1;2;1625;1;2;3;2;2;104;72  RUE SAINT ANTOINE;M;4885460;236271;750
2,02E+11;18;1;5;1615;1;2;3;1;6;104;3  RUE DE SEVIGNE;M;4885510;236163;750
2,02E+11;18;1;10;1000;1;2;4;2;2;104;  RUE PAVEE;M;4885680;236138;750
2,02E+11;18;1;17;1050;1;2;2;1;3;104;21  RUE SAINT ANTOINE;M;4885370;236561;750
2,02E+11;18;1;18;1610;1;2;2;1;2;104;01  BOULEVARD BOURDON;M;4884740;236565;750
2,02E+11;18;1;23;1950;5;2;3;1;2;104;PONT DE SULLY;M;4885040;236002;750
2,02E+11;18;1;25;1015;1;2;1;2;3;104;10  BOULEVARD DE SEBASTO;M;4885920;234861;750
2,02E+11;18;1;26;830;1;2;3;1;6;104;27  RUE DES ARCHIVES;M;4885900;235571;750
2,02E+11;18;1;28;335;5;2;2;2;3;104;BOULEVARD HENRI IV;M;4885120;236265;750
2,02E+11;18;12;20;1005;1;2;3;1;6;104;RUE SAINT ANTOINE;M;4885479;236266;750
2,02E+11;18;2;2;955;1;2;2;1;3;104;RUE DE RIVOLI;M;4885750;235141;750
2,02E+11;18;2;4;350;5;2;7;3;6;103;RUE DU TEMPLE;M;4886730;236338;750
2,02E+11;18;2;7;1745;5;2;1;4;7;104;10  RUE VIEILLE DU TEMPL;M;4885640;235666;750
2,02E+11;18;2;17;1845;5;2;2;1;3;109;5  RUE DE CHATEAUDUN;M;4887580;234201;750
2,02E+11;18;2;21;1340;1;2;2;1;3;104;72  RUE SAINT LOUIS EN L;M;4885240;235482;750
2,02E+11;18;2;25;2030;5;2;2;1;3;104;27  RUE DES FRANCS BOURG;M;4885720;236175;750
2,02E+11;18;3;3;1850;5;2;1;1;4;109;32  RUE DE CHATEAUDUN;M;4887610;233665;750
2,02E+11;18;3;6;1908;5;2;2;2;6;104;QUAI DE L HOTEL DE VILLE;M;4885440;235494;750
2,02E+11;18;3;15;1535;1;2;2;1;6;104;22  RUE DU ROI DE SICILE;M;4885600;235911;750
2,02E+11;18;3;20;1100;1;2;1;1;6;104;9  RUE DES LIONS SAINT P;M;4885240;236211;750
2,02E+11;18;3;23;1045;1;2;1;1;6;103;7  BOULEVARD SAINT MARTI;M;4886810;236131;750
2,02E+11;18;3;23;1555;1;2;1;8;6;104;14  BOULEVARD DE SEBASTO;M;4885960;234884;750
2,02E+11;18;3;25;1130;1;2;2;1;3;104;QUAI DE GESVRES;M;4885670;234891;750
2,02E+11;18;3;27;1100;1;2;2;3;6;104;09  RUE DES ARCHIVES;M;4885750;235421;750
2,02E+11;18;4;5;1600;1;2;3;1;2;104;32  QUAI HENRI IV;M;4884890;236252;750
2,02E+11;18;4;9;2145;5;2;1;2;6;109;08  RUE DE LIEGE;M;4887970;232831;750
2,02E+11;18;4;10;1120;1;2;2;1;3;104;6  RUE DE LA CITE;M;4885360;234707;750
2,02E+11;18;4;12;2030;5;2;3;2;6;103;164  RUE DU TEMPLE;M;4886610;236108;750
2,02E+11;18;4;14;1133;1;2;1;8;6;104;18  BOULEVARD DE SEBASTO;M;4886020;234915;750
2,02E+11;18;4;14;1240;1;2;7;1;3;104;07  PLACE DE LA BASTILLE;M;4885370;236896;750
2,02E+11;18;4;17;1850;2;2;3;1;6;104;10  RUE CHARLEMAGNE;M;4885400;236113;750
2,02E+11;18;4;19;1900;1;2;2;1;6;104;16  RUE DU PONT LOUIS PH;M;4885520;235577;750
2,02E+11;18;4;24;220;5;2;2;1;3;104;20  RUE BEAUBOURG;M;4886120;235345;750
2,02E+11;18;5;4;1030;1;2;1;1;4;104;18  QUAI HENRI IV;M;4884830;236339;750
2,02E+11;18;5;6;1830;1;2;3;1;6;103;79  RUE DE TURENNE;M;4886000;236454;750
2,02E+11;18;5;7;1320;1;2;1;1;6;104;QUAI DE L ARCHEVECHE;M;4885220;235197;750
2,02E+11;18;5;9;2345;5;2;3;1;2;104;2  RUE DE LOBAU;M;4885520;235280;750
2,02E+11;18;5;17;1640;1;2;3;1;6;104;81  RUE SAINT ANTOINE;M;4885460;236271;750
2,02E+11;18;5;18;1345;1;2;3;1;6;104;20  RUE DE RIVOLI;M;4885570;235897;750
2,02E+11;18;5;25;1250;1;2;7;1;3;104;PLACE DU CHATELET;M;4885720;234729;750
2,02E+11;18;5;27;1030;1;2;2;1;3;104;96  RUE DE RIVOLI;M;4885850;234820;750
2,02E+11;18;5;27;1815;1;2;3;1;6;103;3  RUE PERREE;M;4886400;236240;750
2,02E+11;18;5;28;345;5;2;2;1;4;104;RUE DES NONNAINS D HYERE;M;4885360;235796;750
2,02E+11;18;6;1;1750;1;2;1;1;2;102;87  RUE REAUMUR;M;4886730;234774;750
2,02E+11;18;6;2;2315;5;2;3;1;3;104;1  BOULEVARD HENRI IV;M;4885010;235896;750
2,02E+11;18;6;5;1125;1;2;1;2;7;104;2  QUAI HENRI IV;M;4884740;236474;750
2,02E+11;18;6;5;1825;1;2;2;8;6;104;2  BOULEVARD DE SEBASTOP;M;4885850;234820;750
2,02E+11;18;6;7;1600;1;2;2;1;3;104;41  BOULEVARD HENRI IV;M;4885250;236672;750
2,02E+11;18;6;12;840;1;2;1;2;6;104;20  RUE DU RENARD;M;4885960;235258;750
2,02E+11;18;6;14;848;1;2;2;1;2;104;PONT NOTRE DAME;M;4885570;234830;750
2,02E+11;18;6;14;1210;1;2;2;1;2;104;RUE SAINT ANTOINE;M;4885370;236561;750
2,02E+11;18;6;15;1410;1;2;2;1;3;104;QUAI HENRI IV;M;4885080;236140;750
2,02E+11;18;6;15;1820;1;2;3;1;3;103;70  RUE DE TURENNE;M;4886010;236455;750
2,02E+11;18;6;19;2205;5;2;2;1;6;104;QUAI HENRI IV;M;4885080;236140;750
2,02E+11;18;6;20;850;1;2;3;1;6;102;19  BOULEVARD SAINT DENI;M;4886970;235262;750
2,02E+11;18;6;23;1545;1;2;3;1;3;104;16  RUE SAINT ANTOINE;M;4885350;236650;750
2,02E+11;18;6;29;845;1;2;3;1;6;104;2  AVENUE VICTORIA;M;4885680;235104;750
2,02E+11;18;6;30;1550;1;2;1;1;6;104;RUE DE LA VERRERIE;M;4885770;235379;750
2,02E+11;18;7;1;1740;1;2;3;1;7;104;2  RUE BEAUBOURG;M;4886030;235292;750
2,02E+11;18;7;2;2005;1;2;2;1;3;102;RUE D ABOUKIR;M;4886860;234973;750
2,02E+11;18;7;3;1300;1;2;1;1;2;104;14  RUE DE RIVOLI;M;4885560;235968;750
2,02E+11;18;7;3;1700;1;2;1;1;6;104;16  QUAI DE GESVRES;M;4885700;234789;750
2,02E+11;18;7;4;650;1;2;3;1;3;104;57  RUE SAINT MARTIN;M;4885900;235021;750
2,02E+11;18;7;5;1630;1;2;3;1;6;104;02  RUE DE SEVIGNE;M;4885510;236163;750
2,02E+11;18;7;6;1920;1;2;3;1;3;104;48  QUAI DE L HOTEL DE V;M;4885410;235573;750
2,02E+11;18;7;10;850;1;2;1;1;3;103;37  BOULEVARD SAINT MART;M;4886870;235769;750
2,02E+11;18;7;12;2150;2;2;1;1;6;104;17  BOULEVARD MORLAND;M;4885010;236338;750
2,02E+11;18;7;14;1345;1;2;1;1;2;104;7  RUE DES DEUX PONTS;M;4885140;235615;750
2,02E+11;18;7;15;1935;1;2;2;1;3;101;BOULEVARD DU PALAIS;M;4885620;234643;750
2,02E+11;18;7;16;1725;1;2;1;1;6;104;44  RUE DE RIVOLI;M;4885660;235514;750
2,02E+11;18;7;26;100;5;2;1;1;6;104;QUAI DES CELESTINS;M;;;750
2,02E+11;18;7;26;1515;1;2;1;1;6;104;RUE DE LA VERRERIE;M;4885762;235387;750
2,02E+11;18;7;28;2015;1;2;2;1;6;102;BOULEVARD DE SEBASTOPOL;M;4886432;235147;750
2,02E+11;18;8;2;1730;1;2;2;1;3;104;QUAI DE GESVRES;M;;;750
2,02E+11;18;8;16;1015;1;2;3;1;6;103;RUE DU PARC ROYAL;M;4885870;236250;750
2,02E+11;18;8;22;1130;1;2;2;1;3;104;RUE DU RENARD;M;4885836;235200;750
2,02E+11;18;8;23;1100;1;2;1;1;6;104;RUE DE LOBAU;M;4885925;235333;750
2,02E+11;18;8;24;825;1;2;2;1;6;104;RUE DE RIVOLI;M;4885364;234838;750
2,02E+11;18;8;28;1320;1;2;2;1;6;104;RUE DES ROSIERS;M;4885639;236090;750
2,02E+11;18;8;30;1100;1;2;2;8;3;104;RUE BEAUBOURG;M;;;750
2,02E+11;18;8;30;2215;5;2;2;8;3;104;BOULEVARD HENRI IV;M;;;750
2,02E+11;18;9;4;1515;1;2;3;1;6;104;RUE DU TEMPLE;M;4886000;235000;750
2,02E+11;18;9;4;1730;1;2;3;1;3;104;BOULEVARD BEAUMARCHAIS;M;4885000;237000;750
2,02E+11;18;9;7;1600;1;2;7;1;6;104;BOULEVARD BOURDON;M;4885270;236810;750
2,02E+11;18;9;8;1845;1;2;1;1;6;104;BOULEVARD BEAUMARCHAIS;M;4885495;236865;750
2,02E+11;18;9;10;1005;1;2;3;1;3;101;QUAI FRANCOIS MITTERRAND;M;4885903;233990;750
2,02E+11;18;9;12;1345;1;2;3;1;2;104;BOULEVARD HENRI IV;M;4885205;236615;750
2,02E+11;18;9;19;1735;1;2;2;1;3;104;PONT MORLAND;M;4884740;236550;750
2,02E+11;18;9;19;2100;5;2;2;1;3;104;QUAI DE L HOTEL DE VILLE;M;4885430;235490;750
2,02E+11;18;9;24;1730;1;2;1;1;6;104;RUE DE RIVOLI;M;4885643;235647;750
2,02E+11;18;9;26;2125;5;2;2;1;6;103;RUE VIEILLE DU TEMPLE;M;4885900;236000;750
2,02E+11;18;9;27;1300;1;2;1;1;6;104;RUE DE LA CITE;M;;;750
2,02E+11;18;9;29;1805;1;2;2;7;2;104;PONT DE SULLY;M;4885000;236000;750
2,02E+11;18;9;20;2020;5;2;1;1;3;104;BOULEVARD DE SEBASTOPOL;M;4886000;229000;750
2,02E+11;18;10;4;1835;1;2;2;1;1;101;BOULEVARD DU PALAIS;M;4886000;233300;750
2,02E+11;18;10;5;1240;1;2;2;1;5;104;RUE SAINT MARTIN;M;4885672;234892;750
2,02E+11;18;10;7;425;5;2;3;2;6;101;RUE DE RIVOLI;M;4886441;233025;750
2,02E+11;18;10;10;1235;1;2;1;1;6;104;RUE DE LA CITE;M;4360853;143589;750
2,02E+11;18;10;11;1115;1;2;1;1;6;104;BOULEVARD HENRI IV;M;4885000;236000;750
2,02E+11;18;10;12;1757;1;2;2;1;3;104;BOULEVARD MORLAND;M;4884752;236507;750
2,02E+11;18;10;16;1650;1;2;2;1;6;104;RUE DES FRANCS BOURGEOIS;M;4885640;236420;750
2,02E+11;18;10;19;2145;5;2;1;1;7;104;BOULEVARD HENRI IV;M;4885181;236411;750
2,02E+11;18;10;26;2210;5;2;3;1;2;104;RUE DE RIVOLI;M;;;750
2,02E+11;18;10;27;2030;5;2;1;1;2;104;BOULEVARD DU PALAIS;M;4885517;234608;750
2,02E+11;18;10;29;1410;1;2;3;8;6;104;RUE DE RIVOLI;M;4885821;234905;750
2,02E+11;18;11;2;1430;1;2;2;1;2;104;QUAI DE L HOTEL DE VILLE;M;4885464;235470;750
2,02E+11;18;11;7;641;5;2;2;2;7;104;QUAI DE L HOTEL DE VILLE;M;4885437;235500;750
2,02E+11;18;11;10;1518;1;2;7;2;6;104;PLACE DE L HOTEL DE VILL;M;;;750
2,02E+11;18;11;14;2040;3;2;2;1;6;104;PONT NOTRE DAME;M;4885665;234900;750
2,02E+11;18;11;16;745;1;2;3;8;3;104;RUE DE RIVOLI;M;4885692;235375;750
2,02E+11;18;11;20;830;1;2;1;2;2;104;PONT DE SULLY;M;4885044;236019;750
2,02E+11;18;11;22;1945;5;2;2;2;3;102;RUE DU QUATRE SEPTEMBRE;M;4886900;233900;750
2,02E+11;18;11;23;1505;1;2;3;8;6;104;RUE SAINT ANTOINE;M;;;750
2,02E+11;18;11;29;20;5;2;2;1;2;103;BOULEVARD DE SEBASTOPOL;M;;;750
2,02E+11;18;12;3;938;1;2;7;1;3;104;RUE DE LA CITE;M;4885412;234732;750
2,02E+11;18;12;3;1300;1;2;3;1;6;104;RUE BEAUBOURG;M;4886065;235333;750
2,02E+11;18;12;5;1015;1;2;3;1;6;109;RUE DE NAVARIN;M;4887950;233975;750
2,02E+11;18;12;7;2215;5;2;1;1;3;103;RUE DES FRANCS BOURGEOIS;M;;;750
2,02E+11;18;12;10;2025;5;2;2;1;2;104;RUE DES FRANCS BOURGEOIS;M;4885653;236410;750
2,02E+11;18;12;12;1530;1;2;1;1;6;104;RUE SAINT ANTOINE;M;4885498;236106;750
2,02E+11;18;12;13;1545;1;2;2;1;3;104;QUAI DE GESVRES;M;4885670;234890;750
2,02E+11;18;12;15;2100;5;2;3;3;3;104;BOULEVARD HENRI IV;M;4885120;236260;750
2,02E+11;18;12;17;1400;1;2;1;1;3;104;VOIE GEORGES POMPIDOU;M;4885362;235626;750
2,02E+11;18;12;19;1415;1;2;3;8;7;104;RUE SAINT ANTOINE;M;4885467;236232;750
2,02E+11;18;12;20;705;2;2;2;1;3;104;RUE DU PONT LOUIS PHILIP;M;4885464;235541;750
2,02E+11;18;12;22;855;1;2;3;1;6;104;QUAI DES CELESTINS;M;4885314;235878;750
2,02E+11;18;12;23;115;5;2;2;1;7;101;QUAI DU LOUVRE;M;;;750
2,02E+11;18;12;26;1900;5;2;7;1;2;104;RUE DE LA CITE;M;4885386;234575;750
2,02E+11;18;1;1;2315;5;2;2;2;6;105;PONT DE LA TOURNELLE;M;4885000;235486;750
2,02E+11;18;1;5;1125;1;2;7;8;6;105;19  RUE DE LA SORBONNE;M;4884850;234280;750
2,02E+11;18;1;8;1245;1;2;3;1;6;106;46  BOULEVARD SAINT MICH;M;4884880;234172;750
2,02E+11;18;1;10;1050;1;2;3;1;6;105;51 BIS  BOULEVARD SAINT;M;4885030;234756;750
2,02E+11;18;1;13;2320;5;2;3;1;3;105;BOULEVARD SAINT GERMAIN;M;4885080;234548;750
2,02E+11;18;1;18;335;5;2;3;3;6;105;BOULEVARD DE L HOPITAL;M;4884330;236427;750
2,02E+11;18;1;18;1255;1;2;2;1;3;105;47  RUE CLAUDE BERNARD;M;4884030;234595;750
2,02E+11;18;1;19;1415;1;2;3;2;4;105;73  BOULEVARD SAINT MICH;M;4884630;234025;750
2,02E+11;18;1;26;1200;1;2;7;1;6;105;PLACE MONGE;M;4884270;235212;750
2,02E+11;18;1;27;2245;5;2;1;2;6;105;23  QUAI SAINT MICHEL;M;4885350;234523;750
2,02E+11;18;1;29;1840;5;2;3;1;1;105;93  BOULEVARD DE PORT RO;M;4883830;234203;750
2,02E+11;18;1;29;2110;5;2;2;1;3;105;7  RUE SOUFFLOT;M;4884680;234331;750