Num_Acc;an;mois;jour;hrmn;lum;agg;int;atm;col;com;adr;gps;lat;long;dep
2,02E+11;18;1;30;1310;1;2;1;2;6;105;5  RUE BERTHOLLET;M;4883980;234587;750
2,02E+11;18;1;31;1910;5;2;3;2;2;105;QUAI DE LA TOURNELLE;M;4885040;235354;750
2,02E+11;18;2;12;1445;1;2;7;1;6;105;6  PLACE DU PETIT PONT;M;4885280;234661;750
2,02E+11;18;2;14;900;1;2;1;2;1;105;07  QUAI SAINT BERNARD;M;4884780;235945;750
2,02E+11;18;2;18;1615;1;2;2;7;7;105;13  PLACE VALHUBERT;M;4884430;236496;750
2,02E+11;18;2;23;1030;1;2;4;1;6;105;BOULEVARD SAINT MICHEL;M;4884090;233730;750
2,02E+11;18;2;23;1440;1;2;4;1;2;105;100  RUE MONGE;M;4883980;235131;750
2,02E+11;18;2;27;945;1;2;1;1;3;105;24  RUE DU CARDINAL LEMO;M;4884820;235334;750
2,02E+11;18;3;3;1753;1;2;7;8;3;105;PLACE SAINT MICHEL;M;4885380;234427;750
2,02E+11;18;3;5;705;2;2;2;1;6;105;25 BIS  RUE DES ECOLES;M;4884860;234848;750
2,02E+11;18;3;7;1940;5;2;2;1;6;105;BOULEVARD SAINT MARCEL;M;4883800;235582;750
2,02E+11;18;3;8;1500;1;2;7;2;6;105;49  BOULEVARD SAINT MICH;M;4884880;234172;750
2,02E+11;18;3;8;1520;1;2;3;3;3;105;RUE CUVIER;M;4884480;235694;750
2,02E+11;18;3;14;920;1;2;1;1;2;105;133  BOULEVARD SAINT MIC;M;4884210;233796;750
2,02E+11;18;3;14;2100;5;2;5;1;3;105;77  BOULEVARD SAINT GERM;M;4885080;234548;750
2,02E+11;18;3;16;850;1;2;3;1;2;105;21  QUAI DE MONTEBELLO;M;4885240;234822;750
2,02E+11;18;3;18;859;1;2;2;4;3;105;72  RUE CLAUDE BERNARD;M;4884030;234595;750
2,02E+11;18;3;21;1302;1;2;7;1;6;105;1  PLACE SAINT MICHEL;M;4885380;234427;750
2,02E+11;18;3;28;1545;1;2;1;3;6;105;35  QUAI SAINT BERNARD;M;4884870;235815;750
2,02E+11;18;4;3;930;1;2;7;8;7;105;PLACE VALHUBERT;M;4884430;236496;750
2,02E+11;18;4;9;1723;1;2;7;2;6;105;2  PLACE DE LA SORBONNE;M;4884850;234280;750
2,02E+11;18;4;10;1710;1;2;5;1;3;105;9  QUAI SAINT BERNARD;M;4884940;235682;750
2,02E+11;18;4;11;1550;1;2;2;1;6;105;42  RUE DES FOSSES SAINT;M;4884740;235315;750
2,02E+11;18;4;14;2045;5;2;5;2;6;105;PONT SAINT MICHEL;M;4885380;234427;750
2,02E+11;18;4;18;1410;1;2;1;1;6;105;23  QUAI SAINT BERNARD;M;4884910;235762;750
2,02E+11;18;4;23;2102;5;2;1;1;6;105;51 BIS  BOULEVARD SAINT;M;4885030;234775;750
2,02E+11;18;4;24;1430;1;2;2;1;2;105;74  RUE CLAUDE BERNARD;M;4884030;234595;750
2,02E+11;18;4;25;320;5;2;2;1;2;105;125  RUE SAINT JACQUES;M;4884740;234365;750
2,02E+11;18;5;2;1715;1;2;3;1;4;105;29  QUAI DE LA TOURNELLE;M;4885040;235354;750
2,02E+11;18;5;3;1915;1;2;2;1;6;105;10  RUE BUFFON;M;4884120;235596;750
2,02E+11;18;5;5;1245;1;2;1;1;4;105;QUAI SAINT BERNARD;M;4884610;236207;750
2,02E+11;18;5;7;1820;1;2;2;1;2;105;20  RUE DES ECOLES;M;4884860;234848;750
2,02E+11;18;5;8;1810;1;2;2;1;3;105;23  BOULEVARD SAINT MICH;M;4885140;234314;750
2,02E+11;18;5;12;116;5;2;1;1;6;105;5  RUE CLOVIS;M;4884600;234992;750
2,02E+11;18;5;18;1630;1;2;4;1;1;105;2  BOULEVARD DE L HOPITA;M;4884330;236427;750
2,02E+11;18;5;24;1230;1;2;2;1;3;105;QUAI DE LA TOURNELLE;M;4885110;235127;750
2,02E+11;18;5;25;1;5;2;2;1;3;105;RUE DES ECOLES;M;4884960;234483;750
2,02E+11;18;6;1;1445;1;2;2;1;3;105;3  RUE GRACIEUSE;M;4884210;235150;750
2,02E+11;18;6;1;1525;1;2;1;1;6;105;32  BOULEVARD SAINT MARC;M;4883900;235890;750
2,02E+11;18;6;2;1656;2;2;2;1;3;105;34 BIS  RUE GEOFFROY SAI;M;4884120;235596;750
2,02E+11;18;6;5;1405;1;2;1;1;3;105;63  BOULEVARD SAINT MICH;M;4884760;234094;750
2,02E+11;18;6;7;1500;1;2;4;1;3;105;20  RUE GEOFFROY SAINT H;M;4884000;235633;750
2,02E+11;18;6;10;1446;1;2;2;1;6;105;69  BOULEVARD SAINT GERM;M;4885080;234548;750
2,02E+11;18;6;11;1515;1;2;2;2;6;105;41  RUE GAY LUSSAC;M;4884260;234286;750
2,02E+11;18;6;14;1600;1;2;1;1;2;105;71  RUE MONGE;M;4884360;235224;750
2,02E+11;18;6;19;1156;1;2;2;1;6;105;22  BOULEVARD SAINT MICH;M;4885140;234314;750
2,02E+11;18;6;19;1905;1;2;2;1;3;105;17  RUE MONGE;M;4884810;235040;750
2,02E+11;18;6;21;851;1;2;2;1;3;105;55  QUAI DE LA TOURNELLE;M;4885110;235127;750
2,02E+11;18;6;29;1800;1;2;4;1;3;105;2  BOULEVARD DE L HOPITA;M;4884330;236427;750
2,02E+11;18;7;2;1110;1;2;3;1;6;113;37  BOULEVARD SAINT MARC;M;4883870;235783;750
2,02E+11;18;7;3;1750;1;2;1;1;6;105;36  BOULEVARD SAINT MICH;M;4884970;234227;750
2,02E+11;18;7;5;300;5;2;3;1;2;105;21  QUAI DE MONTEBELLO;M;4885270;234762;750
2,02E+11;18;7;5;1010;1;2;1;1;2;105;340  RUE SAINT JACQUES;M;4883950;234006;750
2,02E+11;18;7;9;1327;1;2;2;1;6;105;22  BOULEVARD SAINT MICH;M;4885140;234314;750
2,02E+11;18;7;11;1155;1;2;3;1;3;105;  RUE BERTHOLLET;M;4883880;234571;750
2,02E+11;18;7;11;1550;1;2;2;1;6;105;11  BOULEVARD SAINT GERM;M;4884950;235439;750
2,02E+11;18;7;23;1150;1;2;3;1;3;105;RUE MONGE;M;4884200;235200;750
2,02E+11;18;7;25;112;5;2;2;1;6;105;QUAI DE MONTEBELLO;M;4885303;234700;750
2,02E+11;18;7;25;1050;1;2;3;1;2;105;RUE DES FOSSES SAINT BER;M;4884890;235537;750
2,02E+11;18;7;26;1430;1;2;1;1;3;105;QUAI DE LA TOURNELLE;M;4884987;235512;750
2,02E+11;18;7;27;1610;1;2;2;2;3;105;RUE SAINT JACQUES;M;4884899;234451;750
2,02E+11;18;8;5;2346;5;2;3;1;6;105;QUAI DE LA TOURNELLE;M;4884995;235392;750
2,02E+11;18;8;11;1225;1;2;2;1;3;105;RUE DU PETIT PONT;M;;;750
2,02E+11;18;8;23;1745;1;2;3;1;2;105;QUAI SAINT BERNARD;M;4880000;230000;750
2,02E+11;18;9;3;1140;1;2;2;1;3;105;BOULEVARD DE PORT ROYAL;M;;;750
2,02E+11;18;9;3;1845;1;2;1;1;5;105;QUAI DE LA TOURNELLE;M;4885000;235000;750
2,02E+11;18;9;3;2010;3;2;2;1;5;105;BOULEVARD SAINT GERMAIN;M;4885063;234571;750
2,02E+11;18;9;9;45;5;2;2;1;6;105;PONT DE SULLY;M;4884947;235682;750
2,02E+11;18;9;10;1010;1;2;2;1;3;105;RUE GAY LUSSAC;M;4880000;233000;750
2,02E+11;18;9;12;845;1;2;1;1;2;105;BOULEVARD SAINT GERMAIN;M;4880000;235000;750
2,02E+11;18;9;17;819;1;2;2;1;3;105;RUE MONGE;M;4884769;235101;750
2,02E+11;18;9;17;1430;1;2;1;1;3;105;BOULEVARD SAINT MARCEL;M;4883000;235000;750
2,02E+11;18;9;18;1625;1;2;2;1;3;105;BOULEVARD DE PORT ROYAL;M;4883000;233670;750
2,02E+11;18;9;18;1656;1;2;4;1;3;105;RUE MONGE;M;4884831;235044;750
2,02E+11;18;9;24;915;1;2;2;1;3;105;BOULEVARD SAINT MICHEL;M;4885000;234000;750
2,02E+11;18;9;27;830;1;2;2;1;3;105;BOULEVARD SAINT MARCEL;M;4883000;235000;750
2,02E+11;18;10;1;1821;1;2;1;1;3;105;BOULEVARD DE PORT ROYAL;M;;;750
2,02E+11;18;9;27;1400;1;2;7;1;3;105;RUE MONGE;M;;;750
2,02E+11;18;10;9;1715;1;2;7;1;2;105;PLACE VALHUBERT;M;4884420;236461;750
2,02E+11;18;10;10;1340;1;2;1;1;6;105;BOULEVARD SAINT MICHEL;M;4885268;234353;750
2,02E+11;18;10;12;1415;1;2;2;1;6;105;RUE MONGE;M;4884058;235198;750
2,02E+11;18;10;13;1655;1;2;4;1;6;105;QUAI SAINT BERNARD;M;4884900;235700;750
2,02E+11;18;10;15;835;1;2;2;1;3;105;BOULEVARD SAINT GERMAIN;M;4885000;234000;750
2,02E+11;18;10;15;1825;1;2;3;1;6;105;RUE DE LA MONTAGNE SAINT;M;4884000;234000;750
2,02E+11;18;10;17;1720;1;2;2;1;6;105;BOULEVARD SAINT GERMAIN;M;4880000;237000;750
2,02E+11;18;10;23;1305;1;2;1;1;6;105;QUAI DE MONTEBELLO;M;4885205;234917;750
2,02E+11;18;10;24;1455;1;2;2;1;6;105;BOULEVARD SAINT GERMAIN;M;4885000;234000;750
2,02E+11;18;10;25;1430;1;2;2;1;6;105;AVENUE DE L OBSERVATOIRE;M;4883000;233000;750
2,02E+11;18;10;30;1800;5;2;1;1;2;105;PONT DE SULLY;M;4885000;235700;750
2,02E+11;18;11;6;835;1;2;1;1;3;105;RUE GAY LUSSAC;M;4884551;234189;750
2,02E+11;18;11;9;1010;1;2;1;8;3;105;BOULEVARD SAINT MARCEL;M;4883000;235000;750
2,02E+11;18;11;11;954;1;2;2;2;3;105;RUE SAINT JACQUES;M;4885154;234711;750
2,02E+11;18;11;12;1045;1;2;2;2;6;105;RUE DES ECOLES;M;4884800;235000;750
2,02E+11;18;11;14;840;1;2;3;1;6;105;BOULEVARD SAINT MARCEL;M;4883700;235400;750
2,02E+11;18;11;24;327;5;2;2;2;3;105;RUE SAINT JACQUES;M;4884955;234494;750
2,02E+11;18;11;24;1345;1;2;7;1;3;105;RUE SAINT JACQUES;M;4884940;234479;750
2,02E+11;18;11;29;930;1;2;4;8;6;105;RUE SAINT JACQUES;M;4884400;234100;750
2,02E+11;18;12;15;1930;5;2;2;3;6;105;BOULEVARD SAINT MICHEL;M;4884937;234810;750
2,02E+11;18;12;22;1228;1;2;2;1;6;105;BOULEVARD SAINT MICHEL;M;4884366;233905;750
2,02E+11;18;1;9;2034;4;2;2;2;6;106;51  RUE DU CHERCHE MIDI;M;4884900;232537;750
2,02E+11;18;1;9;2240;5;2;5;2;7;106;AVENUE DE L OBSERVATOIRE;M;4883970;233671;750
2,02E+11;18;1;17;2130;5;2;4;1;2;106;82  RUE D ASSAS;M;4884430;233299;750
2,02E+11;18;1;22;1340;1;2;1;2;6;106;157  BOULEVARD DU MONTPA;M;4884040;233448;750
2,02E+11;18;1;24;1712;1;2;5;1;3;106;1  RUE DU CHERCHE MIDI;M;4885210;232976;750
2,02E+11;18;2;6;1130;1;2;3;4;6;106;78  RUE D ASSAS;M;4884490;233238;750
2,02E+11;18;2;14;1930;5;2;2;2;3;106;1  RUE AUGUSTE COMTE;M;4884390;233896;750
2,02E+11;18;2;10;1945;5;2;5;1;3;105;  PONT DE SULLY;M;4884940;235682;750
2,02E+11;18;2;20;900;1;2;2;1;3;106;76  RUE DE SEINE;M;4885180;233702;750
2,02E+11;18;3;4;420;5;2;1;1;6;106;59  BOULEVARD RASPAIL;M;4884980;232739;750
2,02E+11;18;3;5;850;1;2;2;1;3;106;97  RUE DE SEINE;M;4885180;233702;750
2,02E+11;18;3;5;1320;1;2;3;1;6;106;43  RUE DU CHERCHE MIDI;M;4884920;232582;750
2,02E+11;18;3;7;1830;2;2;2;1;6;106;17  RUE SAINT SULPICE;M;4885150;233704;750
2,02E+11;18;3;16;1250;1;2;2;1;3;106;151  BOULEVARD SAINT GER;M;4885390;233268;750
2,02E+11;18;3;16;2000;2;2;2;8;6;106;58  RUE DE VAUGIRARD;M;4884870;233263;750
2,02E+11;18;3;31;1110;1;2;7;1;6;106;10  PLACE SAINT MICHEL;M;4885320;234322;750
2,02E+11;18;3;31;1330;1;2;3;1;7;106;84  BOULEVARD SAINT MICH;M;4884250;233818;750
2,02E+11;18;4;5;1945;1;2;1;1;2;105;12  BOULEVARD DE L HOPIT;M;4884230;236354;750
2,02E+11;18;4;9;845;1;2;2;1;2;106;108  BOULEVARD DU MONTPA;M;4884200;232960;750
2,02E+11;18;4;11;1548;1;2;3;1;6;106;87  RUE D ASSAS;M;4884200;233520;750
2,02E+11;18;4;12;930;1;2;2;1;3;106;112  BOULEVARD RASPAIL;M;4884520;232855;750
2,02E+11;18;4;14;1720;1;2;1;1;2;106;80  RUE DE RENNES;M;4885070;233027;750
2,02E+11;18;4;19;930;1;2;1;1;3;106;03  AVENUE DE L OBSERVAT;M;4884380;233751;750
2,02E+11;18;4;18;2145;5;2;2;1;3;106;123  BOULEVARD SAINT GER;M;4885290;233697;750
2,02E+11;18;5;8;1530;1;2;1;1;2;106;119  RUE DE RENNES;M;4884760;232746;750
2,02E+11;18;5;11;2100;2;2;2;1;3;106;45  BOULEVARD RASPAIL;M;4885140;232681;750
2,02E+11;18;5;17;1015;1;2;4;1;3;105;141  BOULEVARD SAINT MIC;M;4884090;233730;750
2,02E+11;18;5;24;1752;1;2;3;1;3;106;9  QUAI MALAQUAIS;M;4885770;233536;750
2,02E+11;18;5;25;1040;1;2;4;1;6;106;2  RUE DU SABOT;M;4885310;233128;750
2,02E+11;18;5;30;901;1;2;2;1;6;106;BOULEVARD DU MONTPARNAS;M;4884310;232635;750
2,02E+11;18;6;26;945;1;2;2;1;2;106;19  BOULEVARD DU MONTPAR;M;4884550;231913;750
2,02E+11;18;7;2;945;1;2;2;1;3;106;01  BOULEVARD DU MONTPAR;M;4884680;231657;750
2,02E+11;18;7;4;1040;1;2;7;1;3;115;BOULEVARD DU MONTPARNASS;M;4884410;232310;750
2,02E+11;18;7;9;700;1;2;1;1;2;106;23  QUAI DE CONTI;M;4885760;233753;750
2,02E+11;18;7;10;2226;5;2;5;1;6;106;4  AVENUE DE L OBSERVATO;M;4884090;233730;750
2,02E+11;18;7;13;1313;1;2;1;1;3;106;23  QUAI DE CONTI;M;4885760;233753;750
2,02E+11;18;7;13;1700;1;2;1;1;6;106;11  RUE DE L ODEON;M;4885090;233867;750
2,02E+11;18;8;11;1930;1;2;2;1;3;106;RUE D ASSAS;M;4886667;233333;750
2,02E+11;18;8;20;930;1;2;5;1;6;106;BOULEVARD DU MONTPARNASS;M;4883900;233500;750
2,02E+11;18;8;22;1710;1;2;2;1;3;106;RUE DE RENNES;M;4884780;232786;750
2,02E+11;18;9;4;1110;1;2;7;1;2;106;PLACE SAINT SULPICE;M;4885100;233300;750
2,02E+11;18;9;7;2215;5;2;3;1;3;106;RUE D ASSAS;M;4884232;233490;750
2,02E+11;18;9;10;1025;1;2;2;1;2;106;RUE MONSIEUR LE PRINCE;M;4885110;233938;750
2,02E+11;18;9;10;1200;1;2;4;1;6;106;RUE CASSETTE;M;4885000;233000;750
2,02E+11;18;9;11;1900;1;2;1;1;6;106;RUE DE VAUGIRARD;M;;;750
2,02E+11;18;9;15;1330;1;2;1;1;6;106;BOULEVARD SAINT GERMAIN;M;4885400;233000;750
2,02E+11;18;9;19;1735;1;2;3;1;6;106;RUE DE VAUGIRARD;M;;;750
2,02E+11;18;9;20;1050;1;2;2;1;3;106;RUE DE VAUGIRARD;M;4884600;232400;750
2,02E+11;18;9;24;2330;5;2;4;1;3;106;RUE DE RENNES;M;4884733;232682;750
2,02E+11;18;9;27;600;5;2;2;1;3;106;BOULEVARD SAINT MICHEL;M;4884100;233700;750
2,02E+11;18;9;27;2102;5;2;4;1;3;106;RUE HAUTEFEUILLE;M;4885097;234100;750
2,02E+11;18;10;6;2245;5;2;2;1;6;106;RUE DE BOURBON LE CHATEA;M;4885300;233600;750
2,02E+11;18;10;9;1640;1;2;1;1;7;106;RUE D ASSAS;M;;;750
2,02E+11;18;10;11;1725;1;2;1;1;6;106;PONT NEUF;M;4885675;234095;750
2,02E+11;18;10;15;705;2;2;2;1;2;106;BOULEVARD RASPAIL;M;4884349;233184;750
2,02E+11;18;10;19;1610;1;2;7;1;3;106;BOULEVARD SAINT GERMAIN;M;;;750
2,02E+11;18;10;22;805;1;2;3;1;6;106;BOULEVARD DU MONTPARNASS;M;;;750
2,02E+11;18;10;25;1408;1;2;2;1;3;106;RUE DE RENNES;M;4800000;232800;750
2,02E+11;18;10;30;1545;1;2;3;8;3;106;RUE DE L ABBE GREGOIRE;M;4884694;232609;750
2,02E+11;18;11;12;2045;5;2;2;1;6;106;RUE DE RENNES;M;4884900;232800;750
2,02E+11;18;11;23;1050;1;2;1;8;6;106;RUE DE RENNES;M;4880000;232500;750
2,02E+11;18;11;25;950;1;2;3;2;1;106;BOULEVARD SAINT GERMAIN;M;4885200;234000;750
2,02E+11;18;11;30;1020;1;2;1;1;6;106;BOULEVARD SAINT MICHEL;M;;;750
2,02E+11;18;11;30;2227;5;2;2;1;2;106;RUE DE RENNES;M;4884875;232830;750
2,02E+11;18;12;11;942;1;2;4;1;3;106;RUE DANTON;M;;;750
2,02E+11;18;12;13;1811;5;2;2;1;6;106;RUE DE VAUGIRARD;M;4884000;233000;750
2,02E+11;18;1;8;815;4;2;2;1;3;107;02  AVENUE DE LA MOTTE P;M;4885720;230990;750
2,02E+11;18;1;12;1600;2;2;5;8;3;107;52  RUE DU BAC;M;4885600;232588;750
2,02E+11;18;1;17;1500;1;2;3;1;6;106;40  RUE DE SEVRES;M;4884980;232324;750
2,02E+11;18;1;18;1745;5;2;7;1;6;107;36  BOULEVARD DES INVALI;M;4885050;231447;750
2,02E+11;18;1;21;1830;5;2;4;2;6;107;1  QUAI VOLTAIRE;M;4885850;233243;750
2,02E+11;18;1;22;1410;1;2;2;2;3;107;RUE DE BELLECHASSE;M;4885920;232377;750
2,02E+11;18;1;23;2000;5;2;3;8;6;107;17  AVENUE DE TOURVILLE;M;4885400;230853;750
2,02E+11;18;1;26;2000;5;2;3;1;3;107;QUAI ANATOLE FRANCE;M;4886110;232417;750
2,02E+11;18;1;29;1530;1;2;2;1;3;107;4  AVENUE DE LA MOTTE PI;M;4885720;230990;750
2,02E+11;18;1;29;1710;2;2;2;1;6;107;35  BOULEVARD DES INVALI;M;4885180;231451;750
2,02E+11;18;2;3;1440;1;2;7;3;3;107;RUE DE GRENELLE;M;4885840;231365;750
2,02E+11;18;2;4;1654;1;2;1;1;4;107;40  AVENUE DE LA MOTTE P;M;4885480;230630;750
2,02E+11;18;2;5;755;2;2;3;8;3;107;BOULEVARD DES INVALIDES;M;4884830;231576;750
2,02E+11;18;2;13;805;2;2;2;1;3;107;BOULEVARD RASPAIL;M;4885430;232611;750
2,02E+11;18;2;21;1010;1;2;1;1;4;107;23  QUAI ANATOLE FRANCE;M;4886180;232186;750
2,02E+11;18;2;23;1825;2;2;3;1;3;107;18  AVENUE DE TOURVILLE;M;4885410;230723;750
2,02E+11;18;3;2;1920;5;2;2;1;3;107;32  BOULEVARD RASPAIL;M;4885240;232647;750
2,02E+11;18;3;3;1150;1;2;2;1;3;107;25  BOULEVARD DE LA TOUR;M;4885990;231015;750
2,02E+11;18;3;3;1540;1;2;2;1;3;107;/  RUE DE VARENNE;M;4885500;231993;750
2,02E+11;18;3;6;1900;5;2;3;2;1;107;59  BOULEVARD DES INVALI;M;4884790;231593;750
2,02E+11;18;3;10;150;5;2;3;1;7;106;22  RUE DE VAUGIRARD;M;4884930;233781;750
2,02E+11;18;3;10;903;1;2;2;2;6;107;000  QUAI D ORSAY;M;4886290;231342;750
2,02E+11;18;3;11;1630;1;2;3;1;6;107;/  RUE SURCOUF;M;4885990;230961;750
2,02E+11;18;3;12;1452;1;2;7;2;3;107;RUE DU BAC;M;4885600;232588;750
2,02E+11;18;3;14;820;1;2;2;1;6;107;/  AVENUE JOSEPH BOUVARD;M;4885520;229687;750
2,02E+11;18;3;17;1205;1;2;1;2;3;107;AVENUE JOSEPH BOUVARD;M;4885720;229927;750
2,02E+11;18;3;21;2045;5;2;1;1;6;107;5  BOULEVARD RASPAIL;M;4885540;232580;750
2,02E+11;18;3;23;1725;1;2;1;1;6;107;241  BOULEVARD SAINT GER;M;4886170;232011;750
2,02E+11;18;3;26;910;1;2;3;1;3;107;49  QUAI D ORSAY;M;4886240;230922;750
2,02E+11;18;3;26;1633;1;2;2;1;2;107;RUE FABERT;M;4886000;231133;750
2,02E+11;18;3;28;2210;5;2;3;1;6;107;75  QUAI D ORSAY;M;4886230;230542;750
2,02E+11;18;3;29;700;2;2;4;1;3;107;207  BOULEVARD SAINT GER;M;4885630;232545;750
2,02E+11;18;3;29;920;1;2;7;1;3;107;PLACE DE FONTENOY;M;4885100;230613;750
2,02E+11;18;3;30;1930;2;2;2;1;2;107;AVENUE BOSQUET;M;4885620;230471;750
2,02E+11;18;4;1;2008;2;2;2;1;2;107;AVENUE DU MARECHAL GALLI;M;4886110;231318;750
2,02E+11;18;4;3;1920;1;2;4;1;2;106;39  RUE DE SEVRES;M;4885070;232525;750
2,02E+11;18;4;3;1810;1;2;2;3;6;107;AVENUE DE LOWENDAL;M;4885270;230855;750
2,02E+11;18;4;5;1030;1;2;1;1;2;107;PLACE VAUBAN;M;4885320;231231;750
2,02E+11;18;4;6;925;1;2;2;1;3;107;AVENUE DU MARECHAL GALLI;M;4886000;231305;750
2,02E+11;18;4;6;910;1;2;5;1;3;107;/  RUE SAINT DOMINIQUE;M;4885880;230348;750
2,02E+11;18;4;6;1100;1;2;7;1;6;107;11  RUE SAINT DOMINIQUE;M;4885840;232229;750
2,02E+11;18;4;6;1905;1;2;1;1;1;107;PORT DU GROS CAILLOU;M;4886300;230966;750
2,02E+11;18;4;12;930;1;2;2;1;6;107;1  QUAI ANATOLE FRANCE;M;4885950;232936;750
2,02E+11;18;4;12;2235;5;2;7;2;3;107;PLACE VAUBAN;M;4885370;231337;750
2,02E+11;18;4;13;1930;1;2;6;1;3;107;PLACE DE BRETEUIL;M;4884710;231210;750
2,02E+11;18;4;15;200;5;2;2;1;3;105;PLACE SAINT MICHEL;M;4885380;234427;750
2,02E+11;18;4;21;1710;1;2;2;1;6;107;38  RUE FABERT;M;4886000;231133;750
2,02E+11;18;4;24;145;5;2;3;1;3;106;78  RUE DE SEVRES;M;4884740;231817;750
2,02E+11;18;4;24;922;1;2;2;7;3;107;AVENUE DE TOURVILLE;M;4885400;230953;750
2,02E+11;18;4;25;2311;5;2;3;1;6;107;213  BOULEVARD SAINT GER;M;4885700;232460;750
2,02E+11;18;4;27;1410;1;2;1;1;3;107;9  QUAI ANATOLE FRANCE;M;4886120;232391;750
2,02E+11;18;4;27;2345;5;2;3;1;3;107;QUAI D ORSAY;M;4886280;231163;750
2,02E+11;18;4;28;1301;1;2;3;1;3;107;65  BOULEVARD DES INVALI;M;4884740;231623;750
2,02E+11;18;5;2;25;5;2;2;1;6;107;26  AVENUE DE TOURVILLE;M;4885420;230628;750
2,02E+11;18;5;3;910;1;2;1;1;6;107;78BIS  RUE VANEAU;M;4884920;232018;750
2,02E+11;18;5;7;835;1;2;7;7;3;107;PLACE DE FONTENOY;M;4885110;230703;750
2,02E+11;18;5;7;1853;1;2;2;1;7;107;PLACE DU PRESIDENT MITHO;M;4885050;231447;750
2,02E+11;18;5;7;2030;2;2;3;1;3;107;RUE DE VARENNE;M;4885540;231803;750
2,02E+11;18;5;14;1130;1;2;2;2;6;107;RUE DE BELLECHASSE;M;4885500;231993;750
2,02E+11;18;5;17;2226;5;2;2;1;6;107;64  AVENUE DE LA MOTTE P;M;4885720;230990;750
2,02E+11;18;5;24;745;1;2;1;1;3;107;9  AVENUE DE LOWENDAL;M;4885240;230805;750
2,02E+11;18;5;24;900;1;2;2;1;6;107;20  BOULEVARD DE LA TOUR;M;4886110;231027;750
2,02E+11;18;5;25;1430;1;2;2;1;3;107;QUAI ANATOLE FRANCE;M;4885950;232936;750
2,02E+11;18;5;25;2200;5;2;2;3;6;107;RUE DE L UNIVERSITE;M;4886110;231318;750
2,02E+11;18;6;2;500;2;2;2;1;6;114;67  AVENUE DU GENERAL LE;M;4882880;232769;750
2,02E+11;18;6;12;1415;1;2;2;1;3;107;200  BOULEVARD SAINT GER;M;4885480;232918;750
2,02E+11;18;6;14;150;5;2;2;1;3;107;0  QUAI D ORSAY;M;4886240;231036;750
2,02E+11;18;6;16;1755;1;2;2;1;3;107;RUE DU GENERAL BERTRAND;M;4884770;231333;750
2,02E+11;18;6;18;2030;1;2;2;1;6;107;QUAI ANATOLE FRANCE;M;4886110;232417;750
2,02E+11;18;6;20;1143;1;2;3;1;3;107;RUE FABERT;M;4886280;231163;750
2,02E+11;18;6;21;1050;1;2;1;1;6;107;23  RUE DE VARENNE;M;4885380;232459;750
2,02E+11;18;6;22;432;5;2;2;1;3;107;RUE DE BELLECHASSE;M;4885820;232279;750
2,02E+11;18;6;22;910;1;2;3;1;3;107;109  RUE SAINT DOMINIQUE;M;4885950;230628;750
2,02E+11;18;6;22;1115;1;2;3;1;3;107;QUAI BRANLY;M;4885750;229103;750
2,02E+11;18;6;25;1605;1;2;3;1;3;107;QUAI D ORSAY;M;4886280;231163;750
2,02E+11;18;6;25;1625;1;2;4;1;3;107;146  RUE DE GRENELLE;M;4885810;231118;750
2,02E+11;18;6;27;1225;1;2;1;1;3;107;35  QUAI D ORSAY;M;4886290;231689;750
2,02E+11;18;6;28;2000;1;2;2;1;3;107;AVENUE DE BRETEUIL;M;4885070;231162;750
2,02E+11;18;6;30;2120;1;2;1;1;6;107;16  AVENUE EMILE DESCHAN;M;4885560;230207;750
2,02E+11;18;6;30;2139;5;2;1;1;6;107;60  AVENUE DE BRETEUIL;M;4884890;231139;750
2,02E+11;18;6;13;125;5;2;2;1;3;107;36  BOULEVARD DE LA TOUR;M;4885990;231015;750
2,02E+11;18;7;5;2205;5;2;3;1;3;106;RUE DES GRANDS AUGUSTINS;M;4885440;234068;750
2,02E+11;18;7;7;1320;1;2;2;1;6;107;57  RUE DE BELLECHASSE;M;4885500;231993;750
2,02E+11;18;7;7;1515;1;2;1;1;3;107;39  AVENUE DE LA MOTTE P;M;4885480;230626;750
2,02E+11;18;7;11;128;5;2;1;1;6;107;241  BOULEVARD SAINT GER;M;4886170;232011;750
2,02E+11;18;7;14;1320;1;2;2;1;2;114;AVENUE DE LA PORTE D ORL;M;4882020;232575;750
2,02E+11;18;7;15;130;5;2;2;1;3;107;BOULEVARD DE LA TOUR MAU;M;4885400;230953;750
2,02E+11;18;7;15;2010;5;2;2;1;3;107;RUE DE L UNIVERSITE;M;4886110;230548;750
2,02E+11;18;7;15;2300;5;2;1;1;6;107;PLACE HENRY DE MONTHERLA;M;4886040;232642;750
2,02E+11;18;7;15;2340;5;2;1;1;6;107;15  QUAI BRANLY;M;4886210;229959;750
2,02E+11;18;7;16;655;1;2;2;1;3;107;QUAI VOLTAIRE;M;4885950;232936;750
2,02E+11;18;7;19;917;1;2;5;1;3;107;PLACE DE L ECOLE MILITAI;M;4885422;230583;750
2,02E+11;18;7;20;935;1;2;4;1;6;115;RUE DE LA FEDERATION;M;4885275;229827;750
2,02E+11;18;7;29;20;5;2;7;1;6;107;RUE DE GRENELLE;M;4885000;230000;750
2,02E+11;18;7;31;1730;1;2;3;1;3;107;AVENUE DE SUFFREN;M;;;750
2,02E+11;18;8;8;1415;1;2;4;1;3;107;BOULEVARD SAINT GERMAIN;M;;;750
2,02E+11;18;8;8;1840;1;2;2;1;3;107;QUAI BRANLY;M;;;750
2,02E+11;18;8;10;930;1;2;3;1;2;107;QUAI VOLTAIRE;M;;;750