Num_Acc;an;mois;jour;hrmn;lum;agg;int;atm;col;com;adr;gps;lat;long;dep
2,02E+11;18;9;4;1300;1;2;1;2;6;108;RUE DU COLISEE;M;4887400;231300;750
2,02E+11;18;9;4;1745;1;2;2;1;3;108;RUE DE ROME;M;;;750
2,02E+11;18;9;5;1300;1;2;7;1;6;108;AVENUE DES CHAMPS ELYSEE;M;4886755;231384;750
2,02E+11;18;9;6;2015;2;2;3;1;3;108;AVENUE DES CHAMPS ELYSEE;M;;;750
2,02E+11;18;9;9;2355;5;2;2;1;7;108;BOULEVARD HAUSSMANN;M;4887300;232600;750
2,02E+11;18;9;10;1130;1;2;1;1;6;108;AVENUE DE WAGRAM;M;4887700;229700;750
2,02E+11;18;9;11;1300;1;2;1;1;3;108;BOULEVARD DES BATIGNOLLE;M;;;750
2,02E+11;18;9;11;1900;1;2;2;7;3;108;BOULEVARD HAUSSMANN;M;4887505;230903;750
2,02E+11;18;9;11;2220;5;2;1;1;2;108;COURS ALBERT 1ER;M;4886000;230000;750
2,02E+11;18;9;12;1650;1;2;2;1;3;108;BOULEVARD MALESHERBES;M;;;750
2,02E+11;18;9;13;920;1;2;3;2;6;108;RUE DE SAINT PETERSBOURG;M;;;750
2,02E+11;18;9;14;940;1;2;1;1;2;108;BOULEVARD HAUSSMANN;M;;;750
2,02E+11;18;9;14;2248;2;2;7;1;3;108;PLACE CHARLES DE GAULLE;M;;;750
2,02E+11;18;9;15;1610;1;2;1;1;3;108;BOULEVARD DE COURCELLES;M;4880000;231000;750
2,02E+11;18;9;17;930;1;2;1;1;6;108;AVENUE DES CHAMPS ELYSEE;M;4887331;229689;750
2,02E+11;18;9;17;1200;1;2;3;1;3;108;AVENUE GEORGE V;M;4886674;230103;750
2,02E+11;18;9;18;1030;1;2;4;1;3;108;RUE DE ROME;M;4887425;232583;750
2,02E+11;18;9;18;1630;1;2;3;1;6;108;AVENUE WINSTON CHURCHILL;M;4886600;231404;750
2,02E+11;18;9;18;2200;5;2;3;1;6;104;RUE DE RIVOLI;M;4885825;234888;750
2,02E+11;18;9;18;1315;1;2;2;2;2;108;RUE ROYALE;M;4886859;232319;750
2,02E+11;18;9;19;800;1;2;7;1;3;108;ROND POINT CHAMPS ELYSEE;M;4886900;231006;750
2,02E+11;18;9;19;855;1;2;3;1;2;108;BOULEVARD DES BATIGNOLLE;M;4888100;231800;750
2,02E+11;18;9;19;1630;1;2;3;1;3;108;RUE DE ROME;M;4887740;232307;750
2,02E+11;18;9;21;1410;1;2;1;1;6;108;BOULEVARD HAUSSMANN;M;;;750
2,02E+11;18;9;22;1310;1;2;7;1;3;108;PLACE DE LA CONCORDE;M;;;750
2,02E+11;18;9;22;1445;1;2;2;2;4;108;AVENUE DES CHAMPS ELYSEE;M;4886000;231000;750
2,02E+11;18;9;25;1;5;2;3;1;3;101;RUE DE RIVOLI;M;4885720;232607;750
2,02E+11;18;9;25;2010;5;2;2;1;6;108;RUE DE ROME;M;4887960;231768;750
2,02E+11;18;9;26;1450;1;2;2;1;6;108;RUE DE ROME;M;4887849;232219;750
2,02E+11;18;9;26;2030;5;2;2;1;6;108;RUE ROYALE;M;4886772;232251;750
2,02E+11;18;9;27;840;1;2;1;1;6;108;VOIE GEORGES POMPIDOU;M;4886000;230000;750
2,02E+11;18;9;29;10;5;2;1;1;6;116;RUE RAYNOUARD;M;4885320;227651;750
2,02E+11;18;9;30;2040;5;2;2;1;7;108;AVENUE GABRIEL;M;;;750
2,02E+11;18;10;1;1445;1;2;7;1;6;108;PLACE DE LA CONCORDE;M;;;750
2,02E+11;18;10;1;1445;1;2;1;1;3;108;AVENUE HOCHE;M;;;750
2,02E+11;18;10;2;1315;1;2;1;2;3;108;RUE ROYALE;M;4886799;232316;750
2,02E+11;18;10;3;930;1;2;1;8;3;116;AVENUE DE MALAKOFF;M;4880000;228000;750
2,02E+11;18;10;4;623;5;2;7;1;6;108;PLACE DE LA CONCORDE;M;;;750
2,02E+11;18;10;4;1625;1;2;1;1;6;108;BOULEVARD MALESHERBES;M;4888000;231300;750
2,02E+11;18;10;4;1635;1;2;7;1;3;101;PLACE DE LA CONCORDE;M;;;750
2,02E+11;18;10;5;25;5;2;2;1;3;108;AVENUE WINSTON CHURCHILL;M;4886496;231366;750
2,02E+11;18;10;5;811;1;2;2;1;6;108;RUE DE SAINT PETERSBOURG;M;;;750
2,02E+11;18;10;6;1940;5;2;7;1;3;108;PLACE DE LA CONCORDE;M;;;750
2,02E+11;18;10;6;2215;5;2;2;1;3;108;AVENUE MATIGNON;M;4886992;231181;750
2,02E+11;18;10;6;2115;5;2;7;1;3;108;PLACE CLEMENCEAU;M;4886786;231398;750
2,02E+11;18;10;10;1600;1;2;7;1;6;108;PONT DE L ALMA;M;;;750
2,02E+11;18;10;11;1840;5;2;7;1;6;108;PLACE DE LA CONCORDE;M;;;750
2,02E+11;18;10;12;800;1;2;7;8;3;108;AVENUE DE FRIEDLAND;M;4887444;230302;750
2,02E+11;18;10;12;930;1;2;4;1;6;108;AVENUE GEORGE V;M;4886596;230109;750
2,02E+11;18;10;12;1050;1;2;3;1;3;108;RUE DU FAUBOURG SAINT HO;M;4887213;231622;750
2,02E+11;18;10;13;1100;1;2;3;1;3;108;RUE TRONCHET;M;4887200;232600;750
2,02E+11;18;10;15;2248;5;2;1;1;6;116;RUE DES VIGNES;M;4885580;227500;750
2,02E+11;18;10;16;1630;1;2;2;1;7;108;ROND POINT CHAMPS ELYSEE;M;4886864;230950;750
2,02E+11;18;10;17;1820;2;2;4;1;2;108;RUE DE SAINT PETERSBOURG;M;4888300;232600;750
2,02E+11;18;10;19;30;5;2;7;1;3;108;PONT DES INVALIDES;M;4886428;231036;750
2,02E+11;18;10;19;1015;1;2;7;1;6;108;PLACE CHARLES DE GAULLE;M;4887424;229645;750
2,02E+11;18;10;18;2045;5;2;7;1;6;108;PLACE DE LA CONCORDE;M;4887000;232000;750
2,02E+11;18;10;21;1710;1;2;4;1;3;108;RUE D ARTOIS;M;;;750
2,02E+11;18;10;23;1120;1;2;1;1;6;117;RUE GUY MOQUET;M;4889200;232400;750
2,02E+11;18;10;25;900;1;2;1;1;6;108;RUE BALZAC;M;4887000;230000;750
2,02E+11;18;10;25;1300;1;2;7;1;6;108;RUE D AMSTERDAM;M;4887727;232679;750
2,02E+11;18;10;26;1920;4;2;2;2;3;108;COURS LA REINE;M;;;750
2,02E+11;18;10;30;1300;1;2;1;8;3;108;AVENUE DES CHAMPS ELYSEE;M;;;750
2,02E+11;18;10;31;1240;1;2;2;1;3;108;RUE DE ROME;M;4887804;232262;750
2,02E+11;18;10;31;1610;1;2;3;2;3;108;RUE DE BERRI;M;4887530;230940;750
2,02E+11;18;10;31;1950;5;2;2;2;6;108;RUE ROYALE;M;4886848;232351;750
2,02E+11;18;11;2;1235;1;2;3;1;3;108;RUE DE COURCELLES;M;4887732;230649;750
2,02E+11;18;11;5;1010;1;2;2;1;6;108;BOULEVARD HAUSSMANN;M;4887483;230527;750
2,02E+11;18;11;7;2340;5;2;7;8;3;108;PLACE DE LA CONCORDE;M;4887000;232000;750
2,02E+11;18;11;8;1220;1;2;2;1;6;117;RUE DE TOCQUEVILLE;M;4800000;230000;750
2,02E+11;18;11;10;830;2;2;2;2;3;108;COURS LA REINE;M;;;750
2,02E+11;18;11;11;1725;5;2;1;2;6;108;AVENUE FRANKLIN D ROOSEV;M;4886649;231003;750
2,02E+11;18;11;12;610;5;2;2;2;3;108;RUE TRONCHET;M;4887152;232579;750
2,02E+11;18;11;13;1430;1;2;2;1;3;108;BOULEVARD MALESHERBES;M;4887708;231418;750
2,02E+11;18;11;15;1630;2;2;2;1;6;108;BOULEVARD MALESHERBES;M;;;750
2,02E+11;18;11;15;1945;5;2;7;8;6;108;AVENUE GEORGE V;M;4880000;230000;750
2,02E+11;18;11;16;40;5;2;7;1;3;108;AVENUE MARCEAU;M;4886606;229969;750
2,02E+11;18;11;20;1110;1;2;2;2;2;108;PLACE DU CANADA;M;4886000;231000;750
2,02E+11;18;11;21;930;1;2;7;1;3;108;PLACE DE LA CONCORDE;M;;;750
2,02E+11;18;11;21;1215;1;2;1;1;3;108;AVENUE MATIGNON;M;;;750
2,02E+11;18;11;21;1325;1;2;1;1;2;108;AVENUE HOCHE;M;;;750
2,02E+11;18;11;21;1915;5;2;1;1;6;108;PONT DE L ALMA;M;4886372;230160;750
2,02E+11;18;11;22;1500;1;2;2;2;6;108;RUE PIERRE CHARRON;M;4886905;230264;750
2,02E+11;18;11;23;829;1;2;2;1;3;108;AVENUE DES CHAMPS ELYSEE;M;;;750
2,02E+11;18;11;24;140;5;2;7;3;3;108;PLACE DE LA CONCORDE;M;4886411;232009;750
2,02E+11;18;11;24;1030;1;2;2;1;7;117;AVENUE DE LA PORTE DE VI;M;;;750
2,02E+11;18;11;24;1040;1;2;2;1;3;108;BOULEVARD MALESHERBES;M;4888060;231256;750
2,02E+11;18;11;26;1732;5;2;7;8;3;108;PLACE DE LA CONCORDE;M;;;750
2,02E+11;18;11;26;1900;5;2;1;2;3;108;BOULEVARD MALESHERBES;M;4880000;232000;750
2,02E+11;18;11;26;2035;5;2;1;2;6;108;RUE D AMSTERDAM;M;;;750
2,02E+11;18;11;28;845;1;2;2;2;6;108;BOULEVARD MALESHERBES;M;4887020;232293;750
2,02E+11;18;11;28;1844;5;2;1;1;7;108;AVENUE MATIGNON;M;;;750
2,02E+11;18;11;29;1330;1;2;3;1;2;108;AVENUE DES CHAMPS ELYSEE;M;4887097;230350;750
2,02E+11;18;12;2;255;4;2;4;2;2;108;AVENUE DES CHAMPS ELYSEE;M;4886800;231000;750
2,02E+11;18;12;2;1310;1;2;1;1;7;108;AVENUE PERCIER;M;;;750
2,02E+11;18;12;2;2020;5;2;2;1;3;108;AVENUE DES CHAMPS ELYSEE;M;4886584;231992;750
2,02E+11;18;12;3;930;1;2;7;8;4;108;PLACE DU CANADA;M;;;750
2,02E+11;18;12;4;759;2;2;2;2;3;108;BOULEVARD DE COURCELLES;M;;;750
2,02E+11;18;12;4;1215;1;2;1;1;2;108;AVENUE DES CHAMPS ELYSEE;M;;;750
2,02E+11;18;12;5;940;1;2;7;1;3;108;PLACE DE LA CONCORDE;M;;;750
2,02E+11;18;12;6;1145;1;2;2;2;2;108;RUE DE ROME;M;4886272;228759;750
2,02E+11;18;12;7;1310;1;2;2;2;6;108;RUE VERNET;M;4887180;229848;750
2,02E+11;18;12;7;1705;5;2;3;2;3;108;AVENUE DES CHAMPS ELYSEE;M;4887232;229967;750
2,02E+11;18;12;9;320;5;2;2;2;3;108;AVENUE GEORGE V;M;4887091;230086;750
2,02E+11;18;12;11;845;1;2;1;1;3;108;RUE SAINT LAZARE;M;;;750
2,02E+11;18;12;12;1550;1;2;7;1;3;108;PLACE DE LA CONCORDE;M;4886670;232165;750
2,02E+11;18;12;13;1940;3;2;7;1;3;117;PLACE DE LA PORTE MAILLO;M;4890000;228236;750
2,02E+11;18;12;14;1017;1;2;7;7;3;108;PLACE CHARLES DE GAULLE;M;;;750
2,02E+11;18;12;13;2025;5;2;2;1;7;108;COURS LA REINE;M;4886611;231248;750
2,02E+11;18;12;20;1110;1;2;7;1;3;108;AVENUE MARCEAU;M;4886597;229996;750
2,02E+11;18;12;20;1515;1;2;4;1;3;108;AVENUE DE WAGRAM;M;4884000;234000;750
2,02E+11;18;12;20;1640;2;2;7;1;7;108;AVENUE DES CHAMPS ELYSEE;M;;;750
2,02E+11;18;12;20;1900;5;2;7;1;3;108;PLACE DE LA CONCORDE;M;4886680;232186;750
2,02E+11;18;12;20;2230;5;2;7;1;3;108;PLACE DE LA CONCORDE;M;4886670;232184;750
2,02E+11;18;12;21;933;1;2;7;2;2;108;AVENUE DES CHAMPS ELYSEE;M;4887340;229650;750
2,02E+11;18;12;21;1715;5;2;2;8;6;108;RUE DE TILSITT;M;;;750
2,02E+11;18;12;24;510;5;2;2;2;6;108;AVENUE PERCIER;M;4887357;231443;750
2,02E+11;18;12;24;600;5;2;7;2;3;108;PLACE DE LA CONCORDE;M;4886440;232140;750
2,02E+11;18;12;26;2055;5;2;3;1;3;108;BOULEVARD HAUSSMANN;M;4887437;231736;750
2,02E+11;18;1;2;1309;1;2;3;8;3;109;16  BOULEVARD POISSONNIE;M;4887110;234568;750
2,02E+11;18;1;7;247;5;2;1;1;6;102;05  BOULEVARD MONTMARTRE;M;4887160;234238;750
2,02E+11;18;1;10;1315;1;2;1;1;6;109;32  RUE JOUBERT;M;4887470;232889;750
2,02E+11;18;1;10;1345;1;2;7;1;6;109;PLACE D ESTIENNE D ORVES;M;4887630;233183;750
2,02E+11;18;1;12;1105;1;2;1;1;3;109;50  RUE DE CHATEAUDUN;M;4887630;233386;750
2,02E+11;18;1;13;1725;2;2;7;1;6;109;19  BOULEVARD DE ROCHECH;M;4888330;234689;750
2,02E+11;18;1;17;2320;5;2;2;1;3;109;79  RUE DE LA VICTOIRE;M;4887530;233229;750
2,02E+11;18;1;20;2245;5;2;2;2;6;109;7  RUE DROUOT;M;4887280;234040;750
2,02E+11;18;1;22;1300;1;2;7;3;6;109;25  RUE NOTRE DAME DE LO;M;4887840;233754;750
2,02E+11;18;1;23;1010;1;2;3;2;6;109;92  RUE SAINT LAZARE;M;4887580;232847;750
2,02E+11;18;1;31;1415;1;2;2;2;6;109;13  RUE DE MOGADOR;M;4887430;233132;750
2,02E+11;18;2;2;2020;5;2;2;1;2;109;7  BOULEVARD HAUSSMANN;M;4887240;233742;750
2,02E+11;18;2;4;1500;1;2;7;1;6;109;8  PLACE DE L OPERA;M;4887070;233257;750
2,02E+11;18;2;5;1200;1;2;1;4;3;109;6  RUE ROUGEMONT;M;4887160;234586;750
2,02E+11;18;2;9;1305;1;2;1;4;6;103;108  RUE VIEILLE DU TEMP;M;4886100;236273;750
2,02E+11;18;2;17;1635;1;2;2;1;6;109;2  RUE AUBER;M;4887190;233037;750
2,02E+11;18;2;19;1640;1;2;2;2;6;109;57  RUE DES MARTYRS;M;4888070;234023;750
2,02E+11;18;2;20;2235;5;2;7;1;2;109;39  BOULEVARD DE ROCHECH;M;4888280;234444;750
2,02E+11;18;2;23;1200;1;2;2;1;3;109;15  RUE LE PELETIER;M;4887220;233829;750
2,02E+11;18;2;28;2200;5;2;3;1;6;109;16  RUE DES MARTYRS;M;4887780;233949;750
2,02E+11;18;3;8;136;5;2;2;1;2;101;4  QUAI DU LOUVRE;M;4885850;234241;750
2,02E+11;18;3;16;1445;1;2;2;1;2;109;38  RUE LE PELETIER;M;4887510;233950;750
2,02E+11;18;3;17;1200;1;2;7;2;2;109;1  RUE DE MAUBEUGE;M;4887590;233983;750
2,02E+11;18;3;18;105;5;2;3;1;6;101;RUE SAINT HONORE;M;4886320;233556;750
2,02E+11;18;3;21;1030;1;2;2;1;6;109;RUE DE PROVENCE;M;4887410;233974;750
2,02E+11;18;3;25;1423;1;2;3;1;6;109;11 BIS  RUE DROUOT;M;4887330;234054;750
2,02E+11;18;3;25;130;5;2;5;1;6;102;43  BOULEVARD DES CAPUCI;M;4886990;232796;750
2,02E+11;18;3;27;915;1;2;2;2;6;109;75  RUE SAINT LAZARE;M;4887620;233109;750
2,02E+11;18;3;27;1205;1;2;3;3;3;109;46  BOULEVARD HAUSSMANN;M;4887360;232832;750
2,02E+11;18;3;27;1825;1;2;7;2;3;102;2  PLACE DE L OPERA;M;4887030;233244;750
2,02E+11;18;3;28;1330;1;2;1;8;6;109;65  RUE DE PROVENCE;M;4887430;233345;750
2,02E+11;18;3;28;1945;5;2;2;1;6;109;41  AVENUE TRUDAINE;M;4888120;234250;750
2,02E+11;18;4;1;255;5;2;7;1;6;109;52  BOULEVARD HAUSSMANN;M;4887320;233110;750
2,02E+11;18;4;6;10;5;2;2;1;3;104;46  QUAI DES CELESTINS;M;4885330;235779;750
2,02E+11;18;4;6;1450;1;2;2;1;6;109;  RUE LA FAYETTE;M;4887530;234171;750
2,02E+11;18;4;14;1545;1;2;7;1;3;109;PLACE DE L OPERA;M;4887070;233257;750
2,02E+11;18;4;15;1540;1;2;3;1;6;109;37  RUE LAMARTINE;M;4887660;234039;750
2,02E+11;18;4;15;1915;1;2;7;1;3;109;PLACE DE L OPERA;M;4887070;233257;750
2,02E+11;18;4;20;1840;1;2;1;1;3;109;43  RUE NOTRE DAME DE LO;M;4887960;233615;750
2,02E+11;18;4;23;1435;1;2;7;1;6;109;14  RUE HALEVY;M;4887230;233285;750
2,02E+11;18;4;23;1920;1;2;1;1;6;109;56  BOULEVARD HAUSSMANN;M;4887340;232935;750
2,02E+11;18;4;25;2110;5;2;2;1;5;109;RUE DE LA CHAUSSEE D ANT;M;4887530;233229;750
2,02E+11;18;4;29;400;5;2;2;2;7;109;21  RUE BLEUE;M;4887590;234552;750
2,02E+11;18;5;9;104;5;2;1;1;2;109;04  PLACE DE CLICHY;M;4888350;232781;750
2,02E+11;18;5;9;1940;1;2;3;1;5;109;12  BOULEVARD DE LA MADE;M;4886970;232647;750
2,02E+11;18;5;10;1700;1;2;2;1;6;109;25  RUE PIERRE FONTAINE;M;4888220;233367;750
2,02E+11;18;5;10;1712;1;2;7;1;6;109;BOULEVARD DE CLICHY;M;4888240;233690;750
2,02E+11;18;5;12;1640;1;2;1;2;7;102;RUE DE GRAMONT;M;4887100;233695;750
2,02E+11;18;5;15;1407;1;2;2;1;3;108;107  PLACE DU HAVRE;M;4887560;232657;750
2,02E+11;18;5;18;2305;5;2;5;1;2;109;1  BOULEVARD DE ROCHECHO;M;4888360;234953;750
2,02E+11;18;5;23;1110;1;2;4;1;6;109;50  RUE DE MAUBEUGE;M;4887860;234588;750
2,02E+11;18;5;24;1430;1;2;3;1;3;109;16  BOULEVARD MONTMARTRE;M;4887170;234163;750
2,02E+11;18;5;22;1750;1;2;2;1;3;109;47  RUE LE PELETIER;M;4887510;233950;750
2,02E+11;18;5;29;2315;5;2;3;3;3;109;23  RUE BERGERE;M;4887240;234490;750
2,02E+11;18;5;30;1305;1;2;3;1;6;109;15 BIS  RUE DE CLICHY;M;4887750;233046;750
2,02E+11;18;5;31;1955;1;2;2;1;6;109;17  RUE CADET;M;4887580;234369;750
2,02E+11;18;6;7;1740;1;2;4;1;6;109;31  RUE LA FAYETTE;M;4887410;233724;750
2,02E+11;18;6;9;1534;1;2;3;1;6;109;12  RUE DROUOT;M;4887330;234054;750
2,02E+11;18;6;11;850;1;2;2;2;6;109;2  RUE DE ROCHECHOUART;M;4887650;234432;750
2,02E+11;18;6;4;1640;1;2;3;1;6;109;28  RUE DE CLICHY;M;4887900;232955;750
2,02E+11;18;6;12;2105;1;2;7;8;3;109;02  PLACE BLANCHE;M;4888360;233259;750
2,02E+11;18;6;16;1450;1;2;3;1;2;109;14  RUE DROUOT;M;4887330;234054;750
2,02E+11;18;6;16;1750;1;2;2;1;1;109;3  BOULEVARD DE CLICHY;M;4888190;233963;750
2,02E+11;18;6;15;2345;5;2;3;1;6;102;17  RUE DE CHOISEUL;M;4887020;233593;750
2,02E+11;18;6;19;1420;1;2;1;1;6;109;83  RUE LA FAYETTE;M;4887690;234767;750
2,02E+11;18;6;27;1905;1;2;2;1;3;109;2  RUE DE LA CHAUSSEE D;M;4887100;233417;750
2,02E+11;18;6;29;2020;1;2;7;1;6;109;12  PLACE D ANVERS;M;4888280;234444;750
2,02E+11;18;7;3;800;1;2;1;7;3;109;42  RUE D AMSTERDAM;M;4887830;232692;750
2,02E+11;18;7;4;30;5;2;2;1;3;109;50  RUE SAINT LAZARE;M;4887670;233706;750
2,02E+11;18;7;5;930;1;2;1;1;2;109;  BOULEVARD MONTMARTRE;M;4887190;234070;750
2,02E+11;18;7;7;1810;1;2;2;1;6;102;162  RUE MONTMARTRE;M;4887020;234263;750
2,02E+11;18;7;8;150;5;2;1;1;6;103;13  PLACE DE LA REPUBLIQ;M;4886710;236370;750
2,02E+11;18;7;14;1040;1;2;3;1;6;103;10  RUE DES ARQUEBUSIERS;M;4886010;236645;750
2,02E+11;18;7;14;1205;1;2;7;1;6;109;  RUE D AMSTERDAM;M;4888330;232715;750
2,02E+11;18;7;18;1210;1;2;1;1;6;109;RUE SAINT LAZARE;M;4887684;233476;750
2,02E+11;18;7;24;1250;1;2;3;1;3;109;BOULEVARD DE CLICHY;M;4888000;233000;750
2,02E+11;18;7;25;828;1;2;2;1;5;109;BOULEVARD HAUSSMANN;M;4887500;233900;750
2,02E+11;18;8;3;625;2;2;1;1;6;109;RUE DE LA ROCHEFOUCAULD;M;4887738;233433;750
2,02E+11;18;8;4;1710;1;2;4;1;3;109;BOULEVARD DES CAPUCINES;M;4887020;232930;750
2,02E+11;18;8;11;223;5;2;2;1;6;102;BOULEVARD MONTMARTRE;M;4887148;234293;750
2,02E+11;18;8;13;20;5;2;2;1;3;109;RUE DU FAUBOURG POISSONN;M;4887202;223478;750
2,02E+11;18;8;13;958;1;2;1;1;3;109;RUE SAINT LAZARE;M;;;750
2,02E+11;18;8;19;20;5;2;1;1;2;109;RUE LA FAYETTE;M;4852270;220140;750
2,02E+11;18;8;26;725;1;2;2;1;3;109;BOULEVARD HAUSSMANN;M;;;750
2,02E+11;18;8;26;1218;1;2;2;1;6;109;RUE DE MOGADOR;M;;;750
2,02E+11;18;8;28;1415;1;2;2;1;6;109;RUE AUBER;M;4887324;232814;750
2,02E+11;18;8;29;1741;1;2;7;1;6;109;BOULEVARD HAUSSMANN;M;4887318;233175;750
2,02E+11;18;9;4;1720;1;2;4;1;2;109;RUE DE LA VICTOIRE;M;;;750
2,02E+11;18;9;8;1615;1;2;6;1;4;109;RUE GLUCK;M;4887285;233180;750
2,02E+11;18;9;11;1220;1;2;2;1;2;109;RUE DU FAUBOURG MONTMART;M;;;750
2,02E+11;18;9;12;1230;1;2;2;1;6;109;RUE AUBER;M;;;750
2,02E+11;18;9;15;340;5;2;3;1;6;109;BOULEVARD DE CLICHY;M;4888405;233075;750
2,02E+11;18;9;16;1400;1;2;3;1;6;109;RUE DES MARTYRS;M;4887372;234010;750
2,02E+11;18;9;17;1610;1;2;1;1;6;109;RUE DE PROVENCE;M;4887000;232000;750
2,02E+11;18;9;17;2340;5;2;3;1;6;109;RUE SAINT LAZARE;M;4887000;232000;750
2,02E+11;18;9;21;1045;1;2;1;8;6;109;RUE DES MARTYRS;M;4888000;234000;750
2,02E+11;18;9;21;1600;1;2;2;1;3;109;BOULEVARD DES ITALIENS;M;4887145;233683;750
2,02E+11;18;9;22;45;5;2;2;1;6;104;BOULEVARD DE SEBASTOPOL;M;4880038;234946;750
2,02E+11;18;9;24;2245;5;2;3;1;6;109;RUE DE CHATEAUDUN;M;4887500;233800;750
2,02E+11;18;9;25;1355;1;2;2;1;6;109;RUE LA BRUYERE;M;;;750
2,02E+11;18;10;2;610;5;2;3;2;6;109;BOULEVARD HAUSSMANN;M;4887337;232980;750
2,02E+11;18;10;5;950;1;2;4;1;6;109;BOULEVARD HAUSSMANN;M;;;750
2,02E+11;18;10;6;55;5;2;2;1;6;109;BOULEVARD HAUSSMANN;M;4887200;233700;750
2,02E+11;18;10;8;925;1;2;1;1;6;104;RUE DE TURENNE;M;4885858;235498;750
2,02E+11;18;10;10;1445;1;2;2;1;3;109;BOULEVARD MONTMARTRE;M;;;750
2,02E+11;18;10;11;1745;1;2;1;8;3;109;RUE DE LA CHAUSSEE D ANT;M;4887000;233000;750
2,02E+11;18;10;23;1620;1;2;2;1;6;109;RUE DE MAUBEUGE;M;;;750
2,02E+11;18;10;29;1010;1;2;2;1;6;109;BOULEVARD DE ROCHECHOUAR;M;;;750
2,02E+11;18;10;29;1710;1;2;3;1;2;109;RUE D AMSTERDAM;M;4888052;232711;750
2,02E+11;18;11;2;1145;1;2;2;1;3;109;BOULEVARD DE MAGENTA;M;4888357;234945;750
2,02E+11;18;11;9;1510;1;2;1;1;6;109;RUE JOUBERT;M;4887466;233188;750
2,02E+11;18;11;13;30;5;2;2;1;3;109;BOULEVARD POISSONNIERE;M;4887108;234576;750
2,02E+11;18;11;16;1050;1;2;3;1;3;109;BOULEVARD DE ROCHECHOUAR;M;4888228;234192;750
2,02E+11;18;11;21;1020;1;2;3;1;6;109;RUE DE CHATEAUDUN;M;;;750
2,02E+11;18;11;21;1905;5;2;3;1;6;109;RUE SAINT LAZARE;M;4887563;232791;750
2,02E+11;18;11;24;2035;5;2;5;1;3;109;RUE DE MAUBEUGE;M;4887939;234854;750
2,02E+11;18;11;28;940;1;2;1;2;6;109;RUE LA FAYETTE;M;;;750
2,02E+11;18;12;2;50;5;2;7;2;3;109;PLACE DE L OPERA;M;4887091;233199;750
2,02E+11;18;12;4;1705;5;2;3;8;6;109;RUE AUBER;M;4887310;232841;750
2,02E+11;18;12;7;1340;1;2;3;3;6;109;BOULEVARD DES CAPUCINES;M;4887028;232975;750
2,02E+11;18;12;12;1032;1;2;5;1;3;108;BOULEVARD HAUSSMANN;M;;;750
2,02E+11;18;12;13;1925;5;2;2;1;7;109;RUE LA FAYETTE;M;4887379;233559;750
2,02E+11;18;12;15;1750;5;2;3;2;6;109;BOULEVARD DE ROCHECHOUAR;M;4888289;234481;750
2,02E+11;18;12;18;1124;1;2;2;1;6;109;RUE LA FAYETTE;M;4887609;234434;750
2,02E+11;18;12;20;45;5;2;2;1;3;109;RUE DU FAUBOURG POISSONN;M;4887204;234783;750
2,02E+11;18;12;20;1159;1;2;1;1;6;109;RUE DE CHATEAUDUN;M;4887626;233313;750
2,02E+11;18;12;21;145;5;2;7;2;3;109;PLACE DIAGHILEV;M;;;750
2,02E+11;18;12;29;1610;1;2;4;1;3;109;RUE TAITBOUT;M;4887140;233682;750
2,02E+11;18;12;31;1615;1;2;2;8;6;109;BOULEVARD HAUSSMANN;M;4887324;233089;750
2,02E+11;18;1;3;740;5;2;3;6;6;110;4  AVENUE CLAUDE VELLEFA;M;4887210;236953;750
2,02E+11;18;1;4;1120;1;2;2;2;6;110;173  BOULEVARD DE LA VIL;M;4888430;236461;750
2,02E+11;18;1;12;830;2;2;4;1;3;110;56  BOULEVARD DE MAGENTA;M;4887330;235877;750
2,02E+11;18;1;12;1805;5;2;1;8;6;110;18  RUE DE SAMBRE ET MEU;M;4887510;237077;750
2,02E+11;18;1;15;1815;2;2;1;1;7;110;47  BOULEVARD DE MAGENTA;M;4887300;235901;750
2,02E+11;18;1;16;1552;1;2;2;1;3;110;68  BOULEVARD DE MAGENTA;M;4887490;235731;750
2,02E+11;18;1;17;1455;1;2;4;1;7;110;11  RUE DE SAINT QUENTIN;M;4887720;235521;750
2,02E+11;18;1;31;1731;5;2;2;2;6;110;2  RUE DE LA GRANGE AUX;M;4887320;236421;750
2,02E+11;18;2;1;1020;1;2;2;8;7;110;57  BOULEVARD DE MAGENTA;M;4887370;235826;750
2,02E+11;18;2;4;1915;5;2;3;1;6;110;150  RUE DU FAUBOURG SAI;M;4887590;235954;750
2,02E+11;18;2;6;1540;1;2;1;4;7;110;46  BOULEVARD DE MAGENTA;M;4887260;235933;750
2,02E+11;18;2;9;1520;1;2;1;4;6;110;218  RUE DU FAUBOURG SAI;M;4888010;236395;750
2,02E+11;18;2;9;2245;5;2;4;8;3;110;23  RUE DE L AQUEDUC;M;4888070;236028;750
2,02E+11;18;2;13;825;1;2;3;1;6;110;640  RUE DE LANCRY;M;4887140;236204;750
2,02E+11;18;2;13;1815;5;2;1;2;6;110;171  RUE DU FAUBOURG SAI;M;4888000;235743;750
2,02E+11;18;2;13;2008;5;2;1;2;6;110;38  RUE DE LA GRANGE AUX;M;4887730;236959;750
2,02E+11;18;2;14;1915;5;2;1;2;6;110;14  RUE DU FAUBOURG SAIN;M;4887050;235303;750
2,02E+11;18;2;14;2115;5;2;1;2;6;110;7  BOULEVARD DE STRASBOU;M;4886990;235454;750
2,02E+11;18;2;16;830;1;2;5;1;6;110;106  RUE DE MAUBEUGE;M;4888050;235226;750
2,02E+11;18;2;16;1900;5;2;2;1;3;110;101  RUE DU FAUBOURG SAI;M;4887370;235826;750
2,02E+11;18;2;16;550;5;2;2;1;3;110;RUE DE DUNKERQUE;M;4888080;235114;750
2,02E+11;18;2;20;1955;5;2;1;2;6;110;10  BOULEVARD DE BONNE N;M;4886990;235180;750