Num_Acc;an;mois;jour;hrmn;lum;agg;int;atm;col;com;adr;gps;lat;long;dep
2,02E+11;18;4;20;2245;5;2;2;1;6;111;95  PASSAGE PHILIPPE AUG;M;4885580;239130;750
2,02E+11;18;4;22;1450;1;2;7;1;6;111;2  RUE CAMILLE DESMOULIN;M;4885850;238021;750
2,02E+11;18;4;22;2015;2;2;2;1;3;111;17  AVENUE PHILIPPE AUGU;M;4885070;239447;750
2,02E+11;18;4;23;2215;5;2;5;1;6;111;81  AVENUE PARMENTIER;M;4886510;237468;750
2,02E+11;18;4;24;1240;1;2;2;1;7;111;230  BOULEVARD VOLTAIRE;M;4885210;238958;750
2,02E+11;18;4;24;2010;1;2;1;1;7;111;122  RUE OBERKAMPF;M;4886620;237970;750
2,02E+11;18;4;27;1724;1;2;2;1;6;111;117  RUE DE CHARONNE;M;4885470;238535;750
2,02E+11;18;4;27;1730;1;2;3;1;3;111;111  BOULEVARD DE MENILM;M;4886530;238453;750
2,02E+11;18;4;28;2240;5;2;2;1;2;111;174  RUE DE LA ROQUETTE;M;4885930;238685;750
2,02E+11;18;5;2;1345;1;2;3;1;5;111;45  AVENUE PHILIPPE AUGU;M;4885230;239344;750
2,02E+11;18;5;2;2300;5;2;2;1;6;111;BOULEVARD VOLTAIRE;M;4885470;238535;750
2,02E+11;18;5;4;1545;1;2;2;1;6;111;44  BOULEVARD RICHARD LE;M;4885810;237164;750
2,02E+11;18;5;6;1440;1;2;1;1;3;111;90  AVENUE PARMENTIER;M;4886570;237422;750
2,02E+11;18;5;7;1830;1;2;1;1;2;111;215  RUE DU FAUBOURG SAI;M;4885050;238330;750
2,02E+11;18;5;9;1810;1;2;1;1;6;111;02  BOULEVARD BEAUMARCHA;M;4885470;236874;750
2,02E+11;18;5;9;2015;2;2;5;1;6;111;60  BOULEVARD VOLTAIRE;M;4886220;237277;750
2,02E+11;18;5;11;1050;1;2;1;1;2;111;97  AVENUE PARMENTIER;M;4886640;237365;750
2,02E+11;18;5;11;1700;1;2;7;1;3;111;1  PLACE LEON BLUM;M;4885770;238038;750
2,02E+11;18;5;11;1640;1;2;3;1;3;111;100  AVENUE DE LA REPUBL;M;4886360;238335;750
2,02E+11;18;5;15;1920;1;2;2;1;6;110;137  AVENUE PARMENTIER;M;4887000;237099;750
2,02E+11;18;5;16;1415;1;2;2;1;3;111;22  AVENUE DE LA REPUBLI;M;4886630;236884;750
2,02E+11;18;5;18;2250;5;2;5;1;6;111;196  RUE DU FAUBOURG SAI;M;4885010;238430;750
2,02E+11;18;5;19;2240;5;2;5;1;2;111;/  BOULEVARD DE CHARONNE;M;4885650;239423;750
2,02E+11;18;5;20;1905;1;2;4;1;3;111;29  RUE DU GRAND PRIEURE;M;4886650;236813;750
2,02E+11;18;5;23;855;1;2;1;1;3;111;63  AVENUE PARMENTIER;M;4886380;237563;750
2,02E+11;18;5;24;1019;1;2;4;1;2;111;2  BOULEVARD DES FILLES;M;4886070;236729;750
2,02E+11;18;5;24;950;1;2;4;1;6;111;149  AVENUE LEDRU ROLLIN;M;4885460;237800;750
2,02E+11;18;5;25;1505;1;2;3;1;3;111;127  RUE DU FAUBOURG SAI;M;4885100;237714;750
2,02E+11;18;5;25;2200;5;2;2;3;7;111;113  BOULEVARD DE CHARON;M;4885650;239423;750
2,02E+11;18;5;26;1030;1;2;3;1;6;111;59  RUE DU FAUBOURG SAIN;M;4885200;237342;750
2,02E+11;18;5;28;1925;2;2;1;3;6;111;113  RUE DU FAUBOURG SAI;M;4885120;237655;750
2,02E+11;18;5;29;1000;1;2;2;8;6;111;56  AVENUE DE LA REPUBLI;M;4886530;237452;750
2,02E+11;18;5;30;1122;1;2;2;8;3;111;140  RUE DE LA ROQUETTE;M;4885800;238147;750
2,02E+11;18;6;1;1130;1;2;1;1;3;111;110  RUE DE MONTREUIL;M;4885110;239747;750
2,02E+11;18;6;3;1155;1;2;2;1;6;103;33  BOULEVARD BEAUMARCHA;M;4885570;236848;750
2,02E+11;18;6;4;1840;1;2;2;1;3;111;137  RUE DE CHARONNE;M;4885510;238712;750
2,02E+11;18;6;5;1615;1;2;1;1;2;111;30  BOULEVARD RICHARD LE;M;4885680;237110;750
2,02E+11;18;6;6;2010;1;2;2;2;3;111;56  RUE DU CHEMIN VERT;M;4885940;237584;750
2,02E+11;18;6;6;2140;4;2;3;2;6;111;19  BOULEVARD DE BELLEVI;M;4886830;238135;750
2,02E+11;18;6;7;1055;1;2;2;1;3;111;129  BOULEVARD RICHARD L;M;4886630;236884;750
2,02E+11;18;6;7;2020;1;2;2;1;6;111;43  RUE ALEXANDRE DUMAS;M;4885380;239387;750
2,02E+11;18;6;8;1554;1;2;1;1;2;111;121  AVENUE LEDRU ROLLIN;M;4885390;237761;750
2,02E+11;18;6;11;1615;1;2;4;2;7;103;5  BOULEVARD DES FILLES;M;4886140;236714;750
2,02E+11;18;6;14;1800;1;2;2;1;6;111;110  BOULEVARD RICHARD L;M;4886420;237113;750
2,02E+11;18;6;14;2030;2;2;7;8;6;111;138  RUE DE LA ROQUETTE;M;4885790;238104;750
2,02E+11;18;6;16;1915;1;2;2;1;3;111;57  BOULEVARD DE BELLEVI;M;4887000;237908;750
2,02E+11;18;6;13;1530;1;2;1;1;6;111;2  RUE DU MARCHE POPINCO;M;4886430;237314;750
2,02E+11;18;6;12;1950;1;2;1;1;6;111;59  RUE DE LA ROQUETTE;M;4885600;237579;750
2,02E+11;18;6;17;953;1;2;1;1;3;111;RUE DE CHARONNE;M;4885250;237421;750
2,02E+11;18;6;11;935;1;2;3;2;7;111;108  AVENUE LEDRU ROLLIN;M;4885250;237678;750
2,02E+11;18;6;11;2055;1;2;2;1;3;111;0  RUE DE LA FONTAINE AU;M;4886840;237488;750
2,02E+11;18;6;19;1400;1;2;5;1;3;111;90BIS  AVENUE DE LA REPU;M;4886400;238129;750
2,02E+11;18;6;19;1655;1;2;1;1;6;111;97  AVENUE LEDRU ROLLIN;M;4885210;237654;750
2,02E+11;18;6;21;830;1;2;3;1;1;111;166  RUE DE LA ROQUETTE;M;4885880;238460;750
2,02E+11;18;6;21;2135;2;2;1;1;3;111;  BOULEVARD VOLTAIRE;M;4885360;238716;750
2,02E+11;18;6;23;10;5;2;2;1;3;111;RUE SAINT MAUR;M;4886840;237488;750
2,02E+11;18;6;23;1435;1;2;7;1;6;111;130  BOULEVARD VOLTAIRE;M;4885830;237933;750
2,02E+11;18;6;26;1005;1;2;1;1;2;111;16BIS  AVENUE PARMENTIER;M;4885960;237912;750
2,02E+11;18;6;25;2050;1;2;2;1;3;111;9  RUE FROMENT;M;4885720;237278;750
2,02E+11;18;6;26;1805;1;2;2;1;3;111;135  RUE DE CHARONNE;M;4885510;238712;750
2,02E+11;18;6;27;1530;1;2;4;1;6;111;58  RUE VOLTAIRE;M;4886220;237277;750
2,02E+11;18;6;28;925;1;2;2;1;3;111;138  BOULEVARD RICHARD L;M;4886620;236963;750
2,02E+11;18;6;28;1525;1;2;2;1;3;111;1  AVENUE DE TAILLEBOURG;M;4884910;239703;750
2,02E+11;18;6;28;1720;1;2;2;1;3;111;59  RUE DU CHEMIN VERT;M;4885980;237685;750
2,02E+11;18;7;1;1515;1;2;2;1;2;111;151  BOULEVARD DE CHARON;M;4885840;238940;750
2,02E+11;18;7;2;1900;1;2;2;1;3;111;199  BOULEVARD VOLTAIRE;M;4885290;238851;750
2,02E+11;18;7;3;1204;1;2;5;1;6;111;107  AVENUE DE LA REPUBL;M;4886290;238742;750
2,02E+11;18;7;4;320;5;2;1;1;6;111;4  PASSAGE THIERE;M;4885340;237476;750
2,02E+11;18;7;5;2310;5;2;2;1;6;111;RUE LEON FROT;M;4885600;238625;750
2,02E+11;18;7;6;1510;1;2;2;1;3;111;BOULEVARD RICHARD LENOIR;M;4885810;237164;750
2,02E+11;18;7;8;1350;1;2;2;1;3;111;73  BOULEVARD VOLTAIRE;M;4886070;237525;750
2,02E+11;18;7;9;1418;1;2;7;1;2;111;PLACE DE LA NATION;M;4884890;239606;750
2,02E+11;18;7;9;2000;1;2;2;1;6;111;33  BOULEVARD VOLTAIRE;M;4886440;236901;750
2,02E+11;18;7;10;2025;1;2;2;1;6;111;AVENUE DU TRONE;M;4884850;239747;750
2,02E+11;18;7;11;2210;5;2;1;1;2;111;113  BOULEVARD DE MENILM;M;4886550;238422;750
2,02E+11;18;7;12;1949;1;2;1;1;1;111;47  RUE BASFROI;M;4885630;237820;750
2,02E+11;18;7;13;1840;1;2;1;1;7;111;14  AVENUE PARMENTIER;M;4885950;237920;750
2,02E+11;18;7;15;110;5;2;4;1;6;111;197  RUE LEON FROT;M;4885290;238851;750
2,02E+11;18;7;16;1500;1;2;1;1;2;111;11  AVENUE PHILIPPE AUGU;M;4885020;239478;750
2,02E+11;18;7;19;745;1;2;2;1;3;111;RUE JEAN PIERRE TIMBAUD;M;4886510;236701;750
2,02E+11;18;7;26;930;1;2;2;1;3;111;BOULEVARD RICHARD LENOIR;M;4886200;237644;750
2,02E+11;18;7;26;1310;1;2;1;1;6;111;RUE DU FAUBOURG DU TEMPL;;;;750
2,02E+11;18;7;27;1045;1;2;3;1;3;111;AVENUE DE LA REPUBLIQUE;M;4886000;238000;750
2,02E+11;18;7;31;1315;1;2;4;1;3;111;RUE SAINT MAUR;M;4885863;238338;750
2,02E+11;18;8;2;1900;1;2;2;1;2;111;AVENUE PARMENTIER;M;4886507;237482;750
2,02E+11;18;8;3;38;5;2;6;1;3;111;PLACE LEON BLUM;M;4885700;238000;750
2,02E+11;18;8;3;800;1;2;2;1;3;111;AVENUE DE LA REPUBLIQUE;M;4886416;238153;750
2,02E+11;18;8;6;2055;2;2;2;1;6;111;BOULEVARD DE MENILMONTAN;M;4885988;238878;750
2,02E+11;18;8;8;35;5;2;7;1;6;111;AVENUE DE LA REPUBLIQUE;M;4886700;236625;750
2,02E+11;18;8;12;915;1;2;2;1;6;111;AVENUE PARMENTIER;M;4886494;237496;750
2,02E+11;18;8;12;1930;1;2;3;1;7;111;AVENUE DE LA REPUBLIQUE;M;4886627;236843;750
2,02E+11;18;8;19;1338;1;2;4;1;6;111;RUE DU FAUBOURG SAINT AN;M;4885054;238007;750
2,02E+11;18;8;24;1545;1;2;1;1;2;111;RUE DU FAUBOURG SAINT AN;M;4885239;237219;750
2,02E+11;18;8;27;920;1;2;3;8;7;111;BOULEVARD BEAUMARCHAIS;M;4885938;236790;750
2,02E+11;18;8;28;215;5;2;1;1;2;111;RUE DE LA ROQUETTE;M;4851000;221000;750
2,02E+11;18;9;3;1615;1;2;3;1;6;111;RUE DE LAPPE;M;4885374;237251;750
2,02E+11;18;9;3;1810;1;2;2;1;5;111;BOULEVARD JULES FERRY;M;4886669;236845;750
2,02E+11;18;9;3;2140;5;2;7;1;3;111;PLACE LEON BLUM;M;4885788;238039;750
2,02E+11;18;9;3;2249;5;2;2;1;3;111;RUE OBERKAMPF;M;4886450;237304;750
2,02E+11;18;9;6;1025;1;2;2;1;6;111;RUE SAINT MAUR;M;;;750
2,02E+11;18;9;7;1000;1;2;7;2;3;111;PLACE DE LA NATION;M;4884888;239746;750
2,02E+11;18;9;12;1345;1;2;1;1;6;111;BOULEVARD VOLTAIRE;M;4886152;237424;750
2,02E+11;18;9;13;1345;1;2;7;8;6;111;BOULEVARD RICHARD LENOIR;M;4885300;236960;750
2,02E+11;18;9;13;1925;2;2;2;1;6;111;AVENUE LEDRU ROLLIN;M;4885570;237851;750
2,02E+11;18;9;14;1850;1;2;1;1;6;111;BOULEVARD VOLTAIRE;M;;;750
2,02E+11;18;9;14;2245;5;2;1;1;6;111;RUE SAINT MAUR;M;;;750
2,02E+11;18;9;17;1640;1;2;2;1;3;111;BOULEVARD VOLTAIRE;M;4886000;228000;750
2,02E+11;18;9;19;1230;1;2;4;1;3;111;BOULEVARD RICHARD LENOIR;M;4885800;237125;750
2,02E+11;18;9;20;10;5;2;1;1;6;111;RUE DU FAUBOURG SAINT AN;M;4885249;237181;750
2,02E+11;18;9;21;1804;1;2;3;1;2;111;RUE DU FAUBOURG SAINT AN;M;4884920;239020;750
2,02E+11;18;9;22;2000;4;2;1;2;6;111;AVENUE PHILIPPE AUGUSTE;M;4885636;239098;750
2,02E+11;18;9;23;510;5;2;3;2;6;111;AVENUE DE LA REPUBLIQUE;M;4886345;238325;750
2,02E+11;18;9;23;2200;5;2;4;1;6;111;AVENUE DE LA REPUBLIQUE;M;4886319;238497;750
2,02E+11;18;9;27;1640;1;2;1;1;6;111;BOULEVARD DE CHARONNE;M;4885719;239279;750
2,02E+11;18;9;29;2045;5;2;7;1;6;120;PLACE DE LA PORTE DE MON;M;;;750
2,02E+11;18;10;1;1405;1;2;7;1;3;111;AVENUE PHILIPPE AUGUSTE;M;4884900;239500;750
2,02E+11;18;10;2;1845;5;2;2;2;3;112;RUE DE LYON;M;4884801;237169;750
2,02E+11;18;10;3;2030;5;2;2;1;3;111;RUE DE L ORILLON;M;4887065;237802;750
2,02E+11;18;10;4;1050;1;2;1;1;6;111;RUE DE CHARONNE;M;4885489;238577;750
2,02E+11;18;10;4;1325;1;2;3;1;7;111;AVENUE PARMENTIER;M;4886914;237185;750
2,02E+11;18;10;7;1140;1;2;7;2;6;111;RUE DE LA ROQUETTE;M;4805769;238089;750
2,02E+11;18;10;7;1310;1;2;3;2;3;111;AVENUE PARMENTIER;M;4886383;237549;750
2,02E+11;18;10;7;1830;1;2;2;8;6;111;BOULEVARD VOLTAIRE;M;4885987;237643;750
2,02E+11;18;10;8;850;1;2;2;1;6;111;AVENUE PARMENTIER;M;4886490;237470;750
2,02E+11;18;10;8;1820;1;2;3;1;7;111;RUE DE CHARONNE;M;4885546;238991;750
2,02E+11;18;10;9;1750;1;2;3;1;3;111;BOULEVARD DU TEMPLE;M;4886640;236485;750
2,02E+11;18;10;11;1430;1;2;1;1;6;111;BOULEVARD BEAUMARCHAIS;M;4886000;234000;750
2,02E+11;18;10;12;1345;1;2;3;8;6;111;RUE OBERKAMPF;M;4886614;237909;750
2,02E+11;18;10;15;4;5;2;2;1;6;111;RUE SERVAN;M;4886046;238330;750
2,02E+11;18;10;15;1035;1;2;2;1;6;111;AVENUE PARMENTIER;M;4885719;239279;750
2,02E+11;18;10;15;1250;1;2;5;1;6;111;AVENUE DE LA REPUBLIQUE;M;4886000;233000;750
2,02E+11;18;10;17;830;1;2;3;1;3;111;CITE VOLTAIRE;M;4886000;233000;750
2,02E+11;18;10;17;1640;1;2;2;1;2;111;RUE BASFROI;M;4885591;237845;750
2,02E+11;18;10;17;2020;5;2;2;1;3;111;BOULEVARD VOLTAIRE;M;4885248;238914;750
2,02E+11;18;10;18;1240;1;2;1;1;6;111;BOULEVARD VOLTAIRE;M;4886272;228759;750
2,02E+11;18;10;18;1613;1;2;3;1;3;111;AVENUE PARMENTIER;M;4886388;237575;750
2,02E+11;18;10;19;920;1;2;1;8;3;111;BOULEVARD RICHARD LENOIR;M;4886500;237000;750
2,02E+11;18;10;21;5;5;2;2;1;3;111;RUE DU MOULIN JOLY;M;4887117;237666;750
2,02E+11;18;10;24;1520;1;2;1;1;3;111;AVENUE DE LA REPUBLIQUE;M;4885340;234880;750
2,02E+11;18;10;29;2025;5;2;5;8;6;111;RUE DU CHEMIN VERT;M;4885787;237126;750
2,02E+11;18;10;31;845;1;2;1;1;6;111;RUE DE CHARONNE;M;4885485;238572;750
2,02E+11;18;11;1;2010;5;2;3;8;3;111;AVENUE PARMENTIER;M;4885881;237949;750
2,02E+11;18;11;2;1650;1;2;3;1;7;111;RUE JEAN PIERRE TIMBAUD;M;4885340;234880;750
2,02E+11;18;11;3;1400;1;2;7;1;3;111;PLACE DE LA BASTILLE;M;4885337;236935;750
2,02E+11;18;11;3;2110;5;2;3;1;6;111;RUE SAINT MAUR;M;4886248;237990;750
2,02E+11;18;11;4;1745;2;2;2;1;6;111;RUE DE CHARONNE;M;4885630;239399;750
2,02E+11;18;11;7;910;1;2;3;2;3;111;AVENUE DE LA REPUBLIQUE;M;4886374;238232;750
2,02E+11;18;11;7;950;1;2;3;2;6;111;BOULEVARD VOLTAIRE;M;4886610;236625;750
2,02E+11;18;11;7;1405;1;2;2;2;6;111;AVENUE DE LA REPUBLIQUE;M;4886000;237000;750
2,02E+11;18;11;7;1400;1;2;2;2;7;111;AVENUE DE LA REPUBLIQUE;M;4886473;237835;750
2,02E+11;18;11;8;1000;1;2;7;1;6;111;PLACE DE LA REPUBLIQUE;M;4886738;236525;750
2,02E+11;18;11;9;1650;1;2;2;1;6;111;AVENUE PARMENTIER;M;4885900;234800;750
2,02E+11;18;11;9;2205;5;2;2;1;6;111;BOULEVARD VOLTAIRE;M;4886440;236901;750
2,02E+11;18;11;13;1220;1;2;3;1;5;111;RUE SAINT MAUR;M;4886143;238096;750
2,02E+11;18;11;13;1540;1;2;3;1;6;111;RUE DE LA ROQUETTE;M;4886038;239259;750
2,02E+11;18;11;13;2030;5;2;3;1;3;111;RUE SAINT MAUR;M;4885919;238291;750
2,02E+11;18;11;13;525;5;2;2;1;3;111;BOULEVARD DES FILLES DU;M;4886252;236701;750
2,02E+11;18;11;14;1430;1;2;2;1;3;111;RUE DE CHARONNE;M;4885257;237418;750
2,02E+11;18;11;18;1300;1;2;2;8;6;111;RUE SEDAINE;M;4885865;237844;750
2,02E+11;18;11;18;1445;1;2;4;1;7;111;BOULEVARD VOLTAIRE;M;4886068;237556;750
2,02E+11;18;11;19;1720;5;2;1;2;6;111;AVENUE DE LA REPUBLIQUE;M;4886297;238588;750
2,02E+11;18;11;17;2130;5;2;5;1;3;111;RUE DE MONTREUIL;M;4885042;238648;750
2,02E+11;18;11;20;2135;5;2;3;8;3;111;RUE DE CHARONNE;M;4885565;239009;750
2,02E+11;18;11;21;1450;1;2;1;1;6;111;BOULEVARD RICHARD LENOIR;M;4886578;236904;750
2,02E+11;18;11;22;800;1;2;3;5;2;111;BOULEVARD VOLTAIRE;M;4885000;234000;750
2,02E+11;18;11;23;1154;1;2;1;1;6;111;RUE SAINT SEBASTIEN;M;4886000;228000;750
2,02E+11;18;11;25;500;5;2;3;2;3;111;RUE CHANZY;M;4885000;238200;750
2,02E+11;18;11;26;825;1;2;2;8;6;111;RUE OBERKAMPF;M;4886386;237034;750
2,02E+11;18;11;26;1545;1;2;2;2;6;111;BOULEVARD DU TEMPLE;M;4886466;236584;750
2,02E+11;18;11;26;1745;5;2;2;2;6;111;BOULEVARD VOLTAIRE;M;4885035;239303;750
2,02E+11;18;11;27;1725;4;2;3;2;2;111;RUE FAIDHERBE;M;4886000;227000;750
2,02E+11;18;12;2;105;5;2;3;2;6;120;AVENUE GAMBETTA;M;4886398;239164;750
2,02E+11;18;12;3;1815;5;2;3;2;4;111;AVENUE DE LA REPUBLIQUE;M;4886302;238563;750
2,02E+11;18;12;8;250;5;2;2;1;3;111;BOULEVARD VOLTAIRE;M;4885260;238894;750
2,02E+11;18;12;9;1355;1;2;2;2;3;111;AVENUE PARMENTIER;M;4886030;237870;750
2,02E+11;18;12;10;740;2;2;2;2;6;111;BOULEVARD DE MENILMONTAN;M;4886708;238316;750
2,02E+11;18;12;12;1200;1;2;2;1;3;111;RUE DE LA ROQUETTE;M;4885850;238365;750
2,02E+11;18;12;12;1115;1;2;1;1;6;111;BOULEVARD VOLTAIRE;M;4885427;238633;750
2,02E+11;18;12;14;720;5;2;7;1;6;111;RUE DE LA ROQUETTE;M;4885000;228000;750
2,02E+11;18;12;15;2140;5;2;3;3;6;111;AVENUE PHILIPPE AUGUSTE;M;4886272;228759;750
2,02E+11;18;12;16;1715;5;2;3;1;2;111;RUE DU FAUBOURG SAINT AN;M;4885074;237902;750
2,02E+11;18;12;16;2100;5;2;3;1;6;111;BOULEVARD DE MENILMONTAN;M;4886486;238500;750
2,02E+11;18;12;17;1110;1;2;2;1;3;111;BOULEVARD RICHARD LENOIR;M;4885000;234000;750
2,02E+11;18;12;17;1905;5;2;1;1;7;111;RUE DU FAUBOURG SAINT AN;M;4885252;237206;750
2,02E+11;18;12;18;2025;5;2;4;1;6;111;AVENUE DE LA REPUBLIQUE;M;4886669;236720;750
2,02E+11;18;12;19;940;1;2;1;1;3;111;AVENUE LEDRU ROLLIN;M;4885211;237646;750
2,02E+11;18;12;20;1845;5;2;2;1;6;111;AVENUE PARMENTIER;M;4886723;237327;750
2,02E+11;18;12;20;2320;5;2;2;1;6;111;BOULEVARD VOLTAIRE;M;4886498;36791;750
2,02E+11;18;12;21;310;5;2;7;2;7;111;BOULEVARD RICHARD LENOIR;M;4885380;236982;750
2,02E+11;18;12;21;1745;5;2;3;1;6;111;AVENUE PARMENTIER;M;4880000;229000;750
2,02E+11;18;12;22;555;5;2;2;1;3;111;RUE OBERKAMPF;M;4886423;237120;750
2,02E+11;18;12;22;1830;5;2;4;1;3;111;AVENUE DE LA REPUBLIQUE;M;4885340;234880;750
2,02E+11;18;12;23;2125;5;2;3;2;2;111;BOULEVARD DES FILLES DU;M;4886242;236718;750
2,02E+11;18;12;26;1730;5;2;2;1;3;111;RUE SAINT MAUR;M;4885948;228263;750
2,02E+11;18;12;27;1805;1;2;3;1;6;111;RUE DE CHARONNE;M;4885255;237411;750
2,02E+11;18;12;27;2100;5;2;2;1;6;111;BOULEVARD VOLTAIRE;M;4886172;237322;750
2,02E+11;18;12;31;1325;1;2;3;1;6;112;QUAI DE BERCY;M;4883020;238621;750
2,02E+11;18;1;1;2240;5;2;4;2;3;112;AVENUE DAUMESNIL;M;4884000;243217;750
2,02E+11;18;1;5;1450;1;2;1;2;6;112;116  COURS DE VINCENNES;M;4884680;241035;750
2,02E+11;18;1;10;330;5;2;2;2;3;112;RUE JOSEPH KESSEL;M;4883370;238244;750
2,02E+11;18;1;11;1835;2;2;4;1;3;112;RUE DU GENERAL DE LANGLE;M;4882810;239224;750
2,02E+11;18;1;12;1800;5;2;1;1;2;112;QUAI DE BERCY;M;4883570;237938;750
2,02E+11;18;1;13;1015;1;2;4;1;2;112;SOUTERRAIN VAN GOGH;M;4884360;237102;750
2,02E+11;18;1;14;1530;1;2;7;1;3;112;1  PLACE EDOUARD RENARD;M;4883550;240668;750
2,02E+11;18;1;15;1140;1;2;2;2;3;112;AVENUE DES CANADIENS;M;4881710;245896;750
2,02E+11;18;1;16;800;2;2;4;8;6;112;10  RUE PLEYEL;M;4884000;239174;750
2,02E+11;18;1;16;950;1;2;2;8;6;112;74  BOULEVARD DIDEROT;M;4884680;238170;750
2,02E+11;18;1;18;1750;5;2;3;1;7;112;97  AVENUE DAUMESNIL;M;4884530;237945;750
2,02E+11;18;1;20;1025;1;2;3;2;7;112;75  AVENUE DAUMESNIL;M;4884600;237799;750
2,02E+11;18;1;21;1510;1;2;4;3;3;112;RUE DU GENERAL DE LANGLE;M;4882940;239032;750
2,02E+11;18;1;22;1000;1;2;1;2;6;112;BOULEVARD PERIPHERIQUE;M;4883220;240526;750
2,02E+11;18;1;24;1925;5;2;2;1;6;112;80  AVENUE DAUMESNIL;M;4884430;238153;750
2,02E+11;18;1;24;2128;5;2;2;1;1;112;33  RUE DE REUILLY;M;4884740;238675;750
2,02E+11;18;1;25;110;5;2;7;2;6;112;RUE DE LYON;M;4885260;236962;750
2,02E+11;18;1;25;645;5;2;2;2;6;112;24  RUE CHALIGNY;M;4884700;238376;750
2,02E+11;18;1;25;1930;5;2;3;2;6;112;18BIS  BOULEVARD DE LA B;M;4884810;236759;750
2,02E+11;18;1;26;710;1;2;4;8;6;112;AVENUE DU TREMBLAY;M;4883750;245197;750
2,02E+11;18;1;26;2033;5;2;3;1;1;112;185  RUE DE BERCY;M;4884440;237232;750
2,02E+11;18;1;27;1515;1;2;1;1;2;112;4 BIS  RUE DE LYON;M;4884630;237216;750
2,02E+11;18;1;27;2008;5;2;1;1;6;112;278  RUE DU FAUBOURG SAI;M;4884870;239388;750
2,02E+11;18;1;28;1820;5;2;2;1;3;112;RUE JOSEPH KESSEL;M;4883370;238244;750
2,02E+11;18;1;29;1935;5;2;3;1;3;112;21  RUE DE PICPUS;M;4884630;239443;750
2,02E+11;18;1;30;1735;5;2;1;1;3;112;BOULEVARD DE BERCY;M;4883960;238446;750
2,02E+11;18;1;31;1020;1;2;2;2;6;112;107  RUE DE REUILLY;M;4884100;239403;750
2,02E+11;18;1;31;1345;1;2;3;3;1;112;23  RUE ANTOINE JULIEN H;M;4884270;238979;750
2,02E+11;18;1;31;2015;5;2;2;2;3;112;72  BOULEVARD DIDEROT;M;4884680;238170;750
2,02E+11;18;2;6;1;5;2;3;2;6;111;16  AVENUE DE BOUVINES;M;4885090;239641;750
2,02E+11;18;2;6;835;1;2;1;4;2;112;ROUTE DE LA PYRAMIDE;M;4883530;244317;750
2,02E+11;18;2;6;1550;1;2;1;4;3;112;AVENUE DE LA PORTE DE CH;M;4883040;239982;750
2,02E+11;18;2;10;1645;1;2;1;8;6;112;44  BOULEVARD DIDEROT;M;4884640;237835;750
2,02E+11;18;2;10;1825;2;2;1;1;6;112;16  RUE DE LA VOUTE;M;4884550;240702;750
2,02E+11;18;2;12;550;5;2;7;1;7;111;1  PLACE DE LA NATION;M;4884880;239531;750
2,02E+11;18;2;12;810;1;2;7;1;7;112;8  PLACE FELIX EBOUE;M;4883920;239668;750
2,02E+11;18;2;14;1050;1;2;7;1;7;112;/  PLACE DE LA NATION;M;4884820;239432;750
2,02E+11;18;2;14;1800;5;2;2;1;3;112;96  QUAI DE LA RAPEE;M;4884580;236760;750
2,02E+11;18;2;15;1445;1;2;4;2;6;112;10  RUE DE PRAGUE;M;4885050;237570;750
2,02E+11;18;2;16;850;1;2;3;1;3;112;123  RUE DE REUILLY;M;4884100;239403;750
2,02E+11;18;2;16;1545;1;2;3;1;6;112;34  AVENUE DU DOCTEUR AR;M;4884330;240537;750
2,02E+11;18;2;17;30;5;2;1;1;6;112;AVENUE DAUMESNIL;M;4883400;241092;750
2,02E+11;18;2;17;1655;2;2;4;1;2;112;RUE ESCOFFIER;M;4882650;239046;750
2,02E+11;18;2;18;1520;1;2;1;1;3;112;RUE JOSEPH KESSEL;M;4883450;238392;750
2,02E+11;18;2;18;1645;1;2;5;7;6;112;BOULEVARD PONIATOWSKI;M;4883550;240668;750
2,02E+11;18;2;18;1924;5;2;4;1;2;112;AVENUE DE SAINT MAURICE;M;4882650;241972;750
2,02E+11;18;2;20;900;1;2;1;8;2;112;QUAI DE BERCY;M;4883620;237883;750
2,02E+11;18;3;2;1005;1;2;3;2;6;112;52  BOULEVARD DIDEROT;M;4884650;237929;750
2,02E+11;18;3;2;1840;5;2;2;1;3;112;/  PONT D AUSTERLITZ;M;4884540;236684;750
2,02E+11;18;3;3;1540;1;2;1;1;3;112;ROUTE DE LA PYRAMIDE;M;4883550;244298;750
2,02E+11;18;3;8;630;2;2;3;8;1;111;79  RUE DU FAUBOURG SAIN;M;4885160;237480;750
2,02E+11;18;3;9;815;1;2;2;2;3;112;155  RUE DE BERCY;M;4884220;237635;750
2,02E+11;18;3;9;945;1;2;2;2;6;112;58  QUAI DE LA RAPEE;M;4884340;237071;750
2,02E+11;18;3;9;1346;1;2;7;1;6;112;4  PLACE DU COLONEL BOUR;M;4884480;238298;750
2,02E+11;18;3;10;1120;1;2;3;2;6;112;33  BOULEVARD PONIATOWSK;M;4883270;239983;750
2,02E+11;18;3;11;325;5;2;1;3;6;112;32  RUE DU FAUBOURG SAIN;M;4885250;237178;750
2,02E+11;18;3;12;1615;1;2;3;1;6;112;32  QUAI DE LA RAPEE;M;4884090;237384;750
2,02E+11;18;3;13;1510;1;2;2;1;2;112;RUE PROUDHON;M;4883710;239000;750
2,02E+11;18;3;16;1245;1;2;2;3;3;112;01  RUE DE DIJON;M;4883530;238537;750
2,02E+11;18;3;17;1634;1;2;2;4;3;112;78  AVENUE LEDRU ROLLIN;M;4884960;237428;750
2,02E+11;18;3;18;1310;1;2;1;1;7;112;RUE ROBERT ETLIN;M;4882810;238901;750
2,02E+11;18;3;18;2245;5;2;1;4;3;112;12  RUE DU FAUBOURG SAIN;M;4885290;237097;750