Num_Acc;an;mois;jour;hrmn;lum;agg;int;atm;col;com;adr;gps;lat;long;dep
2,02E+11;18;3;19;1650;1;2;1;8;6;112;23  AVENUE DE NOGENT   V;M;4884440;243988;750
2,02E+11;18;3;20;1250;1;2;2;1;3;112;50  BOULEVARD DIDEROT;M;4884650;237899;750
2,02E+11;18;3;21;905;1;2;3;1;3;112;AVENUE DAUMESNIL;M;4884870;237253;750
2,02E+11;18;3;21;1225;1;2;4;1;2;112;QUAI DE BERCY;M;4883670;237816;750
2,02E+11;18;3;23;1930;5;2;2;1;3;112;AVENUE DAUMESNIL;M;4884870;237253;750
2,02E+11;18;3;24;1540;1;2;1;1;1;112;53  AVENUE DE SAINT MAUR;M;4883090;242054;750
2,02E+11;18;3;24;1945;3;2;1;1;6;112;60  COURS DE VINCENNES;M;4884730;240420;750
2,02E+11;18;3;25;1945;1;2;4;1;3;112;78  RUE DE BERCY;M;4883770;238255;750
2,02E+11;18;3;25;2035;5;2;1;1;6;112;17  RUE PARROT;M;4884700;237480;750
2,02E+11;18;3;27;1310;1;2;3;2;6;112;246  RUE DU FAUBOURG SAI;M;4884930;239008;750
2,02E+11;18;3;27;2340;5;2;4;1;3;111;9  AVENUE DE LA REPUBLIQ;M;4886650;236813;750
2,02E+11;18;3;29;815;1;2;7;1;6;112;23  RUE FABRE D EGLANTIN;M;4884730;239572;750
2,02E+11;18;3;30;1410;1;2;1;8;6;112;80  BOULEVARD DE PICPUS;M;4884570;240149;750
2,02E+11;18;3;31;1336;1;2;5;1;2;112;RUE DE LYON;M;4884670;237201;750
2,02E+11;18;4;1;1620;1;2;2;1;6;112;237  RUE DE CHARENTON;M;4883740;239117;750
2,02E+11;18;4;2;2220;5;2;3;2;3;112;271  AVENUE DAUMESNIL;M;4883590;240564;750
2,02E+11;18;4;6;910;1;2;2;1;3;112;QUAI DE LA RAPEE;M;4884340;237071;750
2,02E+11;18;4;7;315;5;2;3;1;6;112;46  RUE DU FAUBOURG SAIN;M;4885210;237286;750
2,02E+11;18;4;7;1205;1;2;2;1;6;112;RUE DU FAUBOURG SAINT AN;M;4885130;237612;750
2,02E+11;18;4;7;2010;2;2;6;1;2;112;CARREFOUR DE BEAUTE;M;4882720;246446;750
2,02E+11;18;4;7;2030;2;2;1;1;6;112;BOULEVARD PERIPHERIQUE E;M;4884430;241412;750
2,02E+11;18;4;8;2345;5;2;1;1;6;112;20BIS  BOULEVARD DE LA B;M;4884840;236772;750
2,02E+11;18;4;10;710;1;2;1;1;2;112;QUAI DE BERCY;M;4883740;237749;750
2,02E+11;18;4;10;940;1;2;1;1;7;112;59  BOULEVARD PONIATOWSK;M;4883310;240133;750
2,02E+11;18;4;10;2115;5;2;1;2;3;112;104  ROUTE DE LA PYRAMID;M;4883760;244006;750
2,02E+11;18;4;11;1110;1;2;4;1;6;112;253 BIS  AVENUE DAUMESNI;M;4883710;240219;750
2,02E+11;18;4;11;1930;1;2;4;1;3;112;AVENUE DU TREMBLAY;M;4883250;245706;750
2,02E+11;18;4;11;2050;5;2;3;1;6;112;148  AVENUE DAUMESNIL;M;4884060;239117;750
2,02E+11;18;4;12;1330;1;2;1;8;6;112;15  RUE PAUL HENRI GRAUW;M;4884520;237738;750
2,02E+11;18;4;12;1900;1;2;7;2;6;112;ROUTE DE LA PYRAMIDE;M;4883400;244485;750
2,02E+11;18;4;14;410;5;2;1;1;1;112;ROUTE DE LA PYRAMIDE;M;4882490;245685;750
2,02E+11;18;4;14;1420;1;2;1;1;6;112;94  BOULEVARD PONIATOWSK;M;4883420;240424;750
2,02E+11;18;4;15;1655;1;2;1;1;2;112;32  AVENUE DU GENERAL MI;M;4883380;239961;750
2,02E+11;18;4;16;2230;5;2;3;1;6;112;29  BOULEVARD DE REUILLY;M;4883920;239194;750
2,02E+11;18;4;17;1730;1;2;7;1;6;112;CARREFOUR DE PYRAMIDE;M;4883400;244485;750
2,02E+11;18;4;19;1700;1;2;5;1;3;112;BOULEVARD PONIATOWSKI;M;4883180;239765;750
2,02E+11;18;4;19;2343;5;2;7;1;3;112;PLACE DE LA BASTILLE;M;4885260;236962;750
2,02E+11;18;4;20;2335;5;2;3;1;1;112;AVENUE DAUMESNIL;M;4883410;241066;750
2,02E+11;18;4;21;925;1;2;1;1;6;112;ROUTE DE LA PYRAMIDE;M;4883060;244971;750
2,02E+11;18;4;21;1820;1;2;1;1;5;112;QUAI DE BERCY;M;4883600;237901;750
2,02E+11;18;4;21;2020;1;2;1;1;4;112;XII-13549  QUAI DE BERCY;M;4883810;237708;750
2,02E+11;18;4;21;2030;2;2;4;1;3;112;QUAI DE BERCY;M;4882790;238870;750
2,02E+11;18;4;22;145;5;2;5;1;3;112;AVENUE DE SAINT MANDE;M;4884470;240572;750
2,02E+11;18;4;22;1350;1;2;3;1;6;112;GARE DE BERCY;M;4884570;237241;750
2,02E+11;18;4;23;910;1;2;1;1;2;112;100  QUAI DE LA RAPEE;M;4884620;236712;750
2,02E+11;18;4;23;1925;1;2;1;1;3;112;ROUTE DE CEINTURE DU LAC;M;4883250;241513;750
2,02E+11;18;4;24;1830;1;2;1;1;3;112;59  BOULEVARD PONIATOWSK;M;4883310;240133;750
2,02E+11;18;4;25;1255;1;2;1;1;1;112;252  RUE DU FAUBOURG SAI;M;4884910;239087;750
2,02E+11;18;4;26;2155;5;2;1;1;3;112;61  AVENUE DE SAINT MAND;M;4884520;239912;750
2,02E+11;18;4;27;2130;5;2;3;1;3;112;11  AVENUE DU DOCTEUR AR;M;4884160;240486;750
2,02E+11;18;4;28;2100;4;2;3;1;3;112;259 BIS  AVENUE DAUMESNI;M;4883650;240405;750
2,02E+11;18;4;30;622;5;2;2;2;6;112;QUAI DE LA RAPEE;M;4884580;236760;750
2,02E+11;18;4;30;1250;1;2;1;3;2;112;AVENUE DE NOGENT;M;4884110;245210;750
2,02E+11;18;4;30;1435;1;2;2;3;6;112;269  RUE DE CHARENTON;M;4883530;239275;750
2,02E+11;18;4;30;1830;1;2;3;2;6;112;259  AVENUE DAUMESNIL;M;4883650;240405;750
2,02E+11;18;5;1;1820;1;2;2;1;6;112;13  RUE ABEL;M;4884730;237529;750
2,02E+11;18;5;1;2030;2;2;2;1;3;112;AVENUE DAUMESNIL;M;4884870;237253;750
2,02E+11;18;5;3;1720;1;2;1;1;2;112;97  RUE DE REUILLY;M;4884380;239074;750
2,02E+11;18;5;4;830;1;2;1;1;3;112;AVENUE DU TREMBLAY;M;4883410;245493;750
2,02E+11;18;5;4;940;1;2;1;1;2;112;40  BOULEVARD DE LA BAST;M;4885070;236878;750
2,02E+11;18;5;4;930;1;2;7;1;3;112;ESPLANADE SAINT LOUIS;M;4884020;243645;750
2,02E+11;18;5;5;1010;1;2;1;1;7;112;AVENUE DAUMESNIL;M;4883370;241554;750
2,02E+11;18;5;5;1405;1;2;3;1;3;112;ROUTE DE LA TOURELLE;M;4884280;242330;750
2,02E+11;18;5;6;1740;1;2;1;1;2;112;78  QUAI DE LA RAPEE;M;4884420;236970;750
2,02E+11;18;5;7;1300;1;2;1;1;6;112;RUE PROUDHON;M;4883680;238894;750
2,02E+11;18;5;8;10;5;2;2;1;6;112;33  RUE DE REUILLY;M;4884740;238675;750
2,02E+11;18;5;9;930;1;2;1;1;6;112;48  QUAI DE LA RAPEE;M;4884220;237238;750
2,02E+11;18;5;9;1045;1;2;1;1;2;112;58  AVENUE DU DOCTEUR AR;M;4884530;240583;750
2,02E+11;18;5;9;2110;2;2;2;1;3;112;RUE PROUDHON;M;4883740;239117;750
2,02E+11;18;5;11;1910;1;2;1;1;2;112;AVENUE DE NOGENT;M;4884000;245621;750
2,02E+11;18;5;11;2040;1;2;1;1;3;112;7  AVENUE DU GENERAL LAP;M;4883410;240701;750
2,02E+11;18;5;14;1830;1;2;1;2;3;112;ROUTE DE LA PYRAMIDE;M;4883010;245048;750
2,02E+11;18;5;15;915;1;2;1;8;1;112;ROUTE DE CEINTURE DU LAC;M;4883140;241688;750
2,02E+11;18;5;16;1;5;2;7;1;3;112;ESPLANADE SAINT LOUIS;M;4884020;243645;750
2,02E+11;18;5;18;1615;1;2;1;1;6;112;50  BOULEVARD DE PICPUS;M;4884350;240188;750
2,02E+11;18;5;22;1400;1;2;1;8;3;111;190  RUE DU FAUBOURG SAI;M;4885020;238349;750
2,02E+11;18;5;27;140;5;2;3;1;3;112;150  BOULEVARD DIDEROT;M;4884780;239057;750
2,02E+11;18;5;28;823;1;2;7;1;3;112;5  PLACE LACHAMBEAUDIE;M;4883570;238605;750
2,02E+11;18;5;28;800;1;2;1;1;3;112;97  RUE DE REUILLY;M;4884380;239074;750
2,02E+11;18;5;29;1200;1;2;4;2;6;112;AVENUE DE NOGENT;M;4884430;244043;750
2,02E+11;18;5;30;900;1;2;1;1;2;112;PONT D AUSTERLITZ;M;4884500;236617;750
2,02E+11;18;5;30;1415;1;1;1;1;6;112;BOULEVARD PERIPHERIQUE I;M;4884070;241346;750
2,02E+11;18;5;30;2000;1;2;2;1;3;112;211  RUE DE BERCY;M;4884550;237124;750
2,02E+11;18;5;31;1735;1;2;1;1;6;112;10BIS  RUE CHALIGNY;M;4884570;238353;750
2,02E+11;18;6;1;1315;1;2;2;1;6;112;SOUTERRAIN VAN GOGH;M;4884580;237405;750
2,02E+11;18;6;1;1710;1;2;1;1;4;112;QUAI DE BERCY;M;4883460;238101;750
2,02E+11;18;6;1;1940;1;2;3;1;3;112;AVENUE DE NOGENT;M;4884210;244900;750
2,02E+11;18;6;2;2015;1;2;2;1;6;112;RUE DE REUILLY;M;4884740;238675;750
2,02E+11;18;6;2;2110;2;2;2;1;3;112;AVENUE LEDRU ROLLIN;M;4884800;237141;750
2,02E+11;18;6;5;1425;1;2;2;1;2;112;RUE VAN GOGH;M;4884340;237071;750
2,02E+11;18;6;6;810;1;2;4;2;3;112;AVENUE DE SAINT MAURICE;M;4882650;241972;750
2,02E+11;18;6;6;935;1;2;2;2;3;112;RUE JOSEPH KESSEL;M;4883530;238537;750
2,02E+11;18;6;6;1445;1;2;3;1;3;112;ROUTE DU PESAGE;M;4882060;244532;750
2,02E+11;18;6;7;1115;1;2;2;1;3;112;90  BOULEVARD DIDEROT;M;4884700;238376;750
2,02E+11;18;6;8;2119;4;2;1;1;3;112;QUAI DE BERCY;M;4883150;238500;750
2,02E+11;18;6;10;40;5;2;1;1;1;112;107  ROUTE DE LA PYRAMID;M;4883830;243912;750
2,02E+11;18;6;13;1330;1;2;1;8;2;112;42  RUE DU FAUBOURG SAIN;M;4885230;237225;750
2,02E+11;18;6;14;1515;1;2;2;1;2;112;BOULEVARD DE BERCY;M;4883890;237602;750
2,02E+11;18;6;11;1520;1;2;1;8;3;112;76  AVENUE DE SAINT MAUR;M;4882910;241984;750
2,02E+11;18;6;15;1000;1;2;1;1;3;112;96  AVENUE DU GENERAL MI;M;4883790;240386;750
2,02E+11;18;6;15;1635;1;2;1;1;7;112;41  ALLEE VIVALDI;M;4884170;238957;750
2,02E+11;18;6;14;830;1;2;2;1;7;112;BOULEVARD SOULT;M;4884430;241032;750
2,02E+11;18;6;16;1405;1;2;2;1;3;112;138  BOULEVARD DIDEROT;M;4884760;238907;750
2,02E+11;18;6;17;1000;1;2;3;1;3;112;AVENUE DAUMESNIL;M;4884000;243217;750
2,02E+11;18;6;18;1400;1;2;2;1;6;112;68  QUAI DE LA RAPEE;M;4884340;237071;750
2,02E+11;18;6;18;2230;5;2;2;7;3;112;239  RUE DE CHARENTON;M;4883740;239117;750
2,02E+11;18;6;14;1205;1;2;2;1;3;112;90  AVENUE DAUMESNIL;M;4884330;238372;750
2,02E+11;18;6;21;830;1;2;7;1;3;112;9  PLACE FELIX EBOUE;M;4883960;239689;750
2,02E+11;18;6;21;1820;1;2;2;1;3;112;QUAI DE BERCY;M;4883870;237568;750
2,02E+11;18;6;21;1915;1;2;1;1;3;112;QUAI DE BERCY;M;4883690;237806;750
2,02E+11;18;6;22;1130;1;2;7;1;3;112;ESPLANADE SAINT LOUIS;M;4884080;243356;750
2,02E+11;18;6;22;1540;1;2;1;1;3;112;92  RUE DE REUILLY;M;4884230;239256;750
2,02E+11;18;6;22;1830;1;2;2;1;2;112;55  RUE DE LYON;M;4884900;237097;750
2,02E+11;18;6;22;1745;2;2;2;1;6;112;ROUTE DE LA FERME;M;4882620;246268;750
2,02E+11;18;6;23;440;5;2;2;1;3;112;AVENUE DAUMESNIL;M;4884870;237253;750
2,02E+11;18;6;25;1350;1;2;2;1;3;112;RUE DE RAMBOUILLET;M;4884220;237635;750
2,02E+11;18;6;26;2315;5;2;2;1;2;112;BOULEVARD SOULT;M;4884430;241032;750
2,02E+11;18;6;28;810;1;2;3;1;2;112;AVENUE DAUMESNIL;M;4884000;243217;750
2,02E+11;18;6;29;1628;1;2;1;1;7;112;QUAI DE LA RAPEE;M;4884050;237398;750
2,02E+11;18;6;30;130;5;2;1;1;2;112;AVENUE DE NOGENT;M;4883890;246070;750
2,02E+11;18;6;30;1525;1;2;2;1;7;112;39  RUE DE REUILLY;M;4884650;238746;750
2,02E+11;18;7;1;1540;1;2;1;1;4;112;AVENUE DE SAINT MAURICE;M;4883070;242050;750
2,02E+11;18;7;1;1730;1;2;2;1;3;112;BOULEVARD PONIATOWSKI;M;4883550;240668;750
2,02E+11;18;7;2;320;5;2;1;1;6;112;AVENUE DE SAINT MAURICE;M;4883430;242026;750
2,02E+11;18;7;2;1540;1;2;1;1;6;112;66  AVENUE LEDRU ROLLIN;M;4884910;237326;750
2,02E+11;18;7;2;1825;1;2;1;1;3;120;8  RUE DES PYRENEES;M;4884830;240639;750
2,02E+11;18;7;3;845;1;2;1;1;6;112;AVENUE DAUMESNIL;M;4883750;242524;750
2,02E+11;18;7;3;1615;1;2;5;1;3;112;52  AVENUE DU DOCTEUR AR;M;4884470;240572;750
2,02E+11;18;7;4;1615;1;2;3;1;7;112;93  RUE DE REUILLY;M;4884430;239019;750
2,02E+11;18;7;6;1245;1;2;2;1;7;112;86  BOULEVARD DE REUILLY;M;4883970;240029;750
2,02E+11;18;7;6;1830;1;2;4;1;2;112;ROUTE DE LA BRASSERIE;M;4882750;241929;750
2,02E+11;18;7;7;1635;1;2;3;1;2;112;10  AVENUE DAUMESNIL;M;4884890;237197;750
2,02E+11;18;7;8;1000;1;2;4;1;2;112;148  AVENUE DAUMESNIL;M;4884060;239117;750
2,02E+11;18;7;9;45;5;2;2;1;3;112;BOULEVARD PONIATOWSKI;M;4882920;238966;750
2,02E+11;18;7;9;1815;1;2;1;1;6;112;193  RUE DE BERCY;M;4884400;237294;750
2,02E+11;18;7;10;1115;1;2;1;1;6;112;245  AVENUE DAUMESNIL;M;4883750;240130;750
2,02E+11;18;7;11;1;5;2;1;1;2;112;ROUTE DE LA PYRAMIDE;M;4883340;244575;750
2,02E+11;18;7;12;930;1;2;1;1;3;112;36  RUE DE PICPUS;M;4884500;239555;750
2,02E+11;18;7;17;1800;1;2;4;1;3;112;AVENUE DE SAINT MAURICE;M;4882630;241988;750
2,02E+11;18;7;18;2130;2;2;1;1;3;112;ROUTE DE LA TOURELLE;M;4882025;244923;750
2,02E+11;18;7;19;2130;5;2;3;1;6;112;RUE ROBERT ETLIN;M;4882878;239049;750
2,02E+11;18;7;20;800;1;2;1;2;3;112;RUE DU RENDEZ VOUS;M;4884653;240140;750
2,02E+11;18;7;22;1700;1;2;1;1;6;112;AVENUE DAUMESNIL;M;4886666;233333;750
2,02E+11;18;7;23;145;5;2;2;1;3;112;AVENUE DAUMESNIL;M;4884333;243471;750
2,02E+11;18;7;25;920;1;2;1;1;6;112;RUE MICHEL CHASLES;M;4884653;237374;750
2,02E+11;18;7;27;950;1;2;3;1;6;112;RUE DE PICPUS;M;4883947;240019;750
2,02E+11;18;7;30;2115;2;2;1;1;4;112;QUAI DE BERCY;M;4882859;238767;750
2,02E+11;18;7;31;820;1;2;2;1;3;112;RUE CORIOLIS;M;4883710;239010;750
2,02E+11;18;7;31;900;1;2;2;7;6;112;COURS DE VINCENNES;M;4884778;239926;750
2,02E+11;18;7;31;2030;1;2;4;1;6;112;QUAI DE BERCY;M;4882609;239092;750
2,02E+11;18;8;1;1755;1;2;7;1;6;112;PLACE DU COLONEL BOURGOI;M;4884494;238308;750
2,02E+11;18;8;1;2025;1;2;7;1;3;112;AVENUE DAUMESNIL;M;4884705;237549;750
2,02E+11;18;8;3;1150;1;2;1;1;2;112;QUAI DE BERCY;M;4883180;238437;750
2,02E+11;18;8;5;2100;2;2;4;1;3;112;AVENUE COURTELINE;M;4884395;241339;750
2,02E+11;18;8;6;1;5;2;4;7;7;112;AVENUE DAUMESNIL;M;4884714;237613;750
2,02E+11;18;8;6;1950;1;2;1;1;6;112;RUE DE BERCY;M;4837389;238268;750
2,02E+11;18;8;10;915;1;2;3;1;3;112;AVENUE DAUMESNIL;M;4884926;237140;750
2,02E+11;18;8;10;1750;1;2;1;1;6;112;BOULEVARD DIDEROT;M;4884728;238372;750
2,02E+11;18;8;10;1935;5;2;1;1;6;112;SOUTERRAIN VAN GOGH;M;4884559;237422;750
2,02E+11;18;8;11;1315;1;2;2;1;2;112;COURS DE VINCENNES;M;4884746;240645;750
2,02E+11;18;8;12;700;2;2;1;1;6;112;QUAI DE LA RAPEE;M;4884391;236963;750
2,02E+11;18;8;12;1120;1;2;3;1;6;112;RUE PARROT;M;4884675;237298;750
2,02E+11;18;8;12;2030;1;2;5;1;7;112;AVENUE DU GENERAL MICHEL;M;4883483;240090;750
2,02E+11;18;8;13;820;1;2;1;1;3;112;BOULEVARD DIDEROT;M;4884781;239124;750
2,02E+11;18;8;13;1500;1;2;4;1;7;112;AVENUE DE GRAVELLE;M;4881860;245157;750
2,02E+11;18;8;15;1500;1;2;1;1;7;112;AVENUE DE SAINT MAURICE;M;4883187;242030;750
2,02E+11;18;8;17;1340;1;2;2;1;7;112;RUE DE LYON;M;4884918;237085;750
2,02E+11;18;8;11;1330;1;1;1;1;5;112;ROUTE DE LA FALUERE;M;4883115;243913;750
2,02E+11;18;8;18;1850;1;2;3;1;3;112;AVENUE DU DOCTEUR ARNOLD;M;4884135;240488;750
2,02E+11;18;8;20;1930;1;1;4;1;2;112;BOULEVARD PERIPHERIQUE E;M;;;750
2,02E+11;18;8;21;930;1;1;7;1;1;112;CARREFOUR DE PATTE D OIE;M;4882217;244207;750
2,02E+11;18;8;21;1605;1;2;2;1;3;112;AVENUE DAUMESNIL;M;4884657;237652;750
2,02E+11;18;8;22;1535;1;2;1;1;3;112;AVENUE DU GENERAL MICHEL;M;4883521;240146;750
2,02E+11;18;8;22;2310;5;2;1;1;6;112;RUE BISCORNET;M;4884985;236983;750
2,02E+11;18;8;23;1950;1;2;1;1;2;112;SOUTERRAIN PONT NATIONAL;M;4882775;238938;750
2,02E+11;18;8;24;325;5;2;1;1;6;112;AVENUE DES MINIMES;M;4884094;243348;750
2,02E+11;18;8;25;30;5;2;1;1;6;112;QUAI DE BERCY;M;4883537;237968;750
2,02E+11;18;8;27;1000;1;2;1;2;2;112;QUAI DE BERCY;M;;;750
2,02E+11;18;8;26;1445;1;2;4;1;3;112;QUAI DE BERCY;M;4883300;238000;750
2,02E+11;18;8;28;1715;1;2;2;1;3;112;PLACE MAZAS;M;4884526;236657;750
2,02E+11;18;8;29;1130;1;2;1;1;4;112;QUAI DE BERCY;M;4883534;238000;750
2,02E+11;18;8;30;1030;1;2;1;1;3;112;AVENUE DE SAINT MAURICE;M;4883153;242050;750
2,02E+11;18;8;31;1700;1;2;2;1;3;112;RUE CORIOLIS;M;4883709;238996;750
2,02E+11;18;8;31;2245;5;2;3;1;6;112;ROUTE DE LA FERME;M;4882021;245023;750
2,02E+11;18;9;1;2340;5;2;2;1;3;112;BOULEVARD DIDEROT;M;4884735;238677;750
2,02E+11;18;9;2;1620;1;2;1;1;6;112;AVENUE DU GENERAL MICHEL;M;4883605;240258;750
2,02E+11;18;9;4;1520;1;2;2;1;6;112;RUE TAINE;M;4883734;239133;750
2,02E+11;18;9;5;1830;1;2;3;1;3;112;BOULEVARD DIDEROT;M;4884712;238516;750
2,02E+11;18;9;5;2030;5;2;1;1;6;112;ROUTE DE CEINTURE DU LAC;M;4882895;241918;750
2,02E+11;18;9;6;1825;1;2;1;1;3;112;AVENUE DU GENERAL MICHEL;M;4883864;240930;750
2,02E+11;18;9;7;805;1;2;2;1;6;112;RUE PROUDHON;M;4883702;239005;750
2,02E+11;18;9;9;1920;2;2;1;1;7;112;RUE DE PICPUS;M;4884426;239634;750
2,02E+11;18;9;10;1015;1;2;2;1;3;112;BOULEVARD PONIATOWSKI;M;4883194;239757;750
2,02E+11;18;9;10;1230;1;2;2;1;6;112;RUE DE CHARENTON;M;4884635;237907;750
2,02E+11;18;9;12;925;1;2;1;1;3;112;BOULEVARD DE PICPUS;M;4884590;240082;750
2,02E+11;18;9;12;2245;5;2;1;1;6;112;RUE VAN GOGH;M;4884390;237130;750
2,02E+11;18;9;14;1726;1;2;3;1;2;112;ROUTE DE LA PYRAMIDE;M;;;750
2,02E+11;18;9;14;1835;1;2;1;1;4;112;QUAI DE BERCY;M;4883244;238360;750
2,02E+11;18;9;15;1905;1;2;7;1;3;112;ESPLANADE SAINT LOUIS;M;;;750
2,02E+11;18;9;15;1840;1;2;3;1;6;112;RUE DU SAHEL;M;4884116;240225;750
2,02E+11;18;9;15;2300;5;2;7;1;6;112;AVENUE DAUMESNIL;M;4884090;243420;750
2,02E+11;18;9;16;1735;1;2;1;1;6;112;QUAI DE BERCY;M;4883834;237601;750
2,02E+11;18;9;16;2015;5;2;3;1;6;112;BOULEVARD PONIATOWSKI;M;4883449;240529;750
2,02E+11;18;9;16;1950;2;2;1;1;6;112;AVENUE DU TREMBLAY;M;4883273;245652;750
2,02E+11;18;9;17;840;1;2;3;1;6;112;RUE LOUIS BRAILLE;M;4883974;240419;750
2,02E+11;18;9;17;1210;1;2;6;1;3;112;BOULEVARD DE PICPUS;M;4884526;240218;750
2,02E+11;18;9;18;830;1;2;7;1;3;112;PORTE DE VINCENNES;M;4884667;241527;750
2,02E+11;18;9;18;1330;1;2;4;2;2;112;ESPLANADE SAINT LOUIS;M;4884072;243575;750
2,02E+11;18;9;19;715;2;2;7;1;7;112;ROUTE DE LA PYRAMIDE;M;4884005;243667;750
2,02E+11;18;9;19;815;1;2;4;1;3;112;ROUTE DU PARC;M;4882648;241978;750
2,02E+11;18;9;19;2115;2;2;2;1;6;120;RUE DES PYRENEES;M;4885146;240630;750
2,02E+11;18;9;19;2207;5;2;1;1;2;112;RUE DU FAUBOURG SAINT AN;M;4885032;238076;750
2,02E+11;18;9;20;900;1;2;7;1;6;112;AVENUE DU TREMBLAY;M;4882700;246400;750
2,02E+11;18;9;21;1850;1;2;3;1;6;112;AVENUE DES MINIMES;M;4884056;243896;750
2,02E+11;18;9;21;1920;2;2;6;1;7;112;AVENUE DE LA PORTE DE VI;M;4884691;241144;750
2,02E+11;18;9;23;515;5;2;1;1;6;112;QUAI DE LA RAPEE;M;4884421;236874;750
2,02E+11;18;9;23;1440;1;2;7;3;6;112;AVENUE DES MINIMES;M;4884020;244075;750
2,02E+11;18;9;24;750;5;2;3;1;6;112;RUE DE LYON;M;4884653;237208;750
2,02E+11;18;9;25;1905;1;2;2;1;3;112;AVENUE DAUMESNIL;M;4884850;237250;750
2,02E+11;18;9;26;850;1;2;1;1;7;112;BOULEVARD DE REUILLY;M;4883950;239962;750
2,02E+11;18;9;26;1930;5;2;2;1;3;112;QUAI DE BERCY;M;4883271;238337;750
2,02E+11;18;9;28;1100;1;2;1;1;3;112;RUE DE BERCY;M;4884469;237201;750
2,02E+11;18;10;1;745;2;2;2;1;3;112;RUE DE CHARENTON;M;4883732;239101;750
2,02E+11;18;10;1;850;1;2;1;1;6;112;ROUTE DE LA PYRAMIDE;M;4883412;244473;750
2,02E+11;18;10;1;1345;1;2;1;1;3;112;RUE DU SERGENT BAUCHAT;M;4884608;239391;750
2,02E+11;18;10;2;1800;2;2;1;2;3;112;ROUTE DU CHAMP DE MANOEU;M;4883429;244745;750
2,02E+11;18;10;2;1930;5;2;2;2;6;112;AVENUE DU GENERAL MICHEL;M;4883782;240177;750
2,02E+11;18;10;2;1815;1;2;1;2;3;112;BOULEVARD DIDEROT;M;4884752;238973;750
2,02E+11;18;10;3;2030;5;1;1;1;4;112;BOULEVARD PERIPHERIQUE E;M;4883387;240920;750
2,02E+11;18;10;4;820;1;2;1;1;6;112;RUE DU SAHEL;M;4884070;240804;750
2,02E+11;18;10;4;1515;1;2;2;1;7;112;COURS DE VINCENNES;M;4884848;241040;750
2,02E+11;18;10;4;1600;1;2;2;1;3;112;RUE DE WATTIGNIES;M;5058149;304409;750
2,02E+11;18;10;4;1900;1;2;1;1;6;120;COURS DE VINCENNES;M;4884791;240373;750
2,02E+11;18;10;5;1025;1;2;5;1;3;112;AVENUE DU GENERAL MICHEL;M;4883462;240081;750
2,02E+11;18;10;5;1830;1;2;1;1;3;112;QUAI DE LA RAPEE;M;4884407;236894;750
2,02E+11;18;10;7;1807;1;2;7;1;3;112;ROUTE DE LA PYRAMIDE;M;4883000;244000;750
2,02E+11;18;10;9;1920;5;2;1;1;2;112;BOULEVARD DE PICPUS;M;4884708;239913;750
2,02E+11;18;10;9;1950;5;2;1;1;4;112;BOULEVARD PERIPHERIQUE;M;4882829;239696;750
2,02E+11;18;10;10;845;1;2;7;1;7;112;PLACE DE LA NATION;M;4884821;239741;750
2,02E+11;18;10;11;2345;5;2;5;2;3;112;AVENUE DE SAINT MANDE;M;4884469;240576;750
2,02E+11;18;10;12;330;5;2;2;1;3;118;RUE MARX DORMOY;M;4889154;234948;750
2,02E+11;18;10;12;740;1;2;4;1;2;112;AVENUE DE SAINT MAURICE;M;4882620;241992;750
2,02E+11;18;10;12;1300;1;2;2;1;7;112;BOULEVARD DIDEROT;M;4884730;238668;750
2,02E+11;18;10;13;700;5;2;2;1;7;112;BOULEVARD PONIATOWSKI;M;4883054;239361;750
2,02E+11;18;10;13;1502;1;2;2;1;3;112;BOULEVARD PONIATOWSKI;M;4883183;239767;750
2,02E+11;18;10;15;2015;5;2;3;1;6;112;BOULEVARD DIDEROT;M;4884739;239212;750
2,02E+11;18;10;18;1720;1;2;7;1;3;112;CARREFOUR DE PYRAMIDE;M;4883402;244545;750
2,02E+11;18;10;19;830;1;2;7;1;3;112;ESPLANADE SAINT LOUIS;M;4884062;243659;750
2,02E+11;18;10;19;1300;1;2;7;1;3;112;PLACE DE LA NATION;M;4884806;239736;750
2,02E+11;18;10;19;1320;1;2;2;1;3;112;BOULEVARD PONIATOWSKI;M;4883186;239771;750
2,02E+11;18;10;20;1530;1;2;1;1;6;112;AVENUE DE GRAVELLE;M;4882113;243382;750
2,02E+11;18;10;20;1645;1;2;3;1;3;112;AVENUE DAUMESNIL;M;;;750
2,02E+11;18;10;21;622;5;2;4;1;7;112;QUAI DE BERCY;M;4882785;238908;750
2,02E+11;18;10;22;1655;1;2;1;1;6;112;ROUTE DE REUILLY;M;4882954;240448;750
2,02E+11;18;10;23;224;5;2;2;1;6;112;BOULEVARD PONIATOWSKI;M;4883337;240193;750
2,02E+11;18;10;23;1830;2;2;1;1;5;112;QUAI DE BERCY;M;4883421;238136;750
2,02E+11;18;10;24;1955;5;2;1;1;3;112;BOULEVARD DIDEROT;M;4884623;237839;750
2,02E+11;18;10;25;2340;5;2;3;1;7;112;RUE DU FAUBOURG SAINT AN;M;4885151;237457;750
2,02E+11;18;10;26;630;5;2;7;1;7;112;PLACE DE LA NATION;M;4884781;239648;750
2,02E+11;18;10;26;1830;1;2;7;2;7;112;PLACE DU CARDINAL LAVIGE;M;4883328;240240;750
2,02E+11;18;10;26;1845;5;2;1;2;1;112;AVENUE DE SAINT MAURICE;M;4882564;241989;750
2,02E+11;18;10;26;2115;5;2;7;8;3;112;PLACE FELIX EBOUE;M;4883935;239581;750
2,02E+11;18;10;27;1440;1;2;2;1;6;112;RUE DE CHARENTON;M;4884951;237437;750