Num_Acc;an;mois;jour;hrmn;lum;agg;int;atm;col;com;adr;gps;lat;long;dep
2,02E+11;18;7;31;1330;1;2;1;1;2;113;AVENUE PIERRE MENDES FRA;;;;750
2,02E+11;18;8;1;135;5;2;4;1;3;114;AVENUE DE LA PORTE DE CH;M;4282220;231422;750
2,02E+11;18;8;1;1426;1;2;2;1;6;113;QUAI D AUSTERLITZ;M;;;750
2,02E+11;18;8;3;2020;1;2;2;1;3;113;RUE DE TOLBIAC;M;4883046;237669;750
2,02E+11;18;8;5;1347;1;2;2;1;1;113;QUAI FRANCOIS MAURIAC;M;4883228;237961;750
2,02E+11;18;8;6;1450;1;2;1;1;3;113;BOULEVARD VINCENT AURIOL;M;4883448;236722;750
2,02E+11;18;8;7;1300;1;2;1;1;6;113;BOULEVARD VINCENT AURIOL;M;;;750
2,02E+11;18;8;7;2330;5;2;7;1;3;113;PONT D AUSTERLITZ;M;4884446;236515;750
2,02E+11;18;8;13;2305;5;2;2;1;3;113;PONT DE TOLBIAC;M;;;750
2,02E+11;18;8;18;140;5;2;1;1;6;113;RUE DU VAL DE MARNE;M;;;750
2,02E+11;18;8;18;1820;1;2;2;1;6;113;BOULEVARD DE L HOPITAL;M;;;750
2,02E+11;18;8;19;45;5;2;1;1;2;113;AVENUE PIERRE DE COUBERT;M;4881664;234453;750
2,02E+11;18;8;20;805;1;2;1;2;6;113;RUE ABEL HOVELACQUE;M;4883247;235317;750
2,02E+11;18;8;21;1005;1;2;7;1;3;113;PLACE VALHUBERT;M;4884356;236550;750
2,02E+11;18;8;23;1425;1;2;1;1;6;113;BOULEVARD AUGUSTE BLANQU;M;4880000;235000;750
2,02E+11;18;8;23;1850;1;2;1;1;6;113;BOULEVARD AUGUSTE BLANQU;M;;;750
2,02E+11;18;8;24;345;5;2;7;1;3;105;PLACE SAINT MICHEL;M;4885350;234409;750
2,02E+11;18;8;25;125;5;2;1;1;3;112;PONT D AUSTERLITZ;M;4884436;236500;750
2,02E+11;18;8;25;813;1;2;1;1;2;105;BOULEVARD SAINT MARCEL;M;4883875;235735;750
2,02E+11;18;8;25;2250;5;2;3;1;6;113;RUE DE PATAY;M;4882555;237461;750
2,02E+11;18;8;27;2345;5;2;3;1;6;113;AVENUE DES GOBELINS;M;4883288;234590;750
2,02E+11;18;8;28;50;5;2;1;1;6;113;AVENUE D ITALIE;M;4882110;235890;750
2,02E+11;18;8;28;1700;1;2;1;1;7;113;AVENUE DES GOBELINS;M;4883607;235267;750
2,02E+11;18;8;30;1240;1;2;1;1;7;113;AVENUE D ITALIE;M;4882872;235663;750
2,02E+11;18;8;30;1830;1;2;1;1;6;106;RUE BONAPARTE;M;4885515;233390;750
2,02E+11;18;8;30;2145;5;2;2;1;3;113;BOULEVARD VINCENT AURIOL;M;4883635;237142;750
2,02E+11;18;8;31;228;5;2;7;1;3;113;PLACE VALHUBERT;M;4884425;236477;750
2,02E+11;18;9;4;120;5;2;5;1;2;113;RUE DE TOLBIAC;M;4882661;236374;750
2,02E+11;18;9;5;1540;1;2;2;1;3;113;RUE DU CHEVALERET;M;4883334;236860;750
2,02E+11;18;9;5;1720;1;2;1;1;3;113;BOULEVARD ARAGO;M;4883590;234917;750
2,02E+11;18;9;7;129;5;2;7;1;6;106;QUAI DE CONTI;M;4885755;233795;750
2,02E+11;18;9;7;1420;1;2;1;1;3;113;AVENUE D ITALIE;M;4882000;235000;750
2,02E+11;18;9;10;1250;1;2;1;1;3;113;BOULEVARD KELLERMANN;M;4882098;235549;750
2,02E+11;18;9;11;135;5;2;2;1;6;113;QUAI PANHARD ET LEVASSOR;M;4883200;237900;750
2,02E+11;18;9;11;1510;1;2;7;1;3;113;PLACE D ITALIE;M;4883090;235545;750
2,02E+11;18;9;12;2030;5;1;1;1;5;113;BOULEVARD PERIPHERIQUE I;M;4880000;235000;750
2,02E+11;18;9;13;2015;5;2;2;1;2;113;AVENUE D ITALIE;M;4882615;235729;750
2,02E+11;18;9;14;2030;5;2;2;1;3;113;RUE DE TOLBIAC;M;;;750
2,02E+11;18;9;14;2040;5;2;3;1;6;113;BOULEVARD MASSENA;M;4882335;237485;750
2,02E+11;18;9;15;610;5;2;1;1;2;113;RUE AUGUSTE PERRET;M;4882508;236030;750
2,02E+11;18;9;15;1300;1;2;3;1;7;113;RUE DU DESSOUS DES BERGE;M;4882576;237475;750
2,02E+11;18;9;15;1930;5;2;4;1;3;113;AVENUE DE LA PORTE D ITA;M;;;750
2,02E+11;18;9;16;2300;5;2;3;1;3;113;RUE DE TOLBIAC;M;4882616;235588;750
2,02E+11;18;9;17;925;1;2;2;1;3;113;BOULEVARD AUGUSTE BLANQU;M;4883000;235000;750
2,02E+11;18;9;17;1625;1;2;3;1;6;113;QUAI PANHARD ET LEVASSOR;M;;;750
2,02E+11;18;9;17;1900;1;2;6;1;3;113;AVENUE GENERAL DE GAULLE;M;4886666;233333;750
2,02E+11;18;9;19;1715;1;2;1;1;3;113;BOULEVARD VINCENT AURIOL;M;4883157;235723;750
2,02E+11;18;9;20;1640;1;2;2;1;6;113;BOULEVARD SAINT MARCEL;M;4843840;235724;750
2,02E+11;18;9;23;725;2;2;7;8;3;113;PLACE D ITALIE;M;4883186;235564;750
2,02E+11;18;9;23;1140;1;2;2;2;6;113;BOULEVARD ARAGO;M;4883479;234510;750
2,02E+11;18;9;23;1600;1;2;2;2;2;113;AVENUE D ITALIE;M;4886666;233333;750
2,02E+11;18;9;23;1535;1;2;2;3;6;105;BOULEVARD SAINT MICHEL;M;4884408;233912;750
2,02E+11;18;9;23;2017;5;2;3;1;3;113;BOULEVARD DE L HOPITAL;M;4883880;236121;750
2,02E+11;18;9;23;2120;3;2;2;2;3;113;QUAI DE LA GARE;M;4800000;237373;750
2,02E+11;18;9;25;1545;1;2;3;1;6;113;AVENUE D ITALIE;M;4882738;235670;750
2,02E+11;18;9;26;1945;5;2;2;1;6;113;BOULEVARD AUGUSTE BLANQU;M;4883117;234413;750
2,02E+11;18;9;26;2035;5;2;2;1;6;113;BOULEVARD MASSENA;M;4882163;236969;750
2,02E+11;18;9;27;1530;1;2;1;1;3;113;RUE DE TOLBIAC;M;4882885;237337;750
2,02E+11;18;9;27;2015;5;2;1;1;6;113;RUE DUPUY DE LOME;M;4882137;237067;750
2,02E+11;18;9;30;1135;1;2;3;1;6;113;AVENUE D ITALIE;M;4882521;235770;750
2,02E+11;18;9;30;2022;5;2;3;1;3;113;QUAI FRANCOIS MAURIAC;M;4883296;237870;750
2,02E+11;18;10;2;915;1;2;3;1;6;113;AVENUE D ITALIE;M;4882848;235672;750
2,02E+11;18;10;3;1630;1;2;1;1;3;113;AVENUE D ITALIE;M;4882115;235856;750
2,02E+11;18;10;4;2035;5;2;1;1;3;113;RUE DE TOLBIAC;M;4882894;237356;750
2,02E+11;18;10;4;2050;5;2;3;1;3;113;BOULEVARD MASSENA;M;4881902;236093;750
2,02E+11;18;10;5;2310;5;2;2;1;3;113;RUE DE TOLBIAC;M;4882574;234729;750
2,02E+11;18;10;8;810;1;2;1;1;6;113;PONT DE TOLBIAC;M;4883345;238192;750
2,02E+11;18;10;8;810;1;2;2;1;3;113;RUE DE LA POTERNE DES PE;M;;;750
2,02E+11;18;10;9;1420;1;2;3;1;3;113;RUE DUPUY DE LOME;M;4882126;237075;750
2,02E+11;18;10;10;825;1;2;3;1;6;113;AVENUE DE CHOISY;M;4882835;235808;750
2,02E+11;18;10;10;1404;1;2;2;1;6;113;RUE DE LA GLACIERE;M;;;750
2,02E+11;18;10;10;2020;5;2;2;1;3;113;RUE DE TOLBIAC;M;4882658;236349;750
2,02E+11;18;10;11;1200;1;2;1;1;6;113;BOULEVARD SAINT MARCEL;M;4883815;235617;750
2,02E+11;18;10;11;1625;1;2;3;1;3;113;RUE DU DESSOUS DES BERGE;M;4882888;237254;750
2,02E+11;18;10;12;915;1;2;1;1;6;113;RUE DU CHEVALERET;M;4883442;236770;750
2,02E+11;18;10;12;1230;1;2;1;1;3;112;PONT DE TOLBIAC;M;4883264;238051;750
2,02E+11;18;10;14;1255;1;2;2;1;3;113;BOULEVARD KELLERMANN;M;4881889;235910;750
2,02E+11;18;10;14;1835;1;2;3;1;6;113;RUE DU CHATEAU DES RENTI;M;4882502;236985;750
2,02E+11;18;10;14;2233;5;2;4;1;3;113;RUE DE PATAY;M;4882700;237100;750
2,02E+11;18;10;15;2335;5;2;1;1;3;113;AVENUE DE FRANCE;M;;;750
2,02E+11;18;10;17;1045;1;2;3;1;3;113;AVENUE DE CHOISY;M;4883114;236007;750
2,02E+11;18;10;17;1050;1;2;4;1;3;113;RUE LEON MAURICE NORDMAN;M;4883459;234590;750
2,02E+11;18;10;17;745;2;2;3;1;7;113;RUE DE PATAY;M;4882426;237658;750
2,02E+11;18;10;21;1541;1;2;1;1;3;113;AVENUE D ITALIE;M;;;750
2,02E+11;18;10;21;1845;5;2;1;1;6;113;RUE DU CONVENTIONNEL CHI;M;4881908;236314;750
2,02E+11;18;10;22;1009;1;2;2;8;6;113;BOULEVARD MASSENA;M;4882248;237133;750
2,02E+11;18;10;24;925;1;2;1;1;2;113;BOULEVARD VINCENT AURIOL;M;4883601;237038;750
2,02E+11;18;10;25;1120;1;2;1;1;6;113;AVENUE D ITALIE;M;4883016;235635;750
2,02E+11;18;10;27;1650;1;2;2;1;3;113;RUE DE TOLBIAC;M;4882590;234509;750
2,02E+11;18;10;28;2045;5;2;3;1;6;113;RUE DE TOLBIAC;M;4882735;236929;750
2,02E+11;18;10;29;1510;1;2;2;1;3;113;BOULEVARD MASSENA;M;4881888;235952;750
2,02E+11;18;10;30;1445;1;2;1;1;2;113;RUE DE TOLBIAC;M;4882695;236582;750
2,02E+11;18;10;31;1910;5;2;3;2;3;113;RUE DES PEUPLIERS;M;4882292;235290;750
2,02E+11;18;11;5;1810;5;2;2;1;6;113;BOULEVARD AUGUSTE BLANQU;M;;;750
2,02E+11;18;11;6;1735;2;2;3;1;6;113;AVENUE D ITALIE;M;4886000;228000;750
2,02E+11;18;11;6;1900;5;2;2;1;6;113;BOULEVARD ARAGO;M;;;750
2,02E+11;18;11;6;1833;5;2;1;1;2;113;BOULEVARD PERIPHERIQUE;M;4881863;237080;750
2,02E+11;18;11;7;1525;1;2;4;8;3;113;PORTE D ITALIE;M;4881573;236072;750
2,02E+11;18;11;8;1008;1;2;1;1;6;113;RUE DE TOLBIAC;M;4882979;237597;750
2,02E+11;18;11;8;1935;5;2;2;1;3;113;BOULEVARD ARAGO;M;4883503;234490;750
2,02E+11;18;11;9;1825;5;2;3;1;6;113;RUE BARRAULT;M;4882739;234699;750
2,02E+11;18;11;9;2300;5;2;2;1;6;113;BOULEVARD VINCENT AURIOL;M;4883505;236903;750
2,02E+11;18;11;10;1539;1;2;2;3;7;113;PONT CHARLES DE GAULLE;M;4884205;236797;750
2,02E+11;18;11;10;1650;2;2;2;2;3;113;BOULEVARD ARAGO;M;4883000;234000;750
2,02E+11;18;11;10;2005;5;2;5;1;6;113;RUE DE TOLBIAC;M;4882649;236337;750
2,02E+11;18;11;12;740;1;2;2;2;6;113;QUAI D AUSTERLITZ;M;4884202;236778;750
2,02E+11;18;11;12;1810;5;2;3;1;7;113;AVENUE D ITALIE;M;4882559;235716;750
2,02E+11;18;11;14;800;1;2;3;1;6;113;RUE DE TOLBIAC;M;4882727;236916;750
2,02E+11;18;11;15;757;1;2;2;8;6;113;BOULEVARD VINCENT AURIOL;M;4883461;236746;750
2,02E+11;18;11;15;855;1;2;3;5;6;113;AVENUE GENERAL DE GAULLE;M;4881581;235974;750
2,02E+11;18;11;16;700;5;2;2;8;3;113;RUE DU MOULINET;M;4882000;235000;750
2,02E+11;18;11;16;715;5;2;2;8;3;113;AVENUE D IVRY;M;4882504;236223;750
2,02E+11;18;11;16;1050;1;2;1;1;6;113;BOULEVARD DE L HOPITAL;M;4883835;236452;750
2,02E+11;18;11;16;1430;1;2;2;1;3;113;RUE NEUVE TOLBIAC;M;4883115;237749;750
2,02E+11;18;11;16;2004;5;2;2;1;6;113;RUE NEUVE TOLBIAC;M;4883103;237778;750
2,02E+11;18;11;17;1445;1;2;2;1;7;113;RUE VERGNIAUD;M;4882796;234566;750
2,02E+11;18;11;18;45;5;2;2;1;3;113;RUE DE TOLBIAC;M;4882675;236421;750
2,02E+11;18;11;19;930;2;2;2;1;6;113;AVENUE DE FRANCE;M;4882849;237881;750
2,02E+11;18;11;19;1240;1;2;1;1;2;113;RUE DU VAL DE MARNE;M;4881659;234812;750
2,02E+11;18;11;21;924;1;2;2;1;3;113;BOULEVARD DE L HOPITAL;M;4883636;235880;750
2,02E+11;18;11;23;1735;5;2;2;1;3;113;BOULEVARD DE L HOPITAL;M;4883456;235785;750
2,02E+11;18;11;26;1624;2;2;2;8;3;113;AVENUE D ITALIE;M;4882217;235853;750
2,02E+11;18;11;26;2124;5;2;2;8;6;113;QUAI PANHARD ET LEVASSOR;M;4883190;237990;750
2,02E+11;18;11;27;1810;5;2;2;2;3;113;BOULEVARD KELLERMANN;M;;;750
2,02E+11;18;11;27;1910;2;2;3;2;6;114;RUE DE L AMIRAL MOUCHEZ;M;4881946;234423;750
2,02E+11;18;11;30;820;1;2;2;1;6;113;RUE DE TOLBIAC;M;4882621;235678;750
2,02E+11;18;12;2;215;5;2;2;2;2;107;QUAI D ORSAY;M;4886268;231077;750
2,02E+11;18;12;3;1500;1;2;2;2;2;113;AVENUE DE LA PORTE D ITA;M;4881750;236004;750
2,02E+11;18;12;3;1805;5;2;7;8;3;113;PLACE D ITALIE;M;4883100;235620;750
2,02E+11;18;12;4;715;5;2;7;2;3;113;PLACE D ITALIE;M;4883127;235629;750
2,02E+11;18;12;4;935;1;2;1;8;6;113;RUE DU CHEVALERET;M;;;750
2,02E+11;18;12;4;1025;1;2;3;1;3;113;QUAI D AUSTERLITZ;M;4883784;237393;750
2,02E+11;18;12;4;2055;5;2;1;1;3;113;BOULEVARD ARAGO;M;4886666;233330;750
2,02E+11;18;12;11;1215;1;2;1;1;6;113;RUE DE TOLBIAC;M;4882814;237249;750
2,02E+11;18;12;12;1810;3;2;1;1;6;113;AVENUE DE LA PORTE DE CH;M;4881802;236610;750
2,02E+11;18;12;13;950;1;2;3;1;6;113;AVENUE D ITALIE;M;4882991;235617;750
2,02E+11;18;12;13;2339;5;2;2;1;3;113;BOULEVARD DE L HOPITAL;M;4883000;235000;750
2,02E+11;18;12;14;940;1;2;4;1;7;113;BOULEVARD DE PORT ROYAL;M;4883813;234227;750
2,02E+11;18;12;14;1345;1;2;3;1;3;113;BOULEVARD DE L HOPITAL;M;4883620;235930;750
2,02E+11;18;12;16;110;4;2;2;2;6;113;BOULEVARD SAINT MARCEL;M;4888000;235640;750
2,02E+11;18;12;16;1515;1;2;1;1;4;113;RUE DE TOLBIAC;M;4882962;237481;750
2,02E+11;18;12;17;920;1;2;2;1;6;113;BOULEVARD KELLERMANN;M;4881875;235948;750
2,02E+11;18;12;18;1730;5;2;1;1;6;113;AVENUE D ITALIE;M;4882068;235872;750
2,02E+11;18;12;20;720;5;2;3;1;3;113;AVENUE D ITALIE;M;4882280;235855;750
2,02E+11;18;12;20;2215;5;2;4;1;3;113;AVENUE DE LA PORTE D IVR;M;4881972;237283;750
2,02E+11;18;12;21;745;5;2;3;2;3;113;RUE JEANNE D ARC;M;4883233;236484;750
2,02E+11;18;12;21;950;1;2;7;2;7;113;RUE JENNER;M;4883650;235985;750
2,02E+11;18;12;21;1815;4;2;1;1;6;113;AVENUE DE FRANCE;M;;;750
2,02E+11;18;12;23;2220;5;2;2;2;3;113;RUE REGNAULT;M;;;750
2,02E+11;18;12;30;1755;5;2;2;2;3;113;QUAI D AUSTERLITZ;M;4884199;236786;750
2,02E+11;18;12;31;1;5;2;4;2;6;113;QUAI D AUSTERLITZ;M;4884290;236649;750
2,02E+11;18;12;31;1345;1;2;1;8;6;113;RUE DE TOLBIAC;M;4882000;237000;750
2,02E+11;18;12;31;2340;5;2;1;1;6;114;AVENUE DE LA PORTE DE CH;M;4882339;231665;750
2,02E+11;18;1;4;700;5;2;2;2;3;114;34-36  RUE DE L OUEST;M;4883680;232073;750
2,02E+11;18;1;5;1210;1;2;4;8;6;114;16  RUE RAYMOND LOSSERAN;M;4883600;232183;750
2,02E+11;18;1;5;1847;5;2;1;6;3;113;/  PORTE DE GENTILLY;M;4881620;235818;750
2,02E+11;18;1;7;1820;5;2;3;8;6;114;154  RUE D ALESIA;M;4883150;231528;750
2,02E+11;18;1;8;1900;5;2;1;1;2;114;57  AVENUE DENFERT ROCHE;M;4883800;233598;750
2,02E+11;18;1;10;1500;1;2;3;1;6;114;141  RUE D ALESIA;M;4882980;232115;750
2,02E+11;18;1;17;735;5;2;2;2;6;105;94  BOULEVARD DE PORT RO;M;4883940;233755;750
2,02E+11;18;1;17;2150;5;2;2;1;3;114;66  RUE DIDOT;M;4882920;231730;750
2,02E+11;18;1;18;1150;2;2;3;2;3;114;  BOULEVARD JOURDAN;M;4881970;234163;750
2,02E+11;18;1;18;1345;1;2;2;8;6;114;13  AVENUE RENE COTY;M;4883070;233385;750
2,02E+11;18;1;19;2310;5;2;5;1;7;114;29  RUE ASSELINE;M;4883440;232178;750
2,02E+11;18;1;20;601;5;2;2;2;6;114;14-11261  RUE VERCINGETO;M;4883550;231546;750
2,02E+11;18;1;21;1845;5;2;4;2;6;114;118  AVENUE DU GENERAL L;M;4882470;232588;750
2,02E+11;18;1;23;820;1;2;3;1;3;114;RUE CELS;M;4883700;232351;750
2,02E+11;18;1;24;1145;1;2;3;1;6;114;51  AVENUE DU GENERAL LE;M;4882960;232833;750
2,02E+11;18;1;25;1820;5;2;4;1;6;114;6  RUE GUSTAVE LE BON;M;4882440;232031;750
2,02E+11;18;1;28;507;5;2;2;2;3;114;32  RUE DE L OUEST;M;4883680;232073;750
2,02E+11;18;1;29;1820;5;2;2;1;2;114;44  RUE DIDOT;M;4883130;231983;750
2,02E+11;18;1;30;100;5;2;1;1;3;114;39  RUE DE LA GAITE;M;4883900;232295;750
2,02E+11;18;2;1;1030;1;2;4;1;6;107;17  BOULEVARD DES INVALI;M;4885800;231519;750
2,02E+11;18;2;2;1430;1;2;3;1;3;114;51  AVENUE DU MAINE;M;4884060;232176;750
2,02E+11;18;2;2;1450;1;2;3;1;2;114;49  AVENUE DU MAINE;M;4884060;232176;750
2,02E+11;18;2;2;1800;5;2;3;1;1;114;5 BIS  RUE D ALESIA;M;4882690;233860;750
2,02E+11;18;2;9;1940;5;2;7;9;6;107;PLACE VAUBAN;M;4885390;231139;750
2,02E+11;18;2;10;1200;1;2;2;1;3;114;  RUE DE LA TOMBE ISSOIR;M;4883330;233615;750
2,02E+11;18;2;11;750;5;2;4;1;6;114;116  AVENUE DU MAINE;M;4883620;232350;750
2,02E+11;18;2;11;1945;5;2;2;1;3;114;/  RUE HIPPOLYTE MAINDRO;M;4883200;232223;750
2,02E+11;18;2;13;1135;1;2;7;1;6;114;PLACE DENFERT ROCHEREAU;M;4883380;233333;750
2,02E+11;18;2;15;820;1;2;2;2;2;114;AVENUE DU GENERAL LECLER;M;4882320;232552;750
2,02E+11;18;2;17;1130;1;2;3;1;2;114;AVENUE ERNEST REYER;M;4882390;231770;750
2,02E+11;18;2;19;1315;1;2;2;2;6;114;223  RUE D ALESIA;M;4883220;231284;750
2,02E+11;18;2;22;2345;5;2;2;1;3;114;39  RUE FROIDEVAUX;M;4883600;232760;750
2,02E+11;18;2;24;152;5;2;3;1;6;105;63  BOULEVARD SAINT GERM;M;4885060;234641;750
2,02E+11;18;3;2;1700;1;2;2;1;6;114;35  RUE DU COMMANDANT RE;M;4883750;231856;750
2,02E+11;18;3;2;2120;5;2;2;1;3;114;125  RUE D ALESIA;M;4882930;232262;750
2,02E+11;18;3;7;1400;1;2;2;2;6;114;670  RUE D ALESIA;M;4883180;231413;750
2,02E+11;18;3;8;1155;1;2;7;8;6;114;AVENUE DE LA PORTE D ORL;M;4882200;232532;750
2,02E+11;18;3;8;1905;5;2;2;2;7;114;86  BOULEVARD ADOLPHE PI;M;4882360;230831;750
2,02E+11;18;3;11;130;5;2;5;3;2;106;131  BOULEVARD SAINT GER;M;4885310;233604;750
2,02E+11;18;3;12;820;1;2;1;2;3;114;43  BOULEVARD SAINT JACQ;M;4883270;233739;750
2,02E+11;18;3;12;915;1;2;4;1;3;114;217  BOULEVARD RASPAIL;M;4884050;233009;750
2,02E+11;18;3;14;1520;1;2;2;1;3;114;BOULEVARD BRUNE;M;4882770;230530;750
2,02E+11;18;3;15;1535;1;2;2;1;2;114;53  AVENUE DU GENERAL LE;M;4882960;232833;750
2,02E+11;18;3;15;2055;5;2;1;2;3;114;110  AVENUE DU GENERAL L;M;4882580;232611;750
2,02E+11;18;3;18;1700;1;2;3;4;6;114;149  RUE D ALESIA;M;4883010;232036;750
2,02E+11;18;3;19;1330;1;2;1;1;3;114;135  RUE VERCINGETORIX;M;4883340;231238;750
2,02E+11;18;3;19;1620;1;2;3;8;6;114;173  RUE VERCINGETORIX;M;4883210;231046;750
2,02E+11;18;3;20;645;2;2;7;1;3;114;  PLACE VICTOR ET HELENE;M;4882810;232689;750
2,02E+11;18;3;20;2100;5;2;1;1;3;114;3  AVENUE MAURICE D OCAG;M;4882460;231398;750
2,02E+11;18;3;23;1520;1;2;2;8;6;114;RUE DE LA TOMBE ISSOIRE;M;4882780;233250;750
2,02E+11;18;3;24;850;1;2;5;1;6;114;8  BOULEVARD BRUNE;M;4882770;230530;750
2,02E+11;18;3;23;1715;1;2;2;1;6;114;108  RUE D ALESIA;M;4882930;232262;750
2,02E+11;18;3;25;1920;1;2;3;1;1;114;63  RUE RAYMOND LOSSERAN;M;4883440;231889;750
2,02E+11;18;3;25;2100;5;2;1;2;6;114;64  BOULEVARD BRUNE;M;4882580;231370;750
2,02E+11;18;3;27;915;1;2;1;2;6;114;AVENUE DU GENERAL LECLER;M;4882560;232605;750
2,02E+11;18;3;30;1100;1;2;2;8;2;114;30  RUE OLIVIER NOYER;M;4883190;232014;750
2,02E+11;18;3;30;1725;1;2;1;1;3;114;10  AVENUE DE LA PORTE D;M;4882620;230447;750
2,02E+11;18;3;31;910;1;2;2;1;2;114;128  AVENUE DU GENERAL L;M;4882440;232581;750
2,02E+11;18;4;4;1935;1;2;7;1;2;114;PLACE VICTOR ET HELENE B;M;4882780;232667;750
2,02E+11;18;3;28;2115;5;2;1;9;6;114;BOULEVARD PERIPHERIQUE E;M;4882170;231759;750
2,02E+11;18;4;6;1745;1;2;1;1;2;114;30  AVENUE DU GENERAL LE;M;4883170;233020;750
2,02E+11;18;4;7;1020;1;2;4;1;2;114;114  AVENUE DU MAINE;M;4883620;232350;750
2,02E+11;18;4;7;2220;5;2;3;1;6;114;94  RUE DIDOT;M;4882800;231548;750
2,02E+11;18;4;9;1450;1;2;7;2;6;114;1  PLACE DENFERT ROCHERE;M;4883420;233234;750
2,02E+11;18;4;9;2000;2;2;3;2;5;114;47  RUE FROIDEVAUX;M;4883620;232719;750
2,02E+11;18;4;10;1700;1;2;1;6;6;114;  RUE DE GERGOVIE;M;4883250;231684;750
2,02E+11;18;4;14;1140;1;2;3;1;1;114;110  RUE DIDOT;M;4882630;231301;750
2,02E+11;18;4;17;530;2;2;1;1;6;114;58  RUE DE LA SABLIERE;M;4883240;232071;750
2,02E+11;18;4;18;1110;1;2;1;1;6;114;259  BOULEVARD RASPAIL;M;4883760;233118;750
2,02E+11;18;4;19;1722;1;2;1;1;6;114;159  RUE RAYMOND LOSSERA;M;4883080;231206;750
2,02E+11;18;4;20;2310;5;2;3;1;6;105;31  QUAI DE LA TOURNELLE;M;4885040;235354;750
2,02E+11;18;4;24;2234;5;2;7;1;6;114;PLACE DENFERT ROCHEREAU;M;4883380;233333;750
2,02E+11;18;4;25;640;2;2;2;1;6;114;2  RUE DE CHATILLON;M;4882710;232497;750
2,02E+11;18;4;26;1540;1;2;1;1;6;114;RUE DU COMMANDANT RENE M;M;4883940;232096;750
2,02E+11;18;4;27;550;5;2;1;1;7;114;122  AVENUE DU GENERAL L;M;4882480;232591;750
2,02E+11;18;4;29;1758;1;2;1;2;6;114;BOULEVARD PERIPHERIQUE E;M;4882440;230601;750
2,02E+11;18;4;30;950;1;2;1;1;6;114;AVENUE DE LA PORTE D ORL;M;4882010;232575;750
2,02E+11;18;5;3;945;1;2;3;1;7;107;QUAI D ORSAY;M;4886280;231163;750
2,02E+11;18;5;3;1150;1;2;1;1;6;114;3  AVENUE GEORGES LAFENE;M;4882580;231224;750
2,02E+11;18;5;4;745;1;2;7;1;2;114;RUE VERCINGETORIX;M;4883730;231877;750
2,02E+11;18;5;5;1420;1;2;4;1;6;114;44  RUE D ALESIA;M;4882780;232903;750
2,02E+11;18;5;9;2000;1;2;1;1;6;114;11  AVENUE PAUL APPELL;M;4882160;232754;750
2,02E+11;18;5;11;1045;1;2;4;1;6;114;3  RUE DAREAU;M;4883210;233953;750
2,02E+11;18;5;15;1100;1;2;1;8;2;114;162  BOULEVARD DU MONTPA;M;4884020;233515;750
2,02E+11;18;5;15;1800;1;2;3;1;3;114;202  AVENUE DU MAINE;M;4883030;232586;750
2,02E+11;18;5;17;1125;1;2;7;1;3;114;24  PLACE DE CATALOGNE;M;4883730;231877;750
2,02E+11;18;5;18;2100;1;2;1;1;3;114;106  AVENUE DU GENERAL L;M;4882610;232620;750
2,02E+11;18;5;19;1630;1;2;3;1;3;114;182  RUE D ALESIA;M;4883220;231284;750
2,02E+11;18;5;20;940;1;2;2;1;6;114;55  AVENUE JEAN MOULIN;M;4882460;231928;750
2,02E+11;18;5;20;1800;1;2;2;1;3;114;AVENUE DE LA PORTE DE MO;M;4882270;232263;750
2,02E+11;18;5;22;1800;1;2;4;2;6;114;197  AVENUE DU MAINE;M;4882980;232602;750
2,02E+11;18;5;24;750;1;2;1;1;7;113;BOULEVARD PERIPHERIQUE E;M;4881690;234830;750
2,02E+11;18;5;24;825;1;2;7;1;3;114;19  PLACE DE CATALOGNE;M;4883690;231849;750
2,02E+11;18;5;24;900;1;2;4;1;3;114;203  AVENUE DU MAINE;M;4882910;232634;750
2,02E+11;18;5;24;1345;1;2;1;1;6;114;51  AVENUE DE L OBSERVAT;M;4883910;233668;750
2,02E+11;18;5;25;940;1;2;1;1;4;113;BOULEVARD PERIPHERIQUE I;M;4881810;236832;750
2,02E+11;18;5;26;1220;1;2;2;1;3;114;AVENUE DE LA PORTE DE CH;M;4882230;231415;750
2,02E+11;18;5;27;400;5;2;5;1;3;114;102  BOULEVARD BRUNE;M;4882460;231928;750
2,02E+11;18;6;2;1615;1;2;2;1;3;114;79  BOULEVARD BRUNE;M;4882600;231255;750
2,02E+11;18;6;4;1425;1;2;1;1;2;114;12  BOULEVARD SAINT JACQ;M;4883230;233995;750
2,02E+11;18;6;4;1955;1;2;2;1;3;114;RUE DE L OUEST;M;4883680;232073;750
2,02E+11;18;6;5;1850;1;2;1;1;3;114;77  AVENUE DU GENERAL LE;M;4882820;232714;750
2,02E+11;18;6;6;1810;1;2;3;2;7;114;7  BOULEVARD JOURDAN;M;4881970;234163;750
2,02E+11;18;6;7;1250;1;2;3;1;6;114;21  AVENUE DU GENERAL LE;M;4883130;232984;750
2,02E+11;18;6;12;842;1;2;7;2;3;114;0  PLACE VICTOR BASCH;M;4882780;232667;750
2,02E+11;18;6;12;1030;1;2;2;2;2;114;59  BOULEVARD SAINT JACQ;M;4883300;233597;750
2,02E+11;18;6;11;1855;1;2;1;1;6;114;4  RUE DE LA SABLIERE;M;4883160;232478;750
2,02E+11;18;6;12;1655;1;2;3;1;3;114;VILLA MODERNE;M;4883070;232376;750
2,02E+11;18;6;14;1605;1;2;2;1;3;114;40  AVENUE REILLE;M;4882450;233831;750
2,02E+11;18;6;12;1357;1;2;7;1;2;114;0  PLACE DENFERT ROCHERE;M;4883440;233242;750