Num_Acc;an;mois;jour;hrmn;lum;agg;int;atm;col;com;adr;gps;lat;long;dep
2,02E+11;18;6;14;1710;1;2;3;8;3;114;4  RUE HENRY DE BOURNAZE;M;4882540;231384;750
2,02E+11;18;6;15;1908;1;2;3;1;3;114;RUE D ALESIA;M;4882720;233665;750
2,02E+11;18;6;15;2138;2;2;2;1;3;114;36  RUE DE L OUEST;M;4883650;232014;750
2,02E+11;18;6;16;1700;1;2;1;1;2;114;7  RUE D ALESIA;M;4882690;233826;750
2,02E+11;18;6;16;1840;1;2;3;1;7;107;151  RUE DE GRENELLE;M;4885790;230723;750
2,02E+11;18;6;18;1025;1;2;2;2;6;114;RUE JEAN DOLENT;M;4883410;233653;750
2,02E+11;18;6;18;1455;1;2;7;1;3;114;34  RUE DE LA TOMBE ISSO;M;4882400;233093;750
2,02E+11;18;6;18;1925;1;2;3;1;6;114;22  RUE DE GERGOVIE;M;4883390;231441;750
2,02E+11;18;6;18;1955;1;2;4;1;3;114;73  AVENUE DU MAINE;M;4883850;232261;750
2,02E+11;18;6;19;1435;1;2;1;1;2;114;80  AVENUE DU GENERAL LE;M;4882890;232779;750
2,02E+11;18;6;19;1520;1;2;1;1;2;114;76  AVENUE DENFERT ROCHE;M;4883690;233485;750
2,02E+11;18;6;20;800;1;2;5;1;3;114;143  BOULEVARD ROMAIN RO;M;4882230;231415;750
2,02E+11;18;6;20;1915;1;2;7;1;6;114;RUE FROIDEVAUX;M;4883430;233086;750
2,02E+11;18;6;21;1425;1;2;1;1;6;114;84  BOULEVARD DU MONTPAR;M;4884300;232651;750
2,02E+11;18;6;22;2000;1;2;3;1;3;114;16 QUATER  RUE DU MOULIN;M;4882990;232310;750
2,02E+11;18;6;23;2130;2;2;1;1;6;114;201 BIS  RUE RAYMOND LOS;M;4882900;230802;750
2,02E+11;18;6;26;920;1;2;7;1;3;114;AVENUE DENFERT ROCHEREAU;M;4883440;233242;750
2,02E+11;18;6;26;2305;5;2;2;1;3;115;193  RUE DE LA CONVENTIO;M;4883720;229641;750
2,02E+11;18;6;29;1500;1;2;7;1;3;114;75  AVENUE DU GENERAL LE;M;4882780;232667;750
2,02E+11;18;7;2;1515;1;2;1;1;6;114;122  AVENUE DU GENERAL L;M;4882480;232591;750
2,02E+11;18;7;3;1720;1;2;2;1;3;107;BOULEVARD SAINT GERMAIN;M;4886000;232170;750
2,02E+11;18;7;4;1855;1;2;3;1;3;114;AVENUE JEAN MOULIN;M;4882590;232226;750
2,02E+11;18;7;6;1755;1;2;3;1;2;115;141  AVENUE FELIX FAURE;M;4883740;227962;750
2,02E+11;18;7;6;1955;1;2;2;1;3;114;0  RUE FROIDEVAUX;M;4883600;232760;750
2,02E+11;18;7;8;1045;1;2;7;1;6;107;2  AVENUE DE TOURVILLE;M;4885380;231238;750
2,02E+11;18;7;9;940;1;2;1;1;1;114;6  RUE NANSOUTY;M;4882370;233581;750
2,02E+11;18;7;11;1250;1;2;1;1;6;114;PLACE DU VINGT CINQ AOUT;M;4882250;232545;750
2,02E+11;18;7;12;1300;1;2;1;1;3;106;166  BOULEVARD DU MONTPA;M;4884000;233564;750
2,02E+11;18;7;13;1630;1;2;2;1;6;114;16  RUE DES PLANTES;M;4883160;232442;750
2,02E+11;18;7;17;1145;1;2;3;1;2;114;RUE SARRETTE;M;4882000;232000;750
2,02E+11;18;7;17;1500;1;2;2;1;2;114;BOULEVARD ROMAIN ROLLAND;M;4881964;232640;750
2,02E+11;18;7;17;1510;1;2;1;1;6;114;AVENUE ANDRE RIVOIRE;M;4881780;233256;750
2,02E+11;18;7;18;1545;1;2;5;1;2;114;BOULEVARD RASPAIL;M;4584200;232900;750
2,02E+11;18;7;18;2110;5;2;2;1;3;114;BOULEVARD BRUNE;M;4882427;231918;750
2,02E+11;18;7;19;910;1;2;2;1;6;114;RUE D ARCUEIL;M;4881997;234329;750
2,02E+11;18;7;20;1550;1;2;1;1;6;114;RUE RAYMOND LOSSERAND;M;;;750
2,02E+11;18;7;20;1720;1;2;1;1;3;114;RUE DU FAUBOURG SAINT JA;M;4883825;233935;750
2,02E+11;18;7;20;1800;1;2;3;2;3;114;BOULEVARD BRUNE;M;4882700;230500;750
2,02E+11;18;7;23;600;2;2;5;1;3;114;AVENUE DE LA PORTE DE CH;M;4882238;231447;750
2,02E+11;18;7;24;1830;1;2;1;1;6;114;RUE DES PLANTES;M;4882842;232175;750
2,02E+11;18;7;26;1445;1;2;1;1;6;114;AVENUE DU MAINE;M;4883164;232630;750
2,02E+11;18;7;28;1125;1;2;3;1;6;114;AVENUE DU MAINE;M;4883279;232474;750
2,02E+11;18;7;28;2350;5;2;2;1;3;114;RUE D ALESIA;M;4883000;231700;750
2,02E+11;18;7;30;1810;1;2;5;1;6;114;RUE D ALESIA;M;4883000;231900;750
2,02E+11;18;8;2;2350;5;2;3;1;3;114;RUE FROIDEVAUX;M;4883531;232915;750
2,02E+11;18;8;6;920;1;2;4;1;3;114;BOULEVARD RASPAIL;M;4884000;233000;750
2,02E+11;18;8;8;915;1;2;1;1;2;114;BOULEVARD PERIPHERIQUE I;M;4880000;231000;750
2,02E+11;18;8;11;515;5;2;1;1;1;114;AVENUE DU GENERAL LECLER;M;4883197;233073;750
2,02E+11;18;8;12;2145;5;2;3;1;4;107;QUAI BRANLY;M;4885925;229346;750
2,02E+11;18;8;13;1545;1;2;1;1;6;114;BOULEVARD DU MONTPARNASS;M;4884271;232673;750
2,02E+11;18;8;13;2305;5;2;2;1;7;114;BOULEVARD JOURDAN;M;4881957;234353;750
2,02E+11;18;8;20;1830;1;2;3;1;6;114;RUE D ALESIA;M;;;750
2,02E+11;18;8;25;2300;5;2;2;8;3;114;RUE FROIDEVAUX;M;4883927;232842;750
2,02E+11;18;8;28;1915;1;2;1;1;2;114;BOULEVARD BRUNE;M;;;750
2,02E+11;18;8;29;1445;1;2;7;2;3;114;PLACE VICTOR BASCH;M;4882777;232681;750
2,02E+11;18;8;29;1630;1;2;3;1;2;114;AVENUE DU GENERAL LECLER;M;4883029;233284;750
2,02E+11;18;8;29;2135;5;2;1;1;3;114;AVENUE PAUL VAILLANT COU;M;4881632;234168;750
2,02E+11;18;8;30;810;1;2;4;1;3;114;BOULEVARD ROMAIN ROLLAND;M;4886083;234397;750
2,02E+11;18;8;30;1215;1;2;1;1;6;114;RUE D ALESIA;M;4882819;232557;750
2,02E+11;18;8;30;1810;1;1;1;1;2;114;BOULEVARD PERIPHERIQUE I;M;4882108;232068;750
2,02E+11;18;8;30;2135;5;2;1;1;6;114;AVENUE DU MAINE;M;4883220;232508;750
2,02E+11;18;9;1;1200;1;2;7;1;6;114;PLACE DU VINGT CINQ AOUT;M;4882297;232575;750
2,02E+11;18;9;3;1805;1;2;2;1;3;114;AVENUE DU MAINE;M;;;750
2,02E+11;18;9;4;15;5;2;2;1;2;114;BOULEVARD ROMAIN ROLLAND;M;4882058;232457;750
2,02E+11;18;9;4;1015;1;2;7;8;3;114;PLACE DE LA PORTE DE VAN;M;4882700;230400;750
2,02E+11;18;9;7;720;1;2;2;1;3;114;BOULEVARD ROMAIN ROLLAND;M;4882086;232113;750
2,02E+11;18;9;7;1220;1;2;1;1;6;114;AVENUE RENE COTY;M;4883237;233331;750
2,02E+11;18;9;8;2015;5;2;1;1;3;114;AVENUE DENFERT ROCHEREAU;M;;;750
2,02E+11;18;9;9;1030;1;2;2;1;3;114;AVENUE DU GENERAL LECLER;M;4882300;232500;750
2,02E+11;18;9;14;1635;1;2;2;1;3;114;RUE DIDOT;M;4882966;231798;750
2,02E+11;18;9;15;1740;1;2;2;1;3;114;BOULEVARD JOURDAN;M;4882121;233425;750
2,02E+11;18;9;19;1415;1;2;1;1;6;114;BOULEVARD JOURDAN;M;4881998;233927;750
2,02E+11;18;9;19;1550;1;2;2;1;3;114;PLACE DU VINGT CINQ AOUT;M;4882294;232565;750
2,02E+11;18;9;21;2040;5;2;3;1;2;114;RUE DU DEPART;M;4884179;232248;750
2,02E+11;18;9;22;2015;5;2;2;8;6;114;BOULEVARD RASPAIL;M;4884100;232900;750
2,02E+11;18;9;23;1;5;2;1;1;6;114;AVENUE DE LA PORTE DE CH;M;4882292;231532;750
2,02E+11;18;9;26;1136;1;2;4;1;6;114;RUE DE COULMIERS;M;4800000;232000;750
2,02E+11;18;9;27;1940;5;2;1;1;3;114;AVENUE DENFERT ROCHEREAU;M;4883527;233358;750
2,02E+11;18;9;28;1750;1;2;1;1;2;114;AVENUE RENE COTY;M;4882575;233536;750
2,02E+11;18;9;29;615;2;2;1;1;6;114;AVENUE REILLE;M;4882433;233699;750
2,02E+11;18;9;29;1700;1;2;7;1;6;114;PLACE DU VINGT CINQ AOUT;M;4882187;232503;750
2,02E+11;18;10;1;826;1;2;1;1;6;114;AVENUE DU GENERAL LECLER;M;4883104;232989;750
2,02E+11;18;10;1;1000;1;2;1;1;6;114;RUE DU FAUBOURG SAINT JA;M;4883757;233934;750
2,02E+11;18;10;1;1100;1;2;1;1;2;114;RUE DIDOT;M;4882672;231368;750
2,02E+11;18;10;4;1000;1;2;2;1;2;114;RUE DU PERE CORENTIN;M;4882330;232675;750
2,02E+11;18;10;4;2125;5;2;1;1;7;113;QUAI D AUSTERLITZ;M;4884300;236500;750
2,02E+11;18;10;6;1100;1;2;1;1;6;114;RUE BEAUNIER;M;4882700;232600;750
2,02E+11;18;10;6;1545;1;2;2;1;3;114;AVENUE DE LA PORTE DE MO;M;4882271;232240;750
2,02E+11;18;10;8;1200;1;2;1;1;2;114;BOULEVARD PERIPHERIQUE I;M;4882468;230492;750
2,02E+11;18;10;8;2230;5;2;2;1;6;114;RUE D ALESIA;M;4882706;233724;750
2,02E+11;18;10;9;848;1;2;7;1;3;114;PLACE DENFERT ROCHEREAU;M;4883365;233204;750
2,02E+11;18;10;11;1315;1;2;7;1;6;114;RUE FROIDEVAUX;M;4883437;233083;750
2,02E+11;18;10;11;2315;5;2;4;1;6;114;RUE DE LA LEGION ETRANGE;M;4882000;232410;750
2,02E+11;18;10;12;1435;1;2;1;1;3;114;BOULEVARD RASPAIL;M;4883607;233115;750
2,02E+11;18;10;13;1215;1;2;3;1;3;114;BOULEVARD RASPAIL;M;4884146;232973;750
2,02E+11;18;10;13;1926;5;2;1;1;6;114;BOULEVARD JOURDAN;M;4882272;232829;750
2,02E+11;18;10;14;1530;1;2;7;1;6;114;PLACE DU VINGT CINQ AOUT;M;4882256;232589;750
2,02E+11;18;10;14;1610;1;2;2;1;6;114;RUE DE L ABBE CARTON;M;4882916;231741;750
2,02E+11;18;10;14;2000;5;2;1;1;3;114;AVENUE DU GENERAL LECLER;M;4882764;232657;750
2,02E+11;18;10;16;1245;1;2;4;1;6;114;AVENUE DU MAINE;M;4883614;232350;750
2,02E+11;18;10;17;1423;1;2;5;1;3;115;QUAI ANDRE CITROEN;M;4884000;227800;750
2,02E+11;18;10;17;2030;5;2;2;1;6;114;AVENUE DE LA PORTE DE CH;M;4882269;231478;750
2,02E+11;18;10;19;715;5;2;1;1;3;114;RUE DE LA TOMBE ISSOIRE;M;4882945;233347;750
2,02E+11;18;10;23;815;1;2;2;1;6;105;BOULEVARD DE PORT ROYAL;M;4883879;233998;750
2,02E+11;18;10;23;1305;1;2;3;1;3;114;BOULEVARD RASPAIL;M;4883770;233120;750
2,02E+11;18;10;26;1315;1;2;2;1;2;114;RUE VERCINGETORIX;M;4883459;231417;750
2,02E+11;18;10;26;1900;5;2;4;2;2;114;BOULEVARD RASPAIL;M;4883953;233054;750
2,02E+11;18;10;27;1310;1;2;3;1;2;114;BOULEVARD BRUNE;M;4882560;231360;750
2,02E+11;18;10;28;545;5;2;3;1;6;114;AVENUE DU MAINE;M;4884000;232210;750
2,02E+11;18;10;29;1330;1;2;3;1;3;114;AVENUE DE LA PORTE D ORL;M;4882000;232400;750
2,02E+11;18;10;30;600;5;2;3;2;3;114;BOULEVARD DU MONTPARNASS;M;4884116;233144;750
2,02E+11;18;10;31;1635;1;2;1;2;6;114;RUE DE L AMIRAL MOUCHEZ;M;4882178;234223;750
2,02E+11;18;11;1;1830;5;1;1;1;2;114;BOULEVARD PERIPHERIQUE I;M;4881688;233690;750
2,02E+11;18;11;2;1600;1;2;3;1;6;114;RUE DES SUISSES;M;4883100;231500;750
2,02E+11;18;11;10;2315;5;2;7;8;4;114;PLACE DENFERT ROCHEREAU;M;4883366;233208;750
2,02E+11;18;11;11;200;5;2;2;2;6;114;BOULEVARD JOURDAN;M;4882130;233451;750
2,02E+11;18;11;11;1855;5;2;2;2;7;114;BOULEVARD JOURDAN;M;4882231;232901;750
2,02E+11;18;11;12;1730;5;2;1;8;6;114;RUE RAYMOND LOSSERAND;M;4883406;231844;750
2,02E+11;18;11;12;1805;2;2;2;8;3;114;RUE VERCINGETORIX;M;4883207;231091;750
2,02E+11;18;11;13;840;1;2;3;1;3;114;BOULEVARD RASPAIL;M;;;750
2,02E+11;18;11;13;1020;1;2;3;1;7;114;BOULEVARD RASPAIL;M;4883524;233238;750
2,02E+11;18;11;15;802;2;2;3;8;3;114;RUE RAYMOND LOSSERAND;M;4883345;231719;750
2,02E+11;18;11;16;1745;5;2;2;2;3;107;RUE DE SEVRES;M;4884600;231600;750
2,02E+11;18;11;16;2100;5;2;4;2;3;114;AVENUE DU MAINE;M;4883392;232465;750
2,02E+11;18;11;19;1020;1;2;3;1;3;114;AVENUE JEAN MOULIN;M;4882713;232516;750
2,02E+11;18;11;19;1126;1;2;1;1;6;114;AVENUE DU MAINE;M;4882924;232652;750
2,02E+11;18;11;19;1350;1;2;1;8;6;114;RUE VERCINGETORIX;M;;;750
2,02E+11;18;11;20;1650;2;2;2;1;6;114;BOULEVARD ROMAIN ROLLAND;M;4882011;232441;750
2,02E+11;18;11;22;1935;5;2;7;2;3;114;AVENUE DU MAINE;M;4882829;232682;750
2,02E+11;18;11;23;2100;5;2;2;2;6;114;RUE VERCINGETORIX;M;4883298;231170;750
2,02E+11;18;11;24;705;5;2;2;8;3;114;AVENUE DE LA PORTE D ORL;M;4881982;232572;750
2,02E+11;18;11;25;1730;2;2;3;2;6;114;AVENUE DU GENERAL LECLER;M;4882484;232564;750
2,02E+11;18;11;28;5;5;2;2;3;6;114;BOULEVARD ROMAIN ROLLAND;M;;;750
2,02E+11;18;11;30;1830;5;2;1;1;6;114;AVENUE DENFERT ROCHEREAU;M;;;750
2,02E+11;18;11;30;540;5;2;2;1;6;114;AVENUE RENE COTY;M;4882000;233000;750
2,02E+11;18;11;30;2150;5;2;3;1;6;114;RUE LECUIROT;M;4882900;232000;750
2,02E+11;18;12;1;115;5;2;3;1;1;114;RUE AUGUSTE MIE;M;4866600;233300;750
2,02E+11;18;12;1;1910;5;2;3;2;6;114;RUE D ALESIA;M;4881000;231000;750
2,02E+11;18;12;4;1825;5;2;3;1;6;114;AVENUE DU GENERAL LECLER;M;4882889;232789;750
2,02E+11;18;12;5;1650;2;2;3;1;6;106;RUE DE SEINE;M;4885652;233659;750
2,02E+11;18;12;5;2305;5;2;1;2;1;114;AVENUE DU GENERAL LECLER;M;4882576;232615;750
2,02E+11;18;12;8;1115;1;2;3;1;6;114;AVENUE DU GENERAL LECLER;M;4882000;232000;750
2,02E+11;18;12;8;1355;1;2;1;8;6;114;BOULEVARD ROMAIN ROLLAND;M;;;750
2,02E+11;18;12;9;1910;5;2;3;8;1;114;RUE DAREAU;M;;;750
2,02E+11;18;12;10;1330;1;2;1;8;2;114;AVENUE DU GENERAL LECLER;M;4882563;232653;750
2,02E+11;18;12;10;1725;5;2;2;1;6;114;BOULEVARD BRUNE;M;4882448;231953;750
2,02E+11;18;12;12;1030;1;2;4;1;3;114;AVENUE DU MAINE;M;4883419;232454;750
2,02E+11;18;12;12;1815;5;2;3;1;6;114;RUE D ALESIA;M;4882782;232906;750
2,02E+11;18;12;13;1330;1;2;1;1;6;114;RUE D ALESIA;M;;;750
2,02E+11;18;12;13;1810;5;2;1;1;6;114;PLACE DU VINGT CINQ AOUT;M;4882253;232555;750
2,02E+11;18;12;15;1;5;2;1;1;3;114;AVENUE JEAN MOULIN;M;4882660;232376;750
2,02E+11;18;12;16;2030;3;2;2;1;3;114;RUE DU CHATEAU;M;4883510;232030;750
2,02E+11;18;12;18;1715;5;2;5;1;3;115;RUE DE VOUILLE;M;4883357;230932;750
2,02E+11;18;12;22;219;5;2;4;1;6;113;PORTE DE GENTILLY;M;4881609;234396;750
2,02E+11;18;12;30;2315;5;2;7;2;3;114;PLACE DE CATALOGNE;M;4883734;231876;750
2,02E+11;18;1;2;730;5;2;4;1;6;115;88  RUE DE LA FEDERATION;M;4885270;229853;750
2,02E+11;18;1;3;1630;1;2;5;8;3;115;13  PLACE BALARD;M;4883610;227820;750
2,02E+11;18;1;4;1630;2;2;1;2;6;115;65  RUE DES ENTREPRENEUR;M;4884510;228926;750
2,02E+11;18;1;5;1500;1;2;1;8;2;115;/  PONT DU GARIGLIANO;M;4883900;226901;750
2,02E+11;18;1;5;1545;1;2;2;3;6;115;21  RUE DE VOUILLE;M;4883470;230515;750
2,02E+11;18;1;5;2110;5;2;2;1;3;115;34  RUE DE DANTZIG;M;4883350;229866;750
2,02E+11;18;1;6;1015;1;2;3;8;6;115;80  BOULEVARD LEFEBVRE;M;4882910;229893;750
2,02E+11;18;1;7;330;5;2;2;2;6;115;/  RUE CAMBRONNE;M;4884180;230324;750
2,02E+11;18;1;7;2030;5;2;1;1;6;115;91  AVENUE EMILE ZOLA;M;4884670;228829;750
2,02E+11;18;1;8;1620;1;2;1;1;6;115;7  RUE EDGAR FAURE;M;4885310;229434;750
2,02E+11;18;1;9;1722;5;2;3;2;6;115;119  AVENUE FELIX FAURE;M;4883830;228125;750
2,02E+11;18;1;12;1710;5;2;7;1;2;115;4  RUE BRANCION;M;4883620;230640;750
2,02E+11;18;1;13;1955;5;2;1;1;6;115;8  RUE DE L ARRIVEE;M;4884360;232213;750
2,02E+11;18;1;14;2030;5;2;2;1;2;115;  BOULEVARD GENERAL MART;M;4883700;227434;750
2,02E+11;18;1;15;1230;1;2;7;2;6;115;PLACE DU DIX HUIT JUIN 1;M;4884340;232414;750
2,02E+11;18;1;15;1530;1;2;1;3;7;115;  PLACE DU MOULIN DE JAV;M;4884090;227257;750
2,02E+11;18;1;17;1500;1;2;3;1;6;115;43  QUAI DE GRENELLE;M;4885170;228536;750
2,02E+11;18;1;19;815;2;2;2;1;6;115;77  RUE LABROUSTE;M;4883160;230596;750
2,02E+11;18;1;20;725;5;2;2;2;6;115;196  RUE DE LA CROIX NIV;M;4883860;228937;750
2,02E+11;18;1;21;635;5;2;1;1;6;115;119  BOULEVARD LEFEBVRE;M;4882930;229766;750
2,02E+11;18;1;21;1753;5;2;1;9;3;115;34  AVENUE DU MAINE;M;4884080;232152;750
2,02E+11;18;1;22;915;1;2;2;3;6;115;54  RUE DE LA CONVENTION;M;4884380;228188;750
2,02E+11;18;1;22;1420;1;2;1;1;2;115;36  BOULEVARD GARIBALDI;M;4884670;230514;750
2,02E+11;18;1;25;1900;5;2;1;1;6;115;170  RUE DE LOURMEL;M;4883920;228250;750
2,02E+11;18;1;26;1130;1;2;7;1;3;115;60  RUE VIOLET;M;4884570;229138;750
2,02E+11;18;1;27;1730;2;2;2;1;3;115;23  RUE DE LOURMEL;M;4884900;229089;750
2,02E+11;18;1;30;920;1;2;1;8;2;115;BOULEVARD DE GRENELLE;M;4885380;228921;750
2,02E+11;18;1;30;1400;1;2;2;1;6;115;54  RUE DE VOUILLE;M;4883390;230809;750
2,02E+11;18;1;31;1850;5;2;2;2;6;115;AVENUE DE LA PORTE DE SE;M;4883440;227734;750
2,02E+11;18;1;31;1900;5;2;7;2;2;115;BOULEVARD PASTEUR;M;4884040;231491;750
2,02E+11;18;2;1;1645;1;2;3;8;6;115;233  RUE DE VAUGIRARD;M;4884130;230719;750
2,02E+11;18;2;1;2045;5;2;3;9;3;115;101  QUAI BRANLY;M;4885530;228943;750
2,02E+11;18;2;13;1110;1;2;4;1;6;115;241  RUE DE LA CROIX NIV;M;4883380;228996;750
2,02E+11;18;2;13;1645;1;2;1;2;6;115;RUE VASCO DE GAMA;M;4883550;228513;750
2,02E+11;18;2;13;2210;5;2;2;2;6;115;11  RUE DE LA CONVENTION;M;4884540;227856;750
2,02E+11;18;2;14;905;1;2;2;8;3;115;34  BOULEVARD DE GRENELL;M;4885240;229058;750
2,02E+11;18;2;14;1240;1;2;4;1;7;115;16  AVENUE EMILE ZOLA;M;4884620;227952;750
2,02E+11;18;2;16;1;5;2;6;2;6;115;QUAI ANDRE CITROEN;M;4884000;227192;750
2,02E+11;18;2;20;2217;5;2;7;2;3;115;PLACE CAMBRONNE;M;4884770;230130;750
2,02E+11;18;2;22;945;1;2;3;1;3;115;69  QUAI DE GRENELLE;M;4884940;228155;750
2,02E+11;18;2;28;1500;1;2;2;1;6;115;5  RUE PETEL;M;4884050;229943;750
2,02E+11;18;2;28;2305;5;2;2;4;6;115;5  RUE DU DOCTEUR ROUX;M;4884210;231296;750
2,02E+11;18;3;6;2050;5;2;3;1;3;115;16  RUE DE PRESLES;M;4885240;229662;750
2,02E+11;18;3;8;815;1;2;2;8;3;115;74  RUE DES ENTREPRENEUR;M;4884510;228949;750
2,02E+11;18;3;8;1325;1;2;1;2;6;115;03 BIS  RUE JEAN SICARD;M;4882850;229865;750
2,02E+11;18;3;9;1835;2;2;7;2;3;115;PLACE DU DIX HUIT JUIN 1;M;4884410;232310;750
2,02E+11;18;3;10;1950;5;2;4;1;4;115;12  AVENUE DU MAINE;M;4884420;232018;750
2,02E+11;18;3;11;130;3;2;2;3;6;115;RUE BRANCION;M;4882860;230138;750
2,02E+11;18;3;12;930;1;2;7;8;7;115;RUE LOUIS VICAT;M;4882710;229232;750
2,02E+11;18;3;14;835;1;2;3;1;6;115;202  RUE DE VAUGIRARD;M;4884130;230719;750
2,02E+11;18;3;14;1600;1;2;1;1;3;115;88  BOULEVARD DE GRENELL;M;4885000;229457;750
2,02E+11;18;3;17;1005;1;2;1;2;7;115;33  RUE FREMICOURT;M;4884760;229951;750
2,02E+11;18;3;17;2025;5;2;7;2;3;115;PLACE JACQUES MARETTE;M;4883260;230099;750
2,02E+11;18;3;18;430;5;2;2;2;3;115;RUE DE LA FEDERATION;M;4885380;229412;750
2,02E+11;18;3;18;1440;1;2;2;8;3;115;AVENUE DE LA PORTE BRANC;M;4882580;230024;750
2,02E+11;18;3;22;845;1;2;2;1;5;115;171  RUE DE LA CONVENTIO;M;4883810;229459;750
2,02E+11;18;3;23;1025;1;2;2;8;7;115;BOULEVARD LEFEBVRE;M;4883270;228833;750
2,02E+11;18;3;23;930;1;2;2;1;6;115;  RUE DE LA CONVENTION;M;4883720;229641;750
2,02E+11;18;3;24;130;5;2;2;1;2;115;PLACE BALARD;M;4883610;227820;750
2,02E+11;18;3;26;830;1;2;1;1;3;115;226  RUE LECOURBE;M;4883980;229369;750
2,02E+11;18;3;27;250;5;2;1;1;6;115;72  BOULEVARD DE GRENELL;M;4885040;229337;750
2,02E+11;18;3;27;800;1;2;2;2;6;115;BOULEVARD DE GRENELLE;M;4885240;229058;750
2,02E+11;18;3;28;815;1;2;3;3;3;115;QUAI BRANLY;M;4885500;228934;750
2,02E+11;18;3;28;1245;1;2;2;2;3;115;98  RUE DE LA PROCESSION;M;4883540;231178;750
2,02E+11;18;3;30;1200;1;2;7;2;3;115;  BOULEVARD DE GRENELLE;M;4884790;230110;750
2,02E+11;18;3;30;1610;1;2;3;1;3;115;26  RUE LECOURBE;M;4884440;230875;750
2,02E+11;18;4;4;1520;1;2;3;2;7;115;  AVENUE DE LA PORTE DE;M;4882920;229229;750
2,02E+11;18;4;7;1315;1;2;2;1;3;115;198  RUE DE LA CONVENTIO;M;4883720;229641;750
2,02E+11;18;4;8;1425;1;2;2;1;3;115;147  RUE DE LA CONVENTIO;M;4883930;229196;750
2,02E+11;18;4;10;945;1;2;4;1;3;115;QUAI BRANLY;M;4885530;228943;750
2,02E+11;18;4;10;1415;1;2;1;1;2;115;110  AVENUE EMILE ZOLA;M;4884680;229026;750
2,02E+11;18;4;11;935;1;2;4;1;3;115;80  BOULEVARD GARIBALDI;M;4884570;230973;750
2,02E+11;18;4;13;1940;1;2;2;1;6;115;49  BOULEVARD GENERAL MA;M;4883700;227434;750
2,02E+11;18;4;17;1055;1;2;2;1;3;115;45  RUE MADEMOISELLE;M;4884370;229774;750
2,02E+11;18;4;18;1700;1;2;1;1;3;115;85  SOUTERRAIN CITROEN C;M;4884220;227371;750
2,02E+11;18;4;18;1830;1;2;2;1;6;115;34  RUE LINOIS;M;4884770;228415;750
2,02E+11;18;4;23;1400;1;2;5;1;2;115;PLACE DES MARTYRS JUIFS;M;4885460;228867;750
2,02E+11;18;4;25;2025;1;2;3;1;3;115;17  RUE VIGEE LEBRUN;M;4883850;231149;750
2,02E+11;18;4;25;2250;5;2;5;1;6;115;PLACE SAINT CHARLES;M;4884910;228762;750
2,02E+11;18;4;26;800;1;2;1;1;3;115;21  RUE LOUIS VICAT;M;4882640;229556;750
2,02E+11;18;4;26;1145;1;2;1;1;3;115;20  BOULEVARD DU MONTPAR;M;4884590;231835;750
2,02E+11;18;4;27;1905;1;2;2;1;3;115;RUE DE VAUGIRARD;M;4884040;230425;750
2,02E+11;18;4;27;1930;2;2;2;1;3;115;65  RUE DE LA CONVENTION;M;4884310;228349;750
2,02E+11;18;4;29;1230;1;2;7;2;6;115;2  BOULEVARD GARIBALDI;M;4884770;230186;750
2,02E+11;18;4;29;1445;1;2;3;2;7;115;16  RUE LECOURBE;M;4884460;230958;750
2,02E+11;18;4;30;1010;1;2;1;2;3;115;15  RUE ROBERT LINDET;M;4883330;229620;750
2,02E+11;18;5;1;2135;5;2;7;1;6;115;5  PLACE CHARLES MICHELS;M;4884680;228568;750
2,02E+11;18;5;3;20;5;2;4;1;2;115;48  BOULEVARD GARIBALDI;M;4884640;230612;750
2,02E+11;18;5;3;1425;1;2;1;1;7;115;BOULEVARD LEFEBVRE;M;4883160;229066;750
2,02E+11;18;5;3;1530;1;2;3;1;6;115;167  RUE DE LA CONVENTIO;M;4883830;229395;750
2,02E+11;18;5;4;1110;1;2;2;1;3;115;65  RUE DES ENTREPRENEUR;M;4884510;228949;750
2,02E+11;18;5;4;1705;1;2;1;1;6;115;11  RUE DURANTON;M;4884050;228545;750
2,02E+11;18;5;5;1345;1;2;1;1;2;115;04  RUE LOUIS ARMAND;M;4883320;227732;750
2,02E+11;18;5;6;1425;1;2;3;1;6;115;116  RUE DE LA CONVENTIO;M;4884070;228878;750
2,02E+11;18;5;6;1740;1;2;3;1;3;115;11  RUE DE VOUILLE;M;4883510;230378;750
2,02E+11;18;5;6;2150;5;2;2;1;3;115;42  RUE DE LA CONVENTION;M;4884410;228121;750
2,02E+11;18;5;7;1615;1;2;2;1;6;115;683  RUE DE VAUGIRARD;M;4884290;231236;750
2,02E+11;18;5;7;1655;1;2;1;1;2;115;11  BOULEVARD DE GRENELL;M;4885390;228955;750
2,02E+11;18;5;8;2025;1;2;1;1;2;115;48  RUE LINOIS;M;4884700;228531;750
2,02E+11;18;5;9;1315;1;2;7;1;6;115;5  PLACE CAMBRONNE;M;4884770;230159;750
2,02E+11;18;5;10;1900;1;2;3;1;6;115;158  RUE DE LA CONVENTIO;M;4883930;229196;750
2,02E+11;18;5;11;830;1;2;4;1;6;115;88  RUE DE LA FEDERATION;M;4885270;229853;750
2,02E+11;18;5;11;1800;1;2;1;1;2;115;52  RUE BALARD;M;4884140;227781;750
2,02E+11;18;5;12;1715;1;2;2;2;3;115;46  RUE LABROUSTE;M;4883390;230809;750
2,02E+11;18;5;13;1650;1;2;1;1;6;115;75  RUE DE LA CONVENTION;M;4884250;228478;750
2,02E+11;18;5;15;2140;5;2;2;1;3;115;  RUE DE LA CONVENTION;M;4883720;229641;750