Num_Acc;an;mois;jour;hrmn;lum;agg;int;atm;col;com;adr;gps;lat;long;dep
2,02E+11;18;5;16;940;1;2;2;1;6;115;107  RUE DE LA CONVENTIO;M;4884110;228788;750
2,02E+11;18;5;16;1800;1;2;3;1;6;115;14  RUE LINOIS;M;4884860;228289;750
2,02E+11;18;5;17;300;5;2;2;1;6;115;25  RUE BRANCION;M;4883470;230515;750
2,02E+11;18;5;17;1105;1;2;1;1;3;115;QUAI D ISSY LES MOULINEA;M;4883530;226665;750
2,02E+11;18;5;17;1915;1;2;1;1;6;115;57  RUE DES MORILLONS;M;4883250;230160;750
2,02E+11;18;5;18;1150;1;2;1;1;6;115;189  RUE DE LA CONVENTIO;M;4883750;229586;750
2,02E+11;18;5;19;140;5;2;7;1;6;115;RUE DU DEPART;M;4884340;232414;750
2,02E+11;18;5;20;1245;1;2;3;1;3;115;RUE DU THEATRE;M;4885070;228397;750
2,02E+11;18;5;20;1630;1;2;2;1;3;115;92  BOULEVARD LEFEBVRE;M;4882860;230138;750
2,02E+11;18;5;20;2015;2;2;2;1;3;115;AVENUE FELIX FAURE;M;4884030;228584;750
2,02E+11;18;5;21;950;1;2;1;1;6;115;1  BOULEVARD VICTOR;M;4883620;227775;750
2,02E+11;18;5;22;1620;1;2;2;3;6;115;61  QUAI DE GRENELLE;M;4885070;228397;750
2,02E+11;18;5;24;1145;1;2;2;1;6;115;107  RUE DE LA CONVENTIO;M;4884110;228788;750
2,02E+11;18;5;26;1310;1;2;2;1;6;115;55  RUE DE LA CONVENTION;M;4884340;228272;750
2,02E+11;18;5;27;1220;1;2;2;1;6;115;116  RUE DE LA CROIX NIV;M;4884240;229415;750
2,02E+11;18;5;27;1733;1;2;1;1;6;115;RUE DE CADIX;M;4883440;228857;750
2,02E+11;18;5;28;2240;5;2;2;2;7;115;58  RUE DE LA CONVENTION;M;4884340;228272;750
2,02E+11;18;5;29;1645;1;2;3;1;2;115;44-46  BOULEVARD DE GREN;M;4885170;229135;750
2,02E+11;18;5;30;1715;1;2;2;1;3;115;51  AVENUE ALBERT BARTHO;M;4882770;230010;750
2,02E+11;18;5;31;1520;1;2;5;1;3;115;BOULEVARD GENERAL MARTIA;M;4883870;226978;750
2,02E+11;18;5;31;1915;1;2;1;1;3;115;34  RUE EMERIAU;M;4885010;228669;750
2,02E+11;18;6;1;930;1;2;4;1;3;115;29  QUAI D ISSY LES MOUL;M;4883540;226688;750
2,02E+11;18;6;2;2006;1;2;2;1;6;115;QUAI DE GRENELLE;M;4884910;228191;750
2,02E+11;18;6;4;1300;1;2;2;1;3;115;BOULEVARD GENERAL MARTIA;M;4883700;227434;750
2,02E+11;18;6;4;1730;1;2;3;8;6;115;222  RUE DE LA CONVENTIO;M;4883640;229914;750
2,02E+11;18;6;5;140;5;2;1;1;6;115;55  BOULEVARD DE VAUGIRA;M;4884090;231654;750
2,02E+11;18;6;5;900;1;2;3;3;7;115;BOULEVARD DU MONTPARNASS;M;4884470;232129;750
2,02E+11;18;6;10;1235;1;2;1;1;3;115;67  RUE DE LA CROIX NIVE;M;4884440;229667;750
2,02E+11;18;6;12;1610;1;2;2;1;6;115;95  AVENUE EMILE ZOLA;M;4884670;228886;750
2,02E+11;18;6;14;1800;1;2;2;1;3;115;RUE BRANCION;M;4882860;230138;750
2,02E+11;18;6;15;2255;5;2;2;1;3;115;BOULEVARD LEFEBVRE;M;4882860;230138;750
2,02E+11;18;6;18;2248;5;2;2;1;6;107;1  AVENUE DE LA MOTTE PI;M;4885720;230990;750
2,02E+11;18;6;19;900;1;2;2;1;6;115;130  BOULEVARD DE GRENEL;M;4884900;229777;750
2,02E+11;18;6;19;1725;1;2;7;1;6;115;2  PLACE BALARD;M;4883700;227888;750
2,02E+11;18;6;19;2315;5;2;1;1;6;115;184  RUE DE LA CROIX NIV;M;4883950;228997;750
2,02E+11;18;6;20;1530;1;2;7;1;7;115;RUE LOUIS ARMAND;M;4883330;227710;750
2,02E+11;18;6;20;2130;2;2;2;1;7;115;230  RUE LECOURBE;M;4883960;229303;750
2,02E+11;18;6;21;820;1;2;2;1;3;115;RUE LOUIS ARMAND;M;4883210;228058;750
2,02E+11;18;6;22;2355;5;2;2;1;3;115;RUE MIOLLIS;M;4884610;230488;750
2,02E+11;18;6;23;1130;1;2;1;1;3;115;  QUAI BRANLY;M;4885640;228994;750
2,02E+11;18;6;23;1920;1;2;3;1;6;115;41  BOULEVARD VICTOR;M;4883390;228528;750
2,02E+11;18;6;24;1515;1;2;1;1;6;115;196  RUE DE LA CONVENTIO;M;4883740;229605;750
2,02E+11;18;6;25;325;5;2;2;1;3;115;QUAI DE GRENELLE;M;4884910;228191;750
2,02E+11;18;6;25;1500;1;2;3;1;6;115;  RUE SANTOS DUMONT;M;4883450;230577;750
2,02E+11;18;6;26;1120;1;2;2;1;3;115;RUE DE JAVEL;M;4884480;228388;750
2,02E+11;18;6;26;1815;1;2;7;1;6;115;2  RUE DE L ARRIVEE;M;4884380;232295;750
2,02E+11;18;6;27;1335;1;2;3;1;3;115;11  RUE DE VOUILLE;M;4883510;230378;750
2,02E+11;18;6;27;1505;1;2;2;1;6;115;54  RUE DE LA CONVENTION;M;4884380;228188;750
2,02E+11;18;6;27;1920;1;2;3;1;3;115;QUAI ANDRE CITROEN;M;4884720;227917;750
2,02E+11;18;6;28;1029;1;2;7;7;6;115;2  RUE DE LA CONVENTION;M;4884590;227734;750
2,02E+11;18;6;28;1755;1;2;1;1;7;115;25  RUE DESAIX;M;4885270;229282;750
2,02E+11;18;6;29;2000;1;2;1;1;6;115;30  RUE DE LOURMEL;M;4884880;229071;750
2,02E+11;18;7;2;910;1;2;3;1;3;115;62  RUE DE DANTZIG;M;4883150;229685;750
2,02E+11;18;7;3;900;1;2;7;1;6;115;2  RUE DE LA CONVENTION;M;4884590;227734;750
2,02E+11;18;7;5;1010;1;2;4;1;7;115;QUAI ANDRE CITROEN;M;4884550;227631;750
2,02E+11;18;7;6;600;1;2;2;1;3;115;37  RUE GEORGES PITARD;M;4883360;230919;750
2,02E+11;18;7;6;1205;1;2;1;1;3;115;31  BOULEVARD LEFEBVRE;M;4883170;229041;750
2,02E+11;18;7;7;1;5;2;3;1;6;115;27  RUE THIBOUMERY;M;4883510;230378;750
2,02E+11;18;7;9;1130;1;2;1;1;6;115;32  RUE CASTAGNARY;M;4883410;230939;750
2,02E+11;18;7;11;1215;1;2;7;1;6;115;PLACE CHARLES MICHELS;M;4884660;228612;750
2,02E+11;18;7;13;1550;1;2;4;1;3;115;22  RUE DU DEPART;M;4884190;232253;750
2,02E+11;18;7;13;1810;1;2;2;1;7;115;125  BOULEVARD LEFEBVRE;M;4882980;229559;750
2,02E+11;18;7;14;1255;1;2;3;1;3;114;268  BOULEVARD RASPAIL;M;4883690;233145;750
2,02E+11;18;7;15;1140;1;2;3;1;2;115;154  RUE DE VAUGIRARD;M;4884360;231464;750
2,02E+11;18;7;15;2005;1;2;2;1;3;115;20  BOULEVARD PASTEUR;M;4884290;231236;750
2,02E+11;18;7;16;415;5;2;2;1;3;115;RUE DU COMMERCE;M;4884620;229514;750
2,02E+11;18;7;17;2035;1;2;1;1;6;115;BOULEVARD LEFEBVRE;M;4883000;228000;750
2,02E+11;18;7;17;1320;1;2;1;1;7;115;BOULEVARD LEFEBVRE;M;4883254;228901;750
2,02E+11;18;7;21;1730;1;2;7;1;3;115;PLACE DU MOULIN DE JAVEL;M;4884047;227169;750
2,02E+11;18;7;23;950;1;2;3;7;6;115;RUE DE LA FEDERATION;M;4885274;229826;750
2,02E+11;18;7;24;945;1;2;3;1;3;115;BOULEVARD LEFEBVRE;M;4883290;228847;750
2,02E+11;18;7;24;1935;1;2;4;1;7;115;RUE DE LA CROIX NIVERT;M;4283418;228988;750
2,02E+11;18;7;28;1210;1;2;2;1;3;115;RUE DE JAVEL;M;4884476;228386;750
2,02E+11;18;8;3;20;5;2;1;1;2;115;QUAI D ISSY LES MOULINEA;M;4883595;226700;750
2,02E+11;18;8;4;1620;1;2;1;1;6;115;RUE LAKANAL;M;4884402;229500;750
2,02E+11;18;8;4;1745;1;2;1;1;3;115;RUE CAMBRONNE;M;4884494;230208;750
2,02E+11;18;8;5;1620;1;2;7;1;6;115;PLACE BALARD;M;4883650;227849;750
2,02E+11;18;8;6;1840;1;2;2;1;7;107;BOULEVARD SAINT GERMAIN;M;4885000;234000;750
2,02E+11;18;8;9;1005;1;2;1;2;6;115;BOULEVARD DE GRENELLE;M;4885000;229000;750
2,02E+11;18;8;9;1350;1;2;2;2;3;115;BOULEVARD LEFEBVRE;M;4883105;229227;750
2,02E+11;18;8;10;1120;1;2;1;1;2;115;BOULEVARD LEFEBVRE;M;4882820;230245;750
2,02E+11;18;8;12;2130;5;2;2;1;2;115;QUAI ANDRE CITROEN;M;4884046;227216;750
2,02E+11;18;8;13;249;5;2;4;2;6;115;RUE DE L ARRIVEE;M;4884400;232256;750
2,02E+11;18;8;13;2045;1;2;2;1;3;115;RUE DES MORILLONS;M;4883448;229568;750
2,02E+11;18;8;15;655;2;2;7;1;6;115;PLACE DU DIX HUIT JUIN 1;M;4884345;232370;750
2,02E+11;18;8;18;1630;1;2;5;1;6;115;AVENUE EMILE ZOLA;M;4884647;228528;750
2,02E+11;18;8;20;1530;1;2;3;1;6;115;RUE CAMBRONNE;M;4884350;230213;750
2,02E+11;18;8;21;1845;1;2;3;8;3;107;RUE DE SEVRES;M;4885046;232493;750
2,02E+11;18;8;22;910;1;2;3;1;7;115;BOULEVARD LEFEBVRE;M;4882823;230310;750
2,02E+11;18;8;22;2000;2;2;7;1;6;115;RUE DE L ARRIVEE;M;4884376;232220;750
2,02E+11;18;8;24;1645;1;2;1;1;6;115;AVENUE ALBERT BARTHOLOME;M;4882815;229783;750
2,02E+11;18;8;29;550;5;2;2;2;3;115;RUE BRANCION;M;4883468;230515;750
2,02E+11;18;8;29;1330;1;2;2;2;6;115;BOULEVARD DU MONTPARNASS;M;4884546;231925;750
2,02E+11;18;9;2;1805;1;2;1;1;3;115;BOULEVARD DE VAUGIRARD;M;4884166;231889;750
2,02E+11;18;9;5;1130;1;2;1;1;6;115;RUE DE DANTZIG;M;4883322;229834;750
2,02E+11;18;9;6;1610;1;2;1;1;3;115;ALLEE DES FRERES VOISIN;M;4882815;227180;750
2,02E+11;18;9;6;1735;1;2;1;1;2;115;PLACE DE LA PORTE DE VER;M;4883224;228892;750
2,02E+11;18;9;8;1610;1;2;2;1;3;115;RUE DE LA CONVENTION;M;4883922;229199;750
2,02E+11;18;9;9;918;1;2;1;1;6;115;BOULEVARD DE GRENELLE;M;4885037;229309;750
2,02E+11;18;9;11;1000;1;2;3;1;6;115;QUAI BRANLY;M;4885521;228931;750
2,02E+11;18;9;11;915;1;2;2;1;3;115;QUAI BRANLY;M;4885450;228860;750
2,02E+11;18;9;11;1500;1;2;2;1;3;107;AVENUE DU MARECHAL GALLI;M;4885991;231303;750
2,02E+11;18;9;12;2320;5;2;3;1;2;115;AVENUE DE LA PORTE BRANC;M;4882736;230106;750
2,02E+11;18;9;13;935;1;2;2;2;3;115;PORT DE JAVEL;M;4884633;227663;750
2,02E+11;18;9;13;1230;1;2;3;1;2;115;RUE OLIVIER DE SERRES;M;4883500;229610;750
2,02E+11;18;9;13;1320;2;2;1;8;2;115;BOULEVARD GENERAL MARTIA;M;4883678;227626;750
2,02E+11;18;9;13;1750;1;2;1;1;7;115;QUAI ANDRE CITROEN;M;4884020;227077;750
2,02E+11;18;9;15;15;5;2;3;1;3;115;AVENUE FELIX FAURE;M;4883986;228489;750
2,02E+11;18;9;16;2340;5;2;1;1;7;115;BOULEVARD DES FRERES VOI;M;4882801;227126;750
2,02E+11;18;9;17;800;1;2;2;1;3;115;RUE BRANCION;M;4883213;230299;750
2,02E+11;18;9;17;1230;1;2;2;1;6;115;RUE CAMBRONNE;M;4884175;230327;750
2,02E+11;18;9;18;1430;1;2;2;2;3;115;RUE SAINT CHARLES;M;4884997;228845;750
2,02E+11;18;9;20;2125;5;2;2;1;6;115;RUE DE LA CONVENTION;M;4884225;228558;750
2,02E+11;18;9;21;955;1;2;3;8;7;115;RUE BALARD;M;4884630;228351;750
2,02E+11;18;9;21;1400;1;2;1;1;6;115;RUE DE STAEL;M;4884300;231000;750
2,02E+11;18;9;25;1540;1;2;2;1;3;115;QUAI ANDRE CITROEN;M;4884590;227690;750
2,02E+11;18;9;25;2225;5;2;2;1;6;115;RUE DU PROFESSEUR FLORIA;M;4883774;227526;750
2,02E+11;18;9;26;830;1;2;1;1;6;115;AVENUE FELIX FAURE;M;4883819;228112;750
2,02E+11;18;9;26;1015;1;2;2;1;6;115;QUAI DE GRENELLE;M;4884934;228168;750
2,02E+11;18;9;28;1545;1;2;3;1;6;115;RUE DE LOURMEL;M;4884855;229054;750
2,02E+11;18;9;28;2230;5;2;3;1;3;115;RUE LECOURBE;M;4883850;228860;750
2,02E+11;18;10;1;1310;1;2;3;1;3;115;BOULEVARD DE GRENELLE;M;4885032;229435;750
2,02E+11;18;10;1;1620;1;2;1;1;6;115;RUE LECOURBE;M;4884078;229655;750
2,02E+11;18;10;1;2130;5;2;1;1;6;115;BOULEVARD GARIBALDI;M;4884597;230767;750
2,02E+11;18;10;3;1930;2;2;3;1;3;115;RUE DE LOURMEL;M;4883975;228314;750
2,02E+11;18;10;4;1550;1;2;2;1;3;115;RUE DE VOUILLE;M;4883471;230518;750
2,02E+11;18;10;4;1835;1;2;1;1;6;115;RUE CAMBRONNE;M;4884050;230420;750
2,02E+11;18;10;5;1010;1;2;1;1;1;115;RUE FRANCOIS BONVIN;M;4884446;230591;750
2,02E+11;18;10;6;1430;1;2;2;1;6;115;BOULEVARD DE GRENELLE;M;4884986;229502;750
2,02E+11;18;10;8;900;1;2;7;1;3;115;PLACE DU DIX HUIT JUIN 1;M;4884000;232000;750
2,02E+11;18;10;9;1326;1;2;2;1;3;115;QUAI ANDRE CITROEN;M;4884590;227680;750
2,02E+11;18;10;9;2230;5;2;2;1;2;115;BOULEVARD PASTEUR;M;;;750
2,02E+11;18;10;11;1320;1;2;3;1;6;115;RUE CAMBRONNE;M;4884527;230220;750
2,02E+11;18;10;11;820;1;2;1;1;7;115;BOULEVARD PASTEUR;M;;;750
2,02E+11;18;10;12;1920;3;2;3;1;3;115;RUE FRANCOIS MOUTHON;M;;;750
2,02E+11;18;10;13;1840;2;2;1;1;3;115;BOULEVARD LEFEBVRE;M;;;750
2,02E+11;18;10;15;1950;2;2;2;1;6;115;RUE DE VAUGIRARD;M;4883699;229614;750
2,02E+11;18;10;16;1425;1;2;3;1;6;115;RUE OSCAR ROTY;M;4884243;228698;750
2,02E+11;18;10;17;1145;1;2;3;1;6;115;RUE DE VAUGIRARD;M;4884226;231043;750
2,02E+11;18;10;17;1245;1;2;3;1;2;115;RUE LECOURBE;M;4884453;230900;750
2,02E+11;18;10;17;1545;1;2;2;1;6;115;RUE PETEL;M;4884142;229913;750
2,02E+11;18;10;17;1330;1;2;1;1;3;115;RUE DE JAVEL;M;4884527;228280;750
2,02E+11;18;10;19;500;5;2;7;1;6;115;BOULEVARD GARIBALDI;M;4884557;231047;750
2,02E+11;18;10;20;1;5;2;2;1;3;115;RUE DE VAUGIRARD;M;4883794;229776;750
2,02E+11;18;10;22;1315;1;2;1;2;6;115;RUE DE LA CONVENTION;M;4883758;229552;750
2,02E+11;18;10;23;950;1;2;3;1;3;115;BOULEVARD PASTEUR;M;4884105;231457;750
2,02E+11;18;10;23;1750;2;2;2;1;6;115;RUE PAUL BARRUEL;M;4884009;230446;750
2,02E+11;18;10;23;1930;5;2;3;1;3;115;RUE CAMBRONNE;M;4886379;230195;750
2,02E+11;18;10;24;1555;1;2;1;1;6;115;RUE OSCAR ROTY;M;4884269;228630;750
2,02E+11;18;10;25;1530;1;2;1;1;3;115;RUE DES ENTREPRENEURS;M;4884533;228887;750
2,02E+11;18;10;25;1615;1;2;2;1;3;115;AVENUE DE LA PORTE DE SE;M;4883412;227710;750
2,02E+11;18;10;26;400;5;2;1;1;6;115;BOULEVARD DU MONTPARNASS;M;4884589;231835;750
2,02E+11;18;10;26;720;5;2;2;1;1;115;RUE DE LA PORTE D ISSY;M;4883413;228378;750
2,02E+11;18;10;26;1715;1;2;2;8;6;115;AVENUE DE SUFFREN;M;4884720;230730;750
2,02E+11;18;10;26;2030;3;2;2;2;6;115;RUE LECOURBE;M;4884504;231065;750
2,02E+11;18;10;26;2140;5;2;3;1;3;115;RUE DE VOUILLE;M;4883341;230987;750
2,02E+11;18;10;27;940;1;2;1;1;6;115;RUE BLOMET;M;4884000;229000;750
2,02E+11;18;10;27;1130;1;2;2;1;3;115;RUE DU GENERAL GUILLAUMA;M;4882000;229000;750
2,02E+11;18;10;27;1945;5;2;2;1;3;115;BOULEVARD VICTOR;M;4883600;227700;750
2,02E+11;18;10;30;1510;1;2;3;2;3;115;RUE DE VAUGIRARD;M;4883994;230302;750
2,02E+11;18;10;31;1815;5;2;2;2;6;115;RUE DE VOUILLE;M;4883480;230507;750
2,02E+11;18;10;31;2030;5;2;3;2;3;115;BOULEVARD DE VAUGIRARD;M;;;750
2,02E+11;18;11;1;2000;5;2;1;2;7;115;BOULEVARD DE GRENELLE;M;4883665;229680;750
2,02E+11;18;11;4;1815;5;2;1;1;2;115;QUAI DE GRENELLE;M;4885211;228547;750
2,02E+11;18;11;5;930;1;1;4;1;3;115;ECHANGEUR ISSY;M;4883579;227011;750
2,02E+11;18;11;6;258;5;2;2;1;3;115;RUE BRANCION;M;4880000;230000;750
2,02E+11;18;11;6;1615;1;2;2;8;6;115;RUE DU DOCTEUR JACQUEMAI;M;4884294;229810;750
2,02E+11;18;11;8;700;5;2;3;1;6;115;RUE MAUBLANC;M;;;750
2,02E+11;18;11;8;1705;2;2;3;1;6;115;AVENUE DE LA PORTE DE LA;M;4882824;229229;750
2,02E+11;18;11;9;1100;1;2;1;1;6;115;RUE DU COMMERCE;M;;;750
2,02E+11;18;11;9;1250;1;2;2;1;4;115;RUE DU COMMERCE;M;4884610;229510;750
2,02E+11;18;11;11;1840;5;2;3;2;6;115;RUE CASTAGNARY;M;4883126;230529;750
2,02E+11;18;11;11;2000;5;2;2;2;3;115;RUE DE LA CONVENTION;M;4880000;228000;750
2,02E+11;18;11;12;5;5;2;2;2;6;115;RUE BLOMET;M;4884183;230375;750
2,02E+11;18;11;12;1230;1;2;3;2;7;115;QUAI DE GRENELLE;M;4885282;228649;750
2,02E+11;18;11;13;1500;2;2;1;1;6;115;RUE ROBERT DE FLERS;M;4884901;228351;750
2,02E+11;18;11;16;850;1;2;2;8;6;115;RUE FONDARY;M;4885000;229000;750
2,02E+11;18;11;16;1555;1;2;2;8;6;115;RUE BALARD;M;4884308;227752;750
2,02E+11;18;11;17;2140;5;2;3;1;3;115;QUAI DE GRENELLE;M;4885210;228600;750
2,02E+11;18;11;19;930;1;2;3;1;6;115;RUE DE LA CONVENTION;M;4883835;229386;750
2,02E+11;18;11;19;1130;1;2;7;1;3;115;PLACE D ALLERAY;M;4883635;230656;750
2,02E+11;18;11;19;1510;1;2;4;1;3;115;RUE DE L ARMORIQUE;M;;;750
2,02E+11;18;11;19;1905;5;2;2;1;3;107;AVENUE DE LA MOTTE PICQU;M;4885736;231002;750
2,02E+11;18;11;20;1010;1;2;1;2;6;115;RUE LEBLANC;M;4883000;227000;750
2,02E+11;18;11;22;1130;1;2;2;1;3;115;RUE DE DANTZIG;M;;;750
2,02E+11;18;11;22;1935;5;2;2;1;3;115;AVENUE DE LA PORTE DE LA;M;4883573;229230;750
2,02E+11;18;11;25;1455;1;2;2;2;7;115;BOULEVARD DE GRENELLE;M;4884800;229800;750
2,02E+11;18;11;26;2038;5;2;2;2;3;115;QUAI DE GRENELLE;M;4885000;228000;750
2,02E+11;18;11;27;2030;5;2;2;2;6;115;RUE LINOIS;M;4884814;228364;750
2,02E+11;18;11;29;945;1;2;2;8;3;115;RUE DE L EGLISE;M;4884457;228705;750
2,02E+11;18;12;3;1701;2;2;2;8;6;115;BOULEVARD PASTEUR;M;4884071;231492;750
2,02E+11;18;12;3;2230;5;2;2;1;3;115;AVENUE FELIX FAURE;M;4884028;228594;750
2,02E+11;18;12;4;730;5;2;2;3;6;115;AVENUE DU MAINE;M;;;750
2,02E+11;18;12;4;2030;5;2;2;1;6;115;AVENUE FELIX FAURE;M;4880000;228000;750
2,02E+11;18;12;6;1640;5;2;2;1;6;115;QUAI DE GRENELLE;M;4884000;228000;750
2,02E+11;18;12;7;1630;1;2;3;2;6;115;AVENUE FELIX FAURE;M;4884000;228000;750
2,02E+11;18;12;7;1900;5;2;1;1;3;115;RUE BALARD;M;4884000;227000;750
2,02E+11;18;12;9;2000;5;2;3;1;3;115;RUE DES ENTREPRENEURS;M;;;750
2,02E+11;18;12;10;1655;2;2;3;1;6;115;RUE DE VAUGIRARD;M;4883000;229900;750
2,02E+11;18;12;11;756;2;2;1;1;6;115;BOULEVARD PASTEUR;M;4883984;231573;750
2,02E+11;18;12;11;1200;1;2;2;8;3;115;RUE LOUIS VICAT;M;4882549;230051;750
2,02E+11;18;12;11;1500;1;2;3;1;6;115;RUE LINOIS;M;;;750
2,02E+11;18;12;11;1700;5;2;2;1;2;115;RUE LECOURBE;M;4884000;229000;750
2,02E+11;18;12;12;2045;5;2;2;8;6;115;RUE DE VOUILLE;M;4883389;230823;750
2,02E+11;18;12;14;2255;5;2;2;1;6;115;RUE DUTOT;M;4883940;230950;750
2,02E+11;18;12;17;1530;1;2;2;1;6;115;RUE DE LA CONVENTION;M;4883730;229626;750
2,02E+11;18;12;18;1040;1;2;1;1;5;115;RUE DU PROFESSEUR FLORIA;M;4883918;227182;750
2,02E+11;18;12;18;1020;1;2;1;1;6;115;BOULEVARD GENERAL MARTIA;M;4883762;227282;750
2,02E+11;18;12;20;1400;1;2;2;1;3;115;BOULEVARD VICTOR;M;4883400;227700;750
2,02E+11;18;12;21;1435;1;2;1;2;3;115;RUE DE LOURMEL;M;;;750
2,02E+11;18;12;21;2035;5;2;1;8;6;115;BOULEVARD DE GRENELLE;M;4884836;230091;750
2,02E+11;18;12;25;1910;5;2;1;1;2;115;RUE DE LA CROIX NIVERT;M;4883692;228956;750
2,02E+11;18;12;26;820;2;2;4;1;3;115;AVENUE DE SUFFREN;M;4884793;230522;750
2,02E+11;18;12;30;1350;1;2;7;1;7;115;QUAI ANDRE CITROEN;M;4884910;228220;750
2,02E+11;18;12;31;1700;2;2;2;1;6;115;AVENUE FELIX FAURE;M;4883847;228231;750
2,02E+11;18;12;31;2100;5;2;1;1;2;115;PONT DE GRENELLE;M;4884960;228090;750
2,02E+11;18;1;1;530;5;2;4;1;6;116;ALLEE DE LONGCHAMP;M;4886890;225437;750
2,02E+11;18;1;1;615;5;2;1;1;6;116;AVENUE DE NEW YORK;M;4886170;229286;750
2,02E+11;18;1;2;1555;1;2;1;2;3;116;51  AVENUE VICTOR HUGO;M;4887130;228906;750
2,02E+11;18;1;2;1630;1;2;2;2;3;116;37  AVENUE FOCH;M;4887270;228452;750
2,02E+11;18;1;2;1915;5;2;7;2;6;116;AVENUE DE LA PORTE DE SA;M;4883820;225636;750
2,02E+11;18;1;4;1650;5;2;7;2;6;116;BOULEVARD DE L AMIRAL BR;M;4887240;227588;750
2,02E+11;18;1;4;2230;5;2;7;1;6;116;ROUTE DES TRIBUNES;M;4886410;223629;750
2,02E+11;18;1;8;1030;1;2;3;1;2;116;RUE DE L ASSOMPTION;M;4885590;226473;750
2,02E+11;18;1;8;2010;5;2;1;1;6;116;PONT DE SURESNES;M;4886680;222995;750
2,02E+11;18;1;9;1500;1;2;1;1;3;116;ROUTE DE SURESNES;M;4886850;226614;750
2,02E+11;18;1;9;1440;1;2;7;1;3;116;PLACE CHARLES DE GAULLE;M;4887370;229411;750
2,02E+11;18;1;9;2018;5;2;7;1;3;116;PLACE DU MARECHAL DE LAT;M;4887130;227426;750
2,02E+11;18;1;16;1115;1;2;1;1;6;116;27  AVENUE GEORGES MANDE;M;4886330;228362;750
2,02E+11;18;1;18;1400;1;2;2;1;3;116;31  RUE JEAN DE LA FONTA;M;4885110;227228;750
2,02E+11;18;1;19;1600;1;2;1;1;6;116;ALLEE DE LONGCHAMP;M;4886720;224954;750
2,02E+11;18;1;19;1824;5;2;7;2;6;116;BOULEVARD MURAT;M;4884740;225858;750
2,02E+11;18;1;20;2005;5;2;2;2;6;116;84  BOULEVARD EXELMANS;M;4884320;226015;750
2,02E+11;18;1;21;2330;5;2;2;2;3;116;ROUTE DE LA MUETTE A NEU;M;4886450;226648;750
2,02E+11;18;1;23;1100;1;2;3;8;2;116;AVENUE DU PRESIDENT WILS;M;4886500;229589;750
2,02E+11;18;1;23;1605;1;2;3;2;3;116;BOULEVARD SUCHET;M;4885300;226184;750
2,02E+11;18;1;25;1934;5;2;5;1;6;116;PLACE CLEMENT ADER;M;4885130;227844;750
2,02E+11;18;1;25;1815;5;2;6;1;3;116;PLACE DU MARECHAL DE LAT;M;4887170;227580;750
2,02E+11;18;1;25;2045;5;2;2;1;6;116;RUE DE LA POMPE;M;4886410;227756;750
2,02E+11;18;1;25;2345;5;2;1;1;6;116;66  AVENUE DE VERSAILLES;M;4884670;227303;750
2,02E+11;18;1;26;1700;1;2;1;1;6;116;AVENUE DE NEW YORK;M;4886360;229761;750
2,02E+11;18;1;27;100;5;2;3;1;7;116;AVENUE DE VERSAILLES;M;4883810;225813;750
2,02E+11;18;1;28;1430;1;2;7;1;3;116;PLACE CLEMENT ADER;M;4885140;227824;750
2,02E+11;18;1;29;1515;1;2;5;1;3;116;110  AVENUE VICTOR HUGO;M;4886790;228107;750
2,02E+11;18;1;29;2238;5;2;7;1;3;116;PLACE CLEMENT ADER;M;4885130;227844;750
2,02E+11;18;1;30;920;1;2;1;1;2;116;33  BOULEVARD MURAT;M;4884490;225728;750
2,02E+11;18;1;30;1800;5;2;1;8;7;116;1  RUE DE PASSY;M;4885850;228414;750
2,02E+11;18;1;31;1330;1;2;2;3;6;116;AVENUE KLEBER;M;4886680;228997;750
2,02E+11;18;1;31;1630;1;2;1;2;6;116;ALLEE DE LA REINE MARGUE;M;4885070;224186;750
2,02E+11;18;2;2;900;1;2;3;1;3;116;AVENUE DU PRESIDENT KENN;M;4885290;228104;750
2,02E+11;18;2;2;2235;5;2;2;1;3;116;25  AVENUE DE NEUILLY;M;4887860;227978;750
2,02E+11;18;2;4;1400;1;2;2;1;3;116;5-7  AVENUE VICTOR HUGO;M;4887300;229310;750
2,02E+11;18;2;9;2340;5;2;6;9;3;116;PLACE CHARLES DE GAULLE;M;4887350;229423;750
2,02E+11;18;2;10;1830;5;2;6;1;3;116;AVENUE FOCH;M;4887370;229411;750
2,02E+11;18;2;12;840;1;2;1;1;3;116;AVENUE DE VERSAILLES;M;4885090;227766;750
2,02E+11;18;2;12;1500;1;2;4;1;3;116;PLACE DE LA PORTE D AUTE;M;4884750;225690;750
2,02E+11;18;2;15;1310;1;2;3;2;3;116;50  RUE DE LA TOUR;M;4885970;228206;750
2,02E+11;18;2;17;2223;5;2;5;1;3;116;AVENUE FOCH;M;4887270;228452;750
2,02E+11;18;2;18;1255;1;2;1;1;3;116;11  AVENUE RAYMOND POINC;M;4886430;228667;750
2,02E+11;18;2;19;1825;5;2;4;2;6;116;16  AVENUE DU PRESIDENT;M;4886500;229589;750
2,02E+11;18;2;20;750;1;2;7;1;2;116;PLACE DE VARSOVIE;M;4886040;229115;750
2,02E+11;18;2;20;850;1;2;6;1;5;116;PLACE CHARLES DE GAULLE;M;4887320;229513;750
2,02E+11;18;2;21;946;1;2;3;1;3;116;AVENUE DE LA PORTE D AUT;M;4884800;225126;750
2,02E+11;18;2;21;1640;1;2;3;1;6;116;94  RUE BOILEAU;M;4883980;226163;750
2,02E+11;18;2;27;1140;1;2;3;4;6;116;16  AVENUE KLEBER;M;4887130;229318;750