Num_Acc;an;mois;jour;hrmn;lum;agg;int;atm;col;com;adr;gps;lat;long;dep
2,02E+11;18;3;1;940;1;2;3;4;6;116;46  AVENUE DU PRESIDENT;M;4885450;228359;750
2,02E+11;18;3;1;1955;5;2;1;8;6;116;ROUTE DE SURESNES;M;4886350;223870;750
2,02E+11;18;3;2;1515;1;2;1;1;6;116;BOULEVARD PERIPHERIQUE I;M;4886920;227099;750
2,02E+11;18;3;2;1635;1;2;7;1;3;116;4  PLACE TATTEGRAIN;M;4886420;227191;750
2,02E+11;18;3;4;530;5;2;1;1;6;116;110  QUAI LOUIS BLERIOT;M;4884390;227139;750
2,02E+11;18;3;4;1620;1;2;2;2;3;116;ROUTE DE LA PTE DAUPHINE;M;4887490;227109;750
2,02E+11;18;3;5;810;1;2;1;1;2;116;BOULEVARD PERIPHERIQUE E;M;4886900;227042;750
2,02E+11;18;3;7;1320;1;2;2;2;3;116;306  AVENUE KLEBER;M;4886500;228866;750
2,02E+11;18;3;8;840;1;2;7;1;3;116;PLACE DE LA PORTE MAILLO;M;4887710;228345;750
2,02E+11;18;3;8;1605;2;2;2;2;6;116;RUE DE LONGCHAMP;M;4886660;228011;750
2,02E+11;18;3;7;1855;5;2;2;1;6;116;ALLEE DE LA REINE MARGUE;M;4885850;224489;750
2,02E+11;18;3;9;1000;1;2;3;8;3;116;AVENUE DE LA PORTE D AUT;M;4884800;225126;750
2,02E+11;18;3;9;1045;1;2;1;1;6;116;21  AVENUE D IENA;M;4886640;229493;750
2,02E+11;18;3;9;1900;4;2;2;1;3;116;ALLEE DE LONGCHAMP;M;4887490;227109;750
2,02E+11;18;3;10;1110;1;2;2;2;6;116;AVENUE DE LA PORTE DE SA;M;4883840;225405;750
2,02E+11;18;3;10;2130;5;2;1;1;3;116;AVENUE FOCH;M;4887340;229132;750
2,02E+11;18;3;11;350;5;2;7;3;6;116;3  AVENUE DE LA GRANDE A;M;4887440;229293;750
2,02E+11;18;3;11;530;5;2;3;2;6;116;616  AVENUE DU PRESIDENT;M;4885290;228104;750
2,02E+11;18;3;12;845;1;2;7;2;6;116;ALLEE DU BORD DE L EAU;M;4886200;222905;750
2,02E+11;18;3;12;1245;1;2;1;1;6;116;26  RUE DE PASSY;M;4885800;228152;750
2,02E+11;18;3;12;1900;4;2;1;1;3;116;ROUTE DE SURESNES;M;4886710;225703;750
2,02E+11;18;3;13;1225;1;2;2;1;3;116;ROUTE DE SURESNES;M;4886350;223921;750
2,02E+11;18;3;14;810;1;2;1;1;7;116;QUAI SAINT EXUPERY;M;4883770;226512;750
2,02E+11;18;3;15;1735;1;2;7;1;3;116;PLACE DE LA PORTE DE PAS;M;4885770;226351;750
2,02E+11;18;3;15;1915;5;2;2;2;3;116;AVENUE DE L HIPPODROME;M;4885810;224688;750
2,02E+11;18;3;16;830;1;2;3;1;3;116;ALLEE DU BORD DE L EAU;M;4886200;222905;750
2,02E+11;18;3;17;335;5;2;2;1;6;116;81  AVENUE FOCH;M;4887140;227756;750
2,02E+11;18;3;17;930;1;2;2;3;3;116;AVENUE DE LA PORTE DE SA;M;4883840;225405;750
2,02E+11;18;3;18;5;5;2;1;2;2;116;AVENUE ALBERT DE MUN;M;4886360;229092;750
2,02E+11;18;3;18;30;5;2;1;1;3;116;AVENUE DU PRESIDENT KENN;M;4885300;228134;750
2,02E+11;18;3;18;900;1;2;1;2;6;116;BOULEVARD SUCHET;M;4886280;226823;750
2,02E+11;18;3;18;1840;2;2;2;2;3;116;RUE NICOLO;M;4886010;227809;750
2,02E+11;18;3;20;1316;1;2;1;1;2;116;AVENUE DE NEW YORK;M;4885850;228867;750
2,02E+11;18;3;21;1530;1;2;1;1;6;116;46  RUE POUSSIN;M;4884850;226174;750
2,02E+11;18;3;22;915;1;2;1;1;2;116;49  AVENUE FOCH;M;4887200;228275;750
2,02E+11;18;3;23;15;4;2;2;1;6;116;RUE DE VARIZE;M;4884130;225758;750
2,02E+11;18;3;26;950;1;2;7;1;2;116;ALLEE DU BORD DE L EAU;M;4886200;222905;750
2,02E+11;18;3;26;1530;1;2;1;1;6;116;ROUTE DE SURESNES;M;4886850;226614;750
2,02E+11;18;3;26;2215;5;2;7;1;3;116;89  AVENUE DE LA GRANDE;M;4887740;228374;750
2,02E+11;18;3;26;1300;1;2;2;1;3;116;55  AVENUE KLEBER;M;4886680;228997;750
2,02E+11;18;3;28;950;1;2;1;2;6;116;5-7  RUE DES BELLES FEUI;M;4886600;228286;750
2,02E+11;18;4;3;1405;1;2;2;1;6;116;ALLEE DES FORTIFICATIONS;M;4886270;226547;750
2,02E+11;18;4;4;1425;1;2;1;1;6;116;ROUTE DES MOULINS;M;4886680;224086;750
2,02E+11;18;4;4;2230;5;2;2;1;2;116;53  AVENUE PAUL DOUMER;M;4886020;228103;750
2,02E+11;18;4;5;2320;5;2;2;1;6;116;RUE BOISSIERE;M;4886570;229265;750
2,02E+11;18;4;6;1250;1;2;1;1;6;116;72  RUE DE LONGCHAMP;M;4886520;228517;750
2,02E+11;18;4;6;1145;1;2;1;1;3;116;110  AVENUE KLEBER;M;4886450;228832;750
2,02E+11;18;4;7;2045;5;2;3;1;6;116;37  BOULEVARD LANNES;M;4886690;227178;750
2,02E+11;18;4;7;2220;5;2;2;1;3;116;ALLEE DE LA REINE MARGUE;M;4885850;224489;750
2,02E+11;18;4;8;210;5;2;4;1;3;117;63  AVENUE DE SAINT OUEN;M;4889160;232692;750
2,02E+11;18;4;9;1800;1;2;1;2;3;116;49 BIS  BOULEVARD SUCHET;M;4885560;226347;750
2,02E+11;18;4;9;2125;5;2;2;2;2;116;BOULEVARD MURAT;M;4884530;225751;750
2,02E+11;18;4;10;900;1;2;1;1;6;116;ROUTE DE LA PTE DAUPHINE;M;4887290;227307;750
2,02E+11;18;4;11;2145;5;2;3;1;6;116;AVENUE FERDINAND BUISSON;M;4883860;225184;750
2,02E+11;18;4;12;1610;1;2;1;2;3;116;14  AVENUE KLEBER;M;4887160;229339;750
2,02E+11;18;4;13;1950;2;1;1;1;4;116;BOULEVARD PERIPHERIQUE I;M;4887790;228053;750
2,02E+11;18;4;13;2315;5;2;2;1;6;116;RUE RAYNOUARD;M;4885370;227740;750
2,02E+11;18;4;14;320;5;2;4;1;4;116;VOIE GEORGES POMPIDOU;M;4885790;228795;750
2,02E+11;18;4;15;1050;1;2;1;1;2;116;ROUTE DE SEVRES A NEUILL;M;4885610;223747;750
2,02E+11;18;4;16;910;1;2;1;1;6;116;14  RUE DAUMIER;M;4883950;226376;750
2,02E+11;18;4;17;830;1;2;1;1;3;116;AVENUE FOCH;M;4887250;228293;750
2,02E+11;18;4;17;1855;1;2;1;1;6;116;04  RUE VERDI;M;4886050;227345;750
2,02E+11;18;4;18;1945;5;2;2;1;3;116;AVENUE FOCH;M;4887140;227756;750
2,02E+11;18;4;19;1015;1;2;2;1;6;116;83  AVENUE HENRI MARTIN;M;4886420;227493;750
2,02E+11;18;4;20;1630;1;2;1;1;6;116;9  RUE VAN LOO;M;4884100;226759;750
2,02E+11;18;4;22;145;5;2;1;1;3;116;AVENUE DES NATIONS UNIES;M;4886210;229170;750
2,02E+11;18;4;22;300;5;2;1;1;6;116;38  QUAI LOUIS BLERIOT;M;4884880;227602;750
2,02E+11;18;4;22;1900;1;2;2;1;3;116;BOULEVARD SUCHET;M;4885300;226184;750
2,02E+11;18;4;23;930;1;2;1;1;2;116;BOULEVARD PERIPHERIQUE E;M;4885780;225951;750
2,02E+11;18;4;23;2246;5;2;2;1;3;116;110  AVENUE KLEBER;M;4886500;228866;750
2,02E+11;18;4;24;1000;1;2;1;1;2;116;36  AVENUE D IENA;M;4886630;229487;750
2,02E+11;18;4;21;1335;1;2;3;1;2;116;30  AVENUE DE NEW YORK;M;4886300;229520;750
2,02E+11;18;4;25;100;5;2;2;1;3;116;/  AVENUE MOZART;M;4885730;227299;750
2,02E+11;18;4;25;1150;1;2;7;2;2;116;AVENUE FOCH;M;4887370;229411;750
2,02E+11;18;4;25;1910;1;2;1;1;3;116;83  AVENUE KLEBER;M;4886470;228844;750
2,02E+11;18;4;29;1600;1;2;3;1;2;116;108  BOULEVARD EXELMANS;M;4884530;225866;750
2,02E+11;18;4;30;55;5;2;3;2;6;116;AVENUE KLEBER;M;4886710;229020;750
2,02E+11;18;5;1;2000;1;2;2;1;3;116;RUE DURET;M;4887390;228542;750
2,02E+11;18;5;1;2215;5;2;2;1;3;116;RUE DE LA POMPE;M;4885950;227519;750
2,02E+11;18;5;3;920;1;2;2;1;3;116;103  BOULEVARD DE MONTMO;M;4884830;226035;750
2,02E+11;18;5;3;925;1;2;1;1;3;116;VOIE GEORGES POMPIDOU;M;4885270;228140;750
2,02E+11;18;5;3;1200;1;2;1;1;2;116;22  AVENUE BUGEAUD;M;4887030;228218;750
2,02E+11;18;5;4;1855;1;2;7;1;3;116;PLACE DU MARECHAL DE LAT;M;4887210;227549;750
2,02E+11;18;5;3;1350;1;2;1;1;3;116;13  RUE EUGENE DELACROIX;M;4886260;227776;750
2,02E+11;18;5;6;1925;1;2;1;1;3;116;BOULEVARD PERIPHERIQUE I;M;4885010;225229;750
2,02E+11;18;5;9;1330;1;2;1;1;2;116;ALLEE DE LONGCHAMP;M;4886860;225354;750
2,02E+11;18;5;11;2135;5;2;2;1;2;116;ROUTE DE LA PTE DES SABL;M;4887880;227062;750
2,02E+11;18;5;13;2138;5;2;7;1;6;116;PLACE DU TROCADERO ET DU;M;4886340;228690;750
2,02E+11;18;5;17;1750;1;2;2;1;6;116;AVENUE DE VERSAILLES;M;4884740;227371;750
2,02E+11;18;5;18;1420;1;2;1;1;6;116;13  RUE GROS;M;4885130;227662;750
2,02E+11;18;5;18;1815;1;2;1;1;4;116;ALLEE DE LONGCHAMP;M;4887150;226141;750
2,02E+11;18;5;19;255;5;2;5;1;3;116;52  AVENUE KLEBER;M;4886900;229155;750
2,02E+11;18;5;20;315;5;2;2;1;6;116;ROUTE DES MOULINS;M;4886630;224156;750
2,02E+11;18;5;22;945;1;2;4;1;3;116;PORTE DE SAINT CLOUD;M;4883530;226005;750
2,02E+11;18;5;22;1030;1;2;1;1;6;117;/  PLACE DE LA PORTE MAI;M;4887830;228321;750
2,02E+11;18;5;23;220;5;2;1;1;7;116;ALLEE DE LA REINE MARGUE;M;4887210;225381;750
2,02E+11;18;5;23;1700;1;2;3;1;3;116;46  AVENUE DU PRESIDENT;M;4885450;228359;750
2,02E+11;18;5;23;1750;1;2;2;1;3;116;BOULEVARD SUCHET;M;4885300;226184;750
2,02E+11;18;5;24;922;1;2;7;1;3;116;PLACE DU TROCADERO ET DU;M;4886330;228666;750
2,02E+11;18;5;25;1740;1;2;1;2;6;116;12  AVENUE KLEBER;M;4887170;229346;750
2,02E+11;18;5;25;1610;1;2;4;2;2;116;ROUTE DE LA PTE DES SABL;M;4887690;227626;750
2,02E+11;18;5;26;1200;1;2;1;1;3;116;ROUTE DE LA PTE DAUPHINE;M;4887290;227307;750
2,02E+11;18;5;27;1200;1;2;2;1;6;116;38  AVENUE THEOPHILE GAU;M;4884960;227142;750
2,02E+11;18;5;27;1710;1;2;1;1;3;116;ALLEE DU BORD DE L EAU;M;4885960;222785;750
2,02E+11;18;5;28;1020;1;2;3;1;3;116;2  AVENUE DU PRESIDENT K;M;4885790;228795;750
2,02E+11;18;5;28;1845;2;2;4;3;3;116;PLACE DE LA PORTE MAILLO;M;4887740;228138;750
2,02E+11;18;5;28;2025;1;2;2;3;6;116;RUE JEAN DE LA FONTAINE;M;4885180;227393;750
2,02E+11;18;5;29;2210;5;2;1;3;1;116;VOIE GEORGES POMPIDOU;M;4883980;226759;750
2,02E+11;18;5;30;1044;1;2;7;1;6;116;2  ROUTE DES TRIBUNES;M;4886180;223025;750
2,02E+11;18;5;30;1330;1;2;2;1;3;116;27  AVENUE BUGEAUD;M;4887040;228175;750
2,02E+11;18;5;31;1200;1;2;1;1;3;116;67  AVENUE KLEBER;M;4886610;228945;750
2,02E+11;18;5;31;1155;1;2;2;1;3;116;52  RUE BOISSIERE;M;4886770;228838;750
2,02E+11;18;6;1;1230;1;2;2;1;3;116;AVENUE FOCH;M;4887270;228452;750
2,02E+11;18;6;1;1550;1;2;3;2;6;116;107  AVENUE VICTOR HUGO;M;4886880;228330;750
2,02E+11;18;6;4;1440;1;2;1;1;1;116;ALLEE DU BORD DE L EAU;M;4887020;223893;750
2,02E+11;18;6;4;2130;3;2;4;1;6;116;PGE SOUTERR HENRI GAILLA;M;4886960;227407;750
2,02E+11;18;6;5;2233;5;2;2;1;6;116;ALLEE DE LA REINE MARGUE;M;4886780;225104;750
2,02E+11;18;6;6;1310;1;2;1;8;5;116;AVENUE KLEBER;M;4887160;229339;750
2,02E+11;18;6;6;1430;1;2;2;1;6;116;AVENUE DE MALAKOFF;M;4887510;228395;750
2,02E+11;18;6;6;1945;2;2;7;2;3;116;PLACE DE LA PORTE MAILLO;M;4887700;228307;750
2,02E+11;18;6;6;1920;1;2;4;2;6;116;46  RUE DU DOCTEUR BLANC;M;4885300;226480;750
2,02E+11;18;6;7;1700;1;2;1;1;3;116;VOIE GEORGES POMPIDOU;M;4885150;227981;750
2,02E+11;18;6;8;124;5;2;2;1;3;116;ALLEE DE LONGCHAMP;M;4886780;225104;750
2,02E+11;18;6;8;300;5;2;1;1;6;116;ROUTE DES MOULINS;M;4886610;223625;750
2,02E+11;18;6;8;1830;1;2;7;1;3;116;AVENUE FOCH;M;4887140;227756;750
2,02E+11;18;6;8;1835;1;2;7;1;6;116;RUE DU COMMANDANT GUILBA;M;4884230;225133;750
2,02E+11;18;6;8;1955;1;2;3;1;3;116;0  AVENUE MARCEAU;M;4886850;229887;750
2,02E+11;18;6;10;1900;1;2;7;2;3;116;PLACE DU TROCADERO;M;4886240;228699;750
2,02E+11;18;6;11;850;1;2;1;2;6;116;58  RUE CHARDON LAGACHE;M;4884280;226463;750
2,02E+11;18;6;11;1115;1;2;7;1;2;116;PLACE DU MARECHAL DE LAT;M;4887210;227459;750
2,02E+11;18;6;13;930;1;2;6;1;2;116;PLACE DE LA PORTE DE SAI;M;4883820;225636;750
2,02E+11;18;6;13;1405;1;2;1;1;3;116;ROUTE DE SURESNES;M;4887080;227082;750
2,02E+11;18;6;18;1730;1;2;2;1;3;116;ALLEE DE LONGCHAMP;M;4887490;227109;750
2,02E+11;18;6;18;1950;1;2;7;1;2;116;AVENUE VICTOR HUGO;M;4887350;229423;750
2,02E+11;18;6;20;1530;1;2;3;1;4;116;116  BOULEVARD SUCHET;M;4885090;226047;750
2,02E+11;18;6;20;1615;1;2;2;1;3;116;AVENUE BUGEAUD;M;4887140;227756;750
2,02E+11;18;6;21;1430;1;2;1;1;2;116;65  AVENUE PAUL DOUMER;M;4886000;228001;750
2,02E+11;18;6;21;1730;1;2;1;1;7;116;95  RUE MICHEL ANGE;M;4884000;225797;750
2,02E+11;18;6;21;1735;1;2;1;1;6;116;10  RUE POUSSIN;M;4884890;226495;750
2,02E+11;18;6;21;1810;1;2;1;1;6;116;11  RUE DU GENERAL DELES;M;4884270;225869;750
2,02E+11;18;6;21;2300;5;2;1;1;7;116;AVENUE DE LA PORTE D AUT;M;4884790;225663;750
2,02E+11;18;6;22;150;3;2;2;1;2;116;12  AVENUE RAYMOND POINC;M;4886500;228649;750
2,02E+11;18;6;22;930;1;1;4;1;2;116;VOIE GEORGES POMPIDOU;M;4884070;226819;750
2,02E+11;18;6;22;1800;1;2;4;1;3;116;BOULEVARD PERIPHERIQUE E;M;4886560;226783;750
2,02E+11;18;6;22;1710;1;2;1;1;6;116;116  BOULEVARD SUCHET;M;4885070;226035;750
2,02E+11;18;6;23;505;2;2;3;1;3;116;BOULEVARD LANNES;M;4886690;227178;750
2,02E+11;18;6;24;414;5;2;7;1;6;116;AVENUE GEORGES MANDEL;M;4886300;228643;750
2,02E+11;18;6;26;845;1;2;1;1;3;116;BOULEVARD PERIPHERIQUE I;M;4885350;225349;750
2,02E+11;18;6;26;1815;1;2;1;1;2;116;ALLEE DE LA REINE MARGUE;M;4885400;224181;750
2,02E+11;18;6;26;1930;1;2;1;1;3;116;27  AVENUE DE LA GRANDE;M;4887530;229023;750
2,02E+11;18;6;28;1100;1;2;1;1;3;116;PLACE DE LA PORTE MAILLO;M;4887710;228197;750
2,02E+11;18;6;30;1935;1;2;2;1;3;116;RUE NUNGESSER ET COLI;M;4884460;225210;750
2,02E+11;18;7;1;330;5;2;1;1;6;116;58  AVENUE KLEBER;M;4886850;229121;750
2,02E+11;18;7;1;1450;1;2;1;1;2;116;2  ROUTE DES TRIBUNES;M;4886200;223043;750
2,02E+11;18;7;3;1035;1;2;3;1;6;116;2  ROUTE DES TRIBUNES;M;4886180;223025;750
2,02E+11;18;7;3;730;1;2;2;1;3;116;ROUTE DES LACS A PASSY;M;4885770;226351;750
2,02E+11;18;7;3;2330;5;2;1;1;3;116;ROUTE DES LACS A PASSY;M;4885810;226188;750
2,02E+11;18;7;4;1;3;2;4;1;7;116;ROUTE DE SEVRES A NEUILL;M;4886630;224156;750
2,02E+11;18;7;4;1335;1;2;2;1;3;116;AVENUE FOCH;M;4887270;228452;750
2,02E+11;18;7;4;2100;1;2;2;1;3;116;ALLEE DE LONGCHAMP;M;4886780;225104;750
2,02E+11;18;7;6;955;1;2;6;1;3;116;PLACE D IENA;M;4886450;229343;750
2,02E+11;18;7;6;1000;1;2;4;1;3;116;VOIE GEORGES POMPIDOU;M;4885290;228159;750
2,02E+11;18;7;7;10;5;2;1;1;6;116;89  AVENUE DE LA GRANDE;M;4887730;228400;750
2,02E+11;18;7;8;420;5;2;1;1;6;116;AVENUE DE LA GRANDE ARME;M;4887720;228438;750
2,02E+11;18;7;8;1625;1;2;5;1;3;116;ROUTE DE SURESNES;M;4886500;223445;750
2,02E+11;18;7;8;1650;1;2;6;1;6;116;PLACE CHARLES DE GAULLE;M;4887350;229423;750
2,02E+11;18;7;8;1720;1;2;1;1;6;116;ROUTE DE LA MUETTE A NEU;M;4887450;226375;750
2,02E+11;18;7;9;950;1;2;2;1;6;116;9  RUE DES PERCHAMPS;M;4884830;226727;750
2,02E+11;18;7;9;1225;1;2;1;1;2;116;BOULEVARD PERIPHERIQUE E;M;4884130;225387;750
2,02E+11;18;7;13;1030;1;2;1;1;2;116;ROUTE DE SEVRES A NEUILL;M;4885430;223740;750
2,02E+11;18;7;14;1930;1;2;1;1;3;116;62  AVENUE GEORGES MANDE;M;4886410;227801;750
2,02E+11;18;7;15;1845;1;2;1;1;6;116;49  AVENUE MOZART;M;4885500;226971;750
2,02E+11;18;7;15;2130;1;2;1;1;6;116;107  AVENUE VICTOR HUGO;M;4886880;228319;750
2,02E+11;18;7;16;1710;1;2;1;1;6;116;109  BOULEVARD MURAT;M;4883880;225681;750
2,02E+11;18;7;15;1855;1;2;7;1;6;116;10  PLACE DU TROCADERO;M;4886330;228666;750
2,02E+11;18;7;18;920;1;2;7;1;3;116;PLACE VICTOR HUGO;M;;;750
2,02E+11;18;7;18;1200;1;2;2;1;3;116;AVENUE PAUL DOUMER;M;4886120;228348;750
2,02E+11;18;7;18;1515;1;2;4;1;3;116;RUE DUMONT D URVILLE;M;4887000;229000;750
2,02E+11;18;7;19;2050;2;2;1;1;3;116;ALLEE DE LA REINE MARGUE;M;;;750
2,02E+11;18;7;20;2030;2;2;7;2;7;116;PLACE DE COLOMBIE;M;;;750
2,02E+11;18;7;21;1150;1;2;1;1;6;116;AVENUE DE LA GRANDE ARME;M;4887649;228546;750
2,02E+11;18;7;22;513;5;2;1;1;6;116;RUE RAYNOUARD;M;4885000;228400;750
2,02E+11;18;7;23;1520;1;2;7;1;6;116;PLACE D IENA;M;4886497;229333;750
2,02E+11;18;7;24;1;5;2;2;1;3;116;AVENUE DU PRESIDENT KENN;M;4885000;228000;750
2,02E+11;18;7;24;950;1;2;7;1;6;116;PLACE DU CHANCELIER ADEN;M;;;750
2,02E+11;18;7;26;1900;1;2;7;1;6;116;PLACE DE VARSOVIE;M;;;750
2,02E+11;18;7;27;1720;1;2;7;1;3;116;PLACE CHARLES DE GAULLE;M;4887310;229564;750
2,02E+11;18;7;30;900;1;2;4;1;3;116;AVENUE FOCH;M;4887384;229015;750
2,02E+11;18;7;31;1520;1;2;1;1;2;116;AVENUE RAYMOND POINCARE;M;;;750
2,02E+11;18;7;31;1835;1;2;1;1;4;116;ROUTE DE SEVRES A NEUILL;M;;;750
2,02E+11;18;8;2;910;1;2;3;1;2;116;AVENUE PIERRE 1ER DE SER;M;4886545;229575;750
2,02E+11;18;8;2;830;1;2;4;1;3;116;ROUTE DE SURESNES;M;4886426;223575;750
2,02E+11;18;8;2;1750;1;2;3;1;2;116;ALLEE DE LA REINE MARGUE;M;;;750
2,02E+11;18;8;3;1155;1;2;2;1;6;116;AVENUE EDOUARD VAILLANT;M;;;750
2,02E+11;18;8;4;740;2;2;1;1;5;116;ALLEE DE LA REINE MARGUE;M;;;750
2,02E+11;18;8;5;1000;1;2;7;1;6;116;PLACE CHARLES DE GAULLE;M;;;750
2,02E+11;18;8;6;845;1;2;1;1;6;116;AVENUE DU PRESIDENT KENN;M;;;750
2,02E+11;18;8;6;1145;1;2;4;1;2;116;ROUTE DES TRIBUNES;M;4886195;223052;750
2,02E+11;18;8;6;2312;5;2;1;9;6;116;AVENUE KLEBER;M;;;750
2,02E+11;18;8;7;720;2;2;4;1;3;116;PORTE MAILLOT;M;;;750
2,02E+11;18;8;9;1600;1;2;1;2;2;116;AVENUE D IENA;M;;;750
2,02E+11;18;8;10;1915;1;1;1;1;3;116;AVENUE DU MAHATMA GANDHI;M;4887704;226782;750
2,02E+11;18;8;11;1730;1;2;2;1;6;116;RUE DONIZETTI;M;4884875;226475;750
2,02E+11;18;8;13;1915;1;2;4;1;7;116;AVENUE DE LAMBALLE;M;;;750
2,02E+11;18;8;14;1830;1;2;5;1;6;116;RUE HENRI HEINE;M;4885100;226670;750
2,02E+11;18;8;18;2130;2;2;1;1;6;103;RUE DU TEMPLE;M;;;750
2,02E+11;18;8;20;745;1;2;1;2;2;108;SOUTERRAIN ALMA;M;4886000;230000;750
2,02E+11;18;8;20;1850;1;2;1;1;2;116;ROUTE DE SEVRES A NEUILL;M;;;750
2,02E+11;18;8;22;845;1;2;1;1;6;116;ALLEE DE LA REINE MARGUE;M;4885444;224208;750
2,02E+11;18;8;22;2325;5;2;7;1;3;116;PLACE TATTEGRAIN;M;4386394;227203;750
2,02E+11;18;8;23;2135;5;2;1;1;2;116;AVENUE DE LA GRANDE ARME;M;;;750
2,02E+11;18;8;24;1535;1;2;3;8;6;116;AVENUE FERDINAND BUISSON;M;;;750
2,02E+11;18;8;24;1930;1;2;4;1;3;116;RUE HENRY DE LA VAULX;M;4883530;225840;750
2,02E+11;18;8;25;1500;1;2;3;1;2;116;AVENUE DU PRESIDENT WILS;M;4886480;229580;750
2,02E+11;18;8;25;1900;1;2;1;1;2;116;AVENUE FOCH;M;4887440;229660;750
2,02E+11;18;8;25;2100;5;2;2;1;3;116;RUE DE REMUSAT;M;;;750
2,02E+11;18;8;26;2025;2;2;1;1;3;116;AVENUE D EYLAU;M;4886000;228000;750
2,02E+11;18;8;28;830;1;2;7;1;3;116;AVENUE KLEBER;M;4886300;339700;750
2,02E+11;18;8;28;1150;1;2;7;1;3;116;PLACE D IENA;M;;;750
2,02E+11;18;8;30;132;5;2;3;1;7;115;PONT DE BIR HAKEIM;M;;;750
2,02E+11;18;9;1;855;1;2;1;1;6;116;CHEMIN DE CEINTURE DU LA;M;;;750
2,02E+11;18;9;3;1630;1;2;7;1;3;116;PLACE DE LA PORTE DE SAI;M;4883810;225760;750
2,02E+11;18;9;4;1145;1;2;2;8;3;116;AVENUE INGRES;M;;;750
2,02E+11;18;9;4;1845;1;2;2;1;3;116;AVENUE VICTOR HUGO;M;;;750
2,02E+11;18;9;5;1700;1;2;2;1;6;116;AVENUE RAYMOND POINCARE;M;4886500;228600;750
2,02E+11;18;9;5;1850;1;2;3;1;7;108;RUE DU FAUBOURG SAINT HO;M;4887500;230300;750
2,02E+11;18;9;5;2250;5;2;1;1;2;116;ALLEE DE LA REINE MARGUE;M;4886137;224667;750
2,02E+11;18;9;6;815;1;2;1;1;6;116;BOULEVARD PERIPHERIQUE I;M;4884272;225413;750
2,02E+11;18;9;6;1315;1;2;1;1;2;116;AVENUE RAYMOND POINCARE;M;4886789;228571;750
2,02E+11;18;9;7;1;5;2;1;1;3;116;RUE DE LA POMPE;M;4886572;222927;750
2,02E+11;18;9;7;1430;1;2;2;1;6;116;AVENUE KLEBER;M;4887107;229323;750
2,02E+11;18;9;9;1315;1;2;1;1;3;116;RUE D AUTEUIL;M;;;750
2,02E+11;18;9;11;810;1;1;4;1;3;116;BOULEVARD PERIPHERIQUE I;M;;;750
2,02E+11;18;9;11;1740;1;2;7;1;6;116;PLACE D IENA;M;4886479;229295;750
2,02E+11;18;9;11;1945;1;2;7;1;3;116;BOULEVARD SUCHET;M;4885731;226474;750
2,02E+11;18;9;12;1020;1;2;3;1;6;116;RUE GERICAULT;M;4884808;226304;750
2,02E+11;18;9;12;1400;1;2;1;1;2;116;RUE DE LA TOUR;M;;;750
2,02E+11;18;9;12;1850;1;2;1;1;6;116;AVENUE DE L HIPPODROME;M;;;750
2,02E+11;18;9;13;929;1;2;7;2;3;116;PLACE CLEMENT ADER;M;4885145;227842;750
2,02E+11;18;9;13;1045;1;2;2;2;6;117;BOULEVARD GOUVION SAINT;M;;;750
2,02E+11;18;9;14;1500;1;2;2;1;6;116;AVENUE FOCH;M;4887268;228442;750
2,02E+11;18;9;14;1445;1;2;2;1;6;116;RUE DE LA POMPE;M;;;750
2,02E+11;18;9;15;750;1;2;3;1;6;116;BOULEVARD DE BEAUSEJOUR;M;4885654;226632;750
2,02E+11;18;9;15;1410;1;2;2;1;2;116;ROUTE DE SURESNES;M;4886500;223400;750
2,02E+11;18;9;16;609;5;2;1;1;3;116;AVENUE DE LA GRANDE ARME;M;4887535;228926;750
2,02E+11;18;9;16;1020;1;2;1;1;6;116;ALLEE DU BORD DE L EAU;M;;;750
2,02E+11;18;9;18;1122;1;2;1;1;6;116;AVENUE BUGEAUD;M;;;750
2,02E+11;18;9;18;1650;1;2;1;1;6;116;AVENUE PAUL DOUMER;M;4885900;227800;750
2,02E+11;18;9;18;1750;1;2;4;1;1;116;AVENUE BUGEAUD;M;;;750
2,02E+11;18;9;19;1620;1;2;7;1;3;116;PLACE CLEMENT ADER;M;4885164;227770;750
2,02E+11;18;9;20;1205;1;2;1;1;6;116;RUE LARGILLIERE;M;;;750
2,02E+11;18;9;20;1150;1;2;7;1;3;116;PLACE DU TROCADERO ET DU;M;4886000;229000;750
2,02E+11;18;9;20;1505;1;2;7;1;3;116;PLACE DU MARECHAL DE LAT;M;4887202;227555;750
2,02E+11;18;9;21;910;1;2;2;2;6;117;RUE RENNEQUIN;M;;;750
2,02E+11;18;9;22;26;5;2;2;1;3;116;AVENUE FOCH;M;4887271;228440;750
2,02E+11;18;9;22;700;5;2;3;1;6;116;AVENUE DU PRESIDENT KENN;M;;;750
2,02E+11;18;9;23;1400;1;2;2;3;7;116;AVENUE DE L HIPPODROME;M;4886250;223825;750
2,02E+11;18;9;24;1850;1;2;1;1;6;116;RUE JEAN DE LA FONTAINE;M;4885084;227149;750
2,02E+11;18;9;25;2045;5;2;2;1;3;116;AVENUE DE LA PORTE DE SA;M;;;750
2,02E+11;18;9;26;1040;1;2;4;1;6;116;RUE DECAMPS;M;4886473;228126;750
2,02E+11;18;9;24;1235;1;2;5;1;3;116;CARREFOUR DE LONGCHAMP;M;;;750
2,02E+11;18;9;27;1503;1;2;1;1;6;116;CHEMIN DE CEINTURE DU LA;M;4886304;226198;750
2,02E+11;18;9;28;405;5;2;4;1;6;116;BOULEVARD MURAT;M;4885465;226874;750
2,02E+11;18;9;28;1600;1;2;3;1;3;116;AVENUE DE NEW YORK;M;4886321;229615;750
2,02E+11;18;9;28;1630;1;2;1;1;1;116;AVENUE DE VERSAILLES;M;;;750
2,02E+11;18;9;28;1800;1;2;2;1;2;116;BOULEVARD MURAT;M;;;750
2,02E+11;18;9;29;130;5;2;3;1;3;116;AVENUE DU PRESIDENT WILS;M;;;750
2,02E+11;18;9;29;1615;1;2;2;7;3;116;AVENUE PAUL DOUMER;M;;;750