Num_Acc;an;mois;jour;hrmn;lum;agg;int;atm;col;com;adr;gps;lat;long;dep
2,02E+11;18;10;1;1000;1;2;1;1;6;116;AVENUE DU PRESIDENT WILS;M;;;750
2,02E+11;18;10;1;1000;1;2;1;1;2;116;AVENUE DU PRESIDENT KENN;M;;;750
2,02E+11;18;10;3;850;1;2;1;1;6;116;BOULEVARD THIERRY DE MAR;M;;;750
2,02E+11;18;10;4;1105;1;2;1;1;6;116;AVENUE VICTOR HUGO;M;;;750
2,02E+11;18;10;4;1729;1;1;2;1;6;116;AVENUE DU PARC DES PRINC;M;4884235;225470;750
2,02E+11;18;10;4;1850;2;2;3;1;3;116;AVENUE DU MARECHAL FAYOL;M;;;750
2,02E+11;18;10;5;1630;1;2;4;1;2;116;BOULEVARD PERIPHERIQUE E;M;;;750
2,02E+11;18;10;7;105;5;2;2;1;3;116;RUE LAURISTON;M;4886910;228984;750
2,02E+11;18;10;7;1655;1;2;1;1;6;116;AVENUE DE NEW YORK;M;4886369;229792;750
2,02E+11;18;10;10;1235;1;2;1;1;5;116;ROUTE DES TRIBUNES;M;;;750
2,02E+11;18;10;10;1447;1;2;3;1;3;116;AVENUE DE VERSAILLES;M;;;750
2,02E+11;18;10;10;1930;5;2;1;1;6;116;AVENUE KLEBER;M;;;750
2,02E+11;18;10;12;900;1;2;1;1;3;116;ROUTE DE SURESNES;M;;;750
2,02E+11;18;10;12;955;1;2;7;1;2;108;PLACE DE LA CONCORDE;M;4886381;232145;750
2,02E+11;18;10;13;1620;1;2;2;1;6;117;AVENUE DE WAGRAM;M;4887523;229588;750
2,02E+11;18;10;15;825;1;2;4;1;6;116;RUE BOISSIERE;M;4886848;228721;750
2,02E+11;18;10;15;830;1;2;2;1;6;116;ALLEE DE LONGCHAMP;M;;;750
2,02E+11;18;10;15;1815;1;2;1;1;3;116;RUE DU RANELAGH;M;4885498;227273;750
2,02E+11;18;10;16;820;1;2;2;1;3;116;RUE CLAUDE TERRASSE;M;;;750
2,02E+11;18;10;16;1920;5;2;2;1;6;116;RUE HENRY DE LA VAULX;M;;;750
2,02E+11;18;10;17;810;1;2;2;1;2;117;RUE GALVANI;M;;;750
2,02E+11;18;10;17;2115;5;2;3;1;6;116;AVENUE DE NEW YORK;M;;;750
2,02E+11;18;10;20;55;5;2;1;1;6;116;AVENUE DE LA GRANDE ARME;M;4851458;217153;750
2,02E+11;18;10;20;115;5;2;3;1;6;116;RUE MICHEL ANGE;M;4884181;225929;750
2,02E+11;18;10;20;2035;5;2;1;1;7;116;AVENUE RAYMOND POINCARE;M;;;750
2,02E+11;18;10;20;1610;1;1;1;1;7;116;CHEMIN DE CEINTURE DU LA;M;4886610;226080;750
2,02E+11;18;10;23;1200;1;2;7;1;2;116;PLACE DU MARECHAL DE LAT;M;4896111;227504;750
2,02E+11;18;10;23;1635;1;2;4;1;2;116;PORTE DAUPHINE;M;;;750
2,02E+11;18;10;23;1250;1;2;1;1;3;116;RUE CHARDON LAGACHE;M;4884000;226300;750
2,02E+11;18;10;24;2000;5;2;2;1;6;116;AVENUE HENRI MARTIN;M;4886417;227504;750
2,02E+11;18;10;25;1220;1;2;7;1;3;116;PLACE DU TROCADERO ET DU;M;4886342;228723;750
2,02E+11;18;10;26;1330;1;2;2;1;3;116;AVENUE PAUL DOUMER;M;;;750
2,02E+11;18;10;26;1340;1;2;3;1;6;116;RUE MESNIL;M;4886626;228718;750
2,02E+11;18;10;26;1600;1;2;1;1;6;116;AVENUE DU PRESIDENT KENN;M;;;750
2,02E+11;18;10;26;1940;5;2;2;2;6;116;RUE DE LONGCHAMP;M;;;750
2,02E+11;18;10;26;1830;5;2;2;2;3;116;RUE BENJAMIN FRANKLIN;M;4886192;228656;750
2,02E+11;18;10;29;1526;1;2;1;8;6;116;AVENUE DE NEW YORK;M;;;750
2,02E+11;18;10;30;1220;1;2;2;1;2;116;AVENUE D IENA;M;4886955;229573;750
2,02E+11;18;10;30;1900;4;2;1;1;3;116;AVENUE DE LA GRANDE ARME;M;4887000;228000;750
2,02E+11;18;10;31;1500;1;2;4;2;2;116;AVENUE EDOUARD VAILLANT;M;4883680;225590;750
2,02E+11;18;11;1;1010;1;2;2;1;6;116;ROUTE DE SEVRES A NEUILL;M;4885166;223675;750
2,02E+11;18;11;2;25;5;2;2;2;3;116;ALLEE DE LONGCHAMP;M;4886761;225089;750
2,02E+11;18;11;2;1830;3;2;3;1;3;116;AVENUE DE NEW YORK;M;4886310;229621;750
2,02E+11;18;11;8;1215;1;2;2;1;6;116;ALLEE DE LA REINE MARGUE;M;;;750
2,02E+11;18;11;8;1540;1;2;1;1;2;116;ALLEE DU BORD DE L EAU;M;4885288;222624;750
2,02E+11;18;11;8;2300;5;2;2;1;3;108;RUE PASQUIER;M;4887152;232310;750
2,02E+11;18;11;10;1820;2;2;2;2;2;116;AVENUE DE VERSAILLES;M;;;750
2,02E+11;18;11;11;645;5;2;3;2;6;116;AVENUE MOZART;M;;;750
2,02E+11;18;11;11;1420;1;2;2;2;6;116;AVENUE VICTOR HUGO;M;4886693;227904;750
2,02E+11;18;11;11;1750;5;2;2;2;6;116;BOULEVARD DE MONTMORENCY;M;4884807;226032;750
2,02E+11;18;11;12;1030;1;2;2;2;6;116;RUE FELICIEN DAVID;M;4884910;227390;750
2,02E+11;18;11;12;1110;1;2;2;2;6;116;AVENUE DU PRESIDENT WILS;M;;;750
2,02E+11;18;11;12;2305;5;2;5;1;3;116;AVENUE FERDINAND BUISSON;M;;;750
2,02E+11;18;11;14;1200;1;2;1;1;6;116;AVENUE DU GENERAL SARRAI;M;4884639;225622;750
2,02E+11;18;11;15;2045;5;2;2;1;3;116;RUE DE BOULAINVILLIERS;M;;;750
2,02E+11;18;11;16;905;1;2;4;8;6;116;PLACE DE LA PORTE DE SAI;M;4883852;225224;750
2,02E+11;18;11;16;1100;1;2;2;8;2;116;BOULEVARD EXELMANS;M;4884097;226384;750
2,02E+11;18;11;16;1750;2;2;1;1;3;116;AVENUE VICTOR HUGO;M;;;750
2,02E+11;18;11;16;2000;5;2;7;5;7;117;PLACE DE VERDUN;M;;;750
2,02E+11;18;11;16;2210;5;2;2;1;6;116;ALLEE DE LA REINE MARGUE;M;4895931;224525;750
2,02E+11;18;11;18;1510;1;2;7;1;3;116;PLACE DE LA PORTE D AUTE;M;4884824;225913;750
2,02E+11;18;11;19;800;1;2;3;1;3;116;BOULEVARD SUCHET;M;;;750
2,02E+11;18;11;19;1845;5;2;2;1;3;116;AVENUE EDOUARD VAILLANT;M;4883670;225359;750
2,02E+11;18;11;20;1030;1;2;1;2;3;116;VOIE GEORGES POMPIDOU;M;4885218;228072;750
2,02E+11;18;11;21;1345;1;2;1;1;3;101;VOIE GEORGES POMPIDOU;M;;;750
2,02E+11;18;11;21;2215;5;2;3;1;6;116;BOULEVARD LANNES;M;4886844;227302;750
2,02E+11;18;11;22;815;2;2;3;1;7;116;AVENUE HENRI MARTIN;M;;;750
2,02E+11;18;11;22;910;1;2;3;1;2;116;AVENUE KLEBER;M;;;750
2,02E+11;18;11;22;1325;1;2;2;1;3;116;AVENUE DE VERSAILLES;M;;;750
2,02E+11;18;11;22;1620;1;2;4;2;7;116;PORTE DE SAINT CLOUD;M;4883612;225812;750
2,02E+11;18;11;22;1720;5;2;1;1;2;116;AVENUE DE LA PORTE D AUT;M;4884800;225591;750
2,02E+11;18;11;23;1030;1;2;2;1;6;116;AVENUE KLEBER;M;4886520;228911;750
2,02E+11;18;11;24;45;5;2;2;2;7;108;AVENUE FRANKLIN D ROOSEV;M;4887314;231540;750
2,02E+11;18;11;24;330;4;2;1;2;7;116;AVENUE D IENA;M;4827162;229556;750
2,02E+11;18;11;24;1715;2;2;1;1;6;116;ALLEE DU BORD DE L EAU;M;;;750
2,02E+11;18;11;25;615;5;2;1;2;6;116;AVENUE DE L HIPPODROME;M;4885939;224273;750
2,02E+11;18;11;25;2327;5;2;1;2;3;116;AVENUE KLEBER;M;;;750
2,02E+11;18;11;26;1100;1;2;7;2;4;116;PLACE DU TROCADERO ET DU;M;4886247;228731;750
2,02E+11;18;11;28;1000;1;2;7;2;3;116;PLACE JOSE MARTI;M;4886163;228503;750
2,02E+11;18;11;28;1440;1;2;1;1;6;116;AVENUE VICTOR HUGO;M;;;750
2,02E+11;18;11;30;1040;1;2;1;1;6;116;AVENUE D EYLAU;M;;;750
2,02E+11;18;11;30;1950;5;2;1;1;6;116;AVENUE DU PRESIDENT WILS;M;4886480;229730;750
2,02E+11;18;12;1;830;1;2;1;2;6;116;ROUTE DE LA PTE DES SABL;M;4887700;227000;750
2,02E+11;18;12;3;59;5;2;7;2;3;116;PLACE DE COLOMBIE;M;4886326;226850;750
2,02E+11;18;12;5;2045;5;2;3;3;6;116;RUE LAURISTON;M;4886000;228000;750
2,02E+11;18;12;5;2215;5;2;2;2;6;116;RUE DE L AMIRAL CLOUE;M;4884740;227379;750
2,02E+11;18;12;5;1858;5;2;1;1;3;116;ALLEE DES FORTIFICATIONS;M;4800000;226284;750
2,02E+11;18;12;7;1000;1;2;3;8;6;108;AVENUE DES CHAMPS ELYSEE;M;;;750
2,02E+11;18;12;7;1120;1;2;1;1;6;116;RUE TALMA;M;4885669;227548;750
2,02E+11;18;12;11;1545;1;2;1;1;6;116;AVENUE MOZART;M;4885200;226800;750
2,02E+11;18;12;13;1115;1;2;3;1;3;116;AVENUE KLEBER;M;;;750
2,02E+11;18;12;14;300;5;2;3;1;6;116;AVENUE DE NEW YORK;M;;;750
2,02E+11;18;12;14;1015;1;2;3;1;6;116;RUE DU RANELAGH;M;;;750
2,02E+11;18;12;16;640;5;2;7;2;6;116;PLACE DE LA PORTE DE SAI;M;;;750
2,02E+11;18;12;16;2030;5;2;1;1;3;116;AVENUE DE VERSAILLES;M;;;750
2,02E+11;18;12;16;2130;5;2;7;1;6;116;PLACE DU MARECHAL DE LAT;M;4887098;227416;750
2,02E+11;18;12;17;115;5;2;3;2;2;108;AVENUE DES CHAMPS ELYSEE;M;;;750
2,02E+11;18;12;18;845;1;2;4;1;3;116;AVENUE DE L HIPPODROME;M;4885800;225500;750
2,02E+11;18;12;18;1245;1;2;2;1;6;116;RUE DU GENERAL NIOX;M;4883671;226293;750
2,02E+11;18;12;18;2315;5;2;3;2;7;116;AVENUE D IENA;M;4886703;229546;750
2,02E+11;18;12;19;1510;1;2;3;1;6;116;BOULEVARD LANNES;M;;;750
2,02E+11;18;12;19;1940;5;2;1;2;3;116;ALLEE DE LONGCHAMP;M;4886972;225636;750
2,02E+11;18;12;20;1400;1;2;1;1;2;116;AVENUE KLEBER;M;;;750
2,02E+11;18;12;22;137;5;2;2;1;3;116;ALLEE DE LONGCHAMP;M;4887501;227118;750
2,02E+11;18;12;23;30;5;2;3;1;6;116;BOULEVARD SUCHET;M;4885500;226323;750
2,02E+11;18;12;25;1755;5;2;4;1;7;116;AVENUE DE VERSAILLES;M;4883990;226383;750
2,02E+11;18;12;26;1630;1;2;7;1;3;116;PLACE CHARLES DE GAULLE;M;4887300;229400;750
2,02E+11;18;12;27;2050;5;2;1;1;6;116;AVENUE DE L HIPPODROME;M;4886189;223884;750
2,02E+11;18;12;27;2315;4;2;4;1;6;116;CHEMIN DE SURESNES A BAG;M;;;750
2,02E+11;18;12;28;1845;2;2;1;1;3;117;AVENUE DE LA GRANDE ARME;M;4887523;229160;750
2,02E+11;18;12;29;1300;1;2;4;1;3;116;BOULEVARD DE BEAUSEJOUR;M;4885660;226629;750
2,02E+11;18;12;31;2350;5;2;2;1;6;117;BOULEVARD DU FORT DE VAU;M;4889000;230180;750
2,02E+11;18;1;1;500;5;2;1;1;2;117;BOULEVARD PERIPHERIQUE;M;4888860;229306;750
2,02E+11;18;1;2;2145;5;2;4;2;6;117;07  AVENUE DE CLICHY;M;4888450;232694;750
2,02E+11;18;1;3;1845;5;2;2;8;2;117;277  BOULEVARD PEREIRE;M;4887740;228374;750
2,02E+11;18;1;5;1200;1;2;4;1;6;117;15  RUE PHILIBERT DELORM;M;4888810;230232;750
2,02E+11;18;1;10;845;1;2;1;2;3;117;4  RUE STEPHANE GRAPPELL;M;4889230;230379;750
2,02E+11;18;1;11;905;1;2;3;1;3;117;61  RUE DES DAMES;M;4888380;232115;750
2,02E+11;18;1;11;1415;1;2;4;1;3;117;72  AVENUE DES TERNES;M;4887970;228948;750
2,02E+11;18;1;12;1900;5;2;2;1;6;117;17  AVENUE DE VILLIERS;M;4888200;231353;750
2,02E+11;18;1;13;1450;1;2;3;1;2;117;156  RUE CARDINET;M;4888910;231610;750
2,02E+11;18;1;13;2340;5;2;2;1;6;117;AVENUE DE WAGRAM;M;4888530;230329;750
2,02E+11;18;1;14;1358;1;2;7;1;6;117;2  PLACE DE LA PORTE MAI;M;4887820;228123;750
2,02E+11;18;1;15;1715;5;2;4;2;7;117;14  AVENUE DE VILLIERS;M;4888170;231491;750
2,02E+11;18;1;16;630;5;2;2;2;6;117;05  PLACE DE LA PORTE DE;M;4888540;229101;750
2,02E+11;18;1;16;800;2;2;2;2;6;117;8  RUE ANDRE SUARES;M;4889380;231185;750
2,02E+11;18;1;16;1845;5;2;1;2;6;117;190 BIS  AVENUE DE CLICH;M;4889340;231521;750
2,02E+11;18;1;18;30;5;2;7;2;6;117;65  BOULEVARD PEREIRE;M;4888720;230510;750
2,02E+11;18;1;19;1200;1;2;4;2;3;117;98  BOULEVARD DE COURCEL;M;4887910;230309;750
2,02E+11;18;1;19;1520;1;2;4;7;6;117;2  BOULEVARD DU FORT DE;M;4889180;230158;750
2,02E+11;18;1;20;1130;1;2;1;2;4;117;43  AVENUE DES TERNES;M;4887880;229341;750
2,02E+11;18;1;21;1330;1;2;7;2;6;117;65  AVENUE DES TERNES;M;4887930;229146;750
2,02E+11;18;1;22;1450;1;2;3;1;6;117;151 BIS  RUE CARDINET;M;4889030;231712;750
2,02E+11;18;1;22;1820;5;2;5;1;2;117;3  AVENUE PAUL ADAM;M;4888720;229782;750
2,02E+11;18;1;24;1720;2;2;3;1;5;117;42  RUE LEGENDRE;M;4888450;231480;750
2,02E+11;18;1;25;755;2;2;3;2;6;117;37  RUE BROCHANT;M;4888990;231927;750
2,02E+11;18;1;25;755;5;2;1;2;3;117;14  RUE DU CAPORAL PEUGE;M;4888780;228897;750
2,02E+11;18;1;25;1845;5;2;3;1;2;117;82  AVENUE NIEL;M;4888290;229637;750
2,02E+11;18;1;25;2240;5;2;1;1;1;117;9  BOULEVARD PEREIRE;M;4888770;231265;750
2,02E+11;18;1;27;803;1;2;1;1;3;108;77  AVENUE DES CHAMPS EL;M;4887120;230300;750
2,02E+11;18;1;27;1510;1;2;2;1;3;117;134  RUE JOUFFROY D ABBA;M;4888520;230719;750
2,02E+11;18;1;27;1850;5;2;1;1;6;117;103  AVENUE DES TERNES;M;4888060;228565;750
2,02E+11;18;1;29;1350;1;2;2;1;6;117;34  BOULEVARD DES BATIGN;M;4888300;232416;750
2,02E+11;18;1;30;1240;1;2;2;2;6;117;14  RUE GUSTAVE CHARPENT;M;4888150;228180;750
2,02E+11;18;1;30;1445;1;2;3;2;6;117;52  BOULEVARD DES BATIGN;M;4888260;232204;750
2,02E+11;18;1;30;1700;1;2;1;1;3;117;86  AVENUE DES TERNES;M;4888020;228746;750
2,02E+11;18;2;1;1105;1;2;2;2;6;117;10  RUE JOUFFROY D ABBAN;M;4888690;231260;750
2,02E+11;18;2;5;745;1;2;7;1;6;117;24  PLACE CHARLES FILLIO;M;4888860;231562;750
2,02E+11;18;2;5;855;1;2;2;1;7;117;RUE ANDRE SUARES;M;4889530;231204;750
2,02E+11;18;2;6;915;1;2;2;4;7;117;84  AVENUE DES TERNES;M;4888010;228787;750
2,02E+11;18;2;11;1240;1;2;1;1;3;117;30  BOULEVARD DE COURCEL;M;4888070;231190;750
2,02E+11;18;2;12;1420;1;2;3;1;3;117;89  RUE DE COURCELLES;M;4888010;230221;750
2,02E+11;18;2;12;1755;2;2;4;1;3;117;18  AVENUE NIEL;M;4888050;229514;750
2,02E+11;18;2;12;2130;5;2;1;1;3;117;113  BOULEVARD BESSIERES;M;4889510;231556;750
2,02E+11;18;2;14;1950;2;2;2;2;6;117;133  RUE DE ROME;M;4888570;231684;750
2,02E+11;18;2;16;1547;1;2;3;1;6;117;50  AVENUE DES TERNES;M;4887900;229274;750
2,02E+11;18;2;18;1230;1;2;4;1;3;117;108  AVENUE DE VILLIERS;M;4888480;229838;750
2,02E+11;18;2;19;1555;1;2;3;2;3;117;181  AVENUE DE CLICHY;M;4889300;231602;750
2,02E+11;18;2;19;1915;5;2;2;2;6;117;34  AVENUE DES TERNES;M;4887870;229418;750
2,02E+11;18;2;20;2125;5;2;2;1;2;117;135  RUE DE ROME;M;4888570;231684;750
2,02E+11;18;2;21;1950;5;2;7;1;6;117;66  AVENUE DES TERNES;M;4887940;229072;750
2,02E+11;18;2;23;730;1;2;3;1;3;117;/  RUE FLOREAL;M;4890050;232060;750
2,02E+11;18;2;23;810;1;2;1;1;6;117;55  AVENUE DES TERNES;M;4887910;229213;750
2,02E+11;18;2;24;400;5;2;3;1;6;117;13  AVENUE DE CLICHY;M;4888490;232675;750
2,02E+11;18;2;24;1740;1;2;2;1;3;117;AVENUE DE LA PORTE D ASN;M;4889180;230158;750
2,02E+11;18;2;27;850;1;2;3;1;6;117;60  RUE POUCHET;M;4889510;232127;750
2,02E+11;18;3;2;145;5;2;2;1;3;117;24  AVENUE DE LA PORTE D;M;4889180;230158;750
2,02E+11;18;3;2;1510;1;2;7;1;6;117;2  AVENUE GOURGAUD;M;4888540;229723;750
2,02E+11;18;3;3;2000;5;2;3;1;4;117;190BIS  AVENUE DE CLICHY;M;4889370;231461;750
2,02E+11;18;3;2;2135;5;2;5;1;3;117;80  AVENUE DE WAGRAM;M;4888160;230069;750
2,02E+11;18;3;5;1600;1;2;3;1;6;117;54  RUE DAVY;M;4889170;232296;750
2,02E+11;18;3;5;1810;2;2;4;1;3;117;PLACE DE LA PORTE MAILLO;M;4887860;228190;750
2,02E+11;18;3;6;1835;5;2;7;3;6;117;01  AVENUE DE LA PORTE D;M;4888100;228416;750
2,02E+11;18;3;9;1152;1;2;7;1;6;117;25  BOULEVARD DE LA SOMM;M;4888600;228914;750
2,02E+11;18;3;9;2015;5;2;4;8;6;117;64  AVENUE DE LA GRANDE;M;4887690;228527;750
2,02E+11;18;3;10;1005;1;2;2;2;3;117;72  AVENUE DE VILLIERS;M;4888380;230476;750
2,02E+11;18;3;10;2300;5;2;4;2;2;117;RUE FRUCTIDOR;M;4890100;232735;750
2,02E+11;18;3;11;1000;1;2;7;1;6;117;11  RUE DU CAPORAL PEUGE;M;4888810;228871;750
2,02E+11;18;3;11;2015;5;2;1;1;6;117;05  RUE BIOT;M;4888400;232642;750
2,02E+11;18;3;12;1000;1;2;2;1;3;117;15  RUE NAVIER;M;4889560;232662;750
2,02E+11;18;3;12;1630;1;2;3;1;2;117;104  BOULEVARD DE COURCE;M;4887900;230240;750
2,02E+11;18;3;14;1420;1;2;4;1;3;117;21  AVENUE NIEL;M;4888050;229514;750
2,02E+11;18;3;15;845;1;2;4;1;3;117;133  AVENUE DE VILLIERS;M;4888540;229332;750
2,02E+11;18;3;15;1945;2;2;7;1;6;117;02  PLACE DE LA PORTE MA;M;4887860;228190;750
2,02E+11;18;3;15;2045;5;2;4;2;6;117;62  AVENUE DES TERNES;M;4887930;229146;750
2,02E+11;18;3;15;2200;5;2;2;2;6;117;64  AVENUE DE WAGRAM;M;4887970;229932;750
2,02E+11;18;3;16;1350;1;2;2;1;3;117;97  AVENUE DE CLICHY;M;4888910;232273;750
2,02E+11;18;3;18;1220;1;2;3;8;3;117;88  AVENUE DE CLICHY;M;4888860;232360;750
2,02E+11;18;3;19;1810;5;2;2;1;3;117;BOULEVARD DES BATIGNOLLE;M;4888320;232531;750
2,02E+11;18;3;21;1540;1;2;1;1;6;117;70  BOULEVARD DES BATIGN;M;4888220;232009;750
2,02E+11;18;3;21;2340;5;2;1;1;7;116;VOIE GEORGES POMPIDOU;M;4885280;228144;750
2,02E+11;18;3;23;1100;1;2;2;2;3;117;3  AVENUE DE WAGRAM;M;4887510;229601;750
2,02E+11;18;3;23;1315;1;2;1;8;3;117;130  AVENUE DE VILLIERS;M;4888540;229386;750
2,02E+11;18;3;26;1600;1;2;4;1;4;117;BOULEVARD PERIPHERIQUE E;M;4889770;231277;750
2,02E+11;18;3;27;1035;1;2;1;2;6;117;55  RUE GUY MOQUET;M;4889260;232534;750
2,02E+11;18;3;28;930;1;2;1;2;3;117;PORTE D ASNIERES;M;4889130;229991;750
2,02E+11;18;3;29;1100;1;2;4;1;3;117;205  BOULEVARD MALESHERB;M;4888960;230401;750
2,02E+11;18;3;29;1840;1;2;4;2;6;117;BOULEVARD DE L YSER;M;4888600;228914;750
2,02E+11;18;3;29;2020;5;2;2;2;3;117;39  AVENUE DES TERNES;M;4887870;229418;750
2,02E+11;18;3;30;1440;1;2;4;1;3;117;202  BOULEVARD MALESHERB;M;4888960;230401;750
2,02E+11;18;3;31;1125;1;2;2;1;2;117;22  BOULEVARD DU FORT DE;M;4889240;230099;750
2,02E+11;18;4;3;1200;1;2;5;1;3;117;4  RUE JOUFFROY D ABBANS;M;4888730;231404;750
2,02E+11;18;4;3;1700;1;2;3;2;6;117;25  AVENUE DE SAINT OUEN;M;4888910;232611;750
2,02E+11;18;4;3;2120;5;2;7;1;6;117;1  PLACE DU GENERAL KOEN;M;4888100;228416;750
2,02E+11;18;4;3;2155;5;2;2;1;6;117;111  AVENUE DE CLICHY;M;4888970;232171;750
2,02E+11;18;4;4;720;1;2;1;1;3;117;52  BOULEVARD DE DOUAUMO;M;4889450;230494;750
2,02E+11;18;4;4;1340;1;2;2;8;3;117;15  AVENUE DE LA PORTE D;M;4888150;228180;750
2,02E+11;18;4;7;1145;1;2;3;1;6;117;120  AVENUE DE CLICHY;M;4889000;232122;750
2,02E+11;18;4;7;1315;1;2;3;1;6;117;31  RUE LAUGIER;M;4888120;229552;750
2,02E+11;18;4;8;140;5;2;7;1;6;117;10  AVENUE DE LA PORTE P;M;4889860;232319;750
2,02E+11;18;4;10;830;1;2;5;1;6;117;BOULEVARD PEREIRE;M;4888750;230743;750
2,02E+11;18;4;11;1230;1;2;2;1;3;117;191  RUE DE COURCELLES;M;4888750;229467;750
2,02E+11;18;4;13;815;1;2;2;1;5;117;36  BOULEVARD DE COURCEL;M;4888080;231259;750
2,02E+11;18;4;13;444;5;2;2;9;3;117;AVENUE DE CLICHY;M;4889160;231846;750
2,02E+11;18;4;15;25;5;2;7;1;3;117;01  PLACE DU MARECHAL JU;M;4888480;229793;750
2,02E+11;18;4;16;215;5;2;4;1;6;117;12  AVENUE CARNOT;M;4887560;229334;750
2,02E+11;18;4;16;1650;1;2;3;1;6;117;95  AVENUE DE VILLIERS;M;4888440;230125;750
2,02E+11;18;4;17;1300;1;2;2;1;3;117;98  AVENUE DE CLICHY;M;4888910;232273;750
2,02E+11;18;4;19;1115;1;2;1;1;6;117;RUE BREY;M;4887690;229528;750
2,02E+11;18;4;19;1940;1;2;7;1;6;117;FACE 02  PLACE DE LA POR;M;4887820;228123;750
2,02E+11;18;4;19;2340;5;2;3;1;4;117;186  AVENUE DE CLICHY;M;4889300;231602;750
2,02E+11;18;4;20;1300;1;2;2;7;2;117;27  BOULEVARD DE L YSER;M;4888400;228626;750
2,02E+11;18;4;20;1755;1;2;1;1;6;117;06  RUE ALBERT SAMAIN;M;4888670;229421;750
2,02E+11;18;4;21;1830;1;2;2;1;3;117;4  BOULEVARD DE REIMS;M;4889240;230099;750
2,02E+11;18;4;22;440;5;2;1;1;2;117;26-30  AVENUE DES TERNES;M;4887850;229471;750
2,02E+11;18;4;22;2340;5;2;2;1;3;117;  RUE POUCHET;M;4889580;232187;750
2,02E+11;18;4;23;1410;1;2;3;1;2;117;73  RUE DE PRONY;M;4888330;230191;750
2,02E+11;18;4;24;1830;1;2;1;1;6;117;5  RUE TARBE;M;4888670;231386;750
2,02E+11;18;4;25;1700;1;2;2;1;3;117;BOULEVARD D AURELLE DE P;M;4888360;228184;750
2,02E+11;18;4;25;2050;2;2;2;1;6;117;33  AVENUE DES TERNES;M;4887870;229418;750
2,02E+11;18;4;27;910;1;2;2;1;3;117;RUE ALPHONSE DE NEUVILLE;M;4888660;230150;750
2,02E+11;18;4;27;915;1;2;1;1;6;117;18  RUE GUSTAVE CHARPENT;M;4888040;228095;750
2,02E+11;18;4;27;1640;1;2;2;1;3;117;BOULEVARD BESSIERES;M;4889440;231361;750
2,02E+11;18;4;28;1245;1;2;2;1;3;117;/  BOULEVARD DE COURCELL;M;4888080;231259;750
2,02E+11;18;5;2;1500;1;2;2;1;6;117;BOULEVARD BERTHIER;M;4889000;230416;750
2,02E+11;18;5;5;1535;1;2;3;1;6;117;RUE SAINT FERDINAND;M;4887690;228527;750
2,02E+11;18;5;11;1630;1;2;1;1;2;117;RUE LAUGIER;M;4888480;229145;750
2,02E+11;18;5;11;2130;5;2;2;1;3;117;23  AVENUE CARNOT;M;4887650;229256;750
2,02E+11;18;5;18;1210;1;2;3;7;6;117;02  RUE DE MONBEL;M;4888700;230810;750
2,02E+11;18;5;19;2225;5;2;2;1;3;117;28  RUE GUY MOQUET;M;4889190;232209;750
2,02E+11;18;5;23;1100;1;2;2;1;2;117;00  BOULEVARD DE REIMS;M;4889240;230099;750
2,02E+11;18;5;24;1845;1;2;1;1;3;117;77  AVENUE DE VILLIERS;M;4888400;230390;750
2,02E+11;18;5;24;2010;1;2;2;1;2;117;AVENUE DE LA PORTE DE VI;M;4888480;228539;750
2,02E+11;18;5;25;2045;3;2;1;3;6;117;19  BOULEVARD BESSIERES;M;4889750;232682;750
2,02E+11;18;5;26;512;2;2;2;1;3;117;RUE JOUFFROY D ABBANS;M;4888730;231404;750
2,02E+11;18;5;27;2130;2;2;3;1;1;117;130  RUE DE SAUSSURE;M;4888880;230885;750
2,02E+11;18;5;28;2000;1;2;2;8;3;117;7  AVENUE DE LA PORTE DE;M;4889630;231022;750
2,02E+11;18;5;28;2040;3;2;5;3;6;117;79  AVENUE DE SAINT OUEN;M;4889300;232739;750
2,02E+11;18;5;29;915;1;2;3;8;6;117;35  RUE LEGENDRE;M;4888450;231480;750
2,02E+11;18;5;30;2100;1;2;1;1;6;117;66  RUE DULONG;M;4888610;231522;750
2,02E+11;18;5;31;815;1;2;3;1;3;117;75  AVENUE DE CLICHY;M;4888800;232460;750
2,02E+11;18;5;31;1945;1;2;4;1;3;117;27  AVENUE MAC MAHON;M;4887750;229435;750
2,02E+11;18;6;1;730;1;2;2;1;6;117;64  RUE LEGENDRE;M;4888570;231684;750
2,02E+11;18;6;1;1410;1;2;3;1;2;117;33  RUE BRUNEL;M;4887910;228757;750
2,02E+11;18;6;3;351;5;2;7;1;1;117;14  PLACE GENERAL CATROU;M;4888260;231037;750
2,02E+11;18;6;3;940;1;2;3;1;3;117;92  AVENUE DE CLICHY;M;4888880;232328;750
2,02E+11;18;5;3;1100;1;2;1;1;3;117;12  RUE FRUCTIDOR;M;4890100;232706;750
2,02E+11;18;6;8;1445;1;2;7;1;6;117;185  BOULEVARD MALESHERB;M;4888760;230461;750
2,02E+11;18;6;10;1345;1;2;2;1;1;117;34  AVENUE DE LA PORTE D;M;4889180;230158;750
2,02E+11;18;6;12;1215;1;2;2;1;3;117;113  AVENUE DE CLICHY;M;4888970;232171;750
2,02E+11;18;6;12;1830;1;2;1;1;3;117;71  AVENUE DE VILLIERS;M;4888380;230487;750
2,02E+11;18;6;14;1345;1;2;1;1;6;117;84  BOULEVARD PEREIRE;M;4888670;230064;750
2,02E+11;18;6;14;50;5;2;3;1;3;117;BOULEVARD BESSIERES;M;4889750;232433;750
2,02E+11;18;6;14;2125;1;2;3;1;6;108;0  BOULEVARD HAUSSMANN;M;4887490;230590;750
2,02E+11;18;6;17;100;5;2;2;1;3;117;AVENUE DE CLICHY;M;4889030;232074;750