Num_Acc;an;mois;jour;hrmn;lum;agg;int;atm;col;com;adr;gps;lat;long;dep
2,02E+11;18;6;19;1355;1;2;2;1;6;117;100  AVENUE DE CLICHY;M;4888940;232229;750
2,02E+11;18;6;19;1605;1;2;2;1;6;108;94  RUE DE COURCELLES;M;4887910;230309;750
2,02E+11;18;6;19;1720;1;2;3;1;6;117;17  AVENUE DE CLICHY;M;4888510;232669;750
2,02E+11;18;6;20;1000;1;2;5;1;3;116;117  AVENUE DE MALAKOFF;M;4887320;228440;750
2,02E+11;18;6;20;1830;1;2;5;1;3;116;AVENUE FOCH;M;4887320;228440;750
2,02E+11;18;6;21;1550;1;2;1;1;6;117;195  BOULEVARD MALESHERB;M;4888860;230433;750
2,02E+11;18;6;21;1845;1;2;1;1;2;108;28  AVENUE GEORGE V;M;4886800;230118;750
2,02E+11;18;6;22;915;1;2;2;1;3;117;AVENUE DE LA PORTE DE SA;M;4890100;233013;750
2,02E+11;18;6;22;1210;1;2;3;1;6;117;56  RUE DES ACACIAS;M;4887800;229367;750
2,02E+11;18;6;22;2100;2;2;3;1;3;117;133  AVENUE DE VILLIERS;M;4888540;229332;750
2,02E+11;18;6;26;1055;1;2;3;1;2;117;104  BOULEVARD DE COURCE;M;4887900;230240;750
2,02E+11;18;6;27;1340;1;2;1;1;3;117;RUE JOUFFROY D ABBANS;M;4888220;230185;750
2,02E+11;18;6;29;1245;1;2;1;1;6;117;182  AVENUE DE CLICHY;M;4889280;231627;750
2,02E+11;18;6;29;1820;1;2;2;1;3;117;81  AVENUE NIEL;M;4888290;229637;750
2,02E+11;18;6;29;1940;1;2;1;1;3;117;120  BOULEVARD DE COURCE;M;4887840;229982;750
2,02E+11;18;7;1;2235;5;2;3;1;6;117;159  BOULEVARD MALESHERB;M;4888590;230640;750
2,02E+11;18;7;2;1715;1;2;2;1;3;117;AVENUE DE VILLIERS;M;4888230;231172;750
2,02E+11;18;7;3;1110;1;2;1;1;6;117;62  BOULEVARD BESSIERES;M;4889730;232159;750
2,02E+11;18;7;3;1720;1;2;7;1;2;108;PLACE DE LA REPUBLIQUE D;M;4888050;230968;750
2,02E+11;18;7;4;511;2;2;1;1;6;117;21  AVENUE DE WAGRAM;M;4887600;229665;750
2,02E+11;18;7;4;1730;1;2;1;1;3;117;98  AVENUE DE VILLIERS;M;4888460;230017;750
2,02E+11;18;7;4;2035;1;2;5;1;6;117;101  BOULEVARD BERTHIER;M;4888540;229332;750
2,02E+11;18;7;5;1610;1;2;1;1;6;108;45  BOULEVARD DES BATIGN;M;4888180;231963;750
2,02E+11;18;7;6;1125;1;2;5;1;6;117;3  BOULEVARD PEREIRE;M;4888730;231404;750
2,02E+11;18;7;6;1755;1;2;2;1;3;117;AVENUE DES TERNES;M;4887830;229564;750
2,02E+11;18;7;9;1320;1;2;2;1;6;117;28  RUE DE TILSITT;M;4887500;229380;750
2,02E+11;18;7;9;2015;1;2;3;1;6;117;62  BOULEVARD DES BATIGN;M;4888230;232093;750
2,02E+11;18;7;10;1120;1;2;1;1;2;117;16  BOULEVARD DES BATIGN;M;4888330;232560;750
2,02E+11;18;7;12;1545;1;2;3;1;3;117;106  BOULEVARD DE COURCE;M;4887890;230178;750
2,02E+11;18;7;13;1920;1;2;1;1;2;117;42  BOULEVARD DE DOUAUMO;M;4889490;230556;750
2,02E+11;18;7;16;1910;1;2;2;1;3;117;71  AVENUE DE VILLIERS;M;4888380;230476;750
2,02E+11;18;7;17;1900;1;2;1;1;4;117;BOULEVARD PERSHING;M;4888061;228374;750
2,02E+11;18;7;17;2030;2;2;2;1;3;117;BOULEVARD DE COURCELLES;M;4887968;230546;750
2,02E+11;18;7;18;2015;2;2;1;1;2;117;BOULEVARD DE COURCELLES;M;4888073;231132;750
2,02E+11;18;7;21;130;5;2;7;1;3;117;PLACE DE LA PORTE MAILLO;M;4887860;228217;750
2,02E+11;18;7;25;1400;1;2;3;1;6;117;RUE GUY MOQUET;M;4889151;232054;750
2,02E+11;18;7;27;1145;1;2;3;1;4;117;BOULEVARD DE COURCELLES;M;;;750
2,02E+11;18;7;30;1640;1;2;1;7;6;118;AVENUE DE SAINT OUEN;M;4889620;232870;750
2,02E+11;18;7;31;2035;1;2;3;1;6;117;AVENUE DE SAINT OUEN;M;4889300;232700;750
2,02E+11;18;8;8;1836;1;2;7;1;6;117;BOULEVARD BERTHIER;M;4888760;229832;750
2,02E+11;18;8;14;1920;1;2;7;1;3;117;PLACE DE LA PORTE MAILLO;M;4887844;228160;750
2,02E+11;18;8;22;1525;1;2;4;1;3;117;RUE DE SAUSSURE;M;4888824;231048;750
2,02E+11;18;8;22;1750;1;2;2;1;6;117;BOULEVARD PEREIRE;M;4887971;228718;750
2,02E+11;18;8;23;5;5;2;2;1;6;117;AVENUE DE CLICHY;M;4888604;232624;750
2,02E+11;18;8;23;1025;1;2;2;1;3;117;AVENUE DE CLICHY;M;;;750
2,02E+11;18;8;24;1;5;2;3;2;6;117;AVENUE DE LA GRANDE ARME;M;4887719;228569;750
2,02E+11;18;8;24;1030;1;2;2;8;6;117;BOULEVARD PEREIRE;M;4888749;230736;750
2,02E+11;18;8;24;1430;1;2;1;1;7;117;BOULEVARD DES BATIGNOLLE;M;4888310;232460;750
2,02E+11;18;8;25;2220;5;2;4;1;6;117;RUE FRAGONARD;M;;;750
2,02E+11;18;8;29;1215;1;2;1;1;3;117;RUE DE ROME;M;4888497;231737;750
2,02E+11;18;8;31;125;5;2;3;8;7;117;RUE GUSTAVE CHARPENTIER;M;4887958;228071;750
2,02E+11;18;9;1;1530;1;2;2;1;3;117;RUE DE ROME;M;4888398;231839;750
2,02E+11;18;9;1;2311;5;2;7;1;3;117;PLACE DE LA PORTE DE CHA;M;4888000;229000;750
2,02E+11;18;9;2;1815;1;2;3;1;3;117;BOULEVARD D AURELLE DE P;M;4888193;228344;750
2,02E+11;18;9;3;240;5;2;1;1;6;117;BOULEVARD DE DOUAUMONT;M;;;750
2,02E+11;18;9;3;1830;1;2;3;1;3;117;BOULEVARD BERTHIER;M;4888586;229485;750
2,02E+11;18;9;6;1220;1;2;5;8;3;117;BOULEVARD MALESHERBES;M;4888530;230724;750
2,02E+11;18;9;6;1440;1;2;1;1;3;117;AVENUE DE CLICHY;M;4889313;231555;750
2,02E+11;18;9;6;1800;1;2;4;1;3;118;AVENUE DE LA PORTE DE SA;M;4889792;232917;750
2,02E+11;18;9;7;50;5;2;2;1;3;117;AVENUE DE LA GRANDE ARME;M;4887451;229291;750
2,02E+11;18;9;7;1215;1;2;5;1;6;117;VILLA BERTHIER;M;;;750
2,02E+11;18;9;7;1635;1;2;5;1;6;117;BOULEVARD DE COURCELLES;M;;;750
2,02E+11;18;9;7;1620;1;2;5;1;3;117;BOULEVARD GOUVION SAINT;M;4888439;228955;750
2,02E+11;18;9;11;1715;1;2;3;1;3;117;AVENUE DE SAINT OUEN;M;;;750
2,02E+11;18;9;12;1505;1;2;1;1;6;117;AVENUE DE CLICHY;M;4889240;231692;750
2,02E+11;18;9;14;1315;1;2;6;1;3;117;PLACE CHARLES DE GAULLE;M;;;750
2,02E+11;18;9;14;1635;1;2;2;1;6;117;AVENUE DES TERNES;M;4888050;228556;750
2,02E+11;18;9;15;2040;5;2;1;1;6;117;AVENUE DE VILLIERS;M;4888316;230764;750
2,02E+11;18;9;17;1405;1;2;1;1;3;117;RUE CARDINET;M;4889007;231694;750
2,02E+11;18;9;18;730;1;2;1;1;2;117;BOULEVARD BERTHIER;M;4888622;229405;750
2,02E+11;18;9;22;2000;4;2;4;2;6;117;RUE CARDINET;M;4888156;230167;750
2,02E+11;18;9;24;1400;1;2;3;1;3;117;AVENUE DE CLICHY;M;4889231;231713;750
2,02E+11;18;9;25;915;1;2;1;1;3;117;RUE DE PHALSBOURG;M;;;750
2,02E+11;18;9;26;845;1;2;5;1;6;117;RUE DE COURCELLES;M;;;750
2,02E+11;18;9;26;1415;1;2;2;1;3;117;RUE DE COURCELLES;M;;;750
2,02E+11;18;9;26;1920;2;2;7;1;3;117;AVENUE DE NEUILLY;M;4887866;228020;750
2,02E+11;18;9;27;900;1;2;1;1;6;117;BOULEVARD BESSIERES;M;4889000;231000;750
2,02E+11;18;9;27;1850;1;2;2;1;6;117;BOULEVARD PEREIRE;M;4888750;231369;750
2,02E+11;18;9;28;1550;1;2;3;1;6;117;RUE CARDINET;M;4888180;230300;750
2,02E+11;18;9;28;1730;1;2;2;1;6;117;RUE BOULAY;M;4889457;231815;750
2,02E+11;18;9;28;2325;5;2;4;1;3;101;AVENUE DE L OPERA;M;;;750
2,02E+11;18;9;29;245;5;2;1;1;6;109;BOULEVARD DE CLICHY;M;4888310;233416;750
2,02E+11;18;9;29;1635;1;2;5;1;6;117;RUE DE COURCELLES;M;4888752;229500;750
2,02E+11;18;10;2;105;5;2;3;1;2;117;AVENUE DE CLICHY;M;4889257;231647;750
2,02E+11;18;10;2;1445;1;2;3;8;3;117;AVENUE DE VILLIERS;M;;;750
2,02E+11;18;10;4;1715;1;2;1;1;1;117;RUE DE COURCELLES;M;4888000;229000;750
2,02E+11;18;10;4;2100;5;2;3;1;2;117;AVENUE DE VILLIERS;M;;;750
2,02E+11;18;10;5;1620;1;2;2;1;6;117;BOULEVARD DES BATIGNOLLE;M;4888320;232520;750
2,02E+11;18;10;5;2100;5;2;4;1;6;108;BOULEVARD DE COURCELLES;M;4888124;231152;750
2,02E+11;18;10;6;505;5;2;1;1;2;117;AVENUE DE CLICHY;M;4889250;231664;750
2,02E+11;18;10;6;2055;5;2;3;1;3;117;RUE DE COURCELLES;M;;;750
2,02E+11;18;10;7;310;5;2;2;2;7;117;RUE GUY MOQUET;M;4889200;232400;750
2,02E+11;18;10;7;2300;5;2;1;1;6;117;BOULEVARD BERTHIER;M;;;750
2,02E+11;18;10;8;1800;1;2;1;1;6;117;RUE DE COURCELLES;M;4888039;230173;750
2,02E+11;18;10;9;1645;1;2;1;1;6;117;RUE RAYMOND PITET;M;4889002;229650;750
2,02E+11;18;10;9;2000;5;1;1;1;3;117;ECHANGEUR MAILLOT;M;4887816;227963;750
2,02E+11;18;10;11;950;1;2;2;7;2;117;RUE DE PRONY;M;;;750
2,02E+11;18;10;11;1635;1;2;7;1;3;117;PLACE DE CLICHY;M;;;750
2,02E+11;18;10;12;900;1;2;3;1;3;117;BOULEVARD BERTHIER;M;4889020;230463;750
2,02E+11;18;10;13;1720;1;2;2;1;6;117;AVENUE DE WAGRAM;M;;;750
2,02E+11;18;10;13;1900;4;2;3;1;6;117;RUE TARBE;M;;;750
2,02E+11;18;10;14;1650;1;2;2;1;3;117;RUE RAYMOND PITET;M;;;750
2,02E+11;18;10;15;325;5;2;4;1;6;117;ECHANGEUR MAILLOT;M;4887800;227900;750
2,02E+11;18;10;17;950;1;2;1;1;6;117;BOULEVARD GOUVION SAINT;M;4852420;217040;750
2,02E+11;18;10;17;1433;1;2;1;1;2;117;RUE DE TOCQUEVILLE;M;4888392;231189;750
2,02E+11;18;10;18;305;5;2;3;1;7;117;RUE CARDINET;M;4889040;231740;750
2,02E+11;18;10;18;1100;1;2;2;1;6;117;AVENUE DE LA PORTE DE SA;M;4889780;232870;750
2,02E+11;18;10;19;1605;1;2;7;1;3;117;PLACE DE CLICHY;M;;;750
2,02E+11;18;10;21;600;5;2;1;1;3;117;AVENUE DE LA GRANDE ARME;M;4880000;228000;750
2,02E+11;18;10;21;910;1;2;1;1;2;117;BOULEVARD PEREIRE;M;;;750
2,02E+11;18;10;22;2230;5;2;2;1;6;117;PLACE DU BRESIL;M;;;750
2,02E+11;18;10;26;905;1;2;7;1;6;117;PLACE DU MARECHAL JUIN;M;4888470;229665;750
2,02E+11;18;10;27;1335;1;2;3;1;3;117;AVENUE DE CLICHY;M;4889301;231620;750
2,02E+11;18;10;27;1400;1;2;1;1;2;117;AVENUE DE LA PORTE D ASN;M;4889119;230273;750
2,02E+11;18;10;30;125;5;2;2;2;6;117;RUE LA CONDAMINE;M;4888503;232079;750
2,02E+11;18;10;30;1910;5;2;1;1;3;117;AVENUE DE CLICHY;M;;;750
2,02E+11;18;10;31;1915;5;2;2;2;6;117;BOULEVARD MALESHERBES;M;;;750
2,02E+11;18;11;2;1120;1;2;3;1;3;117;AVENUE DE LA GRANDE ARME;M;;;750
2,02E+11;18;11;3;300;5;2;2;1;6;117;AVENUE DE CLICHY;M;;;750
2,02E+11;18;11;3;600;5;2;2;1;6;117;BOULEVARD BERTHIER;M;;;750
2,02E+11;18;11;3;1145;1;2;2;1;6;117;RUE ALBERT SAMAIN;M;4888600;229400;750
2,02E+11;18;11;4;45;5;2;1;1;3;117;AVENUE NIEL;M;4888421;229681;750
2,02E+11;18;11;5;900;1;2;3;1;6;117;BOULEVARD PEREIRE;M;4888789;231128;750
2,02E+11;18;11;5;1550;1;2;2;1;6;117;BOULEVARD DE COURCELLES;M;4800000;230000;750
2,02E+11;18;11;5;1750;5;2;3;1;7;117;BOULEVARD DE DOUAUMONT;M;4889516;230613;750
2,02E+11;18;11;6;1130;1;2;2;1;2;117;AVENUE DE LA GRANDE ARME;M;4887736;228416;750
2,02E+11;18;11;6;1230;1;2;7;1;3;117;AVENUE DE LA GRANDE ARME;M;4887449;229315;750
2,02E+11;18;11;6;1840;5;2;2;1;3;117;AVENUE DES TERNES;M;;;750
2,02E+11;18;11;7;1905;5;2;2;1;3;117;BOULEVARD BERTHIER;M;;;750
2,02E+11;18;11;8;2100;5;1;4;1;6;117;BOULEVARD PERIPHERIQUE I;M;;;750
2,02E+11;18;11;11;1725;5;2;2;2;3;117;BOULEVARD BESSIERES;M;;;750
2,02E+11;18;11;13;2020;3;2;3;1;3;117;RUE CARDINET;M;4888178;230297;750
2,02E+11;18;11;15;845;1;2;3;1;6;117;BOULEVARD PEREIRE;M;;;750
2,02E+11;18;11;15;2315;5;2;2;1;7;117;RUE NAVIER;M;;;750
2,02E+11;18;11;19;1515;1;2;2;1;7;117;AVENUE DE CLICHY;M;;;750
2,02E+11;18;11;20;1250;1;2;3;2;6;117;AVENUE DE VILLIERS;M;4888300;230700;750
2,02E+11;18;11;21;425;3;2;3;1;6;117;AVENUE DE SAINT OUEN;M;4889590;232840;750
2,02E+11;18;11;21;1230;1;2;4;1;3;117;AVENUE DE VILLIERS;M;4888462;230103;750
2,02E+11;18;11;22;650;5;2;2;1;5;117;PLACE DU GENERAL KOENIG;M;4888093;228505;750
2,02E+11;18;11;22;1925;5;2;3;2;6;117;AVENUE DE CLICHY;M;;;750
2,02E+11;18;11;23;1130;1;2;3;1;6;117;BOULEVARD MALESHERBES;M;4888500;230600;750
2,02E+11;18;11;23;1410;1;2;7;1;6;117;PLACE SAINT FERDINAND;M;4887796;228831;750
2,02E+11;18;11;23;2025;5;2;1;3;7;117;RUE DE COURCELLES;M;4888271;229969;750
2,02E+11;18;11;24;835;1;2;1;8;7;117;BOULEVARD DE DOUAUMONT;M;;;750
2,02E+11;18;11;26;740;2;2;2;2;6;117;RUE DE COURCELLES;M;4888770;229470;750
2,02E+11;18;11;26;915;1;2;2;2;6;117;BOULEVARD BERTHIER;M;4889400;231300;750
2,02E+11;18;11;26;1320;1;2;3;1;6;117;AVENUE DE SAINT OUEN;M;;;750
2,02E+11;18;11;26;1450;1;2;1;2;4;117;AVENUE DE VILLIERS;M;4888472;229991;750
2,02E+11;18;11;27;715;2;2;2;1;6;117;AVENUE DE CLICHY;M;;;750
2,02E+11;18;11;29;910;1;2;2;1;2;117;AVENUE DE LA PORTE D ASN;M;4889187;230139;750
2,02E+11;18;12;1;1230;1;2;1;8;3;117;BOULEVARD MALESHERBES;M;4888362;230909;750
2,02E+11;18;12;2;1900;5;2;3;1;4;117;AVENUE DE VILLIERS;M;4888400;230000;750
2,02E+11;18;12;3;1620;2;2;3;2;4;117;BOULEVARD DE COURCELLES;M;;;750
2,02E+11;18;12;5;615;5;2;2;1;7;117;AVENUE DE LA PORTE DE SA;M;4889874;232937;750
2,02E+11;18;12;5;2015;5;2;2;2;2;117;BOULEVARD DU FORT DE VAU;M;4889249;230122;750
2,02E+11;18;12;8;150;5;2;2;1;3;117;AVENUE DE LA PORTE D ASN;M;;;750
2,02E+11;18;12;8;2140;5;2;7;2;3;117;PLACE GENERAL CATROUX;M;4888271;231022;750
2,02E+11;18;12;11;800;1;2;3;1;6;117;AVENUE DE CLICHY;M;4893192;231565;750
2,02E+11;18;12;13;1845;5;2;4;1;6;117;RUE LAUGIER;M;;;750
2,02E+11;18;12;13;2050;5;2;2;1;6;117;BOULEVARD DES BATIGNOLLE;M;;;750
2,02E+11;18;12;14;555;5;2;7;1;7;117;PLACE DE LA REPUBLIQUE D;M;4888065;230869;750
2,02E+11;18;12;14;2350;5;2;2;1;6;117;RUE POUCHET;M;4889208;231880;750
2,02E+11;18;12;16;2335;5;2;1;3;3;108;BOULEVARD MALESHERBES;M;;;750
2,02E+11;18;12;18;1040;1;2;2;1;3;117;RUE SAINT JUST;M;;;750
2,02E+11;18;12;18;1120;1;2;2;1;3;117;AVENUE NIEL;M;;;750
2,02E+11;18;12;18;1300;1;2;3;1;3;117;RUE LOUIS LOUCHEUR;M;;;750
2,02E+11;18;12;19;955;1;2;7;1;6;117;PLACE DE LA REPUBLIQUE D;M;;;750
2,02E+11;18;12;19;1215;1;2;3;1;6;117;AVENUE DE CLICHY;M;;;750
2,02E+11;18;12;20;1420;1;2;7;1;3;117;PLACE GENERAL CATROUX;M;4888321;230901;750
2,02E+11;18;12;20;1535;1;2;1;1;7;117;SOUTERRAIN CHAMPERRET;M;4888451;228988;750
2,02E+11;18;12;24;1030;1;2;5;8;6;117;AVENUE DE WAGRAM;M;;;750
2,02E+11;18;12;27;1900;5;2;7;1;3;117;PLACE DE LA PORTE MAILLO;M;4887700;228300;750
2,02E+11;18;12;28;1510;1;2;2;1;6;117;RUE DE LA JONQUIERE;M;4889453;239111;750
2,02E+11;18;1;4;1730;2;2;4;2;6;118;64  BOULEVARD DE CLICHY;M;4888340;233433;750
2,02E+11;18;1;5;1705;2;2;7;2;6;118;86  BOULEVARD DE CLICHY;M;4888390;233278;750
2,02E+11;18;1;7;1845;5;2;5;1;3;118;/  BOULEVARD NEY;M;4889870;235905;750
2,02E+11;18;1;8;1000;1;2;3;1;3;118;18  RUE JOSEPH DE MAISTR;M;4888660;233262;750
2,02E+11;18;1;11;45;4;2;7;1;6;118;PLACE ALBERT KAHN;M;4889560;234626;750
2,02E+11;18;1;12;115;5;2;1;1;6;118;51  RUE DU DEPARTEMENT;M;4888650;236189;750
2,02E+11;18;1;17;1310;1;2;2;2;6;118;36  RUE ORDENER;M;4889120;235160;750
2,02E+11;18;1;19;1715;5;2;2;1;6;118;128  BOULEVARD DE CLICHY;M;4888460;232950;750
2,02E+11;18;1;22;940;1;2;3;2;6;118;166  RUE ORDENER;M;4889380;233507;750
2,02E+11;18;1;22;1120;1;2;3;3;6;118;98  RUE RIQUET;M;4889020;236022;750
2,02E+11;18;1;22;2100;5;2;3;2;3;118;  BOULEVARD BARBES;M;4888530;234948;750
2,02E+11;18;1;25;1711;2;2;1;2;7;118;118  RUE CAULAINCOURT;M;4888980;234221;750
2,02E+11;18;1;27;230;5;2;7;1;6;118;66  BOULEVARD ORNANO;M;4889600;234594;750
2,02E+11;18;1;31;920;1;2;2;1;6;118;2  RUE FRANCOEUR;M;4888980;234293;750
2,02E+11;18;1;31;1130;1;2;5;1;6;118;37  RUE JOSEPH DE MAISTR;M;4889250;233047;750
2,02E+11;18;2;1;1705;1;2;2;1;6;118;18  RUE LEIBNIZ;M;4889670;233622;750
2,02E+11;18;2;3;50;5;2;1;1;6;118;163  RUE BELLIARD;M;4889590;233160;750
2,02E+11;18;2;5;1300;1;2;1;4;6;118;38  RUE ORDENER;M;4889140;235034;750
2,02E+11;18;2;5;1350;1;2;3;4;6;118;96  RUE DU POTEAU;M;4889690;233829;750
2,02E+11;18;2;6;1525;1;2;3;4;6;118;9  RUE ORDENER;M;4889030;235828;750
2,02E+11;18;2;7;130;5;2;3;4;6;118;RUE CAULAINCOURT;M;4888970;234014;750
2,02E+11;18;2;10;1205;1;2;1;1;6;118;BOULEVARD PERIPHERIQUE E;M;4890120;235162;750
2,02E+11;18;2;10;1300;1;2;3;1;7;118;36  RUE POLONCEAU;M;4888590;235205;750
2,02E+11;18;2;10;1505;1;2;2;1;6;118;45  RUE DU DOCTEUR BABIN;M;4890110;233508;750
2,02E+11;18;2;10;2210;5;2;3;2;3;118;12  RUE LEPIC;M;4888470;233358;750
2,02E+11;18;2;10;2320;5;2;2;2;6;118;2  AVENUE DE LA PORTE DE;M;4889780;233738;750
2,02E+11;18;2;12;835;1;2;1;1;7;118;19  RUE ORDENER;M;4889030;235748;750
2,02E+11;18;2;13;2225;5;2;2;2;6;118;73  BOULEVARD BARBES;M;4889150;234962;750
2,02E+11;18;2;14;1000;1;2;7;1;6;118;66  BOULEVARD ORNANO;M;4889560;234626;750
2,02E+11;18;2;14;1100;1;2;2;8;3;118;16  RUE HENRI HUCHARD;M;4889900;232940;750
2,02E+11;18;2;14;1330;1;2;1;1;6;118;47  RUE VAUVENARGUES;M;4889530;233151;750
2,02E+11;18;2;15;900;1;2;2;2;3;118;AVENUE DE LA PORTE D AUB;M;4889870;237027;750
2,02E+11;18;2;16;713;2;2;2;1;6;118;RUE MULLER;M;4888690;234763;750
2,02E+11;18;2;16;1210;1;2;2;1;6;118;69  RUE DE LA CHAPELLE;M;4889840;235906;750
2,02E+11;18;2;16;2020;5;2;7;1;3;118;82  BOULEVARD DE CLICHY;M;4888390;233278;750
2,02E+11;18;2;18;610;5;2;1;1;5;118;22  RUE DE LA CHAPELLE;M;4889180;235983;750
2,02E+11;18;2;19;1130;1;2;2;2;3;118;AVENUE DE LA PORTE DE CL;M;4889930;234409;750
2,02E+11;18;2;19;1825;5;2;2;1;6;118;55  RUE ORDENER;M;4889120;235160;750
2,02E+11;18;2;20;2050;3;2;2;2;6;118;30  AVENUE DE LA PORTE D;M;4889900;232940;750
2,02E+11;18;2;21;1233;1;2;1;1;6;118;43  RUE CAULAINCOURT;M;4888900;233452;750
2,02E+11;18;2;22;930;1;2;1;1;3;118;92  BOULEVARD NEY;M;4889820;234765;750
2,02E+11;18;2;28;810;1;2;2;1;7;118;100  RUE LEIBNIZ;M;4889590;232837;750
2,02E+11;18;3;3;1945;5;2;3;1;7;118;82  BOULEVARD DE LA CHAP;M;4888420;235411;750
2,02E+11;18;3;4;1010;1;2;3;2;3;118;1  IMPASSE MARTEAU;M;4890150;235951;750
2,02E+11;18;3;4;1540;1;2;2;2;6;118;32  BOULEVARD DE LA CHAP;M;4888450;236144;750
2,02E+11;18;3;5;800;1;2;2;1;6;118;RUE RENE BINET;M;4889920;233624;750
2,02E+11;18;3;7;1255;1;2;1;2;2;118;BOULEVARD PERIPHERIQUE;M;4890060;233077;750
2,02E+11;18;3;9;2020;5;2;1;2;6;118;30  AVENUE DE LA PORTE D;M;4890040;234411;750
2,02E+11;18;3;10;2004;5;2;2;1;3;118;2  BOULEVARD DE ROCHECHO;M;4888390;234946;750
2,02E+11;18;3;12;1841;1;2;5;1;3;118;BOULEVARD BARBES;M;4888390;234946;750
2,02E+11;18;3;14;900;1;2;4;1;6;118;64  BOULEVARD DE LA CHAP;M;4888430;235573;750
2,02E+11;18;3;14;2245;5;2;4;1;6;118;26  RUE ORDENER;M;4889090;235320;750
2,02E+11;18;3;15;1455;1;2;1;1;6;118;  RUE MARX DORMOY;M;4888540;235935;750
2,02E+11;18;3;16;740;1;2;1;1;2;118;3  AVENUE DE LA PORTE D;M;4889940;237025;750
2,02E+11;18;3;17;1620;1;2;3;4;3;118;30  PORTE DE CLIGNANCOUR;M;4889930;234409;750
2,02E+11;18;3;21;2315;5;2;1;1;6;118;64  RUE JOSEPH DE MAISTR;M;4889020;233125;750
2,02E+11;18;3;22;1230;1;2;1;1;6;118;48  RUE MARX DORMOY;M;4888760;235981;750
2,02E+11;18;3;22;1300;1;2;2;1;6;118;RUE DES CLOYS;M;4889270;234008;750
2,02E+11;18;3;22;2010;5;2;1;1;2;119;BOULEVARD PERIPHERIQUE I;M;4890070;237028;750
2,02E+11;18;3;23;915;1;2;1;8;3;118;3  RUE DES ABBESSES;M;4888380;233930;750
2,02E+11;18;3;24;2050;5;2;1;1;6;118;BOULEVARD PERIPHERIQUE I;M;4890080;234031;750
2,02E+11;18;3;25;109;5;2;2;1;6;118;01  RUE MARX DORMOY;M;4888490;235933;750
2,02E+11;18;3;25;2000;2;2;5;1;3;118;58  RUE CUSTINE;M;4888980;234293;750
2,02E+11;18;3;27;1305;1;2;2;2;6;118;AVENUE DE LA PORTE DE SA;M;4889900;232940;750
2,02E+11;18;3;28;1148;1;2;5;2;6;118;AVENUE DE SAINT OUEN;M;4889130;232682;750
2,02E+11;18;3;28;1950;2;2;4;1;6;118;15  RUE DE CLIGNANCOURT;M;4888500;234726;750
2,02E+11;18;3;29;1910;1;2;3;3;6;118;173  RUE ORDENER;M;4889350;233732;750
2,02E+11;18;3;30;1355;1;2;2;1;6;118;21  AVENUE DE LA PORTE D;M;4890050;233547;750
2,02E+11;18;3;31;2000;2;2;1;1;6;118;50  AVENUE DE LA PORTE D;M;4890140;235194;750
2,02E+11;18;4;5;1430;1;2;1;1;6;118;BOULEVARD PERIPHERIQUE E;M;4890090;236524;750
2,02E+11;18;4;5;2000;2;2;7;1;2;118;1  RUE EUGENE SUE;M;4889070;234538;750
2,02E+11;18;4;6;30;5;2;1;1;6;118;189  RUE D AUBERVILLIERS;M;4889660;237034;750
2,02E+11;18;4;6;1220;1;2;4;1;6;118;43-45  BOULEVARD NEY;M;4889780;234264;750
2,02E+11;18;4;6;1937;1;2;3;1;3;118;35  RUE LAMARCK;M;4888930;234180;750
2,02E+11;18;4;7;530;5;2;7;1;2;118;RUE DE LA CHAPELLE;M;4889520;235957;750
2,02E+11;18;4;7;1100;1;2;2;1;3;118;RUE ORDENER;M;4889150;234962;750
2,02E+11;18;4;7;1550;2;2;4;1;3;118;AVENUE DE LA PORTE DES P;M;4889960;235229;750
2,02E+11;18;4;8;1140;1;2;2;1;3;118;RUE DAMREMONT;M;4889530;233754;750
2,02E+11;18;4;9;1825;1;2;3;2;6;118;BOULEVARD DE ROCHECHOUAR;M;4888290;234384;750
2,02E+11;18;4;9;1845;1;2;1;2;6;118;72  BOULEVARD NEY;M;4889840;235587;750
2,02E+11;18;4;10;1440;1;2;1;1;3;118;120  BOULEVARD DE ROCHEC;M;4888220;234019;750
2,02E+11;18;4;11;1255;1;2;1;1;3;118;AVENUE DE LA PORTE DE CL;M;4889840;234412;750
2,02E+11;18;4;12;1350;1;2;3;1;3;119;213  AVENUE JEAN JAURES;M;4888880;239312;750
2,02E+11;18;4;12;1600;1;2;3;2;6;118;122  AVENUE DE SAINT OUE;M;4889520;232817;750
2,02E+11;18;4;12;1710;1;2;2;2;6;118;65  RUE MYRHA;M;4888670;235073;750
2,02E+11;18;4;12;1650;1;2;3;2;3;118;153  RUE DES POISSONNIER;M;4889790;235252;750
2,02E+11;18;4;12;1947;2;2;5;1;6;118;96  RUE DU POTEAU;M;4889690;233829;750
2,02E+11;18;4;13;800;1;2;7;1;3;118;63  RUE RAMEY;M;4889070;234538;750
2,02E+11;18;4;13;1850;1;2;2;1;6;118;RUE STEPHENSON;M;4888600;235658;750
2,02E+11;18;4;14;1345;1;2;5;1;6;118;96  BOULEVARD BARBES;M;4889150;234962;750
2,02E+11;18;4;14;1705;1;2;4;1;6;118;136  RUE LAMARCK;M;4889100;233147;750
2,02E+11;18;4;14;1940;2;2;3;2;6;118;15  RUE TOURLAQUE;M;4888790;233269;750
2,02E+11;18;4;14;530;5;2;2;1;6;118;RUE ORDENER;M;4889120;235160;750
2,02E+11;18;4;18;2050;5;2;1;1;6;118;96  BOULEVARD DE CLICHY;M;4888410;233174;750
2,02E+11;18;4;19;1705;1;2;1;1;3;118;65  BOULEVARD NEY;M;4889790;233992;750