Num_Acc;an;mois;jour;hrmn;lum;agg;int;atm;col;com;adr;gps;lat;long;dep
2,02E+11;18;4;21;1853;1;2;2;1;6;109;41  BOULEVARD DE ROCHECH;M;4888270;234394;750
2,02E+11;18;4;22;1045;1;2;3;1;2;118;110  BOULEVARD DE ROCHEC;M;4888260;234190;750
2,02E+11;18;4;24;820;1;2;2;1;3;118;22  RUE DES ROSES;M;4889330;236139;750
2,02E+11;18;4;27;1045;1;2;2;1;6;118;1  PLACE DE LA CHAPELLE;M;4888450;235932;750
2,02E+11;18;4;27;1215;1;2;1;1;2;118;3  RUE CAULAINCOURT;M;4888500;233004;750
2,02E+11;18;4;28;1225;1;2;5;1;6;118;35  BOULEVARD BARBES;M;4888730;234955;750
2,02E+11;18;4;28;1435;1;2;3;1;3;118;63  RUE DE LA CHAPELLE;M;4889530;235964;750
2,02E+11;18;4;28;1735;1;2;2;1;3;118;RUE DES POISSONNIERS;M;4889820;235248;750
2,02E+11;18;5;1;2300;5;2;2;1;2;118;100  RUE DE LA CHAPELLE;M;4889840;235906;750
2,02E+11;18;5;4;1415;1;2;2;1;7;118;PORTE DE LA CHAPELLE;M;4889840;235906;750
2,02E+11;18;5;5;1130;1;2;1;1;6;118;231  RUE CHAMPIONNET;M;4889320;232834;750
2,02E+11;18;5;6;1905;1;2;2;1;6;118;  RUE CAVE;M;4888680;235553;750
2,02E+11;18;5;7;930;1;2;1;1;6;118;32  BOULEVARD BARBES;M;4888620;234951;750
2,02E+11;18;5;7;1736;1;2;1;1;3;118;61  RUE DE L EVANGILE;M;4889510;236886;750
2,02E+11;18;5;8;1600;1;2;2;1;6;118;106  BOULEVARD NEY;M;4889800;234414;750
2,02E+11;18;5;9;955;1;2;3;1;6;118;03  BOULEVARD BARBES;M;4888410;234946;750
2,02E+11;18;5;12;1440;1;2;2;1;3;118;30  AVENUE DE LA PORTE D;M;4890050;234411;750
2,02E+11;18;5;14;15;5;2;1;2;6;118;54  AVENUE DE CLICHY;M;4888690;232584;750
2,02E+11;18;5;16;1220;1;2;3;1;3;118;BOULEVARD DE LA CHAPELLE;M;4888390;235075;750
2,02E+11;18;5;16;1755;1;2;3;1;6;118;9  RUE ORDENER;M;4889030;235828;750
2,02E+11;18;5;17;1545;1;2;2;1;6;118;34  RUE MARX DORMOY;M;4888680;235963;750
2,02E+11;18;5;18;540;2;2;4;1;2;118;12  RUE DE LA CHAPELLE;M;4889080;235987;750
2,02E+11;18;5;18;845;1;2;1;1;3;118;34  RUE CAULAINCOURT;M;4888820;233386;750
2,02E+11;18;5;18;1355;1;2;5;1;6;118;50  RUE ORDENER;M;4889170;234872;750
2,02E+11;18;5;20;1345;1;2;5;1;3;118;AVENUE DE LA PORTE DE MO;M;4889780;233738;750
2,02E+11;18;5;20;2140;5;2;7;1;3;118;50  BOULEVARD BARBES;M;4888730;234955;750
2,02E+11;18;5;22;45;5;2;7;1;6;118;/  PORTE DE LA CHAPELLE;M;4889870;235905;750
2,02E+11;18;5;22;1635;1;2;2;3;6;118;21  RUE HERMEL;M;4889110;234428;750
2,02E+11;18;5;22;1700;1;2;3;3;6;118;67  RUE RIQUET;M;4889000;236250;750
2,02E+11;18;5;23;1525;1;2;2;1;6;118;PORTE DE MONTMARTRE;M;4889780;233738;750
2,02E+11;18;5;25;1150;1;2;1;1;3;118;30  RUE JOSEPH DE MAISTR;M;4888780;233209;750
2,02E+11;18;5;26;1115;1;2;3;1;3;118;133  RUE ORDENER;M;4889220;234608;750
2,02E+11;18;5;29;1010;1;2;2;8;2;118;93  RUE DE LA CHAPELLE;M;4889840;235906;750
2,02E+11;18;6;1;1850;1;2;1;8;6;119;204  RUE D AUBERVILLIERS;M;4889650;237045;750
2,02E+11;18;6;2;1540;1;2;1;1;2;118;93  RUE DE LA CHAPELLE;M;4889800;235909;750
2,02E+11;18;6;2;1630;1;2;1;1;4;118;215  AVENUE DE LA PORTE;M;4890150;237015;750
2,02E+11;18;6;4;2200;2;2;2;1;3;118;102  RUE DAMREMONT;M;4889530;233754;750
2,02E+11;18;6;6;1704;1;2;3;2;6;118;26  BOULEVARD NEY;M;4889860;236834;750
2,02E+11;18;6;6;1710;1;2;3;2;3;118;14  RUE DES POISSONNIERS;M;4888620;235034;750
2,02E+11;18;6;8;1750;1;2;3;1;6;118;04  IMPASSE DE LA CHAPEL;M;4889270;235970;750
2,02E+11;18;6;10;2255;5;2;3;1;6;118;RUE MARX DORMOY;M;4888910;235988;750
2,02E+11;18;6;11;848;1;2;7;2;3;118;0  BOULEVARD DE LA CHAPE;M;4888450;235932;750
2,02E+11;18;6;11;1210;1;2;1;2;6;118;94  RUE JEAN HENRI FABRE;M;4890130;234223;750
2,02E+11;18;6;13;815;1;2;2;1;6;118;215  RUE D AUBERVILLIERS;M;4889870;237027;750
2,02E+11;18;6;13;1720;1;2;7;8;6;118;72  BOULEVARD DE ROCHECH;M;4888290;234384;750
2,02E+11;18;6;15;920;1;2;5;1;6;118;96  BOULEVARD BARBES;M;4889150;234962;750
2,02E+11;18;6;15;1110;1;2;3;1;6;118;3  BOULEVARD BARBES;M;4888410;234946;750
2,02E+11;18;6;15;1940;1;2;2;1;2;118;84  RUE DU POTEAU;M;4889680;233848;750
2,02E+11;18;6;16;1420;1;2;5;1;3;118;37  BOULEVARD NEY;M;4889790;234439;750
2,02E+11;18;6;18;1415;1;2;3;1;6;118;RUE ERNESTINE;M;4889060;235453;750
2,02E+11;18;6;19;1930;1;2;3;1;3;118;RUE ORDENER;M;4889040;235581;750
2,02E+11;18;6;19;1310;1;2;1;1;3;118;189  RUE D AUBERVILLIERS;M;4889660;237034;750
2,02E+11;18;6;20;1340;1;2;3;1;6;118;12  RUE DE TORCY;M;4889120;236398;750
2,02E+11;18;6;22;250;5;2;2;1;6;118;106  RUE MARCADET;M;4889120;234361;750
2,02E+11;18;6;22;1400;1;2;2;1;3;118;97  AVENUE DE LA PORTE D;M;4889870;235905;750
2,02E+11;18;6;22;1700;1;2;1;1;6;118;AVENUE DE LA PORTE DE LA;M;4890030;235914;750
2,02E+11;18;6;26;855;1;2;3;1;3;118;3  BOULEVARD BARBES;M;4888410;234946;750
2,02E+11;18;6;26;1310;1;2;1;1;6;118;52  BOULEVARD NEY;M;4889860;236469;750
2,02E+11;18;6;27;1630;1;2;3;1;3;118;BOULEVARD NEY;M;4889780;233922;750
2,02E+11;18;6;27;1910;1;2;1;1;7;118;43  RUE DE CLIGNANCOURT;M;4888640;234755;750
2,02E+11;18;6;28;2245;5;2;1;1;5;118;29  RUE ORDENER;M;4889070;235397;750
2,02E+11;18;6;29;1305;1;2;4;1;6;118;62  RUE LEIBNIZ;M;4889610;233184;750
2,02E+11;18;6;29;1750;1;2;3;1;3;118;18  RUE DE CLIGNANCOURT;M;4888500;234726;750
2,02E+11;18;6;30;13;5;2;1;1;7;118;10  RUE DE CLIGNANCOURT;M;4888450;234714;750
2,02E+11;18;6;30;1330;1;2;1;1;6;118;89  AVENUE DE SAINT OUEN;M;4889350;232755;750
2,02E+11;18;7;1;851;1;2;2;1;7;118;48  BOULEVARD BARBES;M;4888840;234956;750
2,02E+11;18;7;2;1630;1;2;3;1;3;118;66  RUE MARX DORMOY;M;4888910;235988;750
2,02E+11;18;7;2;2018;1;2;2;1;5;118;AVENUE DE LA PORTE DE LA;M;4889870;235905;750
2,02E+11;18;7;2;2156;5;2;2;1;3;118;PLACE DE LA CHAPELLE;M;4888450;235932;750
2,02E+11;18;7;2;2210;5;2;2;1;3;118;120  AVENUE DE SAINT OUE;M;4889500;232806;750
2,02E+11;18;7;3;2105;1;2;3;1;3;118;41  RUE ORDENER;M;4889090;235320;750
2,02E+11;18;7;4;210;5;2;1;1;1;118;50  AVENUE DE LA PORTE D;M;4890010;235220;750
2,02E+11;18;7;4;1330;1;2;1;1;6;118;17  RUE DE L EVANGILE;M;4889280;236285;750
2,02E+11;18;7;4;1545;1;2;1;1;6;118;57  BOULEVARD NEY;M;4889790;234045;750
2,02E+11;18;7;5;1015;1;2;2;8;3;118;BOULEVARD DE LA CHAPELLE;M;4888430;235573;750
2,02E+11;18;7;5;945;1;2;3;1;3;118;51  RUE MARX DORMOY;M;4888910;235988;750
2,02E+11;18;7;5;1510;1;2;1;1;6;118;46  RUE MARX DORMOY;M;4888750;235978;750
2,02E+11;18;7;5;1540;1;2;1;1;3;118;18  BOULEVARD DE LA CHAP;M;4888450;236263;750
2,02E+11;18;7;9;1700;1;2;1;1;6;118;4  RUE BOUCRY;M;4889360;236271;750
2,02E+11;18;7;10;1825;1;2;1;1;2;118;40  RUE STEPHENSON;M;4888770;235626;750
2,02E+11;18;7;10;1940;1;2;1;1;6;118;BOULEVARD PERIPHERIQUE E;M;4890120;235162;750
2,02E+11;18;7;11;2010;1;2;3;1;2;118;117  RUE ORDENER;M;4889270;234327;750
2,02E+11;18;7;13;1436;1;2;1;1;6;118;130  BOULEVARD DE CLICHY;M;4888440;232893;750
2,02E+11;18;7;14;1315;1;2;3;1;3;118;36  RUE MARX DORMOY;M;4888680;235963;750
2,02E+11;18;7;16;335;5;2;2;1;6;118;9  BOULEVARD ORNANO;M;4889250;234886;750
2,02E+11;18;7;18;50;5;2;1;1;6;118;BOULEVARD NEY;M;4889000;234000;750
2,02E+11;18;7;19;2045;2;2;1;1;6;118;BOULEVARD NEY;M;4889862;236760;750
2,02E+11;18;7;24;548;5;2;5;1;6;118;BOULEVARD DE CLICHY;M;4888469;232922;750
2,02E+11;18;7;24;1000;1;2;1;1;6;118;RUE MARX DORMOY;M;4888500;235900;750
2,02E+11;18;7;25;2120;1;2;1;1;6;118;AVENUE DE LA PORTE DE MO;M;;;750
2,02E+11;18;7;26;1205;1;2;2;1;5;118;BOULEVARD NEY;M;4889000;235000;750
2,02E+11;18;7;28;1445;1;2;7;1;2;118;PORTE DE LA CHAPELLE;M;4889860;235894;750
2,02E+11;18;7;29;550;2;2;1;1;4;117;AVENUE DE CLICHY;M;4888726;232590;750
2,02E+11;18;7;30;1457;1;2;2;1;3;118;AVENUE DE LA PORTE DE CL;M;4890000;230000;750
2,02E+11;18;7;30;2040;2;2;4;1;6;118;RUE LEIBNIZ;M;4889784;234000;750
2,02E+11;18;8;2;1135;1;2;4;1;6;118;RUE DE CLIGNANCOURT;M;;;750
2,02E+11;18;8;2;1300;1;2;4;1;2;118;RUE DE L EVANGILE;M;4889571;237119;750
2,02E+11;18;8;3;800;1;2;1;1;2;118;RUE DE LA CHAPELLE;M;4889000;235000;750
2,02E+11;18;8;4;1240;1;1;4;1;2;118;BOULEVARD PERIPHERIQUE E;M;4890000;236900;750
2,02E+11;18;8;5;2215;4;2;2;1;6;118;AVENUE DE LA PORTE DE LA;M;4889953;235959;750
2,02E+11;18;8;7;2155;5;2;4;8;3;118;BOULEVARD NEY;M;4889878;236087;750
2,02E+11;18;8;8;1629;1;2;7;1;1;118;PLACE DE LA CHAPELLE;M;4888000;235000;750
2,02E+11;18;8;9;2300;5;2;2;1;2;118;RUE MARX DORMOY;M;4888497;235948;750
2,02E+11;18;8;14;925;1;2;2;1;3;118;RUE CAULAINCOURT;M;4888492;232998;750
2,02E+11;18;8;17;1810;2;2;2;7;3;118;PLACE DE LA CHAPELLE;M;4888453;235928;750
2,02E+11;18;8;18;1630;1;2;2;1;6;118;RUE ORDENER;M;4886666;233333;750
2,02E+11;18;8;20;1320;1;2;5;1;6;118;RUE DOUDEAUVILLE;M;4888829;235138;750
2,02E+11;18;8;21;1417;1;2;7;1;3;118;BOULEVARD ORNANO;M;;;750
2,02E+11;18;8;27;1417;1;2;2;1;6;118;RUE ORDENER;M;4889158;234938;750
2,02E+11;18;8;27;1540;1;2;1;1;6;118;RUE BELLIARD;M;;;750
2,02E+11;18;8;28;940;1;2;3;1;3;118;RUE DU PROFESSEUR GOSSET;M;4890145;235193;750
2,02E+11;18;8;28;1330;1;2;1;1;2;118;BOULEVARD ORNANO;M;4889548;234618;750
2,02E+11;18;8;28;1811;1;2;2;1;3;118;BOULEVARD BARBES;M;4888952;234937;750
2,02E+11;18;8;31;1854;1;2;2;1;6;118;RUE DOUDEAUVILLE;M;4888000;235000;750
2,02E+11;18;9;1;1830;1;2;2;1;6;118;RUE DE CLIGNANCOURT;M;4889000;234000;750
2,02E+11;18;9;2;1526;1;2;3;1;1;118;RUE STEPHENSON;M;4888800;235620;750
2,02E+11;18;9;3;1616;1;2;3;1;6;118;RUE DE CLIGNANCOURT;M;4888400;234700;750
2,02E+11;18;9;4;1245;1;2;1;1;6;118;AVENUE DE SAINT OUEN;M;4888890;232000;750
2,02E+11;18;9;4;1130;1;1;4;2;3;118;AVENUE DE LA PORTE DE LA;M;;;750
2,02E+11;18;9;4;1630;1;2;3;1;6;118;RUE ERNESTINE;M;4888800;235400;750
2,02E+11;18;9;4;1905;1;2;1;1;6;118;RUE RIQUET;M;;;750
2,02E+11;18;9;5;3;5;2;4;1;6;118;ECHANGEUR CHAPELLE;M;;;750
2,02E+11;18;9;12;952;1;2;3;1;6;118;BOULEVARD ORNANO;M;4889262;234907;750
2,02E+11;18;9;12;1050;1;2;3;1;6;118;RUE DE LA FONTAINE DU BU;M;4889025;233900;750
2,02E+11;18;9;12;1650;1;2;1;1;6;118;BOULEVARD NEY;M;4889769;233980;750
2,02E+11;18;9;13;830;2;2;1;2;7;118;RUE CAULAINCOURT;M;4888527;233089;750
2,02E+11;18;9;14;1455;1;2;1;1;3;118;RUE DE LA CHAPELLE;M;4889647;235973;750
2,02E+11;18;9;14;1915;2;2;1;1;6;118;RUE RIQUET;M;4889005;236209;750
2,02E+11;18;9;15;1845;1;2;3;1;3;118;RUE D AUBERVILLIERS;M;;;750
2,02E+11;18;9;15;1800;1;2;2;1;6;118;RUE LETORT;M;4889496;234318;750
2,02E+11;18;9;16;548;5;2;2;1;6;118;AVENUE DE LA PORTE D AUB;M;4889986;237028;750
2,02E+11;18;9;17;755;2;2;2;1;3;118;AVENUE DE LA PORTE DE CL;M;4889811;234435;750
2,02E+11;18;9;20;1204;1;2;3;1;6;118;RUE DE LA GOUTTE D OR;M;4888525;234976;750
2,02E+11;18;9;21;1555;1;2;2;1;3;118;AVENUE DE LA PORTE DE SA;M;4889769;232895;750
2,02E+11;18;9;21;1710;1;2;3;1;6;118;RUE DE LA CHAPELLE;M;4889559;235946;750
2,02E+11;18;9;22;1625;1;2;2;1;7;118;BOULEVARD ORNANO;M;4889348;234833;750
2,02E+11;18;9;23;1440;1;2;2;3;3;118;RUE HERMEL;M;4889000;234000;750
2,02E+11;18;9;25;1320;1;2;3;1;3;118;BOULEVARD ORNANO;M;4889275;234886;750
2,02E+11;18;9;27;1030;1;2;1;1;6;118;AVENUE DE LA PORTE DE CL;M;4889863;234414;750
2,02E+11;18;9;27;1800;1;2;1;1;6;118;RUE DE LA CHAPELLE;M;4889000;235000;750
2,02E+11;18;9;28;1220;1;2;3;1;6;118;BOULEVARD NEY;M;4889780;234219;750
2,02E+11;18;9;29;2240;5;2;4;1;6;118;BOULEVARD BARBES;M;;;750
2,02E+11;18;9;30;1040;1;2;3;1;6;118;RUE ANDRE DEL SARTE;M;4888000;234000;750
2,02E+11;18;9;30;1900;2;2;2;1;4;118;BOULEVARD NEY;M;4889943;233000;750
2,02E+11;18;10;6;1720;1;2;1;1;6;118;RUE PIERRE PICARD;M;4888473;234591;750
2,02E+11;18;10;6;2045;5;2;1;1;6;117;AVENUE DE CLICHY;M;4888380;232727;750
2,02E+11;18;10;8;1345;1;2;3;1;6;118;RUE JEAN DOLLFUS;M;4889745;233387;750
2,02E+11;18;10;8;1720;1;2;2;1;6;118;RUE STEPHENSON;M;4888596;235661;750
2,02E+11;18;10;8;1900;5;2;1;1;6;118;RUE ORDENER;M;4889000;233000;750
2,02E+11;18;10;9;1525;1;2;3;1;6;118;AVENUE DE LA PORTE DES P;M;;;750
2,02E+11;18;10;9;1625;1;2;1;1;6;118;RUE DE LA CHAPELLE;M;4889800;235864;750
2,02E+11;18;10;11;1000;1;2;3;1;3;118;RUE LEPIC;M;4888520;233399;750
2,02E+11;18;10;11;1915;4;2;3;2;6;118;BOULEVARD NEY;M;4889800;236800;750
2,02E+11;18;10;15;1710;1;2;3;1;3;118;RUE ORDENER;M;4889226;234616;750
2,02E+11;18;10;17;140;5;2;3;1;5;118;AVENUE DE CLICHY;M;4888434;232715;750
2,02E+11;18;10;17;1820;1;2;1;1;6;118;RUE GINETTE NEVEU;M;4890015;234611;750
2,02E+11;18;10;18;135;5;2;2;1;3;118;BOULEVARD NEY;M;4889822;235252;750
2,02E+11;18;10;19;30;5;2;1;1;3;118;RUE ORDENER;M;4889089;235250;750
2,02E+11;18;10;19;2145;5;2;2;1;2;118;RUE ORDENER;M;4889169;234877;750
2,02E+11;18;10;21;210;5;2;1;1;3;118;RUE DE LA CHAPELLE;M;4889377;235966;750
2,02E+11;18;10;22;1250;1;2;2;8;6;118;BOULEVARD NEY;M;4889808;234260;750
2,02E+11;18;10;23;110;5;2;2;1;6;118;RUE CAULAINCOURT;M;4888470;232980;750
2,02E+11;18;10;23;2325;5;2;1;1;6;118;AVENUE DE LA PORTE DE LA;M;4890079;235846;750
2,02E+11;18;10;24;920;1;2;1;1;1;118;BOULEVARD NEY;M;4889000;236000;750
2,02E+11;18;10;25;1735;1;2;7;7;6;118;PLACE JACQUES FROMENT;M;4889100;233152;750
2,02E+11;18;10;26;320;5;2;2;1;3;118;RUE CARPEAUX;M;4889006;232929;750
2,02E+11;18;10;25;2100;5;2;2;1;6;118;RUE RIQUET;M;4888994;236260;750
2,02E+11;18;10;28;135;5;2;3;1;3;118;BOULEVARD DE LA CHAPELLE;M;;;750
2,02E+11;18;10;28;1840;5;2;2;1;3;118;RUE CHAMPIONNET;M;4889416;233264;750
2,02E+11;18;10;30;1320;1;2;3;2;6;118;RUE ORDENER;M;4889388;233450;750
2,02E+11;18;10;30;1425;1;2;2;1;3;118;RUE CARPEAUX;M;4889000;232000;750
2,02E+11;18;11;1;1315;1;2;2;1;6;118;BOULEVARD DE ROCHECHOUAR;M;4888354;234708;750
2,02E+11;18;11;3;717;5;2;7;1;3;118;RUE MARX DORMOY;M;4888448;235935;750
2,02E+11;18;11;4;1140;1;2;2;1;6;117;AVENUE DE CLICHY;M;4888000;232000;750
2,02E+11;18;11;5;1150;1;2;1;1;6;118;RUE MARX DORMOY;M;4888808;236001;750
2,02E+11;18;11;5;2330;5;2;2;1;3;118;BOULEVARD NEY;M;4889880;236998;750
2,02E+11;18;11;6;2105;5;2;4;1;1;118;RUE JEAN HENRI FABRE;M;4890117;233782;750
2,02E+11;18;11;7;1210;1;2;4;2;2;118;BOULEVARD PERIPHERIQUE;M;4890000;236000;750
2,02E+11;18;11;8;900;1;2;2;1;6;118;RUE ORDENER;M;4889548;233591;750
2,02E+11;18;11;8;2040;5;2;1;1;6;118;RUE DAMREMONT;M;4889006;233404;750
2,02E+11;18;11;10;1610;1;2;2;2;6;118;RUE SIMART;M;4889134;234710;750
2,02E+11;18;11;10;1827;5;2;1;2;3;118;BOULEVARD NEY;M;;;750
2,02E+11;18;11;11;2140;5;2;2;2;6;118;RUE ORDENER;M;4889360;233634;750
2,02E+11;18;11;12;1030;1;2;3;2;3;118;BOULEVARD BARBES;M;4888716;234948;750
2,02E+11;18;11;14;810;1;2;3;1;3;118;RUE ORDENER;M;4889410;234643;750
2,02E+11;18;11;14;1440;1;2;1;1;2;118;RUE DE LA CHAPELLE;M;4889612;235949;750
2,02E+11;18;11;14;1800;5;2;2;1;3;118;BOULEVARD NEY;M;4889812;234449;750
2,02E+11;18;11;14;2015;5;2;1;1;6;118;RUE ORDENER;M;4889544;233586;750
2,02E+11;18;11;16;945;1;2;7;1;3;118;PLACE HEBERT;M;4889000;236000;750
2,02E+11;18;11;16;1720;2;2;1;8;6;118;RUE ORDENER;M;4889100;235000;750
2,02E+11;18;11;17;525;5;2;2;1;3;110;RUE PHILIPPE DE GIRARD;M;4888067;236202;750
2,02E+11;18;11;18;2205;5;2;7;1;6;118;RUE ORDENER;M;;;750
2,02E+11;18;11;19;140;5;2;7;1;6;118;PLACE ALBERT KAHN;M;4889587;234621;750
2,02E+11;18;11;19;2045;5;2;1;2;3;118;RUE MARX DORMOY;M;4888540;235910;750
2,02E+11;18;11;19;2235;5;2;3;2;3;118;RUE DE LA CHAPELLE;M;;;750
2,02E+11;18;11;20;600;5;2;1;2;6;118;RUE DE LA CHAPELLE;M;4889222;235922;750
2,02E+11;18;11;20;2045;3;2;2;2;6;118;BOULEVARD NEY;M;;;750
2,02E+11;18;11;21;2300;5;2;7;1;3;118;BOULEVARD DE CLICHY;M;4888409;233221;750
2,02E+11;18;11;25;1822;5;2;2;1;3;118;BOULEVARD ORNANO;M;4889165;234957;750
2,02E+11;18;11;27;1910;5;2;2;2;6;118;RUE MARX DORMOY;M;4888617;235964;750
2,02E+11;18;11;30;2027;5;2;1;1;5;118;BOULEVARD BARBES;M;4900000;230000;750
2,02E+11;18;12;1;1640;2;2;3;2;6;118;RUE ORDENER;M;4889285;234252;750
2,02E+11;18;12;4;945;1;2;3;1;3;118;BOULEVARD NEY;M;4889834;236441;750
2,02E+11;18;12;4;1610;1;2;7;1;6;118;RUE MARX DORMOY;M;4888500;235930;750
2,02E+11;18;12;4;1720;3;2;1;1;3;118;RUE DE L EVANGILE;M;4889539;237035;750
2,02E+11;18;12;4;1755;5;2;2;1;3;118;PORTE DE LA CHAPELLE;M;4889849;235929;750
2,02E+11;18;12;5;535;3;1;4;1;6;118;AVENUE DE LA PORTE DE LA;M;4889966;235957;750
2,02E+11;18;12;7;355;5;2;7;1;3;118;BOULEVARD DE CLICHY;M;;;750
2,02E+11;18;12;7;2300;5;2;4;1;3;118;AVENUE DE LA PORTE DE CL;M;4890078;234432;750
2,02E+11;18;12;8;1030;1;2;1;2;6;118;BOULEVARD ORNANO;M;4889663;234510;750
2,02E+11;18;12;9;2030;5;2;2;2;3;118;BOULEVARD NEY;M;4889856;235265;750
2,02E+11;18;12;11;1030;1;2;4;1;6;118;RUE JEAN HENRI FABRE;M;4890124;233930;750
2,02E+11;18;12;11;1307;1;2;1;1;6;118;RUE GUSTAVE ROUANET;M;4889000;234000;750
2,02E+11;18;12;13;1130;1;2;3;1;4;118;AVENUE DE SAINT OUEN;M;;;750
2,02E+11;18;12;17;155;3;1;4;8;6;118;AVENUE DE LA PORTE DE LA;M;4889966;235957;750
2,02E+11;18;12;17;1220;1;2;1;1;6;118;RUE CAULAINCOURT;M;4888512;233053;750
2,02E+11;18;12;18;2235;5;2;2;3;6;118;BOULEVARD BARBES;M;;;750
2,02E+11;18;12;19;910;1;2;3;2;3;118;RUE DES POISSONNIERS;M;4800000;253000;750
2,02E+11;18;12;20;1140;1;2;1;1;3;118;RUE DE LA CHAPELLE;M;4889644;235938;750
2,02E+11;18;12;20;2200;5;2;4;1;3;118;BOULEVARD ORNANO;M;4889262;234903;750
2,02E+11;18;12;21;845;1;2;2;2;3;118;RUE D ORSEL;M;4888300;234300;750
2,02E+11;18;12;21;1350;1;2;1;1;3;118;RUE D AUBERVILLIERS;M;4889000;236800;750
2,02E+11;18;12;22;645;5;2;2;1;6;118;RUE MARX DORMOY;M;4889003;235986;750
2,02E+11;18;12;25;1915;5;2;2;1;3;118;RUE CHAMPIONNET;M;4889577;234135;750
2,02E+11;18;12;28;2030;5;2;4;1;3;118;RUE CHAMPIONNET;M;4889000;234000;750
2,02E+11;18;12;30;2140;5;2;4;2;6;118;RUE ORDENER;M;4889085;235322;750
2,02E+11;18;1;3;2040;5;2;3;1;3;119;69  RUE ARMAND CARREL;M;4888290;237373;750
2,02E+11;18;1;4;1720;5;2;2;2;6;119;/  AVENUE MATHURIN MOREA;M;4887830;237304;750
2,02E+11;18;1;7;330;5;2;1;2;6;119;13  AVENUE SECRETAN;M;4888200;237145;750
2,02E+11;18;1;8;1630;1;2;1;1;2;119;28  QUAI DE LA LOIRE;M;4888460;237319;750
2,02E+11;18;1;9;1505;1;2;3;1;6;119;62  AVENUE SIMON BOLIVAR;M;4887640;237685;750
2,02E+11;18;1;10;1830;5;2;1;2;6;119;21  RUE ARCHEREAU;M;4889040;237283;750
2,02E+11;18;1;11;830;1;2;1;1;6;119;11  QUAI DE LA SEINE;M;4888460;237048;750
2,02E+11;18;1;11;1750;1;2;3;1;6;119;RUE COMPANS;M;4887750;239379;750
2,02E+11;18;1;11;1850;5;2;1;1;6;119;48  BOULEVARD SERURIER;M;4887860;240206;750
2,02E+11;18;1;12;740;2;2;1;1;6;119;128  BOULEVARD MACDONALD;M;4889890;238040;750
2,02E+11;18;1;13;1500;1;2;2;8;3;119;RUE PETIT;M;4888610;238984;750
2,02E+11;18;1;15;830;2;2;2;1;6;119;43  AVENUE DE LAUMIERE;M;4888520;237935;750
2,02E+11;18;1;16;119;5;2;5;2;6;110;138  BOULEVARD DE MAGENT;M;4888050;235226;750
2,02E+11;18;1;16;830;1;2;2;2;3;110;19  BOULEVARD DE LA CHAP;M;4888430;236150;750
2,02E+11;18;1;17;935;1;2;2;1;6;119;35  RUE DE TANGER;M;4888650;236923;750
2,02E+11;18;1;17;535;5;2;2;2;3;119;1  AVENUE DE LA PORTE DE;M;4889820;238619;750
2,02E+11;18;1;19;2050;3;2;2;8;6;119;2  AVENUE RENE FONCK;M;4887820;240914;750
2,02E+11;18;1;22;852;2;2;3;3;6;119;10  RUE BOTZARIS;M;4887620;238132;750
2,02E+11;18;1;27;2115;5;2;1;1;6;119;13  AVENUE JEAN JAURES;M;4888330;237217;750
2,02E+11;18;1;27;1950;5;2;1;1;3;119;2  AVENUE SECRETAN;M;4888230;237071;750
2,02E+11;18;1;28;105;5;2;2;2;6;119;15  AVENUE DE LA PORTE D;M;4889820;238619;750
2,02E+11;18;1;30;1750;2;2;2;1;6;119;16  RUE DE TANGER;M;4888650;236923;750
2,02E+11;18;1;31;1537;1;2;2;3;6;119;RUE DE MEAUX;M;4888120;237325;750
2,02E+11;18;2;3;650;5;2;7;1;6;110;247  RUE LA FAYETTE;M;4888270;237017;750
2,02E+11;18;2;5;723;2;2;2;1;7;119;2  AVENUE DE FLANDRE;M;4888410;236886;750
2,02E+11;18;2;5;925;1;2;2;8;7;119;AVENUE DE FLANDRE;M;4888410;236886;750
2,02E+11;18;2;6;830;1;2;3;4;6;119;2  RUE DE LA PREVOYANCE;M;4888240;239113;750
2,02E+11;18;2;6;1517;1;2;2;4;6;119;RUE ARMAND CARREL;M;4888280;237562;750
2,02E+11;18;2;6;1540;1;2;1;4;3;119;18  AVENUE CORENTIN CARI;M;4889550;238314;750
2,02E+11;18;2;12;1020;1;2;1;1;6;119;60  RUE RIQUET;M;4888960;236873;750
2,02E+11;18;2;14;1155;1;2;3;1;6;119;145  AVENUE JEAN JAURES;M;4888660;238481;750
2,02E+11;18;2;16;1820;2;2;5;8;3;119;39  RUE RIQUET;M;4888930;237125;750
2,02E+11;18;2;17;950;1;2;1;1;3;119;80  RUE MANIN;M;4888590;239364;750
2,02E+11;18;2;17;1250;1;2;1;1;6;119;58  RUE PETIT;M;4888550;238576;750
2,02E+11;18;2;19;1523;1;2;2;2;6;119;61  AVENUE DE FLANDRE;M;4888850;237373;750
2,02E+11;18;2;19;1750;1;2;4;2;6;119;9  RUE ARCHEREAU;M;4888930;237125;750
2,02E+11;18;2;21;1300;1;2;3;1;6;119;63  RUE RIQUET;M;4888970;236807;750
2,02E+11;18;2;23;120;5;2;3;1;6;119;62  AVENUE SIMON BOLIVAR;M;4887640;237685;750
2,02E+11;18;2;26;1500;1;2;4;1;6;119;/  PLACE AUGUSTE BARON;M;4890030;238694;750
2,02E+11;18;2;27;1300;1;2;3;9;4;119;131  RUE MANIN;M;4888430;239125;750
2,02E+11;18;3;3;1410;1;2;2;1;6;119;2  BOULEVARD DE LA VILLE;M;4887210;237705;750
2,02E+11;18;3;3;1410;1;2;1;1;6;119;40  AVENUE SECRETAN;M;4888070;237448;750