Num_Acc;an;mois;jour;hrmn;lum;agg;int;atm;col;com;adr;gps;lat;long;dep
2,02E+11;18;12;2;110;5;2;7;3;6;119;PLACE AUGUSTE BARON;M;4890102;238777;750
2,02E+11;18;12;2;910;1;2;7;2;6;119;PLACE AUGUSTE BARON;M;;;750
2,02E+11;18;12;2;1740;2;2;2;8;6;119;RUE ARMAND CARREL;M;4888000;238000;750
2,02E+11;18;12;3;1700;5;2;2;2;3;119;AVENUE SIMON BOLIVAR;M;4887847;237415;750
2,02E+11;18;12;4;740;2;2;1;2;6;119;RUE DE L OURCQ;M;4888718;238459;750
2,02E+11;18;12;4;850;1;2;2;8;6;119;AVENUE DE FLANDRE;M;;;750
2,02E+11;18;12;4;1120;1;1;1;8;2;119;BOULEVARD PERIPHERIQUE;M;4890000;237400;750
2,02E+11;18;12;4;1825;5;2;1;1;3;119;BOULEVARD SERURIER;M;4889433;239443;750
2,02E+11;18;12;6;1440;1;2;1;8;6;119;RUE SIGMUND FREUD;M;4888292;240112;750
2,02E+11;18;12;6;1815;5;2;1;1;6;119;RUE DE CRIMEE;M;4888139;238734;750
2,02E+11;18;12;6;2020;5;2;3;1;6;119;AVENUE JEAN JAURES;M;4888422;237567;750
2,02E+11;18;12;8;1900;5;2;3;2;6;119;RUE DE L OURCQ;M;;;750
2,02E+11;18;12;10;1500;1;2;2;2;3;119;RUE DE CRIMEE;M;4889513;237224;750
2,02E+11;18;12;11;25;5;2;2;1;2;119;BOULEVARD SERURIER;M;4887700;240500;750
2,02E+11;18;12;11;900;1;2;3;1;6;119;QUAI DE LA SEINE;M;4888715;237556;750
2,02E+11;18;12;12;1830;5;2;2;1;3;119;RUE D AUBERVILLIERS;M;;;750
2,02E+11;18;12;12;2300;5;2;7;1;6;119;RUE DE MEAUX;M;4887860;237400;750
2,02E+11;18;12;14;16;5;2;2;1;2;119;AVENUE DE FLANDRE;M;4888845;237433;750
2,02E+11;18;12;14;1450;1;2;3;1;6;119;RUE MATHIS;M;4889120;237367;750
2,02E+11;18;12;16;2310;5;2;5;3;3;119;BOULEVARD SERURIER;M;4888253;240135;750
2,02E+11;18;12;21;950;1;2;2;2;6;119;AVENUE SECRETAN;M;;;750
2,02E+11;18;12;22;1800;5;2;1;8;3;119;AVENUE DE FLANDRE;M;4888896;237439;750
2,02E+11;18;12;23;836;2;2;3;2;3;119;BOULEVARD DE LA VILLETTE;M;4886441;236679;750
2,02E+11;18;1;5;515;5;2;3;2;6;120;148  RUE D AVRON;M;4885330;240967;750
2,02E+11;18;1;11;1515;1;2;3;8;3;120;101  RUE DE MENILMONTANT;M;4886910;239141;750
2,02E+11;18;1;13;2025;5;2;1;1;6;120;113  RUE DE MENILMONTANT;M;4886930;239260;750
2,02E+11;18;1;14;1030;1;2;3;1;3;111;679  RUE DE CHARONNE;M;4885610;239279;750
2,02E+11;18;1;14;2140;5;2;3;1;7;120;74  RUE D AVRON;M;4885230;240405;750
2,02E+11;18;1;16;1140;1;2;2;1;6;120;274  RUE DES PYRENEES;M;4887000;239449;750
2,02E+11;18;1;16;1300;1;2;2;1;3;120;142  RUE DES PYRENEES;M;4885920;240210;750
2,02E+11;18;1;16;1750;5;2;2;2;6;120;44  RUE BELGRAND;M;4886460;240457;750
2,02E+11;18;1;16;2005;5;2;2;2;7;120;100  RUE DES ORTEAUX;M;4885570;240824;750
2,02E+11;18;1;19;1330;1;2;2;2;6;120;95 BIS  RUE DES MARAICHE;M;4885610;240548;750
2,02E+11;18;1;19;1435;1;2;1;2;4;120;15  AVENUE GAMBETTA;M;4886360;239028;750
2,02E+11;18;1;20;2350;5;2;3;2;2;120;78  BOULEVARD DE MENILMO;M;4886420;238613;750
2,02E+11;18;1;23;2116;5;2;2;1;6;120;RUE D AVRON;M;4885270;240609;750
2,02E+11;18;1;24;440;5;2;1;1;6;120;AVENUE IBSEN;M;4886610;241220;750
2,02E+11;18;1;24;1800;2;2;3;1;3;120;RUE DES PYRENEES;M;4887110;239302;750
2,02E+11;18;1;26;649;2;2;2;1;4;120;122  AVENUE GAMBETTA;M;4887170;240437;750
2,02E+11;18;1;26;945;1;2;4;1;6;120;12  RUE SCHUBERT;M;4885280;241160;750
2,02E+11;18;1;27;520;5;2;4;2;6;120;10BIS  RUE DES FOUGERES;M;4887200;241059;750
2,02E+11;18;1;29;2050;5;2;2;1;6;120;8  RUE DE BELLEVILLE;M;4887210;237705;750
2,02E+11;18;1;30;825;1;2;1;1;7;120;89  COURS DE VINCENNES;M;4884760;240830;750
2,02E+11;18;1;30;825;1;2;2;1;2;120;AVENUE IBSEN;M;4886540;241157;750
2,02E+11;18;2;1;1815;5;2;2;1;6;120;124  RUE DE MENILMONTANT;M;4887010;239575;750
2,02E+11;18;2;3;15;5;2;1;1;1;120;348  RUE DES PYRENEES;M;4887380;238772;750
2,02E+11;18;2;3;1835;5;2;1;2;3;120;37  AVENUE GAMBETTA;M;4886430;239290;750
2,02E+11;18;2;3;2200;3;2;7;2;2;120;ECHANGEUR MONTREUIL;M;4885460;241343;750
2,02E+11;18;2;4;655;3;2;2;2;6;120;2  AVENUE DE LA PORTE DE;M;4885350;241060;750
2,02E+11;18;2;6;710;5;2;2;4;2;120;71  BOULEVARD DAVOUT;M;4885350;241060;750
2,02E+11;18;2;15;1720;1;2;2;2;7;120;276  RUE DES PYRENEES;M;4887000;239449;750
2,02E+11;18;2;15;1946;5;2;2;2;3;120;BOULEVARD DAVOUT;M;4885350;241060;750
2,02E+11;18;2;21;910;1;2;4;1;3;120;AVENUE CARTELLIER;M;4886430;241280;750
2,02E+11;18;2;21;2340;5;2;2;1;3;120;RUE ALEXANDRE DUMAS;M;4885510;239868;750
2,02E+11;18;2;24;2300;5;2;4;1;3;120;116  RUE DES PYRENEES;M;4885710;240436;750
2,02E+11;18;2;26;1735;1;2;2;1;6;120;47  RUE VITRUVE;M;4885890;240585;750
2,02E+11;18;2;26;1800;2;2;1;1;6;120;21-23  RUE D ANNAM;M;4886740;239476;750
2,02E+11;18;3;2;1405;1;2;3;1;3;120;19  AVENUE GAMBETTA;M;4886380;239109;750
2,02E+11;18;3;5;1;5;2;3;1;2;120;144  RUE D AVRON;M;4885330;240967;750
2,02E+11;18;3;5;920;1;2;1;1;3;120;182  RUE DES PYRENEES;M;4886240;240004;750
2,02E+11;18;3;5;1820;1;2;2;1;2;120;224  RUE DES PYRENEES;M;4886670;239709;750
2,02E+11;18;3;6;950;1;2;2;1;3;120;23  AVENUE DE LA PORTE D;M;4884660;241598;750
2,02E+11;18;3;7;2040;5;2;3;1;6;120;42  RUE DE MENILMONTANT;M;4886790;238657;750
2,02E+11;18;3;9;35;5;2;1;1;6;120;175  RUE DES PYRENEES;M;4886050;240071;750
2,02E+11;18;3;12;635;2;2;2;1;3;120;22  RUE LESAGE;M;4887240;238235;750
2,02E+11;18;3;12;1545;1;2;2;1;6;120;59  BOULEVARD MORTIER;M;4886790;240891;750
2,02E+11;18;3;16;1525;1;2;1;1;3;120;55  RUE DES PYRENEES;M;4885190;240619;750
2,02E+11;18;3;23;730;1;2;1;1;6;120;8  RUE RAMPONEAU;M;4887100;237903;750
2,02E+11;18;3;24;1120;1;2;1;1;6;112;AVENUE DU TREMBLAY;M;4883390;245517;750
2,02E+11;18;3;30;1834;1;2;7;1;7;120;AVENUE GAMBETTA;M;4886500;239550;750
2,02E+11;18;4;6;940;1;2;3;1;7;120;78  RUE HAXO;M;4887390;240340;750
2,02E+11;18;4;8;1410;1;2;1;1;6;120;RUE DES PYRENEES;M;4887310;239037;750
2,02E+11;18;4;10;1430;1;2;1;1;6;120;60  RUE DES RONDEAUX;M;4886380;239686;750
2,02E+11;18;4;10;1520;1;2;3;1;6;120;  RUE HENRI POINCARE;M;4887120;240081;750
2,02E+11;18;4;11;2300;5;2;1;1;3;120;43  RUE DES PYRENEES;M;4885090;240635;750
2,02E+11;18;4;12;35;5;2;1;1;6;120;AVENUE CARTELLIER;M;4886390;241342;750
2,02E+11;18;4;13;855;1;2;2;1;3;120;110  BOULEVARD DE CHARON;M;4885440;239613;750
2,02E+11;18;4;14;1650;1;2;3;1;2;120;6  AVENUE DE LA PORTE DE;M;4886480;241011;750
2,02E+11;18;4;15;120;5;2;1;1;6;111;25  AVENUE DE LA REPUBLI;M;4886580;237168;750
2,02E+11;18;4;16;1300;1;2;7;1;6;120;227  BOULEVARD DAVOUT;M;4886410;240865;750
2,02E+11;18;4;17;1110;1;2;5;1;6;120;AVENUE GAMBETTA;M;4886500;239550;750
2,02E+11;18;4;17;1720;1;2;1;1;2;120;PLACE DE LA PORTE DE MON;M;4885850;241411;750
2,02E+11;18;4;18;945;1;2;1;7;6;120;68  RUE DES ORTEAUX;M;4885600;240598;750
2,02E+11;18;4;20;815;1;2;7;1;2;120;PLACE GAMBETTA;M;4886490;239810;750
2,02E+11;18;4;20;2205;5;2;1;1;3;120;BOULEVARD PERIPHERIQUE I;M;4885050;241520;750
2,02E+11;18;4;21;1710;1;2;2;1;3;120;5  RUE DES DOCTEURS DEJE;M;4885470;241204;750
2,02E+11;18;4;23;1150;1;2;3;1;7;120;24  RUE PELLEPORT;M;4886340;240409;750
2,02E+11;18;4;24;1335;1;2;1;7;4;120;BOULEVARD PERIPHERIQUE;M;4886390;241336;750
2,02E+11;18;4;24;1550;1;2;3;1;6;120;112  RUE DE BELLEVILLE;M;4887470;238742;750
2,02E+11;18;4;24;1615;1;2;3;7;6;120;247  RUE DES PYRENEES;M;4886580;239776;750
2,02E+11;18;4;24;1745;1;2;7;1;3;120;4  PLACE GAMBETTA;M;4886470;239862;750
2,02E+11;18;4;24;2015;2;2;3;1;2;120;16  RUE DE BAGNOLET;M;4885680;239595;750
2,02E+11;18;4;25;1130;1;2;3;2;5;120;AVENUE DE LA PORTE DE BA;M;4886480;241011;750
2,02E+11;18;4;27;850;1;2;1;1;6;120;90  RUE LOUIS LUMIERE;M;4886340;241072;750
2,02E+11;18;4;27;1630;1;2;5;1;4;120;17  RUE BELGRAND;M;4886460;240587;750
2,02E+11;18;4;27;1940;1;2;2;1;3;120;0  AVENUE DU PROFESSEUR;M;4885440;241543;750
2,02E+11;18;4;28;2015;1;2;1;1;6;120;78  BOULEVARD DE BELLEVI;M;4886970;237981;750
2,02E+11;18;5;2;1020;1;2;5;1;6;120;75  RUE PELLEPORT;M;4886830;240139;750
2,02E+11;18;5;6;1845;1;2;2;1;3;120;347  RUE DES PYRENEES;M;4887200;239184;750
2,02E+11;18;5;7;45;5;2;3;1;3;120;RUE DES PYRENEES;M;4885540;240528;750
2,02E+11;18;5;7;1535;1;2;1;1;6;120;15  RUE DU COMMANDANT L;M;4884810;241628;750
2,02E+11;18;5;8;1800;1;2;2;1;3;120;RUE DES PYRENEES;M;4885150;240623;750
2,02E+11;18;5;9;200;5;2;1;1;3;119;321  RUE DE BELLEVILLE;M;4887650;240416;750
2,02E+11;18;5;10;850;1;2;7;1;2;120;2  PLACE AUGUSTE METIVIE;M;4886290;238742;750
2,02E+11;18;5;14;1930;1;2;1;2;7;120;140  RUE PELLEPORT;M;4887140;239872;750
2,02E+11;18;5;15;1905;1;2;2;1;3;120;2  AVENUE DE LA PORTE DE;M;4885350;241060;750
2,02E+11;18;5;18;1;5;2;1;1;3;120;139  RUE DES PYRENEES;M;4885840;240297;750
2,02E+11;18;5;18;1515;1;2;3;1;3;120;RUE DU COMMANDANT L HERM;M;4884840;241633;750
2,02E+11;18;5;19;1030;1;2;1;1;3;120;164  RUE DE BAGNOLET;M;4886330;240730;750
2,02E+11;18;5;19;1659;1;2;1;1;6;120;6  RUE LEON FRAPIE;M;4887360;241111;750
2,02E+11;18;5;19;2050;1;2;3;1;3;120;27  RUE DES PYRENEES;M;4884940;240649;750
2,02E+11;18;5;19;2040;4;2;1;1;6;120;116  BOULEVARD DE BELLEV;M;4887120;237799;750
2,02E+11;18;5;20;1720;1;2;1;1;6;120;53  RUE D AVRON;M;4885200;240241;750
2,02E+11;18;5;22;1230;1;2;1;1;3;120;/  AVENUE CARTELLIER;M;4886450;241249;750
2,02E+11;18;5;22;1640;1;2;4;3;6;120;8BIS  RUE BELGRAND;M;4886480;239969;750
2,02E+11;18;5;25;1220;1;2;1;1;6;120;09  RUE DE L INDRE;M;4886320;240396;750
2,02E+11;18;5;26;2340;5;2;1;1;5;120;76  RUE BELGRAND;M;4886450;240737;750
2,02E+11;18;5;28;750;1;2;2;1;3;120;RUE DES PYRENEES;M;4885620;240489;750
2,02E+11;18;5;29;1300;1;2;2;2;3;120;25  RUE MOURAUD;M;4885570;240824;750
2,02E+11;18;5;30;1150;1;2;2;1;6;120;RUE SERPOLLET;M;4886060;240933;750
2,02E+11;18;5;31;1725;1;2;1;1;6;120;AVENUE GAMBETTA;M;4886340;238942;750
2,02E+11;18;6;1;1420;1;2;6;8;5;120;AVENUE DE LA PORTE DE VI;M;4884700;241503;750
2,02E+11;18;6;1;2140;2;2;2;2;1;120;66  RUE DES ORTEAUX;M;4885620;240489;750
2,02E+11;18;6;3;1715;1;2;3;1;3;120;73  RUE SAINT BLAISE;M;4885670;240925;750
2,02E+11;18;6;4;1220;1;2;1;1;7;120;2  AVENUE DU PROFESSEUR;M;4885510;241529;750
2,02E+11;18;6;5;1225;1;2;2;8;6;120;06  RUE PAGANINI;M;4885130;241189;750
2,02E+11;18;6;5;1810;1;2;1;1;6;120;89  AVENUE GAMBETTA;M;4886590;239931;750
2,02E+11;18;6;12;1400;1;2;1;1;3;120;55  RUE DES FRERES FLAVI;M;4887810;241109;750
2,02E+11;18;6;14;1120;1;2;1;1;6;120;94  BOULEVARD DE CHARONN;M;4885350;239685;750
2,02E+11;18;6;15;315;5;2;2;1;3;120;23  RUE FREDERICK LEMAIT;M;4887450;239286;750
2,02E+11;18;6;15;1230;1;2;3;1;5;120;62  RUE DE BELLEVILLE;M;4887350;238303;750
2,02E+11;18;6;16;1915;1;2;1;1;3;120;148  RUE DES PYRENEES;M;4885970;240145;750
2,02E+11;18;6;16;2300;5;2;5;1;3;120;72  BOULEVARD DAVOUT;M;4885350;241060;750
2,02E+11;18;6;20;2145;5;2;3;1;3;120;01  RUE DES VIGNOLES;M;4885300;239711;750
2,02E+11;18;6;21;1800;1;2;3;1;6;118;22  AVENUE DE SAINT OUEN;M;4888850;232588;750
2,02E+11;18;6;21;1840;1;2;2;1;3;120;8  RUE BELGRAND;M;4886480;239969;750
2,02E+11;18;6;23;1500;1;2;1;1;3;120;155  BOULEVARD DAVOUT;M;4885940;240953;750
2,02E+11;18;6;24;415;5;2;7;1;6;120;PLACE DE LA PORTE DE BAG;M;4886450;240858;750
2,02E+11;18;6;27;1200;1;2;3;1;6;120;37  RUE DES PYRENEES;M;4885050;240640;750
2,02E+11;18;6;28;1245;1;2;2;1;6;120;BOULEVARD DE BELLEVILLE;M;4886710;238325;750
2,02E+11;18;6;26;2115;1;2;7;1;2;120;0  PLACE DE LA PORTE DE;M;4885440;241543;750
2,02E+11;18;7;1;1139;1;2;2;1;6;120;BOULEVARD PERIPHERIQUE I;M;4886650;241260;750
2,02E+11;18;7;2;900;1;2;1;1;3;120;26  RUE SAINT FARGEAU;M;4887160;240245;750
2,02E+11;18;7;4;305;5;2;7;1;6;120;AVENUE DE LA PORTE DE BA;M;4886450;240858;750
2,02E+11;18;7;8;518;2;2;3;1;1;120;4  BOULEVARD DAVOUT;M;4884790;241125;750
2,02E+11;18;7;9;750;1;2;2;1;3;120;BOULEVARD DAVOUT;M;4885350;241060;750
2,02E+11;18;7;10;1505;1;2;6;1;6;120;AVENUE DE LA PORTE DE VI;M;4884700;241119;750
2,02E+11;18;7;12;9;5;2;1;1;6;120;8  AVENUE DE LA PORTE DE;M;4885370;241178;750
2,02E+11;18;7;12;2130;1;2;7;1;4;120;BOULEVARD PERIPHERIQUE E;M;4887550;241019;750
2,02E+11;18;7;12;2250;5;2;2;1;6;120;2  BOULEVARD DE BELLEVIL;M;4886710;238325;750
2,02E+11;18;7;13;2220;5;2;2;1;3;120;RUE LOUIS LUMIERE;M;4886260;241090;750
2,02E+11;18;7;15;2055;2;2;1;2;6;120;BOULEVARD MORTIER;M;4887430;240811;750
2,02E+11;18;7;17;1730;1;2;3;1;3;120;BOULEVARD DE MENILMONTAN;M;4886106;238839;750
2,02E+11;18;7;18;1140;1;2;7;1;6;120;PLACE GAMBETTA;M;4886526;239851;750
2,02E+11;18;7;19;1130;1;2;2;1;3;120;RUE ALEXANDRE DUMAS;M;4885469;239717;750
2,02E+11;18;7;20;1320;1;2;2;1;3;120;PLACE MARTIN NADAUD;M;4886490;239540;750
2,02E+11;18;7;20;2045;1;2;1;2;7;120;BOULEVARD MORTIER;M;;;750
2,02E+11;18;7;21;2100;1;2;7;1;3;120;PLACE DE LA PORTE DE BAG;M;4886454;240907;750
2,02E+11;18;7;23;1610;1;2;6;1;3;120;COURS DE VINCENNES;M;4884697;241112;750
2,02E+11;18;7;24;900;1;2;1;1;5;120;AVENUE DE LA PORTE DE VI;M;;;750
2,02E+11;18;7;24;1914;1;2;2;7;7;120;RUE PELLEPORT;M;4886853;240123;750
2,02E+11;18;7;26;1740;1;2;2;1;3;120;RUE PELLEPORT;M;4886351;240396;750
2,02E+11;18;7;30;1425;1;2;1;1;6;120;RUE BELGRAND;M;4886448;240703;750
2,02E+11;18;7;31;1550;1;2;3;1;6;120;RUE DE MENILMONTANT;M;;;750
2,02E+11;18;8;2;2110;1;2;2;1;3;120;RUE PLANCHAT;M;4885470;239740;750
2,02E+11;18;8;4;2310;5;2;3;1;3;120;RUE DES PYRENEES;M;4886000;228000;750
2,02E+11;18;8;6;1420;1;2;2;1;3;120;RUE BELGRAND;M;4886470;240136;750
2,02E+11;18;8;6;1400;1;2;1;1;3;120;RUE BELGRAND;M;4886460;240552;750
2,02E+11;18;8;9;2145;5;2;2;1;3;120;RUE BELGRAND;M;4886479;240130;750
2,02E+11;18;8;12;910;1;2;4;1;2;111;RUE SAINT SABIN;M;4885624;237112;750
2,02E+11;18;8;15;1120;1;2;1;1;3;120;AVENUE DE LA PORTE DE BA;M;4886464;240959;750
2,02E+11;18;8;18;1545;1;2;1;7;6;120;RUE D AVRON;M;;;750
2,02E+11;18;8;21;1528;1;2;3;1;6;120;RUE DE BAGNOLET;M;4886000;240000;750
2,02E+11;18;8;24;1150;1;2;1;1;6;120;RUE SAINT FARGEAU;M;4887000;240350;750
2,02E+11;18;8;25;1300;1;2;1;1;7;120;BOULEVARD DE BELLEVILLE;M;4887172;237771;750
2,02E+11;18;8;25;2000;2;2;1;1;6;120;AVENUE GAMBETTA;M;4886440;239310;750
2,02E+11;18;9;2;1345;1;2;4;1;2;120;RUE LE BUA;M;4886272;228759;750
2,02E+11;18;9;3;1145;1;2;1;1;3;120;RUE DES COURONNES;M;4880000;238000;750
2,02E+11;18;9;6;1530;1;2;1;1;6;120;BOULEVARD DAVOUT;M;4886286;240903;750
2,02E+11;18;9;7;1700;1;2;4;1;6;102;RUE MONTMARTRE;M;4886734;234412;750
2,02E+11;18;9;8;1607;1;2;4;1;2;120;BOULEVARD PERIPHERIQUE;M;4887700;240800;750
2,02E+11;18;9;11;330;5;2;2;1;3;120;BOULEVARD DAVOUT;M;4885349;241076;750
2,02E+11;18;9;12;1220;1;2;2;1;6;120;RUE PELLEPORT;M;4887095;239925;750
2,02E+11;18;9;12;2050;5;2;3;1;3;120;RUE DES FOUGERES;M;4887128;241075;750
2,02E+11;18;9;13;910;1;2;1;2;7;120;AVENUE GAMBETTA;M;4886320;238920;750
2,02E+11;18;9;13;1050;1;2;1;2;7;120;AVENUE DE LA PORTE DES L;M;4887720;240683;750
2,02E+11;18;9;15;30;5;2;1;1;3;120;RUE DES PYRENEES;M;4886272;228759;750
2,02E+11;18;9;15;1340;1;2;2;1;6;120;RUE DES PYRENEES;M;4886560;239770;750
2,02E+11;18;9;18;1255;1;2;2;1;3;120;RUE DE BAGNOLET;M;4885759;239942;750
2,02E+11;18;9;19;1820;1;2;3;1;6;120;RUE DU TELEGRAPHE;M;4887392;239928;750
2,02E+11;18;9;20;45;5;2;1;1;6;120;RUE DES GRANDS CHAMPS;M;4885214;240804;750
2,02E+11;18;9;21;1445;1;2;2;1;3;120;RUE DE LA REUNION;M;4885399;240262;750
2,02E+11;18;9;22;2005;2;2;1;2;5;120;RUE DE BELLEVILLE;M;4887533;239263;750
2,02E+11;18;9;23;2008;5;2;2;2;3;120;BOULEVARD DE CHARONNE;M;;;750
2,02E+11;18;9;23;2100;5;2;2;1;2;120;AVENUE DE LA PORTE DES L;M;4887718;240744;750
2,02E+11;18;9;24;1630;1;2;1;1;6;120;AVENUE GAMBETTA;M;;;750
2,02E+11;18;9;27;800;1;2;1;7;6;112;COURS DE VINCENNES;M;4884774;240244;750
2,02E+11;18;9;29;1915;1;2;2;1;3;120;RUE BELGRAND;M;4838660;240682;750
2,02E+11;18;9;29;1942;5;2;2;1;3;120;RUE DE BELLEVILLE;M;;;750
2,02E+11;18;10;1;1555;1;2;7;1;3;120;PLACE GAMBETTA;M;4886506;239848;750
2,02E+11;18;10;5;910;1;2;1;1;3;120;AVENUE BENOIT FRACHON;M;;;750
2,02E+11;18;10;5;1015;1;2;1;1;3;120;RUE DES PYRENEES;M;4886000;228000;750
2,02E+11;18;10;9;815;1;2;2;1;3;120;AVENUE DE LA PORTE DE VI;M;4884672;241590;750
2,02E+11;18;10;11;1210;1;2;1;1;6;120;AVENUE GAMBETTA;M;4887500;240500;750
2,02E+11;18;10;11;1820;1;2;2;2;3;120;AVENUE IBSEN;M;;;750
2,02E+11;18;10;15;2010;5;2;7;1;7;112;AVENUE DE LA PORTE DE VI;M;4884665;241405;750
2,02E+11;18;10;17;115;5;2;2;1;6;120;RUE BELGRAND;M;4886475;239955;750
2,02E+11;18;10;17;1850;2;2;2;1;3;120;RUE VICTOR SEGALEN;M;4886000;240584;750
2,02E+11;18;10;19;910;1;2;2;1;6;120;RUE DE MENILMONTANT;M;4887070;239853;750
2,02E+11;18;10;19;1620;1;2;1;1;6;120;RUE SAINT FARGEAU;M;4887144;240165;750
2,02E+11;18;10;19;2035;5;2;4;1;7;120;BOULEVARD DE CHARONNE;M;4885764;239240;750
2,02E+11;18;10;19;2200;5;2;2;1;3;120;RUE BELGRAND;M;4886460;240708;750
2,02E+11;18;10;20;705;5;2;1;1;1;120;RUE DES PYRENEES;M;4886105;240048;750
2,02E+11;18;10;19;1655;1;2;4;1;3;120;AVENUE GAMBETTA;M;4887572;240603;750
2,02E+11;18;10;20;1700;1;2;3;1;2;120;RUE D AVRON;M;4885337;240938;750
2,02E+11;18;10;21;555;5;2;1;1;6;120;RUE BELGRAND;M;4886473;240280;750
2,02E+11;18;10;21;1135;1;2;1;1;6;120;RUE D AVRON;M;4885267;240548;750
2,02E+11;18;10;22;2045;5;2;2;1;3;120;AVENUE DE LA PORTE DE MO;M;4885350;241092;750
2,02E+11;18;10;23;650;5;1;4;1;3;120;PORTE DE MONTREUIL;M;4885609;241396;750
2,02E+11;18;10;23;1515;1;2;2;1;6;120;BOULEVARD DE BELLEVILLE;M;4886270;228750;750
2,02E+11;18;10;25;900;1;2;3;1;3;120;VILLA DES PYRENEES;M;4886666;233333;750
2,02E+11;18;10;26;1410;1;2;2;8;7;120;BOULEVARD DE MENILMONTAN;M;4886452;238603;750
2,02E+11;18;10;28;1135;1;2;3;1;6;120;RUE SCHUBERT;M;;;750
2,02E+11;18;10;30;27;5;2;3;3;6;120;RUE D AVRON;M;4885341;240981;750
2,02E+11;18;10;30;1015;1;2;1;3;6;120;BOULEVARD MORTIER;M;4887686;240673;750
2,02E+11;18;10;30;1340;1;2;2;8;3;120;RUE D AVRON;M;4885185;240135;750
2,02E+11;18;10;31;1850;5;2;2;2;7;120;AVENUE DE LA PORTE DE MO;M;4885414;241473;750
2,02E+11;18;11;1;730;2;2;3;1;6;120;RUE D AVRON;M;4585344;240984;750
2,02E+11;18;11;1;1930;5;2;2;2;6;120;RUE DES PYRENEES;M;4886985;239456;750
2,02E+11;18;11;3;2000;2;2;1;1;6;120;RUE DE BAGNOLET;M;4885000;239000;750
2,02E+11;18;11;4;1140;1;2;7;1;6;120;PLACE MARTIN NADAUD;M;;;750
2,02E+11;18;11;6;1030;1;2;2;1;3;120;RUE DE MENILMONTANT;M;;;750
2,02E+11;18;11;6;1300;1;2;1;1;7;120;RUE PELLEPORT;M;4886666;233333;750
2,02E+11;18;11;8;1640;2;2;3;1;3;120;RUE D AVRON;M;4885150;239970;750
2,02E+11;18;11;9;845;1;2;2;1;6;120;RUE ORFILA;M;4886500;239560;750
2,02E+11;18;11;9;1045;1;2;1;1;6;120;RUE DE BAGNOLET;M;4885676;239584;750
2,02E+11;18;11;10;1845;5;2;3;2;4;120;RUE BELGRAND;M;4886464;240550;750
2,02E+11;18;11;15;2010;5;2;1;5;6;120;AVENUE GAMBETTA;M;4886446;239340;750
2,02E+11;18;11;15;2015;5;2;2;1;6;120;RUE DE BELLEVILLE;M;4887551;239929;750
2,02E+11;18;11;17;1510;1;2;2;1;3;120;RUE FRANCIS PICABIA;M;4846981;238202;750
2,02E+11;18;11;17;2045;5;2;1;1;2;120;AVENUE DE LA PORTE DE BA;M;4886478;241011;750
2,02E+11;18;11;17;2025;5;2;1;1;3;120;RUE DES PYRENEES;M;4886200;240019;750
2,02E+11;18;11;19;925;1;2;7;1;6;120;PLACE DE LA PORTE DE MON;M;4885382;241495;750
2,02E+11;18;11;20;2055;5;2;3;1;7;120;RUE DE MENILMONTANT;M;4886900;239110;750
2,02E+11;18;11;22;1015;1;2;2;1;3;112;RUE DE REUILLY;M;4884590;238820;750
2,02E+11;18;11;25;1740;5;2;7;2;6;120;AVENUE DE LA PORTE DE MO;M;4886666;233333;750
2,02E+11;18;11;27;1040;1;2;2;1;6;120;RUE BELGRAND;M;4886462;240457;750
2,02E+11;18;12;3;747;1;2;2;8;3;120;AVENUE IBSEN;M;4886587;241199;750
2,02E+11;18;12;3;1930;5;2;2;1;6;120;RUE DE TLEMCEN;M;4886480;238791;750
2,02E+11;18;12;4;1440;1;2;3;1;6;120;RUE D AVRON;M;4885282;240705;750
2,02E+11;18;12;11;2155;5;2;2;1;6;112;COURS DE VINCENNES;M;;;750
2,02E+11;18;12;15;1850;5;2;3;3;6;120;RUE D AVRON;M;4885330;240920;750
2,02E+11;18;12;18;1120;1;2;1;1;6;120;RUE ETIENNE DOLET;M;4886770;238362;750
2,02E+11;18;12;21;920;2;2;2;2;7;120;RUE DES PYRENEES;M;4885000;240620;750
2,02E+11;18;12;21;1115;1;2;7;2;6;120;RUE BELGRAND;M;4886400;240500;750
2,02E+11;18;12;26;920;1;2;2;1;3;120;RUE DE BUZENVAL;M;4880000;239000;750
2,02E+11;18;12;30;225;5;2;2;2;3;120;RUE DE MENILMONTANT;M;4886912;239144;750
2,02E+11;18;12;30;255;5;2;3;2;3;120;RUE DE MENILMONTANT;M;4886915;239155;750
2,02E+11;18;12;30;2030;5;2;3;2;6;120;RUE D AVRON;M;4885336;240990;750
2,02E+11;18;9;1;613;5;2;2;1;2;106;RUE DE RENNES;M;4884000;232000;750
2,02E+11;18;11;2;1940;5;2;2;1;3;105;RUE DES ECOLES;M;4884861;234852;750
2,02E+11;18;11;4;1028;1;2;2;1;3;106;BOULEVARD DU MONTPARNASS;M;4884212;232940;750
2,02E+11;18;11;7;1844;5;2;3;1;2;105;RUE SAINT JACQUES;M;;;750
2,02E+11;18;11;8;2000;5;2;2;1;6;106;BOULEVARD SAINT MICHEL;M;4885200;234300;750
2,02E+11;18;11;14;1927;5;2;2;1;6;105;PONT DE SULLY;M;4884940;236000;750
2,02E+11;18;11;17;1830;5;2;2;1;6;105;RUE MONGE;M;4884733;235117;750
2,02E+11;18;11;19;2040;5;2;6;1;2;105;RUE THOUIN;M;;;750
2,02E+11;18;12;1;1130;1;2;3;2;6;105;RUE GAY LUSSAC;M;;;750