Num_Acc;an;mois;jour;hrmn;lum;agg;int;atm;col;com;adr;gps;lat;long;dep
2,02E+11;18;10;4;1850;5;2;1;1;2;116;SOUTERRAIN VARSOVIE;M;4886040;229104;750
2,02E+11;18;10;5;1239;1;2;4;1;6;113;PORT DE LA GARE;M;;;750
2,02E+11;18;10;5;2029;1;1;1;1;3;119;BOULEVARD PERIPHERIQUE;M;4890000;240000;750
2,02E+11;18;10;6;1830;4;2;1;1;6;101;SOUTERRAIN LEMONNIER;M;4886331;233183;750
2,02E+11;18;10;7;2330;5;2;5;1;3;117;AVENUE DE LA PORTE DE CL;M;4889000;231000;750
2,02E+11;18;10;8;1731;1;2;1;1;3;105;RUE DU PETIT PONT;M;4885000;234000;750
2,02E+11;18;10;10;1745;1;2;3;1;6;115;RUE DE LA CONVENTION;M;4884110;228843;750
2,02E+11;18;10;12;1139;1;2;1;1;6;108;AVENUE DES CHAMPS ELYSEE;M;;;750
2,02E+11;18;10;12;2030;5;2;1;1;6;117;AVENUE DE CLICHY;M;;;750
2,02E+11;18;10;12;2012;4;2;1;1;6;119;RUE REBEVAL;M;4887433;237807;750
2,02E+11;18;10;16;1417;1;2;1;1;2;116;PORTE D AUTEUIL;M;4884825;225873;750
2,02E+11;18;10;18;1756;1;2;2;1;6;103;BOULEVARD DE SEBASTOPOL;M;;;750
2,02E+11;18;10;18;2240;5;2;2;1;6;104;QUAI AUX FLEURS;M;4885500;235000;750
2,02E+11;18;10;20;1935;5;2;3;1;6;118;RUE MARX DORMOY;M;4888000;236000;750
2,02E+11;18;10;21;552;5;2;2;1;6;105;RUE SAINT JACQUES;M;4884726;234345;750
2,02E+11;18;10;26;105;5;2;1;1;2;119;BOULEVARD PERIPHERIQUE;M;4890031;238433;750
2,02E+11;18;10;26;438;5;2;1;1;2;113;BOULEVARD AUGUSTE BLANQU;M;;;750
2,02E+11;18;10;27;1339;1;2;1;1;6;106;RUE DU CHERCHE MIDI;M;4885083;232854;750
2,02E+11;18;10;27;1720;1;2;3;1;6;115;RUE DE LA CONVENTION;M;4883596;230086;750
2,02E+11;18;10;30;1520;1;2;1;1;2;116;BOULEVARD PERIPHERIQUE I;M;;;750
2,02E+11;18;10;30;2220;5;2;1;1;6;116;RUE ANKARA;M;4885537;228224;750
2,02E+11;18;11;3;640;2;2;4;1;3;113;BOULEVARD PERIPHERIQUE I;M;4882486;238431;750
2,02E+11;18;11;4;1024;1;2;2;1;6;113;AVENUE DE LA PORTE D ITA;M;;;750
2,02E+11;18;11;6;2230;5;2;1;1;6;114;RUE VERCINGETORIX;M;4883700;231900;750
2,02E+11;18;11;8;1106;1;2;7;1;6;117;BOULEVARD BERTHIER;M;4888725;229812;750
2,02E+11;18;11;8;2029;5;2;3;1;3;107;BOULEVARD DES INVALIDES;M;4884828;231581;750
2,02E+11;18;11;9;622;5;2;2;1;6;108;RUE DE CONSTANTINOPLE;M;4884327;227719;750
2,02E+11;18;11;9;1705;1;2;2;1;6;117;AVENUE DES TERNES;M;;;750
2,02E+11;18;11;11;407;5;2;2;2;3;107;RUE DE SEVRES;M;4885171;232690;750
2,02E+11;18;11;11;2030;5;2;2;1;6;104;RUE DE LA VERRERIE;M;4885839;235192;750
2,02E+11;18;11;12;1042;1;2;6;2;3;120;PLACE GAMBETTA;M;4886496;239875;750
2,02E+11;18;11;13;930;1;2;1;1;2;117;BOULEVARD PERIPHERIQUE;M;4888451;228620;750
2,02E+11;18;11;13;1630;2;2;3;1;6;106;BOULEVARD SAINT GERMAIN;M;;;750
2,02E+11;18;11;14;1500;1;2;1;1;6;112;AVENUE DU DOCTEUR ARNOLD;M;4884372;240550;750
2,02E+11;18;11;16;2230;5;2;3;1;3;113;AVENUE D ITALIE;M;4882297;235829;750
2,02E+11;18;11;18;1343;1;2;3;1;3;116;BOULEVARD LANNES;M;4886639;227125;750
2,02E+11;18;11;21;937;1;2;1;1;6;110;BOULEVARD DE LA CHAPELLE;M;4888000;236000;750
2,02E+11;18;11;22;1720;1;2;2;8;6;118;RUE DE LA CHAPELLE;M;4889700;235800;750
2,02E+11;18;11;22;2004;5;2;1;1;6;112;AVENUE DE SAINT MAURICE;M;;;750
2,02E+11;18;11;25;1640;2;2;2;1;6;108;BOULEVARD DE COURCELLES;M;4888082;231273;750
2,02E+11;18;11;26;1;5;2;1;2;6;116;AVENUE DU PRESIDENT WILS;M;4886407;229338;750
2,02E+11;18;11;26;1730;5;2;1;1;4;113;RUE JEANNE D ARC;M;4883394;236251;750
2,02E+11;18;11;26;1757;5;2;2;8;3;107;AVENUE DU MARECHAL GALLI;M;4886104;231323;750
2,02E+11;18;11;27;1215;1;2;1;8;6;120;BOULEVARD MORTIER;M;4887131;240888;750
2,02E+11;18;11;28;1;5;2;1;3;2;104;BOULEVARD DU PALAIS;M;;;750
2,02E+11;18;11;28;1136;1;2;1;1;3;117;AVENUE MAC MAHON;M;4887000;230000;750
2,02E+11;18;11;30;510;5;2;1;1;6;120;BOULEVARD PERIPHERIQUE;M;4886272;228759;750
2,02E+11;18;11;30;1441;1;2;2;8;6;105;RUE MONGE;M;4884226;235182;750
2,02E+11;18;11;30;1750;1;2;7;8;6;117;AVENUE DE VILLIERS;M;4888555;229172;750
2,02E+11;18;12;1;2100;5;2;2;2;3;117;BOULEVARD MALESHERBES;M;4886272;228759;750
2,02E+11;18;12;2;1835;5;2;3;2;6;103;RUE SAINT GILLES;M;4885792;236602;750
2,02E+11;18;12;4;1818;5;2;3;1;6;119;RUE DE TANGER;M;;;750
2,02E+11;18;12;5;945;1;2;1;1;6;116;BOULEVARD DE MONTMORENCY;M;4885197;226204;750
2,02E+11;18;12;5;1430;1;2;2;1;3;113;RUE NEUVE TOLBIAC;M;;;750
2,02E+11;18;12;5;1655;2;2;2;1;3;111;RUE JEAN PIERRE TIMBAUD;M;;;750
2,02E+11;18;12;7;2247;5;2;1;1;1;116;AVENUE DU PRESIDENT WILS;M;;;750
2,02E+11;18;12;8;430;5;2;1;1;6;103;BOULEVARD SAINT MARTIN;M;;;750
2,02E+11;18;12;9;258;5;2;2;1;6;119;AVENUE DE FLANDRE;M;4888590;237143;750
2,02E+11;18;12;11;2204;5;2;2;1;3;113;QUAI FRANCOIS MAURIAC;M;;;750
2,02E+11;18;12;14;306;5;2;1;1;6;112;AVENUE DAUMESNIL;M;4886272;228759;750
2,02E+11;18;12;14;847;1;2;2;1;6;117;AVENUE DE WAGRAM;M;4887725;229729;750
2,02E+11;18;12;17;1344;1;2;2;1;3;120;BOULEVARD DE CHARONNE;M;;;750
2,02E+11;18;12;18;2112;5;2;1;3;6;120;BD PERIPHERIQUE EXTERIEU;M;4886272;228759;750
2,02E+11;18;12;18;2339;5;2;1;2;6;120;RUE BISSON;M;;;750
2,02E+11;18;12;20;1200;1;2;1;1;4;113;BD PERIPHERIQUE EXTERIEU;M;4881707;236007;750
2,02E+11;18;12;22;445;4;2;2;1;3;116;ROUTE DE SURESNES;M;4886000;226000;750
2,02E+11;18;12;24;1717;2;2;2;1;6;105;BOULEVARD SAINT MARCEL;M;4883802;235582;750
2,02E+11;18;12;27;112;4;2;3;1;6;104;BOULEVARD BEAUMARCHAIS;M;4885472;236836;750
2,02E+11;18;12;27;1350;1;2;4;1;6;112;BD PERIPHERIQUE INTERIEU;M;;;750
2,02E+11;18;12;29;1;5;2;1;1;3;112;BOULEVARD PONIATOWSKI;M;4882938;239046;750
2,02E+11;18;12;30;1218;1;2;3;8;6;113;AVENUE DE LA PORTE D ITA;M;4881896;236000;750
2,02E+11;18;1;3;945;1;2;1;6;7;114;PORTE DE GENTILLY;M;4881690;233626;750
2,02E+11;18;1;3;1020;1;2;1;1;3;112;ECHANGEUR SAINT MANDE;M;4883900;241304;750
2,02E+11;18;1;3;1500;1;2;4;2;4;114;PORTE DE CHATILLON;M;4881960;232808;750
2,02E+11;18;1;4;1210;1;2;1;2;7;112;ECHANGEUR BERCY;M;4882790;239547;750
2,02E+11;18;1;5;1305;1;2;1;8;2;119;PORTE D AUBERVILLIERS;M;4890050;237476;750
2,02E+11;18;1;7;515;5;2;4;6;7;113;BOULEVARD PERIPHERIQUE I;M;4882500;238448;750
2,02E+11;18;1;9;1305;1;2;1;1;6;115;PORTE BRANCION;M;4882720;229311;750
2,02E+11;18;1;10;2215;5;2;1;1;6;116;BOULEVARD PERIPHERIQUE I;M;4885910;226241;750
2,02E+11;18;1;11;830;1;2;1;1;4;117;PORTE DE CHAMPERRET;M;4888930;229650;750
2,02E+11;18;1;13;2220;5;2;1;1;2;119;PORTE DE PANTIN;M;4889130;239566;750
2,02E+11;18;1;14;1810;5;2;1;1;7;116;PORTE DE PASSY;M;4885720;225851;750
2,02E+11;18;1;15;2045;5;2;4;1;6;120;PORTE DE MONTREUIL;M;4886850;241320;750
2,02E+11;18;1;16;2215;5;2;4;2;6;114;ECHANGEUR ORLEANS;M;4881850;233302;750
2,02E+11;18;1;17;724;5;2;1;2;2;114;PORTE DE VANVES;M;4882530;230211;750
2,02E+11;18;1;19;1435;1;2;1;1;3;112;PORTE DOREE;M;4883160;240424;750
2,02E+11;18;1;19;1450;1;2;1;2;2;116;BOULEVARD PERIPHERIQUE E;M;4886740;226910;750
2,02E+11;18;1;19;1540;1;2;1;1;6;113;ECHANGEUR BERCY;M;4882640;238893;750
2,02E+11;18;1;22;540;5;2;3;3;4;112;BOULEVARD PERIPHERIQUE I;M;4884450;241391;750
2,02E+11;18;1;22;725;2;2;1;2;7;118;ECHANGEUR CHAPELLE;M;4890030;235916;750
2,02E+11;18;1;22;820;2;2;1;3;2;115;QUAI D ISSY LES MOULINEA;M;4883490;226651;750
2,02E+11;18;1;22;845;1;2;1;2;3;116;QUAI D ISSY LES MOULINEA;M;4883510;226244;750
2,02E+11;18;1;22;1120;1;2;1;3;4;117;PORTE DE SAINT OUEN;M;4890020;232128;750
2,02E+11;18;1;22;1720;1;2;1;1;6;120;PORTE DE MONTREUIL;M;4885230;241469;750
2,02E+11;18;1;22;1910;5;2;1;1;2;117;PORTE MAILLOT;M;4888350;228464;750
2,02E+11;18;1;23;930;1;2;1;1;4;119;PORTE DE LA VILLETTE;M;4890060;238835;750
2,02E+11;18;1;24;915;1;2;1;1;2;117;ECHANGEUR MAILLOT;M;4887880;227998;750
2,02E+11;18;1;24;945;1;2;1;1;3;116;PORTE MAILLOT;M;4887370;227541;750
2,02E+11;18;1;26;1630;1;2;1;1;4;119;PORTE D AUBERVILLIERS;M;4890030;237746;750
2,02E+11;18;1;26;1640;2;2;1;1;4;119;PORTE DE PANTIN;M;4889750;239419;750
2,02E+11;18;1;27;850;2;2;1;1;4;114;PORTE DE VANVES;M;4882350;230989;750
2,02E+11;18;1;28;1950;5;2;1;1;5;116;PORTE MAILLOT;M;4887500;227620;750
2,02E+11;18;1;29;915;1;2;1;1;4;112;PORTE DE VINCENNES;M;4884250;241384;750
2,02E+11;18;1;31;720;5;2;1;1;3;118;PORTE D AUBERVILLIERS;M;4890080;236935;750
2,02E+11;18;1;31;845;1;2;1;1;3;116;PORTE D AUTEUIL;M;4884520;225506;750
2,02E+11;18;1;31;1650;1;2;1;2;3;112;PORTE DE CHARENTON;M;4883220;240558;750
2,02E+11;18;2;1;2018;5;2;1;1;3;118;PORTE DE CLIGNANCOURT;M;4890080;233894;750
2,02E+11;18;2;1;2215;5;2;1;1;2;119;PORTE DE PANTIN;M;4888600;239722;750
2,02E+11;18;2;2;1450;1;2;1;1;3;117;PORTE DE CHAMPERRET;M;4888470;228660;750
2,02E+11;18;2;3;1550;1;2;1;3;2;119;PORTE DE LA VILLETTE;M;4889980;239219;750
2,02E+11;18;12;28;250;5;2;1;1;2;117;PORTE MAILLOT;M;4887660;227903;750
2,02E+11;18;2;4;2100;5;2;1;1;4;120;PORTE DE BAGNOLET;M;4886930;241320;750
2,02E+11;18;2;5;845;1;2;1;1;7;119;PORTE DE PANTIN;M;4889130;239589;750
2,02E+11;18;2;6;1950;5;2;1;4;2;112;ECHANGEUR BERCY;M;4882800;239514;750
2,02E+11;18;2;6;2105;5;2;1;4;7;118;PORTE DE LA CHAPELLE;M;4890080;235664;750
2,02E+11;18;2;12;750;1;2;1;1;7;117;BOULEVARD PERIPHERIQUE I;M;4888050;228222;750
2,02E+11;18;2;12;2320;5;2;1;1;7;120;PORTE DE MONTREUIL;M;4885490;241401;750
2,02E+11;18;2;13;1815;5;2;1;2;3;119;PORTE DU PRE SAINT GERVA;M;4888230;240107;750
2,02E+11;18;2;15;745;1;2;1;1;6;116;PORTE DE PASSY;M;4885470;225471;750
2,02E+11;18;2;15;910;1;2;1;2;4;120;PORTE DES LILAS;M;4887350;241158;750
2,02E+11;18;2;16;1530;1;2;1;1;7;117;PORTE DE CHAMPERRET;M;4888830;229271;750
2,02E+11;18;2;18;1645;1;2;1;1;2;117;PORTE DE CLICHY;M;4889660;231031;750
2,02E+11;18;2;19;1640;1;1;1;2;4;116;ECHANGEUR MUETTE;M;4886690;226901;750
2,02E+11;18;2;20;615;5;2;1;1;6;113;PORTE D IVRY;M;4882120;237801;750
2,02E+11;18;2;24;1130;1;2;1;1;6;119;PORTE DES LILAS;M;4887840;240819;750
2,02E+11;18;2;26;200;5;2;4;1;7;112;ECHANGEUR BERCY;M;4882770;239318;750
2,02E+11;18;2;28;1745;1;2;1;1;2;112;ECHANGEUR BERCY;M;4882620;239168;750
2,02E+11;18;2;28;2020;5;2;1;1;3;113;BOULEVARD PERIPHERIQUE I;M;4881810;236832;750
2,02E+11;18;3;2;30;4;2;1;8;6;114;ECHANGEUR ORLEANS;M;4881710;233467;750
2,02E+11;18;3;5;1140;1;2;1;1;6;117;PORTE MAILLOT;M;4888330;228388;750
2,02E+11;18;3;7;1940;5;2;1;1;4;120;PORTE DE MONTREUIL;M;4885940;241423;750
2,02E+11;18;3;7;2245;5;2;1;1;2;116;ECHANGEUR MUETTE;M;4886690;226901;750
2,02E+11;18;3;8;1755;1;2;1;2;4;117;PORTE DE CHAMPERRET;M;4888470;228660;750
2,02E+11;18;3;9;1550;1;2;1;1;4;117;PORTE DE SAINT OUEN;M;4890040;232259;750
2,02E+11;18;3;9;1855;5;2;1;1;7;120;PORTE DE VINCENNES;M;4884970;241500;750
2,02E+11;18;3;10;2040;5;2;1;1;3;112;PORTE DOREE;M;4883420;241007;750
2,02E+11;18;3;10;2138;5;2;1;1;6;114;BOULEVARD PERIPHERIQUE E;M;4882320;231118;750
2,02E+11;18;3;10;2132;5;2;1;1;6;114;PORTE DE VANVES;M;4882490;230343;750
2,02E+11;18;3;11;320;5;2;1;2;6;116;BOULEVARD PERIPHERIQUE I;M;4883810;225469;750
2,02E+11;18;3;12;1640;1;2;4;1;2;118;ECHANGEUR CHAPELLE;M;4890090;235587;750
2,02E+11;18;3;12;2238;5;2;4;1;1;114;BOULEVARD PERIPHERIQUE I;M;4881960;232808;750
2,02E+11;18;3;13;900;1;2;1;4;5;118;PORTE DE LA CHAPELLE;M;4890090;235529;750
2,02E+11;18;3;13;1615;1;2;1;1;2;120;PORTE DES LILAS;M;4887760;240893;750
2,02E+11;18;3;14;1200;1;2;1;1;2;120;PORTE DE BAGNOLET;M;4886930;241320;750
2,02E+11;18;3;16;825;1;2;1;1;2;117;PORTE DE SAINT OUEN;M;4889980;232004;750
2,02E+11;18;3;16;1600;1;2;1;1;4;118;PORTE DE CLIGNANCOURT;M;4890100;234986;750
2,02E+11;18;3;18;230;5;2;4;2;2;117;PORTE DE CLICHY;M;4889630;231022;750
2,02E+11;18;3;19;620;2;2;1;1;3;113;QUAI D IVRY;M;4882530;238527;750
2,02E+11;18;3;20;1305;1;2;4;1;5;117;PORTE DE SAINT OUEN;M;4890060;232426;750
2,02E+11;18;3;20;2030;5;2;1;1;2;120;PORTE DE MONTREUIL;M;4885850;241411;750
2,02E+11;18;3;21;910;1;2;1;1;2;116;PORTE D AUTEUIL;M;4884770;225404;750
2,02E+11;18;3;24;1000;1;2;1;1;2;113;QUAI D IVRY;M;4882580;238645;750
2,02E+11;18;3;24;1550;1;2;1;1;2;117;PORTE DE SAINT OUEN;M;4889970;231914;750
2,02E+11;18;3;25;1830;1;2;1;1;3;118;PORTE DE CLIGNANCOURT;M;4890120;235026;750
2,02E+11;18;3;26;1250;1;2;1;1;4;112;ECHANGEUR BERCY;M;4882730;239147;750
2,02E+11;18;3;27;750;1;2;1;2;3;113;QUAI D IVRY;M;4882300;238114;750
2,02E+11;18;3;27;2115;5;2;1;1;2;112;PORT DE BERCY;M;4882730;239147;750
2,02E+11;18;3;28;525;5;2;1;1;2;112;BOULEVARD PERIPHERIQUE I;M;4882980;240126;750
2,02E+11;18;3;29;950;1;2;1;1;4;112;ECHANGEUR BERCY;M;4882820;239645;750
2,02E+11;18;3;29;1935;2;2;1;2;3;113;PORTE D ITALIE;M;4881790;236830;750
2,02E+11;18;3;30;130;5;1;1;1;3;116;BOULEVARD PERIPHERIQUE I;M;4884610;225502;750
2,02E+11;18;3;30;550;5;2;4;2;4;119;PORTE DE LA VILLETTE;M;4889990;239136;750
2,02E+11;18;3;30;830;1;2;1;1;7;114;PORTE DE CHATILLON;M;4882390;230857;750
2,02E+11;18;3;30;830;1;2;1;2;3;118;PORTE DE LA CHAPELLE;M;4890090;236252;750
2,02E+11;18;3;30;1330;1;2;1;1;6;112;PORTE DE SAINT MANDE;M;4883900;241304;750
2,02E+11;18;3;30;1844;1;2;1;1;4;116;PORTE DE SAINT CLOUD;M;4884050;225385;750
2,02E+11;18;4;3;1300;1;2;4;1;6;117;PORTE MAILLOT;M;4888150;228210;750
2,02E+11;18;4;3;1740;1;2;1;2;2;112;PORTE DE CHARENTON;M;4882850;239773;750
2,02E+11;18;4;4;940;1;2;1;1;7;114;PORTE D ORLEANS;M;4881780;233402;750
2,02E+11;18;4;5;1920;1;2;1;1;6;118;PORTE DE LA CHAPELLE;M;4890100;235394;750
2,02E+11;18;4;6;1030;1;2;1;1;6;112;PORTE DE VINCENNES;M;4883980;241352;750
2,02E+11;18;4;6;1740;1;2;4;1;2;112;PORTE DE VINCENNES;M;4884450;241391;750
2,02E+11;18;4;6;1935;1;2;1;1;2;116;PORTE MAILLOT;M;4887270;227418;750
2,02E+11;18;4;6;2130;5;2;1;1;2;112;PORTE DE CHARENTON;M;4882850;239773;750
2,02E+11;18;4;7;45;5;2;1;1;2;118;PORTE DE LA CHAPELLE;M;4890090;236389;750
2,02E+11;18;4;8;2335;5;2;4;1;5;118;PORTE D AUBERVILLIERS;M;4890070;236453;750
2,02E+11;18;4;9;1940;2;2;1;2;7;115;PORTE DE SEVRES;M;4883400;227688;750
2,02E+11;18;4;9;1715;1;2;1;2;5;116;PORTE DE PASSY;M;4886230;226483;750
2,02E+11;18;4;10;1825;1;2;4;1;2;119;PORTE DU PRE SAINT GERVA;M;4888240;240095;750
2,02E+11;18;4;10;2130;5;2;1;1;7;113;PORTE D IVRY;M;4882010;237435;750
2,02E+11;18;4;11;1855;1;2;1;1;3;118;PORTE DE LA CHAPELLE;M;4890120;235434;750
2,02E+11;18;4;12;935;1;2;1;1;2;117;PORTE DE CHAMPERRET;M;4888410;228562;750
2,02E+11;18;4;12;1645;1;2;4;2;3;118;PORTE DE LA CHAPELLE;M;4890110;235525;750
2,02E+11;18;4;12;2245;5;2;1;2;4;112;BOULEVARD PERIPHERIQUE I;M;4884070;241346;750
2,02E+11;18;4;13;1630;1;2;1;1;3;118;PORTE DE CLIGNANCOURT;M;4890080;233758;750
2,02E+11;18;4;14;845;1;2;1;1;4;113;QUAI D IVRY;M;4882580;238645;750
2,02E+11;18;4;14;1150;1;2;1;1;3;117;PORTE D ASNIERES;M;4888980;229767;750
2,02E+11;18;4;14;1050;1;2;1;1;4;119;PORTE DE LA VILLETTE;M;4890020;237842;750
2,02E+11;18;4;14;1930;1;2;1;1;2;118;PORTE DE CLIGNANCOURT;M;4890120;235162;750
2,02E+11;18;4;16;920;1;2;1;1;4;118;PORTE DE SAINT OUEN;M;4890090;233662;750
2,02E+11;18;4;17;1520;1;2;1;1;3;118;PORTE DE CLIGNANCOURT;M;4890100;234986;750
2,02E+11;18;4;17;1415;1;2;1;1;2;112;PORTE DE VINCENNES;M;4884070;241368;750
2,02E+11;18;4;17;1930;1;2;1;1;2;114;PORTE DE CHATILLON;M;4882170;231759;750
2,02E+11;18;4;17;1935;1;2;1;1;2;119;AVENUE DE LA PORTE D AUB;M;4890030;237746;750
2,02E+11;18;4;18;1000;1;2;1;1;4;118;PORTE D AUBERVILLIERS;M;4890120;235026;750
2,02E+11;18;4;18;950;1;2;1;1;4;117;PORTE DE CLICHY;M;4889590;230906;750
2,02E+11;18;4;18;1920;1;2;1;1;2;112;PORTE DE CHARENTON;M;4882980;240153;750
2,02E+11;18;4;18;2020;2;2;1;1;2;118;PORTE DE SAINT OUEN;M;4890080;233758;750
2,02E+11;18;4;19;925;1;2;1;1;3;115;PORTE DE VERSAILLES;M;4882850;228953;750
2,02E+11;18;4;19;1640;1;2;1;1;4;112;PORTE DE VINCENNES;M;4884250;241384;750
2,02E+11;18;4;20;845;1;2;1;1;2;116;PORTE DAUPHINE;M;4887450;227608;750
2,02E+11;18;4;20;1300;1;2;1;1;2;116;PORTE DAUPHINE;M;4886990;227181;750
2,02E+11;18;4;20;1825;1;2;1;1;4;115;PORTE DE SEVRES;M;4883490;226787;750
2,02E+11;18;4;20;2110;2;2;1;1;3;116;ECHANGEUR MUETTE;M;4886600;226846;750
2,02E+11;18;4;22;2030;5;2;1;1;6;112;PORTE DOREE;M;4883630;241217;750
2,02E+11;18;4;22;1825;1;2;1;1;2;120;PORTE DES LILAS;M;4887430;241115;750
2,02E+11;18;4;23;900;1;2;1;1;4;116;PORTE DAUPHINE;M;4886990;227181;750
2,02E+11;18;4;23;1730;1;2;1;1;4;116;PORTE DAUPHINE;M;4887060;227264;750
2,02E+11;18;4;23;1840;1;2;1;1;2;112;PORTE DE CHARENTON;M;4883220;240526;750
2,02E+11;18;4;24;1700;1;2;1;1;2;115;PORTE DE SEVRES;M;4883490;226787;750
2,02E+11;18;4;25;1720;1;2;1;1;3;112;PORT DE BERCY;M;4882800;239515;750
2,02E+11;18;4;26;1326;1;2;1;1;7;119;PORTE DE PANTIN;M;4889040;239613;750
2,02E+11;18;4;26;1630;1;2;1;1;6;120;PORTE DES LILAS;M;4887020;241321;750
2,02E+11;18;4;27;920;1;2;1;1;4;117;PORTE D ASNIERES;M;4888920;229562;750
2,02E+11;18;4;28;1355;1;2;1;1;2;117;PORTE D ASNIERES;M;4889030;229873;750
2,02E+11;18;4;28;1550;1;2;1;1;4;115;PORTE DE VERSAILLES;M;4882850;228953;750
2,02E+11;18;4;29;1130;1;2;1;2;2;117;PORTE DE SAINT OUEN;M;4890070;232844;750
2,02E+11;18;4;29;1740;1;2;1;3;4;113;QUAI D IVRY;M;4882580;238645;750
2,02E+11;18;4;6;840;1;2;1;1;4;114;PORTE D ORLEANS;M;4881720;233445;750
2,02E+11;18;4;30;2040;2;2;1;2;2;118;PORTE DE LA CHAPELLE;M;4890030;236009;750
2,02E+11;18;5;2;20;5;2;4;1;2;112;ECHANGEUR BERCY;M;4882680;239012;750
2,02E+11;18;5;2;1020;1;2;1;1;6;113;PORTE D ITALIE;M;4881720;236583;750
2,02E+11;18;5;2;1800;1;2;1;1;7;117;PORTE MAILLOT;M;4888040;228196;750
2,02E+11;18;5;2;1830;1;2;1;1;3;115;PORTE DE LA PLAINE;M;4882850;228953;750
2,02E+11;18;5;3;910;1;2;4;1;7;112;ECHANGEUR BERCY;M;4882680;239012;750
2,02E+11;18;5;4;930;1;2;1;1;4;119;PORTE DE PANTIN;M;4888690;239713;750
2,02E+11;18;5;4;1510;1;2;1;1;2;120;ECHANGEUR BAGNOLET;M;4886210;241364;750
2,02E+11;18;5;5;1115;1;2;1;1;2;114;PORTE DE CHATILLON;M;4882180;231755;750
2,02E+11;18;5;5;1300;1;2;1;1;2;120;PORTE DE BAGNOLET;M;4886300;241350;750
2,02E+11;18;5;5;1930;1;2;1;1;3;118;PORTE DE CLIGNANCOURT;M;4890080;234167;750
2,02E+11;18;5;6;1220;1;2;1;1;3;118;PORTE DE LA CHAPELLE;M;4890120;235434;750
2,02E+11;18;5;6;1600;1;2;4;1;6;117;PORTE DE CHAMPERRET;M;4888470;228647;750
2,02E+11;18;5;7;1235;1;2;1;1;2;120;PORTE DES LILAS;M;4887760;240893;750
2,02E+11;18;5;7;1920;1;2;1;1;4;119;PORTE D AUBERVILLIERS;M;4890040;237436;750
2,02E+11;18;5;8;1220;1;2;1;1;7;112;ECHANGEUR BERCY;M;4882850;239773;750
2,02E+11;18;5;8;2350;5;2;1;1;2;117;PORTE DE SAINT OUEN;M;4890040;232691;750
2,02E+11;18;5;9;845;1;2;1;1;4;117;PORTE DE CHAMPERRET;M;4888640;228882;750
2,02E+11;18;5;9;1545;1;2;1;1;7;112;PORT DE BERCY;M;4882800;239515;750
2,02E+11;18;5;11;2320;5;2;1;1;6;112;BOULEVARD PERIPHERIQUE I;M;4883280;240626;750
2,02E+11;18;5;12;1528;1;2;1;8;2;119;PORTE DE LA VILLETTE;M;4890020;239063;750
2,02E+11;18;5;14;830;1;2;1;2;7;116;ECHANGEUR MUETTE;M;4886120;226378;750
2,02E+11;18;5;15;1500;1;2;1;1;4;117;PORTE MAILLOT;M;4888120;228248;750
2,02E+11;18;5;15;1850;1;2;1;1;2;120;PORTE DE BAGNOLET;M;4887110;241310;750
2,02E+11;18;5;16;720;1;2;1;1;3;113;QUAI D IVRY;M;4882480;238418;750
2,02E+11;18;5;17;1515;1;2;1;1;4;112;BOULEVARD PERIPHERIQUE E;M;4882880;239930;750
2,02E+11;18;5;17;1820;1;2;1;1;2;119;PORTE D AUBERVILLIERS;M;4890040;237436;750
2,02E+11;18;5;18;1240;1;2;1;1;7;115;ECHANGEUR ISSY;M;4883550;226879;750
2,02E+11;18;5;18;1630;5;2;1;1;3;120;PORTE DES LILAS;M;4887270;241221;750
2,02E+11;18;5;18;1630;1;2;1;1;2;119;PORTE DE LA VILLETTE;M;4890030;238388;750
2,02E+11;18;5;19;1530;1;2;1;1;2;120;PORTE DE BAGNOLET;M;4886840;241320;750
2,02E+11;18;5;19;1800;1;2;1;1;3;113;PORTE D IVRY;M;4881870;237075;750
2,02E+11;18;5;20;850;1;2;1;1;6;112;PORTE DOREE;M;4883280;240626;750
2,02E+11;18;5;20;1900;1;2;1;1;2;118;PORTE DE LA CHAPELLE;M;4890120;235434;750
2,02E+11;18;5;22;1200;1;2;4;1;4;112;ECHANGEUR BERCY;M;4882790;239460;750
2,02E+11;18;5;22;1840;5;2;1;1;4;112;PORTE DOREE;M;4883420;241007;750
2,02E+11;18;5;23;445;5;2;1;1;7;117;PORTE MAILLOT;M;4887880;227995;750
2,02E+11;18;5;23;845;1;2;1;1;4;112;PORTE DE CHARENTON;M;4882980;240126;750
2,02E+11;18;5;23;1200;1;2;1;1;2;120;PORTE DE BAGNOLET;M;4886300;241350;750
2,02E+11;18;5;23;2020;1;2;1;1;2;117;PORTE DE CHAMPERRET;M;4888700;228982;750
2,02E+11;18;5;24;2015;1;2;1;1;3;116;PORTE MAILLOT;M;4887650;227881;750
2,02E+11;18;5;25;810;1;2;1;1;3;117;PORTE DE SAINT OUEN;M;4890070;232570;750
2,02E+11;18;5;25;1215;1;2;1;1;3;120;PORTE DE VINCENNES;M;4884970;241500;750
2,02E+11;18;5;25;1420;1;2;4;1;2;112;ECHANGEUR BERCY;M;4882770;239417;750
2,02E+11;18;5;26;1850;1;2;1;1;2;118;PORTE DE CLIGNANCOURT;M;4890090;233662;750
2,02E+11;18;5;27;2100;5;2;1;1;2;115;PORTE DE LA PLAINE;M;4882660;229569;750
2,02E+11;18;5;28;920;1;2;1;1;2;112;PORTE DE VINCENNES;M;4884160;241355;750
2,02E+11;18;5;28;1045;1;2;1;1;6;114;ECHANGEUR BRANCION;M;4882480;230470;750
2,02E+11;18;5;29;1440;1;2;4;1;6;119;PORTE DES LILAS;M;4888090;240449;750
2,02E+11;18;5;29;1400;1;2;1;1;3;115;PORTE D ISSY;M;4883470;226654;750