Num_Acc;an;mois;jour;hrmn;lum;agg;int;atm;col;com;adr;gps;lat;long;dep
2,02E+11;18;5;29;1615;1;2;1;1;2;114;PORTE DE CHATILLON;M;4882310;231243;750
2,02E+11;18;5;30;1425;1;1;4;1;2;116;ECHANGEUR AUTEUIL;M;4884670;225485;750
2,02E+11;18;5;31;910;1;2;1;1;3;120;PORTE DE MONTREUIL;M;4885670;241417;750
2,02E+11;18;5;31;1925;1;2;1;1;3;114;PORTE DE CHATILLON;M;4882350;230989;750
2,02E+11;18;5;31;1955;1;2;1;1;3;113;QUAI D IVRY;M;4882160;237918;750
2,02E+11;18;5;31;2015;1;2;4;1;3;115;PORTE DE LA PLAINE;M;4882630;229695;750
2,02E+11;18;5;31;1830;1;2;1;1;3;117;PORTE D ASNIERES;M;4889220;230177;750
2,02E+11;18;6;2;1910;1;2;1;1;2;114;PORTE D ORLEANS;M;4881960;232792;750
2,02E+11;18;6;3;1850;1;2;1;1;7;114;PORTE DE VANVES;M;4882410;230730;750
2,02E+11;18;6;4;845;1;2;1;1;3;116;ECHANGEUR ISSY;M;4883500;226380;750
2,02E+11;18;6;4;945;1;2;1;1;4;116;PORTE D AUTEUIL;M;4884740;225389;750
2,02E+11;18;6;6;1440;1;2;1;1;3;120;PORTE DE MONTREUIL;M;4885940;241423;750
2,02E+11;18;6;6;1615;1;2;1;1;3;112;BOULEVARD DE BERCY;M;4882730;239147;750
2,02E+11;18;6;7;1615;1;2;1;1;3;119;PORTE DES LILAS;M;4888080;240435;750
2,02E+11;18;6;9;1030;1;2;1;1;2;115;PORTE BRANCION;M;4882850;228953;750
2,02E+11;18;6;9;1430;1;2;1;1;4;120;PORTE DE VINCENNES;M;4884700;241469;750
2,02E+11;18;6;9;1635;1;2;1;1;3;112;PORTE DE CHARENTON;M;4882850;239802;750
2,02E+11;18;6;9;1900;1;2;1;1;6;114;PORTE DE CHATILLON;M;4882220;231628;750
2,02E+11;18;6;11;1630;1;2;1;2;2;116;PORTE MAILLOT;M;4887790;228053;750
2,02E+11;18;6;14;1100;1;2;1;1;4;120;PORTE DE VINCENNES;M;4884970;241500;750
2,02E+11;18;6;15;1445;1;2;1;1;4;115;PORTE BRANCION;M;4882630;229697;750
2,02E+11;18;6;16;840;1;2;1;1;6;113;PORTE D ITALIE;M;4881790;236830;750
2,02E+11;18;6;12;1155;1;2;1;1;2;112;PORTE DOREE;M;4883380;240854;750
2,02E+11;18;6;12;730;1;2;1;2;7;115;PORTE D ISSY;M;4883490;226651;750
2,02E+11;18;6;12;935;1;2;1;2;6;116;PORTE DE SAINT CLOUD;M;4883730;225534;750
2,02E+11;18;6;16;1450;1;2;1;1;4;120;PORTE DE BAGNOLET;M;4885940;241404;750
2,02E+11;18;6;16;2015;1;2;1;1;3;120;PORTE DE BAGNOLET;M;4887360;241182;750
2,02E+11;18;6;17;1720;1;2;4;1;4;113;QUAI D IVRY;M;4882500;238448;750
2,02E+11;18;6;17;1950;1;2;1;1;4;114;PORTE DE GENTILLY;M;4881640;234307;750
2,02E+11;18;6;18;1440;1;2;1;1;3;116;PORTE MAILLOT;M;4887590;227782;750
2,02E+11;18;6;18;550;2;2;1;1;6;119;BOULEVARD PERIPHERIQUE I;M;4890050;238795;750
2,02E+11;18;6;19;1430;1;2;1;1;4;116;PORT D AUTEUIL;M;4884900;225251;750
2,02E+11;18;6;20;135;5;2;1;1;2;119;BOULEVARD PERIPHERIQUE;M;4888120;240340;750
2,02E+11;18;6;21;1410;1;2;1;1;4;118;PORTE DE LA CHAPELLE;M;4890120;236264;750
2,02E+11;18;6;21;1810;1;2;1;1;7;116;PORTE DE PASSY;M;4885740;225922;750
2,02E+11;18;6;22;25;5;2;4;1;2;120;PORTE DE BAGNOLET;M;4886650;241260;750
2,02E+11;18;6;22;1600;1;2;1;1;5;116;ECHANGEUR MUETTE;M;4886230;226483;750
2,02E+11;18;6;22;1630;1;2;1;1;3;117;PORTE D ASNIERES;M;4889100;229974;750
2,02E+11;18;6;23;230;5;2;1;1;7;114;BOULEVARD PERIPHERIQUE I;M;4882480;230469;750
2,02E+11;18;6;23;1930;1;2;1;1;4;112;PORTE DE VINCENNES;M;4884430;241389;750
2,02E+11;18;6;23;1955;1;2;1;1;6;114;PORTE D ORLEANS;M;4882060;232277;750
2,02E+11;18;6;24;255;5;2;1;1;6;119;PORTE DE LA VILLETTE;M;4890060;238835;750
2,02E+11;18;6;25;20;5;2;1;1;2;120;BOULEVARD PERIPHERIQUE I;M;4887350;241158;750
2,02E+11;18;6;25;750;1;2;1;1;6;117;PORTE DE SAINT OUEN;M;4889930;231790;750
2,02E+11;18;6;25;910;1;2;1;1;7;118;PORTE DE LA CHAPELLE;M;4890030;235917;750
2,02E+11;18;6;25;850;1;2;1;1;2;119;PORTE DES LILAS;M;4887840;240819;750
2,02E+11;18;6;26;1845;1;2;1;1;4;114;PORTE DE CHATILLON;M;4882320;231118;750
2,02E+11;18;6;26;1830;1;2;1;1;4;116;PORTE DE PASSY;M;4885780;225951;750
2,02E+11;18;6;27;710;1;2;1;1;7;113;ECHANGEUR IVRY;M;4882530;238527;750
2,02E+11;18;6;27;825;1;2;1;1;2;116;PORTE DAUPHINE;M;4886690;226901;750
2,02E+11;18;6;27;1400;1;2;1;1;4;113;PORTE D IVRY;M;4882220;238020;750
2,02E+11;18;6;27;1755;1;2;1;1;2;112;PORTE DOREE;M;4883720;241272;750
2,02E+11;18;6;27;2010;1;2;1;1;2;115;PORTE BRANCION;M;4882660;229569;750
2,02E+11;18;6;27;820;1;2;1;1;5;114;PORTE D ORLEANS;M;4881870;233184;750
2,02E+11;18;6;28;855;1;2;1;1;7;116;PORTE DE SAINT CLOUD;M;4883640;225621;750
2,02E+11;18;6;28;855;1;2;1;1;2;117;PORTE DES TERNES;M;4888520;228683;750
2,02E+11;18;6;28;815;1;2;1;1;2;117;PORTE DE CLICHY;M;4889690;231063;750
2,02E+11;18;6;28;1845;1;2;1;1;3;112;QUAI DE BERCY;M;4882850;239802;750
2,02E+11;18;6;28;1950;1;2;1;1;3;114;PORTE D ORLEANS;M;4882140;231888;750
2,02E+11;18;6;29;250;5;2;1;1;6;117;PORTE DE SAINT OUEN;M;4890040;232259;750
2,02E+11;18;6;29;640;1;2;1;1;3;112;PORT DE BERCY;M;4882850;239802;750
2,02E+11;18;6;29;2205;5;2;4;1;3;113;13  AVENUE DE LA PORTE D;M;4882030;237182;750
2,02E+11;18;7;2;1620;1;2;1;1;3;120;PORTE DE MONTREUIL;M;4885580;241387;750
2,02E+11;18;7;4;1000;1;2;1;1;6;112;PORTE DE VINCENNES;M;4884340;241371;750
2,02E+11;18;7;4;1735;1;2;1;1;3;119;PORTE DE PANTIN;M;4888440;239850;750
2,02E+11;18;7;5;1330;1;2;4;8;3;112;ECHANGEUR BERCY;M;4882740;239023;750
2,02E+11;18;7;6;900;1;2;1;1;3;116;PORTE DE SAINT CLOUD;M;4883500;226112;750
2,02E+11;18;7;6;1315;1;2;1;1;2;112;PORTE DOREE;M;4883380;240854;750
2,02E+11;18;7;6;2030;1;2;1;1;7;117;PORTE D ASNIERES;M;4888930;229650;750
2,02E+11;18;7;6;1820;1;2;1;1;2;112;PORTE DE CHARENTON;M;4883040;240251;750
2,02E+11;18;7;7;325;5;2;1;1;6;114;PORTE DE CHATILLON;M;4882250;231501;750
2,02E+11;18;7;7;905;1;2;1;1;6;118;PORTE DE LA CHAPELLE;M;4890100;235394;750
2,02E+11;18;7;7;1200;1;2;1;1;2;120;PORTE DE MONTREUIL;M;4885230;241469;750
2,02E+11;18;7;7;1230;1;2;1;1;4;118;PORTE DE CLIGNANCOURT;M;4890090;234713;750
2,02E+11;18;7;8;1120;1;2;1;1;3;120;PORTE DE MONTREUIL;M;4885580;241387;750
2,02E+11;18;7;8;1700;1;2;1;1;2;113;PORTE D ITALIE;M;4881770;236721;750
2,02E+11;18;7;9;820;1;2;1;1;4;116;PORTE DE SAINT CLOUD;M;4883980;225409;750
2,02E+11;18;7;10;940;1;2;1;1;4;116;PORTE DE PASSY;M;4885480;225537;750
2,02E+11;18;7;10;955;1;2;4;1;2;119;PORTE D AUBERVILLIERS;M;4890030;237607;750
2,02E+11;18;7;10;1115;1;2;4;1;3;120;PORTE DE BAGNOLET;M;4886170;241371;750
2,02E+11;18;7;10;1610;1;2;1;1;2;115;PORTE DE LA PLAINE;M;4882660;229569;750
2,02E+11;18;7;10;1750;1;2;1;1;4;118;PORTE DE SAINT OUEN;M;4890080;233254;750
2,02E+11;18;7;10;1850;1;2;1;1;4;114;PORTE DE CHATILLON;M;4882180;231755;750
2,02E+11;18;7;10;2245;5;2;1;1;4;118;PORTE DE CLIGNANCOURT;M;4890120;235026;750
2,02E+11;18;7;10;2300;5;2;1;1;4;114;PORTE DE CHATILLON;M;4882260;231375;750
2,02E+11;18;7;11;1310;1;2;1;1;4;113;QUAI D IVRY;M;4882600;238773;750
2,02E+11;18;7;11;1410;1;2;1;1;7;116;ECHANGEUR MAILLOT;M;4887780;227951;750
2,02E+11;18;7;11;1800;1;2;1;1;3;117;PORTE DE CLICHY;M;4889830;231507;750
2,02E+11;18;7;12;945;1;2;1;1;6;118;PORTE DE SAINT OUEN;M;4890090;233798;750
2,02E+11;18;7;12;1350;1;2;1;1;4;113;QUAI D IVRY;M;4882600;238773;750
2,02E+11;18;7;12;1735;1;2;1;1;2;118;PORTE DE LA CHAPELLE;M;4890100;235394;750
2,02E+11;18;7;12;1800;1;2;1;1;6;119;PORTE DE LA VILLETTE;M;4890040;238291;750
2,02E+11;18;7;12;1950;1;2;1;1;2;117;PORTE DE CLICHY;M;4889520;230681;750
2,02E+11;18;7;13;845;1;2;1;1;2;117;PORTE DE SAINT OUEN;M;4890020;232128;750
2,02E+11;18;7;15;900;1;2;1;1;6;119;PORTE DU PRE SAINT GERVA;M;4888300;240022;750
2,02E+11;18;7;15;1300;1;2;1;1;2;112;PORTE DOREE;M;4883430;240974;750
2,02E+11;18;7;16;1500;1;2;1;1;4;118;PORTE DE CLIGNANCOURT;M;4890090;234576;750
2,02E+11;18;7;17;750;1;2;1;1;3;113;BOULEVARD PERIPHERIQUE I;M;4881900;237130;750
2,02E+11;18;7;18;1800;1;2;1;1;2;120;PORTE DE MONTREUIL;M;4885002;241514;750
2,02E+11;18;7;19;850;1;2;4;1;2;113;ECHANGEUR ITALIE;M;4881663;235635;750
2,02E+11;18;7;20;1035;1;2;1;1;5;115;PORTE DE LA PLAINE;M;4882915;228801;750
2,02E+11;18;7;20;1620;1;2;1;2;3;117;PORTE DE SAINT OUEN;M;4890021;232134;750
2,02E+11;18;7;20;1700;1;2;1;1;3;119;PORTE DE LA VILLETTE;M;4888222;240145;750
2,02E+11;18;7;20;1830;1;2;1;1;5;113;PORTE D ITALIE;M;4880000;235000;750
2,02E+11;18;7;21;1115;1;2;1;1;4;114;PORTE DE CHATILLON;M;;;750
2,02E+11;18;7;21;1950;1;2;1;1;3;118;PORTE DE CLIGNANCOURT;M;4890073;233634;750
2,02E+11;18;7;24;950;1;2;1;1;3;116;PORTE D AUTEUIL;M;4884742;225431;750
2,02E+11;18;7;24;1055;1;2;1;1;5;118;PORTE DE SAINT OUEN;M;4890060;232880;750
2,02E+11;18;7;24;1615;1;2;1;1;3;114;PORTE DE CHATILLON;M;;;750
2,02E+11;18;7;25;40;5;2;1;1;4;118;BOULEVARD PERIPHERIQUE E;M;4890119;235083;750
2,02E+11;18;7;25;920;1;2;1;1;2;118;PORTE DE LA CHAPELLE;M;4890078;235848;750
2,02E+11;18;7;25;1740;1;2;1;1;5;113;PORTE D IVRY;M;4851458;217153;750
2,02E+11;18;7;26;910;1;2;4;1;2;114;PORTE D ORLEANS;M;4881937;232882;750
2,02E+11;18;7;26;1010;1;2;1;1;4;116;PORTE DE PASSY;M;4886652;226898;750
2,02E+11;18;7;26;1310;1;2;4;1;4;117;PORTE DES TERNES;M;4889335;230364;750
2,02E+11;18;7;26;1800;1;2;1;1;3;118;BOULEVARD PERIPHERIQUE E;M;4890053;232577;750
2,02E+11;18;7;27;640;1;2;1;1;6;112;PORTE DOREE;M;4883440;241060;750
2,02E+11;18;7;27;1500;1;2;4;1;3;119;BOULEVARD PERIPHERIQUE I;M;4888063;240465;750
2,02E+11;18;7;27;2000;2;2;1;4;3;118;PORTE DE LA CHAPELLE;M;4882324;217153;750
2,02E+11;18;7;27;2025;1;2;1;1;5;117;PORTE DE CHAMPERRET;M;4888794;229172;750
2,02E+11;18;7;28;850;1;2;1;1;7;113;PORTE D ITALIE;M;4886667;233333;750
2,02E+11;18;7;30;830;1;2;1;1;3;116;PORTE MAILLOT;M;4884601;241421;750
2,02E+11;18;7;30;1030;1;2;1;1;6;117;PORTE D ASNIERES;M;4889287;230298;750
2,02E+11;18;7;30;1430;1;2;4;1;6;112;ECHANGEUR BERCY;M;4882723;239210;750
2,02E+11;18;7;31;40;5;2;1;1;2;116;PORTE DE SAINT CLOUD;M;;;750
2,02E+11;18;7;31;1740;1;2;1;1;3;117;PORTE D ASNIERES;M;4889240;230220;750
2,02E+11;18;8;1;900;1;2;4;1;3;120;PORTE DE BAGNOLET;M;;;750
2,02E+11;18;8;1;1415;1;2;1;1;3;116;PORTE DE SAINT CLOUD;M;4884007;225388;750
2,02E+11;18;8;1;1615;1;2;1;1;4;112;PORTE DOREE;M;4883669;240767;750
2,02E+11;18;8;2;835;1;2;1;1;3;114;PORTE DE VANVES;M;4882473;230484;750
2,02E+11;18;8;2;1720;1;2;1;1;2;116;PORTE MAILLOT;M;4887786;228051;750
2,02E+11;18;8;3;640;1;2;1;1;6;120;PORTE DE MONTREUIL;M;;;750
2,02E+11;18;8;3;730;1;2;1;1;2;114;PORTE DE CHATILLON;M;4881967;232733;750
2,02E+11;18;8;4;1400;1;2;1;1;2;114;PORTE DE CHATILLON;M;4882152;231852;750
2,02E+11;18;8;6;810;5;2;1;1;2;112;PORTE DOREE;M;4883451;243039;750
2,02E+11;18;8;6;1700;1;2;1;1;4;114;PORTE DE CHATILLON;M;4886666;233333;750
2,02E+11;18;8;7;900;1;2;1;1;7;119;BOULEVARD PERIPHERIQUE E;M;4890070;237010;750
2,02E+11;18;8;10;110;5;2;1;1;2;114;PORTE DE VANVES;M;4882685;229530;750
2,02E+11;18;8;10;1320;1;2;1;1;4;120;PORTE DES LILAS;M;4886994;242981;750
2,02E+11;18;8;10;1715;1;2;1;1;3;113;PORTE DE GENTILLY;M;4881784;235117;750
2,02E+11;18;8;13;1810;1;2;1;1;2;118;PORTE DE SAINT OUEN;M;4890068;233149;750
2,02E+11;18;8;15;100;5;2;1;1;4;119;PORTE DE LA VILLETTE;M;4890057;238586;750
2,02E+11;18;8;15;1645;1;2;4;1;6;120;PORTE DE BAGNOLET;M;4886666;233333;750
2,02E+11;18;8;16;1750;1;2;1;1;6;116;PORTE MAILLOT;M;4887809;228004;750
2,02E+11;18;8;18;1500;1;2;1;1;2;118;PORTE DE CLIGNANCOURT;M;4889789;234578;750
2,02E+11;18;8;18;1545;1;2;1;1;3;118;PORTE DE CLIGNANCOURT;M;4890091;234254;750
2,02E+11;18;8;19;620;1;2;1;1;6;119;PORTE DE LA VILLETTE;M;4890040;238980;750
2,02E+11;18;8;19;1850;1;2;4;1;4;118;ECHANGEUR CHAPELLE;M;4890010;236067;750
2,02E+11;18;8;20;930;1;2;1;1;4;116;PORTE DE PASSY;M;4886326;226509;750
2,02E+11;18;8;21;910;1;2;1;1;4;113;QUAI D IVRY;M;4882441;238392;750
2,02E+11;18;8;22;1430;1;2;1;1;2;113;PORTE DE GENTILLY;M;;;750
2,02E+11;18;8;24;1055;1;2;1;1;4;112;PORTE DE VINCENNES;M;4884437;241390;750
2,02E+11;18;8;24;1400;1;2;4;1;3;120;PORTE DES LILAS;M;4887923;240731;750
2,02E+11;18;8;24;1730;1;2;1;1;3;119;PORTE DE LA VILLETTE;M;4890043;238549;750
2,02E+11;18;8;25;230;5;2;1;1;3;116;BOULEVARD PERIPHERIQUE E;M;4884759;225389;750
2,02E+11;18;8;27;850;1;2;1;2;7;118;PORTE DE CLIGNANCOURT;M;4889805;234524;750
2,02E+11;18;8;27;900;1;2;1;8;7;116;PORTE D AUTEUIL;M;4884692;225479;750
2,02E+11;18;8;29;1445;1;2;1;2;3;112;BOULEVARD PERIPHERIQUE E;M;4883260;238299;750
2,02E+11;18;8;30;915;1;2;1;1;2;118;PORTE DE CLIGNANCOURT;M;4890093;233817;750
2,02E+11;18;8;30;1950;1;2;1;1;2;120;PORTE DE BAGNOLET;M;4886300;241349;750
2,02E+11;18;8;31;1515;1;2;1;1;2;120;PORTE DE MONTREUIL;M;4885123;239481;750
2,02E+11;18;9;2;650;1;2;1;1;6;112;ECHANGEUR BERCY;M;4882711;238965;750
2,02E+11;18;9;2;1230;1;2;1;1;7;114;PORTE D ORLEANS;M;4881877;233188;750
2,02E+11;18;9;2;1330;1;2;1;1;3;120;PORTE DE MONTREUIL;M;4884817;241495;750
2,02E+11;18;9;2;1815;1;2;1;1;3;113;PORTE D IVRY;M;4882030;237520;750
2,02E+11;18;9;2;1920;1;2;1;1;4;116;PORTE DE PASSY;M;4886198;226427;750
2,02E+11;18;9;4;1240;1;2;1;1;5;115;PORTE DE VERSAILLES;M;4883059;228498;750
2,02E+11;18;9;5;1939;1;2;1;1;4;117;PORTE MAILLOT;M;4887766;228025;750
2,02E+11;18;9;5;2322;5;2;1;1;2;113;PORTE D IVRY;M;4881970;237350;750
2,02E+11;18;9;6;920;1;2;4;1;3;117;PORTE MAILLOT;M;;;750
2,02E+11;18;9;7;910;1;2;1;1;2;118;BOULEVARD PERIPHERIQUE E;M;4890055;232850;750
2,02E+11;18;9;8;1950;2;2;1;1;2;119;PORTE DE LA VILLETTE;M;4890036;238865;750
2,02E+11;18;9;9;645;5;2;1;1;6;116;PORTE D AUTEUIL;M;;;750
2,02E+11;18;9;9;1550;1;2;1;1;5;117;PORTE DE CHAMPERRET;M;4859906;217365;750
2,02E+11;18;9;9;2050;5;2;1;1;2;112;ECHANGEUR BERCY;M;4882880;239930;750
2,02E+11;18;9;11;1045;1;2;4;1;3;120;PORTE DE BAGNOLET;M;4886613;241664;750
2,02E+11;18;9;12;1405;1;2;1;1;4;120;PORTE DES LILAS;M;;;750
2,02E+11;18;9;12;1445;1;2;1;1;3;118;PORTE DE SAINT OUEN;M;;;750
2,02E+11;18;9;15;1445;1;2;1;7;6;116;ECHANGEUR MAILLOT;M;4887903;227823;750
2,02E+11;18;9;17;2319;5;2;1;1;6;119;PORTE D AUBERVILLIERS;M;4890080;237150;750
2,02E+11;18;9;19;1620;1;2;1;1;3;120;PORTE DE MONTREUIL;M;4885130;241520;750
2,02E+11;18;9;20;815;1;2;1;1;6;115;BOULEVARD PERIPHERIQUE E;M;4883518;227147;750
2,02E+11;18;9;20;1005;1;2;1;1;3;119;PORTE DE LA VILLETTE;M;;;750
2,02E+11;18;9;20;2230;5;2;4;1;2;114;BOULEVARD PERIPHERIQUE E;M;4882204;231629;750
2,02E+11;18;9;21;5;5;2;4;1;6;112;ECHANGEUR BERCY;M;4882787;239392;750
2,02E+11;18;9;21;155;5;2;1;1;6;117;BOULEVARD PERIPHERIQUE E;M;4888070;228190;750
2,02E+11;18;9;21;805;1;2;1;2;7;115;PORTE DE SEVRES;M;4883488;226681;750
2,02E+11;18;9;21;1750;1;2;1;1;2;120;PORTE DE MONTREUIL;M;4869530;268750;750
2,02E+11;18;9;21;1950;5;2;1;1;7;113;QUAI D IVRY;M;4882043;237553;750
2,02E+11;18;9;21;1740;1;2;1;1;3;116;PORTE MAILLOT;M;4812345;212345;750
2,02E+11;18;9;25;1105;1;2;4;1;6;112;ECHANGEUR BERCY;M;4882711;239011;750
2,02E+11;18;9;25;1805;1;2;1;1;4;112;PORTE DE VINCENNES;M;4883670;241220;750
2,02E+11;18;9;26;840;1;2;1;1;5;120;PORTE DE MONTREUIL;M;4885590;241410;750
2,02E+11;18;9;26;920;1;1;1;1;3;116;PORTE D AUTEUIL;M;4295204;254488;750
2,02E+11;18;9;26;1630;1;2;1;1;2;116;ECHANGEUR MUETTE;M;;;750
2,02E+11;18;9;27;850;1;1;1;1;5;119;PORTE DU PRE SAINT GERVA;M;4888300;240040;750
2,02E+11;18;9;27;1710;1;2;1;1;3;117;PORTE DE CLICHY;M;;;750
2,02E+11;18;9;27;1715;1;2;1;1;2;112;PORTE DOREE;M;4883679;241244;750
2,02E+11;18;9;28;900;1;1;1;1;4;118;PORTE DE SAINT OUEN;M;4236780;236985;750
2,02E+11;18;9;28;1540;1;2;1;1;4;120;PORTE DE VINCENNES;M;4884720;241470;750
2,02E+11;18;9;28;1920;5;2;1;1;2;112;PORTE DE VINCENNES;M;4884630;241470;750
2,02E+11;18;9;29;1110;1;2;1;1;2;117;PORTE D ASNIERES;M;4889206;230071;750
2,02E+11;18;9;30;1920;1;2;1;1;2;116;ECHANGEUR MUETTE;M;4886307;226549;750
2,02E+11;18;9;30;2110;5;2;1;1;2;116;PORTE DE SAINT CLOUD;M;;;750
2,02E+11;18;10;1;810;1;2;1;1;6;115;PORTE DE SEVRES;M;;;750
2,02E+11;18;10;1;1000;1;2;1;1;5;117;PORTE DES TERNES;M;;;750
2,02E+11;18;10;1;1340;1;2;1;1;4;117;PORTE DE SAINT OUEN;M;4890028;232158;750
2,02E+11;18;10;1;1740;1;2;1;1;2;113;ECHANGEUR BERCY;M;4886666;233333;750
2,02E+11;18;10;2;224;5;2;1;1;6;112;PORTE DOREE;M;4883450;241050;750
2,02E+11;18;10;2;1220;1;2;1;1;2;113;QUAI D IVRY;M;4882612;238758;750
2,02E+11;18;10;2;1810;1;2;4;1;4;117;PORTE D ASNIERES;M;4889254;230161;750
2,02E+11;18;10;2;1920;2;2;1;1;2;116;PORTE MAILLOT;M;4298742;262879;750
2,02E+11;18;10;3;1605;1;2;1;1;2;113;PORTE D ITALIE;M;4886666;233333;750
2,02E+11;18;10;4;1005;1;2;1;1;3;113;QUAI D IVRY;M;4882020;237090;750
2,02E+11;18;10;4;1205;1;2;1;1;3;116;PORTE DE PASSY;M;4885855;226152;750
2,02E+11;18;10;4;1330;1;2;1;1;2;119;PORTE DE PANTIN;M;4889663;239431;750
2,02E+11;18;10;4;1500;1;2;1;1;2;120;PORTE DE VINCENNES;M;4885000;243300;750
2,02E+11;18;10;5;15;5;2;1;1;3;114;PORTE DE VANVES;M;4882446;230624;750
2,02E+11;18;10;5;1025;1;2;1;1;3;113;ECHANGEUR GARE;M;4882620;238810;750
2,02E+11;18;10;5;1250;1;2;4;1;6;118;ECHANGEUR CHAPELLE;M;4890070;236600;750
2,02E+11;18;10;5;1320;1;2;1;1;2;117;PORTE DE CHAMPERRET;M;4853906;217365;750
2,02E+11;18;10;5;1645;1;2;1;1;2;112;PORTE DE SAINT MANDE;M;4884379;241404;750
2,02E+11;18;10;5;1350;1;2;1;1;3;120;PORTE DE BAGNOLET;M;4886817;241341;750
2,02E+11;18;10;5;1920;5;2;1;1;2;112;PORTE DE CHARENTON;M;4882944;240105;750
2,02E+11;18;10;9;1810;5;2;1;1;5;116;ECHANGEUR MUETTE;M;4886457;226716;750
2,02E+11;18;10;10;1230;1;2;4;1;3;116;PORTE D AUTEUIL;M;;;750
2,02E+11;18;10;10;2035;5;2;4;1;3;113;PORTE D ITALIE;M;4881613;236395;750
2,02E+11;18;10;11;1709;1;2;1;1;3;113;PONT DE BERCY;M;4882674;238993;750
2,02E+11;18;10;11;1625;1;2;4;1;2;114;PORTE DE GENTILLY;M;4881870;237060;750
2,02E+11;18;10;12;830;5;2;1;1;3;120;PORTE DES LILAS;M;;;750
2,02E+11;18;10;12;1835;1;2;1;1;4;120;PORTE DE BAGNOLET;M;4886950;241260;750
2,02E+11;18;10;12;1935;1;2;1;1;4;120;PORTE DE MONTREUIL;M;4851295;224518;750
2,02E+11;18;10;13;1420;1;2;1;1;2;116;PORTE MAILLOT;M;4887890;228040;750
2,02E+11;18;10;13;1800;1;2;1;1;2;114;PORTE DE VANVES;M;4882780;229070;750
2,02E+11;18;10;13;2115;5;2;1;1;5;116;ECHANGEUR MUETTE;M;4886630;226870;750
2,02E+11;18;10;14;1415;1;2;1;1;6;118;PORTE DE CLIGNANCOURT;M;4890091;234472;750
2,02E+11;18;10;14;1940;2;2;1;1;4;114;PORTE D ORLEANS;M;4881999;237129;750
2,02E+11;18;10;15;2310;5;2;1;1;2;112;PORTE DOREE;M;4883510;240580;750
2,02E+11;18;10;16;945;1;2;1;1;5;120;PORTE DE BAGNOLET;M;4886470;241360;750
2,02E+11;18;10;16;1245;1;2;4;1;7;117;ECHANGEUR MAILLOT;M;4887872;227932;750
2,02E+11;18;10;16;1605;1;2;1;1;2;116;ECHANGEUR MUETTE;M;4886666;233333;750
2,02E+11;18;10;16;1840;1;2;4;1;7;116;ECHANGEUR AUTEUIL;M;4850520;215370;750
2,02E+11;18;10;16;1720;1;2;1;1;3;112;BPI PORTE DE CHARENTON;M;4885660;235220;750
2,02E+11;18;10;17;2105;5;2;1;1;2;120;PORTE DE BAGNOLET;M;4886666;240701;750
2,02E+11;18;10;19;510;5;2;1;1;2;112;PORTE DE VINCENNES;M;4884360;241380;750
2,02E+11;18;10;19;900;1;2;1;1;7;114;PORTE DE CHATILLON;M;4882300;231190;750
2,02E+11;18;10;19;1620;1;2;4;1;4;115;PORTE DE SEVRES;M;;;750
2,02E+11;18;10;22;725;5;2;1;1;2;112;ECHANGEUR BERCY;M;4882674;238989;750
2,02E+11;18;10;22;1745;1;2;1;1;6;118;PORTE DE SAINT OUEN;M;4890059;232987;750
2,02E+11;18;10;23;720;2;2;1;1;6;116;PORTE DE SAINT CLOUD;M;4883330;218330;750
2,02E+11;18;10;23;855;1;2;1;1;6;116;PORTE DE SAINT CLOUD;M;4886660;233333;750
2,02E+11;18;10;24;1835;1;2;1;1;3;119;PORTE DE PANTIN;M;4888890;239690;750
2,02E+11;18;10;25;830;1;2;1;1;5;116;PORTE MAILLOT;M;4881569;235635;750
2,02E+11;18;10;25;2150;5;2;1;1;6;120;PORTE DE BAGNOLET;M;4886350;241350;750
2,02E+11;18;10;27;240;5;2;4;1;3;117;ECHANGEUR MAILLOT;M;4888250;228317;750
2,02E+11;18;10;27;1330;1;2;1;1;4;112;PORTE DE VINCENNES;M;;;750
2,02E+11;18;10;27;1910;5;2;4;1;7;120;ECHANGEUR BAGNOLET;M;4885511;241347;750
2,02E+11;18;10;28;135;5;2;1;1;6;112;PORTE DOREE;M;4883177;239778;750
2,02E+11;18;10;28;1050;1;2;1;1;2;115;PORTE DE SEVRES;M;4883420;227670;750
2,02E+11;18;10;29;810;1;2;1;1;2;116;PORTE DE SAINT CLOUD;M;4984570;225490;750
2,02E+11;18;10;29;1730;5;2;1;1;2;117;PORTE DES TERNES;M;4888135;228250;750
2,02E+11;18;10;31;1315;1;2;1;1;3;113;PORTE D IVRY;M;4881812;236911;750
2,02E+11;18;10;31;2000;5;2;1;2;7;116;PORTE DE PASSY;M;4886224;226479;750
2,02E+11;18;10;31;2105;3;2;1;2;4;120;PORTE DE MONTREUIL;M;4885321;241427;750
2,02E+11;18;11;3;950;1;2;1;1;3;119;PORTE DE PANTIN;M;4888964;239642;750
2,02E+11;18;11;3;1810;2;2;1;1;2;112;BOULEVARD PERIPHERIQUE;M;;;750
2,02E+11;18;11;3;2020;5;2;4;1;4;119;PORTE DE LA VILLETTE;M;4890056;238701;750
2,02E+11;18;11;4;1405;1;2;1;1;4;118;PORTE DE CLIGNANCOURT;M;4890092;234826;750
2,02E+11;18;11;4;2245;5;2;4;1;7;115;QUAI D ISSY LES MOULINEA;M;4883535;227191;750
2,02E+11;18;11;5;101;5;2;1;1;3;118;PORTE DE CLIGNANCOURT;M;4890080;233850;750
2,02E+11;18;11;5;1740;5;2;4;1;6;113;QUAI D IVRY;M;4882610;238800;750
2,02E+11;18;11;6;1845;5;2;1;1;3;112;ECHANGEUR BERCY;M;4882680;239140;750