Num_Acc;an;mois;jour;hrmn;lum;agg;int;atm;col;com;adr;gps;lat;long;dep
2,02E+11;18;11;6;1950;5;2;1;1;3;114;PORTE DE CHATILLON;M;4882316;231141;750
2,02E+11;18;11;7;1730;2;2;1;8;3;116;PORTE DAUPHINE;M;4887185;227719;750
2,02E+11;18;11;8;655;2;1;1;1;2;117;PORTE DE CHAMPERRET;M;;;750
2,02E+11;18;11;8;2050;5;2;1;1;6;119;PORTE DE LA VILLETTE;M;;;750
2,02E+11;18;11;9;1050;1;2;1;1;2;112;ECHANGEUR BERCY;M;4882740;239360;750
2,02E+11;18;11;9;1145;1;2;4;1;2;112;ECHANGEUR VINCENNES;M;4884690;241380;750
2,02E+11;18;11;12;1005;1;2;1;2;2;112;PORTE DE CHARENTON;M;4882880;240090;750
2,02E+11;18;11;12;1930;5;2;4;1;3;118;PORTE DE SAINT OUEN;M;;;750
2,02E+11;18;11;13;630;2;2;1;1;6;115;PORTE DE SEVRES;M;4883333;118167;750
2,02E+11;18;11;12;1510;1;2;1;1;3;116;PORTE DAUPHINE;M;4887320;227489;750
2,02E+11;18;11;15;1310;1;2;1;8;3;120;PORTE DE BAGNOLET;M;4886095;241393;750
2,02E+11;18;11;15;2210;5;2;1;1;2;118;BOULEVARD PERIPHERIQUE;M;4890050;232370;750
2,02E+11;18;11;16;1400;1;2;1;1;2;116;PORTE DAUPHINE;M;4885409;233869;750
2,02E+11;18;11;16;1700;1;2;1;1;3;114;PORTE DE GENTILLY;M;4881691;234810;750
2,02E+11;18;11;17;1230;1;2;1;1;3;116;PORTE DE PASSY;M;;;750
2,02E+11;18;11;18;1915;5;2;4;1;6;119;ECHANGEUR AUBERVILLIERS;M;4890060;237030;750
2,02E+11;18;11;20;1910;5;2;1;8;5;113;PORTE DE GENTILLY;M;4881670;233330;750
2,02E+11;18;11;23;1940;5;2;1;1;2;114;PORTE D ORLEANS;M;4882090;232142;750
2,02E+11;18;11;24;1910;5;2;4;1;2;117;PORTE DE CLICHY;M;4889600;230860;750
2,02E+11;18;11;25;2305;3;2;4;2;7;120;ECHANGEUR BAGNOLET;M;4886493;241257;750
2,02E+11;18;11;26;1040;1;2;1;2;4;116;SOUTERRAIN DAUPHINE;M;4886666;233333;750
2,02E+11;18;11;27;1330;1;2;1;1;2;117;SOUTERRAIN ASNIERES;M;4891415;228536;750
2,02E+11;18;11;28;920;1;2;4;2;4;120;PORTE DE VINCENNES;M;4885000;243333;750
2,02E+11;18;11;28;1445;1;2;1;1;3;117;PORTE DE CLICHY;M;;;750
2,02E+11;18;11;28;1615;1;2;1;1;4;117;PORTE DE SAINT OUEN;M;4889660;230990;750
2,02E+11;18;11;29;1900;5;2;1;1;3;115;PORTE DE SEVRES;M;4883460;227486;750
2,02E+11;18;11;29;2000;5;2;1;1;5;117;PORTE D ASNIERES;M;;;750
2,02E+11;18;11;30;1300;1;2;1;1;3;112;PORTE DE CHARENTON;M;;;750
2,02E+11;18;11;30;1930;5;2;1;1;3;113;PORTE D ITALIE;M;4881755;235364;750
2,02E+11;18;11;30;2210;5;2;1;1;2;117;PORTE DE SAINT OUEN;M;4890091;234358;750
2,02E+11;18;12;2;535;5;2;4;3;6;116;PORTE MAILLOT;M;;;750
2,02E+11;18;12;3;1100;1;2;4;1;4;116;BD PERIPHERIQUE INTERIEU;M;4883837;225476;750
2,02E+11;18;12;3;1720;5;2;1;2;7;114;BD PERIPHERIQUE INTERIEU;M;4881600;234500;750
2,02E+11;18;12;3;1715;1;2;1;2;4;115;BD PERIPHERIQUE INTERIEU;M;4882723;229392;750
2,02E+11;18;12;3;1835;5;2;1;1;3;112;BD PERIPHERIQUE EXTERIEU;M;4883160;240400;750
2,02E+11;18;12;4;610;5;2;4;2;2;116;PORTE MAILLOT;M;4887630;227860;750
2,02E+11;18;12;4;1815;5;2;4;1;3;113;PORTE D ITALIE;M;4881880;237050;750
2,02E+11;18;12;4;2035;5;2;1;1;2;120;PORTE DE MONTREUIL;M;4885500;241380;750
2,02E+11;18;12;5;2316;5;2;1;1;2;119;PORTE DE LA VILLETTE;M;4890050;236790;750
2,02E+11;18;12;6;1430;1;2;4;8;3;112;BD PERIPHERIQUE EXTERIEU;M;;;750
2,02E+11;18;12;7;1420;1;2;1;2;6;113;BD PERIPHERIQUE EXTERIEU;M;;;750
2,02E+11;18;12;7;1550;1;2;4;2;3;120;BD PERIPHERIQUE INTERIEU;M;4887626;240948;750
2,02E+11;18;12;9;630;5;2;1;1;6;119;BD PERIPHERIQUE INTERIEU;M;4889738;238653;750
2,02E+11;18;12;10;920;1;2;1;8;2;120;BD PERIPHERIQUE INTERIEU;M;4886535;241340;750
2,02E+11;18;12;10;1500;1;2;1;1;4;117;BD PERIPHERIQUE INTERIEU;M;4889670;231040;750
2,02E+11;18;12;11;1700;5;2;1;1;3;120;PORTE DES LILAS;M;4888168;240191;750
2,02E+11;18;12;12;1715;1;2;1;1;3;117;BD PERIPHERIQUE INTERIEU;M;4889348;230401;750
2,02E+11;18;12;12;1540;1;2;1;1;3;117;BD PERIPHERIQUE INTERIEU;M;4888930;229640;750
2,02E+11;18;12;13;900;1;2;4;1;2;116;BD PERIPHERIQUE EXTERIEU;M;4887890;228140;750
2,02E+11;18;12;13;1445;1;2;1;1;6;120;BD PERIPHERIQUE EXTERIEU;M;;;750
2,02E+11;18;12;13;1520;1;2;4;1;2;113;BD PERIPHERIQUE EXTERIEU;M;;;750
2,02E+11;18;12;13;1745;5;2;1;1;3;112;BD PERIPHERIQUE INTERIEU;M;;;750
2,02E+11;18;12;13;2220;5;2;1;1;4;120;BD PERIPHERIQUE EXTERIEU;M;4851005;224555;750
2,02E+11;18;12;14;1015;1;2;1;1;3;117;BD PERIPHERIQUE INTERIEU;M;;;750
2,02E+11;18;12;14;2100;5;2;4;1;5;114;BD PERIPHERIQUE INTERIEU;M;4882020;232490;750
2,02E+11;18;12;15;2330;5;2;2;3;6;112;BD PERIPHERIQUE INTERIEU;M;4882681;238954;750
2,02E+11;18;12;17;820;2;2;1;1;2;115;BD PERIPHERIQUE EXTERIEU;M;;;750
2,02E+11;18;12;17;2115;5;2;1;1;7;118;BD PERIPHERIQUE EXTERIEU;M;4890099;234310;750
2,02E+11;18;12;18;655;5;2;1;1;2;118;BD PERIPHERIQUE EXTERIEU;M;4890144;235317;750
2,02E+11;18;12;18;1510;1;2;1;1;4;119;BD PERIPHERIQUE INTERIEU;M;4887174;241293;750
2,02E+11;18;12;18;1800;5;2;1;1;3;120;BD PERIPHERIQUE EXTERIEU;M;4886758;241340;750
2,02E+11;18;12;19;1110;1;2;4;8;3;118;BD PERIPHERIQUE INTERIEU;M;4890062;236699;750
2,02E+11;18;12;19;940;1;2;4;8;6;116;BD PERIPHERIQUE EXTERIEU;M;;;750
2,02E+11;18;12;19;1130;1;2;4;1;2;116;BD PERIPHERIQUE INTERIEU;M;4883501;226178;750
2,02E+11;18;12;20;900;1;2;1;1;2;113;BD PERIPHERIQUE INTERIEU;M;4886666;233333;750
2,02E+11;18;12;20;1820;5;2;4;1;4;116;BD PERIPHERIQUE INTERIEU;M;4886912;227088;750
2,02E+11;18;12;21;920;1;2;1;2;3;113;BD PERIPHERIQUE INTERIEU;M;4881670;233330;750
2,02E+11;18;12;21;1530;1;2;1;1;3;119;BD PERIPHERIQUE EXTERIEU;M;4888943;239624;750
2,02E+11;18;12;21;1700;5;2;1;1;4;112;BD PERIPHERIQUE INTERIEU;M;4882553;238674;750
2,02E+11;18;12;22;1710;2;2;1;1;7;116;PORTE MAILLOT;M;4887830;228060;750
2,02E+11;18;12;22;1950;5;2;1;1;3;116;ECHANGEUR AUTEUIL;M;4884440;225480;750
2,02E+11;18;12;22;2125;5;2;1;1;4;112;ECHANGEUR BERCY;M;4882260;238170;750
2,02E+11;18;12;23;930;1;2;4;2;2;112;ECHANGEUR BERCY;M;;;750
2,02E+11;18;12;23;2310;5;2;1;2;7;114;BOULEVARD PERIPHERIQUE I;M;4882434;230666;750
2,02E+11;18;12;24;1150;1;2;1;1;7;112;PORTE DE CHARENTON;M;;;750
2,02E+11;18;12;25;1945;5;2;1;1;4;112;PORTE DE VINCENNES;M;4884775;243949;750
2,02E+11;18;12;28;250;5;2;1;1;2;116;BD PERIPHERIQUE INTERIEU;M;4887660;227903;750
2,02E+11;18;12;29;1215;1;2;1;1;3;112;BD PERIPHERIQUE INTERIEU;M;;;750
2,02E+11;18;12;31;1740;5;2;1;1;2;113;BD PERIPHERIQUE EXTERIEU;M;4882617;238830;750
2,02E+11;18;12;31;1500;1;2;1;1;1;224;Dйpartementale 14;A;1465208;6102822;972
2,02E+11;18;1;24;840;1;2;3;1;1;224;RD 15 / chemin en dorval;A;1465672;6101216;972
2,02E+11;18;4;22;45;5;2;1;1;6;224;quartier goureau - voie;A;1467894;6104060;972
2,02E+11;18;11;8;2145;5;2;1;3;6;224;long bois;A;1466831;6102980;972
2,02E+11;18;11;8;1540;1;2;1;3;6;224;voie communal de long bo;A;1466845;6103457;972
2,02E+11;18;11;8;1830;3;1;1;3;1;224;d15;A;1466311;6101695;972
2,02E+11;18;2;18;1330;1;1;4;1;3;230;N1;A;1473205;6000000;972
2,02E+11;18;5;12;2300;5;2;3;1;1;230;rue joseph lagrosilliere;A;1474361;6000000;972
2,02E+11;18;6;30;1115;1;2;1;1;3;230;avenue des raisinniers;A;1473522;6000000;972
2,02E+11;18;8;26;230;4;2;1;1;6;230;avenue des raisiniers;A;1473726;6000000;972
2,02E+11;18;9;17;750;1;2;1;1;6;230;Boulevard Franзois MITTE;A;1475638;6000000;972
2,02E+11;18;9;24;640;1;1;9;1;1;230;quartier Saint Joseph -;A;1474255;6000000;972
2,02E+11;18;11;4;150;5;2;1;1;6;230;ROUTE DE LA MOISE;A;1473870;6000000;972
2,02E+11;18;1;7;1915;3;1;1;1;1;228;RD 24 bis;A;1477851;6102905;972
2,02E+11;18;1;24;1635;1;1;1;1;7;228;rue de la Foret;A;1477475;6103479;972
2,02E+11;18;11;13;1720;1;2;9;1;1;228;D15;A;1476123;6103639;972
2,02E+11;18;12;13;100;3;1;1;1;6;228;route nationale 1;A;1479307;6000000;972
2,02E+11;18;2;14;1830;4;1;1;1;1;104;route de Saint-Robert;A;1601766;6172897;971
2,02E+11;18;3;6;1610;1;2;9;7;3;124;croisement RN3 rue des Y;A;1601671;6170821;971
2,02E+11;18;3;13;1545;1;2;3;1;1;104;662 Avenue du pиre Labat;A;1601578;6174662;971
2,02E+11;18;4;7;40;5;2;1;2;6;104;allйe des pиres blancs;A;1601137;6173923;971
2,02E+11;18;5;25;1200;1;2;1;1;2;104;RN2;A;1602351;6174609;971
2,02E+11;18;8;10;1830;2;2;3;1;3;104;avenue du pиre labat;A;1602079;6174684;971
2,02E+11;18;10;28;2020;5;2;1;1;1;104;D30  ROUTE DE ST LOUIS;A;1601766;6172897;971
2,02E+11;18;2;19;1230;1;1;1;1;1;134;Route Nationale 2;A;1605067;6176262;971
2,02E+11;18;5;10;530;1;1;1;1;6;106;route nationale 2;A;1614431;6177091;971
2,02E+11;18;5;19;2245;3;1;1;1;7;134;Route de Morne a Jules;A;1607286;6176335;971
2,02E+11;18;5;20;130;5;2;1;2;1;106;RN2 MATONE;A;1614382;6175408;971
2,02E+11;18;6;8;1450;1;1;2;1;3;134;route de cousiniиre;A;1605026;6174885;971
2,02E+11;18;8;24;1650;1;1;1;1;3;134;route nationale 2 rocroy;A;1608452;6174743;971
2,02E+11;18;3;8;430;4;1;1;1;6;106;Section Desmarais RN2;A;1614187;6176891;971
2,02E+11;18;6;3;2155;3;2;1;1;6;106;rue fйlicitй lйandre;A;1615160;6177450;971
2,02E+11;18;8;26;1900;5;2;1;1;6;106;bois malher;A;1615988;6177390;971
2,02E+11;18;10;9;1150;1;2;9;1;6;106;boulevard du front de me;A;1612719;6177074;971
2,02E+11;18;1;24;825;1;2;1;1;3;121;RN2 Les plaines;A;1622281;6178449;971
2,02E+11;18;3;2;2140;3;1;1;1;1;121;Mahault;A;1619222;6178013;971
2,02E+11;18;7;29;1305;1;2;1;1;6;121;rue de la bataille de l';A;1622830;6178683;971
2,02E+11;18;8;26;1200;1;1;1;1;1;121;Route Dйpartementale 23;A;1618152;6175977;971
2,02E+11;18;9;2;1300;1;1;1;1;7;121;RN 02 section MAHAULT;A;1618942;6177864;971
2,02E+11;18;12;23;2208;3;1;1;8;6;121;Route dйpartementale 23;A;1618802;6177587;971
2,02E+11;18;12;25;755;1;1;1;1;6;121;RN2;A;1621233;6178017;971
2,02E+11;18;2;3;359;3;1;1;1;6;111;Gadet;A;1633177;6178781;971
2,02E+11;18;4;14;2355;3;1;1;1;7;111;RN 02 - Leroux;A;1627461;6180399;971
2,02E+11;18;6;11;810;1;2;4;1;7;111;Lotissement Maya  Cafйiи;A;1631926;6177789;971
2,02E+11;18;6;23;1645;1;1;3;3;3;111;Route Nationale 02 - Sec;A;1632305;6178514;971
2,02E+11;18;1;18;10;3;1;1;1;7;107;RN1 - section Sainte Mar;A;1609478;6156342;971
2,02E+11;18;1;19;1820;5;1;1;1;3;114;route nationale 1;A;1614612;6158296;971
2,02E+11;18;1;29;1730;1;1;1;1;1;114;La Rose;A;1615527;6158542;971
2,02E+11;18;2;22;1215;1;1;1;1;1;114;section Christophe;A;1611266;6157459;971
2,02E+11;18;3;8;650;1;1;1;1;1;107;RN 1 Ste Marie PK 33.300;A;1610594;6156542;971
2,02E+11;18;2;25;800;1;1;1;1;2;107;RN1 cotй salйe bananier;A;1599464;6160910;971
2,02E+11;18;3;15;1850;4;2;1;1;6;107;ilet perou;A;1605596;6156659;971
2,02E+11;18;3;23;1930;5;2;3;1;3;114;Carrefour D6 / D33 Ste C;A;1613455;6157209;971
2,02E+11;18;3;31;2110;3;1;2;1;3;107;Intersection entre RN1(s;A;1605518;6161174;971
2,02E+11;18;4;22;2100;3;1;1;2;1;107;Morne Salй;A;1599836;6160477;971
2,02E+11;18;5;2;2115;5;2;1;1;5;107;nationale 1- SAINT SAUVE;A;1605518;6161174;971
2,02E+11;18;7;14;930;1;1;3;1;2;114;RN1 et lieu dit la Rose;A;1614617;6158278;971
2,02E+11;18;7;14;630;1;1;3;1;6;107;rue de Cambrefort;A;1606497;6157675;971
2,02E+11;18;7;16;1700;1;2;1;1;6;107;RN1 section sainte marie;A;1609824;6156303;971
2,02E+11;18;7;16;2005;3;1;1;1;6;114;Christophe;A;1613540;6158108;971
2,02E+11;18;8;16;750;1;1;1;1;1;114;RN01 -;A;1612195;6161507;971
2,02E+11;18;8;18;645;1;1;1;1;1;107;RN1 entreprise POMMEZ;A;1605777;6156536;971
2,02E+11;18;9;8;2030;3;1;4;1;6;114;Christophe ouest;A;1611111;6157238;971
2,02E+11;18;9;20;1800;1;1;1;1;1;107;RN 1 - Four а Chaux -;A;1610103;6156422;971
2,02E+11;18;10;23;1400;1;2;1;1;5;107;saint sauveur;A;1601184;6158942;971
2,02E+11;18;11;21;1430;1;1;4;1;3;107;Rue de moravie;A;1607401;6158682;971
2,02E+11;18;12;19;1500;1;1;1;1;1;114;RN1 sarcelles;A;1615758;6158580;971
2,02E+11;18;12;24;520;3;1;1;1;6;114;RN01;A;1615428;6158506;971
2,02E+11;18;1;31;945;1;2;1;1;6;131;route du Fort Napolйon;A;1587414;6158246;971
2,02E+11;18;3;19;730;1;2;1;1;7;131;rue Bernard Azincourt;A;1586576;6158328;971
2,02E+11;18;7;6;1430;1;2;1;1;6;130;rue de grande anse;A;1585862;6162407;971
2,02E+11;18;8;14;1700;1;1;1;1;1;131;route du Bois Joli;A;1585945;6160033;971
2,02E+11;18;8;18;1130;1;2;3;1;6;131;route de fond de curй;A;1586338;6158449;971
2,02E+11;18;11;6;630;2;2;1;2;7;130;rue de la plage;A;1585830;6162379;971
2,02E+11;18;12;23;1035;1;2;1;1;7;131;rue jean calot;A;1586832;6158237;971
2,02E+11;18;12;25;325;3;1;1;1;7;130;RD213 route du sud;A;1584772;6162802;971
2,02E+11;18;1;4;1345;1;1;4;1;3;115;chemin de Borel;A;;;971
2,02E+11;18;2;11;1200;1;2;1;1;6;115;PICHON;A;1625238;6165358;971
2,02E+11;18;2;11;2109;5;2;1;1;6;115;rue du pont;A;1626596;6162970;971
2,02E+11;18;3;19;1645;1;1;9;1;3;115;RN 2;A;1623759;6166960;971
2,02E+11;18;6;24;1705;1;1;1;1;6;115;Chemin de desbonnes;A;1623729;6165815;971
2,02E+11;18;6;14;830;1;1;1;1;3;115;RN 2 - routa;A;1625915;6163567;971
2,02E+11;18;7;8;2000;3;1;1;3;5;115;la boucan;A;1627918;6166777;971
2,02E+11;18;7;26;600;1;1;2;1;1;115;RN 2 - Intersection Germ;A;1626215;6163741;971
2,02E+11;18;8;2;2000;3;2;9;1;2;115;section brйfort;A;1626534;6164096;971
2,02E+11;18;10;4;1930;3;1;9;1;3;115;la moisse RN2;A;1628251;6166258;971
2,02E+11;18;11;22;1400;1;2;2;1;3;115;ROUTE DE GROSSE MONTAGNE;A;1622886;6165539;971
2,02E+11;18;12;19;2045;3;1;3;2;6;115;RN2;A;1626192;6163728;971
2,02E+11;18;2;11;1000;1;1;1;1;3;118;RN1;A;1618726;6160719;971
2,02E+11;18;2;13;1655;1;1;1;1;6;118;route des mamelles;A;1618092;6168424;971
2,02E+11;18;3;9;1900;3;1;1;1;3;118;Route de la Traversйe;A;1619838;6164371;971
2,02E+11;18;7;6;1335;1;1;1;1;6;118;ROUTE DE DUBOS - SECTION;A;1619780;6160025;971
2,02E+11;18;7;28;1915;3;2;1;1;6;118;section Fougиres;A;1620317;6162096;971
2,02E+11;18;10;23;2300;3;1;1;1;7;118;route nationale 1;A;1618831;6161871;971
2,02E+11;18;2;10;230;5;2;1;2;1;129;RN2 / section VIARD;A;1629373;6171065;971
2,02E+11;18;3;18;1200;1;1;1;1;1;129;RN 2 VIARD - LEOTARD;A;1629373;6171065;971
2,02E+11;18;4;29;1030;1;2;1;1;6;129;SOFAIA;A;1631439;6170368;971
2,02E+11;18;5;5;30;3;1;1;2;7;129;VIARD;A;1631765;6168539;971
2,02E+11;18;7;1;1940;3;1;3;1;1;129;VINTY;A;1634934;6172372;971
2,02E+11;18;7;18;1900;3;1;1;1;1;129;section duzer (plage man;A;1634639;6171991;971
2,02E+11;18;8;29;700;1;2;1;1;1;129;VIARD;A;1629373;6171065;971
2,02E+11;18;10;7;1115;1;1;1;2;1;129;section vinty;A;1635351;6173001;971
2,02E+11;18;11;17;1120;1;1;1;1;6;129;route de Duzer;A;1634631;6172791;971
2,02E+11;18;12;2;1750;5;2;1;1;4;129;Conodor - RN 2;A;1628941;6167746;971
2,02E+11;18;12;8;415;5;1;1;2;1;129;Durieux;A;1633707;6174313;971
2,02E+11;18;1;2;1430;1;1;1;1;1;112;Section Les basses;A;;;971
2,02E+11;18;1;5;1350;1;1;1;1;7;108;morne piton;A;;;971
2,02E+11;18;2;8;2150;4;1;1;8;7;112;d203;A;1587095;6128590;971
2,02E+11;18;2;12;745;1;2;1;1;2;108;Section Vidon le Robert;A;1590217;6125035;971
2,02E+11;18;4;26;2115;3;1;1;2;7;112;Section Gay;A;1592660;6131411;971
2,02E+11;18;4;29;5;3;1;1;1;6;108;section Robert;A;1590351;6125409;971
2,02E+11;18;5;18;2130;3;1;1;1;5;112;N9 section ballet triano;A;1590523;6128460;971
2,02E+11;18;5;26;1855;3;1;1;1;7;112;morne lolo;A;1590837;6128012;971
2,02E+11;18;6;30;945;1;1;1;1;3;126;section Goverlot;A;1596620;6127561;971
2,02E+11;18;7;29;1630;1;1;1;1;1;112;route de Latreille;A;1589315;6131143;971
2,02E+11;18;9;1;1440;1;1;1;1;7;108;section Vidon;A;1592224;6122959;971
2,02E+11;18;9;7;1830;2;1;1;2;5;112;Route de saint louis - R;A;1590693;6128254;971
2,02E+11;18;9;12;1745;2;1;1;1;6;112;section Clйrange;A;1590713;6126636;971
2,02E+11;18;11;18;1050;1;1;1;1;3;112;section Moringlane;A;1592127;6130383;971
2,02E+11;18;1;14;1030;1;2;1;1;7;110;BEAUSЙJOUR;A;1630324;6107488;971
2,02E+11;18;4;28;1930;5;1;1;1;6;110;Les Galets;A;1629719;6108782;971
2,02E+11;18;9;8;2015;5;1;1;1;6;110;Les Galets;A;1629696;6108904;971
2,02E+11;18;1;9;550;3;1;1;1;1;117;route de la Porte d'enfe;A;1631285;6129854;971
2,02E+11;18;1;19;1015;1;2;1;1;6;117;RN5;A;1632945;6134063;971
2,02E+11;18;1;21;1415;1;2;2;1;3;117;Rue Cheik Anta Diope;A;1632662;6135225;971
2,02E+11;18;1;23;1945;5;2;6;1;6;117;giratoire rue duchassain;A;1632925;6135208;971
2,02E+11;18;2;19;1300;1;1;1;1;1;117;D116;A;1629750;6132282;971
2,02E+11;18;3;2;800;1;1;1;1;2;117;Route de Bel йtang;A;1629809;6135620;971
2,02E+11;18;4;1;1900;5;1;3;1;6;117;rue des sapotilles;A;1633019;6133711;971
2,02E+11;18;4;18;2315;3;1;1;1;5;117;zevallos;A;1630643;6130640;971
2,02E+11;18;4;28;1415;1;1;3;1;1;117;route de nйron;A;1633246;6139576;971
2,02E+11;18;4;26;1230;1;1;1;1;6;117;Route de la plante;A;1634569;6141188;971
2,02E+11;18;5;20;1620;1;1;1;1;1;117;RN 5 duteau;A;1632671;6140273;971
2,02E+11;18;5;22;1315;1;1;1;2;1;117;Route de Sainte Margueri;A;1637623;6141333;971
2,02E+11;18;6;2;1325;1;1;1;1;1;117;DUTEAU;A;1633112;6139248;971
2,02E+11;18;7;13;1119;1;1;1;1;1;117;RD117 - ROUTE DE SAINTE;A;1630156;6133624;971
2,02E+11;18;7;19;1548;1;2;3;1;3;117;intersection route de bo;A;1629289;6134836;971
2,02E+11;18;11;13;1255;1;1;1;1;1;117;RN 5-- portland---;A;1632036;6137126;971
2,02E+11;18;11;13;2046;3;1;1;1;6;117;RN5 zevallos;A;1632036;6137126;971
2,02E+11;18;12;3;1500;1;2;1;1;2;117;95 boulevard rougй;A;1632972;6134408;971
2,02E+11;18;12;13;1205;1;1;1;1;7;117;route de Boisvin - D115;A;1631212;6134573;971
2,02E+11;18;12;18;1400;1;1;1;1;7;117;D123;A;1634096;6138360;971
2,02E+11;18;2;20;730;1;2;2;1;3;119;intersection rue LEGITIM;A;1639065;6145478;971
2,02E+11;18;3;15;1641;1;1;3;1;3;119;boulevard de gaschet;A;1638505;6148291;971
2,02E+11;18;3;26;1240;1;2;1;1;6;122;rue Gambetta;A;1641658;6153127;971
2,02E+11;18;3;14;1850;5;1;1;1;6;102;RD120 ROUTE DE MASSIOUX;A;1644215;6142702;971
2,02E+11;18;4;1;1900;3;1;1;1;6;119;RD120 GROS CAP;A;1639654;6141994;971
2,02E+11;18;4;2;2115;5;1;1;1;1;119;lieu dit Dйmйrй - RN8;A;1638098;6145626;971
2,02E+11;18;4;11;1100;1;1;1;1;1;119;DEVARIEUX;A;1636914;6143483;971
2,02E+11;18;7;8;105;3;1;1;3;7;119;LES MANGLES;A;1638186;6145680;971
2,02E+11;18;7;7;1420;1;1;2;1;3;119;dumaine;A;1637768;6145538;971
2,02E+11;18;7;14;1206;1;1;1;1;3;122;Route de Bellevue;A;1643061;6148322;971
2,02E+11;18;8;13;1800;1;2;2;1;1;119;RN8 Les Mangles;A;1639232;6146104;971
2,02E+11;18;8;27;1247;1;1;1;1;1;119;RN 8 Dйmйrйe;A;1638044;6145563;971
2,02E+11;18;10;8;830;1;2;3;3;1;119;3 chemin de girard D123;A;1636906;6143621;971
2,02E+11;18;10;11;1745;4;1;1;1;7;122;Section Goguette;A;1644798;6151570;971
2,02E+11;18;10;22;1610;1;1;1;1;1;119;ALLЙE DE STE ELISE;A;1638931;6146588;971
2,02E+11;18;11;23;805;1;2;1;1;3;102;rue des raisiniers;A;1646987;6151487;971
2,02E+11;18;1;7;1145;1;2;9;1;3;125;rue de la Rйpublique;A;1625141;6127790;971
2,02E+11;18;1;7;1815;3;1;9;1;5;125;RN 5;A;1629025;6128913;971
2,02E+11;18;3;2;1800;2;1;1;7;6;125;route touristique;A;1624577;6129778;971
2,02E+11;18;4;10;620;2;1;3;1;1;125;Route Nationale RN5;A;1628572;6128766;971
2,02E+11;18;5;12;1830;5;2;1;1;1;125;Rue Lйon Blum;A;1625410;6127754;971
2,02E+11;18;7;14;920;1;1;1;1;5;125;D118 lieu-dit LA COULEE;A;1625773;6127312;971
2,02E+11;18;7;15;815;1;1;1;1;2;125;RD 118;A;1625871;6126315;971
2,02E+11;18;7;28;1145;1;1;2;1;5;125;Carrefour RD 116 et Rd 1;A;1626746;6131975;971
2,02E+11;18;8;5;1640;1;2;1;1;3;125;Avenue Mahatma GhHANDI e;A;1625065;6127994;971
2,02E+11;18;8;16;1645;1;2;6;1;3;125;carrefour av Luther King;A;1625698;6127531;971
2,02E+11;18;11;6;1745;2;2;9;3;6;125;chemin des donneuses d'e;A;1628335;6127909;971
2,02E+11;18;11;15;550;2;1;1;1;6;125;Blonval RN4;A;1625520;6131451;971
2,02E+11;18;11;17;1930;5;1;3;1;6;125;route touristique;A;1624519;6130333;971
2,02E+11;18;11;24;1830;3;1;1;1;6;125;D118;A;1625135;6120920;971
2,02E+11;18;12;2;2200;3;1;1;1;6;125;RN 5;A;1626969;6127899;971
2,02E+11;18;12;6;1815;3;1;1;1;2;125;rn5;A;1626211;6127609;971
2,02E+11;18;1;6;1855;3;2;1;1;1;128;RD114  section Douville;A;1626305;6137457;971
2,02E+11;18;1;27;1030;1;2;1;1;1;128;Douville;A;1626242;6137770;971
2,02E+11;18;3;3;1505;1;1;1;1;5;128;Chateaubrun;A;1625135;6134976;971
2,02E+11;18;3;8;1630;1;2;3;1;3;128;Bd Hиgиsippe IBЙNЙ;A;1622732;6137528;971
2,02E+11;18;4;11;1905;5;1;1;1;6;128;section deshauteurs;A;1625734;6138741;971
2,02E+11;18;7;28;1145;1;2;1;1;3;128;RN4;A;1622434;6139348;971
2,02E+11;18;7;28;1535;1;2;1;1;1;128;section DURIVAGE;A;1622086;6140378;971
2,02E+11;18;8;10;1650;1;1;3;1;3;128;Douville;A;1625505;6137203;971
2,02E+11;18;8;14;1430;1;1;3;1;3;128;Cinq Etangs;A;1627420;6135566;971
2,02E+11;18;8;21;500;5;1;1;1;3;128;Calvaire;A;1626194;6139049;971
2,02E+11;18;9;11;1925;5;1;1;1;6;128;Bel йtang;A;1628696;6136971;971
2,02E+11;18;10;4;2050;3;1;1;1;1;128;LE HELLEUX;A;1625049;6134595;971
2,02E+11;18;11;18;345;4;2;1;1;1;128;Maudette;A;1623239;6142126;971
2,02E+11;18;12;2;1;5;2;1;1;6;128;RD 105;A;1625231;6143411;971
2,02E+11;18;12;18;1730;1;1;1;1;1;128;section Gentilly;A;1625734;6138741;971
2,02E+11;18;12;21;1805;5;2;3;1;3;128;galbas;A;1622397;6139080;971