Num_Acc;an;mois;jour;hrmn;lum;agg;int;atm;col;com;adr;gps;lat;long;dep
2,02E+11;18;11;17;1540;1;1;1;1;3;209;AUTOROUTE (A1);A;1461816;6103749;972
2,02E+11;18;11;23;1900;5;2;1;1;2;209;AUTOROUTE (A1);A;1461463;6104870;972
2,02E+11;18;11;26;955;1;2;1;1;6;209;BALATA (ROUTE DE);A;1460389;6107488;972
2,02E+11;18;11;26;1730;1;1;9;1;4;209;RN9;A;1461641;6104269;972
2,02E+11;18;11;26;1225;1;2;1;1;6;209;LIBERTE (RUE DE LA);A;1460282;6106887;972
2,02E+11;18;11;12;1750;2;1;1;1;2;209;REDOUTE (ROUTE DE LA);A;1462814;6105906;972
2,02E+11;18;11;30;2045;5;2;1;1;1;209;BEL HORIZON (RUE DU);A;1464359;6105507;972
2,02E+11;18;12;2;40;3;2;1;2;7;209;RD 41 (ROCADE);A;1461626;6106067;972
2,02E+11;18;12;2;1550;1;2;1;1;6;209;RD 41 (ROCADE);A;1461684;6106018;972
2,02E+11;18;12;2;1900;5;1;9;1;4;209;RD 41 (ROCADE);A;1460530;6108961;972
2,02E+11;18;12;3;845;1;1;1;1;4;209;AUTOROUTE (A1);A;1461457;6104964;972
2,02E+11;18;12;5;1545;1;2;3;1;6;209;BOUILLE (RUE);A;1460375;6106575;972
2,02E+11;18;12;6;835;1;1;1;2;4;209;BEAUSEJOUR JAMBETTE (ROU;A;1463339;6104089;972
2,02E+11;18;12;9;1100;1;2;9;1;3;209;AUTOROUTE (A1);A;1461451;6104965;972
2,02E+11;18;12;9;1355;1;2;2;1;3;209;JULES MONNEROT (RUE);A;1460894;6106977;972
2,02E+11;18;12;10;1045;1;1;1;8;7;209;RD 41 (ROCADE);A;1461580;6106088;972
2,02E+11;18;12;12;700;1;2;1;7;6;209;GENERAL DE GAULLE (BLD D;A;1460703;6106763;972
2,02E+11;18;12;14;1340;1;2;3;1;6;209;CAPITAINE MANUEL (RUE DU;A;1460759;6106713;972
2,02E+11;18;12;15;1;5;2;6;2;1;209;BEAUSEJOUR JAMBETTE (ROU;A;1462819;6104115;972
2,02E+11;18;12;23;2024;3;2;1;1;6;209;BALATA (ROUTE DE);A;1462091;6106976;972
2,02E+11;18;12;24;2045;5;2;2;1;7;209;REDOUTE (ROUTE DE LA);A;1463039;6105508;972
2,02E+11;18;12;27;920;1;2;3;1;6;209;PERE BAUMON (RUE);A;1462254;6104274;972
2,02E+11;18;12;26;1730;1;2;1;1;1;209;RN9;A;1460357;6104615;972
2,02E+11;18;1;9;815;1;1;1;1;3;213;ROUTE DEPARTEMENTALE 3;A;1464828;6000000;972
2,02E+11;18;1;16;215;5;1;1;1;6;213;AUTOROUTE A1;A;1460869;6100510;972
2,02E+11;18;1;16;2110;3;1;1;1;2;213;ROUTE DEPARTEMENTALE 15;A;1464359;6101038;972
2,02E+11;18;2;7;1035;1;2;6;1;2;213;PLACE D'ARMES;A;1461411;6000000;972
2,02E+11;18;2;15;2;5;1;1;2;7;213;AUTOROUTE  A1;A;1461711;6101690;972
2,02E+11;18;3;23;1640;1;2;1;1;3;213;ROUTE DEPARTEMENTALE 3;A;1462009;6000000;972
2,02E+11;18;3;20;1130;1;1;1;1;3;213;ROUTE NATIONALE 1;A;1464330;6000000;972
2,02E+11;18;3;22;1224;1;2;1;1;3;213;ROUTE DEPARTEMENTALE 15;A;;;972
2,02E+11;18;4;5;1815;2;2;2;1;2;213;VICTOR LAMON;A;1462148;6000000;972
2,02E+11;18;4;17;1700;1;1;1;1;2;213;Z I LA LEZARDE;A;1460913;6100555;972
2,02E+11;18;4;6;440;5;2;1;1;1;213;ROUTE NATIONALE 1;A;1462003;6000000;972
2,02E+11;18;4;11;1730;1;1;1;1;3;213;PELLETIER (ROUTE DE);A;1465678;6000000;972
2,02E+11;18;4;28;520;2;1;1;1;6;213;AUTOROUTE A1;A;1461093;6100693;972
2,02E+11;18;5;10;445;2;1;1;1;2;213;AUTOROUTE A1;A;;;972
2,02E+11;18;12;31;740;1;1;1;2;3;213;AUTOROUTE A1;A;1461542;6101370;972
2,02E+11;18;5;22;410;3;1;1;2;6;213;ROUTE NATIONALE 1;A;1464249;6000000;972
2,02E+11;18;6;14;1500;1;1;1;1;6;213;ROUTE DEPARTEMENTALE 3;A;1460034;6000000;972
2,02E+11;18;6;29;918;1;2;2;1;3;213;FERNAND GUILLON (BOULEVA;A;1461691;6000000;972
2,02E+11;18;6;26;2115;5;1;1;1;2;213;AUTOROUTE A1;A;;;972
2,02E+11;18;7;11;1500;1;2;1;1;6;213;Z I LA JAMBETTE;A;1461652;6103719;972
2,02E+11;18;7;20;350;5;1;1;1;6;213;ROUTE NATIONALE 1;A;1462547;6000000;972
2,02E+11;18;7;24;1240;1;1;1;1;2;213;ROUTE NATIONALE 5;A;1459603;6000000;972
2,02E+11;18;7;19;2035;5;2;6;1;7;213;D 15;A;1462910;6100827;972
2,02E+11;18;7;25;1640;1;2;4;1;3;213;ROUTE DEPARTEMENTALE 15;A;1464342;6101044;972
2,02E+11;18;7;30;2015;3;1;1;2;2;213;AUTOROUTE A1;A;1461806;6103068;972
2,02E+11;18;7;31;1320;1;2;1;1;1;213;ROUTE DEPARTEMENTALE 14;A;1462735;6101798;972
2,02E+11;18;7;31;1130;1;1;3;1;3;213;ROUTE DEPARTEMENTALE 3;A;;;972
2,02E+11;18;8;21;1300;1;1;1;1;4;213;ROUTE NATIONALE 5;A;;;972
2,02E+11;18;9;4;1547;1;1;3;1;3;213;MORNE PITAULT (ROUTE DE);A;1463240;6000000;972
2,02E+11;18;9;11;707;1;2;1;1;3;213;Z I LA JAMBETTE;A;;;972
2,02E+11;18;9;11;1330;1;1;1;1;5;213;ROUTE DEPARTEMENTALE 15;A;1462735;6100838;972
2,02E+11;18;9;26;1755;1;1;1;1;1;213;ROUTE NATIONALE 1;A;;;972
2,02E+11;18;10;16;1812;3;1;1;1;1;213;MORNE PITAULT (ROUTE DE);A;;;972
2,02E+11;18;10;21;710;1;1;1;3;3;213;ROUTE NATIONALE 1;A;1462566;6000000;972
2,02E+11;18;11;2;625;2;1;1;2;3;213;ROUTE NATIONALE 1;A;;;972
2,02E+11;18;11;29;730;1;2;2;7;6;213;FRANTZ FANON (AVENUE);A;1461686;6000000;972
2,02E+11;18;11;30;805;1;1;1;1;3;213;ROUTE DEPARTEMENTALE 3;A;1463422;6000000;972
2,02E+11;18;12;9;1146;1;1;1;1;4;213;ROUTE DEPARTEMENTALE 15;A;1463100;6100820;972
2,02E+11;18;12;10;1055;1;1;1;1;5;213;AUTOROUTE A1;A;1461828;6103645;972
2,02E+11;18;12;17;1125;1;1;9;1;6;213;FERME PERRINE (CHEMIN DE;A;1458857;6000000;972
2,02E+11;18;12;19;1215;1;1;1;1;2;213;ROUTE DEPARTEMENTALE 15;A;1464641;6101020;972
2,02E+11;18;12;28;2314;5;2;3;1;3;213;ROUTE DEPARTEMENTALE 15;A;1461044;6100369;972
2,02E+11;18;12;30;1200;1;2;1;3;4;213;VIEUX PONT (CHEMIN DU;A;;;972
2,02E+11;18;1;5;1605;1;2;3;1;3;302;D2/Avenue negres marrons;G;491996;5231952;973
2,02E+11;18;12;31;1216;1;1;1;1;3;302;MADELEINE (ROUTE DE LA);G;492183;5232265;973
2,02E+11;18;12;29;2030;2;2;1;1;2;302;CATAYEE (JUSTIN);G;491810;5232140;973
2,02E+11;18;1;8;1740;1;2;1;1;6;302;ZEPHIR (ROCADE);G;493651;5230740;973
2,02E+11;18;1;9;600;4;2;1;8;3;302;2068 MADELEINE (ROUTE DE;G;491520;5232097;973
2,02E+11;18;1;10;1615;1;2;1;1;4;302;1496  BADUEL (ROUTE DE);G;493136;5230645;973
2,02E+11;18;1;10;1910;5;2;1;1;3;302;2059  MADELEINE (ROUTE D;G;491235;5232111;973
2,02E+11;18;1;11;1340;1;2;1;1;2;302;MANGO (ROUTE);G;493126;5231678;973
2,02E+11;18;1;10;1745;1;2;1;1;3;302;28  VOLTAIRE(AVENUE);G;494219;5232394;973
2,02E+11;18;1;11;750;1;2;2;1;3;302;MANGO (ROUTE);G;492957;5231507;973
2,02E+11;18;1;12;1125;1;2;1;1;6;302;ROUTE NATIONALE 1;G;492175;5232973;973
2,02E+11;18;1;15;1920;4;2;1;2;2;302;GIRATOIRE MARINGOUINS;G;490784;5232257;973
2,02E+11;18;1;17;1445;1;2;6;1;3;302;N1/Rue de la dйtente;G;489660;5232847;973
2,02E+11;18;1;17;1605;1;2;1;1;6;302;1867  MADELEINE (ROUTE D;G;491722;5232138;973
2,02E+11;18;1;18;1548;1;2;1;1;6;302;19  FELIX EBOUE (Rue);G;494023;5232866;973
2,02E+11;18;1;19;625;3;2;1;1;3;302;ROUTE NATIONALE 1;G;490752;5232227;973
2,02E+11;18;1;20;900;1;2;3;1;3;302;Rue Arago/rue payйe;G;494071;5233219;973
2,02E+11;18;1;20;1330;1;1;1;1;2;302;EBOUE (ROCADE FELIX);G;492727;5231953;973
2,02E+11;18;1;24;825;1;2;1;1;2;302;ROUTE NATIONALE 1;G;492461;5232887;973
2,02E+11;18;1;25;805;1;2;1;1;6;302;1605  CATAYEE (JUSTIN);G;493968;5233065;973
2,02E+11;18;1;25;1300;1;2;1;1;3;302;MADELEINE (ROUTE DE LA);G;491176;5232140;973
2,02E+11;18;1;24;2000;5;2;1;1;6;302;BADUEL (ROUTE DE);G;493642;5231425;973
2,02E+11;18;1;26;1858;5;2;1;1;2;302;Av Jean GALMOT;G;493148;5232983;973
2,02E+11;18;1;27;1100;1;2;1;1;3;302;SOURCE DE BADUEL (CHEMIN;G;492533;5230846;973
2,02E+11;18;1;27;1615;1;2;1;1;7;302;MONT LUCAS 1 (CITE);G;492526;5230012;973
2,02E+11;18;1;29;840;1;2;1;1;3;302;1  SOURCE DE BADUEL (CHE;G;493244;5230933;973
2,02E+11;18;1;29;1645;1;2;3;1;3;302;EBOUE (ROCADE FELIX);G;492729;5231966;973
2,02E+11;18;6;3;530;2;2;1;1;2;302;ESTREES (AVENUE D');G;494071;5232410;973
2,02E+11;18;1;31;1045;1;2;1;1;6;302;BADUEL (ROUTE DE);G;493530;5231250;973
2,02E+11;18;2;1;2000;5;2;1;1;3;302;UNIVERSITE CHICAGO (RUE;G;493646;5230725;973
2,02E+11;18;2;2;2020;5;2;2;1;3;302;MONTABO (ROUTE DE) 1;G;494430;5230980;973
2,02E+11;18;1;27;1620;1;2;1;1;7;302;MONT LUCAS 1 (CITE);G;492678;5229906;973
2,02E+11;18;2;7;1400;1;2;2;1;2;302;GIRATOIRE MARINGOUINS;G;490776;5232250;973
2,02E+11;18;2;10;1420;1;2;1;1;3;302;559  MADELEINE (ROUTE DE;G;492721;5232467;973
2,02E+11;18;2;19;1945;5;2;2;1;3;302;ZEPHIR (ROCADE);G;494431;5230985;973
2,02E+11;18;2;20;1225;1;2;1;8;6;302;ROUTE NATIONALE 1;G;492817;5232894;973
2,02E+11;18;2;21;1105;1;2;9;2;6;302;12  JADFARD (RENE);G;493411;5233260;973
2,02E+11;18;2;28;900;1;2;6;1;2;302;MARINGOUINS (ROND-POINT);G;490770;5232210;973
2,02E+11;18;2;27;2100;5;2;1;1;3;302;ZEPHIR (ROCADE);G;493651;5230726;973
2,02E+11;18;3;2;1444;1;1;3;1;3;302;258  CATAYEE (JUSTIN);G;492981;5232581;973
2,02E+11;18;3;2;2011;1;1;3;1;3;302;MADELEINE (ROUTE DE LA);G;492569;5232426;973
2,02E+11;18;3;3;1020;1;2;1;1;6;302;645  CATAYEE (JUSTIN);G;492740;5232510;973
2,02E+11;18;3;3;1950;5;2;1;2;6;302;461  CATAYEE (JUSTIN);G;492818;5232520;973
2,02E+11;18;3;7;934;1;2;1;1;2;302;MADELEINE (ROUTE DE LA);G;492210;5232280;973
2,02E+11;18;3;8;1250;1;2;1;1;2;302;MADELEINE (ROUTE DE LA);G;491500;5232080;973
2,02E+11;18;3;9;1517;1;2;1;1;3;302;BADUEL (ROUTE DE);G;492280;5228229;973
2,02E+11;18;3;8;1215;1;2;1;1;6;302;33  ROUGET DE L ' ISLE;G;494004;5232730;973
2,02E+11;18;3;11;720;1;2;2;1;3;302;16  HENRI QUINTRIE(RUE);G;493289;5233329;973
2,02E+11;18;3;10;2012;5;2;2;1;1;302;EUGENE GOBERT(RUE);G;493164;5233251;973
2,02E+11;18;3;13;1115;1;2;1;1;3;302;BADUEL (ROUTE DE);G;493237;5230816;973
2,02E+11;18;3;12;1330;1;1;1;1;3;302;2304  BADUEL (ROUTE DE);G;492874;5230040;973
2,02E+11;18;3;15;1105;1;2;1;1;6;302;859  ZEPHIR (ROCADE);G;493475;5230855;973
2,02E+11;18;3;13;1225;1;2;1;1;3;302;MADELEINE (ROUTE DE LA);G;492405;5232407;973
2,02E+11;18;3;14;1244;1;2;1;1;3;302;CABASSOU (ROUTE DE);G;491990;5231960;973
2,02E+11;18;3;14;630;1;2;1;1;6;302;6  DE GAULLE (AVENUE);G;493850;5233270;973
2,02E+11;18;3;15;1800;1;2;1;1;3;302;Monjoly (ROUTE DE);G;490828;5226858;973
2,02E+11;18;3;18;1825;2;2;2;8;3;302;13  DAMAS (LEON GONTRAN);G;493964;5233327;973
2,02E+11;18;3;19;1310;1;2;2;1;3;302;ESTREES (AVENUE D');G;494000;5232660;973
2,02E+11;18;3;22;720;1;2;1;1;1;302;10  ORCHIDEES (LOTISSEME;G;491293;5232305;973
2,02E+11;18;3;22;1240;1;2;1;1;3;302;CATAYEE (JUSTIN);G;494037;5233083;973
2,02E+11;18;3;21;925;1;2;3;1;3;302;21  HENRI ( Docteur );G;493386;5233355;973
2,02E+11;18;3;24;1820;1;2;1;1;2;302;TARZAN (PISTE);G;492929;5230760;973
2,02E+11;18;3;26;630;2;2;1;1;6;302;ZEPHIR (ROCADE);G;493470;5230850;973
2,02E+11;18;3;20;1157;1;2;1;1;6;302;BASSIERE (LEON) CITE THE;G;493360;5232040;973
2,02E+11;18;3;26;1920;3;2;1;1;3;302;216  MONTABO (ROUTE DE);G;494454;5231707;973
2,02E+11;18;3;27;1150;1;2;1;1;6;302;rue du 14 et 22 juin;G;493429;5232721;973
2,02E+11;18;3;26;1200;1;2;9;1;1;302;BADUEL (ROUTE DE);G;493339;5230988;973
2,02E+11;18;3;27;1820;2;2;1;1;3;302;1  REPUBLIQUE (BD DE LA);G;493758;5232437;973
2,02E+11;18;3;27;1330;1;2;1;1;6;302;21  PASCALINE (CITE);G;462420;5231820;973
2,02E+11;18;3;28;1150;1;2;1;1;6;302;rue paul ophion;G;493410;5231707;973
2,02E+11;18;3;28;1800;2;2;6;1;7;302;BADUEL (ROUTE DE);G;493310;5230930;973
2,02E+11;18;3;29;1825;2;2;1;1;3;302;MONTABO (ROUTE DE) 1;G;493617;5229617;973
2,02E+11;18;3;29;1950;3;2;1;1;2;302;BADUEL (ROUTE DE);G;492931;5230274;973
2,02E+11;18;3;31;1410;1;2;1;1;3;302;12  MALOUET;G;493682;5233375;973
2,02E+11;18;4;4;2025;5;2;1;1;3;302;EBOUE (ROCADE FELIX);G;493215;5231141;973
2,02E+11;18;4;5;755;1;2;1;1;6;302;DE GAULLE (AVENUE);G;493909;5233010;973
2,02E+11;18;4;5;1845;5;2;6;1;2;302;CATAYEE (JUSTIN);G;492449;5232427;973
2,02E+11;18;4;7;1;5;2;1;3;3;302;BADUEL (ROUTE DE);G;493565;5231313;973
2,02E+11;18;4;7;1605;1;2;1;1;3;302;VOLTAIRE(AVENUE);G;494250;5232204;973
2,02E+11;18;4;6;2330;5;2;6;2;2;302;GALMOT (ROND-POINT);G;493156;5232999;973
2,02E+11;18;4;7;2055;5;2;4;1;5;302;MONTABO (ROUTE DE) 1;G;494396;5230843;973
2,02E+11;18;4;3;1712;1;2;6;1;2;302;14 ET 22 JUIN 1962;G;493260;5232670;973
2,02E+11;18;4;9;1232;1;2;1;1;3;302;BADUEL (ROUTE DE);G;493484;5231190;973
2,02E+11;18;4;9;1550;1;1;1;1;7;302;COLLERY (ZONE INDUSTRIEL;G;490369;5231667;973
2,02E+11;18;4;6;900;1;2;1;1;6;302;HEDER (place);G;494090;5233380;973
2,02E+11;18;4;9;1615;1;2;1;1;3;302;MADELEINE (ROUTE DE LA);G;492160;5232248;973
2,02E+11;18;4;10;1325;1;2;1;1;6;302;CABASSOU (CITE);G;491900;5231707;973
2,02E+11;18;4;11;1420;1;2;3;1;3;302;MONTABO (ROUTE DE) 1;G;493549;5229510;973
2,02E+11;18;4;12;1730;1;1;1;1;5;302;MADELEINE (ROUTE DE LA);G;491438;5232090;973
2,02E+11;18;4;15;1940;5;2;9;1;6;302;GALMOT (AVENUE);G;493209;5232740;973
2,02E+11;18;4;16;1610;2;2;3;1;3;302;MADELEINE (ROUTE DE LA);G;491776;5232145;973
2,02E+11;18;4;16;1315;1;2;1;1;1;302;MADELEINE (ROUTE DE LA);G;491000;5232148;973
2,02E+11;18;4;17;1255;1;2;1;1;4;302;MONTABO (ROUTE DE) 2;G;494243;5230540;973
2,02E+11;18;4;17;1805;2;2;1;1;2;302;MANDELA  (BOULEVARD);G;493694;5232599;973
2,02E+11;18;4;18;1010;1;2;1;1;3;302;GALMOT (AVENUE);G;493166;5232930;973
2,02E+11;18;4;18;1615;1;2;1;1;3;302;MONTABO (ROUTE DE) 1;G;494461;5231470;973
2,02E+11;18;4;20;725;1;2;1;5;2;302;HAMEAU DES ENCENS (RUE D;G;492012;5230295;973
2,02E+11;18;4;21;855;1;2;1;3;2;302;Avenue de la libertй;G;493729;5232576;973
2,02E+11;18;4;20;1518;1;2;9;1;6;302;GIRATOIRE MARINGOUINS;G;490772;5232252;973
2,02E+11;18;4;23;926;1;1;9;1;3;302;MADELEINE (ROUTE DE LA);G;491900;5232169;973
2,02E+11;18;4;24;1500;1;2;3;1;1;302;RABAN (ROUTE DE);G;492805;5231385;973
2,02E+11;18;4;25;2200;4;2;2;1;3;302;CESAIRE (CITE);G;493048;5232229;973
2,02E+11;18;4;25;1015;1;2;1;1;7;302;BADUEL (ROND POINT DE);G;493320;5230980;973
2,02E+11;18;4;25;1205;1;2;1;1;1;302;SOURCE DE BADUEL (CHEMIN;G;492566;5230867;973
2,02E+11;18;4;26;1800;1;2;1;1;2;302;MADELEINE (ROUTE DE LA);G;489121;5232731;973
2,02E+11;18;4;29;1355;1;2;2;2;3;302;MANDELA  (BOULEVARD);G;493997;5232663;973
2,02E+11;18;4;30;2250;5;2;1;1;3;302;ROUTE NATIONALE 3;G;490298;5231483;973
2,02E+11;18;4;30;1552;1;2;1;1;2;302;MANDELA  (BOULEVARD);G;494025;5232690;973
2,02E+11;18;4;30;1700;1;2;1;2;6;302;LAFAURIE (CITE);G;493465;5232360;973
2,02E+11;18;5;1;2215;5;2;1;2;6;302;TIGRE (ROUTE DU);G;491310;5230819;973
2,02E+11;18;4;30;1200;2;2;1;1;6;302;BARTHELEMY (RENE);G;493550;5233090;973
2,02E+11;18;4;30;730;1;2;1;1;6;302;MONTABO (ROUTE DE) 1;G;493620;5229610;973
2,02E+11;18;4;30;1905;5;2;1;1;3;302;MADELEINE (ROUTE DE LA);G;491900;5232169;973
2,02E+11;18;5;3;1335;1;2;1;1;3;302;MADELEINE (ROUTE DE LA);G;491520;5232099;973
2,02E+11;18;5;4;1715;1;2;3;1;3;302;NEGRES MARONS (RUE DES);G;492147;5231940;973
2,02E+11;18;5;5;1230;1;2;1;1;6;302;BADUEL (ROUTE DE);G;493424;5231102;973
2,02E+11;18;5;7;1905;5;1;3;1;3;302;RABAN (ROUTE DE);G;492874;5231334;973
2,02E+11;18;5;8;1552;1;2;9;1;2;302;BONHOMME (CITE);G;492056;5231857;973
2,02E+11;18;5;7;1158;1;2;1;1;3;302;GALMOT (AVENUE);G;493166;5232930;973
2,02E+11;18;5;9;1745;1;2;1;1;5;302;MADELEINE (ROUTE DE LA);G;491093;5232150;973
2,02E+11;18;5;13;1410;1;2;9;2;6;302;COULEE D'OR (CITE);G;494143;5230694;973
2,02E+11;18;5;12;1130;1;2;1;2;4;302;ROUTE NATIONALE 1;G;490570;5232307;973
2,02E+11;18;5;14;1330;1;2;1;1;6;302;BADUEL (ROUTE DE);G;493032;5230468;973
2,02E+11;18;5;15;1000;1;2;1;1;6;302;BADUEL (ROUTE DE);G;493817;5231677;973
2,02E+11;18;5;15;1159;1;2;1;1;3;302;CATAYEE (JUSTIN);G;492840;5232520;973
2,02E+11;18;5;14;1620;1;2;1;1;1;302;BADUEL (ROUTE DE);G;493180;5230710;973
2,02E+11;18;5;15;1612;1;2;1;1;6;302;JADFARD (RENE);G;493442;5233043;973
2,02E+11;18;5;15;1944;5;2;1;2;6;302;MONTABO (ROUTE DE) 2;G;493506;5229325;973
2,02E+11;18;5;17;725;1;2;9;2;6;302;MONTABO (ROUTE DE) 1;G;494268;5230599;973
2,02E+11;18;5;17;820;1;2;1;1;2;302;BADUEL (ROUTE DE);G;493255;5230853;973
2,02E+11;18;5;17;1110;1;2;1;3;2;302;BADUEL (ROUTE DE);G;493030;5230476;973
2,02E+11;18;5;17;1555;1;2;1;1;3;302;RABAN (ROUTE DE);G;491986;5231268;973
2,02E+11;18;5;18;655;1;1;1;1;2;302;MARINGOUINS (ROND-POINT);G;490779;5232251;973
2,02E+11;18;5;18;1500;1;2;1;1;3;302;BADUEL (ROUTE DE);G;493026;5230467;973
2,02E+11;18;5;19;1140;1;2;1;8;2;302;DE GAULLE (AVENUE);G;493970;5232780;973
2,02E+11;18;5;19;1330;1;2;1;3;6;302;rue dodominsinga;G;492310;5231250;973
2,02E+11;18;4;26;1800;2;2;1;1;3;302;EAU-LISETTE (CITE);G;492891;5232005;973
2,02E+11;18;5;23;1050;1;2;1;8;6;302;MANDELA  (BOULEVARD);G;494034;5232670;973
2,02E+11;18;5;24;744;1;2;9;1;5;302;MIRZA (CITE);G;493388;5232474;973
2,02E+11;18;5;24;1330;1;2;1;1;4;302;AMUSANT (PAUL);G;493358;5233180;973
2,02E+11;18;5;24;2240;5;2;1;2;7;302;CATAYEE (JUSTIN);G;492934;5232561;973
2,02E+11;18;5;21;1752;2;2;1;1;6;302;BADUEL (ROUTE DE);G;492810;5229270;973
2,02E+11;18;5;24;1015;1;2;1;1;6;302;14 ET 22 JUIN 1962;G;493419;5232720;973
2,02E+11;18;5;25;1025;1;2;2;2;3;302;JADFARD (RENE);G;493498;5232953;973
2,02E+11;18;5;25;1830;2;2;3;1;6;302;Route du tigre;G;491746;5231286;973
2,02E+11;18;5;25;2033;5;2;1;1;3;302;BADUEL (ROUTE DE);G;493023;5230461;973
2,02E+11;18;5;26;1835;2;2;2;2;3;302;MANDELA  (BOULEVARD);G;494129;5232690;973
2,02E+11;18;5;27;2026;5;2;1;1;3;302;MANGO (ROUTE);G;492821;5231410;973
2,02E+11;18;5;27;2041;5;2;1;1;6;302;CABASSOU (ROUTE DE);G;492011;5231930;973
2,02E+11;18;5;30;1710;1;2;1;1;3;302;BADUEL (ROUTE DE);G;493850;5231740;973
2,02E+11;18;5;30;1835;5;2;1;1;6;302;BADUEL (ROUTE DE);G;493083;5230489;973
2,02E+11;18;6;1;945;1;2;1;1;3;302;MANGO (ROUTE);G;493000;5231576;973
2,02E+11;18;6;2;1520;1;2;1;1;3;302;BADUEL (ROUTE DE);G;493083;5230489;973
2,02E+11;18;6;5;1433;1;1;1;1;6;302;MADELEINE (ROUTE DE LA);G;492206;5232288;973
2,02E+11;18;6;5;1741;1;1;1;1;3;302;MONTABO (ROUTE DE) 1;G;493689;5229733;973
2,02E+11;18;6;8;1235;1;2;1;1;3;302;MADELEINE (ROUTE DE LA);G;492880;5232534;973
2,02E+11;18;6;8;1820;1;2;1;1;3;302;BADUEL (ROND POINT DE);G;492718;5228998;973
2,02E+11;18;6;8;2114;5;2;1;1;3;302;RABAN (ROUTE DE);G;492429;5231253;973
2,02E+11;18;6;8;1330;1;2;1;1;1;302;MADELEINE (ROUTE DE LA);G;491264;5232109;973
2,02E+11;18;6;11;1926;5;2;1;2;6;302;MANGO (ROUTE);G;493145;5231710;973
2,02E+11;18;6;12;840;1;2;9;1;2;302;BADUEL (ROUTE DE);G;493083;5230489;973
2,02E+11;18;6;13;955;1;2;1;2;3;302;CATAYEE (JUSTIN);G;492998;5232590;973
2,02E+11;18;6;14;1520;1;2;3;1;6;302;MANDELA  (BOULEVARD);G;493968;5232778;973
2,02E+11;18;6;18;1005;1;2;1;1;3;302;MADELEINE (ROUTE DE LA);G;492186;5232272;973
2,02E+11;18;6;19;710;1;2;2;1;3;302;MEDAN (cit‚);G;493580;5232470;973
2,02E+11;18;6;23;5;5;2;1;1;7;302;REPUBLIQUE (BD DE LA);G;493829;5232203;973
2,02E+11;18;6;23;1350;1;1;1;1;2;302;MONTABO (ROUTE DE) 2;G;494243;5230540;973
2,02E+11;18;6;25;1615;1;2;1;1;3;302;CABASSOU (ROUTE DE);G;491776;5231415;973
2,02E+11;18;6;25;2130;5;2;1;2;1;302;ZEPHIR (ROCADE);G;493711;5230699;973
2,02E+11;18;6;27;906;1;2;9;1;3;302;FELIX EBOUE (Rue);G;493929;5232840;973
2,02E+11;18;6;27;1550;1;2;1;1;3;302;BADUEL (ROUTE DE);G;492899;5230063;973
2,02E+11;18;6;28;2200;5;2;2;1;2;302;MANDELA  (BOULEVARD);G;494001;5232659;973
2,02E+11;18;6;30;1543;1;2;1;1;5;302;DIGUE RONJON;G;493392;5232940;973
2,02E+11;18;7;2;1005;1;2;2;1;3;302;LALLOUETTE(RUE);G;494080;5232870;973
2,02E+11;18;7;3;1955;3;2;1;1;2;302;RABAN (ROUTE DE);G;491891;5231270;973
2,02E+11;18;7;4;1630;1;2;2;1;4;302;CABASSOU (ROUTE DE);G;491924;5231758;973
2,02E+11;18;7;5;2205;5;2;1;1;1;302;MADELEINE (ROUTE DE LA);G;493110;5232632;973
2,02E+11;18;7;6;1438;1;1;1;1;2;302;MONTABO (ROUTE DE) 1;G;494222;5230492;973
2,02E+11;18;7;10;1600;1;2;1;1;4;302;FELIX EBOUE(ROCADE);G;493103;5231327;973
2,02E+11;18;7;11;1850;1;1;1;1;3;302;MANDELA  (BOULEVARD);G;494025;5232690;973
2,02E+11;18;7;12;737;1;2;1;1;2;302;ROUTE NATIONALE 1;G;492697;5232895;973
2,02E+11;18;7;13;840;1;2;1;1;2;302;RABAN (ROUTE DE);G;492801;5231388;973
2,02E+11;18;7;20;2350;4;2;1;1;2;302;KATOURY (LOTISSEMENT);G;494433;5230409;973
2,02E+11;18;7;21;720;1;2;2;1;3;302;DIGUE RONJON;G;493337;5233171;973
2,02E+11;18;7;22;100;5;2;1;1;6;302;BADUEL (ROUTE DE);G;493162;5230736;973
2,02E+11;18;7;24;1405;1;1;6;1;3;302;BADUEL (ROUTE DE);G;493259;5230905;973
2,02E+11;18;7;24;1310;1;1;1;2;4;302;MARINGOUINS (ROND-POINT);G;490773;5232250;973
2,02E+11;18;7;28;910;1;2;1;1;2;302;PASTEUR (AVENUE LOUIS);G;494408;5232098;973
2,02E+11;18;7;30;2335;5;2;3;1;3;302;GALMOT (AVENUE);G;493217;5232746;973
2,02E+11;18;7;26;1546;1;2;1;1;6;302;BOULEVARD DES CITES;G;492150;5231690;973
2,02E+11;18;8;1;1005;1;2;1;1;4;302;ROUTE NATIONALE 1;G;490490;5232343;973
2,02E+11;18;7;31;1420;1;1;1;1;2;302;ZONE COLLERY I OU II;G;490138;5232507;973
2,02E+11;18;8;2;1350;1;2;2;1;3;302;MANDELA  (BOULEVARD);G;493821;5232625;973
2,02E+11;18;8;5;830;1;2;1;1;2;302;MADELEINE (ROUTE DE LA);G;491441;5232087;973
2,02E+11;18;8;8;1100;1;1;1;1;3;302;FELIX EBOUE(ROCADE);G;491775;5231362;973
2,02E+11;18;8;8;1147;1;1;1;1;5;302;TROUBIRAN (CHEMIN DE);G;492120;5230407;973
2,02E+11;18;8;9;1125;1;1;1;1;4;302;MADELEINE (ROUTE DE LA);G;492215;5232294;973
2,02E+11;18;8;11;1020;1;2;1;1;2;302;BLANC (LOUIS);G;493719;5233530;973