Num_Acc;an;mois;jour;hrmn;lum;agg;int;atm;col;com;adr;gps;lat;long;dep
2,02E+11;18;8;11;2337;5;2;1;1;5;302;Bd Mandela;G;493370;5232634;973
2,02E+11;18;8;12;2230;5;2;1;1;1;302;RABAN (ROUTE DE);G;493315;5231304;973
2,02E+11;18;8;15;1420;1;2;1;1;1;302;BRUTUS (CITE);G;493545;5231927;973
2,02E+11;18;8;17;1552;1;2;2;1;3;302;THIES(AVENUE);G;493950;5233439;973
2,02E+11;18;8;17;2030;4;2;1;1;6;302;BARTHELEMY (RENE);G;493390;5233060;973
2,02E+11;18;8;20;1;5;1;6;1;7;302;LEBLOND (ROND POINT);G;492160;5232978;973
2,02E+11;18;8;20;1200;1;2;3;1;3;302;14 ET 22 JUIN 1962;G;493459;5232728;973
2,02E+11;18;8;21;1315;1;2;1;1;6;302;VOLTAIRE(AVENUE);G;494182;5232439;973
2,02E+11;18;8;22;1645;1;2;2;1;3;302;TROUBIRAN (CHEMIN DE);G;492121;5230400;973
2,02E+11;18;8;22;2220;5;2;1;1;3;302;BADUEL (ROUTE DE);G;492881;5229928;973
2,02E+11;18;8;22;1900;5;2;1;1;3;302;UNIVERSITE CHICAGO (RUE;G;493345;5229988;973
2,02E+11;18;8;22;1935;3;2;1;1;3;302;FELIX EBOUE(ROCADE);G;493018;5231432;973
2,02E+11;18;8;21;1755;1;2;9;1;3;302;MADELEINE (ROUTE DE LA);G;491099;5232143;973
2,02E+11;18;8;25;1255;1;2;1;1;3;302;RABAN (ROUTE DE);G;493384;5231345;973
2,02E+11;18;8;25;1200;1;2;3;1;3;302;MADELEINE (ROUTE DE LA);G;491366;5232080;973
2,02E+11;18;8;26;1815;1;2;1;1;2;302;PREVOT (ERNEST);G;493147;5233244;973
2,02E+11;18;8;27;155;5;2;1;1;2;302;MADELEINE (ROUTE DE LA);G;491266;5232098;973
2,02E+11;18;8;27;2030;5;2;2;1;1;302;FELIX EBOUE(ROCADE);G;492955;5231512;973
2,02E+11;18;8;29;2015;5;2;9;1;3;302;CATAYEE (JUSTIN);G;493170;5232652;973
2,02E+11;18;8;30;1545;1;2;2;1;6;302;EBOUE (ROCADE FELIX);G;493100;5231310;973
2,02E+11;18;9;1;730;1;2;1;1;1;302;RABAN (ROUTE DE);G;492985;5231340;973
2,02E+11;18;9;3;751;1;2;1;1;1;302;FELIX EBOUE(ROCADE);G;492608;5232144;973
2,02E+11;18;9;6;824;1;2;1;1;3;302;MERE THERESA (rue);G;491920;5231260;973
2,02E+11;18;9;6;2020;5;2;9;1;3;302;MANDELA  (BOULEVARD);G;493475;5232622;973
2,02E+11;18;9;7;1425;1;2;1;1;3;302;MADELEINE (ROUTE DE LA);G;491951;5232177;973
2,02E+11;18;9;7;1321;1;1;1;1;6;302;BADUEL (ROUTE DE);G;492918;5229588;973
2,02E+11;18;9;10;1720;1;1;9;1;3;302;ROUTE NATIONALE 1;G;492686;5232888;973
2,02E+11;18;9;11;1147;1;2;2;1;3;302;BLANC (LOUIS);G;493860;5233570;973
2,02E+11;18;9;12;725;1;2;1;1;3;302;BADUEL (ROUTE DE);G;493197;5230768;973
2,02E+11;18;9;19;730;1;1;1;1;3;302;D24 (ex rn3);G;490200;5229707;973
2,02E+11;18;9;19;1505;1;2;1;1;6;302;RABAN (ROUTE DE);G;492857;5231357;973
2,02E+11;18;9;19;2030;5;2;6;1;6;302;PETIT MONACO (ROND-POINT;G;494129;5232137;973
2,02E+11;18;9;21;931;1;2;6;1;6;302;BADUEL (ROUTE DE);G;493816;5231207;973
2,02E+11;18;9;22;2009;5;1;1;1;3;302;ROUTE NATIONALE 1;G;491339;5232850;973
2,02E+11;18;9;25;1220;1;2;1;1;6;302;BADUEL (ROUTE DE);G;493137;5230650;973
2,02E+11;18;9;27;814;1;2;1;1;3;302;MONTABO (ROUTE DE) 2;G;493477;5229282;973
2,02E+11;18;9;24;1700;1;2;1;1;2;302;MANDELA  (BOULEVARD);G;493909;5232630;973
2,02E+11;18;9;26;730;1;2;1;1;6;302;VOLTAIRE(AVENUE);G;494248;5232212;973
2,02E+11;18;9;28;1700;1;1;1;1;3;302;BADUEL (ROUTE DE);G;493354;5231003;973
2,02E+11;18;9;28;1815;2;2;1;1;6;302;AMUSANT (PAUL);G;493379;5233181;973
2,02E+11;18;9;30;920;1;2;9;1;3;302;MANDELA  (BOULEVARD);G;493997;5232666;973
2,02E+11;18;10;3;700;1;2;9;1;3;302;MONTABO (ROUTE DE) 2;G;494210;5230462;973
2,02E+11;18;10;4;1555;1;1;9;1;6;302;MADELEINE (ROUTE DE LA);G;490915;5232166;973
2,02E+11;18;10;4;1850;2;1;3;1;6;302;MADELEINE (ROUTE DE LA);G;491438;5232084;973
2,02E+11;18;10;5;230;5;2;1;1;5;302;EUGENE GOBERT(RUE);G;493222;5233009;973
2,02E+11;18;10;5;1225;1;2;1;1;3;302;TECLE (EUGENE) CITE THEM;G;493370;5232550;973
2,02E+11;18;10;6;1205;1;2;9;1;3;302;CATAYEE (JUSTIN);G;492680;5232460;973
2,02E+11;18;10;6;2025;5;2;9;1;3;302;BADUEL (ROUTE DE);G;492920;5229589;973
2,02E+11;18;9;30;1700;1;2;1;1;3;302;MONTABO (ROUTE DE) 1;G;493570;5229530;973
2,02E+11;18;9;28;1310;1;2;1;1;3;302;MADELEINE (ROUTE DE LA);G;491710;5232130;973
2,02E+11;18;10;9;1400;1;2;1;1;3;302;UNIVERSITE CHICAGO (RUE;G;493718;5230260;973
2,02E+11;18;10;8;1255;1;1;1;1;4;302;FELIX EBOUE(ROCADE);G;493731;5230688;973
2,02E+11;18;10;9;1530;1;2;2;1;6;302;BADUEL (ROUTE DE);G;493915;5231836;973
2,02E+11;18;10;10;1015;1;2;9;1;3;302;BADUEL (ROUTE DE);G;493049;5230508;973
2,02E+11;18;10;11;2050;5;2;1;1;6;302;GALMOT (AVENUE);G;493058;5233197;973
2,02E+11;18;10;10;740;1;2;1;1;6;302;MONTABO (ROUTE DE) 1;G;494210;5230507;973
2,02E+11;18;10;10;1225;1;2;1;1;3;302;MADELEINE (ROUTE DE LA);G;491279;5232080;973
2,02E+11;18;10;12;2010;5;2;1;1;7;302;MADELEINE (ROUTE DE LA);G;491309;5232017;973
2,02E+11;18;10;12;2300;5;2;1;1;6;302;CABASSOU (ROUTE DE);G;492383;5231250;973
2,02E+11;18;10;13;1420;1;2;1;1;3;302;BADUEL (ROUTE DE);G;493764;5231588;973
2,02E+11;18;10;15;1936;5;2;2;1;7;302;EBOUE (ROCADE FELIX);G;493099;5231325;973
2,02E+11;18;10;16;1026;1;2;1;1;7;302;ZEPHIR (ROCADE);G;494151;5230360;973
2,02E+11;18;10;15;1600;1;2;6;1;3;302;MARINGOUINS (ROND-POINT);G;490778;5232252;973
2,02E+11;18;10;17;1050;1;2;1;1;6;302;JUILLET (RUE DU 14);G;494103;5232989;973
2,02E+11;18;10;17;1755;2;2;9;1;7;302;BADUEL (ROUTE DE);G;493261;5230849;973
2,02E+11;18;10;19;1900;5;2;3;1;6;302;PREVOT (ERNEST);G;493305;5233283;973
2,02E+11;18;10;20;1400;1;2;2;1;3;302;BADUEL (ROUTE DE);G;493920;5231830;973
2,02E+11;18;10;22;125;5;2;1;1;6;302;CATAYEE (JUSTIN);G;493959;5233060;973
2,02E+11;18;10;22;1128;1;2;1;1;2;302;REMIRE (DE);G;493842;5233343;973
2,02E+11;18;10;23;1035;1;2;1;1;3;302;BOUDINOT (AUGUSTE) CITE;G;493460;5231904;973
2,02E+11;18;10;25;854;1;1;3;1;6;302;MADELEINE (ROUTE DE LA);G;490987;5232151;973
2,02E+11;18;10;25;2250;5;1;1;1;6;302;TIGRE (ROUTE DU);G;490361;5230474;973
2,02E+11;18;10;26;1206;1;2;1;1;6;302;TROUBIRAN (CHEMIN DE);G;492616;5230361;973
2,02E+11;18;10;26;1336;1;1;9;1;6;302;ZONE COLLERY I OU II;G;490300;5232207;973
2,02E+11;18;10;27;2347;5;2;1;1;7;302;PREVOT (ERNEST);G;493281;5233280;973
2,02E+11;18;10;29;1650;1;2;1;1;6;302;FLAMBOYANTS (RUE DES);G;492550;5231610;973
2,02E+11;18;10;27;1220;1;2;2;1;3;302;Route de montabo;G;494393;5230787;973
2,02E+11;18;10;31;1500;1;2;2;1;5;302;FELIX EBOUE(ROCADE);G;493090;5231320;973
2,02E+11;18;11;1;555;2;2;1;1;5;302;BADUEL (ROUTE DE);G;493928;5231833;973
2,02E+11;18;11;3;1752;1;2;1;1;6;302;FLAMBOYANTS (Av DES);G;492509;5231701;973
2,02E+11;18;11;3;2048;5;2;1;1;3;302;BADUEL (ROUTE DE);G;493085;5230568;973
2,02E+11;18;11;5;640;1;1;6;1;6;302;ROUTE NATIONALE 1;G;490660;5232250;973
2,02E+11;18;11;6;1655;1;2;2;1;3;302;(ANDRE) ARON;G;494275;5231972;973
2,02E+11;18;11;7;650;1;2;1;1;6;302;ZEPHIR (ROCADE);G;493831;5229944;973
2,02E+11;18;11;7;1030;1;2;1;1;3;302;BADUEL (ROUTE DE);G;492909;5229589;973
2,02E+11;18;11;8;1525;1;2;1;1;3;302;ZEPHIR (ROCADE);G;494460;5231518;973
2,02E+11;18;11;8;1850;2;2;2;1;3;302;UNIVERSITE CHICAGO (RUE;G;492502;5231790;973
2,02E+11;18;11;8;945;1;2;1;1;6;302;MADELEINE (ROUTE DE LA);G;491279;5232080;973
2,02E+11;18;11;5;1800;1;2;1;1;3;302;CABASSOU (ROUTE DE);G;491912;5231727;973
2,02E+11;18;11;12;730;1;2;1;1;2;302;CATAYEE (JUSTIN);G;493959;5233060;973
2,02E+11;18;11;12;1234;1;2;1;1;6;302;FELIX EBOUE (Rue);G;493660;5232777;973
2,02E+11;18;11;13;1203;1;2;6;1;6;302;RECTORAT (ROND POINT);G;493333;5230956;973
2,02E+11;18;11;11;2005;5;2;9;1;2;302;FELIX EBOUE(ROCADE);G;493200;5231162;973
2,02E+11;18;11;15;652;1;1;9;1;2;302;ROUTE NATIONALE 1;G;490945;5232385;973
2,02E+11;18;11;14;1318;1;2;9;1;3;302;BRUTUS (CITE);G;493730;5232160;973
2,02E+11;18;11;15;1130;1;2;1;1;6;302;BADUEL (ROUTE DE);G;493856;5231738;973
2,02E+11;18;11;16;605;2;2;2;1;3;302;JUILLET (RUE DU 14);G;494123;5232991;973
2,02E+11;18;11;16;1912;5;2;1;1;3;302;CABASSOU (ROUTE DE);G;492619;5231362;973
2,02E+11;18;11;19;2025;5;2;2;3;6;302;ARAGO (FRANCOIS);G;493664;5233121;973
2,02E+11;18;11;17;2045;5;2;1;1;2;302;ROUTE NATIONALE 1;G;490539;5232330;973
2,02E+11;18;11;21;1155;1;2;1;1;3;302;RABAN (ROUTE DE);G;491977;5231269;973
2,02E+11;18;11;22;1835;5;2;9;1;3;302;MADELEINE (ROUTE DE LA);G;492005;5232184;973
2,02E+11;18;11;22;2035;5;2;2;1;3;302;ARAGO (FRANCOIS);G;493677;5233127;973
2,02E+11;18;11;23;1920;3;1;9;2;2;302;ROUTE NATIONALE 1;G;489267;5233180;973
2,02E+11;18;11;24;1840;5;2;1;1;6;302;MADELEINE (ROUTE DE LA);G;491442;5232094;973
2,02E+11;18;11;25;230;5;2;2;1;2;302;BADUEL (ROUTE DE);G;492949;5231511;973
2,02E+11;18;11;28;1330;1;2;3;1;3;302;MADELEINE (ROUTE DE LA);G;491639;5232143;973
2,02E+11;18;11;30;1103;1;2;1;1;6;302;RABAN (ROUTE DE);G;493235;5231270;973
2,02E+11;18;11;29;1210;1;2;1;1;1;302;GALMOT (ZONE ARTISANALE);G;493089;5232887;973
2,02E+11;18;11;30;1435;1;2;1;1;3;302;MADELEINE (ROUTE DE LA);G;491042;5232136;973
2,02E+11;18;12;4;1835;5;2;1;1;3;302;BADUEL (ROUTE DE);G;492839;5229345;973
2,02E+11;18;12;6;740;1;2;2;2;6;302;JASMIN(LOTISSEMENT);G;491924;5231755;973
2,02E+11;18;12;7;1845;5;2;1;1;1;302;RABAN (ROUTE DE);G;492849;5231357;973
2,02E+11;18;12;5;2045;4;2;1;2;1;302;TROUBIRAN (CHEMIN DE);G;493206;5229722;973
2,02E+11;18;12;7;2025;3;2;1;1;1;302;DIGUE RONJON;G;493389;5232962;973
2,02E+11;18;12;10;705;1;2;1;1;3;302;LEBLOND (ROND POINT);G;492109;5233039;973
2,02E+11;18;12;10;755;1;2;1;1;3;302;TROUBIRAN (CHEMIN DE);G;491753;5230797;973
2,02E+11;18;12;12;1400;1;2;1;1;3;302;MANDELA  (BOULEVARD);G;493393;5232637;973
2,02E+11;18;12;14;835;1;2;9;1;3;302;BADUEL (ROUTE DE);G;492831;5229324;973
2,02E+11;18;12;14;1645;1;1;1;1;3;302;MONTABO (ROUTE DE) 3;G;493707;5229766;973
2,02E+11;18;12;14;1220;1;2;9;1;6;302;BADUEL (ROUTE DE);G;492896;5230036;973
2,02E+11;18;12;16;1515;1;2;1;1;3;302;FELIX EBOUE(ROCADE);G;493723;5230698;973
2,02E+11;18;12;16;2300;4;1;1;2;2;302;ROUTE NATIONALE 1;G;490399;5232383;973
2,02E+11;18;12;17;1305;1;2;1;1;3;302;DIGUE RONJON;G;493383;5232971;973
2,02E+11;18;12;17;1155;1;2;1;1;6;302;DE GAULLE (AVENUE);G;493924;5232984;973
2,02E+11;18;11;17;1515;1;2;1;1;1;302;RABAN (ROUTE DE);G;493349;5231330;973
2,02E+11;18;12;20;2022;3;1;3;1;3;302;ROUTE NATIONALE 3;G;490318;5232422;973
2,02E+11;18;12;21;1510;1;1;1;1;2;302;PASTEUR (AVENUE LOUIS);G;494290;5232618;973
2,02E+11;18;12;21;1622;1;2;1;1;6;302;MANDELA  (BOULEVARD);G;494036;5232668;973
2,02E+11;18;12;21;1815;1;2;1;1;6;302;JASMIN(LOTISSEMENT);G;491905;5231696;973
2,02E+11;18;12;22;2200;5;2;1;3;7;302;DE GAULLE (AVENUE);G;493952;5232883;973
2,02E+11;18;12;22;1140;1;2;6;2;3;302;ROUTE NATIONALE 1;G;493103;5232966;973
2,02E+11;18;12;22;1205;1;2;2;1;3;302;CABASSOU (ROUTE DE);G;491923;5231754;973
2,02E+11;18;12;24;1005;1;2;9;1;3;302;BADUEL (ROUTE DE);G;493821;5231675;973
2,02E+11;18;12;25;1432;1;1;1;1;7;302;MADELEINE (ROUTE DE LA);G;490836;5232191;973
2,02E+11;18;12;26;1730;1;2;1;3;6;302;CATAYEE (JUSTIN);G;493959;5233060;973
2,02E+11;18;12;26;1320;1;2;9;2;2;302;MADELEINE (ROUTE DE LA);G;492028;5232185;973
2,02E+11;18;12;30;300;5;1;1;1;7;302;ROUTE NATIONALE 1;G;491332;5232849;973
2,02E+11;18;12;27;2120;5;2;1;1;3;302;BRUTUS (CITE);G;493634;5231920;973
2,02E+11;18;1;9;1215;1;2;2;1;3;407;Rue Ambroise Croizat;R;2094186;5528857;974
2,02E+11;18;1;8;1840;1;2;1;1;1;407;Rue Simon Pernic;R;2095033;5530675;974
2,02E+11;18;1;31;555;1;1;1;1;7;407;Av Compagnie des Indes;R;2094408;5531223;974
2,02E+11;18;1;30;1825;1;2;1;1;6;407;Rue Charles Fourrier;R;2095246;5530911;974
2,02E+11;18;11;17;1430;1;2;1;1;7;407;Route Nationale 1;R;2095748;5530998;974
2,02E+11;18;2;1;650;1;2;1;1;3;407;Boulevard de Verdun;R;2094098;5529396;974
2,02E+11;18;2;7;935;1;2;2;1;3;407;Boulevard de Toulouse;R;2094462;5528918;974
2,02E+11;18;2;10;1130;1;2;1;1;2;407;Av du 14 Juillet 1789;R;2093314;5529285;974
2,02E+11;18;2;10;2035;3;2;1;1;6;407;Avenue de Tamatave;R;2093029;5530072;974
2,02E+11;18;1;1;130;5;2;1;1;7;407;Rue Rome;R;2094182;5529341;974
2,02E+11;18;1;1;110;5;2;1;1;7;407;Rue Auguste Rodin;R;2095753;5531251;974
2,02E+11;18;2;17;2010;5;2;1;1;3;407;Rue Beaudelaire;R;2093614;5530657;974
2,02E+11;18;2;20;1100;1;2;2;1;3;407;VERDUN (BOULEVARD);R;2094053;5529432;974
2,02E+11;18;2;25;1615;1;2;1;1;1;407;CARPAYE(AVENUE);R;2094628;5529823;974
2,02E+11;18;3;5;1930;3;2;6;3;3;407;ROUTE DU SACRE COEUR;R;;;974
2,02E+11;18;3;6;2000;5;2;6;2;3;407;ROUTE DU SACRE COEUR;R;;;974
2,02E+11;18;3;9;915;1;1;1;1;3;407;OWENS JAMES;R;2093483;5532009;974
2,02E+11;18;3;18;1700;1;2;1;1;6;407;20 DECEMBRE 1948(AVENUE;R;2093648;5529880;974
2,02E+11;18;1;1;428;5;2;1;1;6;407;Avenue Commune de Paris;R;2094451;5529268;974
2,02E+11;18;3;18;1145;1;2;1;1;6;407;FREINET CELESTIN (ALLEE);R;;;974
2,02E+11;18;2;28;1635;1;1;1;1;5;407;Route Nationale 1;R;2095043;5531921;974
2,02E+11;18;4;8;2233;3;1;1;1;2;407;Route Nationale 1;R;2094997;5531969;974
2,02E+11;18;4;13;1130;1;2;1;1;3;407;Av commune de Paris;R;2093927;5529090;974
2,02E+11;18;4;13;1225;1;2;6;1;3;407;Rond Point Sacrй Coeur;R;2095603;5531197;974
2,02E+11;18;4;13;1610;1;1;1;1;3;407;Rue Louis Breguet;R;2094783;5532033;974
2,02E+11;18;4;14;820;1;2;1;1;6;407;Rue de Grenoble;R;2094523;5529339;974
2,02E+11;18;4;17;1551;1;2;1;1;6;407;Allйe Archimиde;R;2093997;5530001;974
2,02E+11;18;4;26;600;1;2;1;1;4;407;Av Rico Carpaye;R;2094624;5529869;974
2,02E+11;18;4;20;2115;5;1;1;1;6;407;Ruelle Bottin Sйbastien;R;2093512;5529676;974
2,02E+11;18;5;8;1300;1;2;1;1;6;407;Rue des Sans soucis;R;2094850;5528997;974
2,02E+11;18;5;9;1000;1;2;2;1;3;407;Rue du gйnйral de Gaulle;R;2094171;5529628;974
2,02E+11;18;3;29;2300;5;2;1;1;6;407;MONDON (AVENUE);R;;;974
2,02E+11;18;5;28;1455;1;2;9;1;3;407;Rue Boris Vian;R;2094016;5530882;974
2,02E+11;18;5;24;2125;3;1;1;1;6;407;OWENS JAMES;R;2093176;5532865;974
2,02E+11;18;5;12;2225;4;2;2;1;2;407;Rue Roland Emile;R;2093614;5529272;974
2,02E+11;18;6;8;1400;1;1;1;1;2;407;Route Nationale 1;R;2094163;5532873;974
2,02E+11;18;6;8;1700;1;1;1;1;3;407;Av Compagnie des Indes;R;2094459;5531532;974
2,02E+11;18;6;8;1915;5;2;7;1;3;407;Av Commune de Paris;R;2093578;5529130;974
2,02E+11;18;6;8;1000;1;2;1;1;7;407;Axe mixte de Cambaie;R;2095940;5529365;974
2,02E+11;18;6;26;915;1;1;1;1;5;407;Route Nationale 1;R;2095292;5531555;974
2,02E+11;18;5;29;720;1;2;3;1;6;407;CHERBOURG(RUE);R;2093864;5529673;974
2,02E+11;18;6;30;1000;1;2;2;1;3;407;Avenue Mondon;R;2093514;5529881;974
2,02E+11;18;7;4;1315;1;2;9;1;4;407;Rond point Sacrй Coeur;R;2095573;5531122;974
2,02E+11;18;7;6;1015;1;2;1;1;3;407;Bd Compagnie des Indes;R;2094487;5531693;974
2,02E+11;18;7;8;515;3;1;1;2;6;407;Route Nationale 1;R;2094817;5532203;974
2,02E+11;18;7;18;1720;1;1;1;1;3;407;Route Nationale 1;R;2095306;5531551;974
2,02E+11;18;7;20;1740;1;2;1;1;6;407;ROUTE DU SACRE COEUR;R;2095744;5531577;974
2,02E+11;18;7;21;1430;1;1;1;1;2;407;ROUTE NATIONALE Nш 1;R;2095429;5531370;974
2,02E+11;18;7;23;1655;1;1;9;1;2;407;Rue Andrй SUAREZ;R;2093135;5529916;974
2,02E+11;18;7;30;1500;1;2;2;1;3;407;ROUTE DU SACRE COEUR;R;2095800;5531730;974
2,02E+11;18;8;2;1750;1;1;1;1;3;407;Route Nationale 1;R;2095077;5531882;974
2,02E+11;18;8;4;1040;1;2;1;1;3;407;Avenue Rico Carpaye;R;2094529;5529830;974
2,02E+11;18;8;7;1150;1;2;1;1;3;407;Bd Compagnie des Indes;R;2094496;5532059;974
2,02E+11;18;8;21;1725;1;2;1;1;3;407;Avenue Commune de Paris;R;2093899;5529083;974
2,02E+11;18;8;23;1350;1;1;1;1;7;407;Rue Charles Beaudelaire;R;2093469;5530633;974
2,02E+11;18;8;24;1110;1;2;1;1;3;407;Avenue Carpaye;R;2094593;5529848;974
2,02E+11;18;8;27;1615;1;2;1;1;3;407;Boulevard de la Marine;R;2095093;5529077;974
2,02E+11;18;8;31;1045;1;2;1;1;3;407;Route du Sacrй coeur;R;2095229;5530584;974
2,02E+11;18;9;5;830;1;2;1;1;6;407;Bd des Mascareignes;R;2093438;5530870;974
2,02E+11;18;9;11;1800;2;1;1;1;1;407;OWENS JAMES;R;2093486;5531234;974
2,02E+11;18;9;23;1645;1;2;1;1;6;407;Rue Bonnier;R;2094173;5528601;974
2,02E+11;18;9;25;1630;1;2;1;1;6;407;Rue Franзois de Mahy;R;2093000;5529070;974
2,02E+11;18;9;28;1830;2;2;9;1;3;407;Avenue Pasteur;R;2094595;5529309;974
2,02E+11;18;9;28;2320;3;1;1;1;5;407;Route Nationale 1;R;2094973;5532039;974
2,02E+11;18;9;29;1700;1;1;1;1;2;407;Route Nationale 1;R;2095927;5530864;974
2,02E+11;18;9;29;1000;1;2;3;1;3;407;Rue Jacques Duclos;R;2095698;5531404;974
2,02E+11;18;9;8;2115;3;2;1;1;2;407;Av Compagnie des Indes;R;2094473;5531709;974
2,02E+11;18;10;10;1920;5;2;1;1;3;407;Avenue Rico Carpaye;R;2094755;5529915;974
2,02E+11;18;10;19;850;1;2;9;1;2;407;Route du Sacrй Coeur;R;2095799;5531717;974
2,02E+11;18;10;19;530;2;2;3;2;3;407;Boulevard Verdun;R;2094051;5529445;974
2,02E+11;18;10;21;1830;2;2;1;1;6;407;Avenue Commune de Paris;R;2093696;5529099;974
2,02E+11;18;10;27;1520;1;2;2;8;2;407;Route du Sacrй Coeur;R;2095804;5531737;974
2,02E+11;18;10;30;800;1;2;9;7;3;407;Route du Sacrй Coeur;R;2095414;5530891;974
2,02E+11;18;11;1;1800;1;2;6;1;3;407;Av du 14 juillet 1789;R;2093154;5529667;974
2,02E+11;18;11;7;1020;1;2;9;1;6;407;Rue Stevenson;R;2093145;5529097;974
2,02E+11;18;11;9;1725;1;1;1;1;7;407;Axe mixte de Cambaie;R;2095309;5529460;974
2,02E+11;18;11;29;1825;2;1;9;2;6;407;Route Nationale 1;R;2095484;5531292;974
2,02E+11;18;11;30;1435;1;2;6;1;3;407;Rue Guyanne;R;2094607;5529667;974
2,02E+11;18;12;1;530;2;2;1;1;6;407;Avenue Politzer;R;2094965;5529407;974
2,02E+11;18;11;19;1220;1;2;2;1;1;407;Rue Barret;R;2093156;5529667;974
2,02E+11;18;12;6;1650;1;2;1;1;2;407;Avenue du 28 nov 1942;R;2093040;5529340;974
2,02E+11;18;12;4;540;2;1;1;1;4;407;Route Nationale 1;R;2095549;5531222;974
2,02E+11;18;12;12;1725;1;2;2;2;3;407;18 Rue Evariste Parny;R;2094184;5528856;974
2,02E+11;18;12;16;1705;1;1;2;1;3;407;Rue Jean Giono;R;2096048;5531396;974
2,02E+11;18;12;9;1510;1;1;6;1;6;407;Route du Sacrй Coeur;R;2095585;5531196;974
2,02E+11;18;12;22;935;1;2;1;1;3;407;Voie liaison portuaire;R;2092995;5530147;974
2,02E+11;18;7;14;2150;3;1;1;1;7;407;Route Nationale 1;R;2094669;5532329;974
2,02E+11;18;7;12;2100;5;2;1;1;4;407;Bd de Strasbourg;R;2093603;5529678;974
2,02E+11;18;12;26;2205;3;2;1;1;3;407;Boulevard Mascareignes;R;2093502;5530901;974
2,02E+11;18;1;9;2010;5;2;1;1;1;409;Rue de la Gare;R;;;974
2,02E+11;18;1;28;1250;1;2;6;1;3;409;450 rue de Cambuston;R;2093261;5564855;974
2,02E+11;18;2;12;1730;1;2;1;1;2;409;275  Bretelle sortie RN2;R;2096886;5565545;974
2,02E+11;18;1;30;1030;1;1;1;1;6;409;1  Chemin Grand Canal;R;2095818;5568823;974
2,02E+11;18;4;6;1820;5;2;1;3;6;409;Rue de la gare;R;2095855;5565165;974
2,02E+11;18;5;3;1940;3;1;1;1;6;409;Route Nationale 2;R;2097047;5565554;974
2,02E+11;18;5;4;1500;1;2;7;1;3;409;Chemin Maunier;R;2095603;5566075;974
2,02E+11;18;4;3;1355;1;2;2;1;6;409;Rue de La Gare;R;2096015;5565448;974
2,02E+11;18;5;15;1940;5;2;2;1;3;409;Avenue de la Rйpublique;R;2096221;5565565;974
2,02E+11;18;5;22;630;2;1;1;3;1;409;Route de Salazie;R;2099842;5558041;974
2,02E+11;18;5;25;1350;1;2;1;1;6;409;Rue Payet;R;2096208;5564834;974
2,02E+11;18;5;25;1830;5;2;1;1;3;409;D58 - Chemin Lefaguyes;R;2095067;5567508;974
2,02E+11;18;3;17;2135;4;1;1;1;6;409;Route Nationale 2;R;2094293;5564831;974
2,02E+11;18;6;5;2330;3;1;1;2;3;409;Route de Salazie;R;2097809;5563871;974
2,02E+11;18;6;6;1450;1;2;1;2;2;409;Rue du Lycйe;R;2096603;5565168;974
2,02E+11;18;6;15;1800;3;1;1;1;1;409;Route de Champ Borne;R;2094549;5568282;974
2,02E+11;18;6;30;1955;5;2;1;1;1;409;Avenue de Bourbon;R;2096521;5564861;974
2,02E+11;18;7;5;1600;1;2;1;1;6;409;Rue Rocade Sud;R;2097332;5565126;974
2,02E+11;18;7;8;2120;5;2;1;1;1;409;Chemin Lefaguyes;R;2095335;5567179;974
2,02E+11;18;7;12;1700;1;2;1;1;7;409;RES DES LONGANIS;R;2097370;5565707;974
2,02E+11;18;7;17;1100;1;2;1;1;6;409;Avenue de la Rйpublique;R;2096186;5565273;974
2,02E+11;18;7;18;1045;1;2;1;1;3;409;Avenue Ile de France;R;2094898;5564792;974
2,02E+11;18;7;28;900;1;2;1;1;3;409;Avenue des Mascareignes;R;2093552;5564653;974
2,02E+11;18;8;1;1140;1;2;9;1;3;409;Rue du Lycйe;R;2096374;5565270;974
2,02E+11;18;8;5;1340;1;2;3;1;3;409;Rue du Parc du Colosse;R;2093321;5566750;974
2,02E+11;18;8;5;1215;1;1;1;1;7;409;Route de Salazie;R;2098381;5562736;974
2,02E+11;18;8;9;1800;1;2;1;1;2;409;Avenue Ile de France;R;2095095;5564870;974
2,02E+11;18;8;10;1110;1;1;1;1;2;409;Route Nationale 2;R;2095767;5565723;974
2,02E+11;18;8;10;1440;1;2;6;8;3;409;Chemin Lefaguyes;R;;;974
2,02E+11;18;9;1;1915;2;1;9;1;4;409;RN2 SENS ST BENOIT ST DE;R;2094430;5564992;974
2,02E+11;18;9;6;2350;5;2;3;3;1;409;DE BOURBON(AVENUE);R;2096619;5564861;974
2,02E+11;18;9;21;1340;1;2;3;1;1;409;CAMBUSTON (rue de);R;2093366;5565724;974
2,02E+11;18;10;11;820;1;2;9;1;6;409;Rue de la Cressoniиre;R;2096769;5565853;974
2,02E+11;18;10;25;2015;5;2;1;1;6;409;Avenue des Mascareignes;R;2093510;5564990;974