Num_Acc;an;mois;jour;hrmn;lum;agg;int;atm;col;com;adr;gps;lat;long;dep
2,02E+11;18;10;29;1300;1;2;1;1;3;409;Chemin Morin;R;2096159;5565265;974
2,02E+11;18;11;5;800;1;2;1;1;2;409;MASCAREIGNES (Avenue des;R;2093302;5564615;974
2,02E+11;18;11;10;1755;1;2;1;1;1;409;ILE DE FRANCE(AVENUE);R;2094348;5564757;974
2,02E+11;18;11;29;2145;3;2;1;1;7;409;Route de Salazie;R;2099836;5560817;974
2,02E+11;18;12;1;1520;1;1;1;1;1;409;Ch Bras des chevrettes;R;2096692;5563234;974
2,02E+11;18;12;11;830;1;2;9;1;6;409;EMILE THOMAS (rue);R;2093804;5564856;974
2,02E+11;18;12;18;715;1;1;1;9;6;409;Route de Salazie;R;2099229;5561290;974
2,02E+11;18;12;22;1650;1;2;1;1;6;409;Chemin Lebon;R;2096553;5564988;974
2,02E+11;18;1;16;1708;1;2;2;1;3;411;30 rue Charles Gounod;R;2087711;5545368;974
2,02E+11;18;1;24;1820;1;1;1;1;1;411;Bd du Prince Vinh-San;R;2088723;5544081;974
2,02E+11;18;2;5;2030;4;2;3;1;6;411;170  GAULLE (DU GENERAL;R;2088170;5546405;974
2,02E+11;18;2;7;1300;1;2;1;8;6;411;Bd Jean Jaurиs;R;2088991;5546402;974
2,02E+11;18;2;16;1135;1;1;1;1;5;411;33  VIGIE (CHEMIN DE LA);R;;;974
2,02E+11;18;2;18;650;1;2;1;1;6;411;4  JAURES (BOULEVARD JEA;R;;;974
2,02E+11;18;2;16;2140;5;2;1;1;5;411;123 Rue Sainte Marie;R;2088282;5545832;974
2,02E+11;18;2;27;810;1;2;2;1;6;411;41  OCEAN (BOULEVARD DE;R;2088145;5545704;974
2,02E+11;18;3;1;1440;1;2;1;1;6;411;15  Bd Jean Jaurиs;R;2088995;5546406;974
2,02E+11;18;3;8;1500;1;2;1;1;6;411;6  CHAUMIERE (RUE DE LA);R;2089870;5546260;974
2,02E+11;18;3;15;1925;5;2;1;1;3;411;80  LABOURDONNAIS;R;;;974
2,02E+11;18;3;19;500;5;2;3;1;3;411;5 Bd de la Providence;R;2089240;5545523;974
2,02E+11;18;3;18;820;1;2;1;2;1;411;12  Boulevard Lancastel;R;2087551;5545453;974
2,02E+11;18;3;22;1500;1;1;1;2;1;411;Route de la Montagne;R;2088666;5543868;974
2,02E+11;18;3;21;2015;5;2;1;1;6;411;Avenue Leconte de Lisle;R;2089000;5540700;974
2,02E+11;18;3;24;240;5;2;1;1;1;411;JAURES (BOULEVARD JEAN);R;;;974
2,02E+11;18;3;28;745;1;2;1;1;6;411;25  CAMELIAS (RUE DES);R;;;974
2,02E+11;18;3;31;2215;5;2;3;1;3;411;DIERX (LEON);R;2089070;5545780;974
2,02E+11;18;4;1;1800;2;2;1;1;6;411;Allйe des Sapents;R;2089539;5546218;974
2,02E+11;18;4;2;1440;1;2;3;1;3;411;Rue du Gйnйral de Gaulle;R;2088566;5544708;974
2,02E+11;18;4;9;45;3;2;1;1;6;411;Boulevard Jean Jaurиs;R;2090253;5550006;974
2,02E+11;18;4;10;1455;1;2;1;1;4;411;Boulevard Jean Jaurиs;R;2089000;5549070;974
2,02E+11;18;4;10;1650;1;2;9;7;6;411;Av De Lattre de Tassigny;R;2089039;5547887;974
2,02E+11;18;4;11;1255;1;2;1;1;6;411;Rte de la Riv des pluies;R;2090000;5549907;974
2,02E+11;18;4;12;1240;1;1;1;1;3;411;Rue de La digue;R;;;974
2,02E+11;18;4;13;1150;1;1;1;1;7;411;Route du Littoral;R;2089118;5538359;974
2,02E+11;18;4;19;700;1;2;2;1;3;411;Rue du Gйnйral de Gaulle;R;2087999;5545070;974
2,02E+11;18;4;21;640;2;1;1;1;1;411;Route de la montagne;R;2087999;5543070;974
2,02E+11;18;4;22;1115;1;2;6;1;3;411;Av Mar de Lattre de Tass;R;2088738;5547206;974
2,02E+11;18;4;25;1105;1;2;2;1;3;411;Rue de la source;R;2088879;5544877;974
2,02E+11;18;4;26;1608;1;2;1;1;3;411;Rue de Paris;R;2088510;5545088;974
2,02E+11;18;5;5;850;1;2;1;1;3;411;Chemin des Pruniers;R;2091665;5547997;974
2,02E+11;18;5;5;1435;1;2;2;1;3;411;BOUVET;R;2088731;5546291;974
2,02E+11;18;5;6;1445;1;2;2;1;3;411;Rue Pasteur;R;2087903;5545010;974
2,02E+11;18;5;11;1410;1;1;1;1;2;411;Route du Littoral;R;2087692;5543788;974
2,02E+11;18;5;13;530;3;2;1;1;7;411;Route de Saint Franзois;R;2090344;5546345;974
2,02E+11;18;5;14;50;3;1;1;1;6;411;Route du Littoral;R;2091184;5535209;974
2,02E+11;18;5;23;1700;1;2;3;1;6;411;BOUVET;R;2088677;5546326;974
2,02E+11;18;5;24;1700;1;2;9;1;6;411;STADE (RUE DU);R;2090173;5546920;974
2,02E+11;18;5;24;1430;1;1;2;1;3;411;Av LATTRE DE TASSIGNY;R;2088828;5547420;974
2,02E+11;18;5;29;810;1;2;1;1;6;411;Route Gabriel Macй;R;2092596;5549365;974
2,02E+11;18;5;31;630;2;2;1;1;6;411;Chemin Ruisseau blanc;R;2089000;5541070;974
2,02E+11;18;6;3;1740;2;2;7;2;3;411;Route de Moufia;R;2089677;5549177;974
2,02E+11;18;6;5;1000;1;1;2;1;6;411;Rue du Pont;R;2087886;5544473;974
2,02E+11;18;6;10;1606;1;1;1;1;7;411;Route du Littoral;R;2089105;5538370;974
2,02E+11;18;6;15;1100;1;2;9;1;2;411;Rue Pasteur;R;2087918;5544953;974
2,02E+11;18;6;27;815;1;2;2;1;6;411;Rue Jules Auber;R;2087999;5545307;974
2,02E+11;18;7;5;1610;1;2;1;1;2;411;Rue Lйopold Rambaud;R;2088615;5547996;974
2,02E+11;18;7;7;1130;1;2;3;1;3;411;Chemin de la Vierge;R;2089979;5547150;974
2,02E+11;18;7;7;1725;1;2;1;1;6;411;Bd Gabriel Macй;R;2087000;5544070;974
2,02E+11;18;7;10;900;1;1;1;1;3;411;Bd du Prince Vinh-San;R;2088760;5544190;974
2,02E+11;18;7;16;1750;2;1;1;1;1;411;Rue Lacroix;R;2089406;5548332;974
2,02E+11;18;7;19;1150;1;1;3;1;3;411;Chemin Ylang Ylang;R;2091362;5548055;974
2,02E+11;18;7;20;1300;1;2;1;1;6;411;Boulevard Jean Jaurиs;R;2090047;5549507;974
2,02E+11;18;7;22;55;4;2;1;1;6;411;Rue du Marйchal Leclerc;R;2088270;5546216;974
2,02E+11;18;7;23;1735;1;2;1;1;6;411;Rue du Marйchal Leclerc;R;2087990;5545597;974
2,02E+11;18;7;23;1355;1;2;9;1;6;411;Boulevard Jean Jaurиs;R;2088942;5545093;974
2,02E+11;18;7;27;1335;1;2;6;1;3;411;Boulevard Jean Jaurиs;R;2089944;5547953;974
2,02E+11;18;7;31;800;5;2;1;1;7;411;RAMBAUD (LEOPOLD);R;2088496;5546790;974
2,02E+11;18;8;8;1232;1;2;9;1;6;411;4 voies de Gillot;R;2088651;5548676;974
2,02E+11;18;8;14;1804;2;2;2;1;3;411;Boulevard de l'Ocйan;R;2088150;5545707;974
2,02E+11;18;8;16;1700;1;2;1;1;7;411;Route Jules Reydellet;R;2093226;5549366;974
2,02E+11;18;8;17;2155;5;2;9;1;3;411;Rue Sainte Anne;R;2087678;5545221;974
2,02E+11;18;8;18;2225;5;2;9;1;7;411;Rue de la Gare routiиre;R;2087783;5545731;974
2,02E+11;18;8;16;1140;1;2;1;1;6;411;Rue du Gйnйral de Gaulle;R;2088559;5545135;974
2,02E+11;18;8;20;1512;1;1;9;1;3;411;Route des Eucalyptus;R;2088645;5543449;974
2,02E+11;18;8;23;800;1;1;9;1;3;411;Rue des Poivriers;R;2089710;5547024;974
2,02E+11;18;8;24;1225;1;2;9;1;3;411;Boulevard G Monerville;R;2089671;5544941;974
2,02E+11;18;8;24;2110;4;2;1;1;1;411;Route de Saint Franзois;R;2089936;5546244;974
2,02E+11;18;8;26;1130;1;1;1;1;3;411;Chemin du Ruisseau blanc;R;2089140;5541807;974
2,02E+11;18;8;27;830;1;2;1;1;6;411;Bd Gabriel Macи;R;2087471;5544658;974
2,02E+11;18;8;28;2115;5;2;1;1;5;411;Rte de la Riv des pluies;R;2090090;5550050;974
2,02E+11;18;9;4;1130;1;2;4;1;3;411;Boulevard du Chaudron;R;2089868;5549646;974
2,02E+11;18;9;7;1613;1;1;9;1;2;411;Chemin des Letchis;R;2089598;5541439;974
2,02E+11;18;9;7;1825;3;2;9;3;6;411;Chemin du Pиre Raimbault;R;2091711;5540553;974
2,02E+11;18;9;12;1934;5;2;1;1;6;411;Bd Jean Jaurиs;R;2089419;5547131;974
2,02E+11;18;9;13;1830;2;2;1;1;6;411;Route de Bois de Nиfles;R;2090193;5547703;974
2,02E+11;18;9;18;804;1;2;1;1;6;411;HUBERT DELISLE (AVENUE);R;2089068;5544845;974
2,02E+11;18;9;20;1850;5;2;6;1;3;411;Rte de la Riv des pluies;R;2090472;5550405;974
2,02E+11;18;9;21;1930;5;2;2;1;6;411;Rue de la Gare;R;2089625;5549207;974
2,02E+11;18;9;23;1354;1;2;9;1;3;411;Boulevard Gabriel Macй;R;2087336;5544701;974
2,02E+11;18;9;27;1810;5;2;2;1;3;411;Avenue Stanislas Gimart;R;2088905;5547581;974
2,02E+11;18;9;30;1000;1;2;1;2;6;411;Route Gabriel Macй;R;2090720;5550381;974
2,02E+11;18;10;3;1245;1;2;9;1;6;411;Route Digue;R;2088892;5547206;974
2,02E+11;18;10;5;815;1;2;3;1;6;411;Bd Jawaharial Nehru;R;2088143;5545708;974
2,02E+11;18;10;6;952;1;2;1;1;6;411;JAMALACS (DES);R;2089306;5547796;974
2,02E+11;18;10;5;2000;4;2;2;1;1;411;LATTRE DE TASSIGNY (AVEN;R;2088899;5547576;974
2,02E+11;18;10;11;1710;1;2;3;1;6;411;PARIS (RUE DE);R;2088129;5544948;974
2,02E+11;18;10;12;1115;1;2;9;1;7;411;BONNIER (ALLEE);R;2088118;5545950;974
2,02E+11;18;10;15;1010;1;2;9;1;6;411;Rte de Riv des pluies;R;2090439;5550430;974
2,02E+11;18;10;18;1430;1;2;3;1;3;411;Boulevard Jean Jaurиs;R;2088991;5546441;974
2,02E+11;18;10;20;1850;5;2;1;1;2;411;Rue Lйopold Rambaud;R;2088524;5546815;974
2,02E+11;18;10;24;2015;4;2;1;1;6;411;Bd Jean Jaurиs;R;2088995;5546468;974
2,02E+11;18;10;25;2330;5;2;3;1;1;411;Boulevard Jean Jaurиs;R;2089189;5546730;974
2,02E+11;18;10;27;2035;5;2;9;1;3;411;Rte Piton Bois de Nиfles;R;2092388;5547350;974
2,02E+11;18;11;3;150;5;2;1;1;5;411;Rue Lйopold Rambaud;R;2088591;5547616;974
2,02E+11;18;11;4;1030;1;2;2;1;3;411;Boulevard Jean Jaurиs;R;2088879;5544880;974
2,02E+11;18;11;6;1705;1;2;1;1;6;411;BOIS ROUGE (CHEMIN DE);R;2092642;5548724;974
2,02E+11;18;11;6;1755;1;2;2;1;3;411;Rue Sainte Marie;R;2088393;5545045;974
2,02E+11;18;11;7;1655;1;2;1;1;1;411;RAIMBAULT (CHEMIN DU PER;R;2091079;5540461;974
2,02E+11;18;11;14;1520;1;1;1;2;6;411;Avenue Georges Brassens;R;2090549;5548704;974
2,02E+11;18;11;19;1650;1;2;2;1;3;411;LATTRE DE TASSIGNY (AVEN;R;2088827;5547412;974
2,02E+11;18;11;23;1320;1;2;1;1;2;411;Rue de la Source;R;2088878;5544875;974
2,02E+11;18;12;7;1300;1;2;7;1;3;411;Boulevard Gabriel Macй;R;2087334;5544703;974
2,02E+11;18;12;10;725;1;2;1;1;3;411;GAULLE (DU GENERAL DE);R;2088493;5546189;974
2,02E+11;18;12;10;800;1;2;1;1;1;411;Boulevard du Chaudron;R;2089571;5549492;974
2,02E+11;18;12;12;1255;1;2;1;1;2;411;Boulevard Jean Jaurиs;R;2090008;5548235;974
2,02E+11;18;12;14;2019;5;2;1;1;6;411;BOUVET;R;2088882;5546205;974
2,02E+11;18;12;15;1755;1;2;1;1;6;411;JAURES (BOULEVARD JEAN);R;;;974
2,02E+11;18;12;24;1852;3;1;1;3;7;411;Route du Littoral;R;2088203;5539506;974
2,02E+11;18;12;25;2022;5;2;9;1;6;411;COLORADO (CHEMIN DU);R;2089304;5542232;974
2,02E+11;18;12;26;1310;1;2;1;1;6;411;LECLERC (DU MARECHAL);R;2087945;5545515;974
2,02E+11;18;12;30;1635;1;1;1;1;7;411;PEPINIERE (CHEMIN DE LA);R;2089160;5544110;974
2,02E+11;18;1;14;2000;5;2;1;3;2;416;46 Bd Hubert Delisle;R;2134047;5546075;974
2,02E+11;18;1;21;1720;1;1;9;1;3;416;Route de l'Entre Deux;R;2129768;5543923;974
2,02E+11;18;12;30;1655;1;2;9;1;3;416;PERE FAVRON(RUE DU);R;2133691;5546410;974
2,02E+11;18;1;28;2215;5;2;3;1;1;416;Rte de la Ligne Paradis;R;2130913;5546896;974
2,02E+11;18;2;7;1700;1;1;1;1;4;416;Route Nationale 1;R;2133096;5545577;974
2,02E+11;18;2;14;2205;3;1;1;1;6;416;Route Nationale 2;R;2135275;5550909;974
2,02E+11;18;2;16;1910;5;2;6;1;3;416;59  MOY DE LA CROIX (AVE;R;;;974
2,02E+11;18;2;18;1140;1;2;1;1;3;416;38  HIPPOLYTE  PIOT (RUE;R;2129735;5545209;974
2,02E+11;18;2;18;1510;1;2;1;1;7;416;96 Av du Pdt Miterrand;R;2134452;5548403;974
2,02E+11;18;1;17;1535;1;1;1;3;6;416;Route Nationale 1;R;2130000;5540700;974
2,02E+11;18;2;5;1950;3;1;1;3;6;416;Route Nationale 3;R;2132976;5547064;974
2,02E+11;18;2;20;110;3;1;1;1;7;416;Ancienne RN 1;R;2132676;5544931;974
2,02E+11;18;1;22;1814;1;2;1;1;7;416;71 rue du Pиre Favron;R;2133687;5546398;974
2,02E+11;18;2;21;915;1;2;1;1;1;416;2 Ch Adrien Recherchant;R;2129380;5548814;974
2,02E+11;18;2;21;1130;1;1;1;1;2;416;OCEANITES (AVENUE DES);R;2132000;5546070;974
2,02E+11;18;1;29;1600;1;1;1;1;1;416;166B Chemin Stйphane;R;2127928;5548470;974
2,02E+11;18;2;23;830;1;2;1;1;2;416;1 Rte de ligne Paradis;R;2132240;5548470;974
2,02E+11;18;2;23;1325;1;2;1;1;7;416;Route Nationale 1;R;2133125;5545526;974
2,02E+11;18;2;25;800;1;2;3;1;3;416;66 Bd Hubert Delisle;R;2134127;5546277;974
2,02E+11;18;2;25;2005;3;1;1;1;2;416;Route Nationale 1;R;2131210;5543680;974
2,02E+11;18;3;2;1050;1;2;1;1;6;416;80 Rue des bons enfants;R;2133990;5547440;974
2,02E+11;18;3;2;1930;5;1;1;1;6;416;140  LIGNE PARADIS(ROUTE;R;;;974
2,02E+11;18;3;5;1052;1;2;1;2;6;416;129  Rue Archambaud;R;2132726;5548295;974
2,02E+11;18;3;8;1910;2;2;1;1;3;416;Rue Hippolyte Piot;R;2129654;5545071;974
2,02E+11;18;3;7;1130;1;2;4;1;3;416;DAMBREVILLE (AVENUE DU D;R;;;974
2,02E+11;18;3;12;1555;1;2;1;1;3;416;17  HUBERT DE LISLE(BOUL;R;;;974
2,02E+11;18;3;7;1925;5;2;1;2;6;416;74  LEBLOND 1 (RUE MARIU;R;;;974
2,02E+11;18;3;13;1340;1;1;1;1;6;416;41 bis  RD 29;R;2130000;5540700;974
2,02E+11;18;3;13;1815;1;1;1;1;6;416;22 TER  CD 29;R;2100000;5550700;974
2,02E+11;18;3;8;730;1;2;3;1;3;416;10  Allйe des bois noirs;R;2129437;5545054;974
2,02E+11;18;3;14;2025;4;1;3;1;6;416;Route Hubert Delisle;R;2131916;5554939;974
2,02E+11;18;3;13;1405;1;2;1;6;7;416;35  PRESBYTERE (RUE DU);R;;;974
2,02E+11;18;3;15;1154;1;2;1;1;4;416;182  LEBLOND 2 (RUE MARI;R;2133546;5546687;974
2,02E+11;18;3;17;50;5;1;1;1;6;416;Rte ancienne RN1;R;2133182;5545546;974
2,02E+11;18;3;5;940;1;1;1;2;6;416;Chemin Roland Garros;R;2133997;5551546;974
2,02E+11;18;3;8;1935;2;2;1;1;3;416;143  CONCESSION CONDE (C;R;;;974
2,02E+11;18;3;23;1550;1;2;6;1;3;416;15  PIOT (RUE HIPPOLYTE);R;2129930;5545490;974
2,02E+11;18;3;24;1930;3;1;1;1;2;416;RN3 (1);R;5542440;2130070;974
2,02E+11;18;3;25;1745;1;1;3;2;2;416;15  BADAMIER(CHEMIN);R;2130000;5550700;974
2,02E+11;18;3;8;1920;3;1;1;1;6;416;Rte ancienne RN1;R;2132000;5544070;974
2,02E+11;18;2;21;1100;1;2;1;1;3;416;15 Rue M et A Leblond;R;2133690;5547193;974
2,02E+11;18;3;29;750;1;1;1;1;1;416;BOISSY(CHEMIN);R;2133000;5551070;974
2,02E+11;18;3;30;1430;1;2;1;1;1;416;238  LIGNE DES BAMBOUS(R;R;;;974
2,02E+11;18;3;26;1140;1;2;1;1;7;416;13  THOREZ (CHEMIN MAURI;R;;;974
2,02E+11;18;4;5;650;5;1;1;2;6;416;Route Nationale 3;R;2133137;5545662;974
2,02E+11;18;4;4;740;1;1;1;1;2;416;Rue Archambaud;R;2132790;5548190;974
2,02E+11;18;4;13;710;1;1;1;1;2;416;Route Nationale 3;R;2130000;5549070;974
2,02E+11;18;4;13;730;1;1;1;1;3;416;Route Nationale 3;R;2129100;5551637;974
2,02E+11;18;4;16;1535;1;1;1;1;2;416;Rte de l'Entre deux;R;2129639;5544157;974
2,02E+11;18;4;18;1815;3;2;3;2;3;416;Ancienne RN3 Condй;R;2129318;5551058;974
2,02E+11;18;4;19;1555;1;1;9;1;6;416;Route Nationale 3;R;2130670;5544906;974
2,02E+11;18;5;1;1420;1;1;1;1;6;416;Rue Jules Hermann;R;2132000;5548070;974
2,02E+11;18;5;3;745;1;2;1;1;5;416;Chemin Ligne des bambous;R;2130209;5549338;974
2,02E+11;18;5;6;2130;5;2;1;1;6;416;Rue du Four а chaux;R;2134278;5547628;974
2,02E+11;18;5;12;630;2;2;1;1;1;416;Chemin Boeuf;R;2129000;5546070;974
2,02E+11;18;5;9;2015;5;2;1;1;7;416;Route Dйpartementale 29;R;2133921;5551672;974
2,02E+11;18;5;12;1600;1;1;1;1;2;416;Route Nationale 2;R;2133980;5549250;974
2,02E+11;18;5;13;1915;3;1;1;1;1;416;Chemin Chвteau d'eau;R;2132636;5547439;974
2,02E+11;18;5;13;2045;5;1;1;1;1;416;Chemin Bassin plat;R;2132520;5549049;974
2,02E+11;18;5;13;1230;1;2;1;1;2;416;Rte de la Ligne Paradis;R;2130892;5546859;974
2,02E+11;18;5;21;645;1;1;1;9;2;416;Route Nationale 1;R;2130673;5543010;974
2,02E+11;18;5;22;1405;1;2;1;1;2;416;Rue de la poudriиre;R;2133210;5545757;974
2,02E+11;18;5;25;52;5;2;1;1;6;416;Chemin Carou;R;2132327;5548541;974
2,02E+11;18;5;28;1445;1;1;1;1;3;416;Rue Charles Isautier;R;2132070;5544964;974
2,02E+11;18;5;30;1730;2;1;3;1;3;416;Avenue du Pdt Mitterand;R;2134780;5549630;974
2,02E+11;18;6;2;1210;1;1;9;1;5;416;Route Nationale 2;R;2134982;5550405;974
2,02E+11;18;6;2;510;3;1;1;1;1;416;ANCIENNE RN 1;R;2130396;5544428;974
2,02E+11;18;5;28;1710;1;1;1;1;3;416;Route Nationale 2;R;2134000;5550700;974
2,02E+11;18;5;26;250;3;1;1;1;6;416;Route Nationale 3;R;2119150;5529207;974
2,02E+11;18;6;5;800;1;2;1;1;3;416;Allйe des Poudriers;R;2133365;5545709;974
2,02E+11;18;6;8;811;1;1;6;1;2;416;Chemin des aubйpines;R;2133546;5548839;974
2,02E+11;18;6;6;1824;3;1;1;2;4;416;Route Nationale 3;R;2133219;5546413;974
2,02E+11;18;6;11;1650;1;2;3;1;6;416;Rue Pavй;R;2134000;5548070;974
2,02E+11;18;6;8;2005;3;2;2;1;1;416;Chemin Burel;R;2129130;5546733;974
2,02E+11;18;6;14;235;3;1;1;2;7;416;Av Prйsident Mitterand;R;2134860;5549770;974
2,02E+11;18;6;13;1230;1;2;1;1;6;416;Rue Pasteur;R;2128255;5547306;974
2,02E+11;18;6;16;1120;1;1;9;1;2;416;Route Nationale 1;R;2130330;5542670;974
2,02E+11;18;6;16;310;5;2;1;1;3;416;Bd Hubert Delisle;R;2134354;5547432;974
2,02E+11;18;6;16;2315;5;2;1;1;1;416;Avenue du Pdt Mitterand;R;2134437;5548341;974
2,02E+11;18;6;17;1415;1;2;3;1;6;416;Av du Gйnйral de Gaulle;R;2130000;5540700;974
2,02E+11;18;6;20;1415;1;1;1;1;4;416;Route Nationale 3;R;2130540;5549903;974
2,02E+11;18;6;22;1417;1;1;3;1;3;416;ANCIENNE RN 1;R;2131593;5544154;974
2,02E+11;18;6;23;720;1;2;1;1;7;416;Allйe des Bois noirs;R;2128890;5545580;974
2,02E+11;18;6;23;710;2;2;1;2;4;416;MITTERAND (AVENUE DU PDT;R;2134613;5548761;974
2,02E+11;18;6;28;1145;1;2;1;8;2;416;Bd Hubert Delisle;R;2134351;5546783;974
2,02E+11;18;6;29;1905;5;2;3;1;3;416;Rue Luc Lorion;R;2130000;5550700;974
2,02E+11;18;6;30;1832;5;2;1;1;6;416;Rue Augustin Archambaud;R;2133000;5547960;974
2,02E+11;18;6;28;1155;1;2;1;2;3;416;Chemin bassin plat;R;2132520;5548791;974
2,02E+11;18;7;2;950;1;1;9;1;6;416;Chemin Diagonale;R;2129363;5547111;974
2,02E+11;18;7;5;1800;3;2;1;1;1;416;Chemin LTS;R;2130000;5540700;974
2,02E+11;18;7;6;1315;1;2;1;1;6;416;Rue des bons enfants;R;2134090;5547807;974
2,02E+11;18;7;9;1115;1;1;1;3;4;416;Route Nationale 2;R;2134819;5550121;974
2,02E+11;18;7;12;630;5;2;3;1;6;416;Rue du Pиre Raimbault;R;2133300;5547160;974
2,02E+11;18;7;12;2050;5;2;9;1;6;416;Chemin Boeuf;R;2129278;5546216;974
2,02E+11;18;7;15;1540;1;2;1;1;7;416;Chemin Dumesgnil;R;2127984;5546890;974
2,02E+11;18;7;17;1400;1;1;1;2;1;416;Echangeur Mon Caprice;R;2120770;5549910;974
2,02E+11;18;7;20;620;2;1;1;1;7;416;Rte de la Ligne Paradis;R;2130211;5545862;974
2,02E+11;18;7;23;2015;3;1;6;2;6;416;RN3;R;2130000;5540700;974
2,02E+11;18;7;28;741;1;1;3;1;1;416;Ligne Cambrai;R;2128918;5547509;974
2,02E+11;18;7;30;915;1;2;6;1;3;416;Rue Archambaud;R;2132562;5548613;974
2,02E+11;18;8;1;1820;3;1;1;1;5;416;Chemin Antoine Picard;R;2132256;5553858;974
2,02E+11;18;8;3;930;1;1;1;1;3;416;Chemin Bassin plat;R;2130000;5540700;974
2,02E+11;18;7;31;1650;1;1;1;1;4;416;Route Nationale 3;R;2133140;5545707;974
2,02E+11;18;8;7;1615;1;1;9;1;4;416;Route Nationale 2;R;2135734;5552997;974
2,02E+11;18;8;8;915;1;2;3;1;3;416;Rue Luc Lorion;R;2130000;5540700;974
2,02E+11;18;8;7;1540;1;1;1;1;2;416;Route Dйpartementale 26;R;2130156;5543308;974
2,02E+11;18;8;13;1625;1;1;1;1;2;416;Route Nationale 1;R;2131059;5543482;974
2,02E+11;18;8;15;1820;3;1;1;1;6;416;Chemin Roland Garros;R;2134651;5551172;974
2,02E+11;18;8;20;720;1;1;1;1;4;416;Route Nationale 3;R;2131229;5549506;974
2,02E+11;18;8;26;1625;1;1;9;1;6;416;Route Nationale 1;R;2132031;5544640;974
2,02E+11;18;8;29;1900;5;2;1;1;2;416;Rue Adrien Recherchant;R;2128263;5547507;974
2,02E+11;18;9;8;1905;5;2;1;1;6;416;EUGENE DAYOT(RUE);R;2132700;5548011;974
2,02E+11;18;9;10;945;1;2;3;1;2;416;Rue Augustin Archambaud;R;2132865;5548159;974
2,02E+11;18;9;11;800;1;2;1;1;6;416;Rue du Pиre Favron;R;2133632;5546351;974
2,02E+11;18;9;11;1945;5;2;1;1;3;416;Rue des Flamboyants D400;R;2128626;5550885;974
2,02E+11;18;9;14;730;1;2;1;1;3;416;Rue Auguste Babet;R;2133523;5548076;974
2,02E+11;18;9;15;1745;1;2;1;1;3;416;Chemin Sapan;R;2131660;5547807;974
2,02E+11;18;9;19;745;1;2;1;1;5;416;Route Nationale 2;R;2133350;5548340;974
2,02E+11;18;9;21;750;1;1;9;1;5;416;Route Nationale 3;R;2130856;5549854;974
2,02E+11;18;9;21;1200;1;2;3;1;3;416;Rue Pasteur;R;2128299;5547242;974
2,02E+11;18;9;23;940;1;1;6;1;3;416;Chemin Roland Garros;R;2134240;5551477;974
2,02E+11;18;9;29;850;1;1;1;1;3;416;Route Ligne Paradis;R;2131778;5548003;974
2,02E+11;18;10;3;1740;1;1;9;1;2;416;RN 01;R;2130000;5540700;974
2,02E+11;18;10;3;1805;1;1;9;1;6;416;RN2;R;2130000;5540700;974
2,02E+11;18;9;27;800;1;1;1;1;3;416;Avenue Laurent Vergиs;R;2129643;5546052;974
2,02E+11;18;10;7;1150;1;1;6;1;2;416;Allйe des Aubйpines;R;2133653;5548789;974
2,02E+11;18;10;8;1350;1;1;9;1;2;416;Rue du Pйre Favron;R;2132794;5547063;974
2,02E+11;18;10;3;1140;1;1;1;1;7;416;Route Nationale 3;R;2131473;5549209;974
2,02E+11;18;10;9;745;1;2;1;1;4;416;Av du Gйnйral de Gaulle;R;2135456;5551387;974
2,02E+11;18;9;27;1650;1;1;9;1;7;416;Chemin Saint Sauveur;R;2128877;5550703;974
2,02E+11;18;10;10;1700;1;2;2;1;3;416;Rue Joseph Lambriquet;R;2133078;5548102;974
2,02E+11;18;10;10;746;1;2;1;1;3;416;Ancienne RN3;R;2129391;5551077;974
2,02E+11;18;10;12;1340;1;1;1;1;3;416;Route Nationale 2;R;2134874;5550220;974
2,02E+11;18;10;14;645;2;1;1;1;6;416;ANCIENNE RN 1;R;2130000;5540700;974
2,02E+11;18;10;14;2110;5;2;1;1;3;416;Avenue du Pdt Mitterand;R;2134443;5548340;974
2,02E+11;18;10;17;1915;3;1;1;1;2;416;Route Nationale 1;R;2131362;5543886;974
2,02E+11;18;10;17;2235;5;2;9;1;6;416;Bd Hubert Delisle;R;2134360;5547420;974
2,02E+11;18;10;19;2325;3;1;1;1;6;416;Route Nationale 1;R;2131122;5543555;974
2,02E+11;18;10;21;515;2;1;1;1;6;416;Route Nationale 3;R;2131056;5549707;974
2,02E+11;18;10;22;500;3;1;1;1;3;416;Route Nationale 2;R;2133352;5548353;974
2,02E+11;18;10;22;1625;1;1;1;3;6;416;Route Ligne Paradis;R;2130000;5540700;974