Num_Acc;an;mois;jour;hrmn;lum;agg;int;atm;col;com;adr;gps;lat;long;dep
2,02E+11;18;10;23;1135;1;1;1;1;7;416;Route Nationale 1;R;2132490;5544621;974
2,02E+11;18;10;25;1250;1;2;1;1;6;416;Rue Archambaud - RN3B;R;2132980;5548010;974
2,02E+11;18;10;29;1640;1;2;1;1;5;416;Rue du Pиre Maitre;R;2128487;5546812;974
2,02E+11;18;11;1;2200;3;1;6;1;6;416;Route Nationale 2;R;2135323;5550988;974
2,02E+11;18;11;9;1230;1;1;1;1;6;416;Route Nationale 1;R;2135324;5550989;974
2,02E+11;18;11;7;1620;1;1;1;7;3;416;Route Nationale 2;R;2132086;5544641;974
2,02E+11;18;11;10;1320;1;2;1;1;1;416;Av du Gйnйral de Gaulle;R;2135725;5551903;974
2,02E+11;18;11;12;1830;1;2;1;1;6;416;Rue Augustin Archambaud;R;2133617;5547919;974
2,02E+11;18;11;14;910;1;1;1;1;6;416;Route Ligne Paradis;R;2132138;5548307;974
2,02E+11;18;11;14;1735;1;2;1;1;2;416;Rue Marius et Leblond;R;2133716;5547291;974
2,02E+11;18;11;17;615;1;2;1;1;7;416;Allйe des Pensйes d'eau;R;2132562;5547596;974
2,02E+11;18;11;14;1405;1;2;1;1;7;416;Rue du Gйnйral de Gaulle;R;2135891;5552292;974
2,02E+11;18;12;3;1750;1;2;1;1;6;416;Rue Pasteur;R;2128223;5547356;974
2,02E+11;18;12;4;1300;1;1;1;1;3;416;Route Nationale 3;R;2131400;5549307;974
2,02E+11;18;12;4;2240;5;2;1;1;6;416;LORION (RUE LUC);R;2134085;5546907;974
2,02E+11;18;12;5;1230;1;1;3;1;3;416;Rte ancienne RN1;R;2132733;5545011;974
2,02E+11;18;12;6;1930;3;2;3;1;6;416;ARCHAMBAUD (RUE);R;2132855;5548138;974
2,02E+11;18;12;14;1100;1;2;1;1;3;416;Rte ancienne RN1;R;2132359;5544523;974
2,02E+11;18;12;15;1325;1;1;1;1;3;416;Chemin Maurice Thorez;R;2127422;5547188;974
2,02E+11;18;12;21;1620;1;2;2;1;3;416;LEBLOND 1 (RUE MARIUS ET;R;2133669;5547189;974
2,02E+11;18;12;22;1930;4;2;1;1;3;416;HIPPOLYTE  PIOT (RUE);R;2129833;5545324;974
2,02E+11;18;12;25;2100;5;2;2;1;3;416;Rue Franзois Isautier;R;2134167;5547244;974
2,02E+11;18;12;27;1450;1;2;9;1;6;416;ISAUTIER (RUE FRANCOIS);R;2130000;5540700;974
2,02E+11;18;11;23;1200;1;1;9;1;2;416;Ligne des bambous;R;2129950;5549073;974
2,02E+11;18;1;12;845;1;2;1;1;1;611;mamoudzou centre-Adrian;Y;1278056;4523343;976
2,02E+11;18;1;10;1825;2;2;1;1;7;611;doujani-Mosqu‚e doujani;Y;1279554;4521615;976
2,02E+11;18;1;23;1054;1;2;9;1;6;611;1  kaweni-Mangrove ( rue;Y;1277584;4522657;976
2,02E+11;18;1;10;720;1;2;1;1;6;611;cavani-Belle vue (rue);Y;1278648;4522281;976
2,02E+11;18;1;24;620;1;2;7;1;6;611;1  passamanty-Vahib‚ ( r;Y;1279988;4520353;976
2,02E+11;18;1;12;1515;1;2;1;1;1;611;1  kaweni-Kaweni nord (;Y;1276817;4522438;976
2,02E+11;18;1;17;730;2;2;1;1;6;611;tsoundzou-Mangadzia  Tso;Y;1281581;4519947;976
2,02E+11;18;1;18;1635;2;2;1;1;6;611;1  doujani-Mosqu‚e de do;Y;1279543;4521552;976
2,02E+11;18;1;31;643;1;2;1;1;6;611;tsoundzou-Cadjifouteni (;Y;1281210;4520112;976
2,02E+11;18;2;22;1515;1;2;1;1;6;611;1  doujani-Mosqu‚e de do;Y;1279406;4521449;976
2,02E+11;18;2;1;2115;3;2;1;1;6;611;1  tsoundzou-Mangadzia;Y;1281671;4519869;976
2,02E+11;18;2;10;750;1;2;1;1;4;611;1  cavani-Rond point du;Y;1278436;4522375;976
2,02E+11;18;2;14;630;2;2;1;1;6;611;1  mamoudzou centre-La M;Y;1277962;4523088;976
2,02E+11;18;2;9;1645;2;2;1;1;2;611;vahibe-Departementale 3;Y;1278581;4517393;976
2,02E+11;18;2;25;1400;1;2;9;1;2;611;1  kaweni-Centrale EDM (;Y;1276069;4522644;976
2,02E+11;18;2;10;1625;1;2;1;1;3;611;mgombani-Baobab ( Bd );Y;1278065;4523358;976
2,02E+11;18;2;6;1135;1;2;1;1;3;611;1  passamanty-Vahib‚ ( r;Y;1280097;4520729;976
2,02E+11;18;2;4;1038;1;2;1;1;6;611;1  m'tsapere-M'tsap‚r‚-;Y;1278618;4522265;976
2,02E+11;18;2;17;1510;1;1;1;1;1;611;1  mamoudzou centre-Adri;Y;1278275;4523463;976
2,02E+11;18;2;17;1310;1;2;1;1;1;611;1  m'tsapere-Mosqu‚e Mae;Y;1278796;4521654;976
2,02E+11;18;3;21;1810;2;2;9;1;2;611;1  kaweni-Kaweni nord (;Y;1276833;4522532;976
2,02E+11;18;3;12;1550;1;2;1;1;6;611;1  mamoudzou centre-Hopi;Y;1277984;4522911;976
2,02E+11;18;3;13;800;1;2;1;1;6;611;kaweni-Europe (avenue);Y;1276602;4522528;976
2,02E+11;18;3;28;1233;1;2;1;1;3;611;passamanty-Cadfifouteni;Y;1280266;4521189;976
2,02E+11;18;3;31;1201;1;2;3;1;1;611;1  m'tsapere-Mosqu‚e Mae;Y;1279071;4521655;976
2,02E+11;18;3;31;1740;2;2;1;1;3;611;1  cavani-Kavani sud ( r;Y;1278604;4522107;976
2,02E+11;18;3;21;440;3;1;1;1;7;611;1  mamoudzou centre-RP P;Y;1277526;4523055;976
2,02E+11;18;3;6;1155;1;2;1;3;4;611;1  kaweni-Kaweni nord (;Y;1276902;4522412;976
2,02E+11;18;3;7;1130;1;2;9;1;6;611;1  mamoudzou centre-Abda;Y;1277978;4522982;976
2,02E+11;18;3;13;1908;3;1;1;1;3;611;1  kaweni-Kaweni sud  (Z;Y;1276974;4522397;976
2,02E+11;18;4;16;1027;1;2;1;1;2;611;kaweni-Kaweni sud  (Z I);Y;1276974;4522395;976
2,02E+11;18;4;29;600;1;2;1;1;6;611;tsoundzou-Kwal‚ ( route;Y;1280377;4521195;976
2,02E+11;18;4;10;700;1;2;1;1;7;611;kaweni-Kaweni nord ( Z I;Y;1275803;4523185;976
2,02E+11;18;4;21;1120;1;2;1;1;6;611;kaweni-SPPM ( rue de la;Y;1277176;4522333;976
2,02E+11;18;4;22;1030;1;2;1;1;6;611;passamanty-Vahib‚ ( rout;Y;1280223;4521293;976
2,02E+11;18;4;12;740;1;1;1;1;6;611;cavani-Kavani sud ( rue;Y;1278644;4521888;976
2,02E+11;18;4;8;1800;2;2;1;1;6;611;cavani-Kiri Wadjimoi ( R;Y;1278028;4522235;976
2,02E+11;18;4;15;1548;1;1;1;1;6;611;kaweni-Europe (avenue);Y;1276944;4522412;976
2,02E+11;18;4;21;2115;3;1;1;1;2;611;mamoudzou centre-Adrian;Y;1278057;4523329;976
2,02E+11;18;4;11;800;1;1;1;1;3;611;m'tsapere-Nationale 2 (r;Y;1279306;4521987;976
2,02E+11;18;4;19;1617;1;2;1;1;3;611;m'tsapere-M'tsap‚r‚- M't;Y;1278855;4522282;976
2,02E+11;18;4;19;2055;5;2;6;1;6;611;mamoudzou centre-March‚;Y;1277839;4523194;976
2,02E+11;18;4;9;1856;3;2;1;1;6;611;kaweni-Kaweni nord ( Z I;Y;1276375;4522635;976
2,02E+11;18;4;9;830;1;2;1;1;6;611;kaweni-Geole ( rue de la;Y;1276606;4522316;976
2,02E+11;18;5;1;1900;3;2;1;1;6;611;tsoundzou-Nivea (rue);Y;1281648;4519989;976
2,02E+11;18;5;3;1402;1;2;1;1;6;611;kaweni-GEOLE (la);Y;1276670;4522442;976
2,02E+11;18;5;4;1102;1;2;9;1;6;611;kaweni-Kaweni nord ( Z I;Y;1276380;4522562;976
2,02E+11;18;5;4;2250;4;2;1;1;6;611;mamoudzou centre-La Mair;Y;1278044;4523262;976
2,02E+11;18;5;3;1304;1;2;1;1;6;611;doujani-Mosqu‚e doujani;Y;1279289;4520917;976
2,02E+11;18;5;5;1720;2;2;9;1;7;611;tsoundzou-Cadjifouteni (;Y;1280618;4520686;976
2,02E+11;18;5;6;1235;1;2;9;1;6;611;kaweni-Lazerevouni ( rue;Y;1277007;4521984;976
2,02E+11;18;5;2;1642;1;2;1;1;6;611;m'tsapere-Maeventana (ru;Y;1278641;4529976;976
2,02E+11;18;5;27;1015;1;2;7;1;6;611;m'tsapere-Mosqu‚e Maevan;Y;1278759;4521794;976
2,02E+11;18;5;24;725;1;2;6;1;2;611;cavani-Cavani Massimoni;Y;1278213;4522143;976
2,02E+11;18;5;16;1643;1;2;1;1;6;611;mamoudzou centre-Haladi;Y;1277896;4522638;976
2,02E+11;18;5;12;1616;1;2;1;1;6;611;kaweni-Lazerevouni ( rue;Y;1277453;4522075;976
2,02E+11;18;5;28;600;1;2;9;1;6;611;mamoudzou centre-Adrian;Y;1278524;4522782;976
2,02E+11;18;5;25;850;1;1;1;1;7;611;passamanty-Mnadzi moja (;Y;1280027;4521567;976
2,02E+11;18;5;10;1250;1;2;3;1;1;611;kaweni-Poste ( rue de la;Y;1277243;4522317;976
2,02E+11;18;5;31;720;1;2;9;1;6;611;mamoudzou centre-Boboka;Y;1277903;4522951;976
2,02E+11;18;5;18;1705;1;2;1;1;3;611;tsoundzou-Kwal‚ ( route;Y;1281606;4519919;976
2,02E+11;18;5;30;620;1;2;1;1;6;611;tsoundzou-KOUALE ( rue d;Y;1280770;4520464;976
2,02E+11;18;5;10;645;1;2;1;1;6;611;tsoundzou-Baraka (rue);Y;1280517;4520985;976
2,02E+11;18;5;29;1500;1;2;1;1;6;611;kaweni-Poste ( rue de la;Y;1277203;4522116;976
2,02E+11;18;5;8;1032;1;2;1;1;3;611;passamanty-Vahib‚ ( rout;Y;1279948;4520302;976
2,02E+11;18;6;2;1550;1;2;9;1;2;611;kaweni-Archipel (avenue;Y;1276712;4522478;976
2,02E+11;18;6;1;1630;2;2;9;1;3;611;cavani-Baobab (ront poin;Y;1278616;4522558;976
2,02E+11;18;6;13;1040;1;2;1;1;7;611;kaweni-Grande Traverse (;Y;1277250;4522657;976
2,02E+11;18;6;3;1135;1;2;9;1;3;611;doujani-Mosqu‚e de douja;Y;1279413;4521504;976
2,02E+11;18;6;3;1629;2;2;9;1;7;611;cavani-Rond point du Bao;Y;1278541;4522567;976
2,02E+11;18;6;5;725;2;1;9;1;7;611;vahibe-Departementale 3;Y;1279515;4519593;976
2,02E+11;18;6;12;955;1;1;9;1;7;611;vahibe-Departementale 3;Y;1279517;4519598;976
2,02E+11;18;6;18;1030;1;2;1;1;3;611;kaweni-Kaweni nord ( Z I;Y;1276499;4522529;976
2,02E+11;18;6;19;710;1;2;9;1;6;611;cavani-Kavani sud ( rue;Y;1278509;4521652;976
2,02E+11;18;6;5;1505;1;2;1;1;6;611;passamanty-Vahib‚ ( rout;Y;1280120;4520173;976
2,02E+11;18;6;12;1735;2;2;1;1;6;611;mgombani-M'Gombani ( rue;Y;1278310;4523186;976
2,02E+11;18;6;19;1435;1;2;1;1;4;611;mamoudzou centre-Abdalla;Y;1277774;4523175;976
2,02E+11;18;6;11;1125;1;2;9;1;3;611;kaweni-Kaweni nord ( Z I;Y;1275557;4523245;976
2,02E+11;18;6;13;725;1;2;1;1;6;611;cavani-Cavani Massimoni;Y;1278325;4521817;976
2,02E+11;18;6;9;1219;1;2;1;1;6;611;mgombani-M'Gombani ( rue;Y;1278366;4522952;976
2,02E+11;18;6;14;700;1;2;1;1;6;611;kaweni-Caserne ( rue de;Y;1277545;4522356;976
2,02E+11;18;6;23;1920;3;2;1;1;7;611;tsoundzou-Stara (rue);Y;1281575;4519951;976
2,02E+11;18;6;17;1945;3;2;1;1;7;611;tsoundzou-Mariage (place;Y;1280479;4521063;976
2,02E+11;18;6;13;1236;1;2;1;1;6;611;kaweni-Poste ( rue de la;Y;1277179;4522276;976
2,02E+11;18;6;11;2050;3;2;1;1;6;611;kaweni-Mahabourini ( rue;Y;1277208;4521749;976
2,02E+11;18;6;8;1930;3;1;1;1;3;611;kaweni-GEOLE (la);Y;1276338;4522522;976
2,02E+11;18;6;15;1200;1;1;1;1;1;611;passamanty-Vahib‚ ( rout;Y;1279789;4520148;976
2,02E+11;18;6;25;1255;1;2;1;1;3;611;kaweni-Europe (avenue);Y;1275971;4522714;976
2,02E+11;18;6;26;1130;1;2;7;1;6;611;vahibe-Departementale 3;Y;1278804;4517693;976
2,02E+11;18;6;25;1620;1;2;3;1;3;611;mamoudzou centre-RP Pass;Y;1277591;4523201;976
2,02E+11;18;6;29;1600;1;2;1;1;6;611;m'tsapere-Nationale 2 (r;Y;1278889;4522187;976
2,02E+11;18;6;26;1735;2;2;7;1;3;611;mamoudzou centre-Rassi B;Y;1278480;4522894;976
2,02E+11;18;6;29;705;1;2;1;1;6;611;passamanty-Cavani-Be (ru;Y;1280111;4520975;976
2,02E+11;18;6;29;841;1;2;1;1;7;611;kaweni-Kaweni nord ( Z I;Y;1276129;4522637;976
2,02E+11;18;6;23;2305;3;1;1;1;7;611;vahibe-Departementale 3;Y;1279244;4518746;976
2,02E+11;18;6;18;1045;1;2;1;1;6;611;kaweni-Europe (avenue);Y;1276659;4522484;976
2,02E+11;18;7;2;725;1;2;1;1;2;611;cavani-Manguiers (rue de;Y;1278453;4522915;976
2,02E+11;18;7;2;1417;1;2;1;1;3;611;tsoundzou-Kadjifouni ( r;Y;1280497;4521048;976
2,02E+11;18;7;2;1910;3;2;1;1;3;611;mamoudzou centre-Rassi B;Y;1278439;4522932;976
2,02E+11;18;7;2;1958;3;1;1;1;7;611;passamanty-Tanamalaza (r;Y;1280077;4520568;976
2,02E+11;18;7;4;1425;1;2;1;1;6;611;kaweni-Zamantal‚ (rue);Y;1277303;4522136;976
2,02E+11;18;7;4;1739;2;1;1;1;7;611;tsoundzou-KOUALE ( rue d;Y;1280895;4520268;976
2,02E+11;18;7;5;800;1;2;1;1;3;611;kaweni-Europe (avenue);Y;1277439;4522277;976
2,02E+11;18;7;6;843;1;2;1;1;1;611;kaweni-Centrale EDM (rue;Y;1276076;4522646;976
2,02E+11;18;7;18;25;4;2;1;1;6;611;kaweni-Poste ( rue de la;Y;1277242;4522317;976
2,02E+11;18;7;6;844;1;2;1;1;3;611;doujani-Mosqu‚e doujani;Y;1279453;4521687;976
2,02E+11;18;7;9;1020;1;2;1;1;6;611;cavani-Rond point du Sta;Y;1280104;4520867;976
2,02E+11;18;7;20;1445;1;2;1;1;6;611;passamanty-Sada ( rue de;Y;1280487;4521058;976
2,02E+11;18;7;9;1055;1;2;1;1;3;611;kaweni-Europe (avenue);Y;1276754;4522462;976
2,02E+11;18;7;9;1720;2;2;1;1;6;611;kaweni-Kaweni nord ( Z I;Y;1276847;4522548;976
2,02E+11;18;7;10;1200;1;2;1;1;6;611;kaweni-Mangrove (route d;Y;1277581;4522463;976
2,02E+11;18;7;12;1330;1;2;1;1;7;611;doujani-Mosqu‚e doujani;Y;1279446;4521653;976
2,02E+11;18;7;13;640;1;2;1;1;3;611;kaweni-Europe (avenue);Y;1277403;4522286;976
2,02E+11;18;7;15;7;3;2;1;1;6;611;doujani-CarriЉre ( rue d;Y;1279700;4521573;976
2,02E+11;18;7;31;1100;1;2;1;1;6;611;kaweni-Kakal (rue);Y;1277302;4522106;976
2,02E+11;18;7;16;736;2;2;1;2;7;611;kaweni-Kaweni nord ( Z I;Y;1276037;4522658;976
2,02E+11;18;7;27;1405;1;1;1;1;7;611;kaweni-Kaweni sud  (Z I);Y;1277791;4522406;976
2,02E+11;18;7;16;1612;2;2;1;1;7;611;passamanty-Vahib‚ ( rout;Y;1280100;4520856;976
2,02E+11;18;7;27;1435;1;2;1;1;1;611;cavani-Kavani sud ( rue;Y;1278711;4521767;976
2,02E+11;18;7;30;2236;5;2;9;1;7;610;Trois Vall‚es - Majicavo;Y;1275672;4522945;976
2,02E+11;18;7;31;827;2;2;9;1;6;611;kaweni-Kaweni nord ( Z I;Y;1276606;4522857;976
2,02E+11;18;7;11;1831;1;2;1;1;6;611;passamanty-Vahib‚ ( rout;Y;1280109;4520992;976
2,02E+11;18;7;28;600;2;2;1;9;5;611;m'tsapere-Nationale 2 (r;Y;1279453;4521703;976
2,02E+11;18;7;29;800;1;2;1;1;7;611;passamanty-Vahib‚ ( rout;Y;1279949;4520297;976
2,02E+11;18;7;6;1213;1;2;1;1;1;611;mamoudzou centre-Command;Y;1278395;4523009;976
2,02E+11;18;7;21;1050;1;2;1;1;2;611;kaweni-Kaweni nord ( Z I;Y;1275633;4523307;976
2,02E+11;18;7;23;1050;1;2;1;1;6;611;tsoundzou-Stara (rue);Y;1280611;4520858;976
2,02E+11;18;8;1;1245;1;2;1;1;2;611;kaweni-Caserne ( rue de;Y;1277580;4522452;976
2,02E+11;18;9;3;1820;2;1;1;1;2;611;kaweni-Kaweni nord ( Z I;Y;1275447;4523249;976
2,02E+11;18;9;4;1120;1;2;1;1;6;611;mamoudzou centre-RP Pass;Y;1277850;4523206;976
2,02E+11;18;9;12;1700;1;2;4;1;1;611;kaweni-Kaweni nord ( Z I;Y;1276712;4522463;976
2,02E+11;18;8;3;1033;1;2;1;1;3;611;kaweni-Europe (avenue);Y;1276967;4522217;976
2,02E+11;18;9;21;2215;3;1;1;1;7;611;passamanty-M'hogoni (rue;Y;1279992;4521564;976
2,02E+11;18;9;22;1910;3;1;1;1;6;611;doujani-Mouhindi Hassani;Y;1279531;4521632;976
2,02E+11;18;8;6;1140;1;2;9;1;7;611;mamoudzou centre-Adrian;Y;1277907;4523237;976
2,02E+11;18;8;6;711;2;2;9;1;7;611;tsoundzou-Kadjifouni ( r;Y;1280624;4521037;976
2,02E+11;18;8;3;1740;2;2;9;1;2;611;passamanty-Sada ( rue de;Y;1280148;4521435;976
2,02E+11;18;8;29;1230;1;2;1;1;6;611;tsoundzou-Kadjifouni ( r;Y;1280612;4520689;976
2,02E+11;18;8;25;1515;1;2;1;1;2;611;tsoundzou-Maternelle ( r;Y;1281604;4519922;976
2,02E+11;18;8;17;1530;1;2;1;1;6;611;kaweni-Kaweni sud  (Z I);Y;;;976
2,02E+11;18;8;10;830;1;1;1;1;6;611;m'tsapere-Nationale 2 (r;Y;1279214;4522108;976
2,02E+11;18;8;16;1600;1;1;1;1;1;611;mamoudzou centre-RP Pass;Y;1277990;4523287;976
2,02E+11;18;8;20;1530;1;2;9;1;6;611;cavani-Selemani ( rue );Y;1278673;4521873;976
2,02E+11;18;8;23;1415;1;2;9;1;6;611;kaweni-Europe (avenue);Y;1276913;4522412;976
2,02E+11;18;8;9;1650;1;2;1;1;6;611;passamanty-Sada ( rue de;Y;1280374;4521226;976
2,02E+11;18;8;21;825;1;2;9;1;7;611;mgombani-M'Gombani ( rue;Y;1278324;4523412;976
2,02E+11;18;8;10;1245;1;2;1;1;2;611;kaweni-Kaweni sud  (Z I);Y;1276924;4522407;976
2,02E+11;18;8;9;100;4;2;9;1;7;611;mamoudzou centre-Haladi;Y;1278256;4522982;976
2,02E+11;18;8;16;1445;1;2;1;1;6;611;passamanty-Vahib_E( rout;Y;1280024;4520407;976
2,02E+11;18;9;10;800;2;2;1;1;2;611;mamoudzou centre-Boboka;Y;1277891;4522968;976
2,02E+11;18;8;24;2000;3;2;1;1;6;611;kaweni-Caserne ( rue de;Y;1277468;4522288;976
2,02E+11;18;8;19;1000;1;2;1;1;3;611;kaweni-Kaweni nord ( Z I;Y;1276129;4522634;976
2,02E+11;18;9;20;1445;1;2;1;1;2;611;passamanty-Sada ( rue de;Y;1280028;4521565;976
2,02E+11;18;9;5;2108;5;2;1;1;6;611;cavani-Belle vue (rue);Y;1278607;4522107;976
2,02E+11;18;9;14;630;2;2;1;1;6;611;passamanty-Bangali  (rue;Y;1280103;4520798;976
2,02E+11;18;9;5;1012;1;2;1;1;3;611;m'tsapere-M'tsap‚r‚- M't;Y;1278847;4522319;976
2,02E+11;18;9;15;2055;4;2;1;1;6;611;doujani-Mosqu‚e doujani;Y;1279521;4521407;976
2,02E+11;18;9;22;1250;1;2;9;1;2;611;mamoudzou centre-Adrian;Y;1278508;4522794;976
2,02E+11;18;9;28;1126;1;2;1;1;2;611;passamanty-Sada ( rue de;Y;1280186;4521479;976
2,02E+11;18;9;15;330;3;2;9;1;7;611;doujani-Carriиre ( route;Y;1279467;4521647;976
2,02E+11;18;9;23;900;1;2;1;1;6;611;m'tsapere-Maeventana (ru;Y;1278790;4521954;976
2,02E+11;18;9;27;2145;3;2;1;1;7;610;Hauts Vallons - Majicavo;Y;1275559;4522824;976
2,02E+11;18;9;12;1700;2;2;1;1;6;611;mamoudzou centre-RP Pass;Y;1277848;4523205;976
2,02E+11;18;9;6;832;1;2;1;1;6;611;kaweni-GEOLE (la);Y;1276674;4522442;976
2,02E+11;18;10;3;505;2;2;9;1;6;611;doujani-Mouhindi Hassani;Y;1279528;4521632;976
2,02E+11;18;9;14;1648;1;2;1;1;6;611;m'tsapere-Mosqu‚e Maevan;Y;1279133;4522032;976
2,02E+11;18;9;15;320;3;2;1;1;7;611;doujani-Carriиre ( route;Y;1279467;4521647;976
2,02E+11;18;10;6;625;2;2;9;1;1;611;tsoundzou-Mangadzia  Tso;Y;1281783;4519724;976
2,02E+11;18;10;7;1650;1;2;1;1;7;611;passamanty-Vahib_E( rout;Y;1280109;4520982;976
2,02E+11;18;10;8;1510;1;2;3;1;1;611;kaweni-Kaweni nord ( Z I;Y;1275934;4522926;976
2,02E+11;18;10;10;1259;1;2;1;1;3;611;m'tsapere-Nationale 2 (r;Y;1279301;4521729;976
2,02E+11;18;10;10;1658;1;2;1;1;3;611;mamoudzou centre-Abdalla;Y;1277989;4522858;976
2,02E+11;18;10;16;650;1;1;1;1;7;611;mamoudzou centre-Rassi B;Y;1278421;4522957;976
2,02E+11;18;10;17;1140;1;2;1;1;6;611;mamoudzou centre-Cinema;Y;1278106;4522972;976
2,02E+11;18;10;20;1330;1;2;1;1;6;611;passamanty-M'sacouani (r;Y;1280043;4520892;976
2,02E+11;18;10;22;1718;1;2;1;1;1;611;doujani-Mosqu‚e de douja;Y;1279325;4521707;976
2,02E+11;18;10;22;745;1;1;1;1;6;611;mamoudzou centre-Rassi B;Y;1278425;4522949;976
2,02E+11;18;10;23;1100;1;2;1;1;2;611;tsoundzou-Maternelle ( r;Y;1281469;4520066;976
2,02E+11;18;10;23;1430;1;2;1;1;6;611;kaweni-Geole ( rue de la;Y;1276770;4522465;976
2,02E+11;18;10;21;1445;1;2;1;1;7;611;kaweni-Kaweni nord ( Z I;Y;1277114;4522363;976
2,02E+11;18;10;12;2235;5;2;1;1;6;611;kaweni-Kaweni sud  (Z I);Y;1277255;4522318;976
2,02E+11;18;10;13;1048;1;2;1;1;1;611;cavani-Rond point du Sta;Y;1279788;4518846;976
2,02E+11;18;10;14;154;5;2;1;1;7;611;mamoudzou centre-Hopital;Y;1277900;4522694;976
2,02E+11;18;10;24;1625;1;1;9;1;6;611;m'tsapere-Nationale 2 (r;Y;1279291;4522005;976
2,02E+11;18;10;24;1800;5;2;1;1;2;611;tsoundzou-KOUALE ( rue d;Y;1280750;4520527;976
2,02E+11;18;10;26;1150;1;2;1;1;6;611;m'tsapere-Nationale 2 (r;Y;;;976
2,02E+11;18;10;26;800;1;2;1;1;2;611;mamoudzou centre-Abdalla;Y;1278428;4522926;976
2,02E+11;18;10;30;650;1;1;1;1;2;611;kaweni-Centrale EDM (rue;Y;1276567;4522512;976
2,02E+11;18;11;1;330;3;2;1;1;7;611;kaweni-Centrale EDM (rue;Y;1276060;4522646;976
2,02E+11;18;10;27;2345;3;2;1;1;7;611;m'tsapere-Dahilou (rue);Y;1278580;4522181;976
2,02E+11;18;11;4;10;4;2;1;1;7;611;mamoudzou centre-Command;Y;1278004;4523306;976
2,02E+11;18;11;4;2000;3;2;1;1;6;611;kaweni-Centrale (rue);Y;1276514;4522525;976
2,02E+11;18;11;5;815;1;2;1;1;6;611;tsoundzou-Kwal‚ ( route;Y;1280696;4520755;976
2,02E+11;18;11;5;1415;1;2;1;1;3;611;kaweni-Mangrove (route d;Y;1277583;4522663;976
2,02E+11;18;11;6;730;1;2;3;1;3;611;kaweni-Nossi b‚ (impasse;Y;1277491;4522473;976
2,02E+11;18;11;6;2035;3;2;1;1;7;611;kaweni-Kaweni nord ( Z I;Y;1276518;4522528;976
2,02E+11;18;11;9;1835;5;2;9;1;3;611;tsoundzou-Kadjifouni ( r;Y;1280658;4520826;976
2,02E+11;18;11;10;2108;3;2;1;1;7;611;kaweni-GEOLE (la);Y;1276480;4522542;976
2,02E+11;18;11;14;730;1;1;1;1;6;611;passamanty-Vahib‚ ( rout;Y;;;976
2,02E+11;18;11;14;809;1;2;9;1;7;611;kaweni-Europe (avenue);Y;;;976
2,02E+11;18;10;28;1900;3;2;1;2;7;611;kaweni-Massakini (rue);Y;1276214;4522606;976
2,02E+11;18;11;14;1025;1;1;1;1;6;611;m'tsapere-Nationale 2 (r;Y;1278567;4522607;976
2,02E+11;18;11;15;835;1;2;1;1;3;611;passamanty-Sada ( rue de;Y;1280333;4521262;976
2,02E+11;18;11;15;1702;1;1;1;1;1;611;vahibe-Departementale 3;Y;;;976
2,02E+11;18;11;18;1955;3;2;1;1;6;611;kaweni-Kaweni nord ( Z I;Y;1276524;4522528;976
2,02E+11;18;11;20;1900;5;2;8;1;7;611;tsoundzou-Maternelle ( r;Y;;;976
2,02E+11;18;11;19;2130;3;2;1;1;7;611;kaweni-Kaweni nord ( Z I;Y;1276557;4522514;976
2,02E+11;18;11;21;2020;3;2;9;1;6;611;kaweni-Geole ( rue de la;Y;1276513;4522527;976
2,02E+11;18;11;22;1815;2;2;1;1;6;611;mgombani-Baobab ( Bd );Y;1278319;4522928;976
2,02E+11;18;11;23;1100;1;1;1;1;1;611;kaweni-Mangrove (route d;Y;1275932;4522958;976
2,02E+11;18;11;24;1810;5;2;1;1;6;611;tsoundzou-Bamcolo (rue);Y;1280744;4520548;976
2,02E+11;18;11;27;1810;5;2;1;1;6;611;mamoudzou centre-RP Pass;Y;1277794;4523214;976
2,02E+11;18;11;19;907;3;2;1;1;6;611;kaweni-Kaweni nord ( Z I;Y;1276461;4522547;976
2,02E+11;18;12;3;1510;1;2;5;1;6;611;passamanty-Vahib‚ ( rout;Y;1280244;4521338;976
2,02E+11;18;12;9;30;4;2;9;1;4;611;mgombani-Mahabou (rond p;Y;1278394;4523152;976
2,02E+11;18;11;26;1845;5;2;1;1;6;611;mamoudzou centre-RP Pass;Y;1277882;4523105;976
2,02E+11;18;12;14;850;1;2;1;1;1;611;convalescence/vetivers-V;Y;1277980;4522282;976
2,02E+11;18;12;15;1050;1;2;1;1;6;611;passamanty-Sada ( rue de;Y;1280217;4521356;976
2,02E+11;18;12;16;610;2;2;1;1;3;611;mamoudzou centre-Command;Y;1278120;4523436;976
2,02E+11;18;12;22;2150;5;2;1;1;6;611;kaweni-SPPM ( rue de la;Y;1276930;4522409;976
2,02E+11;18;12;23;1945;5;2;1;1;1;611;cavani-Kavani sud ( rue;Y;1278622;4522036;976
2,02E+11;18;12;28;1425;1;2;1;1;1;611;m'tsapere-Nationale 2 (r;Y;1278943;4522408;976